tick,timestamp,x,y,heading,battery,raw_x,raw_y,raw_z,qx,qy,qz,qw,n_agents_seen,front_d,back_d,right_d,left_d,ir_front_max,ir_rear_max,v,w,left,right,hostname
1,1788225405.3730958,-2.1007325649261475,0.7329450249671936,-2.6065271686202216,100.0,-2.1007325649261475,0.136493444442749,0.7329450249671936,0.0537551157176494,-0.4531867802143097,0.0660856440663337,-0.8873358368873596,5,-0.9669759050058196,1.0,1.0,1.0,0,0,0.0,-0.6218042517830153,94,-94,thymio-08
2,1788225405.9766884,2.6727538108825684,-0.1045781224966049,-0.5298370494168161,100.0,2.6727538108825684,0.0836498588323593,-0.1045781224966049,0.52336186170578,0.650935709476471,0.3476147651672363,-0.4260739684104919,5,-0.6226976064349687,1.0,-0.559093962820342,1.0,0,0,0.1313048953233769,-0.6118954638697536,500,374,thymio-08
3,1788225406.5848176,2.668009042739868,-0.1141778007149696,-0.0357589708484011,99.9,2.668009042739868,0.0835132151842117,-0.1141778007149696,0.4690365493297577,0.7077033519744873,0.4142978191375732,-0.3278994560241699,5,-0.608802198203787,-0.4273328145008698,-0.5460388875076803,1.0,0,0,-0.0466307581610388,-0.6063387921950463,-74,-257,thymio-08
4,1788225407.1944623,2.668009042739868,-0.1141778007149696,-0.0357589708484011,99.8,2.668009042739868,0.0835132151842117,-0.1141778007149696,0.4690365493297577,0.7077033519744873,0.4142978191375732,-0.3278994560241699,5,-0.608802198203787,-0.4273328145008698,-0.5460388875076803,1.0,0,0,-0.0466307581610388,-0.6267649239880776,-71,-260,thymio-08
5,1788225407.8023162,2.629430294036865,-0.0714418441057205,0.2198947672016422,99.55130561867388,2.629430294036865,0.0839508175849914,-0.0714418441057205,0.4060531258583069,0.7426314353942871,0.46895831823349,-0.2523838579654693,5,1.0,-0.3759964322570884,-0.5847789918970103,1.0,0,0,-0.05,-0.626402821890121,-83,-272,thymio-08
6,1788225408.4108706,2.6841788291931152,-0.1150965467095375,0.4086880630767813,99.45130561867389,2.6841788291931152,0.0834914445877075,-0.1150965467095375,0.1898514032363891,0.7872129082679749,0.5812184810638428,0.0802332833409309,5,1.0,-0.5087608163485151,-0.5935154140551694,1.0,0,0,-0.0497034017749109,-0.6276849471071948,-82,-271,thymio-08
7,1788225409.0195072,2.6841788291931152,-0.1150965467095375,0.4086880630767813,99.35130561867388,2.6841788291931152,0.0834914445877075,-0.1150965467095375,0.1898514032363891,0.7872129082679749,0.5812184810638428,0.0802332833409309,5,1.0,-0.5087608163485151,-0.5935154140551694,1.0,0,0,0.1602880464233504,-0.6274226368704688,500,475,thymio-08
8,1788225409.6279476,2.7241973876953125,-0.1196525320410728,0.5311499558892416,99.25130561867388,2.7241973876953125,0.0812996476888656,-0.1196525320410728,0.0455192923545837,0.7910178899765015,0.5857065320014954,0.1707824617624282,5,1.0,-0.5321339184986847,-0.6478702173925956,1.0,0,0,0.0387780863040882,-0.6268159600327521,232,43,thymio-08
9,1788225410.2360592,2.739431619644165,-0.1441565155982971,0.3223534375129988,99.15130561867387,2.739431619644165,0.0830528065562248,-0.1441565155982971,-0.0675982162356376,0.6839534640312195,0.6200000047683716,0.3784681260585785,5,1.0,-0.5997432939554361,-0.690416558318816,1.0,0,0,0.0302262717779179,-0.6259153885372201,202,13,thymio-08
10,1788225410.8451128,2.721916437149048,-0.1802876740694046,0.1358455808242387,99.01520435610097,2.721916437149048,0.0827924832701683,-0.1802876740694046,-0.1733089536428451,0.6175546646118164,0.5879296064376831,0.4928782880306244,5,1.0,-0.6403735700166073,-0.6781941717556723,1.0,0,0,0.0326829714771098,-0.6255887881516525,211,22,thymio-08
11,1788225411.452815,2.721916437149048,-0.1802876740694046,0.1358455808242387,98.91520435610096,2.721916437149048,0.0827924832701683,-0.1802876740694046,-0.1733089536428451,0.6175546646118164,0.5879296064376831,0.4928782880306244,5,1.0,-0.6403735700166073,-0.6781941717556723,1.0,0,0,0.0326829714771098,-0.6252872041710131,211,22,thymio-08
12,1788225412.0610366,2.733354091644287,-0.2004571408033371,-0.7907454577394075,98.81520435610096,2.733354091644287,0.0820565447211265,-0.2004571408033371,-0.3324167132377624,0.461170494556427,0.5303522944450378,0.6289255023002625,5,-0.688127297163539,-0.6506854564189226,-0.5497253865580388,1.0,0,0,0.0306864132701286,-0.5658907607615355,194,24,thymio-08
13,1788225412.6703494,2.756554365158081,-0.2119826674461364,-1.760085136208093,98.71520435610095,2.756554365158081,0.0811704993247985,-0.2119826674461364,-0.4728198945522308,0.2514919638633728,0.3980555832386017,0.7448120713233948,5,-0.6903598256381716,1.0,-0.6461146800007402,1.0,0,0,0.0302376750467275,-0.606776181196218,199,16,thymio-08
14,1788225413.2795134,2.7777438163757324,-0.2123727798461914,-1.9196472942342049,98.61520435610096,2.7777438163757324,0.0808489769697189,-0.2123727798461914,-0.5514100193977356,0.0719815194606781,0.280815839767456,0.7822455763816833,5,-0.6009551158280801,-0.6421591872410917,1.0,-0.6832768265395532,0,0,0.0316613578655497,-0.5146390261430411,190,35,thymio-08
15,1788225413.8880534,2.7777438163757324,-0.2123727798461914,-1.9196472942342049,98.51520435610098,2.7777438163757324,0.0808489769697189,-0.2123727798461914,-0.5514100193977356,0.0719815194606781,0.280815839767456,0.7822455763816833,5,-0.6009551158280801,-0.6421591872410917,1.0,-0.6832768265395532,0,0,0.0316613578655497,-0.5902891865785792,202,23,thymio-08
16,1788225414.4959977,2.794482707977295,-0.2059850841760635,-1.941440785031337,98.415204356101,2.794482707977295,0.0822584182024002,-0.2059850841760635,-0.6026790738105774,-0.0888350680470466,0.1737955063581466,0.773745059967041,5,-0.5919395321429359,-0.6091539304854777,1.0,-0.6731322661537448,0,0,-0.0337004145030973,-0.5801867221760987,-32,-207,thymio-08
17,1788225415.1041772,2.803144693374634,-0.1891798675060272,-1.8914236128083448,98.315204356101,2.803144693374634,0.0822739228606224,-0.1891798675060272,-0.6226752400398254,-0.3316363394260406,-0.0354667082428932,0.7078383564949036,5,-0.5318952684101852,-0.5315420379457332,1.0,-0.6550485820276247,0,0,-0.0373352350124474,-0.5597596818088557,-48,-217,thymio-08
18,1788225415.7124608,2.803144693374634,-0.1891798675060272,-1.8914236128083448,98.215204356101,2.803144693374634,0.0822739228606224,-0.1891798675060272,-0.6226752400398254,-0.3316363394260406,-0.0354667082428932,0.7078383564949036,5,-0.5318952684101852,-0.5315420379457332,1.0,-0.6550485820276247,0,0,-0.0373352350124474,-0.4913365661962106,-58,-207,thymio-08
19,1788225416.321073,2.769927740097046,-0.2124461531639099,-1.635238781629304,98.08007781847554,2.769927740097046,0.082399271428585,-0.2124461531639099,-0.6069276928901672,-0.4873853325843811,-0.1672136336565017,0.6050900816917419,5,-0.628570945593079,-0.5003459409055916,1.0,1.0,0,0,-0.0426572399357911,-0.1032973979194211,-136,-167,thymio-08
20,1788225416.9307678,2.7448832988739014,-0.266621857881546,-0.7035223521398901,97.9089595373052,2.7448832988739014,0.082154169678688,-0.266621857881546,-0.5306357145309448,-0.6299307346343994,-0.3360059261322021,0.4568513333797455,5,-0.5953768926264676,1.0,-0.4511473839649452,-0.4306197530202043,0,0,-0.04932924458208,-0.2499746754081571,-138,-213,thymio-08
21,1788225417.539067,2.7448832988739014,-0.266621857881546,-0.7035223521398901,97.8089595373052,2.7448832988739014,0.082154169678688,-0.266621857881546,-0.5306357145309448,-0.6299307346343994,-0.3360059261322021,0.4568513333797455,5,-0.5953768926264676,1.0,-0.4511473839649452,-0.4306197530202043,0,0,-0.04932924458208,0.0138841557248972,-177,-173,thymio-08
22,1788225418.1472833,2.7509562969207764,-0.3214885592460632,-0.298011308834913,97.7089595373052,2.7509562969207764,0.0815720111131668,-0.3214885592460632,-0.5043072700500488,-0.6712799668312073,-0.3792702257633209,0.3888593316078186,5,-0.5766358139736866,1.0,-0.4756425277327767,-0.3475229721772424,0,0,-0.05,0.0673565773575962,-188,-167,thymio-08
23,1788225418.755105,2.7715303897857666,-0.3795322477817535,-0.0916744483188294,97.6089595373052,2.7715303897857666,0.0806264579296112,-0.3795322477817535,-0.478384256362915,-0.7016464471817017,-0.4041835367679596,0.3398183286190033,5,-0.558319699215141,1.0,-0.5205538672341035,-0.2437186348365453,0,0,-0.05,-0.0024727049546555,-177,-178,thymio-08
24,1788225419.36369,2.7715303897857666,-0.3795322477817535,-0.0916744483188294,97.50895953730522,2.7715303897857666,0.0806264579296112,-0.3795322477817535,-0.478384256362915,-0.7016464471817017,-0.4041835367679596,0.3398183286190033,5,-0.558319699215141,1.0,-0.4359941591929223,-0.2437186348365453,0,0,-0.05,0.0460084084162005,-185,-171,thymio-08
25,1788225419.9722855,2.7878754138946533,-0.4150997102260589,-0.1198913500892278,97.40895953730522,2.7878754138946533,0.0800900682806968,-0.4150997102260589,-0.4826022982597351,-0.7000345587730408,-0.3982492685317993,0.3441572487354278,5,-0.5509500989760293,1.0,-0.4347921220067091,-0.1218462748330448,0,0,-0.05,-0.0616684587876731,-168,-187,thymio-08
26,1788225420.5809624,2.816474437713623,-0.4799370765686035,-0.1082713846963696,97.30895953730524,2.816474437713623,0.0797299221158027,-0.4799370765686035,-0.4847493469715118,-0.702354371547699,-0.4051641225814819,0.3279612362384796,5,-0.5301184205322405,1.0,-0.417985307696989,1.0,0,0,-0.05,-0.0951793659210917,-163,-192,thymio-08
27,1788225421.1889124,2.83603572845459,-0.5223820209503174,0.0246971091264107,97.20895953730523,2.83603572845459,0.0786541402339935,-0.5223820209503174,-0.4565686285495758,-0.7150367498397827,-0.4234363436698913,0.317756712436676,5,-0.510160345991779,1.0,-0.398153211654638,1.0,0,0,-0.05,-0.2670091925269749,-137,-218,thymio-08
28,1788225421.7967284,2.83603572845459,-0.5223820209503174,0.0246971091264107,97.10895953730524,2.83603572845459,0.0786541402339935,-0.5223820209503174,-0.4565686285495758,-0.7150367498397827,-0.4234363436698913,0.317756712436676,5,-0.510160345991779,1.0,-0.398153211654638,1.0,0,0,-0.05,-0.3801724292221239,-120,-235,thymio-08
29,1788225422.4055293,2.863214492797852,-0.5733903646469116,0.1235634401954848,97.00895953730524,2.863214492797852,0.0787459835410118,-0.5733903646469116,-0.4340823292732239,-0.737087070941925,-0.4605474770069122,0.2370048612356186,5,-0.4825777501822366,1.0,-0.3690014064580955,1.0,0,0,-0.05,-0.4180520818697128,-115,-241,thymio-08
30,1788225423.0140712,2.909235000610352,-0.6252528429031372,0.3059357720464208,96.90895953730524,2.909235000610352,0.0769307911396026,-0.6252528429031372,-0.3273419439792633,-0.7842044234275818,-0.5210121870040894,0.0801076367497444,5,-0.4492015131522762,1.0,-0.340764451068214,1.0,0,0,-0.05,-0.4644574744063228,-108,-248,thymio-08
31,1788225423.622255,2.95072340965271,-0.6501374244689941,0.4199902380795919,96.80895953730526,2.95072340965271,0.0772441402077674,-0.6501374244689941,-0.2249221354722976,-0.7878081202507019,-0.573152482509613,-0.0162646956741809,5,-0.4331617283695755,1.0,-0.4837132457086374,1.0,0,0,-0.05,-0.5975757397414385,-87,-268,thymio-08
32,1788225424.23087,2.95072340965271,-0.6501374244689941,0.4199902380795919,96.70895953730526,2.95072340965271,0.0772441402077674,-0.6501374244689941,-0.2249221354722976,-0.7878081202507019,-0.573152482509613,-0.0162646956741809,5,-0.4331617283695755,1.0,-0.4837132457086374,1.0,0,0,-0.0049475166815287,-0.5759548885809452,69,-105,thymio-08
33,1788225424.8394015,3.009333848953247,-0.6609688401222229,0.4154814338788091,96.60895953730528,3.009333848953247,0.0773425251245498,-0.6609688401222229,-0.0978066623210907,-0.7622172236442566,-0.6108415722846985,-0.1906080693006515,5,-0.4407168691140396,1.0,-0.3462160515047012,1.0,0,0,-0.0023455453115303,-0.4208420034634155,55,-72,thymio-08
34,1788225425.447887,3.0171914100646973,-0.6603555083274841,0.4360112804280192,96.50895953730527,3.0171914100646973,0.0764365196228027,-0.6603555083274841,-0.0677039846777916,-0.7634941935539246,-0.6070302128791809,-0.2097789794206619,5,-0.4459520661851684,1.0,-0.3477225439174402,1.0,0,0,-0.032067640624636,-0.5496558861018968,-31,-197,thymio-08
35,1788225426.0569696,3.069079637527466,-0.6504327654838562,0.1864213083838097,96.40895953730528,3.069079637527466,0.0761804580688476,-0.6504327654838562,0.180091917514801,-0.6247735023498535,-0.5873303413391113,-0.4819420874118805,5,-0.4557683427743221,1.0,1.0,1.0,0,0,-0.0625741878665757,-0.6189877441654265,-129,-316,thymio-08
36,1788225426.6654575,3.069079637527466,-0.6504327654838562,0.1864213083838097,96.30895953730528,3.069079637527466,0.0761804580688476,-0.6504327654838562,0.180091917514801,-0.6247735023498535,-0.5873303413391113,-0.4819420874118805,5,-0.4557683427743221,1.0,1.0,1.0,0,0,-0.0128422057747049,-0.420350355838991,18,-109,thymio-08
37,1788225427.2737718,3.0892179012298584,-0.5831788778305054,-1.1445993844562132,96.20895953730528,3.0892179012298584,0.0770645216107368,-0.5831788778305054,0.3690627813339233,-0.4076349437236786,-0.5077630877494812,-0.6631765365600586,5,1.0,1.0,-0.9716031717445648,-0.5231758373050757,0,0,-0.0,-0.0379785262149983,6,-6,thymio-08
38,1788225427.882594,3.0849478244781494,-0.5490530729293823,-1.629753639011693,96.1089595373053,3.0849478244781494,0.0770485401153564,-0.5490530729293823,0.4425684511661529,-0.2994448840618133,-0.4373795092105865,-0.7233015298843384,5,1.0,1.0,-0.9382991849495024,-0.5613640095832423,0,0,-0.0,0.1742411786263851,-26,26,thymio-08
39,1788225428.4907317,3.082303047180176,-0.5408812165260315,-1.769039040099554,96.0089595373053,3.082303047180176,0.0774873793125152,-0.5408812165260315,0.4773097336292267,-0.264276921749115,-0.4005427658557892,-0.7361376881599426,5,1.0,1.0,1.0,-0.5753574817699565,0,0,-0.1996181981657976,0.2686633397307226,-500,-500,thymio-08
40,1788225429.098437,3.082303047180176,-0.5408812165260315,-1.769039040099554,95.90895953730532,3.082303047180176,0.0774873793125152,-0.5408812165260315,0.4773097336292267,-0.264276921749115,-0.4005427658557892,-0.7361376881599426,5,1.0,1.0,1.0,-0.5753574817699565,0,0,-0.1959853844465902,0.4352103392625759,-500,-500,thymio-08
41,1788225429.706539,3.0582199096679688,-0.50994873046875,-1.6988587750582345,95.75914232815384,3.0582199096679688,0.0770586133003234,-0.50994873046875,0.4596053063869476,-0.2663094699382782,-0.417517751455307,-0.737238883972168,5,1.0,1.0,1.0,-0.6081957821297885,0,0,-0.1865700895975541,0.3327394748140347,-500,-500,thymio-08
42,1788225430.3143427,2.967371702194214,-0.3954105079174042,-1.7465695139443556,95.25759751270184,2.967371702194214,0.0786354169249534,-0.3954105079174042,0.4706459939479828,-0.2544802129268646,-0.4028542339801788,-0.742590606212616,5,1.0,1.0,1.0,-0.7193282812313722,0,0,-0.0974209055310034,0.3832766927686654,-404,-288,thymio-08
43,1788225430.9228354,2.967371702194214,-0.3954105079174042,-1.7465695139443556,95.15759751270186,2.967371702194214,0.0786354169249534,-0.3954105079174042,0.4706459939479828,-0.2544802129268646,-0.4028542339801788,-0.742590606212616,5,1.0,1.0,1.0,-0.7193282812313722,0,0,-0.097421710918256,0.3369115988708321,-397,-295,thymio-08
44,1788225431.5312295,2.892487049102783,-0.3087058067321777,-1.6937910022386384,94.66634401895614,2.892487049102783,0.0798446908593177,-0.3087058067321777,0.4543722569942474,-0.2893000841140747,-0.4210495054721832,-0.7297730445861816,5,-0.5402960051168495,1.0,1.0,-0.7820359988566399,0,0,-0.0446827442265055,0.2337593486547622,-194,-123,thymio-08
45,1788225432.1392016,2.835659503936768,-0.2194117754697799,-1.476726229568846,94.2768022669998,2.835659503936768,0.0818247348070144,-0.2194117754697799,0.4090166985988617,-0.3954969942569732,-0.4591684937477112,-0.6822402477264404,5,-0.7973255572450919,1.0,1.0,1.0,0,0,-0.0230856622004106,0.1281861970609113,-101,-63,thymio-08
46,1788225432.747724,2.835659503936768,-0.2194117754697799,-1.476726229568846,94.1768022669998,2.835659503936768,0.0818247348070144,-0.2194117754697799,0.4090166985988617,-0.3954969942569732,-0.4591684937477112,-0.6822402477264404,5,-0.7973255572450919,1.0,1.0,1.0,0,0,-0.0087375629937365,0.241658298660567,-68,5,thymio-08
47,1788225433.3558073,2.826462984085083,-0.1971928775310516,-1.1530604558515831,94.07680226699982,2.826462984085083,0.0803615897893905,-0.1971928775310516,0.3625935912132263,-0.400981456041336,-0.5076009035110474,-0.670880913734436,5,-0.7863115095186204,1.0,1.0,1.0,0,0,-0.0109513865867572,-0.405144084930395,22,-100,thymio-08
48,1788225433.9643228,2.8206803798675537,-0.1885574162006378,-0.8734736606889655,93.97680226699984,2.8206803798675537,0.0801983028650283,-0.1885574162006378,0.3295546770095825,-0.453542560338974,-0.5220761299133301,-0.6427514553070068,5,-0.7767657099992943,1.0,1.0,1.0,0,0,-0.0128700922901418,-0.4795489348872189,27,-118,thymio-08
49,1788225434.572956,2.8206803798675537,-0.1885574162006378,-0.8734736606889655,93.87680226699985,2.8206803798675537,0.0801983028650283,-0.1885574162006378,0.3295546770095825,-0.453542560338974,-0.5220761299133301,-0.6427514553070068,5,-0.7767657099992943,1.0,1.0,1.0,0,0,-0.0128700922901418,-0.4845771953213217,27,-119,thymio-08
50,1788225435.180922,2.821726560592652,-0.165505826473236,-1.504129042133212,93.77680226699984,2.821726560592652,0.0815424248576164,-0.165505826473236,0.4095583856105804,-0.3697928786277771,-0.4565730690956116,-0.6978942155838013,5,-0.983148540378142,1.0,1.0,1.0,0,0,-0.0,-0.4801697512535778,73,-73,thymio-08
51,1788225435.7886848,2.812534809112549,-0.1310033500194549,-1.8908267486060608,93.67680226699984,2.812534809112549,0.0829775929450988,-0.1310033500194549,0.5325532555580139,-0.1418517678976059,-0.3257182836532593,-0.7682269811630249,5,-0.9510243386806702,1.0,1.0,1.0,0,0,-0.0,-0.3989346978299821,60,-60,thymio-08
52,1788225436.396901,2.808579683303833,-0.1176302433013916,-1.962331250104784,93.57680226699983,2.808579683303833,0.0818553119897842,-0.1176302433013916,0.5800189971923828,0.0001587971200933,-0.2202998399734497,-0.7842486500740051,5,-0.7806503051568586,1.0,1.0,1.0,0,0,-0.0120892886634714,-0.4142111338487072,20,-106,thymio-08
53,1788225437.0049603,2.7945220470428467,-0.1096988543868064,-1.918731284074,93.47680226699984,2.7945220470428467,0.0834761559963226,-0.1096988543868064,0.6190946698188782,0.1517402678728103,-0.1380930840969085,-0.7580416202545166,5,-0.7702731605558885,1.0,1.0,1.0,0,0,-0.0141750947282664,-0.3777053518830506,7,-107,thymio-08
54,1788225437.6135476,2.7945220470428467,-0.1096988543868064,-1.918731284074,93.37680226699986,2.7945220470428467,0.0834761559963226,-0.1096988543868064,0.6190946698188782,0.1517402678728103,-0.1380930840969085,-0.7580416202545166,5,-0.7702731605558885,1.0,1.0,1.0,0,0,-0.0141750947282664,-0.443732810174498,17,-117,thymio-08
55,1788225438.2225718,2.786029815673828,-0.1075713336467742,-1.9303449457854729,93.27680226699988,2.786029815673828,0.0833987146615982,-0.1075713336467742,0.6200923323631287,0.1967594623565673,-0.0905788317322731,-0.7540336847305298,5,-0.7646595073003235,1.0,1.0,1.0,0,0,-0.0153034390326349,-0.4196605387280635,9,-118,thymio-08
56,1788225438.8317618,2.7483198642730717,-0.1140805631875991,-1.732155760027598,93.0517860866921,2.7483198642730717,0.0823065266013145,-0.1140805631875991,0.6229793429374695,0.4202387928962707,0.0698507726192474,-0.6560617089271545,5,-0.7241153015669299,1.0,1.0,1.0,0,0,-0.023452824385047,-0.450574967581543,-15,-151,thymio-08
57,1788225439.4401145,2.7483198642730717,-0.1140805631875991,-1.732155760027598,92.95178608669212,2.7483198642730717,0.0823065266013145,-0.1140805631875991,0.6229793429374695,0.4202387928962707,0.0698507726192474,-0.6560617089271545,5,-0.7241153015669299,1.0,1.0,1.0,0,0,-0.023452824385047,-0.456941260426625,-14,-152,thymio-08
58,1788225440.0478942,2.721782922744751,-0.139469102025032,-1.3649900129962076,92.78426199565804,2.721782922744751,0.0832957848906517,-0.139469102025032,0.5723317265510559,0.5567342042922974,0.2555351257324219,-0.5451470613479614,5,-0.7035759446149725,1.0,1.0,1.0,0,0,-0.0275812351323905,-0.5059904028154656,-22,-174,thymio-08
59,1788225440.656302,2.7098653316497803,-0.1788590997457504,-0.2377642932805952,92.6770993450417,2.7098653316497803,0.0836667418479919,-0.1788590997457504,0.4957574307918548,0.6733320951461792,0.3892157673835754,-0.3864706456661224,5,1.0,1.0,-0.7001077008757539,1.0,0,0,-0.0282783521239734,-0.2795241546944739,-58,-143,thymio-08
60,1788225441.2646563,2.7098653316497803,-0.1788590997457504,-0.2377642932805952,92.5770993450417,2.7098653316497803,0.0836667418479919,-0.1788590997457504,0.4957574307918548,0.6733320951461792,0.3892157673835754,-0.3864706456661224,5,1.0,1.0,-0.7001077008757539,1.0,0,0,-0.0282783521239734,-0.5011247123520154,-25,-176,thymio-08
61,1788225441.873737,2.717453718185425,-0.2111009657382965,0.0914360040088291,92.47709934504172,2.717453718185425,0.0822066515684127,-0.2111009657382965,0.4395530819892883,0.7444432973861694,0.4546500444412231,-0.2142213582992553,5,1.0,1.0,-0.7132288721148102,1.0,0,0,-0.0256409967049231,-0.6215864042490771,3,-185,thymio-08
62,1788225442.4819317,2.740666151046753,-0.2415683567523956,0.3125010476284098,92.37709934504171,2.740666151046753,0.0807802602648735,-0.2415683567523956,0.3340183198451996,0.7827569842338562,0.5140941739082336,-0.1069137528538703,5,1.0,1.0,-0.7458237281854301,1.0,0,0,0.017322795102823,-0.6257390585656779,156,-33,thymio-08
63,1788225443.0912442,2.7718160152435303,-0.26691535115242,0.3903429057141809,92.27709934504172,2.7718160152435303,0.081141173839569,-0.26691535115242,0.2013670057058334,0.7827669382095337,0.5834193229675293,0.0796824023127555,5,1.0,1.0,-0.7898827798819295,1.0,0,1916,0.0167735000170306,-0.6214451928380675,153,-34,thymio-08
64,1788225443.699617,2.7718160152435303,-0.26691535115242,0.3903429057141809,92.17709934504173,2.7718160152435303,0.081141173839569,-0.26691535115242,0.2013670057058334,0.7827669382095337,0.5834193229675293,0.0796824023127555,5,1.0,1.0,-0.7898827798819295,1.0,0,0,0.0141102995312706,-0.612811944624103,143,-42,thymio-08
65,1788225444.3081496,2.7883849143981934,-0.2864545583724975,0.3740575651023299,92.07709934504172,2.7883849143981934,0.0811657384037971,-0.2864545583724975,-0.0261543244123458,0.7126639485359192,0.6198133230209351,0.3275020122528076,5,1.0,1.0,-0.8136982041256032,1.0,0,0,0.0058221962444931,-0.6026403854178065,112,-70,thymio-08
66,1788225444.9161782,2.799700260162353,-0.2930441796779632,0.1527441648843619,91.97709934504174,2.799700260162353,0.0805296823382377,-0.2930441796779632,-0.1785216331481933,0.6135280728340149,0.5961931347846985,0.4860731065273285,5,-0.7936990592522822,1.0,-0.1222461273767729,1.0,0,0,-0.0029538432279167,-0.6170640924069202,83,-104,thymio-08
67,1788225445.5248966,2.8156163692474365,-0.2842725217342376,-1.0123074814111184,91.87709934504174,2.8156163692474365,0.0811255872249603,-0.2842725217342376,-0.3515619337558746,0.4044599533081054,0.5315681099891663,0.6559357643127441,5,-0.8015561581173094,1.0,1.0,1.0,0,0,9.319016951061788e-05,-0.6091834558800086,92,-92,thymio-08
68,1788225446.1329424,2.8156163692474365,-0.2842725217342376,-1.0123074814111184,91.77709934504176,2.8156163692474365,0.0811255872249603,-0.2842725217342376,-0.3515619337558746,0.4044599533081054,0.5315681099891663,0.6559357643127441,5,-0.8015561581173094,1.0,1.0,1.0,0,0,-0.0078872122184207,-0.5123608441158987,49,-105,thymio-08
69,1788225446.7415,2.8198609352111816,-0.2704854607582092,-1.6361516636908666,91.67709934504175,2.8198609352111816,0.0807156562805175,-0.2704854607582092,-0.4400925934314728,0.3062463104724884,0.4348828792572021,0.7234697937965393,5,-0.2388658024606841,1.0,1.0,-0.8054937042029875,0,0,-0.0070957654551995,-0.4423981134677975,42,-92,thymio-08
70,1788225447.3498616,2.8072898387908936,-0.2380374819040298,-1.957281193027752,91.57709934504176,2.8072898387908936,0.0809066817164421,-0.2380374819040298,-0.5840989351272583,-0.010605345480144,0.2171072959899902,0.7820360660552979,5,-0.3791904700259313,1.0,1.0,-0.8268397711124754,2649,0,-0.08,-0.2869457868277479,-241,-328,thymio-08
71,1788225447.9579415,2.7934069633483887,-0.2300673127174377,-1.985452441983086,91.47709934504176,2.7934069633483887,0.0808110758662223,-0.2300673127174377,-0.6050073504447937,-0.1116257235407829,0.1290749311447143,0.7777182459831238,5,1.0,1.0,1.0,-0.8357650414227018,0,0,-0.0010112266740369,0.2427785064082797,-40,33,thymio-08
72,1788225448.5663009,2.7934069633483887,-0.2300673127174377,-1.985452441983086,91.37709934504176,2.7934069633483887,0.0808110758662223,-0.2300673127174377,-0.6050073504447937,-0.1116257235407829,0.1290749311447143,0.7777182459831238,5,1.0,1.0,1.0,-0.8357650414227018,0,0,-0.0040047069031142,0.4778207430275598,-86,58,thymio-08
73,1788225449.174977,2.7357428073883057,-0.2367811799049377,-1.9636659069234013,91.06347980199168,2.7357428073883057,0.0819239392876625,-0.2367811799049377,-0.6143322587013245,-0.1892477869987487,0.0767720490694046,0.7621595859527588,5,1.0,1.0,1.0,-0.966891129235981,0,0,-0.0,0.2886403664777652,-44,44,thymio-08
74,1788225449.7836547,2.740012884140014,-0.2429085671901703,-1.9739706977524136,90.9634798019917,2.740012884140014,0.0815147310495376,-0.2429085671901703,-0.5973467826843262,-0.0826361030340194,0.1581681966781616,0.7818766236305237,5,1.0,1.0,1.0,-0.9845611296753312,0,0,-0.0,0.2736296070401569,-41,41,thymio-08
75,1788225450.3916025,2.749506950378418,-0.2575418651103973,-1.8996042730052825,90.8634798019917,2.749506950378418,0.0807102546095848,-0.2575418651103973,-0.5394474267959595,0.1011316329240799,0.3032529950141907,0.7789778709411621,5,-0.1184702297425258,1.0,1.0,-0.7915493055644228,0,0,-0.0367331765455221,0.1660975128858977,-156,-105,thymio-08
76,1788225451.0001872,2.749506950378418,-0.2575418651103973,-1.8996042730052825,90.7634798019917,2.749506950378418,0.0807102546095848,-0.2575418651103973,-0.5394474267959595,0.1011316329240799,0.3032529950141907,0.7789778709411621,5,-0.1184702297425258,1.0,1.0,-0.7915493055644228,0,0,-0.0385292244669971,0.2591073619109013,-176,-98,thymio-08
77,1788225451.608539,2.7381014823913574,-0.2552370727062225,-1.8617124567809933,90.66347980199173,2.7381014823913574,0.0806866735219955,-0.2552370727062225,-0.5141512155532837,0.1711378991603851,0.345621794462204,0.7660978436470032,5,-0.1169558448789539,1.0,1.0,-0.7941835513276105,0,0,-0.0369673095834302,0.3299071231813033,-181,-82,thymio-08
78,1788225452.2170506,2.7381014823913574,-0.2552370727062225,-1.8617124567809933,90.56347980199172,2.7381014823913574,0.0806866735219955,-0.2552370727062225,-0.5141512155532837,0.1711378991603851,0.345621794462204,0.7660978436470032,5,-0.1169558448789539,1.0,1.0,-0.7941835513276105,0,0,-0.0370087520289151,0.3335498381246524,-182,-81,thymio-08
79,1788225452.825431,2.698015689849853,-0.2273566424846649,-1.7388653952041926,90.29012135814811,2.698015689849853,0.0820502415299415,-0.2273566424846649,-0.4633836448192596,0.2723016440868377,0.4065072238445282,0.7388364672660828,5,-0.2285830079383056,1.0,1.0,-0.8180928074112921,0,0,-0.0181121444385597,0.3376780936777707,-115,-13,thymio-08
80,1788225453.4337556,2.682405710220337,-0.2113338112831115,-1.5836911726289975,90.18116353113496,2.682405710220337,0.08189557492733,-0.2113338112831115,-0.4259410202503204,0.3188376724720001,0.4448031187057495,0.7204631567001343,5,-0.8264582931938169,1.0,1.0,1.0,0,0,-0.0076095303233448,0.1223973680495421,-46,-9,thymio-08
81,1788225454.0421717,2.682405710220337,-0.2113338112831115,-1.5836911726289975,90.08116353113498,2.682405710220337,0.08189557492733,-0.2113338112831115,-0.4259410202503204,0.3188376724720001,0.4448031187057495,0.7204631567001343,5,-0.8264582931938169,1.0,1.0,1.0,0,0,-0.0113517646085856,0.2496922355290025,-78,-3,thymio-08
82,1788225454.6509058,2.667687177658081,-0.1976584792137146,-1.1937480526725035,89.97945819620145,2.667687177658081,0.0830597430467605,-0.1976584792137146,-0.3718292415142059,0.4262897968292236,0.4904436469078064,0.6629366874694824,5,-0.8232635598202912,1.0,1.0,1.0,0,0,-0.0035240244761214,-0.4436408412218166,54,-80,thymio-08
83,1788225455.2586412,2.667687177658081,-0.1976584792137146,-1.1937480526725035,89.87945819620145,2.667687177658081,0.0830597430467605,-0.1976584792137146,-0.3718292415142059,0.4262897968292236,0.4904436469078064,0.6629366874694824,5,-0.8232635598202912,1.0,1.0,1.0,0,0,-0.0035240244761214,-0.5208995906831188,66,-91,thymio-08
84,1788225455.8662755,2.6623222827911377,-0.1906399726867675,-0.6798890524435057,89.77945819620146,2.6623222827911377,0.0829262733459472,-0.1906399726867675,-0.3194314837455749,0.4742928147315979,0.5376973152160645,0.6195898652076721,5,-0.8105391501306183,1.0,-0.2950214177969865,1.0,0,0,-0.0060816308237457,-0.2304156596984859,13,-56,thymio-08
85,1788225456.4744256,2.667630434036255,-0.1645548343658447,-1.5656738045550431,89.67945819620147,2.667630434036255,0.0817018896341323,-0.1645548343658447,-0.4183685779571533,0.311057835817337,0.4465893805027008,0.7271648049354553,5,-0.8087011029619607,1.0,1.0,1.0,0,0,-0.0064510783046458,-0.4960528253306297,52,-98,thymio-08
86,1788225457.0824552,2.668299913406372,-0.157101571559906,-1.7248872045557395,89.57945819620147,2.668299913406372,0.0827319622039794,-0.157101571559906,-0.4605527520179748,0.2701404988765716,0.4095883369445801,0.7396977543830872,5,-0.809757113074628,1.0,1.0,1.0,0,0,-0.0062388202719997,-0.2871937745988251,21,-66,thymio-08
87,1788225457.691669,2.668299913406372,-0.157101571559906,-1.7248872045557395,89.47945819620148,2.668299913406372,0.0827319622039794,-0.157101571559906,-0.4605527520179748,0.2701404988765716,0.4095883369445801,0.7396977543830872,5,-0.809757113074628,1.0,1.0,1.0,0,0,-0.0062388202719997,-0.3801735692320729,35,-80,thymio-08
88,1788225458.299542,2.6577489376068115,-0.1311463564634323,-1.9556204217078723,89.37945819620148,2.6577489376068115,0.082745648920536,-0.1311463564634323,-0.5608062744140625,0.0617225207388401,0.258087694644928,0.784268856048584,5,-0.79678814969284,1.0,1.0,1.0,0,0,-0.0088455819117391,-0.373236141376932,25,-88,thymio-08
89,1788225458.9081688,2.64365029335022,-0.1209491193294525,-1.959860185887668,89.27945819620149,2.64365029335022,0.0837692841887474,-0.1209491193294525,-0.5960881114006042,-0.0653424933552742,0.1793308705091476,0.7799037098884583,5,-0.7821654247319055,1.0,1.0,1.0,0,0,-0.0117847496288869,-0.4133085851025796,21,-104,thymio-08
90,1788225459.516438,2.62221908569336,-0.1137870624661445,-1.953812641068429,89.15145740377604,2.62221908569336,0.0839928314089775,-0.1137870624661445,-0.6229780912399292,-0.2223372459411621,0.0500302538275718,0.7483056783676147,5,-0.7695358637316494,1.0,1.0,1.0,0,0,-0.0143232913899384,-0.4270966613439729,14,-115,thymio-08
91,1788225460.1246474,2.6090047359466557,-0.114422857761383,-1.913316970627496,89.05145740377604,2.6090047359466557,0.0841554477810859,-0.114422857761383,-0.6301046013832092,-0.2979627251625061,-0.0094342054799199,0.7170059680938721,5,-0.7628427493108396,1.0,1.0,1.0,0,0,-0.0156686073885212,-0.443529645957218,11,-123,thymio-08
92,1788225460.7331889,2.6090047359466557,-0.114422857761383,-1.913316970627496,88.95145740377605,2.6090047359466557,0.0841554477810859,-0.114422857761383,-0.6301046013832092,-0.2979627251625061,-0.0094342054799199,0.7170059680938721,5,-0.7628427493108396,1.0,1.0,1.0,0,0,-0.0156686073885212,-0.4570868183383367,13,-125,thymio-08
93,1788225461.3415308,2.572783946990967,-0.1335014700889587,-1.632907044392402,88.73125800076015,2.572783946990967,0.0847357884049415,-0.1335014700889587,-0.6000131964683533,-0.4948849380016327,-0.1921807378530502,0.5984477400779724,5,-0.7475582974558779,1.0,1.0,1.0,0,0,-0.0187407822113685,-0.4946028681511115,8,-141,thymio-08
94,1788225461.949154,2.5546042919158936,-0.1690760999917984,-0.5150029907919409,88.61214860966587,2.5546042919158936,0.084148496389389,-0.1690760999917984,-0.5173757672309875,-0.6455966830253601,-0.3570340275764465,0.4336518943309784,5,-0.7415027347393397,1.0,-0.1341041692445806,1.0,0,0,-0.0199579503173927,-0.3692264990849781,-15,-127,thymio-08
95,1788225462.5577157,2.5546042919158936,-0.1690760999917984,-0.5150029907919409,88.51214860966587,2.5546042919158936,0.084148496389389,-0.1690760999917984,-0.5173757672309875,-0.6455966830253601,-0.3570340275764465,0.4336518943309784,5,-0.7415027347393397,1.0,-0.1341041692445806,1.0,0,0,-0.0199579503173927,-0.3168126859016492,-23,-119,thymio-08
96,1788225463.1668484,2.554290771484375,-0.1933456808328628,-0.0061360474295595,88.41214860966588,2.554290771484375,0.0845066830515861,-0.1933456808328628,-0.4680834114551544,-0.7196177244186401,-0.4290098547935486,0.2810674607753753,5,1.0,1.0,-0.7466186771871008,1.0,0,0,-0.0189296458853927,-0.2671004024369337,-27,-108,thymio-08
97,1788225463.7748249,2.571640968322754,-0.2267636358737945,0.3185782060627393,88.31214860966588,2.571640968322754,0.0831227302551269,-0.2267636358737945,-0.3417194783687591,-0.7775073647499084,-0.5105833411216736,0.1342198252677917,5,1.0,1.0,-0.7992804898639118,1.0,0,0,-0.0083446215373537,-0.576251234461015,57,-117,thymio-08
98,1788225464.3831058,2.571640968322754,-0.2267636358737945,0.3185782060627393,88.21214860966589,2.571640968322754,0.0831227302551269,-0.2267636358737945,-0.3417194783687591,-0.7775073647499084,-0.5105833411216736,0.1342198252677917,5,1.0,1.0,-0.7992804898639118,1.0,0,1498,-0.0154001905998846,-0.5898739484573791,34,-144,thymio-08
99,1788225464.9918642,2.575770616531372,-0.2319095134735107,0.3034369590510257,88.1121486096659,2.575770616531372,0.0825816318392753,-0.2319095134735107,-0.3412026166915893,-0.7681692838668823,-0.5325305461883545,0.099539503455162,5,1.0,1.0,-0.8064679914634072,1.0,0,1568,-0.0057157572927569,-0.5807530993894439,67,-108,thymio-08
100,1788225465.6003835,2.6240391731262207,-0.2604536414146423,0.3539643934317444,88.0121486096659,2.6240391731262207,0.0816596895456314,-0.2604536414146423,-0.0846012160181999,-0.7489840388298035,-0.6089969277381897,-0.2469582855701446,5,1.0,1.0,-0.8384581512253628,1.0,0,2359,0.08,-0.5718575257840003,371,198,thymio-08
101,1788225466.2087574,2.6240391731262207,-0.2604536414146423,0.3539643934317444,87.9121486096659,2.6240391731262207,0.0816596895456314,-0.2604536414146423,-0.0846012160181999,-0.7489840388298035,-0.6089969277381897,-0.2469582855701446,5,1.0,1.0,-0.8384581512253628,1.0,0,0,-0.0001915767454151,-0.5696407852716044,85,-87,thymio-08
102,1788225466.8123393,10000.0,10000.0,0.0,87.9121486096659,2.6240391731262207,0.0816596895456314,-0.2604536414146423,-0.0846012160181999,-0.7489840388298035,-0.6089969277381897,-0.2469582855701446,5,1.0,1.0,-1.0,1.0,0,0,-0.0246425223994098,-0.5772870913130159,0,-175,thymio-08
103,1788225467.4162843,2.6445977687835693,-0.2628965973854065,0.3306936578065538,87.9121486096659,2.6445977687835693,0.0826948806643486,-0.2628965973854065,0.0594247281551361,-0.6892843842506409,-0.6199948191642761,-0.3700841069221496,5,1.0,1.0,-0.8495844336414267,1.0,0,0,-0.0,-0.5337016142683865,81,-81,thymio-08
104,1788225468.0245292,2.642611026763916,-0.2844913601875305,-0.7725719137019982,87.81214860966591,2.642611026763916,0.0818533897399902,-0.2844913601875305,0.3258944451808929,-0.4685792922973633,-0.5269538760185242,-0.6297188997268677,5,-0.8249231555828025,1.0,1.0,1.0,0,0,-0.0045010847011202,-0.6126178358522673,77,-109,thymio-08
105,1788225468.632695,2.6479952335357666,-0.2504397332668304,-1.7813203270002436,87.71214860966592,2.6479952335357666,0.0818205326795578,-0.2504397332668304,0.479110449552536,-0.2300558239221573,-0.386554092168808,-0.7537264227867126,5,-0.1226601154243004,1.0,1.0,-0.8476516614406886,0,0,-0.0,-0.1029016763455765,16,-16,thymio-08
106,1788225469.2412488,2.6479952335357666,-0.2504397332668304,-1.7813203270002436,87.61214860966592,2.6479952335357666,0.0818205326795578,-0.2504397332668304,0.479110449552536,-0.2300558239221573,-0.386554092168808,-0.7537264227867126,5,-0.1226601154243004,1.0,1.0,-0.8476516614406886,0,0,-0.0,0.1332581544845131,-20,20,thymio-08
107,1788225469.84902,2.6474719047546387,-0.2459632009267807,-1.839239212702532,87.51214860966593,2.6474719047546387,0.0817657187581062,-0.2459632009267807,0.5000548958778381,-0.1905503422021865,-0.3577854335308075,-0.7652616500854492,5,-0.1220401580223057,1.0,1.0,-0.8492176839564726,0,0,-0.0,0.2905987719782056,-44,44,thymio-08
108,1788225470.458392,2.643655776977539,-0.2358390837907791,-1.908685075292604,87.41214860966593,2.643655776977539,0.0820610448718071,-0.2358390837907791,0.5472210645675659,-0.0871955528855323,-0.2936872839927673,-0.7789056897163391,5,-0.1164241658621768,1.0,1.0,-0.8415520196544981,0,0,-0.0,0.3223173747015222,-49,49,thymio-08
109,1788225471.066424,2.646304130554199,-0.2438128143548965,-1.8734355524699544,87.31214860966594,2.646304130554199,0.0820054933428764,-0.2438128143548965,0.5129871368408203,-0.1770642846822738,-0.3423492610454559,-0.7670001983642578,5,-0.1301877632544177,1.0,1.0,-0.8274710418143207,0,0,-0.0105525087872262,0.331888347101836,-88,13,thymio-08
110,1788225471.6749108,2.646304130554199,-0.2438128143548965,-1.8734355524699544,87.21214860966595,2.646304130554199,0.0820054933428764,-0.2438128143548965,0.5129871368408203,-0.1770642846822738,-0.3423492610454559,-0.7670001983642578,5,-0.1301877632544177,1.0,1.0,-0.8274710418143207,0,0,-0.0105824413294625,0.3248729393818521,-87,11,thymio-08
111,1788225472.2839267,2.6437184810638428,-0.2528765499591827,-1.7254600406188,87.11214860966595,2.6437184810638428,0.0829949080944061,-0.2528765499591827,0.4599429666996002,-0.289774090051651,-0.4133277237415313,-0.7305092215538025,5,-0.1346022653389016,1.0,1.0,-0.8150469355238363,0,0,-0.0204936588913182,0.3239785514870717,-122,-24,thymio-08
112,1788225472.8921988,2.633886814117432,-0.2541669905185699,-1.2508639826097523,87.01214860966596,2.633886814117432,0.0829365998506546,-0.2541669905185699,0.3852576017379761,-0.413189023733139,-0.4898113906383514,-0.6640303134918213,5,-0.8079757815348505,1.0,1.0,1.0,0,0,-0.0155971066702209,0.1208978850878336,-74,-37,thymio-08
113,1788225473.500475,2.633886814117432,-0.2541669905185699,-1.2508639826097523,86.91214860966596,2.633886814117432,0.0829365998506546,-0.2541669905185699,0.3852576017379761,-0.413189023733139,-0.4898113906383514,-0.6640303134918213,5,-0.8079757815348505,1.0,1.0,1.0,0,0,-0.0256455743934683,0.3414012260385631,-143,-40,thymio-08
114,1788225474.108712,2.626460313796997,-0.2429111301898956,-0.5063769111019516,86.81214860966597,2.626460313796997,0.0827165991067886,-0.2429111301898956,0.2924327552318573,-0.4937889873981476,-0.5520272850990295,-0.6049143671989441,5,-0.8191937894120289,1.0,-0.0774463011356304,1.0,0,1651,-0.0043420483281821,-0.2922195346298974,29,-60,thymio-08
115,1788225474.7166634,2.6221323013305664,-0.2235320210456848,-0.0873468170292075,86.71214860966597,2.6221323013305664,0.0826899111270904,-0.2235320210456848,0.240034133195877,-0.5659403204917908,-0.5642754435539246,-0.5510793328285217,5,-0.8482581020305027,1.0,-0.0696681774606935,1.0,0,0,-0.0,-0.5736384315917168,87,-87,thymio-08
116,1788225475.3247485,2.6221323013305664,-0.2235320210456848,-0.0873468170292075,86.61214860966598,2.6221323013305664,0.0826899111270904,-0.2235320210456848,0.240034133195877,-0.5659403204917908,-0.5642754435539246,-0.5510793328285217,5,-0.8482581020305027,1.0,-0.0696681774606935,1.0,0,0,-0.0,-0.4885420844010883,74,-74,thymio-08
117,1788225475.9334905,2.632268190383911,-0.2066150307655334,-0.8014242917718497,86.51214860966599,2.632268190383911,0.0827607810497284,-0.2066150307655334,0.3273115456104278,-0.4594054222106933,-0.5298604965209961,-0.6332943439483643,5,-0.8325862090998962,1.0,-0.0201302730356288,1.0,0,0,-0.0016501719709208,-0.2654455550005927,34,-46,thymio-08
118,1788225476.5417671,2.6396641731262207,-0.1851573288440704,-1.721974710455923,86.41214860966599,2.6396641731262207,0.0823026150465011,-0.1851573288440704,0.4585579633712768,-0.2628977298736572,-0.4080767929553985,-0.7443673014640808,5,-0.8549306342015615,1.0,1.0,1.0,0,0,-0.0,-0.5749033269317422,87,-87,thymio-08
119,1788225477.1496162,2.6396641731262207,-0.1851573288440704,-1.721974710455923,86.312148609666,2.6396641731262207,0.0823026150465011,-0.1851573288440704,0.4585579633712768,-0.2628977298736572,-0.4080767929553985,-0.7443673014640808,5,-0.8549306342015615,1.0,1.0,1.0,3147,0,-0.08,-0.3828831671384494,-226,-342,thymio-08
120,1788225477.7574973,2.6375527381896973,-0.1721681803464889,-1.8911495343730256,86.212148609666,2.6375527381896973,0.0826058685779571,-0.1721681803464889,0.5258605480194092,-0.1461479514837265,-0.325024664402008,-0.7723150253295898,5,-0.0024913066103137,1.0,1.0,-0.8568446210304106,0,0,-0.0,-0.3179415726526895,48,-48,thymio-08
121,1788225478.3658967,2.5769057273864746,-0.144168272614479,-1.9766153243353977,85.80287404162311,2.5769057273864746,0.0833238586783409,-0.144168272614479,0.5929886698722839,0.0544737428426742,-0.1766820400953292,-0.7836967706680298,5,-0.8006913968453481,1.0,1.0,1.0,0,0,-0.008061029234085,-0.3724990348589604,28,-85,thymio-08
122,1788225478.9741578,2.5640971660614014,-0.1397250890731811,-1.9704241722649456,85.70287404162312,2.5640971660614014,0.0843510180711746,-0.1397250890731811,0.6095866560935974,0.1398499906063079,-0.1156735569238662,-0.7716643214225769,5,-0.78853466759695,1.0,1.0,1.0,0,0,-0.0277763203168362,-0.5342664244972274,-18,-179,thymio-08
123,1788225479.5825684,2.5640971660614014,-0.1397250890731811,-1.9704241722649456,85.60287404162312,2.5640971660614014,0.0843510180711746,-0.1397250890731811,0.6095866560935974,0.1398499906063079,-0.1156735569238662,-0.7716643214225769,5,-0.78853466759695,1.0,1.0,1.0,0,0,-0.010504531813013,-0.5302343986553404,43,-117,thymio-08
124,1788225480.191253,2.5396628379821777,-0.1379301697015762,-1.9559307167329585,85.45804631560078,2.5396628379821777,0.0844628065824508,-0.1379301697015762,0.6182457804679871,0.2819535434246063,0.0140337562188506,-0.7335376143455505,5,-0.7674815826076075,1.0,1.0,1.0,0,0,-0.0147362018958708,-0.5567339756015841,32,-136,thymio-08
125,1788225480.7991176,2.49601674079895,-0.1595926135778427,-1.7378467007415792,85.19263253029611,2.49601674079895,0.0891493186354637,-0.1595926135778427,0.5193715691566467,0.5004299283027649,0.164958655834198,-0.6727643013000488,5,-0.7006870312780449,1.0,1.0,1.0,0,0,-0.0281619067131129,-0.5701747205778775,-14,-186,thymio-08
126,1788225481.4068778,2.49601674079895,-0.1595926135778427,-1.7378467007415792,85.09263253029611,2.49601674079895,0.0891493186354637,-0.1595926135778427,0.5193715691566467,0.5004299283027649,0.164958655834198,-0.6727643013000488,5,-0.7006870312780449,1.0,1.0,1.0,0,0,-0.0281619067131129,-0.5711540843439653,-14,-186,thymio-08
127,1788225482.0151796,2.488476276397705,-0.1738992482423782,-1.012547919707611,84.99263253029612,2.488476276397705,0.0852324143052101,-0.1738992482423782,0.5564693808555603,0.6013486385345459,0.2986306250095367,-0.489429622888565,5,-0.6777811974505985,1.0,1.0,1.0,0,0,-0.0327659793124296,-0.6071607934232195,-25,-208,thymio-08
128,1788225482.6240664,2.488476276397705,-0.1738992482423782,-1.012547919707611,84.89263253029613,2.488476276397705,0.0852324143052101,-0.1738992482423782,0.5564693808555603,0.6013486385345459,0.2986306250095367,-0.489429622888565,5,-0.6777811974505985,1.0,1.0,1.0,0,0,-0.0327659793124296,-0.5993380434631976,-26,-207,thymio-08
129,1788225483.232768,2.4861514568328857,-0.227118045091629,0.1490309779548702,84.79263253029613,2.4861514568328857,0.084190085530281,-0.227118045091629,0.4260634183883667,0.7396073341369629,0.4597118198871612,-0.2451856136322021,5,1.0,1.0,-0.634082586412952,1.0,0,0,-0.0415494001309966,-0.4489189771108713,-80,-215,thymio-08
130,1788225483.8417888,2.548044919967652,-0.2820649147033691,0.4302411583131786,84.69263253029614,2.548044919967652,0.0833676755428314,-0.2820649147033691,0.1534037590026855,0.7834582328796387,0.5915207266807556,0.1129767969250679,5,1.0,1.0,-0.6270630415150431,1.0,0,0,-0.0429603286554763,-0.583616217031076,-65,-241,thymio-08
131,1788225484.449622,2.595643758773804,-0.2811978161334991,0.3222478209142472,84.59263253029614,2.595643758773804,0.0823380500078201,-0.2811978161334991,0.0578909814357757,0.7306270003318787,0.6154155731201172,0.2899940907955169,5,1.0,1.0,-0.650426650285024,1.0,0,0,0.1061856253060068,-0.6190659853258368,471,284,thymio-08
132,1788225485.0576196,2.595643758773804,-0.2811978161334991,0.3222478209142472,84.49263253029615,2.595643758773804,0.0823380500078201,-0.2811978161334991,0.0578909814357757,0.7306270003318787,0.6154155731201172,0.2899940907955169,5,1.0,1.0,-0.650426650285024,1.0,0,0,0.1405629407963028,-0.6262867682733314,500,405,thymio-08
133,1788225485.6654315,2.6332216262817383,-0.2677535712718963,0.3061114539288603,84.39263253029615,2.6332216262817383,0.0830853804945945,-0.2677535712718963,-0.0708574056625366,0.678227424621582,0.6207987666130066,0.3867762088775635,5,-0.6749133477460469,1.0,1.0,1.0,0,0,0.1325510222207093,-0.6283109924645001,500,376,thymio-08
134,1788225486.273378,2.567564010620117,-0.3910544216632843,0.1672332447802373,83.8814343295119,2.567564010620117,0.0820159837603569,-0.3910544216632843,-0.175416424870491,0.6187946796417236,0.5945363640785217,0.4825440347194671,5,1.0,1.0,-0.9839841181962156,1.0,0,0,0.0,-0.6267990095065673,95,-95,thymio-08
135,1788225486.881898,2.5388903617858887,-0.4717069864273071,0.0768166335769855,83.65437868080227,2.5388903617858887,0.0819944068789482,-0.4717069864273071,-0.2095788568258285,0.5923312306404114,0.5855777263641357,0.5121710896492004,5,1.0,1.0,-0.4512921195399199,1.0,0,0,0.19312021651079,-0.6223962748868661,500,500,thymio-08
136,1788225487.4905474,2.5388903617858887,-0.4717069864273071,0.0768166335769855,83.55437868080227,2.5388903617858887,0.0819944068789482,-0.4717069864273071,-0.2095788568258285,0.5923312306404114,0.5855777263641357,0.5121710896492004,5,1.0,1.0,-0.4512921195399199,1.0,0,0,0.1952969978096719,-0.6228307101589956,500,500,thymio-08
137,1788225488.0983083,2.554028272628784,-0.5134845972061157,-0.7411074818759502,83.45437868080228,2.554028272628784,0.0818129405379295,-0.5134845972061157,-0.3331609666347503,0.475444346666336,0.5259898900985718,0.6215232610702515,5,-0.4075144937459996,1.0,1.0,1.0,0,0,0.1988482813081361,-0.6280072764037481,500,500,thymio-08
138,1788225488.707906,2.5612471103668213,-0.6519047021865845,-0.6475072706442724,83.34684480278297,2.5612471103668213,0.0793760418891906,-0.6519047021865845,-0.3294521570205688,0.5026353001594543,0.5135763883590698,0.6124200224876404,5,-0.3058224218294051,1.0,1.0,1.0,0,0,0.1980336233231406,-0.6273305031926241,500,500,thymio-08
139,1788225489.3162987,2.560262680053711,-0.7916622161865234,-0.4413579659249369,83.20165501255501,2.560262680053711,0.07827740162611,-0.7916622161865234,-0.3095014095306396,0.5214142799377441,0.5272120833396912,0.5953011512756348,5,-0.2268171141257839,1.0,1.0,1.0,0,0,0.1973472526228147,-0.6273296159733373,500,500,thymio-08
140,1788225489.9243083,2.560262680053711,-0.7916622161865234,-0.4413579659249369,83.10165501255501,2.560262680053711,0.07827740162611,-0.7916622161865234,-0.3095014095306396,0.5214142799377441,0.5272120833396912,0.5953011512756348,5,-0.2268171141257839,1.0,1.0,1.0,0,0,0.1969666833860853,-0.626912405187472,500,500,thymio-08
141,1788225490.5322907,2.5525190830230717,-0.886454164981842,-0.3703374420025107,82.96868261697881,2.5525190830230717,0.0785922035574913,-0.886454164981842,-0.2792120575904846,0.5147416591644287,0.5568887591362,0.5890302658081055,5,-0.1644751219360001,1.0,1.0,1.0,0,0,0.1970714206503152,-0.6267731827202171,500,500,thymio-08
142,1788225491.1407733,2.5391087532043457,-0.99015873670578,-0.239746216821858,82.78979306088279,2.5391087532043457,0.0782289952039718,-0.99015873670578,-0.2598852217197418,0.5327971577644348,0.5673564672470093,0.5715712308883667,5,-0.087837553389625,1.0,1.0,1.0,0,0,0.1977627399772279,-0.6269298479292396,500,500,thymio-08
143,1788225491.7491736,2.512544870376587,-1.1239423751831057,-0.1395519481014329,82.52246513654418,2.512544870376587,0.0775305703282356,-1.1239423751831057,-0.2422932833433151,0.5487664341926575,0.5758699774742126,0.5554487109184265,5,0.0231659641563903,1.0,1.0,1.0,0,0,0.1984772992470244,-0.6271917800783221,500,500,thymio-08
144,1788225492.3567567,2.512544870376587,-1.1239423751831057,-0.1395519481014329,82.42246513654419,2.512544870376587,0.0775305703282356,-1.1239423751831057,-0.2422932833433151,0.5487664341926575,0.5758699774742126,0.5554487109184265,5,0.0231659641563903,1.0,1.0,1.0,0,0,0.1988907689477567,-0.6272953673208637,500,500,thymio-08
145,1788225492.9649627,2.481983184814453,-1.2485942840576172,-0.0521569109633608,82.16030559378,2.481983184814453,0.0759086832404136,-1.2485942840576172,-0.2388590425252914,0.5699194073677063,0.5675561428070068,0.5440757274627686,5,0.1331141951813317,1.0,1.0,1.0,0,0,0.1799189405232898,-0.6275523018942446,500,500,thymio-08
146,1788225493.5743508,2.480050563812256,-1.3684029579162598,1.3824755560126434,82.03105450073198,2.480050563812256,0.068167820572853,-1.3684029579162598,0.1669060289859771,0.4591154456138611,-0.7908257842063904,0.3687138557434082,5,1.0,1.0,-0.9502200929199432,1.0,0,0,0.0,-0.625796538770925,94,-94,thymio-08
147,1788225494.1828265,2.480050563812256,-1.3684029579162598,1.3824755560126434,81.93105450073199,2.480050563812256,0.068167820572853,-1.3684029579162598,0.1669060289859771,0.4591154456138611,-0.7908257842063904,0.3687138557434082,5,1.0,1.0,-0.9502200929199432,1.0,0,0,0.0,-0.6218417472507644,94,-94,thymio-08
148,1788225494.786471,10000.0,10000.0,0.0,81.93105450073199,2.480050563812256,0.068167820572853,-1.3684029579162598,0.1669060289859771,0.4591154456138611,-0.7908257842063904,0.3687138557434082,5,1.0,1.0,-1.0,1.0,0,0,0.03,-0.5944234839551243,196,17,thymio-08
149,1788225495.3897684,10000.0,10000.0,0.0,81.93105450073199,2.480050563812256,0.068167820572853,-1.3684029579162598,0.1669060289859771,0.4591154456138611,-0.7908257842063904,0.3687138557434082,5,1.0,1.0,-1.0,1.0,0,0,0.03,-0.5968590101420121,197,16,thymio-08
150,1788225495.9928744,2.4285683631896973,-1.4591567516326904,-1.419205502493042,81.93105450073199,2.4285683631896973,0.0734551101922988,-1.4591567516326904,0.3861634433269501,-0.4120341837406158,-0.4575192332267761,-0.6868637800216675,5,0.7528501606808495,1.0,1.0,0.2636457947818833,0,0,0.0495231727498764,-0.6070195012624103,268,84,thymio-08
151,1788225496.6009943,2.437591552734375,-1.456815481185913,-1.7901985313591249,81.831054500732,2.437591552734375,0.0725175216794014,-1.456815481185913,0.4672638177871704,-0.2984310388565063,-0.3971661925315857,-0.7313429117202759,5,1.0,1.0,1.0,0.262538916927677,0,0,0.0172948019496837,-0.6035209368870144,153,-30,thymio-08
152,1788225497.2087317,2.437591552734375,-1.456815481185913,-1.7901985313591249,81.731054500732,2.437591552734375,0.0725175216794014,-1.456815481185913,0.4672638177871704,-0.2984310388565063,-0.3971661925315857,-0.7313429117202759,5,1.0,1.0,1.0,0.301276299161582,0,0,-0.0231898859941086,-0.4967055457954408,-7,-157,thymio-08
153,1788225497.8116767,10000.0,10000.0,0.0,81.731054500732,2.437591552734375,0.0725175216794014,-1.456815481185913,0.4672638177871704,-0.2984310388565063,-0.3971661925315857,-0.7313429117202759,5,1.0,1.0,-1.0,1.0,0,0,-0.0102953689164868,-0.2764284538386193,5,-78,thymio-08
154,1788225498.4153242,10000.0,10000.0,0.0,81.731054500732,2.437591552734375,0.0725175216794014,-1.456815481185913,0.4672638177871704,-0.2984310388565063,-0.3971661925315857,-0.7313429117202759,5,1.0,1.0,1.0,1.0,0,0,-0.03,-0.5589644798122458,-22,-191,thymio-08
155,1788225499.0184262,2.4390244483947754,-1.441231608390808,0.7943634444904766,81.731054500732,2.4390244483947754,0.0583119578659534,-1.441231608390808,0.0181020628660917,-0.1437937915325164,0.9893651604652404,0.012340766377747,5,1.0,1.0,-0.9528250092819894,1.0,0,0,-0.0,-0.4624977410402086,70,-70,thymio-08
156,1788225499.627517,2.4273228645324707,-1.4742720127105713,-1.3813043222748167,81.631054500732,2.4273228645324707,0.0746647492051124,-1.4742720127105713,0.5881990194320679,0.5494768619537354,0.2485210001468658,-0.5388270020484924,5,0.9508044334792553,1.0,1.0,0.3512367665321889,0,0,-0.0139044940446043,-0.5514352253873231,34,-133,thymio-08
157,1788225500.2353687,2.4273228645324707,-1.4742720127105713,-1.3813043222748167,81.53105450073201,2.4273228645324707,0.0746647492051124,-1.4742720127105713,0.5881990194320679,0.5494768619537354,0.2485210001468658,-0.5388270020484924,5,0.9508044334792553,1.0,1.0,0.3512367665321889,0,0,-0.006577087897382,-0.3903984744225642,36,-82,thymio-08
158,1788225500.8512282,2.418022871017456,-1.4874457120895386,-0.5760198374559367,81.43105450073202,2.418022871017456,0.0722361803054809,-1.4874457120895386,0.502181351184845,0.6349928379058838,0.3533512055873871,-0.4687652885913849,5,0.3641711042574682,1.0,1.0,1.0,0,0,-0.0316615789123596,-0.5452083149917077,-30,-195,thymio-08
159,1788225501.4591353,2.4173154830932617,-1.5111653804779053,-0.0318783659655594,81.33105450073202,2.4173154830932617,0.0716598778963089,-1.5111653804779053,0.471218466758728,0.7426342368125916,0.417244553565979,-0.2288114875555038,5,0.3550506009733112,1.0,1.0,1.0,0,0,-0.0249970964422912,-0.6074696893709844,3,-181,thymio-08
160,1788225502.06759,2.4173154830932617,-1.5111653804779053,-0.0318783659655594,81.23105450073203,2.4173154830932617,0.0716598778963089,-1.5111653804779053,0.471218466758728,0.7426342368125916,0.417244553565979,-0.2288114875555038,5,0.3550506009733112,1.0,1.0,1.0,0,0,0.0056623630943348,-0.6155026567100761,113,-73,thymio-08
161,1788225502.670311,10000.0,10000.0,0.0,81.23105450073203,2.4173154830932617,0.0716598778963089,-1.5111653804779053,0.471218466758728,0.7426342368125916,0.417244553565979,-0.2288114875555038,5,1.0,1.0,1.0,1.0,0,0,0.03,-0.6207161915283238,200,13,thymio-08
162,1788225503.2732284,10000.0,10000.0,0.0,81.23105450073203,2.4173154830932617,0.0716598778963089,-1.5111653804779053,0.471218466758728,0.7426342368125916,0.417244553565979,-0.2288114875555038,5,1.0,1.0,1.0,1.0,0,0,0.03,-0.6233202988818952,201,12,thymio-08
163,1788225503.876783,10000.0,10000.0,0.0,81.23105450073203,2.4173154830932617,0.0716598778963089,-1.5111653804779053,0.471218466758728,0.7426342368125916,0.417244553565979,-0.2288114875555038,5,1.0,1.0,1.0,1.0,0,0,0.03,-0.6249406262159729,201,12,thymio-08
164,1788225504.4803956,10000.0,10000.0,0.0,81.23105450073203,2.4173154830932617,0.0716598778963089,-1.5111653804779053,0.471218466758728,0.7426342368125916,0.417244553565979,-0.2288114875555038,5,1.0,1.0,1.0,1.0,0,0,0.03,-0.6249964475683798,201,12,thymio-08
165,1788225505.085114,-0.3391764461994171,0.8537749648094177,-1.525502145808395,81.23105450073203,-0.3391764461994171,0.1115005016326904,0.8537749648094177,-0.6701411604881287,-0.4851795434951782,-0.1214075088500976,0.5484268665313721,5,1.0,1.0,-0.9659498586635464,1.0,0,0,0.0,-0.5243073623516954,79,-79,thymio-08
166,1788225505.6929047,-0.3391764461994171,0.8537749648094177,-1.525502145808395,81.13105450073203,-0.3391764461994171,0.1115005016326904,0.8537749648094177,-0.6701411604881287,-0.4851795434951782,-0.1214075088500976,0.5484268665313721,5,1.0,1.0,-0.9659498586635464,1.0,0,0,0.0,-0.555709886479149,84,-84,thymio-08
167,1788225506.2962644,10000.0,10000.0,0.0,81.13105450073203,-0.3391764461994171,0.1115005016326904,0.8537749648094177,-0.6701411604881287,-0.4851795434951782,-0.1214075088500976,0.5484268665313721,5,1.0,1.0,1.0,1.0,0,0,-0.03,-0.6188029968201411,-13,-200,thymio-08
168,1788225506.900103,10000.0,10000.0,0.0,81.13105450073203,-0.3391764461994171,0.1115005016326904,0.8537749648094177,-0.6701411604881287,-0.4851795434951782,-0.1214075088500976,0.5484268665313721,5,1.0,1.0,1.0,1.0,0,0,-0.0209808036874814,-0.5284361582495509,5,-154,thymio-08
169,1788225507.5039508,10000.0,10000.0,0.0,81.13105450073203,-0.3391764461994171,0.1115005016326904,0.8537749648094177,-0.6701411604881287,-0.4851795434951782,-0.1214075088500976,0.5484268665313721,5,1.0,1.0,1.0,1.0,0,0,-0.03,-0.4883210175319418,-33,-180,thymio-08
170,1788225508.1072257,10000.0,10000.0,0.0,81.13105450073203,-0.3391764461994171,0.1115005016326904,0.8537749648094177,-0.6701411604881287,-0.4851795434951782,-0.1214075088500976,0.5484268665313721,5,1.0,1.0,1.0,1.0,0,0,-0.03,-0.4810001097071619,-34,-179,thymio-08
171,1788225508.7104645,10000.0,10000.0,0.0,81.13105450073203,-0.3391764461994171,0.1115005016326904,0.8537749648094177,-0.6701411604881287,-0.4851795434951782,-0.1214075088500976,0.5484268665313721,5,1.0,1.0,1.0,1.0,0,0,-0.03,-0.492097659418197,-32,-181,thymio-08
172,1788225509.313999,2.40039610862732,-1.5839693546295166,-1.920115022036481,81.13105450073203,2.40039610862732,0.074311226606369,-1.5839693546295166,-0.6305205225944519,-0.3401967287063598,-0.0731709375977516,0.6937983632087708,5,1.0,1.0,1.0,0.648099977109134,0,0,-0.0220643499353618,-0.4387426619778843,-12,-145,thymio-08
173,1788225509.922114,2.367470026016236,-1.612101435661316,-1.603385957677828,80.94342552492138,2.367470026016236,0.0726965740323066,-1.612101435661316,-0.5970561504364014,-0.503032386302948,-0.1929144561290741,0.5943621397018433,5,1.0,1.0,1.0,0.7540513686604937,0,0,-0.0224654464126432,-0.1948312937963287,-50,-109,thymio-08
174,1788225510.5305803,2.367470026016236,-1.612101435661316,-1.603385957677828,80.84342552492139,2.367470026016236,0.0726965740323066,-1.612101435661316,-0.5970561504364014,-0.503032386302948,-0.1929144561290741,0.5943621397018433,5,1.0,1.0,1.0,0.7540513686604937,0,0,-0.0295583818254774,-0.0148374065359499,-103,-107,thymio-08
175,1788225511.1392558,2.3501081466674805,-1.6415592432022097,-0.982413194039303,80.71285882030831,2.3501081466674805,0.0731138661503791,-1.6415592432022097,-0.5628471970558167,-0.6064966917037964,-0.2935128509998321,0.4787641167640686,5,1.0,1.0,1.0,0.8807168990822982,0,0,-0.0213589728262048,0.0985908126021876,-91,-61,thymio-08
176,1788225511.747425,2.3485119342803955,-1.6645015478134155,-0.6259164159479997,80.61285882030832,2.3485119342803955,0.0731234103441238,-1.6645015478134155,-0.5542363524436951,-0.6459764838218689,-0.3348380625247955,0.4042523205280304,5,1.0,1.0,1.0,1.0,0,0,-0.0131107844263622,0.0299221989358247,-51,-42,thymio-08
177,1788225512.355821,2.3485119342803955,-1.6645015478134155,-0.6259164159479997,80.51285882030832,2.3485119342803955,0.0731234103441238,-1.6645015478134155,-0.5542363524436951,-0.6459764838218689,-0.3348380625247955,0.4042523205280304,5,1.0,1.0,1.0,1.0,0,0,-0.0132646897621458,-0.0039552373448217,-47,-48,thymio-08
178,1788225512.9634552,2.3566033840179443,-1.70564603805542,-0.5508730363794054,80.41285882030833,2.3566033840179443,0.0727785602211952,-1.70564603805542,-0.5295001864433289,-0.658146858215332,-0.332555204629898,0.4193798005580902,5,1.0,1.0,1.0,1.0,0,0,-0.0,-0.055549998297623,8,-8,thymio-08
179,1788225513.571782,2.3566033840179443,-1.70564603805542,-0.5508730363794054,80.31285882030834,2.3566033840179443,0.0727785602211952,-1.70564603805542,-0.5295001864433289,-0.658146858215332,-0.332555204629898,0.4193798005580902,5,1.0,1.0,1.0,1.0,0,0,-0.0,-0.1185706366655766,18,-18,thymio-08
180,1788225514.1800385,2.359510898590088,-1.7265868186950684,-0.5091681712818961,80.21285882030834,2.359510898590088,0.0725937187671661,-1.7265868186950684,-0.5321127772331238,-0.6661856174468994,-0.3346033692359924,0.4013644456863403,5,1.0,1.0,1.0,1.0,0,0,-0.0,-0.1831465271921466,28,-28,thymio-08
181,1788225514.7877564,2.360931634902954,-1.7322015762329102,-0.4177524591669179,80.11285882030835,2.360931634902954,0.0709660947322845,-1.7322015762329102,-0.511768639087677,-0.6622651219367981,-0.3587905764579773,0.4132397472858429,5,1.0,1.0,1.0,1.0,0,0,-0.0,-0.2507694643317812,38,-38,thymio-08
182,1788225515.396387,2.360931634902954,-1.7322015762329102,-0.4177524591669179,80.01285882030835,2.360931634902954,0.0709660947322845,-1.7322015762329102,-0.511768639087677,-0.6622651219367981,-0.3587905764579773,0.4132397472858429,5,1.0,1.0,1.0,1.0,0,0,-0.0,-0.3121514608559257,47,-47,thymio-08
183,1788225516.004344,2.359128952026367,-1.7381021976470947,-0.1263351956121954,79.91285882030836,2.359128952026367,0.070530004799366,-1.7381021976470947,-0.4802278578281402,-0.6935364603996277,-0.3967404067516327,0.3619191944599151,5,1.0,1.0,1.0,1.0,0,0,-0.0,-0.3880074620554387,59,-59,thymio-08
184,1788225516.6124284,2.359128952026367,-1.7381021976470947,-0.1263351956121954,79.81285882030836,2.359128952026367,0.070530004799366,-1.7381021976470947,-0.4802278578281402,-0.6935364603996277,-0.3967404067516327,0.3619191944599151,5,1.0,1.0,1.0,1.0,0,0,-0.0,-0.460848601954353,70,-70,thymio-08
185,1788225517.2152965,10000.0,10000.0,0.0,79.81285882030836,2.359128952026367,0.070530004799366,-1.7381021976470947,-0.4802278578281402,-0.6935364603996277,-0.3967404067516327,0.3619191944599151,5,1.0,1.0,1.0,1.0,0,0,-0.03,-0.4988885675925287,-31,-182,thymio-08
186,1788225517.8182971,10000.0,10000.0,0.0,79.81285882030836,2.359128952026367,0.070530004799366,-1.7381021976470947,-0.4802278578281402,-0.6935364603996277,-0.3967404067516327,0.3619191944599151,5,1.0,1.0,1.0,1.0,0,0,-0.03,-0.5251641739384308,-27,-186,thymio-08
187,1788225518.421147,-0.6206197738647461,0.3779598474502563,1.5406074148710314,79.81285882030836,-0.6206197738647461,0.1016074642539024,0.3779598474502563,-0.392052412033081,0.7530598044395447,-0.5278738737106323,0.023348206654191,5,1.0,1.0,1.0,-0.8779965880486247,0,0,-0.0,-0.5770998307644282,87,-87,thymio-08
188,1788225519.0297582,-0.6206197738647461,0.3779598474502563,1.5406074148710314,79.71285882030837,-0.6206197738647461,0.1016074642539024,0.3779598474502563,-0.392052412033081,0.7530598044395447,-0.5278738737106323,0.023348206654191,5,1.0,1.0,1.0,-0.8779965880486247,0,0,-0.0,-0.587643714089316,89,-89,thymio-08
189,1788225519.632599,10000.0,10000.0,0.0,79.71285882030837,-0.6206197738647461,0.1016074642539024,0.3779598474502563,-0.392052412033081,0.7530598044395447,-0.5278738737106323,0.023348206654191,5,1.0,1.0,1.0,1.0,0,0,0.0076516535992203,-0.5191052788606766,106,-51,thymio-08
190,1788225520.2352371,10000.0,10000.0,0.0,79.71285882030837,-0.6206197738647461,0.1016074642539024,0.3779598474502563,-0.392052412033081,0.7530598044395447,-0.5278738737106323,0.023348206654191,5,1.0,1.0,1.0,1.0,0,0,-0.0062235399809271,-0.5524180350208503,61,-106,thymio-08
191,1788225520.837995,10000.0,10000.0,0.0,79.71285882030837,-0.6206197738647461,0.1016074642539024,0.3779598474502563,-0.392052412033081,0.7530598044395447,-0.5278738737106323,0.023348206654191,5,1.0,1.0,1.0,1.0,0,0,-0.0052687651797984,-0.5690042812751999,67,-105,thymio-08
192,1788225521.4411757,10000.0,10000.0,0.0,79.71285882030837,-0.6206197738647461,0.1016074642539024,0.3779598474502563,-0.392052412033081,0.7530598044395447,-0.5278738737106323,0.023348206654191,5,1.0,1.0,1.0,1.0,0,0,-0.0032190371167589,-0.5753158112970688,75,-98,thymio-08
193,1788225522.0448084,2.4651832580566406,-1.7622947692871094,-1.0642006291089032,79.71285882030837,2.4651832580566406,0.0716147050261497,-1.7622947692871094,-0.3416456878185272,0.4346612393856048,0.502272367477417,0.6648836731910706,5,1.0,1.0,1.0,0.4166416117452249,0,0,-0.0,-0.5418333059871374,82,-82,thymio-08
194,1788225522.6528063,2.4651832580566406,-1.7622947692871094,-1.0642006291089032,79.61285882030838,2.4651832580566406,0.0716147050261497,-1.7622947692871094,-0.3416456878185272,0.4346612393856048,0.502272367477417,0.6648836731910706,5,1.0,1.0,1.0,0.4166416117452249,0,0,-0.0,-0.4930523921770953,74,-74,thymio-08
195,1788225523.256157,10000.0,10000.0,0.0,79.61285882030838,2.4651832580566406,0.0716147050261497,-1.7622947692871094,-0.3416456878185272,0.4346612393856048,0.502272367477417,0.6648836731910706,5,1.0,1.0,1.0,1.0,0,0,-0.03,-0.493872586987756,-32,-181,thymio-08
196,1788225523.8591864,10000.0,10000.0,0.0,79.61285882030838,2.4651832580566406,0.0716147050261497,-1.7622947692871094,-0.3416456878185272,0.4346612393856048,0.502272367477417,0.6648836731910706,5,1.0,1.0,1.0,1.0,0,0,-0.03,-0.5319704457925769,-26,-187,thymio-08
1,1788224149.5146542,-2.098374128341675,0.69983971118927,-2.439034420740675,100.0,-2.098374128341675,0.1240758970379829,0.69983971118927,-0.7258384823799133,0.2539520561695099,0.1722449511289596,-0.6156286001205444,5,1.0,-0.9669759050058196,1.0,1.0,0,0,-0.0,-0.627051811088669,95,-95,thymio-09
2,1788224150.117808,2.936199188232422,-0.6284598708152771,-1.4836984226835892,100.0,2.936199188232422,0.073834054172039,-0.6284598708152771,0.5596222877502441,-0.1452484428882599,-0.2867794334888458,-0.7638609409332275,5,-0.7137834313455038,1.0,1.0,-0.5166125211488707,0,0,-0.0131549131954988,0.039720650508605,-53,-41,thymio-09
3,1788224150.7264466,2.94030237197876,-0.6212199330329895,-1.5282060958741106,99.9,2.94030237197876,0.0730822756886482,-0.6212199330329895,0.597633957862854,-0.0267633125185966,-0.197340190410614,-0.776642918586731,5,-0.7207200021052012,1.0,1.0,-0.5266455403473408,0,0,-0.0849122387905941,0.0151681169502749,-304,-299,thymio-09
4,1788224151.335796,2.94030237197876,-0.6212199330329895,-1.5282060958741106,99.8,2.94030237197876,0.0730822756886482,-0.6212199330329895,0.597633957862854,-0.0267633125185966,-0.197340190410614,-0.776642918586731,5,1.0,1.0,1.0,-0.5266455403473408,0,0,-0.1977047833862726,0.2368809530287347,-500,-500,thymio-09
5,1788224151.945302,2.9352052211761475,-0.6189687252044678,-2.2963204372093124,99.70000000000002,2.9352052211761475,0.0747579187154769,-0.6189687252044678,0.7345680594444275,-0.0996260344982147,-0.2407825142145156,0.6265047788619995,5,1.0,-0.3759964322570884,1.0,-0.7395113215123679,0,0,-0.0808207312909432,0.4326274565981478,-352,-222,thymio-09
6,1788224152.5532854,2.789717674255371,-0.5973793268203735,-1.521916574236779,98.71448525002909,2.789717674255371,0.0754737555980682,-0.5973793268203735,0.6006881594657898,-0.0125903459265828,-0.1917697042226791,-0.7760409712791443,5,-0.5984656311609838,1.0,1.0,-0.5087608163485151,0,0,-0.1813901370708613,0.1679970754226643,-500,-500,thymio-09
7,1788224153.1619692,2.789717674255371,-0.5973793268203735,-1.521916574236779,98.61448525002908,2.789717674255371,0.0754737555980682,-0.5973793268203735,0.6006881594657898,-0.0125903459265828,-0.1917697042226791,-0.7760409712791443,5,-0.5984656311609838,1.0,1.0,-0.5087608163485151,0,0,-0.1904304447670282,0.2479246570388102,-500,-500,thymio-09
8,1788224153.7705555,2.7421767711639404,-0.5895140767097473,-1.497938578314536,98.37616232756118,2.7421767711639404,0.0759705752134323,-0.5895140767097473,0.5806244015693665,-0.0929611548781395,-0.2544707655906677,-0.7677748799324036,5,-0.550297570583046,1.0,1.0,-0.5321339184986847,0,0,-0.05,0.2902252080894701,-221,-134,thymio-09
9,1788224154.3786662,2.594348907470703,-0.5193397998809814,-1.496218372976187,97.49622601778428,2.594348907470703,0.0777404829859733,-0.5193397998809814,0.5696428418159485,-0.1232335045933723,-0.2706822454929352,-0.7661929726600647,5,-0.4284053466733397,1.0,1.0,-0.5997432939554361,0,0,-0.0484515979149573,0.3279098366976676,-222,-123,thymio-09
10,1788224154.9876056,2.542155504226685,-0.4938378632068634,-1.4452867406680374,97.14438132968012,2.542155504226685,0.0781711265444755,-0.4938378632068634,0.5399837493896484,-0.1962858140468597,-0.3261464834213257,-0.750678300857544,5,-0.3994974046437334,1.0,1.0,-0.6403735700166073,0,0,-0.0402849124266619,0.3114023585192819,-190,-96,thymio-09
11,1788224155.595625,2.542155504226685,-0.4938378632068634,-1.4452867406680374,97.04438132968014,2.542155504226685,0.0781711265444755,-0.4938378632068634,0.5399837493896484,-0.1962858140468597,-0.3261464834213257,-0.750678300857544,5,-0.3994974046437334,1.0,1.0,-0.6403735700166073,0,0,-0.0402849124266619,0.2984102621065946,-188,-98,thymio-09
12,1788224156.2041638,2.50684118270874,-0.4686656594276428,-1.3484075256728876,96.82630574204964,2.50684118270874,0.078823909163475,-0.4686656594276428,0.4961950778961181,-0.2858625054359436,-0.3852554857730865,-0.723637580871582,5,-0.6506854564189226,1.0,1.0,1.0,0,0,-0.1231458292438978,0.0757931254056323,-449,-426,thymio-09
13,1788224156.8126326,2.477945327758789,-0.4330421686172485,-1.111490573395017,96.63786903751256,2.477945327758789,0.0797969996929168,-0.4330421686172485,0.4403819739818573,-0.3814072012901306,-0.4440271258354187,-0.6807585954666138,5,-0.6461146800007402,1.0,1.0,1.0,0,0,-0.1536239277383722,-0.0136276288471994,-500,-500,thymio-09
14,1788224157.420566,2.4398159980773926,-0.3354115486145019,-3.016351753949782,96.3441980575994,2.4398159980773926,0.0800563767552375,-0.3354115486145019,0.4943934977054596,0.2170641273260116,-0.5970107913017273,0.5933265686035156,5,1.0,1.0,1.0,-0.6421591872410917,0,0,-0.1538800845971236,-0.1080321187758569,-500,-500,thymio-09
15,1788224158.0296805,2.4398159980773926,-0.3354115486145019,-3.016351753949782,96.24419805759942,2.4398159980773926,0.0800563767552375,-0.3354115486145019,0.4943934977054596,0.2170641273260116,-0.5970107913017273,0.5933265686035156,5,1.0,1.0,1.0,-0.6421591872410917,0,0,-0.1581755833794545,0.3942572604451819,-500,-500,thymio-09
16,1788224158.6377716,2.40309476852417,-0.2392650544643402,-1.0098167076433966,95.98004725039112,2.40309476852417,0.0811908841133117,-0.2392650544643402,-0.4269018769264221,0.399878591299057,0.4584096372127533,0.6691133379936218,5,-0.6091539304854777,1.0,-0.2726022101938559,1.0,0,0,-0.1296843006641899,0.1316023578797839,-481,-441,thymio-09
17,1788224159.2461865,2.3446357250213623,-0.0823042243719101,-1.0287455116268176,95.520509932759,2.3446357250213623,0.0827989280223846,-0.0823042243719101,-0.4274744987487793,0.4178307950496673,0.4531018137931824,0.6613484621047974,5,-0.5315420379457332,1.0,-0.1063540996256252,1.0,0,0,-0.1819158421145122,0.1843292083190077,-500,-500,thymio-09
18,1788224159.8543782,2.3446357250213623,-0.0823042243719101,-1.0287455116268176,95.420509932759,2.3446357250213623,0.0827989280223846,-0.0823042243719101,-0.4274744987487793,0.4178307950496673,0.4531018137931824,0.6613484621047974,5,-0.5315420379457332,1.0,-0.1063540996256252,1.0,0,0,-0.05,0.1550368772588217,-201,-154,thymio-09
19,1788224160.4624448,2.316664695739746,0.0036778263747692,-0.9243078142147788,95.20776248275288,2.316664695739746,0.0838841050863266,0.0036778263747692,-0.4139044880867004,0.4286635816097259,0.4632370769977569,0.6560046076774597,5,-0.2207792526771171,1.0,-0.5003459409055916,1.0,0,0,-0.05,-0.0037349141407763,-177,-178,thymio-09
20,1788224161.0704813,2.292730569839477,0.0840942934155464,-0.6904935039138356,95.00602050650978,2.292730569839477,0.0852136611938476,0.0840942934155464,-0.3930946886539459,0.4434043169021606,0.4875581562519073,0.6412146091461182,5,1.0,1.0,-0.4306197530202043,1.0,0,0,-0.05,-0.1985413027567067,-148,-208,thymio-09
21,1788224161.6790817,2.292730569839477,0.0840942934155464,-0.6904935039138356,94.9060205065098,2.292730569839477,0.0852136611938476,0.0840942934155464,-0.3930946886539459,0.4434043169021606,0.4875581562519073,0.6412146091461182,5,1.0,1.0,-0.4306197530202043,1.0,0,0,-0.05,-0.0598859965769682,-169,-187,thymio-09
22,1788224162.287141,2.2827980518341064,0.1376650482416153,-0.7998885374825506,94.80292349777623,2.2827980518341064,0.0853350684046745,0.1376650482416153,-0.4017298519611358,0.4366467893123626,0.4763290584087372,0.6488938927650452,5,1.0,1.0,-0.3475229721772424,1.0,0,0,-0.178003552272668,-0.0955283122434821,-500,-500,thymio-09
23,1788224162.8953593,2.269116878509521,0.1907975524663925,-1.048685889931238,94.68860717941818,2.269116878509521,0.0859298557043075,0.1907975524663925,-0.4290663003921509,0.4089002609252929,0.4508312046527862,0.66742342710495,5,1.0,1.0,-0.2437186348365453,1.0,0,0,-0.1626223735173038,-0.124876552949686,-500,-500,thymio-09
24,1788224163.5033598,2.269116878509521,0.1907975524663925,-1.048685889931238,94.5886071794182,2.269116878509521,0.0859298557043075,0.1907975524663925,-0.4290663003921509,0.4089002609252929,0.4508312046527862,0.66742342710495,5,1.0,1.0,-0.2437186348365453,1.0,0,0,-0.1636002524541681,-0.2047753281987336,-500,-500,thymio-09
25,1788224164.1120012,2.240011692047119,0.2768035531044006,-1.0021943427394795,94.3541971079868,2.240011692047119,0.0870846211910247,0.2768035531044006,-0.4213462769985199,0.4161522090435028,0.4550497531890869,0.6649919748306274,5,1.0,1.0,-0.1218462748330448,1.0,0,0,-0.1624040368626912,-0.2874474534862221,-500,-500,thymio-09
26,1788224164.7206948,2.191157102584839,0.430980235338211,-0.9497409367133374,93.9767931479782,2.191157102584839,0.0882963240146637,0.430980235338211,-0.4213528633117676,0.4199207723140716,0.4642645418643951,0.6561911106109619,5,1.0,1.0,0.0451129711525002,1.0,0,0,-0.120962268703449,-0.2789441089204854,-388,-472,thymio-09
27,1788224165.328699,2.1621131896972656,0.5314193964004517,-0.9106872286671176,93.7289322306273,2.1621131896972656,0.0897000283002853,0.5314193964004517,-0.4157778322696686,0.4118923544883728,0.4704692661762237,0.6604030728340149,5,1.0,1.0,0.1325540588780089,1.0,0,0,-0.1280706183095167,-0.3772256546368987,-398,-500,thymio-09
28,1788224165.9375072,2.1621131896972656,0.5314193964004517,-0.9106872286671176,93.6289322306273,2.1621131896972656,0.0897000283002853,0.5314193964004517,-0.4157778322696686,0.4118923544883728,0.4704692661762237,0.6604030728340149,5,1.0,1.0,0.1325540588780089,1.0,0,0,-0.098904653300794,-0.3902277481681684,-292,-410,thymio-09
29,1788224166.5460029,2.1260459423065186,0.6385877728462219,-1.092775526207646,93.33736774165271,2.1260459423065186,0.0904022902250289,0.6385877728462219,-0.4429920017719269,0.3692699670791626,0.4496491253376007,0.6820656657218933,5,1.0,1.0,0.2358459968264241,1.0,0,0,-0.0776449131131568,-0.3982885416863013,-216,-336,thymio-09
30,1788224167.1544025,2.0781702995300293,0.7368025779724121,-1.3590369257425687,92.9899958500332,2.0781702995300293,0.0908046439290046,0.7368025779724121,-0.5014658570289612,0.2774631083011627,0.3810188174247741,0.7255142331123352,5,1.0,1.0,0.3458058544676763,1.0,0,0,-0.0635251750885869,-0.3989722043038844,-165,-286,thymio-09
31,1788224167.7629435,2.043508052825928,0.7790851593017578,-1.4618749524352523,92.78327171284909,2.043508052825928,0.0916169807314872,0.7790851593017578,-0.5470932722091675,0.1913338750600814,0.3189848363399505,0.7498859763145447,5,0.5476635471166895,1.0,0.4081218882914477,1.0,0,0,-0.0616477760045144,-0.3695417273912537,-163,-275,thymio-09
32,1788224168.3713014,2.043508052825928,0.7790851593017578,-1.4618749524352523,92.68327171284908,2.043508052825928,0.0916169807314872,0.7790851593017578,-0.5470932722091675,0.1913338750600814,0.3189848363399505,0.7498859763145447,5,0.5476635471166895,1.0,0.4081218882914477,1.0,0,0,-0.077742919654845,-0.3754174064453344,-220,-333,thymio-09
33,1788224168.980144,2.0003020763397217,0.8132792711257935,-1.5208120633677962,92.4379173108233,2.0003020763397217,0.0929947048425674,0.8132792711257935,-0.5797255039215088,0.0783686935901641,0.2318810075521469,0.7771795392036438,5,0.4466096786262163,1.0,0.7776036864636038,1.0,0,0,-0.1179242787713915,-0.3334120448013556,-369,-469,thymio-09
34,1788224169.5884595,1.91127610206604,0.8351810574531555,-1.5451467307548727,91.94613684981654,1.91127610206604,0.0929959118366241,0.8351810574531555,-0.6227590441703796,-0.0422292277216911,0.1400316506624221,0.7686215043067932,5,0.5025811449766355,1.0,0.8507672090113467,1.0,0,0,-0.1291056417164335,-0.0647986215889123,-449,-469,thymio-09
35,1788224170.196273,1.8442857265472408,0.8408922553062439,-1.5427019190633158,91.58076755492787,1.8442857265472408,0.0938631743192672,0.8408922553062439,-0.6157304644584656,-0.0708057656884193,0.1188958585262298,0.7757102847099304,5,0.5562446733943223,1.0,0.9202099364015588,1.0,0,0,-0.1556197900909038,0.0463904082775349,-500,-500,thymio-09
36,1788224170.80414,1.8442857265472408,0.8408922553062439,-1.5427019190633158,91.48076755492788,1.8442857265472408,0.0938631743192672,0.8408922553062439,-0.6157304644584656,-0.0708057656884193,0.1188958585262298,0.7757102847099304,5,0.5562446733943223,1.0,0.9202099364015588,1.0,0,0,-0.1761700863056592,0.0858555471201296,-500,-500,thymio-09
37,1788224171.4134817,1.715880036354065,0.8384577631950378,-1.5414978163465791,90.60767950163702,1.715880036354065,0.0945883840322494,0.8384577631950378,-0.6183306574821472,-0.0623370669782161,0.1263689398765564,0.7731831669807434,5,0.6494847429847697,1.0,0.9668064585925178,1.0,0,0,-0.1756990449465227,0.1155356940059293,-500,-500,thymio-09
38,1788224172.0210865,1.6247903108596802,0.8383821249008179,-1.5473563513615616,90.05527268942834,1.6247903108596802,0.0947460532188415,0.8383821249008179,-0.6263336539268494,-0.0530240125954151,0.1304417103528976,0.7667330503463745,5,0.7227785241056859,1.0,1.0,1.0,0,0,-0.1999601040648492,-0.0486690773995111,-500,-500,thymio-09
39,1788224172.6291988,1.4860684871673584,0.8386220335960388,-1.5221371616657506,89.27930697015208,1.4860684871673584,0.0968146994709968,0.8386220335960388,0.616764485836029,0.0529231280088424,-0.1456969827413559,-0.771733820438385,5,0.8412913565812556,1.0,1.0,1.0,0,0,-0.181948786319865,0.2606826199555702,-500,-500,thymio-09
40,1788224173.2376878,1.4860684871673584,0.8386220335960388,-1.5221371616657506,89.17930697015208,1.4860684871673584,0.0968146994709968,0.8386220335960388,0.616764485836029,0.0529231280088424,-0.1456969827413559,-0.771733820438385,5,0.8412913565812556,1.0,1.0,1.0,0,0,-0.1952041363839038,0.2213897127096608,-500,-500,thymio-09
41,1788224173.8462574,1.369644284248352,0.8426856398582458,-1.5219725348605413,88.53320892127296,1.369644284248352,0.0958958119153976,0.8426856398582458,0.6044455766677856,0.0626554787158966,-0.1376290768384933,-0.7821624875068665,5,0.9375606779404526,1.0,1.0,1.0,0,0,-0.1959880823727733,0.2104644254413513,-500,-500,thymio-09
42,1788224174.45426,1.226858377456665,0.847571849822998,-1.530959868204462,87.65152615369979,1.226858377456665,0.096437431871891,0.847571849822998,0.6042296290397644,0.0538916662335395,-0.1386090964078903,-0.7828089594841003,5,-0.9314933911861596,1.0,1.0,1.0,0,0,-0.0,0.18303300258789,-28,28,thymio-09
43,1788224175.0622427,1.226858377456665,0.847571849822998,-1.530959868204462,87.5515261536998,1.226858377456665,0.096437431871891,0.847571849822998,0.6042296290397644,0.0538916662335395,-0.1386090964078903,-0.7828089594841003,5,-0.9314933911861596,1.0,1.0,1.0,0,0,-0.0,0.1135400695857864,-17,17,thymio-09
44,1788224175.6706507,1.1566444635391235,0.8506097197532654,-1.5258423956328446,87.16831592740267,1.1566444635391235,0.0980764403939247,0.8506097197532654,0.6054503321647644,0.0392232611775398,-0.1527421921491623,-0.780103325843811,5,1.0,1.0,1.0,1.0,0,0,-0.1985317996487825,0.1008552573688993,-500,-500,thymio-09
45,1788224176.2782614,1.1197855472564695,0.8553068041801453,-1.51733398887904,86.969313945043,1.1197855472564695,0.0980835482478141,0.8553068041801453,0.5927190184593201,-0.0230643767863512,-0.2001969814300537,-0.7797906398773193,5,1.0,1.0,1.0,1.0,0,0,-0.1947086026516652,0.0656561644749637,-500,-500,thymio-09
46,1788224176.88619,1.1197855472564695,0.8553068041801453,-1.51733398887904,86.869313945043,1.1197855472564695,0.0980835482478141,0.8553068041801453,0.5927190184593201,-0.0230643767863512,-0.2001969814300537,-0.7797906398773193,5,1.0,1.0,1.0,1.0,0,0,-0.1948738871488679,0.18054875452045,-500,-500,thymio-09
47,1788224177.4941075,1.02980637550354,0.8781472444534302,-1.5234504797040889,86.26245804887172,1.02980637550354,0.0992616638541221,0.8781472444534302,-0.5919378399848938,0.0294969491660594,0.200829192996025,0.7800046801567078,5,1.0,1.0,1.0,1.0,0,0,-0.1954298687209641,0.2151552330134263,-500,-500,thymio-09
48,1788224178.1018424,0.9330576062202454,0.9042190313339232,-2.3213534263603357,85.6711232521425,0.9330576062202454,0.1009961664676666,0.9042190313339232,-0.7246298789978027,0.0718760937452316,0.2825619578361511,-0.624423086643219,5,1.0,1.0,1.0,1.0,0,0,-0.1963076687342756,0.3336450463100676,-500,-500,thymio-09
49,1788224178.7097511,0.9330576062202454,0.9042190313339232,-2.3213534263603357,85.5711232521425,0.9330576062202454,0.1009961664676666,0.9042190313339232,-0.7246298789978027,0.0718760937452316,0.2825619578361511,-0.624423086643219,5,1.0,1.0,1.0,1.0,0,0,-0.1973980057847392,0.3619317972789276,-500,-500,thymio-09
50,1788224179.318781,0.8049899935722351,0.939678430557251,-2.317383525122659,84.77960111275497,0.8049899935722351,0.1020472422242164,0.939678430557251,-0.7247105836868286,0.0692423805594444,0.2824447154998779,-0.6246801018714905,5,1.0,1.0,1.0,1.0,0,0,-0.1834413556341074,0.3665010741926929,-500,-500,thymio-09
51,1788224179.9267044,0.6570416688919067,0.9802511930465698,-1.4853297595941868,83.94381265865721,0.6570416688919067,0.1037844270467758,0.9802511930465698,-0.5929555296897888,0.0291096195578575,0.2231385111808776,0.7731530666351318,5,1.0,1.0,1.0,1.0,0,0,-0.1668650114494957,0.3166103965622784,-500,-500,thymio-09
52,1788224180.5355744,0.562541127204895,1.007012963294983,-2.32209416884772,83.41986145557706,0.562541127204895,0.104308009147644,1.007012963294983,-0.7217050194740295,0.0685485154390335,0.2852832078933716,-0.6269422769546509,5,1.0,1.0,1.0,1.0,0,0,-0.1569354356201041,0.4077895252433923,-500,-496,thymio-09
53,1788224181.1439128,0.4610448777675628,1.0347195863723757,-2.3289684445827983,82.85598424899445,0.4610448777675628,0.1042674332857132,1.0347195863723757,-0.7109894156455994,0.0662137493491172,0.2886110246181488,-0.6378194093704224,5,1.0,1.0,1.0,1.0,0,0,-0.1457099376371326,0.3682734097571386,-500,-462,thymio-09
54,1788224181.752331,0.4610448777675628,1.0347195863723757,-2.3289684445827983,82.75598424899445,0.4610448777675628,0.1042674332857132,1.0347195863723757,-0.7109894156455994,0.0662137493491172,0.2886110246181488,-0.6378194093704224,5,1.0,1.0,1.0,1.0,0,0,-0.1457304546136586,0.3640769230128083,-500,-463,thymio-09
55,1788224182.3604484,0.4191506505012512,1.0472512245178225,-2.3185209570270726,82.47742770858184,0.4191506505012512,0.1053232327103614,1.0472512245178225,-0.7149094343185425,0.0654976665973663,0.2836302518844604,-0.6357424855232239,5,1.0,1.0,1.0,1.0,0,0,-0.140703145289412,0.366655891255913,-500,-445,thymio-09
56,1788224182.9701855,0.2637567520141601,1.0942418575286863,-2.3295453920362186,81.50684295870683,0.2637567520141601,0.1071084588766098,1.0942418575286863,0.7024263739585876,-0.0333327874541282,-0.3152113854885101,0.6372817754745483,5,1.0,1.0,1.0,1.0,0,0,-0.1219501275609806,0.3692889522789725,-489,-378,thymio-09
57,1788224183.5787897,0.2637567520141601,1.0942418575286863,-2.3295453920362186,81.40684295870683,0.2637567520141601,0.1071084588766098,1.0942418575286863,0.7024263739585876,-0.0333327874541282,-0.3152113854885101,0.6372817754745483,5,1.0,1.0,1.0,1.0,0,0,-0.1219529127559689,0.3702941353248155,-489,-377,thymio-09
58,1788224184.1884096,0.1306801587343216,1.1483792066574097,-2.35383008872276,80.57735871810614,0.1306801587343216,0.1079495251178741,1.1483792066574097,0.6865562796592712,-0.0031206458806991,-0.3487836122512817,0.6379504799842834,5,1.0,1.0,1.0,1.0,0,0,-0.1003605737570756,0.3711879119520669,-413,-301,thymio-09
59,1788224184.7968717,0.0588864684104919,1.1881211996078491,-2.429358906452208,80.08808960760611,0.0588864684104919,0.109278954565525,1.1881211996078491,0.651991069316864,0.0467249043285846,-0.4108196496963501,0.6355720162391663,5,1.0,1.0,1.0,1.0,0,0,-0.0845204085209082,0.3738636830811274,-357,-244,thymio-09
60,1788224185.405593,0.0588864684104919,1.1881211996078491,-2.429358906452208,79.98808960760611,0.0588864684104919,0.109278954565525,1.1881211996078491,0.651991069316864,0.0467249043285846,-0.4108196496963501,0.6355720162391663,5,1.0,1.0,1.0,1.0,0,0,-0.0845081050803137,0.370021153923519,-356,-244,thymio-09
61,1788224186.0132904,-0.026766188442707,1.259818434715271,-2.6146251128473663,79.4435919521201,-0.026766188442707,0.110191561281681,1.259818434715271,0.5879451036453247,0.1330226510763168,-0.5039451122283936,0.6185990571975708,5,1.0,1.0,1.0,1.0,0,0,-0.0559324120625753,0.3790077793901891,-256,-142,thymio-09
62,1788224186.6215382,-0.0356206186115741,1.2691272497177124,-2.664090497997415,79.34359195212011,-0.0356206186115741,0.110069066286087,1.2691272497177124,0.5728457570075989,0.1484534293413162,-0.519378662109375,0.6164860725402832,5,1.0,1.0,1.0,1.0,0,0,-0.0522060495120813,0.3724505815234509,-242,-129,thymio-09
63,1788224187.2296295,-0.0953269526362419,1.3839671611785889,-0.3662750733620274,78.91572739600535,-0.0953269526362419,0.111452043056488,1.3839671611785889,0.3638457953929901,-0.4710572361946106,-0.5105940699577332,-0.6204958558082581,5,1.0,1.0,1.0,-0.9960675482754652,0,0,-0.0,0.2300831041149009,-35,35,thymio-09
64,1788224187.8373568,-0.0953269526362419,1.3839671611785889,-0.3662750733620274,78.81572739600536,-0.0953269526362419,0.111452043056488,1.3839671611785889,0.3638457953929901,-0.4710572361946106,-0.5105940699577332,-0.6204958558082581,5,1.0,1.0,1.0,-0.9960675482754652,0,0,-0.0,0.4100057552657959,-62,62,thymio-09
65,1788224188.4451902,-0.0981520414352417,1.4465184211730957,0.5855900624195804,78.71572739600536,-0.0981520414352417,0.1105032861232757,1.4465184211730957,0.2743237614631653,-0.5756744146347046,-0.5658140182495117,-0.5226852893829346,5,1.0,-0.9623309120370828,1.0,1.0,0,0,-0.0,0.3638807556148045,-55,55,thymio-09
66,1788224189.0538208,-0.1029388085007667,1.4498432874679563,0.8369001643053893,78.61572739600537,-0.1029388085007667,0.109627716243267,1.4498432874679563,0.1987327486276626,-0.642489492893219,-0.5877503156661987,-0.4497357606887817,5,1.0,-0.959007934611306,1.0,1.0,0,0,-0.0,-0.0051905661633847,1,-1,thymio-09
67,1788224189.662129,-0.1088160499930381,1.4566901922225952,1.0122985947758742,78.51572739600537,-0.1088160499930381,0.1083972603082656,1.4566901922225952,0.1032868027687072,-0.711512565612793,-0.6165597438812256,-0.3208362162113189,5,1.0,1.0,1.0,1.0,0,0,-0.0,-0.4016555350520321,61,-61,thymio-09
68,1788224190.2716074,-0.1088160499930381,1.4566901922225952,1.0122985947758742,78.41572739600538,-0.1088160499930381,0.1083972603082656,1.4566901922225952,0.1032868027687072,-0.711512565612793,-0.6165597438812256,-0.3208362162113189,5,1.0,1.0,1.0,1.0,0,0,-0.0,-0.4867989513950355,74,-74,thymio-09
69,1788224190.8801267,-0.108845554292202,1.456689476966858,1.012722517362894,78.31572739600539,-0.108845554292202,0.1083801612257957,1.456689476966858,0.1032965034246444,-0.7117260098457336,-0.6163696050643921,-0.3207250833511352,5,1.0,1.0,1.0,1.0,0,0,-0.0,-0.5163759283160684,78,-78,thymio-09
70,1788224191.4880888,-0.0988644436001777,1.4471946954727173,0.6153922990147653,78.21572739600539,-0.0988644436001777,0.1101267337799072,1.4471946954727173,0.2736865580081939,-0.5780530571937561,-0.5696272253990173,-0.5162124037742615,5,1.0,1.0,1.0,1.0,0,0,-0.0,-0.5305724357922114,80,-80,thymio-09
71,1788224192.0964217,-0.0931171104311943,1.445623755455017,-0.1819951840263556,78.1157273960054,-0.0931171104311943,0.1096689254045486,1.445623755455017,0.3575406670570373,-0.4959823787212372,-0.5124436616897583,-0.6029658317565918,5,1.0,-0.9945656360018984,1.0,1.0,0,0,-0.0,-0.6126968278434729,93,-93,thymio-09
72,1788224192.7051325,-0.0931171104311943,1.445623755455017,-0.1819951840263556,78.0157273960054,-0.0931171104311943,0.1096689254045486,1.445623755455017,0.3575406670570373,-0.4959823787212372,-0.5124436616897583,-0.6029658317565918,5,1.0,-0.9945656360018984,1.0,1.0,0,0,0.0,-0.616263979770374,93,-93,thymio-09
73,1788224193.3135104,-0.0908790230751037,1.4447516202926636,-0.5730269684787714,77.91572739600541,-0.0908790230751037,0.111587680876255,1.4447516202926636,0.3816175460815429,-0.4465533196926117,-0.5006135106086731,-0.635880708694458,5,1.0,1.0,1.0,1.0,0,0,0.0,-0.5723083176893223,86,-86,thymio-09
74,1788224193.922042,-0.0764093548059463,1.446733474731445,-1.323263193415045,77.81572739600541,-0.0764093548059463,0.1116155833005905,1.446733474731445,0.4899709522724151,-0.2916392385959625,-0.3929116129875183,-0.7214537262916565,5,1.0,1.0,1.0,1.0,0,0,-0.0,-0.4973448754090017,75,-75,thymio-09
75,1788224194.5298843,-0.0674164444208145,1.4572670459747314,-1.488857427618913,77.71572739600542,-0.0674164444208145,0.1113352105021476,1.4572670459747314,0.5911084413528442,-0.0659650415182113,-0.2452385127544403,-0.7655700445175171,5,1.0,1.0,1.0,1.0,0,0,-0.0,-0.394629387730252,60,-60,thymio-09
76,1788224195.1384733,-0.0674164444208145,1.4572670459747314,-1.488857427618913,77.61572739600543,-0.0674164444208145,0.1113352105021476,1.4572670459747314,0.5911084413528442,-0.0659650415182113,-0.2452385127544403,-0.7655700445175171,5,1.0,1.0,1.0,1.0,0,0,-0.0,-0.1843807216680824,28,-28,thymio-09
77,1788224195.7421722,10000.0,10000.0,0.0,77.61572739600543,-0.0674164444208145,0.1113352105021476,1.4572670459747314,0.5911084413528442,-0.0659650415182113,-0.2452385127544403,-0.7655700445175171,5,1.0,1.0,1.0,1.0,0,0,-0.03,-0.1761415852399142,-80,-133,thymio-09
78,1788224196.346624,10000.0,10000.0,0.0,77.61572739600543,-0.0674164444208145,0.1113352105021476,1.4572670459747314,0.5911084413528442,-0.0659650415182113,-0.2452385127544403,-0.7655700445175171,5,1.0,1.0,1.0,1.0,0,0,-0.03,-0.2741594350834813,-65,-148,thymio-09
79,1788224196.950331,10000.0,10000.0,0.0,77.61572739600543,-0.0674164444208145,0.1113352105021476,1.4572670459747314,0.5911084413528442,-0.0659650415182113,-0.2452385127544403,-0.7655700445175171,5,1.0,1.0,1.0,1.0,0,0,-0.03,-0.3610643704126015,-52,-161,thymio-09
80,1788224197.5541594,-0.0947549045085907,1.464028239250183,-1.377487653492716,77.61572739600543,-0.0947549045085907,0.1108034253120422,1.464028239250183,0.6032625436782837,0.4201331436634063,0.1767654567956924,-0.6544589400291443,5,1.0,1.0,1.0,1.0,0,0,-0.0,-0.3096975714598335,47,-47,thymio-09
81,1788224198.1627774,-0.0947549045085907,1.464028239250183,-1.377487653492716,77.51572739600543,-0.0947549045085907,0.1108034253120422,1.464028239250183,0.6032625436782837,0.4201331436634063,0.1767654567956924,-0.6544589400291443,5,1.0,1.0,1.0,1.0,0,0,-0.0,-0.16949985100875,26,-26,thymio-09
82,1788224198.770591,-0.113212764263153,1.4428462982177734,-1.1653444288255068,77.40725153577658,-0.113212764263153,0.111228235065937,1.4428462982177734,0.573532223701477,0.5037769079208374,0.2464624047279358,-0.5970978736877441,5,1.0,1.0,1.0,1.0,0,0,-0.0,-0.0612818327905165,9,-9,thymio-09
83,1788224199.3792658,-0.1190878078341484,1.4439693689346311,-0.7699136529026882,77.30725153577659,-0.1190878078341484,0.11118034273386,1.4439693689346311,0.5450226068496704,0.566702127456665,0.3106246888637543,-0.5341454744338989,5,1.0,1.0,1.0,1.0,0,0,-0.0,-0.0614814470746024,9,-9,thymio-09
84,1788224199.987555,-0.1190878078341484,1.4439693689346311,-0.7699136529026882,77.20725153577659,-0.1190878078341484,0.11118034273386,1.4439693689346311,0.5450226068496704,0.566702127456665,0.3106246888637543,-0.5341454744338989,5,1.0,1.0,1.0,1.0,0,0,-0.0,-0.0778262405477627,12,-12,thymio-09
85,1788224200.595317,-0.122531734406948,1.4440699815750122,-0.3603255038527333,77.1072515357766,-0.122531734406948,0.111145868897438,1.4440699815750122,0.5225018262863159,0.6020651459693909,0.3482697606086731,-0.4931710660457611,5,1.0,1.0,1.0,1.0,0,0,-0.0,-0.1400121481383308,21,-21,thymio-09
86,1788224201.2037897,-0.1234591677784919,1.4447615146636963,-0.2452783772727071,77.0072515357766,-0.1234591677784919,0.1110768988728523,1.4447615146636963,0.5255262851715088,0.6126378178596497,0.3535151779651642,-0.4727834165096283,5,1.0,1.0,1.0,1.0,0,0,-0.0,-0.2316175717658198,35,-35,thymio-09
87,1788224201.8127933,-0.1234591677784919,1.4447615146636963,-0.2452783772727071,76.90725153577661,-0.1234591677784919,0.1110768988728523,1.4447615146636963,0.5255262851715088,0.6126378178596497,0.3535151779651642,-0.4727834165096283,5,1.0,1.0,1.0,1.0,0,0,-0.0,-0.3244295147767757,49,-49,thymio-09
88,1788224202.4203994,-0.1284766644239425,1.443679690361023,0.3061922021560721,76.80725153577662,-0.1284766644239425,0.1109735444188118,1.443679690361023,0.4850890636444092,0.655028760433197,0.4044719636440277,-0.4147630035877228,5,1.0,1.0,1.0,1.0,0,0,-0.0,-0.445003372338451,67,-67,thymio-09
89,1788224203.0288374,-0.1348621994256973,1.442976951599121,-0.0763016022942455,76.70725153577662,-0.1348621994256973,0.0990450903773307,1.442976951599121,0.6408896446228027,0.5511426329612732,0.488886296749115,-0.2156208753585815,5,1.0,1.0,1.0,1.0,0,0,-0.0,-0.506246434601339,76,-76,thymio-09
90,1788224203.6375043,-0.142649620771408,1.438329577445984,0.8992183858621576,76.60725153577663,-0.142649620771408,0.1114363744854927,1.438329577445984,-0.3373550474643707,-0.7532315254211426,-0.5373507142066956,0.1734591424465179,5,1.0,1.0,1.0,1.0,0,0,-0.0,-0.5635326765850046,85,-85,thymio-09
91,1788224204.2458313,-0.1461182534694671,1.4341787099838257,0.9668908721086442,76.50725153577663,-0.1461182534694671,0.1112169325351715,1.4341787099838257,-0.2706075310707092,-0.7668763399124146,-0.5750293731689453,0.0895183086395263,5,1.0,1.0,1.0,1.0,0,0,-0.0,-0.5915547681269892,89,-89,thymio-09
92,1788224204.8535528,-0.1461182534694671,1.4341787099838257,0.9668908721086442,76.40725153577664,-0.1461182534694671,0.1112169325351715,1.4341787099838257,-0.2706075310707092,-0.7668763399124146,-0.5750293731689453,0.0895183086395263,5,1.0,1.0,1.0,1.0,0,0,0.0,-0.6017587611430449,91,-91,thymio-09
93,1788224205.4619431,-0.1493747681379318,1.4179127216339111,1.070600024919251,76.30725153577664,-0.1493747681379318,0.1086780428886413,1.4179127216339111,0.0245950743556022,0.7569012641906738,0.6321890950202942,0.1638063043355941,5,1.0,1.0,1.0,1.0,0,0,0.0,-0.6077454224160682,92,-92,thymio-09
94,1788224206.070517,-0.1386215537786483,1.4017388820648191,2.067953722416856,76.20725153577665,-0.1386215537786483,0.1099906042218208,1.4017388820648191,0.1877635717391967,0.4499060809612274,-0.7530633211135864,0.4418429434299469,5,1.0,1.0,1.0,1.0,0,0,0.0,-0.6182696743022144,93,-93,thymio-09
95,1788224206.678467,-0.1386215537786483,1.4017388820648191,2.067953722416856,76.10725153577665,-0.1386215537786483,0.1099906042218208,1.4017388820648191,0.1877635717391967,0.4499060809612274,-0.7530633211135864,0.4418429434299469,5,1.0,1.0,1.0,1.0,0,0,0.0,-0.6205367733776397,94,-94,thymio-09
96,1788224207.2862868,-0.1318743675947189,1.396672248840332,0.3771043612693923,76.00725153577666,-0.1318743675947189,0.1102648079395294,1.396672248840332,-0.3016163408756256,0.5486841797828674,0.546523928642273,0.5561338663101196,5,1.0,1.0,1.0,1.0,0,0,0.0003223524493937,-0.6049900691528128,93,-90,thymio-09
97,1788224207.8940468,-0.1260928362607956,1.3950883150100708,-0.6330066956588016,75.90725153577667,-0.1260928362607956,0.1109293922781944,1.3950883150100708,-0.3834140002727508,0.4505465626716614,0.4896800220012665,0.6404802799224854,5,1.0,1.0,1.0,1.0,0,0,0.0002673132397237,-0.58652526736578,90,-88,thymio-09
98,1788224208.5035672,-0.1260928362607956,1.3950883150100708,-0.6330066956588016,75.80725153577667,-0.1260928362607956,0.1109293922781944,1.3950883150100708,-0.3834140002727508,0.4505465626716614,0.4896800220012665,0.6404802799224854,5,1.0,1.0,1.0,1.0,0,0,5.96182747423472e-05,-0.5828950067744499,88,-88,thymio-09
99,1788224209.1070747,10000.0,10000.0,0.0,75.80725153577667,-0.1260928362607956,0.1109293922781944,1.3950883150100708,-0.3834140002727508,0.4505465626716614,0.4896800220012665,0.6404802799224854,5,1.0,1.0,1.0,1.0,0,0,-0.0014839410044442,-0.5844625180214458,83,-94,thymio-09
100,1788224209.711141,-0.1036649271845817,1.4071316719055176,-2.3519493904833517,75.80725153577667,-0.1036649271845817,0.1105235293507576,1.4071316719055176,-0.6916413307189941,0.0355027802288532,0.323340356349945,-0.6448433995246887,5,1.0,1.0,1.0,1.0,0,0,-0.0,-0.4916868407361743,74,-74,thymio-09
101,1788224210.3199744,-0.1036649271845817,1.4071316719055176,-2.3519493904833517,75.70725153577668,-0.1036649271845817,0.1105235293507576,1.4071316719055176,-0.6916413307189941,0.0355027802288532,0.323340356349945,-0.6448433995246887,5,1.0,1.0,1.0,1.0,0,0,-0.0,-0.2421166107922211,37,-37,thymio-09
102,1788224210.9231188,10000.0,10000.0,0.0,75.70725153577668,-0.1036649271845817,0.1105235293507576,1.4071316719055176,-0.6916413307189941,0.0355027802288532,0.323340356349945,-0.6448433995246887,5,1.0,1.0,-1.0,1.0,0,0,-0.03,-0.0898840727496865,-93,-120,thymio-09
103,1788224211.526486,10000.0,10000.0,0.0,75.70725153577668,-0.1036649271845817,0.1105235293507576,1.4071316719055176,-0.6916413307189941,0.0355027802288532,0.323340356349945,-0.6448433995246887,5,1.0,1.0,1.0,1.0,0,0,-0.03,-0.4356444671677492,-41,-172,thymio-09
104,1788224212.1294825,-0.1142315939068794,1.4294555187225342,-1.3883471578223414,75.70725153577668,-0.1142315939068794,0.1099524274468422,1.4294555187225342,0.5988426804542542,0.4239683747291565,0.189407005906105,-0.6525054574012756,5,1.0,1.0,1.0,1.0,0,0,-0.0,-0.0888268091379345,13,-13,thymio-09
105,1788224212.738005,-0.1331260949373245,1.4082953929901123,-1.0941857523370584,75.58605486347601,-0.1331260949373245,0.1102950945496559,1.4082953929901123,0.5821017622947693,0.513197660446167,0.2653894126415252,-0.5721487402915955,5,1.0,1.0,1.0,1.0,0,0,-0.0,0.0136696307271597,-2,2,thymio-09
106,1788224213.3462403,-0.1331260949373245,1.4082953929901123,-1.0941857523370584,75.48605486347601,-0.1331260949373245,0.1102950945496559,1.4082953929901123,0.5821017622947693,0.513197660446167,0.2653894126415252,-0.5721487402915955,5,1.0,1.0,1.0,1.0,0,0,-0.0,0.0420603413170487,-6,6,thymio-09
107,1788224213.9549768,-0.1335246115922927,1.4072041511535645,-1.1123324229992253,75.38605486347602,-0.1335246115922927,0.1103355810046196,1.4072041511535645,0.5667110085487366,0.5171763896942139,0.2685169279575348,-0.5824652910232544,5,1.0,1.0,1.0,1.0,0,0,-0.0,0.0640359811135418,-10,10,thymio-09
108,1788224214.563302,-0.134056881070137,1.4069405794143677,-1.078848184106496,75.28605486347602,-0.134056881070137,0.1109729260206222,1.4069405794143677,0.5689795613288879,0.5215703845024109,0.2699624300003052,-0.5756273865699768,5,1.0,1.0,1.0,1.0,0,0,-0.0,0.076847106600581,-12,12,thymio-09
109,1788224215.1711228,-0.1340177953243255,1.406858205795288,-1.084473580948964,75.18605486347603,-0.1340177953243255,0.1109782010316848,1.406858205795288,0.5699319839477539,0.5202509164810181,0.2692145705223083,-0.5762292146682739,5,1.0,1.0,1.0,1.0,0,0,-0.0,0.0850022831303876,-13,13,thymio-09
110,1788224215.779211,-0.1340177953243255,1.406858205795288,-1.084473580948964,75.08605486347604,-0.1340177953243255,0.1109782010316848,1.406858205795288,0.5699319839477539,0.5202509164810181,0.2692145705223083,-0.5762292146682739,5,1.0,1.0,1.0,1.0,0,0,-0.0,0.0892521942868829,-13,13,thymio-09
111,1788224216.3876283,-0.1325230747461319,1.4067078828811646,-1.1553517282477384,74.98605486347604,-0.1325230747461319,0.110080137848854,1.4067078828811646,0.586746335029602,0.4998637437820434,0.2545673251152038,-0.5840038657188416,5,1.0,1.0,1.0,1.0,0,0,-0.0,0.0980369114842132,-15,15,thymio-09
112,1788224216.9961803,-0.1301259398460388,1.405423641204834,-1.2501263485090943,74.88605486347605,-0.1301259398460388,0.110597550868988,1.405423641204834,0.5817887187004089,0.4790953695774078,0.2231277823448181,-0.618226170539856,5,1.0,1.0,1.0,1.0,0,0,-0.0,0.1158685348378542,-17,17,thymio-09
113,1788224217.6049838,-0.1301259398460388,1.405423641204834,-1.2501263485090943,74.78605486347605,-0.1301259398460388,0.110597550868988,1.405423641204834,0.5817887187004089,0.4790953695774078,0.2231277823448181,-0.618226170539856,5,1.0,1.0,1.0,1.0,0,0,-0.0,0.1312268708774624,-20,20,thymio-09
114,1788224218.2134748,-0.1298215985298156,1.403271198272705,-1.3514864036391605,74.68605486347606,-0.1298215985298156,0.1103095188736915,1.403271198272705,0.5978622436523438,0.4400917887687683,0.2029846012592315,-0.6384961605072021,5,1.0,1.0,1.0,1.0,0,0,-0.0,0.1561519945968691,-24,24,thymio-09
115,1788224218.8217733,-0.1277206838130951,1.402187705039978,-1.38521040874243,74.58605486347606,-0.1277206838130951,0.110186219215393,1.402187705039978,0.6172855496406555,0.4037262499332428,0.1608139276504516,-0.6558220982551575,5,1.0,1.0,1.0,1.0,0,0,-0.0,0.1796589314309538,-27,27,thymio-09
116,1788224219.4302604,-0.1277206838130951,1.402187705039978,-1.38521040874243,74.48605486347607,-0.1277206838130951,0.110186219215393,1.402187705039978,0.6172855496406555,0.4037262499332428,0.1608139276504516,-0.6558220982551575,5,1.0,1.0,1.0,1.0,0,0,-0.0,0.1999071160132871,-30,30,thymio-09
117,1788224220.0394106,-0.1269140988588333,1.4009212255477903,-1.4166888540592413,74.38605486347608,-0.1269140988588333,0.1108101531863212,1.4009212255477903,0.6155603528022766,0.3823621273040771,0.1382738351821899,-0.6751037240028381,5,1.0,1.0,1.0,1.0,0,0,-0.0,0.2207968950776208,-33,33,thymio-09
118,1788224220.6480403,-0.1269140988588333,1.4009212255477903,-1.4166888540592413,74.28605486347608,-0.1269140988588333,0.1108101531863212,1.4009212255477903,0.6155603528022766,0.3823621273040771,0.1382738351821899,-0.6751037240028381,5,1.0,1.0,1.0,1.0,0,0,-0.0,0.2375272551663906,-36,36,thymio-09
119,1788224221.2508705,10000.0,10000.0,0.0,74.28605486347608,-0.1269140988588333,0.1108101531863212,1.4009212255477903,0.6155603528022766,0.3823621273040771,0.1382738351821899,-0.6751037240028381,5,1.0,1.0,1.0,1.0,0,0,-0.03,0.1234433439461175,-125,-88,thymio-09
120,1788224221.8544123,10000.0,10000.0,0.0,74.28605486347608,-0.1269140988588333,0.1108101531863212,1.4009212255477903,0.6155603528022766,0.3823621273040771,0.1382738351821899,-0.6751037240028381,5,1.0,1.0,1.0,1.0,0,0,-0.03,0.0339581011456293,-112,-101,thymio-09
121,1788224222.4579282,10000.0,10000.0,0.0,74.28605486347608,-0.1269140988588333,0.1108101531863212,1.4009212255477903,0.6155603528022766,0.3823621273040771,0.1382738351821899,-0.6751037240028381,5,1.0,1.0,1.0,1.0,0,0,-0.03,-0.1599838840968339,-82,-131,thymio-09
122,1788224223.061134,10000.0,10000.0,0.0,74.28605486347608,-0.1269140988588333,0.1108101531863212,1.4009212255477903,0.6155603528022766,0.3823621273040771,0.1382738351821899,-0.6751037240028381,5,1.0,1.0,1.0,1.0,0,0,-0.03,-0.334422387407958,-56,-157,thymio-09
123,1788224223.6641676,10000.0,10000.0,0.0,74.28605486347608,-0.1269140988588333,0.1108101531863212,1.4009212255477903,0.6155603528022766,0.3823621273040771,0.1382738351821899,-0.6751037240028381,5,1.0,1.0,1.0,1.0,0,0,-0.03,-0.4476309674869517,-39,-174,thymio-09
124,1788224224.267116,10000.0,10000.0,0.0,74.28605486347608,-0.1269140988588333,0.1108101531863212,1.4009212255477903,0.6155603528022766,0.3823621273040771,0.1382738351821899,-0.6751037240028381,5,1.0,1.0,1.0,1.0,0,0,-0.03,-0.51025598648257,-30,-184,thymio-09
125,1788224224.8706992,10000.0,10000.0,0.0,74.28605486347608,-0.1269140988588333,0.1108101531863212,1.4009212255477903,0.6155603528022766,0.3823621273040771,0.1382738351821899,-0.6751037240028381,5,1.0,1.0,1.0,1.0,0,0,-0.03,-0.5344200062671806,-26,-187,thymio-09
126,1788224225.4744172,10000.0,10000.0,0.0,74.28605486347608,-0.1269140988588333,0.1108101531863212,1.4009212255477903,0.6155603528022766,0.3823621273040771,0.1382738351821899,-0.6751037240028381,5,1.0,1.0,1.0,1.0,0,0,-0.03,-0.5494060766329789,-24,-190,thymio-09
127,1788224226.077894,-0.2410794794559478,1.364429235458374,-1.3442334545468648,74.28605486347608,-0.2410794794559478,0.112492486834526,1.364429235458374,-0.6110085844993591,-0.4210350513458252,-0.1616904437541961,0.6505799889564514,5,1.0,1.0,1.0,1.0,0,0,-0.0045957901550761,-0.4964928568079471,59,-91,thymio-09
128,1788224226.6865077,-0.2410794794559478,1.364429235458374,-1.3442334545468648,74.18605486347609,-0.2410794794559478,0.112492486834526,1.364429235458374,-0.6110085844993591,-0.4210350513458252,-0.1616904437541961,0.6505799889564514,5,1.0,1.0,1.0,1.0,0,0,-0.0077211735388858,-0.4150938811256135,35,-90,thymio-09
129,1788224227.2948692,-0.2819704115390777,1.3599876165390017,-2.244195825154909,73.94214994554258,-0.2819704115390777,0.1324051767587661,1.3599876165390017,-0.9173983335494996,0.1441953480243683,-0.2130173593759536,0.3036633133888244,5,1.0,1.0,1.0,1.0,0,0,-0.0120024909422946,-0.1022955949439676,-27,-58,thymio-09
130,1788224227.9035246,-0.2766719758510589,1.3313132524490356,0.6091048357765225,73.84214994554259,-0.2766719758510589,0.1120627075433731,1.3313132524490356,0.4481708705425262,0.692581057548523,0.4471715688705444,-0.3457052409648895,5,-0.993138626941987,1.0,1.0,1.0,0,0,-0.0,0.1509441204907635,-23,23,thymio-09
131,1788224228.5122397,-0.2743609547615051,1.324889898300171,0.7342271140479184,73.7421499455426,-0.2743609547615051,0.1108883470296859,1.324889898300171,0.4227741658687591,0.7027322053909302,0.470420092344284,-0.3257826566696167,5,-0.9866745010667995,1.0,1.0,1.0,0,0,-0.0,-0.1916431576799125,29,-29,thymio-09
132,1788224229.1205614,-0.2743609547615051,1.324889898300171,0.7342271140479184,73.6421499455426,-0.2743609547615051,0.1108883470296859,1.324889898300171,0.4227741658687591,0.7027322053909302,0.470420092344284,-0.3257826566696167,5,1.0,1.0,1.0,1.0,0,0,-0.0288266955137889,-0.2662399237212798,-62,-143,thymio-09
133,1788224229.7292635,-0.2763717472553253,1.3249330520629885,0.7307274873233616,73.5421499455426,-0.2763717472553253,0.1145340055227279,1.3249330520629885,0.4111416041851043,0.7264304757118225,0.4526347517967224,-0.313661128282547,5,1.0,1.0,1.0,1.0,0,0,-0.0174419691924587,-0.3593260063635194,-8,-116,thymio-09
134,1788224230.3374658,-0.2667567431926727,1.3050976991653442,0.8555106713266807,73.44214994554261,-0.2667567431926727,0.111132338643074,1.3050976991653442,0.3761311173439026,0.7336491942405701,0.5099846124649048,-0.2453569620847702,5,1.0,1.0,1.0,1.0,0,0,-0.0220217720487283,-0.3787970220616323,-21,-135,thymio-09
135,1788224230.9454958,-0.2621698379516601,1.2923033237457275,0.9249708610519188,73.34214994554262,-0.2621698379516601,0.1115476414561271,1.2923033237457275,0.3183922469615936,0.7582669258117676,0.5482737421989441,-0.1518337428569793,5,1.0,1.0,1.0,1.0,0,0,-0.0218821327624717,-0.4874770361966053,-4,-151,thymio-09
136,1788224231.553589,-0.2621698379516601,1.2923033237457275,0.9249708610519188,73.24214994554262,-0.2621698379516601,0.1115476414561271,1.2923033237457275,0.3183922469615936,0.7582669258117676,0.5482737421989441,-0.1518337428569793,5,1.0,1.0,1.0,1.0,0,0,-0.0184844246764599,-0.586512970957758,23,-154,thymio-09
137,1788224232.1620312,-0.2483146041631698,1.275628685951233,1.01147284915392,73.14214994554263,-0.2483146041631698,0.1103611811995506,1.275628685951233,0.1972330510616302,0.7726297378540039,0.6034123301506042,-0.005996773019433,5,1.0,1.0,1.0,1.0,0,0,-0.007853846780573,-0.6206783817658779,66,-122,thymio-09
138,1788224232.769988,-0.2309883683919906,1.263943791389465,1.067340394449257,73.04214994554263,-0.2309883683919906,0.1087632253766059,1.263943791389465,0.0246032588183879,0.7576472759246826,0.6306089162826538,0.1664263606071472,5,1.0,1.0,1.0,1.0,0,0,0.0143114538453227,-0.6214835803675662,145,-43,thymio-09
139,1788224233.3785174,-0.2274168133735656,1.246694564819336,0.9793424261482322,72.94214994554264,-0.2274168133735656,0.1081684008240699,1.246694564819336,-0.1636746972799301,0.6849369406700134,0.5976002216339111,0.3833352923393249,5,1.0,1.0,1.0,1.0,0,0,0.0230566926752076,-0.6192566649448771,175,-12,thymio-09
140,1788224233.9870884,-0.2274168133735656,1.246694564819336,0.9793424261482322,72.84214994554264,-0.2274168133735656,0.1081684008240699,1.246694564819336,-0.1636746972799301,0.6849369406700134,0.5976002216339111,0.3833352923393249,5,1.0,1.0,1.0,1.0,0,0,0.0223457713375754,-0.6168332346269304,173,-14,thymio-09
141,1788224234.595086,-0.2247152626514434,1.229495644569397,0.559781171816363,72.74214994554265,-0.2247152626514434,0.1106573790311813,1.229495644569397,-0.2637490332126617,0.5767930746078491,0.5654794573783875,0.5272373557090759,5,1.0,1.0,1.0,1.0,0,0,0.0210031715659672,-0.6115410420433051,167,-18,thymio-09
142,1788224235.203314,-0.2148133665323257,1.2110819816589355,-0.6625863186566017,72.64214994554266,-0.2148133665323257,0.109869547188282,1.2110819816589355,-0.3900304138660431,0.4474901854991913,0.4887842535972595,0.6393113136291504,5,1.0,1.0,1.0,1.0,0,0,0.0148178362744163,-0.5903047447725824,142,-36,thymio-09
143,1788224235.8117754,-0.2118325978517532,1.207579493522644,-0.8977643507868578,72.54214994554266,-0.2118325978517532,0.1101591661572456,1.207579493522644,-0.4113631546497345,0.4166093468666076,0.4697359502315521,0.66073077917099,5,1.0,1.0,1.0,1.0,0,0,0.0036965165461727,-0.5760773259988284,100,-74,thymio-09
144,1788224236.41941,-0.2118325978517532,1.207579493522644,-0.8977643507868578,72.44214994554267,-0.2118325978517532,0.1101591661572456,1.207579493522644,-0.4113631546497345,0.4166093468666076,0.4697359502315521,0.66073077917099,5,1.0,1.0,1.0,1.0,0,0,-0.0079648030604562,-0.5528662743602829,55,-112,thymio-09
145,1788224237.0226054,10000.0,10000.0,0.0,72.44214994554267,-0.2118325978517532,0.1101591661572456,1.207579493522644,-0.4113631546497345,0.4166093468666076,0.4697359502315521,0.66073077917099,5,1.0,1.0,1.0,1.0,0,0,-0.03,-0.5559178650790245,-23,-191,thymio-09
146,1788224237.626576,2.4573910236358643,-1.323799967765808,-2.3392839129018426,72.44214994554267,2.4573910236358643,0.0778589099645614,-1.323799967765808,0.6248558163642883,-0.4140708744525909,0.1204490140080452,0.6508399248123169,5,-0.9502200929199432,1.0,1.0,0.1968021280462635,0,0,-0.0,-0.1894481564825368,29,-29,thymio-09
147,1788224238.2351596,2.4573910236358643,-1.323799967765808,-2.3392839129018426,72.34214994554267,2.4573910236358643,0.0778589099645614,-1.323799967765808,0.6248558163642883,-0.4140708744525909,0.1204490140080452,0.6508399248123169,5,-0.9502200929199432,1.0,1.0,0.1968021280462635,0,0,-0.0,0.226671313336309,-34,34,thymio-09
148,1788224238.8391566,10000.0,10000.0,0.0,72.34214994554267,2.4573910236358643,0.0778589099645614,-1.323799967765808,0.6248558163642883,-0.4140708744525909,0.1204490140080452,0.6508399248123169,5,1.0,1.0,-1.0,1.0,0,0,-0.03,0.2300155862128707,-141,-72,thymio-09
149,1788224239.4426906,10000.0,10000.0,0.0,72.34214994554267,2.4573910236358643,0.0778589099645614,-1.323799967765808,0.6248558163642883,-0.4140708744525909,0.1204490140080452,0.6508399248123169,5,1.0,1.0,-1.0,1.0,0,0,-0.03,-0.0484946533472604,-99,-114,thymio-09
150,1788224240.0461798,10000.0,10000.0,0.0,72.34214994554267,2.4573910236358643,0.0778589099645614,-1.323799967765808,0.6248558163642883,-0.4140708744525909,0.1204490140080452,0.6508399248123169,5,1.0,1.0,1.0,1.0,0,0,-0.03,-0.092862455423886,-93,-121,thymio-09
151,1788224240.6501672,10000.0,10000.0,0.0,72.34214994554267,2.4573910236358643,0.0778589099645614,-1.323799967765808,0.6248558163642883,-0.4140708744525909,0.1204490140080452,0.6508399248123169,5,1.0,1.0,1.0,1.0,0,0,-0.03,-0.0950455355407714,-92,-121,thymio-09
152,1788224241.253707,10000.0,10000.0,0.0,72.34214994554267,2.4573910236358643,0.0778589099645614,-1.323799967765808,0.6248558163642883,-0.4140708744525909,0.1204490140080452,0.6508399248123169,5,1.0,1.0,1.0,1.0,0,0,-0.03,-0.2301408880363224,-72,-141,thymio-09
153,1788224241.8567274,10000.0,10000.0,0.0,72.34214994554267,2.4573910236358643,0.0778589099645614,-1.323799967765808,0.6248558163642883,-0.4140708744525909,0.1204490140080452,0.6508399248123169,5,1.0,1.0,-1.0,1.0,0,0,-0.03,-0.1207009121030825,-88,-125,thymio-09
154,1788224242.4603086,2.4838826656341557,-1.4258846044540403,3.044264647772345,72.34214994554267,2.4838826656341557,0.0837699323892593,-1.4258846044540403,0.6098126173019409,-0.6538779735565186,0.1470500826835632,0.4230228960514068,5,1.0,0.2670689336508571,1.0,1.0,0,0,-0.0883510139243868,-0.5494919177547254,-231,-397,thymio-09
155,1788224243.0683956,2.4838826656341557,-1.4258846044540403,3.044264647772345,72.24214994554268,2.4838826656341557,0.0837699323892593,-1.4258846044540403,0.6098126173019409,-0.6538779735565186,0.1470500826835632,0.4230228960514068,5,1.0,0.2792771966003446,-0.9528250092819894,1.0,0,0,0.0,-0.5505699758117815,83,-83,thymio-09
156,1788224243.6714132,-0.3552107810974121,1.126978039741516,-1.380388239522646,72.24214994554268,-0.3552107810974121,0.1088315024971962,1.126978039741516,-0.6069356799125671,-0.4194956421852112,-0.1824689358472824,0.6498904824256897,5,1.0,1.0,1.0,1.0,0,0,-0.022343486801938,-0.4965249907430591,-4,-154,thymio-09
157,1788224244.2799397,-0.3552107810974121,1.126978039741516,-1.380388239522646,72.14214994554268,-0.3552107810974121,0.1088315024971962,1.126978039741516,-0.6069356799125671,-0.4194956421852112,-0.1824689358472824,0.6498904824256897,5,1.0,1.0,1.0,1.0,0,0,-0.072298804539859,-0.1393712845445189,-236,-278,thymio-09
158,1788224244.8885522,-0.3619358539581299,1.1286007165908811,-0.9555294366161192,72.04214994554269,-0.3619358539581299,0.1107797473669052,1.1286007165908811,-0.5627660751342773,-0.5420377254486084,-0.281319797039032,0.5570893883705139,5,1.0,1.0,1.0,1.0,0,0,-0.0941190526565309,0.1166140908080635,-352,-317,thymio-09
159,1788224245.4969769,-0.3817770183086395,1.065852165222168,2.811556040997832,71.87882066009365,-0.3817770183086395,0.1286424100399017,1.065852165222168,0.0440907478332519,0.6677587032318115,0.2580349147319793,-0.6968302726745605,5,1.0,1.0,1.0,1.0,0,0,-0.0972221052264035,-0.2905682287957332,-302,-389,thymio-09
160,1788224246.105724,-0.3817770183086395,1.065852165222168,2.811556040997832,71.77882066009366,-0.3817770183086395,0.1286424100399017,1.065852165222168,0.0440907478332519,0.6677587032318115,0.2580349147319793,-0.6968302726745605,5,1.0,1.0,1.0,1.0,0,0,-0.1080580365055783,-0.5585630214474526,-300,-468,thymio-09
161,1788224246.7137432,-0.4087857902050018,1.006089210510254,-1.1198268087186598,71.58008757059036,-0.4087857902050018,0.0970161184668541,1.006089210510254,-0.4289139807224273,-0.450992226600647,0.0663790702819824,0.7798928022384644,5,1.0,1.0,1.0,1.0,0,0,-0.0215906349962627,-0.4830856898855932,-4,-150,thymio-09
162,1788224247.3218665,-0.3707861006259918,0.8993763327598572,0.4036255172935981,71.48008757059037,-0.3707861006259918,0.1092699840664863,0.8993763327598572,-0.4723336100578308,-0.6580000519752502,-0.4156392812728882,0.4137401580810547,5,1.0,1.0,1.0,1.0,0,0,-0.0654829726738402,-0.5662883595076418,-147,-318,thymio-09
163,1788224247.9303677,-0.3707861006259918,0.8993763327598572,0.4036255172935981,71.38008757059038,-0.3707861006259918,0.1092699840664863,0.8993763327598572,-0.4723336100578308,-0.6580000519752502,-0.4156392812728882,0.4137401580810547,5,1.0,1.0,1.0,1.0,0,0,-0.0237608772963143,-0.5787430232549905,3,-172,thymio-09
164,1788224248.538694,-0.363271951675415,0.8596910834312439,0.807488278520911,71.28008757059038,-0.363271951675415,0.1094435006380081,0.8596910834312439,-0.3953030705451965,-0.7260070443153381,-0.4787662029266357,0.2956895530223846,5,1.0,1.0,1.0,1.0,0,0,-0.0050742597526451,-0.5939054102035307,72,-108,thymio-09
165,1788224249.1475894,-0.3425997197628021,0.8197262287139893,0.9433422987755832,71.18008757059039,-0.3425997197628021,0.1098685786128044,0.8197262287139893,-0.3059692680835724,-0.767263650894165,-0.5434409379959106,0.1495369672775268,5,1.0,1.0,-0.9659498586635464,1.0,0,0,0.0,-0.3259368150096458,49,-49,thymio-09
166,1788224249.7560775,-0.3425997197628021,0.8197262287139893,0.9433422987755832,71.0800875705904,-0.3425997197628021,0.1098685786128044,0.8197262287139893,-0.3059692680835724,-0.767263650894165,-0.5434409379959106,0.1495369672775268,5,1.0,1.0,-0.9659498586635464,1.0,0,0,-0.0,-0.5150002337455099,78,-78,thymio-09
167,1788224250.3640907,-0.3370436429977417,0.8038948178291321,1.01483253219378,70.9800875705904,-0.3370436429977417,0.1086648628115654,0.8038948178291321,-0.1632381379604339,-0.7737326622009277,-0.6108390688896179,-0.0395829640328884,5,1.0,1.0,1.0,1.0,0,0,-0.0213858183030858,-0.6272566806860674,19,-171,thymio-09
168,1788224250.9725444,-0.3376936316490173,0.7977727055549622,1.0440276343074757,70.8800875705904,-0.3376936316490173,0.1075962111353874,0.7977727055549622,-0.0743196532130241,-0.7652431130409241,-0.6264375448226929,-0.1282798498868942,5,1.0,1.0,1.0,1.0,0,0,0.0446686756284185,-0.5999532904470056,249,68,thymio-09
169,1788224251.580825,-0.3376936316490173,0.7977727055549622,1.0440276343074757,70.78008757059041,-0.3376936316490173,0.1075962111353874,0.7977727055549622,-0.0743196532130241,-0.7652431130409241,-0.6264375448226929,-0.1282798498868942,5,1.0,1.0,1.0,1.0,0,0,0.0164019352748723,-0.5917844960193939,148,-31,thymio-09
170,1788224252.1895022,-0.3252328336238861,0.7860777378082275,0.8701793911204998,70.68008757059042,-0.3252328336238861,0.1096685826778411,0.7860777378082275,0.140141487121582,-0.6636411547660828,-0.6141581535339355,-0.4034236967563629,5,1.0,1.0,1.0,1.0,0,0,0.0105819941234303,-0.5903839967894126,127,-52,thymio-09
171,1788224252.7978387,-0.3252328336238861,0.7860777378082275,0.8701793911204998,70.58008757059042,-0.3252328336238861,0.1096685826778411,0.7860777378082275,0.140141487121582,-0.6636411547660828,-0.6141581535339355,-0.4034236967563629,5,1.0,1.0,1.0,1.0,0,0,0.0115447007327902,-0.5943830340858245,131,-49,thymio-09
172,1788224253.4068515,-0.3215338289737701,0.739892840385437,-0.6179438256806069,70.48008757059043,-0.3215338289737701,0.1084607169032096,0.739892840385437,0.3840677440166473,-0.4479915797710418,-0.4935676157474518,-0.63889479637146,5,1.0,1.0,1.0,1.0,0,0,0.0031050443240146,-0.5625960483999873,96,-74,thymio-09
173,1788224254.015559,-0.3099912106990814,0.7337245941162109,-1.2974140252805206,70.38008757059043,-0.3099912106990814,0.1084488779306411,0.7337245941162109,0.4823570251464844,-0.3101319372653961,-0.4035908877849579,-0.7129265069961548,5,1.0,1.0,1.0,1.0,0,0,-0.0308760993443076,-0.5246398875032764,-30,-189,thymio-09
174,1788224254.6236415,-0.3099912106990814,0.7337245941162109,-1.2974140252805206,70.28008757059044,-0.3099912106990814,0.1084488779306411,0.7337245941162109,0.4823570251464844,-0.3101319372653961,-0.4035908877849579,-0.7129265069961548,5,1.0,1.0,1.0,1.0,0,0,-0.0761102528593823,-0.4701930445135566,-199,-341,thymio-09
175,1788224255.2269702,10000.0,10000.0,0.0,70.28008757059044,-0.3099912106990814,0.1084488779306411,0.7337245941162109,0.4823570251464844,-0.3101319372653961,-0.4035908877849579,-0.7129265069961548,5,1.0,1.0,1.0,1.0,0,0,-0.03,-0.4575035833597393,-38,-176,thymio-09
176,1788224255.8313518,10000.0,10000.0,0.0,70.28008757059044,-0.3099912106990814,0.1084488779306411,0.7337245941162109,0.4823570251464844,-0.3101319372653961,-0.4035908877849579,-0.7129265069961548,5,1.0,1.0,1.0,1.0,0,0,-0.03,-0.5101907911169234,-30,-184,thymio-09
177,1788224256.4344935,10000.0,10000.0,0.0,70.28008757059044,-0.3099912106990814,0.1084488779306411,0.7337245941162109,0.4823570251464844,-0.3101319372653961,-0.4035908877849579,-0.7129265069961548,5,1.0,1.0,1.0,1.0,0,0,-0.03,-0.5316954233157143,-26,-187,thymio-09
178,1788224257.03782,3.620416164398194,0.5683008432388306,-2.443476954163852,70.28008757059044,3.620416164398194,0.0743955671787262,0.5683008432388306,-0.6053248047828674,0.2989538908004761,0.1400414109230041,-0.724290668964386,5,1.0,1.0,-0.928772050933791,1.0,0,0,-0.0,-0.2308213869166684,35,-35,thymio-09
179,1788224257.6460989,3.620416164398194,0.5683008432388306,-2.443476954163852,70.18008757059044,3.620416164398194,0.0743955671787262,0.5683008432388306,-0.6053248047828674,0.2989538908004761,0.1400414109230041,-0.724290668964386,5,1.0,1.0,-0.928772050933791,1.0,0,0,-0.0,-0.0698817629799773,11,-11,thymio-09
180,1788224258.2498753,-0.4172245860099792,0.7521972060203552,-1.3439708077690735,70.18008757059044,-0.4172245860099792,0.1089188084006309,0.7521972060203552,0.6010378003120422,0.4345463216304779,0.1845416724681854,-0.6448778510093689,5,1.0,1.0,1.0,1.0,0,0,-0.1698609903056238,-0.1203002272331538,-500,-500,thymio-09
181,1788224258.8587954,-0.4192747771739959,0.7535414695739746,-1.2975601568160435,70.08008757059045,-0.4192747771739959,0.1071501895785331,0.7535414695739746,0.5901349186897278,0.4661916494369507,0.2352022677659988,-0.6156996488571167,5,1.0,1.0,1.0,1.0,0,0,-0.1783873987682926,0.0692390182370769,-500,-500,thymio-09
182,1788224259.4670868,-0.4192747771739959,0.7535414695739746,-1.2975601568160435,69.98008757059046,-0.4192747771739959,0.1071501895785331,0.7535414695739746,0.5901349186897278,0.4661916494369507,0.2352022677659988,-0.6156996488571167,5,1.0,1.0,1.0,1.0,0,0,-0.1846008659213561,0.0990201203955552,-500,-500,thymio-09
183,1788224260.0760412,-0.4643738269805908,0.6688555479049683,-1.2622169978581792,69.66010347957156,-0.4643738269805908,0.1085307672619819,0.6688555479049683,0.5923623442649841,0.4678353369235992,0.2080027610063552,-0.6220705509185791,5,1.0,1.0,1.0,1.0,0,0,-0.1889889316626024,0.1290398718331643,-500,-500,thymio-09
184,1788224260.6840863,-0.544266402721405,0.5075010657310486,-1.2662101517034086,69.07733174642468,-0.544266402721405,0.1062630638480186,0.5075010657310486,0.5831734538078308,0.4785645306110382,0.2451445907354354,-0.6089244484901428,5,1.0,1.0,1.0,1.0,0,0,-0.1916897327681835,0.1493873682418762,-500,-500,thymio-09
185,1788224261.2927542,-0.544266402721405,0.5075010657310486,-1.2662101517034086,68.97733174642468,-0.544266402721405,0.1062630638480186,0.5075010657310486,0.5831734538078308,0.4785645306110382,0.2451445907354354,-0.6089244484901428,5,1.0,1.0,1.0,1.0,0,0,-0.1933392783323103,0.1647904631595145,-500,-500,thymio-09
186,1788224261.9007597,-0.564181387424469,0.461875706911087,-1.1501868022767678,68.82966498228164,-0.564181387424469,0.1068930178880691,0.461875706911087,0.5869859457015991,0.4994999468326568,0.2351152598857879,-0.592172384262085,5,1.0,1.0,1.0,1.0,0,0,-0.1940547009112897,0.1640985780454809,-500,-500,thymio-09
187,1788224262.5044467,-0.6416152715682983,0.2571573555469513,-1.043025719758596,68.82966498228164,-0.6416152715682983,0.1044371649622917,0.2571573555469513,0.5739771723747253,0.5253306031227112,0.2653313279151916,-0.5693657994270325,5,1.0,1.0,1.0,-0.8779965880486247,0,0,-0.0,0.1811096918511572,-27,27,thymio-09
188,1788224263.1125436,-0.6416152715682983,0.2571573555469513,-1.043025719758596,68.72966498228165,-0.6416152715682983,0.1044371649622917,0.2571573555469513,0.5739771723747253,0.5253306031227112,0.2653313279151916,-0.5693657994270325,5,1.0,1.0,1.0,-0.8779965880486247,0,0,-0.0,0.2722327332097392,-41,41,thymio-09
189,1788224263.721474,-0.6608867645263672,0.1982729882001876,-1.049067659580449,68.56065266252013,-0.6608867645263672,0.1033538803458213,0.1982729882001876,0.5670095682144165,0.5271992087364197,0.2693925499916076,-0.5727030634880066,5,1.0,1.0,1.0,1.0,0,0,-0.1784663344201311,0.1063223505037758,-500,-500,thymio-09
190,1788224264.330298,-0.6601599454879761,0.184487909078598,-1.271695191344704,68.46065266252013,-0.6601599454879761,0.1031661257147789,0.184487909078598,0.5939055681228638,0.4652617275714874,0.2105055749416351,-0.6216873526573181,5,1.0,1.0,1.0,1.0,0,0,-0.195019302140352,0.1073450947739078,-500,-500,thymio-09
191,1788224264.9388988,-0.6601599454879761,0.184487909078598,-1.271695191344704,68.36065266252014,-0.6601599454879761,0.1031661257147789,0.184487909078598,0.5939055681228638,0.4652617275714874,0.2105055749416351,-0.6216873526573181,5,1.0,1.0,1.0,1.0,0,0,-0.1926418977196597,0.0238012467724063,-500,-500,thymio-09
192,1788224265.546963,-0.7022862434387207,0.1120131835341453,-1.3325592858706885,68.06781584620609,-0.7022862434387207,0.1022407189011573,0.1120131835341453,0.5966490507125854,0.4450775980949402,0.19990274310112,-0.6371458768844604,5,1.0,1.0,1.0,1.0,0,0,-0.1891929644102405,0.0074290588082276,-500,-500,thymio-09
193,1788224266.155162,-0.7757557034492493,-0.0107281561940908,-1.3529975710857207,67.59685182138739,-0.7757557034492493,0.1007669046521186,-0.0107281561940908,0.5936627388000488,0.4449869096279144,0.2130370438098907,-0.6357408761978149,5,1.0,1.0,1.0,1.0,0,0,-0.1879454410257599,0.0374276259015065,-500,-500,thymio-09
194,1788224266.762823,-0.7757557034492493,-0.0107281561940908,-1.3529975710857207,67.4968518213874,-0.7757557034492493,0.1007669046521186,-0.0107281561940908,0.5936627388000488,0.4449869096279144,0.2130370438098907,-0.6357408761978149,5,1.0,1.0,1.0,1.0,0,0,-0.1885589696639407,0.0762700691849372,-500,-500,thymio-09
195,1788224267.371018,-0.8226365447044373,-0.0941719859838485,-1.311427331698118,67.16807595964605,-0.8226365447044373,0.1000365391373634,-0.0941719859838485,0.5960824489593506,0.4569289088249206,0.2223062813282013,-0.621676504611969,5,1.0,1.0,1.0,1.0,0,0,-0.1896343024579241,0.1050741668405685,-500,-500,thymio-09
196,1788224267.9794598,-0.892849326133728,-0.2280946671962738,-1.1466951564071657,66.70393837337056,-0.892849326133728,0.1030098870396614,-0.2280946671962738,-0.5991026759147644,-0.4926079511642456,-0.2140102535486221,0.5938122868537903,5,1.0,1.0,1.0,-0.9498462947835378,0,0,-0.0,0.1700243599140957,-26,26,thymio-09
1,1788224521.4648116,0.672347366809845,1.4537795782089231,0.6345199290774275,100.0,0.672347366809845,0.1134683489799499,1.4537795782089231,-0.1905502676963806,0.6170447468757629,0.5783349871635437,0.4984726905822754,5,1.0,1.0,0.9776752788110435,1.0,0,0,-0.0,0.5179444542683442,-78,78,thymio-11
2,1788224522.0681689,2.944066047668457,0.1603254377841949,0.9224416043819978,100.0,2.944066047668457,0.0877962335944175,0.1603254377841949,-0.2451050579547882,-0.7944347262382507,-0.5547382235527039,0.0325970165431499,5,1.0,-0.6277020860242213,1.0,-0.6226976064349687,0,0,-0.1462447149758014,0.4075887053730055,-500,-458,thymio-11
3,1788224522.6765354,2.947608232498169,0.1622171998023986,0.8828500591778088,99.9,2.947608232498169,0.087732695043087,0.1622171998023986,-0.3053666949272156,-0.7854925394058228,-0.5243703126907349,0.1216088756918907,5,1.0,-0.6185493579018166,1.0,-0.608802198203787,0,0,-0.1737517404432285,-0.6276168357141857,-500,-500,thymio-11
4,1788224523.28497,2.947608232498169,0.1622171998023986,0.8828500591778088,99.8,2.947608232498169,0.087732695043087,0.1622171998023986,-0.3053666949272156,-0.7854925394058228,-0.5243703126907349,0.1216088756918907,5,1.0,-0.6185493579018166,1.0,-0.608802198203787,0,0,0.0446715790617348,-0.6260928498701408,253,64,thymio-11
5,1788224523.8934782,2.9986963272094727,0.1229275912046432,0.8701176063177112,99.70000000000002,2.9986963272094727,0.0877049043774604,0.1229275912046432,-0.3262620270252228,-0.7793455123901367,-0.5087725520133972,0.1653003096580505,5,1.0,-0.6723594027550968,1.0,-0.5847789918970103,0,0,0.0338557600462255,-0.6275342851176706,215,26,thymio-11
6,1788224524.5019102,3.050187110900879,0.066353403031826,0.9232235873174836,99.60000000000002,3.050187110900879,0.0862602218985557,0.066353403031826,-0.2426817864179611,-0.7942298650741577,-0.5563129782676697,0.0286433938890695,5,1.0,-0.7286176040986017,1.0,-0.5935154140551694,0,0,0.022547861576181,-0.6279433343147018,175,-15,thymio-11
7,1788224525.1102047,3.050187110900879,0.066353403031826,0.9232235873174836,99.50000000000004,3.050187110900879,0.0862602218985557,0.066353403031826,-0.2426817864179611,-0.7942298650741577,-0.5563129782676697,0.0286433938890695,5,1.0,-0.7286176040986017,1.0,-0.5935154140551694,0,0,0.022547861576181,-0.627998209989226,175,-15,thymio-11
8,1788224525.71796,3.0255069732666016,0.0659571960568428,0.9483256818881624,99.3647894439343,3.0255069732666016,0.0867614448070526,0.0659571960568428,-0.1585219204425811,-0.7837923765182495,-0.5945078134536743,-0.0842667073011398,5,1.0,-0.7074083178940961,1.0,-0.6478702173925956,0,0,0.0268109281032866,-0.6280051885501131,190,0,thymio-11
9,1788224526.3259916,2.990753650665283,0.0392554774880409,0.8397904346442089,99.21096310112648,2.990753650665283,0.0871763080358505,0.0392554774880409,0.0919519364833831,-0.6911745667457581,-0.6019402146339417,-0.3892178833484649,5,1.0,-0.6926263667998938,1.0,-0.690416558318816,0,0,0.0297821002732213,-0.6277974409213622,201,11,thymio-11
10,1788224526.933999,2.9838201999664307,0.0094584431499242,0.4077266946322537,99.11096310112649,2.9838201999664307,0.0867341086268425,0.0094584431499242,0.2574472427368164,-0.5702203512191772,-0.5481588840484619,-0.5550599098205566,5,1.0,-0.683025430854594,1.0,-0.6781941717556723,0,0,0.0317118883982266,-0.6272098029528569,207,18,thymio-11
11,1788224527.5424187,2.9838201999664307,0.0094584431499242,0.4077266946322537,99.01096310112648,2.9838201999664307,0.0867341086268425,0.0094584431499242,0.2574472427368164,-0.5702203512191772,-0.5481588840484619,-0.5550599098205566,5,1.0,-0.683025430854594,1.0,-0.6781941717556723,0,0,0.0317118883982266,-0.627670581812664,207,18,thymio-11
12,1788224528.1512413,2.992187976837158,-0.0236954931169748,-0.9282530088621264,98.91096310112648,2.992187976837158,0.0867990553379058,-0.0236954931169748,-0.3948160111904144,0.3961789011955261,0.4649085402488708,0.686310887336731,5,1.0,-0.688127297163539,-0.6757586408808745,1.0,0,0,0.0306864132701286,-0.6231254675924318,203,15,thymio-11
13,1788224528.7604456,3.0228312015533447,-0.0509396567940712,1.6827884667185096,98.81096310112648,3.0228312015533447,0.0842600613832473,-0.0509396567940712,-0.2812585532665252,0.5610557198524475,-0.7784425020217896,0.0117292469367384,5,-0.6903598256381716,-0.682817462086215,1.0,-0.6003889613346167,0,0,0.0302376750467275,-0.5938169183744483,197,18,thymio-11
14,1788224529.3692489,3.056910753250122,-0.0594511218369007,-1.474293305026554,98.7109631011265,3.056910753250122,0.0847871080040931,-0.0594511218369007,0.5832220315933228,0.0245737098157405,-0.2026584893465042,-0.7862429022789001,5,-0.6996070409832928,-0.6832768265395532,-0.5975431287133972,1.0,0,0,0.0283789847623581,-0.6011787549344528,192,10,thymio-11
15,1788224529.9775689,3.056910753250122,-0.0594511218369007,-1.474293305026554,98.6109631011265,3.056910753250122,0.0847871080040931,-0.0594511218369007,0.5832220315933228,0.0245737098157405,-0.2026584893465042,-0.7862429022789001,5,-0.6996070409832928,-0.6832768265395532,-0.5975431287133972,1.0,0,0,0.0283789847623581,-0.6141184825730741,194,8,thymio-11
16,1788224530.5853634,3.085181474685669,-0.0529888793826103,-1.4659919576533351,98.5109631011265,3.085181474685669,0.0854885280132293,-0.0529888793826103,-0.6119489073753357,-0.1943718791007995,0.0764679387211799,0.7628178000450134,5,-0.7176821568999878,-0.6731322661537448,-0.5642554609247065,1.0,0,0,-0.0247458864631024,-0.61840672686538,5,-181,thymio-11
17,1788224531.1938102,3.109912872314453,-0.0276940949261188,-1.26406751974007,98.41096310112653,3.109912872314453,0.0850298404693603,-0.0276940949261188,-0.5929141044616699,-0.4529874920845032,-0.1402644664049148,0.6508310437202454,5,-0.7502043627353954,-0.6550485820276247,-0.4916778876909149,1.0,0,0,-0.0182089230901855,-0.6210831057670566,29,-158,thymio-11
18,1788224531.8022785,3.109912872314453,-0.0276940949261188,-1.26406751974007,98.31096310112652,3.109912872314453,0.0850298404693603,-0.0276940949261188,-0.5929141044616699,-0.4529874920845032,-0.1402644664049148,0.6508310437202454,5,-0.7502043627353954,-0.6550485820276247,-0.4916778876909149,1.0,0,0,-0.0182089230901855,-0.6218701655142188,29,-159,thymio-11
19,1788224532.4101985,3.098784685134888,-0.0358231179416179,-0.8791603990458099,98.21096310112652,3.098784685134888,0.0845709890127182,-0.0358231179416179,-0.5469018220901489,-0.562055766582489,-0.2739550769329071,0.5567229390144348,5,1.0,-0.628570945593079,-0.7586677470606267,1.0,0,0,-0.016507782840814,-0.5843418259104365,30,-147,thymio-11
20,1788224533.0186856,3.089073896408081,-0.0500716716051101,-2.4444148880209715,98.11096310112652,3.089073896408081,0.084853783249855,-0.0500716716051101,0.6772161722183228,0.0918757393956184,-0.4555354416370392,0.5704600214958191,5,-0.7785591859333023,-0.1964515222308492,-0.5953768926264676,1.0,0,0,-0.0183932562917612,-0.6015057298207207,25,-156,thymio-11
21,1788224533.626768,3.089073896408081,-0.0500716716051101,-2.4444148880209715,98.01096310112652,3.089073896408081,0.084853783249855,-0.0500716716051101,0.6772161722183228,0.0918757393956184,-0.4555354416370392,0.5704600214958191,5,-0.7785591859333023,-0.1964515222308492,-0.5953768926264676,1.0,0,0,-0.0150886362459128,-0.5697224058302126,32,-140,thymio-11
22,1788224534.2359009,3.089747667312622,-0.0640890747308731,0.8894698721973509,97.91096310112654,3.089747667312622,0.0847200155258178,-0.0640890747308731,-0.3040123581886291,-0.7807508111000061,-0.5325844883918762,0.119826890528202,5,-0.1723495722103725,-0.8046947393932986,1.0,-0.5766358139736866,0,0,0.0026546709782651,-0.429158673141169,74,-55,thymio-11
23,1788224534.8442535,3.096985340118408,-0.0776775553822517,0.9391788790141068,97.81096310112656,3.096985340118408,0.0857594311237335,-0.0776775553822517,-0.1259521245956421,-0.7843060493469238,-0.5923371315002441,-0.1346728801727295,5,-0.1340167123210459,-0.8243426989247499,1.0,-0.558319699215141,0,0,0.0003260515370418,-0.6190745831508343,95,-92,thymio-11
24,1788224535.452782,3.096985340118408,-0.0776775553822517,0.9391788790141068,97.71096310112657,3.096985340118408,0.0857594311237335,-0.0776775553822517,-0.1259521245956421,-0.7843060493469238,-0.5923371315002441,-0.1346728801727295,5,-0.1340167123210459,-0.8243426989247499,1.0,-0.558319699215141,0,0,0.0033071175161252,-0.6255052344249358,106,-83,thymio-11
25,1788224536.0605905,3.0947790145874023,-0.0842258781194686,0.9113841070960548,97.61096310112656,3.0947790145874023,0.085239328444004,-0.0842258781194686,-0.0250491499900817,-0.7536911964416504,-0.6008226871490479,-0.2652060091495514,5,-0.0767319584593545,-0.8185965030595155,1.0,-0.5509500989760293,0,0,0.0044621028850373,-0.6262496186614444,110,-79,thymio-11
26,1788224536.6687858,3.0972530841827397,-0.1002458110451698,0.5392680095026696,97.51096310112656,3.0972530841827397,0.0846287086606025,-0.1002458110451698,0.2116860598325729,-0.5979582667350769,-0.5663266181945801,-0.5262216925621033,5,0.0451129711525002,1.0,-0.8097157222093379,-0.5301184205322405,0,0,0.006247139835923,-0.3159928219975839,70,-26,thymio-11
27,1788224537.277909,3.1031596660614014,-0.1088688820600509,-0.4905808587180855,97.41096310112655,3.1031596660614014,0.0848501548171043,-0.1088688820600509,0.3443975150585174,-0.4544909298419952,-0.5044115781784058,-0.6483805179595947,5,1.0,-0.510160345991779,-0.8033810210537571,0.1325540588780089,0,0,0.0075204147681948,-0.5594208745747198,111,-58,thymio-11
28,1788224537.8867164,3.1031596660614014,-0.1088688820600509,-0.4905808587180855,97.31096310112656,3.1031596660614014,0.0848501548171043,-0.1088688820600509,0.3443975150585174,-0.4544909298419952,-0.5044115781784058,-0.6483805179595947,5,1.0,-0.510160345991779,-0.8033810210537571,0.1325540588780089,0,0,0.0023881499399164,-0.6214885769066338,102,-85,thymio-11
29,1788224538.494949,3.111992120742798,-0.1167510896921157,-1.1570516221070184,97.21096310112658,3.111992120742798,0.0847998186945915,-0.1167510896921157,0.4374144673347473,-0.314041256904602,-0.4305309653282165,-0.7243548035621643,5,-0.798215757303524,-0.4825777501822366,1.0,0.2358459968264241,1313,0,0.0157230401425479,-0.6271784840762283,151,-39,thymio-11
30,1788224539.1040115,3.127517938613892,-0.1165555790066719,-1.4482521675520823,97.1109631011266,3.127517938613892,0.0839462503790855,-0.1165555790066719,-0.5542309880256653,0.0721297413110733,0.2709256708621979,0.783724844455719,5,-0.8014411895803777,1.0,-0.4492015131522762,0.3458058544676763,1695,0,-0.0047874062444247,-0.1304986462115164,3,-37,thymio-11
31,1788224539.7130082,3.1417267322540283,-0.1134397014975547,1.6737239922130325,97.0109631011266,3.1417267322540283,0.0845066756010055,-0.1134397014975547,0.0215040743350982,-0.5397104024887085,0.8168211579322815,-0.2026166915893554,5,0.4081218882914477,-0.8134536447579765,1.0,-0.4331617283695755,2028,0,-0.08,-0.5674443212808675,-199,-370,thymio-11
32,1788224540.3215876,3.1417267322540283,-0.1134397014975547,1.6737239922130325,96.9109631011266,3.1417267322540283,0.0845066756010055,-0.1134397014975547,0.0215040743350982,-0.5397104024887085,0.8168211579322815,-0.2026166915893554,5,0.4081218882914477,-0.8134536447579765,1.0,-0.4331617283695755,0,0,-0.0010657528335174,-0.6272952706726345,91,-99,thymio-11
33,1788224540.930827,3.1229374408721924,-0.1104893758893013,-1.484112549175435,96.78758770866484,3.1229374408721924,0.0858824998140335,-0.1104893758893013,-0.6019798517227173,-0.1541523188352584,0.1011307388544082,0.7769361734390259,5,-0.7991229862455494,0.4466096786262163,-0.4407168691140396,1.0,0,0,0.0035007625403156,-0.2910180546110102,56,-32,thymio-11
34,1788224541.5392437,3.09030818939209,-0.1083587557077407,-1.350547936056932,96.59893031500768,3.09030818939209,0.0839032307267189,-0.1083587557077407,0.6094042658805847,0.3919702172279358,0.0877571851015091,-0.6835821270942688,5,-0.7847415832613539,1.0,-0.4459520661851684,0.5025811449766355,0,0,-0.0080920267570806,-0.5597623673934665,56,-113,thymio-11
35,1788224542.1479034,3.09069299697876,-0.1039071530103683,-1.281481233093866,96.49893031500768,3.09069299697876,0.0838670209050178,-0.1039071530103683,-0.5991655588150024,-0.4457719624042511,-0.1431934237480163,0.6494487524032593,5,-0.7981573700013829,1.0,-0.4557683427743221,0.5562446733943223,0,0,-0.008570368629722,-0.4734102121701244,41,-102,thymio-11
36,1788224542.7564695,3.09069299697876,-0.1039071530103683,-1.281481233093866,96.39893031500768,3.09069299697876,0.0838670209050178,-0.1039071530103683,-0.5991655588150024,-0.4457719624042511,-0.1431934237480163,0.6494487524032593,5,-0.7981573700013829,1.0,-0.4557683427743221,0.5562446733943223,0,0,-0.008570368629722,-0.4054090515597124,31,-92,thymio-11
37,1788224543.3650022,3.079596519470215,-0.1040671914815902,-0.4527428816576764,96.2989303150077,3.079596519470215,0.0851777791976928,-0.1040671914815902,-0.5395287871360779,-0.61174076795578,-0.302564263343811,0.4930891394615173,5,1.0,-0.5231758373050757,-0.8093064818385698,0.6494847429847697,0,0,-0.0063293971504474,-0.2167483094091266,10,-55,thymio-11
38,1788224543.974433,3.074417352676392,-0.1083496958017349,0.2492972671310447,96.1989303150077,3.074417352676392,0.0848187729716301,-0.1083496958017349,-0.4895029962062835,-0.6810874342918396,-0.3754991292953491,0.3943439722061157,5,0.7227785241056859,-0.5613640095832423,-0.8107910958086161,1.0,0,0,-0.0060309897424681,-0.4921926250912309,53,-96,thymio-11
39,1788224544.582491,3.0723893642425537,-0.1142306476831436,0.6871711670158334,96.0989303150077,3.0723893642425537,0.0842589065432548,-0.1142306476831436,-0.4140243828296661,-0.7362053394317627,-0.4523985385894775,0.2862190008163452,5,0.8412913565812556,-0.5753574817699565,-0.806128837380507,1.0,0,0,0.006968103686518,-0.6079871518685712,117,-67,thymio-11
40,1788224545.1912782,3.0723893642425537,-0.1142306476831436,0.6871711670158334,95.99893031500773,3.0723893642425537,0.0842589065432548,-0.1142306476831436,-0.4140243828296661,-0.7362053394317627,-0.4523985385894775,0.2862190008163452,5,0.8412913565812556,-0.5753574817699565,-0.806128837380507,1.0,0,0,0.006968103686518,-0.624517445034972,119,-70,thymio-11
41,1788224545.7994924,3.064415454864502,-0.1162342354655265,0.8930349372249093,95.89893031500772,3.064415454864502,0.0836146250367164,-0.1162342354655265,-0.2945792078971863,-0.7863848805427551,-0.532761812210083,0.1048184186220169,5,0.9375606779404526,-0.7897370212097432,1.0,-0.6081957821297885,0,0,0.0102628587368416,-0.614201353472558,129,-56,thymio-11
42,1788224546.4077635,3.047243356704712,-0.1248797923326492,0.9371966516786951,95.79893031500772,3.047243356704712,0.0849752277135849,-0.1248797923326492,-0.1086470261216163,-0.7798097133636475,-0.5960560441017151,-0.1575114130973816,5,0.9915133975990034,-0.7568535888992086,1.0,-0.7193282812313722,0,0,0.016872428631259,-0.6250292403668898,154,-34,thymio-11
43,1788224547.0162685,3.047243356704712,-0.1248797923326492,0.9371966516786951,95.69893031500771,3.047243356704712,0.0849752277135849,-0.1248797923326492,-0.1086470261216163,-0.7798097133636475,-0.5960560441017151,-0.1575114130973816,5,0.9915133975990034,-0.7568535888992086,1.0,-0.7193282812313722,0,0,0.016872428631259,-0.6245187479564417,154,-34,thymio-11
44,1788224547.6253655,3.035027027130127,-0.1423720121383667,0.8398102333453275,95.59893031500772,3.035027027130127,0.08488030731678,-0.1423720121383667,0.0803322941064834,-0.6916170120239258,-0.6094002723693848,-0.3792676031589508,5,1.0,1.0,-0.72063639831383,-0.7820359988566399,0,0,0.0118107642298153,-0.5419369914703079,124,-40,thymio-11
45,1788224548.2339108,3.033874988555908,-0.1725145727396011,-0.0476937261762362,95.49893031500774,3.033874988555908,0.0845089852809906,-0.1725145727396011,0.3074607253074646,-0.5039235949516296,-0.5322485566139221,-0.6068281531333923,5,1.0,1.0,-0.6829319216211388,-0.7973255572450919,0,0,0.0087375629937365,-0.3984917364864486,91,-29,thymio-11
46,1788224548.8418984,3.033874988555908,-0.1725145727396011,-0.0476937261762362,95.39893031500776,3.033874988555908,0.0845089852809906,-0.1725145727396011,0.3074607253074646,-0.5039235949516296,-0.5322485566139221,-0.6068281531333923,5,1.0,1.0,-0.6829319216211388,-0.7973255572450919,0,0,0.0087375629937365,0.0828009909007733,19,44,thymio-11
47,1788224549.449607,3.040729522705078,-0.1826880276203155,-0.9222634294189992,95.29893031500777,3.040729522705078,0.0845149159431457,-0.1826880276203155,0.3949825465679168,-0.3993911445140838,-0.4655143320560455,-0.6839385032653809,5,-0.6704192165904694,-0.7863115095186204,1.0,1.0,0,0,-0.0362021722706304,0.0620458158385291,-138,-119,thymio-11
48,1788224550.0583928,3.045030355453491,-0.1880905032157898,1.8032149929005532,95.19893031500776,3.045030355453491,0.083982840180397,-0.1880905032157898,-0.4458968341350555,0.5547125935554504,-0.6892314553260803,-0.1357575207948684,5,-0.7767657099992943,-0.6602733115115142,1.0,1.0,0,0,-0.0475436516189664,-0.3497492126287307,-116,-222,thymio-11
49,1788224550.6669445,3.045030355453491,-0.1880905032157898,1.8032149929005532,95.09893031500776,3.045030355453491,0.083982840180397,-0.1880905032157898,-0.4458968341350555,0.5547125935554504,-0.6892314553260803,-0.1357575207948684,5,-0.7767657099992943,-0.6602733115115142,1.0,1.0,0,0,-0.0128700922901418,-0.6254926990782258,49,-140,thymio-11
50,1788224551.2748709,3.034815549850464,-0.1597759872674942,-1.0750743580798274,94.99893031500775,3.034815549850464,0.0846607834100723,-0.1597759872674942,0.4208361208438873,-0.3517690896987915,-0.447276771068573,-0.7064694166183472,5,-0.6616404315694727,-0.8019823379113976,1.0,1.0,0,0,-0.007801550079809,-0.6210771527588446,66,-122,thymio-11
51,1788224551.882915,3.0282070636749268,-0.1274092495441436,-1.413241864184481,94.89893031500776,3.0282070636749268,0.0838148668408393,-0.1274092495441436,0.5314579010009766,-0.1535795927047729,-0.3243170082569122,-0.7673228979110718,5,-0.647119043976601,-0.803501556529073,1.0,1.0,0,0,-0.0074961871376563,-0.6186361258235468,67,-120,thymio-11
52,1788224552.4916077,3.0290048122406006,-0.1206956803798675,1.6592612848801451,94.79893031500778,3.0290048122406006,0.0847824364900589,-0.1206956803798675,-0.0793266668915748,0.5474247336387634,-0.8178256750106812,0.1587279289960861,5,-0.7806503051568586,-0.5897754169389049,1.0,1.0,0,0,-0.0120892886634714,-0.6265624062336204,52,-138,thymio-11
53,1788224553.0998533,3.0253865718841557,-0.1119472980499267,-1.4880149857099294,94.6989303150078,3.0253865718841557,0.0856808796525001,-0.1119472980499267,0.607276439666748,0.2120691388845443,-0.0467628948390483,-0.7642351984977722,5,-0.496671099027678,-0.7702731605558885,1.0,1.0,0,0,0.0141750947282664,-0.624915621233978,145,-44,thymio-11
54,1788224553.7079668,3.0253865718841557,-0.1119472980499267,-1.4880149857099294,94.5989303150078,3.0253865718841557,0.0856808796525001,-0.1119472980499267,0.607276439666748,0.2120691388845443,-0.0467628948390483,-0.7642351984977722,5,-0.496671099027678,-0.7702731605558885,1.0,1.0,0,0,0.0141750947282664,-0.6253971356960246,145,-44,thymio-11
55,1788224554.317278,3.0225307941436768,-0.1103409528732299,-1.453729433283089,94.4989303150078,3.0225307941436768,0.0845400616526603,-0.1103409528732299,0.6173051595687866,0.2961962223052978,0.0234381407499313,-0.7284592986106873,5,-0.4503547566445361,-0.7646595073003235,1.0,1.0,0,0,0.0153034390326349,-0.6268905515195425,149,-40,thymio-11
56,1788224554.9253793,3.02372407913208,-0.0820195004343986,-0.7745270455865145,94.3989303150078,3.02372407913208,0.084971122443676,-0.0820195004343986,-0.5533305406570435,-0.5735048651695251,-0.2778816819190979,0.5363760590553284,5,1.0,-0.7241153015669299,-0.3178366761196636,1.0,0,0,0.023452824385047,-0.6263685313825634,178,-11,thymio-11
57,1788224555.5335534,3.02372407913208,-0.0820195004343986,-0.7745270455865145,94.2989303150078,3.02372407913208,0.084971122443676,-0.0820195004343986,-0.5533305406570435,-0.5735048651695251,-0.2778816819190979,0.5363760590553284,5,1.0,-0.7241153015669299,-0.3178366761196636,1.0,0,0,0.023452824385047,-0.6275239298261631,178,-11,thymio-11
58,1788224556.1422682,3.008478164672852,-0.058512769639492,0.6277822174030203,94.1989303150078,3.008478164672852,0.0859344154596328,-0.058512769639492,-0.42854705452919,-0.7317759990692139,-0.438264399766922,0.2979526817798614,5,1.0,-0.3449915497936489,1.0,-0.7035759446149725,0,0,0.0275812351323905,-0.6234533664040839,192,4,thymio-11
59,1788224556.7583616,2.979834079742432,-0.0448670536279678,0.9185086955683096,94.09893031500782,2.979834079742432,0.0853917896747589,-0.0448670536279678,-0.2644245326519012,-0.7916446328163147,-0.5468441843986511,0.0658789724111557,5,1.0,-0.3154129296049549,1.0,-0.7001077008757539,0,0,0.0282783521239734,-0.6282103203479756,195,6,thymio-11
60,1788224557.3665564,2.979834079742432,-0.0448670536279678,0.9185086955683096,93.99893031500784,2.979834079742432,0.0853917896747589,-0.0448670536279678,-0.2644245326519012,-0.7916446328163147,-0.5468441843986511,0.0658789724111557,5,1.0,-0.3154129296049549,1.0,-0.7001077008757539,0,0,0.0282783521239734,-0.6280680177745962,195,6,thymio-11
61,1788224557.974363,2.953997850418091,-0.0464528985321521,0.9460593270965614,93.89893031500785,2.953997850418091,0.0864069610834121,-0.0464528985321521,-0.1454920619726181,-0.7853222489356995,-0.5927606821060181,-0.1036138162016868,5,1.0,-0.2723336370319937,1.0,-0.7132288721148102,0,0,0.0584196493989053,-0.627787346500612,302,113,thymio-11
62,1788224558.5823798,2.9250526428222656,-0.0647778883576393,0.8921588234228501,93.79320503691618,2.9250526428222656,0.0866061374545097,-0.0647778883576393,0.0298248920589685,-0.7270370125770569,-0.6057490706443787,-0.3218629658222198,5,1.0,-0.2259774084858883,1.0,-0.7458237281854301,1729,0,0.0411932992416885,-0.6275967957077901,241,52,thymio-11
63,1788224559.1916668,2.903714895248413,-0.1020077168941497,0.6784281085547468,93.67025528083516,2.903714895248413,0.0858522355556488,-0.1020077168941497,0.1895454674959182,-0.6274802684783936,-0.5751475691795349,-0.4894346892833709,5,1.0,-0.2232021390796156,1.0,-0.7898827798819295,2195,0,-0.08,-0.6274436133733172,-189,-379,thymio-11
64,1788224559.8002863,2.903714895248413,-0.1020077168941497,0.6784281085547468,93.57025528083516,2.903714895248413,0.0858522355556488,-0.1020077168941497,0.1895454674959182,-0.6274802684783936,-0.5751475691795349,-0.4894346892833709,5,1.0,-0.2232021390796156,1.0,-0.7898827798819295,0,0,0.0208314270180891,-0.627520245555862,169,-21,thymio-11
65,1788224560.4080336,2.899035215377808,-0.1354154199361801,-0.4298701000702616,93.47025528083518,2.899035215377808,0.0854380130767822,-0.1354154199361801,0.3420893549919128,-0.4651640951633453,-0.5062258839607239,-0.6405720710754395,5,1.0,-0.8136982041256032,-0.2010491449601819,1.0,0,0,0.0112135208313821,-0.6262083395146274,134,-55,thymio-11
66,1788224561.0176878,2.905705213546753,-0.1148597449064254,-1.2185732037985657,93.37025528083518,2.905705213546753,0.0858719050884246,-0.1148597449064254,0.4569107890129089,-0.2943420112133026,-0.4178493022918701,-0.7280092239379883,5,-0.2045433269110103,-0.7936990592522822,1.0,1.0,0,0,0.0192401218062271,-0.6258080404280877,163,-26,thymio-11
67,1788224561.6254315,2.9296061992645264,-0.1206233203411102,-1.4636281233688866,93.2702552808352,2.9296061992645264,0.0844151005148887,-0.1206233203411102,0.5649943351745605,-0.0603195652365684,-0.2586730420589447,-0.7811731100082397,5,-0.2971029105613002,1.0,-0.8015561581173094,1.0,0,0,-0.0004622496804304,-0.3006077593823049,44,-47,thymio-11
68,1788224562.234228,2.9296061992645264,-0.1206233203411102,-1.4636281233688866,93.1702552808352,2.9296061992645264,0.0844151005148887,-0.1206233203411102,0.5649943351745605,-0.0603195652365684,-0.2586730420589447,-0.7811731100082397,5,-0.2971029105613002,1.0,-0.8015561581173094,1.0,0,0,-0.0265896958033966,-0.4672887925333082,-24,-165,thymio-11
69,1788224562.8428636,2.943362236022949,-0.118961863219738,-1.4804916642765062,93.0702552808352,2.943362236022949,0.0847039669752121,-0.118961863219738,0.5946215987205505,0.0706086978316307,-0.1680391430854797,-0.7830724120140076,5,-0.3505489649318856,1.0,-0.8054937042029875,1.0,0,0,-0.0243251797208177,-0.2151803172169988,-54,-119,thymio-11
70,1788224563.4512808,2.930145502090454,-0.1147834956645965,-1.4567232215547243,92.9702552808352,2.930145502090454,0.0851055830717086,-0.1147834956645965,0.620243489742279,0.2821797728538513,0.0099276574328541,-0.7318292856216431,5,-0.4781683978700616,-0.8268397711124754,1.0,1.0,0,0,-0.0034771126945553,-0.3617375975326184,42,-67,thymio-11
71,1788224564.0592735,2.91638731956482,-0.1199793517589569,-1.386888961127042,92.8702552808352,2.91638731956482,0.0854167863726615,-0.1199793517589569,0.6181071996688843,0.3444296419620514,0.0421226136386394,-0.7053633332252502,5,1.0,-0.8357650414227018,1.0,1.0,0,0,-0.003266495748941,-0.5053353581438456,65,-88,thymio-11
72,1788224564.667034,2.91638731956482,-0.1199793517589569,-1.386888961127042,92.77025528083522,2.91638731956482,0.0854167863726615,-0.1199793517589569,0.6181071996688843,0.3444296419620514,0.0421226136386394,-0.7053633332252502,5,1.0,-0.8357650414227018,1.0,1.0,0,0,0.0010112266740369,-0.6165656365955497,97,-90,thymio-11
73,1788224565.2753904,2.913504123687744,-0.1188758239150047,-1.3201367531531747,92.67025528083522,2.913504123687744,0.0851589664816856,-0.1188758239150047,0.6118937134742737,0.4080197513103485,0.0981097444891929,-0.670432984828949,5,1.0,-0.8206596217543387,1.0,1.0,0,0,0.0040474160273779,-0.6229001102367638,108,-80,thymio-11
74,1788224565.8838086,2.90756630897522,-0.1111308112740516,-0.823254180715276,92.57025528083524,2.90756630897522,0.085001491010189,-0.1111308112740516,0.5477779507637024,0.5700443983078003,0.2699161171913147,-0.5496672987937927,5,1.0,-0.8027401269543373,1.0,1.0,0,0,0.0076492344821782,-0.6219440858324784,121,-67,thymio-11
75,1788224566.4914598,2.8894267082214355,-0.1016260012984275,0.7296317049692465,92.47025528083525,2.8894267082214355,0.0858338475227356,-0.1016260012984275,0.397612452507019,0.7492313981056213,0.4697272777557373,-0.2447714954614639,5,1.0,-0.2080370079326489,1.0,-0.7915493055644228,0,0,0.009898589581551,-0.6267227196284921,130,-59,thymio-11
76,1788224567.100165,2.8894267082214355,-0.1016260012984275,0.7296317049692465,92.37025528083524,2.8894267082214355,0.0858338475227356,-0.1016260012984275,0.397612452507019,0.7492313981056213,0.4697272777557373,-0.2447714954614639,5,1.0,-0.2080370079326489,1.0,-0.7915493055644228,0,0,0.0199526328088187,-0.6267586266612121,166,-24,thymio-11
77,1788224567.7086203,2.875275135040283,-0.1004195585846901,0.8948948281839559,92.27025528083524,2.875275135040283,0.0856494680047035,-0.1004195585846901,0.2774737477302551,0.7843353152275085,0.5510722398757935,-0.0643894225358963,5,1.0,-0.2053101989530849,1.0,-0.7941835513276105,0,0,0.0191236878887585,-0.6268987437520913,163,-27,thymio-11
78,1788224568.3163254,2.841840982437134,-0.1145016849040985,0.9030126964210804,92.08739468298008,2.841840982437134,0.0865763574838638,-0.1145016849040985,0.0219339672476053,0.7488065361976624,0.6038525104522705,0.272341638803482,5,1.0,-0.3314203205737009,1.0,-0.8180928074112921,0,0,0.0098864969774495,-0.6274983803150657,130,-60,thymio-11
79,1788224568.9244392,2.841840982437134,-0.1145016849040985,0.9030126964210804,91.9873946829801,2.841840982437134,0.0865763574838638,-0.1145016849040985,0.0219339672476053,0.7488065361976624,0.6038525104522705,0.272341638803482,5,1.0,-0.3314203205737009,1.0,-0.8180928074112921,0,0,0.0093097617419856,-0.627319086719661,128,-62,thymio-11
80,1788224569.5328314,2.8349204063415527,-0.1267293691635131,0.8107017278465967,91.8873946829801,2.8349204063415527,0.0862140357494354,-0.1267293691635131,-0.1003303304314613,0.6837812662124634,0.5969800353050232,0.4074209928512573,5,1.0,-0.4118183308826825,1.0,-0.8264582931938169,0,0,0.006107960791488,-0.627529730653091,116,-73,thymio-11
81,1788224570.1404552,2.8349204063415527,-0.1267293691635131,0.8107017278465967,91.7873946829801,2.8349204063415527,0.0862140357494354,-0.1267293691635131,-0.1003303304314613,0.6837812662124634,0.5969800353050232,0.4074209928512573,5,1.0,-0.4118183308826825,1.0,-0.8264582931938169,0,0,0.0059467806010013,-0.6274524099613059,116,-74,thymio-11
82,1788224570.7487628,2.83746337890625,-0.1454574316740036,0.0479974512658527,91.68739468298013,2.83746337890625,0.0857660695910453,-0.1454574316740036,-0.2942524552345276,0.5185213088989258,0.5343273282051086,0.5992041826248169,5,1.0,1.0,-0.4593139966796509,-0.8232635598202912,0,0,0.0001386622901674,-0.3798338343667156,58,-57,thymio-11
83,1788224571.356541,2.8495781421661377,-0.1561362296342849,-1.2521164400274052,91.58739468298012,2.8495781421661377,0.0860292464494705,-0.1561362296342849,-0.4537433385848999,0.3058245480060577,0.4073644876480102,0.7311925292015076,5,-0.461742776596151,-0.8105391501306183,1.0,1.0,0,0,-0.0094077169186898,-0.5090418792133486,43,-110,thymio-11
84,1788224571.9645505,2.8495781421661377,-0.1561362296342849,-1.2521164400274052,91.48739468298012,2.8495781421661377,0.0860292464494705,-0.1561362296342849,-0.4537433385848999,0.3058245480060577,0.4073644876480102,0.7311925292015076,5,-0.461742776596151,-0.8105391501306183,1.0,1.0,0,0,-0.0077452592847017,-0.6000435138650656,63,-118,thymio-11
85,1788224572.57299,2.859370470046997,-0.1504873484373092,-1.4666053109723554,91.38739468298012,2.859370470046997,0.084867887198925,-0.1504873484373092,-0.5728087425231934,0.0472663044929504,0.2511703968048095,0.7788258194923401,5,-0.4652430103573297,-0.8087011029619607,1.0,1.0,0,0,0.0064510783046458,-0.6000621486087689,114,-68,thymio-11
86,1788224573.1815436,2.859220504760742,-0.1468784511089325,-1.4808135086677137,91.28739468298014,2.859220504760742,0.0845198184251785,-0.1468784511089325,-0.5901302099227905,-0.0247474275529384,0.1996608227491378,0.7818372845649719,5,-0.4635390755052103,-0.809757113074628,1.0,1.0,0,0,0.0062388202719997,-0.603108215137272,113,-69,thymio-11
87,1788224573.790317,2.859220504760742,-0.1468784511089325,-1.4808135086677137,91.18739468298014,2.859220504760742,0.0845198184251785,-0.1468784511089325,-0.5901302099227905,-0.0247474275529384,0.1996608227491378,0.7818372845649719,5,-0.4635390755052103,-0.809757113074628,1.0,1.0,0,0,0.0062388202719997,-0.6111901059798573,114,-70,thymio-11
88,1788224574.3983524,2.861976146697998,-0.1306114643812179,-1.3939628344119888,91.08739468298016,2.861976146697998,0.0857468619942665,-0.1306114643812179,-0.6192486882209778,-0.3457000851631164,-0.0496768876910209,0.7032458186149597,5,-0.4928033133475215,-0.79678814969284,1.0,1.0,0,0,0.0088455819117391,-0.6172601800446396,125,-62,thymio-11
89,1788224575.0063076,2.8625388145446777,-0.1170219331979751,-1.129747712167429,90.98739468298017,2.8625388145446777,0.0845314264297485,-0.1170219331979751,-0.5767458081245422,-0.5097593069076538,-0.2100207656621933,0.6028276085853577,5,-0.533699379188163,-0.7821654247319055,1.0,1.0,0,0,0.0117847496288869,-0.6251678392164213,136,-53,thymio-11
90,1788224575.614682,2.853606939315796,-0.1034989953041076,0.153879386441698,90.88739468298016,2.853606939315796,0.0865792334079742,-0.1034989953041076,-0.4982155859470367,-0.6692924499511719,-0.3654105365276336,0.4126789569854736,5,1.0,1.0,-0.5525852771143069,-0.7695358637316494,0,0,0.0143232913899384,-0.3360804208535183,102,0,thymio-11
91,1788224576.2229452,2.84667444229126,-0.0965199545025825,0.5822262061953478,90.78739468298016,2.84667444229126,0.0861010774970054,-0.0965199545025825,-0.4419407844543457,-0.7204030156135559,-0.4341259896755218,0.31183722615242,5,1.0,-0.5487993668475553,1.0,-0.7628427493108396,0,0,0.0156686073885212,-0.3958581385264498,115,-4,thymio-11
92,1788224576.831494,2.84667444229126,-0.0965199545025825,0.5822262061953478,90.68739468298016,2.84667444229126,0.0861010774970054,-0.0965199545025825,-0.4419407844543457,-0.7204030156135559,-0.4341259896755218,0.31183722615242,5,1.0,-0.5487993668475553,1.0,-0.7628427493108396,0,0,0.0156686073885212,-0.5993556489600033,146,-35,thymio-11
93,1788224577.4391365,2.8214592933654785,-0.0832396894693374,0.8824168433973316,90.56726863803496,2.8214592933654785,0.086479440331459,-0.0832396894693374,-0.3085913360118866,-0.780605137348175,-0.5291242599487305,0.1243163049221038,5,1.0,-0.4255939129323975,1.0,-0.7475582974558779,0,0,-0.0081264128990764,-0.626534625375407,66,-123,thymio-11
94,1788224578.0474,2.800920248031616,-0.0864978656172752,0.966958280439732,90.46726863803498,2.800920248031616,0.0868459865450859,-0.0864978656172752,-0.1139270290732383,-0.7854135036468506,-0.5948176383972168,-0.127821609377861,5,1.0,-0.3762345495792565,1.0,-0.7415027347393397,0,0,0.0461657250803154,-0.6272183722469943,259,69,thymio-11
95,1788224578.655814,2.800920248031616,-0.0864978656172752,0.966958280439732,90.367268638035,2.800920248031616,0.0868459865450859,-0.0864978656172752,-0.1139270290732383,-0.7854135036468506,-0.5948176383972168,-0.127821609377861,5,1.0,-0.3762345495792565,1.0,-0.7415027347393397,0,0,0.0438830249095989,-0.6273618682943289,251,61,thymio-11
96,1788224579.263883,2.7906486988067627,-0.0985793843865394,0.9177172267215186,90.267268638035,2.7906486988067627,0.086992897093296,-0.0985793843865394,0.0163911525160074,-0.7347586750984192,-0.6104011535644531,-0.2954173982143402,5,1.0,-0.3624130787380895,1.0,-0.7466186771871008,0,0,0.0422072568180546,-0.6275862146020577,245,55,thymio-11
97,1788224579.873417,2.7584047317504883,-0.1505303829908371,0.5609541321984919,90.1263558993778,2.7584047317504883,0.0863852351903915,-0.1505303829908371,0.2158349454402923,-0.5987410545349121,-0.568361222743988,-0.5214306116104126,5,1.0,1.0,-0.3253277092449628,-0.7992804898639118,0,0,0.0005447997358131,-0.3720735584101767,58,-54,thymio-11
98,1788224580.481877,2.7584047317504883,-0.1505303829908371,0.5609541321984919,90.0263558993778,2.7584047317504883,0.0863852351903915,-0.1505303829908371,0.2158349454402923,-0.5987410545349121,-0.568361222743988,-0.5214306116104126,5,1.0,1.0,-0.3253277092449628,-0.7992804898639118,0,0,-0.0245940216542116,-0.4530509295396073,-19,-156,thymio-11
99,1788224581.089802,2.756882667541504,-0.1609972715377807,0.3949574059217688,89.92635589937781,2.756882667541504,0.0863311290740966,-0.1609972715377807,0.2514699101448059,-0.5685871839523315,-0.5513275265693665,-0.5563356876373291,5,1.0,1.0,-0.3098886840158735,-0.8064679914634072,0,0,-0.0226244078964381,0.159267122511207,-104,-56,thymio-11
100,1788224581.6978524,2.7627482414245605,-0.1760903000831604,-1.1740213517115785,89.82635589937782,2.7627482414245605,0.0856288000941276,-0.1760903000831604,0.4413059055805206,-0.3246188759803772,-0.4284820258617401,-0.7185227274894714,5,-0.234688787333904,-0.8384581512253628,1.0,1.0,0,0,-0.0010922858021879,0.0121042067818958,-6,-2,thymio-11
101,1788224582.3062284,2.7627482414245605,-0.1760903000831604,-1.1740213517115785,89.72635589937782,2.7627482414245605,0.0856288000941276,-0.1760903000831604,0.4413059055805206,-0.3246188759803772,-0.4284820258617401,-0.7185227274894714,5,-0.234688787333904,-0.8384581512253628,1.0,1.0,0,0,-0.0018314282678273,-0.2890080648902416,37,-50,thymio-11
102,1788224582.9096746,10000.0,10000.0,0.0,89.72635589937782,2.7627482414245605,0.0856288000941276,-0.1760903000831604,0.4413059055805206,-0.3246188759803772,-0.4284820258617401,-0.7185227274894714,5,1.0,1.0,-1.0,1.0,0,0,-0.03,-0.0790033989890418,-95,-119,thymio-11
103,1788224583.5127635,2.7533717155456543,-0.1579209566116333,-1.1363143355734922,89.72635589937782,2.7533717155456543,0.0861014723777771,-0.1579209566116333,0.4317953884601593,-0.3366879820823669,-0.4356569647789001,-0.7144207954406738,5,-0.2242181089365837,-0.8495844336414267,1.0,1.0,0,0,-0.0,-0.2014848340529862,30,-30,thymio-11
104,1788224584.1209142,2.749691963195801,-0.1448745280504226,-1.3014690568345375,89.62635589937783,2.749691963195801,0.0859915912151336,-0.1448745280504226,0.4770859479904175,-0.2584360539913177,-0.3897591531276703,-0.744101881980896,5,-0.2110716294654733,-0.8249231555828025,1.0,1.0,0,0,-0.0124813192544699,-0.5545238530145958,39,-128,thymio-11
105,1788224584.7295036,2.745051622390747,-0.1320220232009887,-1.415700168865374,89.52635589937783,2.745051622390747,0.0856456980109214,-0.1320220232009887,0.530282735824585,-0.1701563149690628,-0.3308504521846771,-0.7618300318717957,5,-0.2148539673289767,-0.8476516614406886,1.0,1.0,0,0,0.0,-0.582429819608947,88,-88,thymio-11
106,1788224585.3378267,2.745051622390747,-0.1320220232009887,-1.415700168865374,89.42635589937784,2.745051622390747,0.0856456980109214,-0.1320220232009887,0.530282735824585,-0.1701563149690628,-0.3308504521846771,-0.7618300318717957,5,-0.2148539673289767,-0.8476516614406886,1.0,1.0,0,0,0.0,-0.6129718691668595,93,-93,thymio-11
107,1788224585.945681,2.7448432445526123,-0.1298509687185287,-1.449331938127176,89.32635589937784,2.7448432445526123,0.0856991857290268,-0.1298509687185287,0.5433052182197571,-0.1310914009809494,-0.2994140684604645,-0.7732954025268555,5,-0.2139897113654741,-0.8492176839564726,1.0,1.0,0,0,0.0,-0.6215133013925512,94,-94,thymio-11
108,1788224586.5541663,2.7510077953338623,-0.1182253435254097,-1.48913441135127,89.22635589937785,2.7510077953338623,0.0863334462046623,-0.1182253435254097,0.6229533553123474,0.1824079304933548,-0.0706838890910148,-0.7574037313461304,5,-0.2147410719811627,-0.8415520196544981,1.0,1.0,0,0,0.0,-0.6252760492719095,94,-94,thymio-11
109,1788224587.162382,2.7508676052093506,-0.1054974943399429,-1.3156927848377424,89.12635589937786,2.7508676052093506,0.0865676775574684,-0.1054974943399429,0.6025430560112,0.4255214035511017,0.1239324957132339,-0.6637124419212341,5,-0.2240922221283269,-0.8274710418143207,1.0,1.0,0,0,0.0026783205953215,-0.6272197820303222,104,-85,thymio-11
110,1788224587.770725,2.7508676052093506,-0.1054974943399429,-1.3156927848377424,89.02635589937786,2.7508676052093506,0.0865676775574684,-0.1054974943399429,0.6025430560112,0.4255214035511017,0.1239324957132339,-0.6637124419212341,5,-0.2240922221283269,-0.8274710418143207,1.0,1.0,0,0,0.0026783205953215,-0.6278975053778703,104,-85,thymio-11
111,1788224588.3787472,2.744849681854248,-0.0969180688261985,3.025329370428384,88.92635589937787,2.744849681854248,0.0869372114539146,-0.0969180688261985,-0.5159304141998291,-0.2602249979972839,0.6352059841156006,-0.5124568939208984,5,-0.8150469355238363,1.0,1.0,-0.2236255425584896,0,0,0.0051755659597088,-0.5637679320124074,104,-67,thymio-11
112,1788224588.9874723,2.7327122688293457,-0.0884066671133041,0.618783006793235,88.82635589937787,2.7327122688293457,0.0874757245182991,-0.0884066671133041,0.4319187700748443,0.7271479368209839,0.4377555251121521,-0.3050773441791534,5,1.0,-0.2007737064829707,1.0,-0.8079757815348505,0,0,0.006596867911495,-0.6198707257218355,117,-70,thymio-11
113,1788224589.595868,2.7327122688293457,-0.0884066671133041,0.618783006793235,88.72635589937788,2.7327122688293457,0.0874757245182991,-0.0884066671133041,0.4319187700748443,0.7271479368209839,0.4377555251121521,-0.3050773441791534,5,1.0,-0.2007737064829707,1.0,-0.8079757815348505,0,0,0.006197200599466,-0.6213013435229423,116,-72,thymio-11
114,1788224590.2042682,2.7180354595184326,-0.0859633535146713,0.903547681170398,88.62635589937788,2.7180354595184326,0.086070604622364,-0.0859633535146713,0.275112897157669,0.7853506803512573,0.5502654910087585,-0.0688850879669189,5,1.0,-0.1686775578229034,1.0,-0.8191937894120289,3890,0,-0.08,-0.6192728343217316,-191,-378,thymio-11
115,1788224590.8128164,2.703653573989868,-0.0946494489908218,0.9435119315552498,88.52635589937789,2.703653573989868,0.0876002609729766,-0.0946494489908218,0.0938782170414924,0.7817313075065613,0.5923029780387878,0.1710561960935592,5,1.0,-0.1440651732021257,1.0,-0.8482581020305027,1319,0,0.0,-0.6250103263497534,94,-94,thymio-11
116,1788224591.420537,2.703653573989868,-0.0946494489908218,0.9435119315552498,88.4263558993779,2.703653573989868,0.0876002609729766,-0.0946494489908218,0.0938782170414924,0.7817313075065613,0.5923029780387878,0.1710561960935592,5,1.0,-0.1440651732021257,1.0,-0.8482581020305027,1632,0,0.0,-0.6266577208185841,95,-95,thymio-11
117,1788224592.0287762,2.752964735031128,-0.0893943160772323,0.8842216106354925,88.3263558993779,2.752964735031128,0.0871519744396209,-0.0893943160772323,-0.0458843782544136,0.7203835248947144,0.6033830642700195,0.3389264345169067,5,1.0,-0.1212808370979799,1.0,-0.8325862090998962,1683,0,0.0032803065041551,-0.6271837100466872,106,-83,thymio-11
118,1788224592.6371582,2.757820606231689,-0.0997456461191177,0.4714372770539485,88.22635589937791,2.757820606231689,0.0867412015795707,-0.0997456461191177,-0.2358220666646957,0.5820900797843933,0.5579620003700256,0.5424366593360901,5,1.0,1.0,-0.0408991382232468,-0.8549306342015615,0,0,-0.0,-0.3900095972720562,59,-59,thymio-11
119,1788224593.2457635,2.757820606231689,-0.0997456461191177,0.4714372770539485,88.12635589937791,2.757820606231689,0.0867412015795707,-0.0997456461191177,-0.2358220666646957,0.5820900797843933,0.5579620003700256,0.5424366593360901,5,1.0,1.0,-0.0408991382232468,-0.8549306342015615,0,0,-0.0,-0.267940369562693,40,-40,thymio-11
120,1788224593.853893,2.765885829925537,-0.1071333661675453,-0.8100858519356433,88.02635589937792,2.765885829925537,0.0867905616760253,-0.1071333661675453,-0.3797611892223358,0.4273106753826141,0.4729492366313934,0.6704521179199219,5,1.0,-0.8568446210304106,-0.1150966320711999,1.0,0,0,-0.0,-0.0422620975433447,6,-6,thymio-11
121,1788224594.4622302,2.7736215591430664,-0.1064186617732048,-1.2646080453391793,87.92635589937792,2.7736215591430664,0.0863036289811134,-0.1064186617732048,-0.4689640998840332,0.274382472038269,0.4036875665187835,0.7360864877700806,5,-0.1423421369886894,-0.8006913968453481,1.0,1.0,0,0,-0.0298272517764066,-0.2794783076131738,-64,-148,thymio-11
122,1788224595.071586,2.773611545562744,-0.1040935665369033,-1.3184314639781576,87.82635589937793,2.773611545562744,0.086452841758728,-0.1040935665369033,-0.4838779270648956,0.2438845634460449,0.3819501101970672,0.7486631870269775,5,-0.1411577657752238,-0.78853466759695,1.0,1.0,0,0,0.010504531813013,-0.4353547707945179,103,-28,thymio-11
123,1788224595.6795754,2.773611545562744,-0.1040935665369033,-1.3184314639781576,87.72635589937794,2.773611545562744,0.086452841758728,-0.1040935665369033,-0.4838779270648956,0.2438845634460449,0.3819501101970672,0.7486631870269775,5,-0.1411577657752238,-0.78853466759695,1.0,1.0,0,0,0.010504531813013,-0.5029833818276989,113,-39,thymio-11
124,1788224596.287401,2.768239021301269,-0.0893529877066612,1.6723076336928546,87.62635589937794,2.768239021301269,0.085650660097599,-0.0893529877066612,0.2507343888282776,-0.5612374544143677,0.7880184054374695,-0.034232921898365,5,-0.7674815826076075,-0.1316339942397892,1.0,1.0,0,0,0.0147362018958708,-0.6080879285188446,144,-39,thymio-11
125,1788224596.8953648,2.788120985031128,-0.0877491310238838,-1.475912234665954,87.52635589937795,2.788120985031128,0.0870014429092407,-0.0877491310238838,0.600406289100647,0.0965870097279548,-0.1518665254116058,-0.7791789770126343,5,-0.1506688522574808,-0.7006870312780449,1.0,1.0,0,0,0.0281619067131129,-0.6145469375997312,193,7,thymio-11
126,1788224597.503895,2.788120985031128,-0.0877491310238838,-1.475912234665954,87.42635589937795,2.788120985031128,0.0870014429092407,-0.0877491310238838,0.600406289100647,0.0965870097279548,-0.1518665254116058,-0.7791789770126343,5,-0.1506688522574808,-0.7006870312780449,1.0,1.0,0,0,-0.0016472204241139,-0.615717143039994,87,-99,thymio-11
127,1788224598.1135468,2.798563003540039,-0.080561026930809,-1.453819544546714,87.32635589937796,2.798563003540039,0.0869415551424026,-0.080561026930809,0.6170586347579956,0.2333621531724929,-0.0459828115999698,-0.7501109838485718,5,-0.1554924454742776,-0.6777811974505985,1.0,1.0,0,0,0.0327659793124296,-0.617602926479364,210,23,thymio-11
128,1788224598.722343,2.798563003540039,-0.080561026930809,-1.453819544546714,87.22635589937796,2.798563003540039,0.0869415551424026,-0.080561026930809,0.6170586347579956,0.2333621531724929,-0.0459828115999698,-0.7501109838485718,5,-0.1554924454742776,-0.6777811974505985,1.0,1.0,0,0,0.0327659793124296,-0.621800216265671,210,23,thymio-11
129,1788224599.3309278,2.813279628753662,-0.0591150224208831,-1.2815933485683595,87.12635589937797,2.813279628753662,0.0874098166823387,-0.0591150224208831,0.5955442786216736,0.4531688094139099,0.1602905839681625,-0.6436396837234497,5,1.0,-0.634082586412952,1.0,1.0,0,0,0.0415494001309966,-0.6261596740257906,242,53,thymio-11
130,1788224599.9395504,2.801021814346313,-0.0055166138336062,0.4765730557635681,87.02635589937798,2.801021814346313,0.0877744704484939,-0.0055166138336062,-0.4578085839748382,-0.7077422142028809,-0.4059629142284393,0.3531380891799927,5,1.0,1.0,1.0,-0.6270630415150431,0,0,0.0429603286554763,-0.3795263952687054,210,95,thymio-11
131,1788224600.5482037,2.773510456085205,0.0217708870768547,0.8239305679451525,86.87453021497141,2.773510456085205,0.0885481983423233,0.0217708870768547,-0.3558301031589508,-0.7684413194656372,-0.491148293018341,0.2040986716747284,5,1.0,1.0,1.0,-0.650426650285024,0,0,-0.1366144050510041,-0.0237372903216232,-482,-489,thymio-11
132,1788224601.1560538,2.773510456085205,0.0217708870768547,0.8239305679451525,86.77453021497142,2.773510456085205,0.0885481983423233,0.0217708870768547,-0.3558301031589508,-0.7684413194656372,-0.491148293018341,0.2040986716747284,5,1.0,1.0,1.0,-0.650426650285024,0,0,-0.1468188120045628,0.229402126725625,-500,-487,thymio-11
133,1788224601.763831,2.7489497661590576,0.0377751253545284,0.8811152922958723,86.6444043253787,2.7489497661590576,0.087660327553749,0.0377751253545284,-0.2995703518390655,-0.786461353302002,-0.5299291610717773,0.1044571176171302,5,1.0,1.0,1.0,-0.6749133477460469,0,0,-0.1285228140386741,0.1251082447540205,-476,-438,thymio-11
134,1788224602.3720474,2.8828353881835938,-0.0536670684814453,0.8881712095482088,86.54440432537871,2.8828353881835938,0.0860763788223266,-0.0536670684814453,-0.3170702755451202,-0.778974711894989,-0.5179673433303833,0.1561240702867508,5,1.0,1.0,1.0,-0.5556089856943243,0,0,-0.1938647025423213,0.0662222238007622,-500,-500,thymio-11
135,1788224602.9804907,2.956293821334839,-0.1113279908895492,0.8516625806591951,86.44440432537871,2.956293821334839,0.0846544355154037,-0.1113279908895492,-0.3376855850219726,-0.7707535624504089,-0.5138558149337769,0.166911780834198,5,1.0,-0.6127856428935925,1.0,-0.4512921195399199,0,0,-0.1797304495786276,-0.0901231262965072,-500,-500,thymio-11
136,1788224603.5883634,2.956293821334839,-0.1113279908895492,0.8516625806591951,86.34440432537872,2.956293821334839,0.0846544355154037,-0.1113279908895492,-0.3376855850219726,-0.7707535624504089,-0.5138558149337769,0.166911780834198,5,1.0,-0.6127856428935925,1.0,-0.4512921195399199,0,0,-0.1749924725712909,-0.417363955012968,-500,-500,thymio-11
137,1788224604.1966486,3.0639147758483887,-0.2059557437896728,0.7965615286495447,86.24440432537872,3.0639147758483887,0.0837802812457084,-0.2059557437896728,-0.3585079908370971,-0.7699849009513855,-0.4995098412036896,0.1705440282821655,5,1.0,1.0,1.0,-0.4075144937459996,0,0,-0.1497081364126347,-0.4861343795282709,-459,-500,thymio-11
138,1788224604.8066175,3.157144784927368,-0.2891108989715576,0.7499473390134019,86.14440432537873,3.157144784927368,0.0826206132769584,-0.2891108989715576,-0.3919315040111542,-0.7489516735076904,-0.478436678647995,0.237822413444519,5,1.0,1.0,1.0,-0.3058224218294051,0,0,-0.0979230279184519,-0.4853771845275744,-275,-421,thymio-11
139,1788224605.4147072,3.2119717597961426,-0.3684836328029632,0.5140148527976729,86.04440432537874,3.2119717597961426,0.0824463739991188,-0.3684836328029632,-0.455799400806427,-0.704349935054779,-0.4218004643917084,0.3438348770141601,5,1.0,1.0,1.0,-0.2268171141257839,0,2050,0.08,-0.4929797010121362,359,210,thymio-11
140,1788224606.0227668,3.2119717597961426,-0.3684836328029632,0.5140148527976729,85.94440432537874,3.2119717597961426,0.0824463739991188,-0.3684836328029632,-0.455799400806427,-0.704349935054779,-0.4218004643917084,0.3438348770141601,5,1.0,1.0,1.0,-0.2268171141257839,0,0,-0.0626620490310247,-0.5048096794034191,-146,-299,thymio-11
141,1788224606.6311731,3.2075283527374268,-0.3610370457172394,0.5472702890959562,85.84440432537875,3.2075283527374268,0.0824251770973205,-0.3610370457172394,-0.4477611482143402,-0.7127780318260193,-0.4235224425792694,0.3347929716110229,5,1.0,1.0,-0.553405895623614,-0.1644751219360001,0,0,-0.0248695358175792,-0.4383956316134696,-22,-155,thymio-11
142,1788224607.2398293,3.2054033279418945,-0.3605294227600097,0.7754634051635514,85.74440432537875,3.2054033279418945,0.0827769786119461,-0.3605294227600097,-0.3832224011421203,-0.751644492149353,-0.4814438819885254,0.2374511659145355,5,1.0,1.0,-0.6015142449321346,-0.087837553389625,0,0,-0.0288476179124878,-0.5055294539812856,-26,-179,thymio-11
143,1788224607.8482811,3.213709831237793,-0.3717913627624511,0.8074648090855003,85.64440432537876,3.213709831237793,0.0829357430338859,-0.3717913627624511,-0.3664410412311554,-0.7568354606628418,-0.5032715201377869,0.1990956366062164,5,1.0,1.0,-0.6517933004796734,0.0231659641563903,0,0,-0.0043703527830141,-0.5353662865209722,65,-96,thymio-11
144,1788224608.4562013,3.213709831237793,-0.3717913627624511,0.8074648090855003,85.54440432537876,3.213709831237793,0.0829357430338859,-0.3717913627624511,-0.3664410412311554,-0.7568354606628418,-0.5032715201377869,0.1990956366062164,5,1.0,1.0,-0.6517933004796734,0.0231659641563903,0,0,0.0065649557071888,-0.5546230932620456,107,-60,thymio-11
145,1788224609.064542,3.2206480503082275,-0.3818800449371338,0.8787319279769568,85.44440432537877,3.2206480503082275,0.0822517275810241,-0.3818800449371338,-0.3105530142784118,-0.7815839648246765,-0.5259116888046265,0.1268869340419769,5,1.0,1.0,-0.625845744795167,0.1331141951813317,0,0,0.0178725450472555,-0.564430680612358,149,-22,thymio-11
146,1788224609.6736114,3.2108991146087646,-0.3862926065921783,0.9497229309855176,85.34440432537878,3.2108991146087646,0.0825141668319702,-0.3862926065921783,-0.1735512167215347,-0.7858200073242188,-0.5903622508049011,-0.0619613826274871,5,1.0,1.0,-0.5776517541947956,0.1968021280462635,0,0,0.0285607613055843,-0.5716916001141975,188,15,thymio-11
147,1788224610.2821383,3.2108991146087646,-0.3862926065921783,0.9497229309855176,85.24440432537878,3.2108991146087646,0.0825141668319702,-0.3862926065921783,-0.1735512167215347,-0.7858200073242188,-0.5903622508049011,-0.0619613826274871,5,1.0,1.0,-0.5776517541947956,0.1968021280462635,0,0,0.0332370496622827,-0.5762065740797868,205,31,thymio-11
148,1788224610.8909676,3.189120054244995,-0.3984862864017486,0.8954540618291977,85.0983388508704,3.189120054244995,0.0827574208378791,-0.3984862864017486,-0.0182030368596315,-0.744684100151062,-0.605697512626648,-0.2797228097915649,5,1.0,1.0,-0.5309160560927141,1.0,0,0,0.0348574123744974,-0.5599646590102444,208,39,thymio-11
149,1788224611.4988716,3.189120054244995,-0.3984862864017486,0.8954540618291977,84.99833885087041,3.189120054244995,0.0827574208378791,-0.3984862864017486,-0.0182030368596315,-0.744684100151062,-0.605697512626648,-0.2797228097915649,5,1.0,1.0,-0.5309160560927141,1.0,4307,0,-0.08,-0.5853949074217567,-196,-373,thymio-11
150,1788224612.1070645,3.168541431427002,-0.427047997713089,0.7491651535076573,84.84876050020686,3.168541431427002,0.0817822143435478,-0.427047997713089,0.1467400640249252,-0.6496095061302185,-0.5958393812179565,-0.4488321542739868,5,1.0,1.0,-0.493654650776,0.2636457947818833,2580,0,-0.08,-0.5709346621324808,-198,-370,thymio-11
151,1788224612.7153935,3.1692018508911133,-0.4201232492923736,-0.1996978624952632,84.74876050020687,3.1692018508911133,0.0820790901780128,-0.4201232492923736,0.3201603591442108,-0.4839292168617248,-0.5264945030212402,-0.6213802695274353,5,-0.5312640575682062,0.262538916927677,1.0,1.0,1328,0,-0.0027206631000003,-0.564816074197898,76,-95,thymio-11
152,1788224613.3240542,3.169109344482422,-0.3727595508098602,-0.9319007837284872,84.64876050020688,3.169109344482422,0.0828422605991363,-0.3727595508098602,0.3948981463909149,-0.391261339187622,-0.4652370810508728,-0.68885737657547,5,-0.5823056786025628,0.301276299161582,1.0,1.0,0,0,-0.0548611521784532,-0.3465224554476566,-143,-247,thymio-11
153,1788224613.9328058,3.169109344482422,-0.3727595508098602,-0.9319007837284872,84.54876050020688,3.169109344482422,0.0828422605991363,-0.3727595508098602,0.3948981463909149,-0.391261339187622,-0.4652370810508728,-0.68885737657547,5,-0.5823056786025628,1.0,1.0,1.0,0,0,-0.05,-0.1757133832666668,-151,-204,thymio-11
154,1788224614.540695,3.1665680408477783,-0.3509431481361389,-1.3423970980847308,84.44876050020689,3.1665680408477783,0.0824219807982444,-0.3509431481361389,0.4969724714756012,-0.2179742008447647,-0.3693025112152099,-0.7544013261795044,5,-0.549788273023564,0.2670689336508571,1.0,1.0,0,0,-0.05,-0.1868234121575088,-149,-206,thymio-11
155,1788224615.149044,3.1273441314697266,-0.3128195106983185,-1.4242944764893422,84.19969182425594,3.1273441314697266,0.0824903175234794,-0.3128195106983185,-0.5380301475524902,0.1206894665956497,0.3046633005142212,0.7766196131706238,5,-0.4527430025561563,1.0,0.2792771966003446,1.0,0,0,-0.05,-0.2472817894894683,-140,-215,thymio-11
156,1788224615.7677648,3.087892770767212,-0.2877677977085113,-1.430884377601937,83.95744251772449,3.087892770767212,0.0821471735835075,-0.2877677977085113,-0.5571507215499878,0.0539035312831401,0.2707209587097168,0.7831907272338867,5,-0.3566807919732992,1.0,0.3512367665321889,1.0,0,0,-0.05,-0.2694584856216814,-137,-218,thymio-11
157,1788224616.3761077,3.087892770767212,-0.2877677977085113,-1.430884377601937,83.8574425177245,3.087892770767212,0.0821471735835075,-0.2877677977085113,-0.5571507215499878,0.0539035312831401,0.2707209587097168,0.7831907272338867,5,-0.3566807919732992,1.0,0.3512367665321889,1.0,0,0,-0.1739530398913961,-0.2300863380289721,-500,-500,thymio-11
158,1788224616.9838605,3.053708076477051,-0.272734522819519,-1.4638566554946824,83.65105937777906,3.053708076477051,0.0823300778865814,-0.272734522819519,-0.5756912231445312,0.0002621220774017,0.22382153570652,0.7864372730255127,5,-0.3080760988581912,1.0,0.3641711042574682,1.0,0,0,-0.1756703031797996,-0.2143192236485093,-500,-500,thymio-11
159,1788224617.593588,2.940203666687012,-0.2537244856357574,-1.459891927326192,82.95574988222064,2.940203666687012,0.0842612907290458,-0.2537244856357574,-0.5895199775695801,-0.0540784448385238,0.1918206810951233,0.7827813029289246,5,-0.1292672594108409,1.0,0.3550506009733112,1.0,0,0,-0.1741112906795271,-0.2217871813817709,-500,-500,thymio-11
160,1788224618.2013645,2.8414769172668457,-0.2365851104259491,-1.466692447757746,82.35395746241954,2.8414769172668457,0.0836688876152038,-0.2365851104259491,-0.5866417288780212,-0.0420562736690044,0.1957536786794662,0.7847058176994324,5,0.0144552813179315,1.0,0.3366216920396396,1.0,0,0,-0.1696518972193395,-0.2658850683035182,-500,-500,thymio-11
161,1788224618.8093238,2.8414769172668457,-0.2365851104259491,-1.466692447757746,82.25395746241955,2.8414769172668457,0.0836688876152038,-0.2365851104259491,-0.5866417288780212,-0.0420562736690044,0.1957536786794662,0.7847058176994324,5,0.0144552813179315,1.0,1.0,1.0,0,0,-0.1578755278917331,-0.2679074162332095,-500,-500,thymio-11
162,1788224619.4177089,2.727224588394165,-0.2155962884426117,-1.4898462588646215,81.47886525185163,2.727224588394165,0.0850691869854927,-0.2155962884426117,-0.5877446532249451,-0.0227664820849895,0.1953049451112747,0.7847890853881836,5,0.1769121353676157,1.0,1.0,1.0,0,0,-0.184713111966946,-0.2308125620373489,-500,-500,thymio-11
163,1788224620.0263848,2.597575187683105,-0.1857722252607345,-1.5082083897415055,80.75262712990936,2.597575187683105,0.0879557207226753,-0.1857722252607345,-0.5697200298309326,-0.0028452510014176,0.1950585842132568,0.7983502745628357,5,0.2815024147487168,1.0,1.0,1.0,0,0,-0.1774485471899257,-0.2114363230114161,-500,-500,thymio-11
164,1788224620.6346426,2.597575187683105,-0.1857722252607345,-1.5082083897415055,80.65262712990936,2.597575187683105,0.0879557207226753,-0.1857722252607345,-0.5697200298309326,-0.0028452510014176,0.1950585842132568,0.7983502745628357,5,0.2815024147487168,1.0,1.0,1.0,0,0,-0.1759885054543353,-0.2885008740660512,-500,-500,thymio-11
165,1788224621.2432094,2.4814412593841557,-0.1498974859714508,-1.4571834392443532,79.93676380019382,2.4814412593841557,0.0880590826272964,-0.1498974859714508,-0.5712935328483582,0.0169963389635086,0.2373631298542022,0.7854893207550049,5,0.3604828954835966,1.0,1.0,1.0,0,0,-0.1387774803527811,-0.4468211370575855,-426,-500,thymio-11
166,1788224621.851329,2.4814412593841557,-0.1498974859714508,-1.4571834392443532,79.83676380019382,2.4814412593841557,0.0880590826272964,-0.1498974859714508,-0.5712935328483582,0.0169963389635086,0.2373631298542022,0.7854893207550049,5,0.3604828954835966,1.0,1.0,1.0,0,0,-0.0822659480096242,-0.5468407483716683,-210,-375,thymio-11
167,1788224622.459057,2.325872898101806,-0.0955248773097992,-1.461295949612189,78.862760378098,2.325872898101806,0.0897429287433624,-0.0955248773097992,-0.5652759671211243,0.0246075820177793,0.2384489327669143,0.7893033027648926,5,0.4604702738987853,1.0,1.0,1.0,0,0,0.0082788075792756,-0.5983598554248759,120,-61,thymio-11
168,1788224623.06705,2.2013275623321533,-0.0580996125936508,-1.481725716864227,78.09312593899442,2.2013275623321533,0.0909155905246734,-0.0580996125936508,-0.5953600406646729,-0.0840003341436386,0.1575323343276977,0.7833734750747681,5,0.5470424804293661,1.0,1.0,1.0,0,0,0.0942756081984326,-0.6150364235095114,428,242,thymio-11
169,1788224623.6758275,2.2013275623321533,-0.0580996125936508,-1.481725716864227,77.99312593899442,2.2013275623321533,0.0909155905246734,-0.0580996125936508,-0.5953600406646729,-0.0840003341436386,0.1575323343276977,0.7833734750747681,5,0.5470424804293661,1.0,1.0,1.0,0,0,0.1443130516503096,-0.6183399007708434,500,419,thymio-11
170,1788224624.2846808,2.1862175464630127,-0.0502548366785049,-1.4612307848019532,77.89312593899443,2.1862175464630127,0.0910989269614219,-0.0502548366785049,-0.6169885993003845,-0.247180625796318,0.0269286781549453,0.7466603517532349,5,0.5823154289643451,1.0,1.0,1.0,0,0,0.1693017532524811,-0.6209602187807943,500,500,thymio-11
171,1788224624.8928823,2.313089609146118,0.0700685381889343,-1.334725614808825,77.79312593899444,2.313089609146118,0.0912788286805152,0.0700685381889343,-0.6077459454536438,-0.416559636592865,-0.1241458803415298,0.6646132469177246,5,0.422581937929575,1.0,0.648099977109134,1.0,0,0,0.166756336395193,-0.6115755314010831,500,500,thymio-11
172,1788224625.5014403,2.313089609146118,0.0700685381889343,-1.334725614808825,77.69312593899444,2.313089609146118,0.0912788286805152,0.0700685381889343,-0.6077459454536438,-0.416559636592865,-0.1241458803415298,0.6646132469177246,5,0.422581937929575,1.0,0.648099977109134,1.0,0,0,0.1699932363019607,-0.6155130861696431,500,500,thymio-11
173,1788224626.1096857,2.391730546951294,0.1505532413721084,-1.3445818557701166,77.59312593899445,2.391730546951294,0.0921188369393348,0.1505532413721084,-0.6097182631492615,-0.404871255159378,-0.1086596325039863,0.672693133354187,5,0.2977299656521852,1.0,0.7540513686604937,1.0,0,0,0.1725364278478225,-0.6174438966771094,500,500,thymio-11
174,1788224626.7182782,2.391730546951294,0.1505532413721084,-1.3445818557701166,77.49312593899445,2.391730546951294,0.0921188369393348,0.1505532413721084,-0.6097182631492615,-0.404871255159378,-0.1086596325039863,0.672693133354187,5,0.2977299656521852,1.0,0.7540513686604937,1.0,0,0,0.1729387737623061,-0.6170535894881717,500,500,thymio-11
175,1788224627.3262527,2.4805588722229004,0.2440541982650756,-1.354296808539034,77.39312593899446,2.4805588722229004,0.0917275175452232,0.2440541982650756,-0.6114307641983032,-0.4002555608749389,-0.1083444654941558,0.6739506721496582,5,0.1482384396761824,1.0,0.8807168990822982,1.0,0,0,0.175031080013333,-0.6180312079039556,500,500,thymio-11
176,1788224627.9345367,2.5922863483428955,0.3425130546092987,-1.4045408508307315,77.29312593899446,2.5922863483428955,0.0914676561951637,0.3425130546092987,-0.6149978637695312,-0.3576079905033111,-0.0727052763104438,0.6990051865577698,5,0.0373563207494163,1.0,1.0,1.0,0,0,0.1751469801296387,-0.621658288167266,500,500,thymio-11
177,1788224628.5423346,2.5922863483428955,0.3425130546092987,-1.4045408508307315,77.19312593899447,2.5922863483428955,0.0914676561951637,0.3425130546092987,-0.6149978637695312,-0.3576079905033111,-0.0727052763104438,0.6990051865577698,5,0.0373563207494163,1.0,1.0,1.0,0,0,0.1770758951140757,-0.6220276754199647,500,500,thymio-11
178,1788224629.1509852,2.703863382339477,0.4245305955410003,-1.410326878899725,77.09312593899448,2.703863382339477,0.0909354388713836,0.4245305955410003,-0.6153689622879028,-0.3452203869819641,-0.058170273900032,0.7062296271324158,5,-0.1476015067412422,1.0,1.0,1.0,0,0,0.1776988381566579,-0.6214086843192069,500,500,thymio-11
179,1788224629.7546496,2.868626594543457,0.5404348969459534,-1.408414061971391,77.09312593899448,2.868626594543457,0.0904976055026054,0.5404348969459534,-0.6146091818809509,-0.3309985995292663,-0.0361786112189292,0.7151130437850952,5,-0.3556876765484239,1.0,1.0,1.0,0,0,0.1761335771286565,-0.6207767321609019,500,500,thymio-11
180,1788224630.3625717,2.868626594543457,0.5404348969459534,-1.408414061971391,76.99312593899448,2.868626594543457,0.0904976055026054,0.5404348969459534,-0.6146091818809509,-0.3309985995292663,-0.0361786112189292,0.7151130437850952,5,-0.3556876765484239,1.0,1.0,1.0,0,0,0.173806649898956,-0.6206452521112528,500,500,thymio-11
181,1788224630.9705007,2.9692604541778564,0.6076843738555908,-1.4270554099869486,76.89312593899449,2.9692604541778564,0.0904159396886825,0.6076843738555908,-0.614002525806427,-0.3167413175106048,-0.0296446960419416,0.7223551869392395,5,-0.4432416427397282,1.0,1.0,1.0,0,0,0.1692704344812378,-0.620772786920012,500,500,thymio-11
182,1788224631.5790997,2.9692604541778564,0.6076843738555908,-1.4270554099869486,76.79312593899449,2.9692604541778564,0.0904159396886825,0.6076843738555908,-0.614002525806427,-0.3167413175106048,-0.0296446960419416,0.7223551869392395,5,-0.4432416427397282,1.0,1.0,1.0,0,0,0.1639640670269829,-0.6212356299517654,500,489,thymio-11
183,1788224632.1876316,3.079620361328125,0.6703960299491882,-1.4143160488577229,76.6931259389945,3.079620361328125,0.0902779772877693,0.6703960299491882,-0.6164413690567017,-0.3103764057159424,-0.0139478212222456,0.7235136032104492,5,1.0,1.0,-0.5086805500716877,1.0,0,0,0.1305410968703088,-0.5875754844557379,500,375,thymio-11
184,1788224632.7953863,3.240675449371338,0.7565369009971619,-1.43120853415589,76.5931259389945,3.240675449371338,0.0904428511857986,0.7565369009971619,0.6366759538650513,0.2785012125968933,-0.0054468009620904,-0.7190627455711365,5,1.0,1.0,-0.425263882684423,1.0,0,0,0.0680119343808354,-0.550026104671465,325,159,thymio-11
185,1788224633.4034116,3.240675449371338,0.7565369009971619,-1.43120853415589,76.49312593899451,3.240675449371338,0.0904428511857986,0.7565369009971619,0.6366759538650513,0.2785012125968933,-0.0054468009620904,-0.7190627455711365,5,1.0,1.0,-0.425263882684423,1.0,0,0,-0.0250483512323765,-0.4250532775621811,-25,-153,thymio-11
186,1788224634.012446,3.282277107238769,0.781669020652771,-1.4165381313288947,76.39312593899452,3.282277107238769,0.0905861482024192,0.781669020652771,0.6188165545463562,0.3189485669136047,0.0277058202773332,-0.71733558177948,5,1.0,1.0,-0.3671328495372381,1.0,0,0,-0.1310723983534048,-0.2267321207139662,-431,-500,thymio-11
187,1788224634.6215048,3.336749792098999,0.8428857922554016,-0.9457855457436666,76.29312593899452,3.336749792098999,0.090339072048664,0.8428857922554016,0.5715882182121277,0.5469086170196533,0.2368194758892059,-0.5639986991882324,5,1.0,1.0,-0.1158549929449705,1.0,0,0,-0.1934793187333031,-0.178265558046506,-500,-500,thymio-11
188,1788224635.2294495,3.322948932647705,0.797537088394165,-0.920271251301267,76.18601002816364,3.322948932647705,0.0901825800538063,0.797537088394165,0.5762829184532166,0.5491061210632324,0.2427828907966613,-0.5544699430465698,5,1.0,-0.1075513241299315,1.0,1.0,0,0,-0.1457041070926199,0.204788206734585,-500,-487,thymio-11
189,1788224635.8374329,3.322948932647705,0.797537088394165,-0.920271251301267,76.08601002816364,3.322948932647705,0.0901825800538063,0.797537088394165,0.5762829184532166,0.5491061210632324,0.2427828907966613,-0.5544699430465698,5,1.0,-0.1075513241299315,1.0,1.0,0,0,-0.1982208102337796,-0.3312250485937928,-500,-500,thymio-11
190,1788224636.4465482,3.26741099357605,0.6135439276695251,-1.0134421983383808,75.65168356943461,3.26741099357605,0.0882205516099929,0.6135439276695251,0.5817787647247314,0.531278669834137,0.2327992767095565,-0.5701587796211243,5,1.0,-0.1321034063933661,1.0,1.0,0,0,-0.1993362823039329,-0.5405416527745466,-500,-500,thymio-11
191,1788224637.0546174,3.26741099357605,0.6135439276695251,-1.0134421983383808,75.55168356943462,3.26741099357605,0.0882205516099929,0.6135439276695251,0.5817787647247314,0.531278669834137,0.2327992767095565,-0.5701587796211243,5,1.0,-0.1321034063933661,1.0,1.0,0,0,-0.0458876968333023,-0.6159246539753079,-70,-256,thymio-11
192,1788224637.662579,3.232124328613281,0.5203287601470947,-1.1348543983206794,75.27759839092144,3.232124328613281,0.0878548100590705,0.5203287601470947,0.583420991897583,0.5071899890899658,0.2256928086280822,-0.5928246974945068,5,1.0,1.0,-0.143845601264055,1.0,0,0,-0.0030504311725172,-0.3685876336190952,45,-66,thymio-11
193,1788224638.2703454,3.1796774864196777,0.4104065597057342,-0.9899272817405054,74.9274656363709,3.1796774864196777,0.0871413797140121,0.4104065597057342,0.575550377368927,0.5373786091804504,0.2472498714923858,-0.5646535754203796,5,1.0,-0.1368700089628111,1.0,1.0,0,0,-0.1249201266168185,-0.512032174687246,-367,-500,thymio-11
194,1788224638.8791227,3.1707355976104736,0.3909872770309448,-0.2649229237776751,74.8274656363709,3.1707355976104736,0.0884762108325958,0.3909872770309448,0.5180562734603882,0.6311190724372864,0.3190989196300506,-0.4811262190341949,5,1.0,-0.0720806686069565,1.0,1.0,0,0,-0.1117997936646116,-0.5432358327978221,-315,-479,thymio-11
195,1788224639.4872973,3.1707355976104736,0.3909872770309448,-0.2649229237776751,74.72746563637091,3.1707355976104736,0.0884762108325958,0.3909872770309448,0.5180562734603882,0.6311190724372864,0.3190989196300506,-0.4811262190341949,5,1.0,-0.0720806686069565,1.0,1.0,0,0,-0.0741863478248039,-0.5370725785348611,-182,-345,thymio-11
1,1788310549.515674,10000.0,10000.0,0.0,100.0,-1.8840702772140503,0.1108126789331436,0.2207559496164322,-0.6087509989738464,-0.5027236342430115,-0.3003230690956116,0.5352544188499451,5,1.0,1.0,-1.0,1.0,0,0,0.03,-0.369427358443917,162,51,thymio-01
2,1788310550.118889,3.1906185150146484,-0.4942511618137359,0.9203121454573928,100.0,3.1906185150146484,0.0736485570669174,-0.4942511618137359,-0.1795463263988495,-0.7464925050735474,-0.6243233680725098,-0.1439879834651947,5,-0.6723330006081498,1.0,1.0,-0.7137834313455038,0,0,0.0162234185750285,-0.2012280528615942,88,27,thymio-01
3,1788310550.7285235,3.1906185150146484,-0.4942511618137359,0.9203121454573928,99.9,3.1906185150146484,0.0736485570669174,-0.4942511618137359,-0.1795463263988495,-0.7464925050735474,-0.6243233680725098,-0.1439879834651947,5,-0.6798636691895846,1.0,1.0,-0.7207200021052012,0,0,-0.024592399618289,-0.3196176809245249,-39,-136,thymio-01
4,1788310551.3313954,10000.0,10000.0,0.0,99.9,3.1906185150146484,0.0736485570669174,-0.4942511618137359,-0.1795463263988495,-0.7464925050735474,-0.6243233680725098,-0.1439879834651947,5,1.0,1.0,1.0,1.0,0,0,-0.0206522091689349,-0.5133765355006008,4,-151,thymio-01
5,1788310551.9345665,3.1695926189422607,-0.5023619532585144,0.8690559580406543,99.9,3.1695926189422607,0.0687881410121917,-0.5023619532585144,-0.0992234870791435,-0.68934166431427,-0.6701062917709351,-0.2567499279975891,5,-0.6775617465737973,1.0,1.0,-0.7395113215123679,0,0,-0.03565381525835,-0.6067682499739191,-35,-218,thymio-01
6,1788310552.5427182,3.1768345832824707,-0.4834202229976654,0.6623788298530857,99.8,3.1768345832824707,0.0687704384326934,-0.4834202229976654,0.1048100665211677,-0.5779634118080139,-0.666618824005127,-0.4589036405086517,5,-0.684507679571721,1.0,1.0,-0.5984656311609838,0,0,-0.0125259424358326,-0.5590761498926999,40,-129,thymio-01
7,1788310553.1511974,3.1768345832824707,-0.4834202229976654,0.6623788298530857,99.70000000000002,3.1768345832824707,0.0687704384326934,-0.4834202229976654,0.1048100665211677,-0.5779634118080139,-0.666618824005127,-0.4589036405086517,5,-0.684507679571721,1.0,1.0,-0.5984656311609838,0,0,-0.031413956406084,-0.5546554620811617,-28,-195,thymio-01
8,1788310553.7594063,3.176586389541626,-0.4648227095603943,0.3571738178532899,99.60000000000002,3.176586389541626,0.0689583495259285,-0.4648227095603943,-0.2167929410934448,0.4918654263019562,0.6373290419578552,0.5521603226661682,5,-0.6999656283875797,1.0,1.0,-0.550297570583046,0,0,-0.0283069086940964,-0.5011347074650935,-25,-176,thymio-01
9,1788310554.3673313,3.1638550758361816,-0.4441165030002594,-0.7209907661276209,99.50000000000004,3.1638550758361816,0.069329559803009,-0.4441165030002594,-0.4265180826187134,0.2638599276542663,0.5311728119850159,0.6828731298446655,5,-0.7014350238358682,-0.4284053466733397,1.0,-0.4891222366124057,0,0,-0.0280115602089904,-0.5660911469908165,-14,-185,thymio-01
10,1788310554.9760623,3.142617702484131,-0.4333104789257049,-1.0622643694978855,99.40000000000003,3.142617702484131,0.06989336758852,-0.4333104789257049,-0.5356442928314209,0.1011088639497757,0.4288980364799499,0.7203532457351685,5,-0.7219456838017873,-0.3994974046437334,1.0,-0.5319563694061467,0,0,-0.0238889175558407,-0.4992258884619148,-9,-160,thymio-01
11,1788310555.5844145,3.142617702484131,-0.4333104789257049,-1.0622643694978855,99.30000000000004,3.142617702484131,0.06989336758852,-0.4333104789257049,-0.5356442928314209,0.1011088639497757,0.4288980364799499,0.7203532457351685,5,-0.7219456838017873,-0.3994974046437334,1.0,-0.5319563694061467,0,0,-0.0238889175558407,-0.529325238436967,-5,-165,thymio-01
12,1788310556.1930895,3.1211273670196533,-0.433720201253891,-1.1991941953675562,99.20000000000005,3.1211273670196533,0.0694709122180938,-0.433720201253891,-0.6184400320053101,-0.0676334127783775,0.2939503788948059,0.7256383299827576,5,-0.7190068850391866,-0.3877817229013593,1.0,-0.5723179504932348,0,0,-0.0244796161071234,-0.5596564805405501,-2,-171,thymio-01
13,1788310556.802298,3.1011223793029785,-0.4448436498641968,-1.1994605305623265,99.10000000000004,3.1011223793029785,0.0695500448346138,-0.4448436498641968,-0.6712782382965088,-0.2639991343021393,0.1202448159456253,0.6820785999298096,5,-0.6808468902808901,-0.3798121518149588,1.0,-0.6003889613346167,0,0,-0.0321497750535411,-0.5734936218590796,-28,-201,thymio-01
14,1788310557.4103038,3.0912559032440186,-0.4624594449996948,-1.0899429085657828,99.00000000000006,3.0912559032440186,0.0688896626234054,-0.4624594449996948,-0.676254153251648,-0.4194498658180237,-0.0505933389067649,0.6034754514694214,5,-0.6319990799053834,-0.3395889260590023,1.0,-0.6009551158280801,0,0,-0.0419681849390179,-0.5759653058164081,-62,-236,thymio-01
15,1788310558.0187602,3.0912559032440186,-0.4624594449996948,-1.0899429085657828,98.90000000000006,3.0912559032440186,0.0688896626234054,-0.4624594449996948,-0.676254153251648,-0.4194498658180237,-0.0505933389067649,0.6034754514694214,5,-0.6319990799053834,-0.3395889260590023,1.0,-0.6009551158280801,0,0,-0.0419681849390179,-0.5720101453786067,-63,-235,thymio-01
16,1788310558.626804,3.089459180831909,-0.4908912479877472,-0.7548975896556795,98.80000000000008,3.089459180831909,0.0686460882425308,-0.4908912479877472,-0.6483334898948669,-0.5452285408973694,-0.1977409571409225,0.4932424426078796,5,-0.5777290233929437,1.0,1.0,-0.5919395321429359,0,0,-0.05,-0.4938869718207507,-103,-252,thymio-01
17,1788310559.2350774,3.1182661056518555,-0.5384895205497742,0.4109738970303493,98.70000000000007,3.1182661056518555,0.0696860700845718,-0.5384895205497742,-0.483500212430954,-0.7413086295127869,-0.3478235900402069,0.3093669414520263,5,-0.5318952684101852,1.0,-0.513832622450214,1.0,0,0,-0.05,0.0100527208366935,-179,-176,thymio-01
18,1788310559.8435662,3.14836049079895,-0.5566757321357727,0.6430449785700953,98.60000000000008,3.14836049079895,0.0700422227382659,-0.5566757321357727,-0.4145629703998565,-0.8009124398231506,-0.3538476526737213,0.247929111123085,5,-0.4909736802423277,1.0,-0.4984854739459519,1.0,0,0,-0.05,-0.1944995781028395,-148,-207,thymio-01
19,1788310560.4518228,3.14836049079895,-0.5566757321357727,0.6430449785700953,98.50000000000009,3.14836049079895,0.0700422227382659,-0.5566757321357727,-0.4145629703998565,-0.8009124398231506,-0.3538476526737213,0.247929111123085,5,-0.4909736802423277,1.0,-0.4984854739459519,1.0,0,0,-0.102474528451018,-0.3718904796149843,-308,-420,thymio-01
20,1788310561.0613916,3.1983325481414795,-0.5806965231895447,0.5028000340982346,98.40000000000008,3.1983325481414795,0.0662276074290275,-0.5806965231895447,-0.4962537288665771,-0.7105068564414978,-0.4730504155158996,0.1585418432950973,5,-0.490536495015939,1.0,1.0,1.0,0,0,-0.1873011148139334,-0.6152668670090022,-500,-500,thymio-01
21,1788310561.669719,3.1983325481414795,-0.5806965231895447,0.5028000340982346,98.3000000000001,3.1983325481414795,0.0662276074290275,-0.5806965231895447,-0.4962537288665771,-0.7105068564414978,-0.4730504155158996,0.1585418432950973,5,-0.490536495015939,1.0,1.0,1.0,0,0,-0.0120030651920457,-0.4604064492390987,27,-112,thymio-01
22,1788310562.2781126,3.2075862884521484,-0.5845402479171753,0.4839397960152287,98.2000000000001,3.2075862884521484,0.0652729049324989,-0.5845402479171753,-0.5002753138542175,-0.7124817967414856,-0.4718541204929352,0.1394561976194381,5,-0.5016781113790801,1.0,1.0,1.0,0,0,-0.0597670837845323,-0.5265757679302335,-133,-292,thymio-01
23,1788310562.8861458,3.2075862884521484,-0.5845402479171753,0.4839397960152287,98.10000000000012,3.2075862884521484,0.0652729049324989,-0.5845402479171753,-0.5002753138542175,-0.7124817967414856,-0.4718541204929352,0.1394561976194381,5,-0.5241902180205813,1.0,1.0,1.0,0,0,-0.0539977175548715,-0.5677681693013356,-106,-278,thymio-01
24,1788310563.489789,10000.0,10000.0,0.0,98.10000000000012,3.2075862884521484,0.0652729049324989,-0.5845402479171753,-0.5002753138542175,-0.7124817967414856,-0.4718541204929352,0.1394561976194381,5,1.0,1.0,1.0,1.0,0,0,-0.03,-0.5698000357604737,-21,-193,thymio-01
25,1788310564.092527,10000.0,10000.0,0.0,98.10000000000012,3.2075862884521484,0.0652729049324989,-0.5845402479171753,-0.5002753138542175,-0.7124817967414856,-0.4718541204929352,0.1394561976194381,5,1.0,1.0,1.0,1.0,0,0,-0.03,-0.606368776121184,-15,-198,thymio-01
26,1788310564.6961484,10000.0,10000.0,0.0,98.10000000000012,3.2075862884521484,0.0652729049324989,-0.5845402479171753,-0.5002753138542175,-0.7124817967414856,-0.4718541204929352,0.1394561976194381,5,1.0,1.0,1.0,1.0,0,0,0.03,-0.6208870997021143,200,13,thymio-01
27,1788310565.2995696,10000.0,10000.0,0.0,98.10000000000012,3.2075862884521484,0.0652729049324989,-0.5845402479171753,-0.5002753138542175,-0.7124817967414856,-0.4718541204929352,0.1394561976194381,5,1.0,1.0,1.0,1.0,0,0,0.03,-0.6245293429817582,201,12,thymio-01
28,1788310565.9029348,10000.0,10000.0,0.0,98.10000000000012,3.2075862884521484,0.0652729049324989,-0.5845402479171753,-0.5002753138542175,-0.7124817967414856,-0.4718541204929352,0.1394561976194381,5,1.0,1.0,1.0,1.0,0,0,0.03,-0.625188080447318,201,12,thymio-01
29,1788310566.5068495,10000.0,10000.0,0.0,98.10000000000012,3.2075862884521484,0.0652729049324989,-0.5845402479171753,-0.5002753138542175,-0.7124817967414856,-0.4718541204929352,0.1394561976194381,5,1.0,1.0,1.0,1.0,0,0,0.03,-0.6238469622585645,201,12,thymio-01
30,1788310567.1100984,10000.0,10000.0,0.0,98.10000000000012,3.2075862884521484,0.0652729049324989,-0.5845402479171753,-0.5002753138542175,-0.7124817967414856,-0.4718541204929352,0.1394561976194381,5,1.0,1.0,1.0,1.0,0,0,0.03,-0.6218037298499431,200,13,thymio-01
31,1788310567.713279,3.4689884185791016,-0.6251258850097656,2.7219053097649306,98.10000000000012,3.4689884185791016,0.0175102539360523,-0.6251258850097656,-0.31248739361763,0.7167039513587952,0.2763447761535644,-0.5588564872741699,5,1.0,-0.4565147048587757,-0.4837132457086374,1.0,0,0,0.0673754433381745,-0.5728951759803641,326,153,thymio-01
32,1788310568.321774,3.4689884185791016,-0.6251258850097656,2.7219053097649306,98.00000000000011,3.4689884185791016,0.0175102539360523,-0.6251258850097656,-0.31248739361763,0.7167039513587952,0.2763447761535644,-0.5588564872741699,5,1.0,-0.4565147048587757,-0.4837132457086374,1.0,0,0,0.1469417333412359,-0.6279157266900601,500,427,thymio-01
33,1788310568.9254932,10000.0,10000.0,0.0,98.00000000000011,3.4689884185791016,0.0175102539360523,-0.6251258850097656,-0.31248739361763,0.7167039513587952,0.2763447761535644,-0.5588564872741699,5,1.0,1.0,1.0,1.0,0,0,-0.0060722833681292,-0.3715781019362684,35,-78,thymio-01
34,1788310569.528841,10000.0,10000.0,0.0,98.00000000000011,3.4689884185791016,0.0175102539360523,-0.6251258850097656,-0.31248739361763,0.7167039513587952,0.2763447761535644,-0.5588564872741699,5,1.0,1.0,1.0,1.0,0,0,-0.03,-0.3252193626185332,-57,-156,thymio-01
35,1788310570.132944,10000.0,10000.0,0.0,98.00000000000011,3.4689884185791016,0.0175102539360523,-0.6251258850097656,-0.31248739361763,0.7167039513587952,0.2763447761535644,-0.5588564872741699,5,1.0,1.0,1.0,1.0,0,0,-0.03,-0.2019505050454167,-76,-137,thymio-01
36,1788310570.7366714,10000.0,10000.0,0.0,98.00000000000011,3.4689884185791016,0.0175102539360523,-0.6251258850097656,-0.31248739361763,0.7167039513587952,0.2763447761535644,-0.5588564872741699,5,1.0,1.0,1.0,1.0,0,0,-0.03,-0.2990015678224791,-61,-152,thymio-01
37,1788310571.3401382,3.1021084785461426,-0.6086405515670776,-1.4587564672008972,98.00000000000011,3.1021084785461426,0.0741856396198272,-0.6086405515670776,0.6680924892425537,0.1490548402070999,-0.0633517131209373,-0.7262380719184875,5,1.0,1.0,1.0,-0.9716031717445648,0,0,-0.0,-0.300697928798515,45,-45,thymio-01
38,1788310571.9490118,3.1021084785461426,-0.6086405515670776,-1.4587564672008972,97.90000000000012,3.1021084785461426,0.0741856396198272,-0.6086405515670776,0.6680924892425537,0.1490548402070999,-0.0633517131209373,-0.7262380719184875,5,1.0,1.0,1.0,-0.9382991849495024,0,0,-0.0,-0.0158554861009032,2,-2,thymio-01
39,1788310572.5522532,10000.0,10000.0,0.0,97.90000000000012,3.1021084785461426,0.0741856396198272,-0.6086405515670776,0.6680924892425537,0.1490548402070999,-0.0633517131209373,-0.7262380719184875,5,1.0,1.0,1.0,1.0,0,0,-0.03,-0.1672514712216412,-81,-132,thymio-01
40,1788310573.1558137,10000.0,10000.0,0.0,97.90000000000012,3.1021084785461426,0.0741856396198272,-0.6086405515670776,0.6680924892425537,0.1490548402070999,-0.0633517131209373,-0.7262380719184875,5,1.0,1.0,1.0,1.0,0,0,-0.03,-0.4035394162945406,-46,-168,thymio-01
41,1788310573.7588072,10000.0,10000.0,0.0,97.90000000000012,3.1021084785461426,0.0741856396198272,-0.6086405515670776,0.6680924892425537,0.1490548402070999,-0.0633517131209373,-0.7262380719184875,5,1.0,1.0,1.0,1.0,0,0,-0.03,-0.4981692723650475,-31,-182,thymio-01
42,1788310574.361658,1.2955809831619265,0.8433995842933655,-0.9704106802060224,97.90000000000012,1.2955809831619265,0.1092442721128463,0.8433995842933655,0.5061695575714111,-0.11016795784235,-0.4606681764125824,-0.7207220792770386,5,1.0,-0.9314933911861596,0.9915133975990034,1.0,0,0,-0.0,-0.4891007845025008,74,-74,thymio-01
43,1788310574.9712417,1.2955809831619265,0.8433995842933655,-0.9704106802060224,97.80000000000013,1.2955809831619265,0.1092442721128463,0.8433995842933655,0.5061695575714111,-0.11016795784235,-0.4606681764125824,-0.7207220792770386,5,1.0,-0.9314933911861596,0.9915133975990034,1.0,0,0,-0.0,-0.5563222495961209,84,-84,thymio-01
44,1788310575.5749333,10000.0,10000.0,0.0,97.80000000000013,1.2955809831619265,0.1092442721128463,0.8433995842933655,0.5061695575714111,-0.11016795784235,-0.4606681764125824,-0.7207220792770386,5,1.0,1.0,1.0,1.0,0,0,-0.03,-0.5551894569292657,-23,-190,thymio-01
45,1788310576.1782832,10000.0,10000.0,0.0,97.80000000000013,1.2955809831619265,0.1092442721128463,0.8433995842933655,0.5061695575714111,-0.11016795784235,-0.4606681764125824,-0.7207220792770386,5,1.0,1.0,1.0,1.0,0,0,-0.03,-0.4419570968376998,-40,-173,thymio-01
46,1788310576.7810285,10000.0,10000.0,0.0,97.80000000000013,1.2955809831619265,0.1092442721128463,0.8433995842933655,0.5061695575714111,-0.11016795784235,-0.4606681764125824,-0.7207220792770386,5,1.0,1.0,1.0,1.0,0,0,-0.03,-0.3976794779242913,-47,-167,thymio-01
47,1788310577.3842337,10000.0,10000.0,0.0,97.80000000000013,1.2955809831619265,0.1092442721128463,0.8433995842933655,0.5061695575714111,-0.11016795784235,-0.4606681764125824,-0.7207220792770386,5,1.0,1.0,1.0,1.0,0,0,-0.03,-0.4303525782364998,-42,-172,thymio-01
48,1788310577.987232,10000.0,10000.0,0.0,97.80000000000013,1.2955809831619265,0.1092442721128463,0.8433995842933655,0.5061695575714111,-0.11016795784235,-0.4606681764125824,-0.7207220792770386,5,1.0,1.0,1.0,1.0,0,0,-0.03,-0.4532256283033562,-38,-175,thymio-01
49,1788310578.5907829,10000.0,10000.0,0.0,97.80000000000013,1.2955809831619265,0.1092442721128463,0.8433995842933655,0.5061695575714111,-0.11016795784235,-0.4606681764125824,-0.7207220792770386,5,1.0,1.0,1.0,1.0,0,0,-0.03,-0.4768560198563671,-35,-179,thymio-01
50,1788310579.194131,2.836323499679565,-0.17409348487854,-1.4860212958979853,97.80000000000013,2.836323499679565,0.077186033129692,-0.17409348487854,-0.6770368814468384,-0.2153877764940261,-0.0285617392510175,0.703145444393158,5,-0.8019823379113976,-0.983148540378142,1.0,1.0,1994,0,-0.0,-0.4364649063823847,66,-66,thymio-01
51,1788310579.802246,2.836323499679565,-0.17409348487854,-1.4860212958979853,97.70000000000012,2.836323499679565,0.077186033129692,-0.17409348487854,-0.6770368814468384,-0.2153877764940261,-0.0285617392510175,0.703145444393158,5,-0.803501556529073,1.0,1.0,-0.9510243386806702,2740,0,-0.08,-0.4810820523169398,-212,-357,thymio-01
52,1788310580.405852,10000.0,10000.0,0.0,97.70000000000012,2.836323499679565,0.077186033129692,-0.17409348487854,-0.6770368814468384,-0.2153877764940261,-0.0285617392510175,0.703145444393158,5,1.0,1.0,1.0,1.0,2658,0,-0.08,-0.2692800633495342,-244,-325,thymio-01
53,1788310581.0095744,10000.0,10000.0,0.0,97.70000000000012,2.836323499679565,0.077186033129692,-0.17409348487854,-0.6770368814468384,-0.2153877764940261,-0.0285617392510175,0.703145444393158,5,1.0,1.0,1.0,1.0,1930,0,-0.03,-0.4402934533911996,-40,-173,thymio-01
54,1788310581.6125395,10000.0,10000.0,0.0,97.70000000000012,2.836323499679565,0.077186033129692,-0.17409348487854,-0.6770368814468384,-0.2153877764940261,-0.0285617392510175,0.703145444393158,5,1.0,1.0,1.0,1.0,1590,0,-0.03,-0.5330268223035042,-26,-187,thymio-01
55,1788310582.2161908,10000.0,10000.0,0.0,97.70000000000012,2.836323499679565,0.077186033129692,-0.17409348487854,-0.6770368814468384,-0.2153877764940261,-0.0285617392510175,0.703145444393158,5,1.0,1.0,1.0,1.0,1180,0,-0.03,-0.558735195539941,-22,-191,thymio-01
56,1788310582.8193374,3.5792598724365234,-0.4837555885314941,2.5985604463140923,97.70000000000012,3.5792598724365234,0.0176137741655111,-0.4837555885314941,0.3346820771694183,-0.7617396712303162,-0.2457597702741623,0.4973356425762176,5,1.0,-0.7522141535896989,-0.3178366761196636,1.0,0,0,0.0206966690152608,-0.597772730773923,164,-17,thymio-01
57,1788310583.4279015,3.5792598724365234,-0.4837555885314941,2.5985604463140923,97.60000000000014,3.5792598724365234,0.0176137741655111,-0.4837555885314941,0.3346820771694183,-0.7617396712303162,-0.2457597702741623,0.4973356425762176,5,1.0,-0.7522141535896989,-0.3178366761196636,1.0,0,0,0.0335502805223457,-0.6275576225766686,214,24,thymio-01
58,1788310584.031472,10000.0,10000.0,0.0,97.60000000000014,3.5792598724365234,0.0176137741655111,-0.4837555885314941,0.3346820771694183,-0.7617396712303162,-0.2457597702741623,0.4973356425762176,5,1.0,1.0,1.0,1.0,1638,0,0.0213481108733687,-0.5564158979508477,160,-8,thymio-01
59,1788310584.6350186,3.623221874237061,-0.45455002784729,-1.1278379387753414,97.60000000000014,3.623221874237061,0.0678101181983947,-0.45455002784729,0.666355550289154,0.3760943114757538,-0.0157217588275671,-0.6436429619789124,5,1.0,-0.0506890816247187,1.0,-0.7990143256665647,2354,0,-0.08,-0.5772630620429409,-197,-371,thymio-01
60,1788310585.2435906,3.623221874237061,-0.45455002784729,-1.1278379387753414,97.50000000000014,3.623221874237061,0.0678101181983947,-0.45455002784729,0.666355550289154,0.3760943114757538,-0.0157217588275671,-0.6436429619789124,5,1.0,-0.0506890816247187,1.0,-0.7990143256665647,0,0,-0.0101876841198523,-0.5240603271205474,43,-115,thymio-01
61,1788310585.851639,3.624596118927002,-0.4505465924739837,-1.102210334806303,97.40000000000016,3.624596118927002,0.067823626101017,-0.4505465924739837,0.665138304233551,0.4001339673995971,0.0083853946998715,-0.630407452583313,5,1.0,-0.0664558346379609,1.0,-0.8006557483382216,0,0,-0.0165676383296553,-0.3738264987138153,-2,-115,thymio-01
62,1788310586.4601552,3.624596118927002,-0.4505465924739837,-1.102210334806303,97.30000000000015,3.624596118927002,0.067823626101017,-0.4505465924739837,0.665138304233551,0.4001339673995971,0.0083853946998715,-0.630407452583313,5,1.0,-0.0962215340148824,1.0,-0.7858809363787899,0,0,-0.0338924776307228,-0.1278387985437778,-101,-140,thymio-01
63,1788310587.06452,-0.097642071545124,1.3871701955795288,0.6246031817577617,97.30000000000015,-0.097642071545124,0.1191731020808219,1.3871701955795288,0.0726522579789161,-0.5873059630393982,-0.6577419638633728,-0.4660137891769409,5,1.0,-0.9960675482754652,1.0,1.0,0,0,-0.0,-0.4232351154406226,64,-64,thymio-01
64,1788310587.67302,-0.097642071545124,1.3871701955795288,0.6246031817577617,97.20000000000016,-0.097642071545124,0.1191731020808219,1.3871701955795288,0.0726522579789161,-0.5873059630393982,-0.6577419638633728,-0.4660137891769409,5,1.0,-0.9960675482754652,1.0,1.0,0,0,-0.0,-0.6120349411381941,92,-92,thymio-01
65,1788310588.28099,-0.1003734022378921,1.4087262153625488,0.6718499293295808,97.10000000000016,-0.1003734022378921,0.1193063929677009,1.4087262153625488,0.0379899628460407,-0.6058485507965088,-0.6643837690353394,-0.4360029697418213,5,-0.9623309120370828,1.0,1.0,1.0,0,0,0.0,-0.5553907742012535,84,-84,thymio-01
66,1788310588.8894415,-0.1003734022378921,1.4087262153625488,0.6718499293295808,97.00000000000016,-0.1003734022378921,0.1193063929677009,1.4087262153625488,0.0379899628460407,-0.6058485507965088,-0.6643837690353394,-0.4360029697418213,5,-0.959007934611306,1.0,1.0,1.0,0,0,-0.0,-0.5518831022235949,83,-83,thymio-01
67,1788310589.4927783,10000.0,10000.0,0.0,97.00000000000016,-0.1003734022378921,0.1193063929677009,1.4087262153625488,0.0379899628460407,-0.6058485507965088,-0.6643837690353394,-0.4360029697418213,5,1.0,1.0,1.0,1.0,0,0,-0.03,-0.3699050875596998,-51,-162,thymio-01
68,1788310590.0962913,10000.0,10000.0,0.0,97.00000000000016,-0.1003734022378921,0.1193063929677009,1.4087262153625488,0.0379899628460407,-0.6058485507965088,-0.6643837690353394,-0.4360029697418213,5,1.0,1.0,1.0,1.0,0,0,-0.03,-0.3412674978810513,-55,-158,thymio-01
69,1788310590.699731,10000.0,10000.0,0.0,97.00000000000016,-0.1003734022378921,0.1193063929677009,1.4087262153625488,0.0379899628460407,-0.6058485507965088,-0.6643837690353394,-0.4360029697418213,5,1.0,1.0,1.0,1.0,0,0,-0.03,-0.4619610399413055,-37,-176,thymio-01
70,1788310591.3030603,10000.0,10000.0,0.0,97.00000000000016,-0.1003734022378921,0.1193063929677009,1.4087262153625488,0.0379899628460407,-0.6058485507965088,-0.6643837690353394,-0.4360029697418213,5,1.0,1.0,1.0,1.0,0,0,-0.03,-0.5341757744850455,-26,-187,thymio-01
71,1788310591.905923,10000.0,10000.0,0.0,97.00000000000016,-0.1003734022378921,0.1193063929677009,1.4087262153625488,0.0379899628460407,-0.6058485507965088,-0.6643837690353394,-0.4360029697418213,5,1.0,1.0,1.0,1.0,0,0,-0.03,-0.5760433916941661,-20,-194,thymio-01
72,1788310592.5087924,-0.0974365547299385,1.4422814846038818,-2.4941844676599114,97.00000000000016,-0.0974365547299385,0.1197702884674072,1.4422814846038818,-0.6092970967292786,-0.1846034377813339,0.5141748785972595,-0.5747199058532715,5,1.0,1.0,1.0,-0.9945656360018984,1782,0,-0.0,-0.4611795579223541,70,-70,thymio-01
73,1788310593.1122892,2.7651915550231934,-0.2212906032800674,0.40274384681073,97.00000000000016,2.7651915550231934,0.0791458636522293,-0.2212906032800674,0.5045300722122192,0.626743733882904,0.4492946267127991,-0.3882989883422851,5,1.0,1.0,-0.8206596217543387,-0.966891129235981,1971,0,-0.0,-0.1509398338203595,23,-23,thymio-01
74,1788310593.7208188,2.7651915550231934,-0.2212906032800674,0.40274384681073,96.90000000000018,2.7651915550231934,0.0791458636522293,-0.2212906032800674,0.5045300722122192,0.626743733882904,0.4492946267127991,-0.3882989883422851,5,1.0,1.0,-0.8206596217543387,-0.966891129235981,2002,0,-0.08,-0.0919367208290307,-270,-298,thymio-01
75,1788310594.3292928,2.749232769012451,-0.2304289042949676,0.0304456503576595,96.80000000000018,2.749232769012451,0.0790184810757637,-0.2304289042949676,0.5341179966926575,0.597454845905304,0.4170288145542145,-0.4287804365158081,5,1.0,-0.9845611296753312,-0.8027401269543373,1.0,1380,0,-0.0,-0.4177943112606601,63,-63,thymio-01
76,1788310594.9330032,3.6215415000915527,-0.4138775765895843,-0.8413992904981815,96.80000000000018,3.6215415000915527,0.0681107938289642,-0.4138775765895843,0.4646771848201751,-0.2123056203126907,-0.5095154643058777,-0.6923838257789612,5,1.0,1.0,1.0,-0.2080370079326489,1145,0,-0.1534827210907615,-0.5389972508535606,-464,-500,thymio-01
77,1788310595.5415056,3.6215415000915527,-0.4138775765895843,-0.8413992904981815,96.7000000000002,3.6215415000915527,0.0681107938289642,-0.4138775765895843,0.4646771848201751,-0.2123056203126907,-0.5095154643058777,-0.6923838257789612,5,1.0,1.0,1.0,-0.2080370079326489,0,0,-0.1157995607667685,-0.0769399876543373,-400,-423,thymio-01
78,1788310596.1495323,3.6122989654541016,-0.408086359500885,-1.0548558592605848,96.6000000000002,3.6122989654541016,0.0676380917429924,-0.408086359500885,0.5313220024108887,-0.1138354763388633,-0.4350389242172241,-0.7179690599441528,5,1.0,-0.1169558448789539,1.0,-0.2053101989530849,0,0,-0.1674995964403673,-0.2624203633501669,-500,-500,thymio-01
79,1788310596.7578669,3.4572560787200928,-0.3842130303382873,-1.0779052969256575,96.1263742711377,3.4572560787200928,0.0684238225221633,-0.3842130303382873,0.5334474444389343,-0.0992584899067878,-0.4205290675163269,-0.7271429896354675,5,1.0,-0.2285830079383056,1.0,-0.3314203205737009,0,0,-0.1597571652856538,-0.451742023919863,-499,-500,thymio-01
80,1788310597.3663485,3.3726749420166016,-0.3721798956394195,-1.0502358261932647,95.90727826642834,3.3726749420166016,0.0692118480801582,-0.3721798956394195,0.5253202319145203,-0.1180843487381935,-0.4362519383430481,-0.7209570407867432,5,1.0,-0.2947645282710533,1.0,-0.4118183308826825,0,2294,0.08,-0.5429454480259426,366,202,thymio-01
81,1788310597.9750023,3.3726749420166016,-0.3721798956394195,-1.0502358261932647,95.80727826642834,3.3726749420166016,0.0692118480801582,-0.3721798956394195,0.5253202319145203,-0.1180843487381935,-0.4362519383430481,-0.7209570407867432,5,1.0,-0.2947645282710533,1.0,-0.4118183308826825,0,0,-0.0367566461498589,-0.5773518313793766,-43,-218,thymio-01
82,1788310598.5826907,3.337895154953003,-0.3572122752666473,-1.024893885732645,95.70386256813885,3.337895154953003,0.0695527195930481,-0.3572122752666473,0.5179969668388367,-0.1332274973392486,-0.4488420188426971,-0.7158704400062561,5,1.0,-0.3144891342470772,1.0,-0.4593139966796509,0,0,0.0028951621383713,-0.5973913406523519,100,-80,thymio-01
83,1788310599.1910305,3.349740505218506,-0.3622015118598938,-1.2029285977977753,95.60386256813884,3.349740505218506,0.0693471059203147,-0.3622015118598938,0.6111981868743896,0.0525742396712303,-0.3006307482719421,-0.730269730091095,5,1.0,-0.461742776596151,1.0,1.0,0,0,0.018280118131465,-0.5887088787454449,154,-24,thymio-01
84,1788310599.8007412,3.349740505218506,-0.3622015118598938,-1.2029285977977753,95.50386256813884,3.349740505218506,0.0693471059203147,-0.3622015118598938,0.6111981868743896,0.0525742396712303,-0.3006307482719421,-0.730269730091095,5,1.0,-0.461742776596151,1.0,1.0,0,0,0.0258719754065118,-0.5944430969611186,182,2,thymio-01
85,1788310600.4088993,3.3589906692504883,-0.3485062718391418,-1.158798877855613,95.40386256813883,3.3589906692504883,0.0703576430678367,-0.3485062718391418,0.6823717951774597,0.3302999436855316,-0.059365976601839,-0.6494201421737671,5,1.0,-0.2881453328899001,1.0,-0.4652430103573297,0,0,0.0435303065782062,-0.6198132822772469,248,61,thymio-01
86,1788310601.016748,3.3618946075439453,-0.3417993783950805,-1.1393310996329822,95.30386256813884,3.3618946075439453,0.0693998336791992,-0.3417993783950805,0.6781460642814636,0.3694377243518829,-0.0118892835453152,-0.6352104544639587,5,1.0,-0.2858057730473127,1.0,-0.4635390755052103,0,0,0.0493699019157363,-0.6158606238675487,268,82,thymio-01
87,1788310601.6245427,3.3618946075439453,-0.3417993783950805,-1.1393310996329822,95.20386256813886,3.3618946075439453,0.0693998336791992,-0.3417993783950805,0.6781460642814636,0.3694377243518829,-0.0118892835453152,-0.6352104544639587,5,1.0,-0.2858057730473127,1.0,-0.4635390755052103,0,0,0.0461247462314334,-0.6136371642213002,257,71,thymio-01
88,1788310602.2324247,3.350609064102173,-0.2757502496242523,-0.3090406669439023,95.10386256813888,3.350609064102173,0.0706725716590881,-0.2757502496242523,0.5972444415092468,0.624890148639679,0.2789568305015564,-0.4183233976364136,5,1.0,1.0,1.0,-0.4928033133475215,0,0,0.0311054224213668,-0.5971296247306017,201,20,thymio-01
89,1788310602.8401618,3.314378261566162,-0.241348847746849,0.4561285360070322,94.95944996473844,3.314378261566162,0.0691142156720161,-0.241348847746849,0.504627525806427,0.7016116380691528,0.4372791945934295,-0.2487551420927047,5,1.0,1.0,1.0,-0.533699379188163,0,0,0.0032661725259586,-0.569117540006411,98,-74,thymio-01
90,1788310603.449028,3.284398078918457,-0.232362225651741,0.7574820537667986,94.85027938348696,3.284398078918457,0.0692958235740661,-0.232362225651741,0.3925313949584961,0.7399573922157288,0.5399395227432251,-0.0827501118183136,5,-0.5525852771143069,1.0,1.0,1.0,2295,0,-0.08,-0.2706801936649994,-243,-325,thymio-01
91,1788310604.0576167,3.284398078918457,-0.232362225651741,0.7574820537667986,94.75027938348695,3.284398078918457,0.0692958235740661,-0.232362225651741,0.3925313949584961,0.7399573922157288,0.5399395227432251,-0.0827501118183136,5,-0.5525852771143069,1.0,1.0,1.0,0,0,-0.0948089322790418,-0.5086255223581629,-260,-414,thymio-01
92,1788310604.665706,3.279078722000122,-0.2330829799175262,0.8319287268329725,94.65027938348696,3.279078722000122,0.0694683715701103,-0.2330829799175262,0.3095520138740539,0.7419819831848145,0.5938127636909485,0.0320431292057037,5,-0.5487993668475553,1.0,1.0,1.0,0,0,-0.05,-0.5921727170141614,-88,-267,thymio-01
93,1788310605.2734654,3.3882739543914795,-0.1926525086164474,0.8467804374464505,94.55027938348697,3.3882739543914795,0.0687812566757202,-0.1926525086164474,0.2058095633983612,0.7203260064125061,0.6406438946723938,0.1683694422245025,5,-0.4255939129323975,1.0,1.0,1.0,0,0,-0.05,-0.6161566907796878,-85,-271,thymio-01
94,1788310605.8825254,3.424613237380981,-0.1496718525886535,0.7742578511411051,94.45027938348696,3.424613237380981,0.06977229565382,-0.1496718525886535,-0.0229942891746759,0.6266143918037415,0.6775387525558472,0.3844046592712402,5,-0.3762345495792565,1.0,1.0,-0.1341041692445806,0,0,-0.05,-0.5769234593312884,-91,-265,thymio-01
95,1788310606.4905608,3.424613237380981,-0.1496718525886535,0.7742578511411051,94.35027938348698,3.424613237380981,0.06977229565382,-0.1496718525886535,-0.0229942891746759,0.6266143918037415,0.6775387525558472,0.3844046592712402,5,-0.3762345495792565,1.0,1.0,-0.1341041692445806,0,0,-0.05,-0.6104915374140333,-85,-270,thymio-01
96,1788310607.0984025,3.431142807006836,-0.1175454929471015,0.5570797570918873,94.25027938348698,3.431142807006836,0.0694495439529419,-0.1175454929471015,-0.1223550662398338,0.5501603484153748,0.6606822609901428,0.4958345890045166,5,1.0,1.0,1.0,-0.3624130787380895,0,0,0.1642959458114231,-0.6235969393560418,500,490,thymio-01
97,1788310607.7069414,3.4344518184661865,-0.098508819937706,-0.0846860199966759,94.150279383487,3.4344518184661865,0.0713128894567489,-0.098508819937706,0.3027757108211517,-0.4054913818836212,-0.6007646918296814,-0.6188580989837646,5,1.0,1.0,1.0,-0.3253277092449628,0,0,0.0882839687668936,-0.6220942309809996,408,220,thymio-01
98,1788310608.315268,3.4344518184661865,-0.098508819937706,-0.0846860199966759,94.050279383487,3.4344518184661865,0.0713128894567489,-0.098508819937706,0.3027757108211517,-0.4054913818836212,-0.6007646918296814,-0.6188580989837646,5,1.0,1.0,1.0,-0.3253277092449628,0,0,0.0277251472688988,-0.5991740537085541,189,8,thymio-01
99,1788310608.9233325,3.4493215084075928,-0.1215444803237915,-0.0853584655157853,93.950279383487,3.4493215084075928,0.0708885118365287,-0.1215444803237915,0.3008473813533783,-0.4039289951324463,-0.6018832325935364,-0.6197328567504883,5,1.0,1.0,1.0,-0.3098886840158735,0,0,-0.0048940920132978,-0.5637394254666569,68,-103,thymio-01
100,1788310609.5311804,3.5315043926239014,-0.2003160566091537,-1.0362628967122527,93.850279383487,3.5315043926239014,0.0688484162092208,-0.2003160566091537,0.5021927952766418,-0.1379110515117645,-0.4397959113121032,-0.7316848039627075,5,1.0,-0.234688787333904,1.0,1.0,0,0,-0.0028426449979863,-0.5609459486927273,75,-95,thymio-01
101,1788310610.1388843,3.5315043926239014,-0.2003160566091537,-1.0362628967122527,93.750279383487,3.5315043926239014,0.0688484162092208,-0.2003160566091537,0.5021927952766418,-0.1379110515117645,-0.4397959113121032,-0.7316848039627075,5,1.0,-0.234688787333904,1.0,1.0,0,0,0.0064453805536103,-0.5763999394869191,110,-64,thymio-01
102,1788310610.7417269,10000.0,10000.0,0.0,93.750279383487,3.5315043926239014,0.0688484162092208,-0.2003160566091537,0.5021927952766418,-0.1379110515117645,-0.4397959113121032,-0.7316848039627075,5,1.0,1.0,-1.0,1.0,0,0,0.0058932928867723,-0.3208983383489027,69,-28,thymio-01
103,1788310611.344735,3.5319364070892334,-0.199248731136322,-1.210830658576061,93.750279383487,3.5319364070892334,0.0688866302371025,-0.199248731136322,0.595553457736969,0.0203590411692857,-0.3134685158729553,-0.7393504977226257,5,1.0,-0.2242181089365837,1.0,1.0,0,0,-0.0522786371001531,-0.5948510623607822,-96,-276,thymio-01
104,1788310611.9527757,3.541400909423828,-0.1878228485584259,-1.185840847045847,93.65027938348702,3.541400909423828,0.0696216151118278,-0.1878228485584259,-0.6824678778648376,-0.3230685889720917,0.0491582006216049,0.6537949442863464,5,1.0,-0.2110716294654733,1.0,1.0,0,0,-0.0089140517252431,-0.5666623635867917,54,-117,thymio-01
105,1788310612.561372,3.529197931289673,-0.2200493663549423,-0.8807134277496296,93.55027938348702,3.529197931289673,0.0694852620363235,-0.2200493663549423,0.6642184853553772,0.510866641998291,0.1566139161586761,-0.5227822065353394,5,1.0,-0.1226601154243004,1.0,-0.2148539673289767,0,0,-0.0247675741061786,-0.5970506324497219,2,-178,thymio-01
106,1788310613.1697066,3.529197931289673,-0.2200493663549423,-0.8807134277496296,93.45027938348704,3.529197931289673,0.0694852620363235,-0.2200493663549423,0.6642184853553772,0.510866641998291,0.1566139161586761,-0.5227822065353394,5,1.0,-0.1226601154243004,1.0,-0.2148539673289767,0,0,0.0023373841133198,-0.5812973087324492,96,-79,thymio-01
107,1788310613.778191,3.5294759273529053,-0.221269205212593,-0.8073398900092954,93.35027938348703,3.5294759273529053,0.0685283541679382,-0.221269205212593,0.6665287017822266,0.5277095437049866,0.1950456202030182,-0.4891006052494049,5,1.0,-0.1220401580223057,1.0,-0.2139897113654741,0,0,0.0055197117115781,-0.5963839814271624,110,-70,thymio-01
108,1788310614.3858483,3.5316476821899414,-0.2340471148490905,0.3381433395523667,93.25027938348704,3.5316476821899414,0.0658552572131156,-0.2340471148490905,0.5326623320579529,0.6881092190742493,0.4191112518310547,-0.2590799331665039,5,1.0,1.0,1.0,-0.2147410719811627,0,0,0.0079404912700723,-0.5748211617468667,115,-59,thymio-01
109,1788310614.9937236,3.5316476821899414,-0.2340471148490905,0.3381433395523667,93.15027938348705,3.5316476821899414,0.0658552572131156,-0.2340471148490905,0.5326623320579529,0.6881092190742493,0.4191112518310547,-0.2590799331665039,5,1.0,1.0,1.0,-0.2147410719811627,0,0,-0.0064797867077158,-0.5546272831444813,61,-107,thymio-01
110,1788310615.6016953,3.520380973815918,-0.2316618114709854,0.734169583031647,93.05027938348704,3.520380973815918,0.0667650029063224,-0.2316618114709854,0.3946332037448883,0.7425889372825623,0.5373960137367249,-0.0634966567158699,5,-0.2240922221283269,1.0,1.0,-0.1301877632544177,0,0,-0.0099619466525115,-0.4107012980500689,27,-97,thymio-01
111,1788310616.209773,3.5132081508636475,-0.2326575368642807,0.8462303448257749,92.95027938348706,3.5132081508636475,0.0697128027677536,-0.2326575368642807,0.2335219234228134,0.7168835997581482,0.6426254510879517,0.1363013982772827,5,-0.2236255425584896,1.0,1.0,1.0,0,0,-0.0516864049763544,-0.4004679904121876,-123,-244,thymio-01
112,1788310616.8178585,3.5132081508636475,-0.2326575368642807,0.8462303448257749,92.85027938348706,3.5132081508636475,0.0697128027677536,-0.2326575368642807,0.2335219234228134,0.7168835997581482,0.6426254510879517,0.1363013982772827,5,-0.2236255425584896,1.0,1.0,1.0,0,0,-0.0713364323677751,-0.5293069784557257,-174,-333,thymio-01
113,1788310617.426145,3.524658441543579,-0.2225242406129837,0.8191102159531534,92.75027938348708,3.524658441543579,0.0688007771968841,-0.2225242406129837,-0.0735477656126022,-0.666252851486206,-0.6767308712005615,-0.3045215308666229,5,-0.2007737064829707,1.0,1.0,-0.1131010242578577,0,0,0.0480806716220591,-0.5384500529290716,252,90,thymio-01
114,1788310618.034393,3.5500688552856445,-0.1617636084556579,0.6986028924076675,92.65027938348707,3.5500688552856445,0.0675232112407684,-0.1617636084556579,0.0913480818271637,-0.5854820609092712,-0.6743558645248413,-0.440579891204834,5,-0.1686775578229034,1.0,1.0,-0.0774463011356304,0,0,0.0640777535044306,-0.5999050968725783,318,137,thymio-01
115,1788310618.6431215,3.5500688552856445,-0.1617636084556579,0.6986028924076675,92.55027938348708,3.5500688552856445,0.0675232112407684,-0.1617636084556579,0.0913480818271637,-0.5854820609092712,-0.6743558645248413,-0.440579891204834,5,-0.1686775578229034,1.0,1.0,-0.0774463011356304,0,0,0.1303167556401794,-0.6077326716821612,500,371,thymio-01
116,1788310619.2516336,3.55690860748291,-0.2038503438234329,0.2508986948831229,92.45027938348709,3.55690860748291,0.0679404065012931,-0.2038503438234329,0.2170275002717971,-0.4687366485595703,-0.634945809841156,-0.5744813084602356,5,1.0,1.0,1.0,-0.1440651732021257,0,0,0.1573417632383267,-0.6189082444219466,500,466,thymio-01
117,1788310619.8613417,3.6137871742248535,-0.2865563631057739,-0.3804662275541073,92.35027938348708,3.6137871742248535,0.0685513988137245,-0.2865563631057739,0.3578261733055115,-0.3515031933784485,-0.5728040933609009,-0.648306667804718,5,1.0,1.0,1.0,-0.1212808370979799,2407,0,-0.08,-0.6216906950526621,-190,-378,thymio-01
118,1788310620.46967,3.6864688396453857,-0.358025848865509,-0.5014280327294398,92.2502793834871,3.6864688396453857,0.0687564685940742,-0.358025848865509,0.3949147760868072,-0.3065797090530395,-0.5694664120674133,-0.6525022387504578,5,1.0,1.0,1.0,-0.0408991382232468,2224,0,-0.08,-0.6029861599970128,-193,-375,thymio-01
119,1788310621.0778832,3.6864688396453857,-0.358025848865509,-0.5014280327294398,92.1502793834871,3.6864688396453857,0.0687564685940742,-0.358025848865509,0.3949147760868072,-0.3065797090530395,-0.5694664120674133,-0.6525022387504578,5,1.0,1.0,1.0,-0.0408991382232468,1730,0,0.0007172402368972,-0.5671021036727933,88,-83,thymio-01
120,1788310621.68657,3.6286680698394775,-0.3227972090244293,-0.990021133346238,91.96106349253752,3.6286680698394775,0.0678440108895301,-0.3227972090244293,0.5027196407318115,-0.1508714109659195,-0.4618216454982757,-0.7150046825408936,5,1.0,-0.0024913066103137,1.0,-0.1150966320711999,1451,0,-0.005522901998269,-0.5875191138757483,69,-108,thymio-01
121,1788310622.2964313,3.609378099441528,-0.3172792196273803,-1.2187712766372665,91.86106349253753,3.609378099441528,0.0685038417577743,-0.3172792196273803,0.6215928792953491,0.0701751038432121,-0.2812444865703583,-0.7277357578277588,5,1.0,-0.1423421369886894,1.0,1.0,1980,0,0.0022075760287339,-0.5628610510964073,93,-77,thymio-01
122,1788310622.9051323,3.6106133460998535,-0.3148837685585022,-1.2057517569656289,91.76106349253752,3.6106133460998535,0.0684559643268585,-0.3148837685585022,0.6703173518180847,0.2484982758760452,-0.1337758004665374,-0.6863144040107727,5,1.0,-0.1411577657752238,1.0,1.0,0,0,-0.0048775634447873,-0.5651417745533776,68,-103,thymio-01
123,1788310623.51384,3.6106133460998535,-0.3148837685585022,-1.2057517569656289,91.66106349253754,3.6106133460998535,0.0684559643268585,-0.3148837685585022,0.6703173518180847,0.2484982758760452,-0.1337758004665374,-0.6863144040107727,5,1.0,-0.1411577657752238,1.0,1.0,0,0,-0.0097522065810977,-0.5608008566083686,50,-119,thymio-01
124,1788310624.122807,3.6121702194213863,-0.311612069606781,-1.10879721536748,91.56106349253754,3.6121702194213863,0.0677016079425811,-0.311612069606781,0.6816842555999756,0.4009662866592407,0.0278964322060346,-0.6113545298576355,5,1.0,-0.1316339942397892,1.0,1.0,0,0,-0.0160724990665893,-0.5690659870325688,29,-143,thymio-01
125,1788310624.7310529,3.609389781951904,-0.3203703463077545,-0.5218507101984082,91.46106349253756,3.609389781951904,0.0687007680535316,-0.3203703463077545,0.6231399774551392,0.5894895195960999,0.2525244057178497,-0.4476943016052246,5,1.0,1.0,1.0,-0.1506688522574808,0,0,-0.0220793978010963,-0.5738674339981729,8,-165,thymio-01
126,1788310625.3396792,3.609389781951904,-0.3203703463077545,-0.5218507101984082,91.36106349253755,3.609389781951904,0.0687007680535316,-0.3203703463077545,0.6231399774551392,0.5894895195960999,0.2525244057178497,-0.4476943016052246,5,1.0,1.0,1.0,-0.1506688522574808,0,0,-0.0231421375825399,-0.5243153044424845,-3,-161,thymio-01
127,1788310625.948355,3.61156177520752,-0.3242324590682983,-0.2447265311420587,91.26106349253756,3.61156177520752,0.0667513236403465,-0.3242324590682983,0.5954278111457825,0.6193808317184448,0.3197175562381744,-0.3995170295238495,5,1.0,1.0,1.0,-0.1554924454742776,0,0,-0.0438988796460674,-0.4970737781423126,-81,-231,thymio-01
128,1788310626.556602,3.61156177520752,-0.3242324590682983,-0.2447265311420587,91.16106349253756,3.61156177520752,0.0667513236403465,-0.3242324590682983,0.5954278111457825,0.6193808317184448,0.3197175562381744,-0.3995170295238495,5,1.0,1.0,1.0,-0.1554924454742776,0,0,-0.0591343695124241,-0.4827064535982798,-137,-283,thymio-01
129,1788310627.160249,10000.0,10000.0,0.0,91.16106349253756,3.61156177520752,0.0667513236403465,-0.3242324590682983,0.5954278111457825,0.6193808317184448,0.3197175562381744,-0.3995170295238495,5,1.0,1.0,1.0,1.0,0,1448,-0.03,-0.4356456243655086,-41,-172,thymio-01
130,1788310627.7642224,-0.2760237455368042,1.3381783962249756,2.129103791520904,91.16106349253756,-0.2760237455368042,0.1032982841134071,1.3381783962249756,-0.4113440811634063,0.7033951878547668,-0.5791189074516296,0.0255464352667331,5,1.0,1.0,1.0,-0.993138626941987,0,1833,-0.0,-0.5865219590102276,89,-89,thymio-01
131,1788310628.3724234,-0.2760237455368042,1.3381783962249756,2.129103791520904,91.06106349253756,-0.2760237455368042,0.1032982841134071,1.3381783962249756,-0.4113440811634063,0.7033951878547668,-0.5791189074516296,0.0255464352667331,5,1.0,1.0,1.0,-0.9866745010667995,0,1365,0.0,-0.5959047648099045,90,-90,thymio-01
132,1788310628.9755368,10000.0,10000.0,0.0,91.06106349253756,-0.2760237455368042,0.1032982841134071,1.3381783962249756,-0.4113440811634063,0.7033951878547668,-0.5791189074516296,0.0255464352667331,5,1.0,1.0,1.0,1.0,0,0,0.0188930340097477,-0.5208550548467947,146,-12,thymio-01
133,1788310629.5790288,10000.0,10000.0,0.0,91.06106349253756,-0.2760237455368042,0.1032982841134071,1.3381783962249756,-0.4113440811634063,0.7033951878547668,-0.5791189074516296,0.0255464352667331,5,1.0,1.0,1.0,1.0,0,0,0.0039229784367797,-0.5583582824562779,98,-70,thymio-01
134,1788310630.1824117,2.581834316253662,-0.383608728647232,-1.442867226735884,91.06106349253756,2.581834316253662,0.079879805445671,-0.383608728647232,0.6209836602210999,-0.0871429592370987,-0.2614390850067138,-0.7337812781333923,5,-0.5556089856943243,-0.9839841181962156,1.0,1.0,0,0,-0.0,-0.2553857237474435,39,-39,thymio-01
135,1788310630.7904975,2.581834316253662,-0.383608728647232,-1.442867226735884,90.96106349253758,2.581834316253662,0.079879805445671,-0.383608728647232,0.6209836602210999,-0.0871429592370987,-0.2614390850067138,-0.7337812781333923,5,-0.5556089856943243,-0.9839841181962156,1.0,1.0,0,0,-0.0,-0.4674428558600502,71,-71,thymio-01
136,1788310631.394221,3.1312997341156006,-0.45890673995018,-2.1483911992885245,90.96106349253758,3.1312997341156006,0.0673251524567604,-0.45890673995018,-0.6950454115867615,0.0359695628285408,0.2332502752542495,-0.6791262626647949,5,1.0,-0.6127856428935925,1.0,1.0,0,0,0.0458300857783879,-0.5783377464946644,250,76,thymio-01
137,1788310632.003772,3.1312997341156006,-0.45890673995018,-2.1483911992885245,90.86106349253758,3.1312997341156006,0.0673251524567604,-0.45890673995018,-0.6950454115867615,0.0359695628285408,0.2332502752542495,-0.6791262626647949,5,1.0,-0.7395296658168207,1.0,1.0,1576,0,0.020354537170819,-0.5993600343970293,163,-18,thymio-01
138,1788310632.6074734,10000.0,10000.0,0.0,90.86106349253758,3.1312997341156006,0.0673251524567604,-0.45890673995018,-0.6950454115867615,0.0359695628285408,0.2332502752542495,-0.6791262626647949,5,1.0,1.0,1.0,1.0,3421,0,-0.08,-0.4736487768641589,-213,-356,thymio-01
139,1788310633.211168,10000.0,10000.0,0.0,90.86106349253758,3.1312997341156006,0.0673251524567604,-0.45890673995018,-0.6950454115867615,0.0359695628285408,0.2332502752542495,-0.6791262626647949,5,1.0,1.0,1.0,1.0,2982,0,-0.08,-0.5009344683423346,-209,-360,thymio-01
140,1788310633.8159084,10000.0,10000.0,0.0,90.86106349253758,3.1312997341156006,0.0673251524567604,-0.45890673995018,-0.6950454115867615,0.0359695628285408,0.2332502752542495,-0.6791262626647949,5,1.0,1.0,1.0,1.0,2295,0,-0.08,-0.4539617567792661,-216,-353,thymio-01
141,1788310634.419056,3.652899026870728,-0.3054429292678833,-0.761267793149849,90.86106349253758,3.652899026870728,0.0680322125554084,-0.3054429292678833,-0.4350007772445678,0.2472636550664901,0.5239015221595764,0.6893201470375061,5,1.0,-0.553405895623614,1.0,1.0,1773,0,-0.0734485564272694,-0.5507307369724829,-178,-344,thymio-01
142,1788310635.0269682,3.59767484664917,-0.2798706889152527,-1.0093662638762604,90.6539839790659,3.59767484664917,0.0682377219200134,-0.2798706889152527,-0.510831356048584,0.1419848799705505,0.4549221098423004,0.7154980897903442,5,1.0,-0.6015142449321346,1.0,1.0,0,0,-0.009877766244522,-0.5416213421828848,47,-117,thymio-01
143,1788310635.635412,3.59767484664917,-0.2798706889152527,-1.0093662638762604,90.5539839790659,3.59767484664917,0.0682377219200134,-0.2798706889152527,-0.510831356048584,0.1419848799705505,0.4549221098423004,0.7154980897903442,5,1.0,-0.6015142449321346,1.0,1.0,0,0,0.0480956367686409,-0.5859911835622352,259,82,thymio-01
144,1788310636.243491,3.5500330924987797,-0.2750955522060394,-1.206839859898962,90.39306397748506,3.5500330924987797,0.0681972950696945,-0.2750955522060394,0.5972704887390137,0.0181792508810758,-0.3174457550048828,-0.7363190054893494,5,1.0,-0.6517933004796734,1.0,1.0,0,0,0.0379895466035856,-0.5966272011395652,225,45,thymio-01
145,1788310636.8519888,3.5749754905700684,-0.2559956312179565,-1.2215215636165744,90.29306397748506,3.5749754905700684,0.0690807551145553,-0.2559956312179565,0.6687243580818176,0.2229145914316177,-0.1508379876613617,-0.6930835247039795,5,1.0,-0.625845744795167,1.0,1.0,0,0,0.0432050052961714,-0.6032127092443668,245,62,thymio-01
146,1788310637.4603848,3.5749754905700684,-0.2559956312179565,-1.2215215636165744,90.19306397748508,3.5749754905700684,0.0690807551145553,-0.2559956312179565,0.6687243580818176,0.2229145914316177,-0.1508379876613617,-0.6930835247039795,5,1.0,-0.625845744795167,1.0,1.0,0,0,0.0432050052961714,-0.6076625163703133,245,62,thymio-01
147,1788310638.068642,3.5995523929595947,-0.2156616896390915,-1.116252542661651,90.09306397748507,3.5995523929595947,0.0690011605620384,-0.2156616896390915,0.6862989664077759,0.3944306373596191,0.0234537553042173,-0.6106293201446533,5,1.0,-0.5776517541947956,1.0,1.0,0,0,0.05,-0.6067719913539036,269,86,thymio-01
148,1788310638.6769316,3.59912371635437,-0.1658005714416504,-0.74675262471174,89.99306397748508,3.59912371635437,0.0688748508691787,-0.1658005714416504,0.654866635799408,0.544688880443573,0.2010886371135711,-0.4837635159492492,5,1.0,-0.5309160560927141,1.0,1.0,0,0,0.05,-0.6084553099700104,270,86,thymio-01
149,1788310639.2846274,3.59912371635437,-0.1658005714416504,-0.74675262471174,89.89306397748508,3.59912371635437,0.0688748508691787,-0.1658005714416504,0.654866635799408,0.544688880443573,0.2010886371135711,-0.4837635159492492,5,1.0,-0.5309160560927141,1.0,1.0,0,0,0.05,-0.6135110153064972,270,85,thymio-01
150,1788310639.8938537,3.576601028442383,-0.1230031922459602,-0.038258630594953,89.76760484617603,3.576601028442383,0.0663207620382309,-0.1230031922459602,0.583996057510376,0.6477389931678772,0.3448857069015503,-0.3470398485660553,5,1.0,0.7528501606808495,1.0,-0.493654650776,0,0,0.05,-0.594003355584143,267,88,thymio-01
151,1788310640.5032885,3.502384185791016,-0.0870984122157096,0.7174449193218675,89.42439847695961,3.502384185791016,0.0678440630435943,-0.0870984122157096,0.4064103960990906,0.7402330636978149,0.5297098755836487,-0.0793297439813613,5,1.0,1.0,1.0,-0.5312640575682062,0,0,-0.0348599040783432,-0.5252169453217506,-45,-203,thymio-01
152,1788310641.111703,3.502384185791016,-0.0870984122157096,0.7174449193218675,89.32439847695962,3.502384185791016,0.0678440630435943,-0.0870984122157096,0.4064103960990906,0.7402330636978149,0.5297098755836487,-0.0793297439813613,5,1.0,1.0,1.0,-0.5312640575682062,0,0,-0.0651355121960094,-0.4792675491179404,-159,-304,thymio-01
153,1788310641.7201817,3.4764649868011475,-0.0868398025631904,0.7883899768567124,89.20960131770877,3.4764649868011475,0.0711961537599563,-0.0868398025631904,-0.3454808890819549,-0.7307004332542419,-0.588745653629303,-0.0099214008077979,5,1.0,1.0,1.0,-0.5823056786025628,0,0,-0.087759335125999,-0.4590049407727556,-243,-381,thymio-01
154,1788310642.3284948,3.5203256607055664,-0.0688472092151641,0.8461311880748492,89.10960131770878,3.5203256607055664,0.0693920627236366,-0.0688472092151641,0.1901984065771103,0.7080416679382324,0.6541054844856262,0.1861389428377151,5,1.0,1.0,1.0,-0.549788273023564,0,0,-0.098718113886296,-0.4436132244341351,-284,-418,thymio-01
155,1788310642.9364078,3.5805373191833496,-0.0011970703490078,0.8166986448444837,89.00960131770879,3.5805373191833496,0.0695684030652046,-0.0011970703490078,0.063776284456253,0.6634553670883179,0.6766677498817444,0.312858372926712,5,1.0,1.0,1.0,-0.4527430025561563,0,0,-0.1020902033357714,-0.4384578354616694,-297,-429,thymio-01
156,1788310643.544799,3.6165592670440674,0.0844153314828872,-2.4217818706960577,88.90960131770879,3.6165592670440674,0.0689408555626869,0.0844153314828872,-0.6069743633270264,-0.1920845657587051,0.4896199107170105,-0.5957835912704468,5,1.0,1.0,-0.3566807919732992,1.0,0,0,-0.0306021632582957,0.0369234383838487,-114,-103,thymio-01
157,1788310644.1533637,3.6165592670440674,0.0844153314828872,-2.4217818706960577,88.8096013177088,3.6165592670440674,0.0689408555626869,0.0844153314828872,-0.6069743633270264,-0.1920845657587051,0.4896199107170105,-0.5957835912704468,5,1.0,1.0,-0.3566807919732992,1.0,0,0,-0.1690878118825378,-0.1803780434806109,-500,-500,thymio-01
158,1788310644.7610664,3.6228997707366943,0.1267389506101608,0.6951744583673141,88.7096013177088,3.6228997707366943,0.0702136531472206,0.1267389506101608,0.0881317108869552,-0.588049054145813,-0.6717647910118103,-0.4417729675769806,5,1.0,1.0,1.0,-0.3080760988581912,0,0,-0.1719183538076604,-0.3089505546696932,-500,-500,thymio-01
159,1788310645.36869,3.6465227603912354,0.2628890573978424,-2.446861405931844,88.60960131770881,3.6465227603912354,0.0708013102412223,0.2628890573978424,-0.6067934036254883,-0.1848914474248886,0.4954753816127777,-0.5933979749679565,5,1.0,1.0,-0.1292672594108409,1.0,0,0,-0.1243374008592636,0.0478335643278161,-449,-435,thymio-01
160,1788310645.9763782,3.6465227603912354,0.2628890573978424,-2.446861405931844,88.50960131770881,3.6465227603912354,0.0708013102412223,0.2628890573978424,-0.6067934036254883,-0.1848914474248886,0.4954753816127777,-0.5933979749679565,5,1.0,1.0,-0.1292672594108409,1.0,0,0,-0.1890529009269251,0.0832119311209911,-500,-500,thymio-01
161,1788310646.5853984,3.669686317443848,0.3579782843589782,-2.500088705908732,88.40960131770882,3.669686317443848,0.0707965865731239,0.3579782843589782,-0.5931240916252136,-0.2020725905895233,0.5120722651481628,-0.5874968767166138,5,1.0,1.0,0.0144552813179315,1.0,0,1294,-0.1904888372524266,0.2298711763021662,-500,-500,thymio-01
162,1788310647.1941645,3.698920726776123,0.4588031768798828,0.8088609991272602,88.30960131770883,3.698920726776123,0.0696522146463394,0.4588031768798828,0.0507477261126041,0.6625332832336426,0.6718862056732178,0.3271746337413788,5,1.0,1.0,1.0,0.1769121353676157,0,2812,0.08,0.0666231680281997,274,294,thymio-01
163,1788310647.8026164,3.698920726776123,0.4588031768798828,0.8088609991272602,88.20960131770883,3.698920726776123,0.0696522146463394,0.4588031768798828,0.0507477261126041,0.6625332832336426,0.6718862056732178,0.3271746337413788,5,1.0,1.0,1.0,0.1769121353676157,0,1831,-0.1938449019942878,0.0327670895126022,-500,-500,thymio-01
164,1788310648.4105592,3.69943118095398,0.4810301065444946,0.8449532795261554,88.10960131770884,3.69943118095398,0.0704444944858551,0.4810301065444946,0.1717823296785354,0.699954628944397,0.6619622707366943,0.205816313624382,5,1.0,1.0,1.0,0.2815024147487168,0,2618,0.08,-0.2142663301254167,317,252,thymio-01
165,1788310649.0191329,3.6959733963012695,0.4780999720096588,0.8445802622326433,88.00960131770884,3.6959733963012695,0.0705091133713722,0.4780999720096588,0.1777217388153076,0.7026509046554565,0.6592680215835571,0.2001558542251587,5,1.0,1.0,1.0,0.3604828954835966,0,1517,-0.1705201008880277,-0.4184064463175381,-500,-500,thymio-01
166,1788310649.6268854,3.6959733963012695,0.4780999720096588,0.8445802622326433,87.90960131770885,3.6959733963012695,0.0705091133713722,0.4780999720096588,0.1777217388153076,0.7026509046554565,0.6592680215835571,0.2001558542251587,5,1.0,1.0,1.0,0.3604828954835966,0,2533,0.08,-0.500110353868272,360,209,thymio-01
167,1788310650.2349818,3.680843114852905,0.4687553644180298,0.8418009910154018,87.80960131770885,3.680843114852905,0.0694970786571502,0.4687553644180298,0.1657013893127441,0.706383466720581,0.653857409954071,0.2145600169897079,5,1.0,1.0,1.0,0.4604702738987853,0,1022,-0.04803669735014,-0.5408662290049384,-89,-252,thymio-01
168,1788310650.8429308,3.667747020721436,0.4585701525211334,0.82980227293571,87.70960131770886,3.667747020721436,0.0704354271292686,0.4585701525211334,0.1217525452375412,0.6818774342536926,0.6723821759223938,0.2610014677047729,5,1.0,1.0,1.0,0.5470424804293661,0,0,-0.0113348444878669,-0.5642000350992398,45,-125,thymio-01
169,1788310651.4516623,3.667747020721436,0.4585701525211334,0.82980227293571,87.60960131770887,3.667747020721436,0.0704354271292686,0.4585701525211334,0.1217525452375412,0.6818774342536926,0.6723821759223938,0.2610014677047729,5,1.0,1.0,1.0,0.5470424804293661,1649,0,0.0078339954102411,-0.5784226105711513,115,-60,thymio-01
170,1788310652.0601232,3.6841328144073486,0.4836663007736206,0.7413056385415713,87.50960131770887,3.6841328144073486,0.0700779631733894,0.4836663007736206,-0.0323421955108642,0.6154831647872925,0.6767808794975281,0.4026191532611847,5,1.0,1.0,1.0,0.5823154289643451,4343,0,-0.08,-0.5845049537647347,-196,-373,thymio-01
171,1788310652.667846,3.6841328144073486,0.4836663007736206,0.7413056385415713,87.40960131770888,3.6841328144073486,0.0700779631733894,0.4836663007736206,-0.0323421955108642,0.6154831647872925,0.6767808794975281,0.4026191532611847,5,1.0,1.0,1.0,0.5823154289643451,3894,0,-0.08,-0.5883009728911318,-195,-373,thymio-01
172,1788310653.276684,3.673469305038452,0.509834885597229,-0.0001520329009592,87.30960131770888,3.673469305038452,0.0714211240410804,0.509834885597229,-0.2930254340171814,0.4150367975234985,0.6120825409889221,0.6059995889663696,5,1.0,1.0,1.0,0.422581937929575,2548,0,-0.08,-0.5874042716771765,-196,-373,thymio-01
173,1788310653.8850465,3.6299753189086914,0.5601091980934143,-0.683734568041777,87.041030754325,3.6299753189086914,0.0728244334459304,0.5601091980934143,-0.4002198278903961,0.2771944403648376,0.532154381275177,0.6926752924919128,5,1.0,0.2977299656521852,1.0,1.0,1756,0,0.0189533285041123,-0.5654311918870626,153,-18,thymio-01
174,1788310654.4926078,3.6299753189086914,0.5601091980934143,-0.683734568041777,86.94103075432501,3.6299753189086914,0.0728244334459304,0.5601091980934143,-0.4002198278903961,0.2771944403648376,0.532154381275177,0.6926752924919128,5,1.0,0.2977299656521852,1.0,1.0,1902,0,0.0164685929411779,-0.5778658530953408,146,-29,thymio-01
175,1788310655.100984,3.582778215408325,0.585787296295166,-1.1238117402772092,86.66130574492719,3.582778215408325,0.0726778358221054,0.585787296295166,0.5385288596153259,-0.1168082803487777,-0.4086052477359772,-0.7275879979133606,5,1.0,0.1482384396761824,1.0,1.0,2204,0,-0.08,-0.5163852854816906,-206,-362,thymio-01
176,1788310655.7089443,3.604505062103272,0.5921315550804138,-1.1989101248691898,86.5613057449272,3.604505062103272,0.075199618935585,0.5921315550804138,0.6488726735115051,0.1424538195133209,-0.2412281334400177,-0.707446277141571,5,1.0,0.0373563207494163,1.0,1.0,0,0,-0.058551535650718,-0.4677928139466339,-137,-279,thymio-01
177,1788310656.3175287,3.604505062103272,0.5921315550804138,-1.1989101248691898,86.4613057449272,3.604505062103272,0.075199618935585,0.5921315550804138,0.6488726735115051,0.1424538195133209,-0.2412281334400177,-0.707446277141571,5,1.0,0.0373563207494163,1.0,1.0,0,0,-0.1012672363770999,-0.2992162155874485,-315,-405,thymio-01
178,1788310656.9261706,3.5513765811920166,0.5493847727775574,-1.1872522352002648,86.26423586045786,3.5513765811920166,0.075047567486763,0.5493847727775574,-0.6876988410949707,-0.2841108739376068,0.1008958593010902,0.6604326963424683,5,-0.928772050933791,-0.1476015067412422,1.0,1.0,0,0,-0.0,0.0812607419496442,-12,12,thymio-01
179,1788310657.5347342,3.5513765811920166,0.5493847727775574,-1.1872522352002648,86.16423586045786,3.5513765811920166,0.075047567486763,0.5493847727775574,-0.6876988410949707,-0.2841108739376068,0.1008958593010902,0.6604326963424683,5,-0.928772050933791,-0.1476015067412422,1.0,1.0,0,0,-0.0,0.0743098189647153,-11,11,thymio-01
180,1788310658.1431465,3.5122339725494385,0.4692332446575165,-1.137161982581627,85.94481997617117,3.5122339725494385,0.0732414647936821,0.4692332446575165,-0.6764323711395264,-0.3806813657283783,-0.0066316360607743,0.6304578185081482,5,1.0,-0.3556876765484239,1.0,1.0,0,0,-0.1992561473403307,0.109982796942682,-500,-500,thymio-01
181,1788310658.7507522,3.5107483863830566,0.466694176197052,-1.1319758603239762,85.84481997617118,3.5107483863830566,0.0738699436187744,0.466694176197052,-0.671040415763855,-0.3746605813503265,0.0123548544943332,0.6396730542182922,5,1.0,-0.4432416427397282,1.0,1.0,0,0,-0.1975511561892756,0.1045753278176373,-500,-500,thymio-01
182,1788310659.3591616,3.5107483863830566,0.466694176197052,-1.1319758603239762,85.74481997617119,3.5107483863830566,0.0738699436187744,0.466694176197052,-0.671040415763855,-0.3746605813503265,0.0123548544943332,0.6396730542182922,5,1.0,-0.4432416427397282,1.0,1.0,0,0,-0.196717122514441,0.0633132553459417,-500,-500,thymio-01
183,1788310659.9670804,3.462692975997925,0.3588351905345917,-1.1703689915480249,85.41106773977212,3.462692975997925,0.0731287449598312,0.3588351905345917,0.6665993928909302,0.3499981164932251,-0.0260143037885427,-0.6576244831085205,5,1.0,1.0,1.0,-0.5086805500716877,0,0,-0.1942873325113803,0.208136498227399,-500,-500,thymio-01
184,1788310660.574827,3.370717763900757,0.1937562376260757,-1.178293525795087,84.8145037970287,3.370717763900757,0.0726215317845344,0.1937562376260757,0.6705735325813293,0.3167010843753814,-0.0684024840593338,-0.6673475503921509,5,1.0,1.0,1.0,-0.425263882684423,0,0,-0.1959380454080606,0.2074572635129468,-500,-500,thymio-01
185,1788310661.1831756,3.370717763900757,0.1937562376260757,-1.178293525795087,84.71450379702871,3.370717763900757,0.0726215317845344,0.1937562376260757,0.6705735325813293,0.3167010843753814,-0.0684024840593338,-0.6673475503921509,5,1.0,1.0,1.0,-0.425263882684423,0,0,-0.1973370798742131,0.2704708856064332,-500,-500,thymio-01
186,1788310661.7922993,3.342146873474121,0.1484615802764892,-1.1749241900570584,84.52481194526071,3.342146873474121,0.0722073167562484,0.1484615802764892,0.6681803464889526,0.3160736262798309,-0.0725833401083946,-0.6696000695228577,5,1.0,1.0,1.0,-0.3671328495372381,0,0,-0.1983793344971841,0.3120272250913748,-500,-500,thymio-01
187,1788310662.395398,3.210207223892212,-0.0366231836378574,-1.21614317580652,84.52481194526071,3.210207223892212,0.0724130868911743,-0.0366231836378574,0.6836264729499817,0.2710233032703399,-0.0971817970275878,-0.6706392168998718,5,1.0,1.0,1.0,-0.1158549929449705,0,0,-0.1987558369782492,0.3264952251983909,-500,-500,thymio-01
188,1788310663.003688,3.210207223892212,-0.0366231836378574,-1.21614317580652,84.42481194526071,3.210207223892212,0.0724130868911743,-0.0366231836378574,0.6836264729499817,0.2710233032703399,-0.0971817970275878,-0.6706392168998718,5,1.0,1.0,1.0,-0.1158549929449705,0,0,-0.1987841434760885,0.3314044028146374,-500,-500,thymio-01
189,1788310663.612339,3.169147491455078,-0.0860885754227638,-1.2056335170615622,84.15798307607,3.169147491455078,0.0723695829510688,-0.0860885754227638,0.6805789470672607,0.2649075984954834,-0.1130095794796943,-0.6736952066421509,5,1.0,1.0,1.0,-0.1075513241299315,0,0,-0.1989320379978981,0.3344001494683142,-500,-500,thymio-01
190,1788310664.220603,3.0379788875579834,-0.2279765307903289,-3.0451150578169486,83.3650211267518,3.0379788875579834,0.0713589563965797,-0.2279765307903289,0.64349365234375,-0.4996147155761719,0.4524305760860443,0.3627778887748718,5,1.0,-0.1321034063933661,1.0,1.0,0,0,-0.1991532590906415,0.4272457035646224,-500,-500,thymio-01
191,1788310664.8290489,3.0379788875579834,-0.2279765307903289,-3.0451150578169486,83.2650211267518,3.0379788875579834,0.0713589563965797,-0.2279765307903289,0.64349365234375,-0.4996147155761719,0.4524305760860443,0.3627778887748718,5,1.0,-0.1321034063933661,1.0,1.0,0,0,-0.1998251450850673,0.4373053979157117,-500,-500,thymio-01
192,1788310665.4374342,2.9636330604553223,-0.2971436381340027,-1.219590336854358,82.78999614168028,2.9636330604553223,0.0709322765469551,-0.2971436381340027,0.6641424298286438,0.2117369621992111,-0.1640719324350357,-0.697970449924469,5,1.0,1.0,1.0,-0.143845601264055,0,0,-0.1976541866108493,0.2368072447132701,-500,-500,thymio-01
193,1788310666.0469832,2.847097635269165,-0.3907504677772522,-1.2193080926853954,82.04797210842762,2.847097635269165,0.0714834481477737,-0.3907504677772522,0.6533840894699097,0.1774792075157165,-0.197580948472023,-0.7089090943336487,5,1.0,1.0,0.4166416117452249,-0.1368700089628111,0,0,-0.1987292203675391,0.2954616464121766,-500,-500,thymio-01
194,1788310666.6545565,2.847097635269165,-0.3907504677772522,-1.2193080926853954,81.94797210842762,2.847097635269165,0.0714834481477737,-0.3907504677772522,0.6533840894699097,0.1774792075157165,-0.197580948472023,-0.7089090943336487,5,1.0,1.0,0.4166416117452249,-0.1368700089628111,0,0,-0.1983051732537702,0.3308333428955388,-500,-500,thymio-01
195,1788310667.2628884,2.764038562774658,-0.4482169151306152,-1.222853382349891,81.42831329042203,2.764038562774658,0.0712147429585456,-0.4482169151306152,0.6480036973953247,0.1596036255359649,-0.2111868560314178,-0.7141554951667786,5,-0.0720806686069565,1.0,1.0,1.0,0,0,-0.1911788075784372,0.3199821008063259,-500,-500,thymio-01
196,1788310667.8711607,2.630251884460449,-0.5289782285690308,-1.2210046012694944,80.58687700152319,2.630251884460449,0.0718967914581298,-0.5289782285690308,0.6421293616294861,0.1306848973035812,-0.2364916652441024,-0.7174002528190613,5,-0.0026529685474386,1.0,1.0,1.0,0,0,-0.1514000491860835,-0.0514917930371788,-500,-500,thymio-01
1,1788310549.4642313,10000.0,10000.0,0.0,100.0,2.659910202026367,0.0886293649673461,1.4519741535186768,0.4900898337364197,-0.1351732611656189,-0.3413356244564056,-0.7905886173248291,5,1.0,1.0,-1.0,1.0,0,0,-0.03,-0.6180607349966669,-13,-200,thymio-07
2,1788310550.0680058,3.11024808883667,-0.1749040186405182,-0.0510816599612864,100.0,3.11024808883667,0.0725119784474372,-0.1749040186405182,-0.0575566440820694,0.68348628282547,0.5868467688560486,0.4302842915058136,5,-0.6277020860242213,-0.6723330006081498,1.0,-0.559093962820342,0,0,-0.0022437450750062,-0.0275294683797615,-4,-12,thymio-07
3,1788310550.6763654,3.119394063949585,-0.1804968267679214,-0.2604298994179093,99.9,3.119394063949585,0.0724143013358116,-0.1804968267679214,-0.1222638562321662,0.6125247478485107,0.5847349762916565,0.5176388621330261,5,-0.6185493579018166,-0.6798636691895846,1.0,-0.5460388875076803,0,0,-0.0499966044076457,0.0364508912688197,-183,-172,thymio-07
4,1788310551.2851317,3.119394063949585,-0.1804968267679214,-0.2604298994179093,99.8,3.119394063949585,0.0724143013358116,-0.1804968267679214,-0.1222638562321662,0.6125247478485107,0.5847349762916565,0.5176388621330261,5,-0.6185493579018166,-0.5266455403473408,1.0,-0.5460388875076803,0,0,-0.0446715790617348,-0.1230548945120324,-140,-177,thymio-07
5,1788310551.893603,3.1241588592529297,-0.1815123558044433,-0.3318222045020151,99.70000000000002,3.1241588592529297,0.0720661580562591,-0.1815123558044433,-0.1607797890901565,0.5854998230934143,0.5824878215789795,0.5404143929481506,5,-0.6723594027550968,-0.6775617465737973,1.0,-0.4956962325831675,0,0,-0.0328100889386667,-0.6130757426819072,-24,-209,thymio-07
6,1788310552.5026388,3.191855192184448,-0.1667064279317855,-0.4186047306761948,99.60000000000002,3.191855192184448,0.0712466761469841,-0.1667064279317855,-0.1886048316955566,0.5738039612770081,0.5612149238586426,0.5658754706382751,5,1.0,-0.684507679571721,1.0,-0.7286176040986017,0,0,-0.022547861576181,-0.6020064578910317,11,-171,thymio-07
7,1788310553.110494,3.191855192184448,-0.1667064279317855,-0.4186047306761948,99.50000000000004,3.191855192184448,0.0712466761469841,-0.1667064279317855,-0.1886048316955566,0.5738039612770081,0.5612149238586426,0.5658754706382751,5,1.0,-0.684507679571721,1.0,-0.7286176040986017,0,0,-0.022547861576181,-0.6216133967532119,14,-174,thymio-07
8,1788310553.7184436,3.207651138305664,-0.1648926138877868,-0.9706495628141418,99.40000000000003,3.207651138305664,0.0711785405874252,-0.1648926138877868,-0.2733882665634155,0.4825429320335388,0.5270423889160156,0.6439235210418701,5,1.0,-0.516849901216281,-0.6999656283875797,-0.7074083178940961,0,0,0.0268109281032866,-0.609079209440408,187,3,thymio-07
9,1788310554.3288307,3.233195304870605,-0.1521805226802826,-1.974244359956364,99.30000000000004,3.233195304870605,0.0717286989092826,-0.1521805226802826,-0.4368293881416321,0.2119798809289932,0.3926274180412292,0.7810815572738647,5,1.0,-0.6926263667998938,-0.7014350238358682,1.0,0,0,0.0280115602089904,-0.6161629189589221,193,6,thymio-07
10,1788310554.9383156,3.244798421859741,-0.1732174605131149,-2.14996354195251,99.20000000000005,3.244798421859741,0.073403924703598,-0.1732174605131149,-0.542533278465271,0.0023645344190299,0.2584977746009826,0.7992691397666931,5,1.0,-0.683025430854594,-0.7219456838017873,1.0,0,0,0.0238889175558407,-0.61590878198816,178,-8,thymio-07
11,1788310555.5463822,3.244798421859741,-0.1732174605131149,-2.14996354195251,99.10000000000004,3.244798421859741,0.073403924703598,-0.1732174605131149,-0.542533278465271,0.0023645344190299,0.2584977746009826,0.7992691397666931,5,1.0,-0.683025430854594,-0.7219456838017873,1.0,0,0,0.0238889175558407,-0.620931007678555,179,-9,thymio-07
12,1788310556.1541948,3.27011513710022,-0.1938216388225555,-2.128587768054767,99.00000000000006,3.27011513710022,0.0729806944727897,-0.1938216388225555,-0.5930899977684021,-0.2012320458889007,0.1325405091047287,0.7682337164878845,5,1.0,-0.6757586408808745,-0.7190068850391866,1.0,0,0,0.0244796161071234,-0.6238473280178859,181,-7,thymio-07
13,1788310556.763047,3.3057358264923096,-0.1978351920843124,-2.049409340534704,98.90000000000006,3.3057358264923096,0.0720425397157669,-0.1978351920843124,-0.5925480127334595,-0.4086720049381256,-0.0629220381379127,0.6913138628005981,5,1.0,-0.682817462086215,-0.6808468902808901,1.0,0,0,0.0317536901206707,-0.6249951917561126,207,18,thymio-07
14,1788310557.3714733,3.332684278488159,-0.1822904795408249,-1.4641236905091668,98.80000000000008,3.332684278488159,0.0730603858828544,-0.1822904795408249,-0.5557418465614319,-0.5937209129333496,-0.2152890861034393,0.540645182132721,5,1.0,-0.6996070409832928,1.0,1.0,0,0,0.0283789847623581,-0.6273130765859434,196,6,thymio-07
15,1788310557.9798825,3.332684278488159,-0.1822904795408249,-1.4641236905091668,98.70000000000007,3.332684278488159,0.0730603858828544,-0.1822904795408249,-0.5557418465614319,-0.5937209129333496,-0.2152890861034393,0.540645182132721,5,1.0,-0.6996070409832928,1.0,1.0,0,0,0.0283789847623581,-0.6259224765550503,195,6,thymio-07
16,1788310558.5874584,3.349684715270996,-0.1556554585695266,-0.5217953615437514,98.60000000000008,3.349684715270996,0.0726882293820381,-0.1556554585695266,-0.4891357719898224,-0.7116026878356934,-0.3385762870311737,0.3738099932670593,5,1.0,-0.5777290233929437,1.0,-0.7176821568999878,0,0,0.0247458864631024,-0.6269736258651197,183,-7,thymio-07
17,1788310559.195896,3.3480100631713867,-0.1072750389575958,0.0380433698683271,98.50000000000009,3.3480100631713867,0.0741098746657371,-0.1072750389575958,-0.3297472894191742,-0.7917546033859253,-0.5059230923652649,0.0918327048420906,5,1.0,-0.513832622450214,1.0,-0.7502043627353954,0,0,0.0182089230901855,-0.6275603437085417,159,-30,thymio-07
18,1788310559.8039694,3.335493803024292,-0.0886806473135948,0.1046589984148402,98.40000000000008,3.335493803024292,0.0730348750948906,-0.0886806473135948,-0.2179708331823349,-0.7974837422370911,-0.5581808686256409,-0.0703035071492195,5,1.0,-0.4984854739459519,1.0,-0.7586677470606267,0,0,0.016507782840814,-0.6274070608462403,153,-36,thymio-07
19,1788310560.4122722,3.335493803024292,-0.0886806473135948,0.1046589984148402,98.3000000000001,3.335493803024292,0.0730348750948906,-0.0886806473135948,-0.2179708331823349,-0.7974837422370911,-0.5581808686256409,-0.0703035071492195,5,1.0,-0.4984854739459519,1.0,-0.7586677470606267,0,0,0.016507782840814,-0.6270245408212706,153,-36,thymio-07
20,1788310561.0217323,3.3094770908355717,-0.0808945894241333,0.0725546109638366,98.2000000000001,3.3094770908355717,0.0716706663370132,-0.0808945894241333,-0.0376868434250354,-0.7550901174545288,-0.5760621428489685,-0.310758888721466,5,1.0,-0.490536495015939,1.0,-0.7785591859333023,0,0,0.0165022339822782,-0.6255108600416763,153,-36,thymio-07
21,1788310561.6297414,3.3094770908355717,-0.0808945894241333,0.0725546109638366,98.10000000000012,3.3094770908355717,0.0716706663370132,-0.0808945894241333,-0.0376868434250354,-0.7550901174545288,-0.5760621428489685,-0.310758888721466,5,1.0,-0.490536495015939,1.0,-0.7785591859333023,0,0,0.0117600749038488,-0.6210136999542076,136,-52,thymio-07
22,1788310562.2379794,3.284358501434326,-0.0896461308002471,-0.2317061697817948,98.00000000000011,3.284358501434326,0.0717646703124046,-0.0896461308002471,0.1484353095293045,-0.6181590557098389,-0.5698853731155396,-0.5206506252288818,5,1.0,-0.5016781113790801,1.0,-0.8046947393932986,0,0,0.0019958122145135,-0.5923494769409158,97,-82,thymio-07
23,1788310562.8460977,3.2704427242279053,-0.1105005592107772,-1.350468770086106,97.90000000000012,3.2704427242279053,0.0710813775658607,-0.1105005592107772,0.3189561665058136,-0.4225815832614898,-0.500476598739624,-0.6849927306175232,5,1.0,-0.8243426989247499,-0.5241902180205813,1.0,0,0,0.0034312271773587,-0.6032952541773359,103,-79,thymio-07
24,1788310563.454635,3.2704427242279053,-0.1105005592107772,-1.350468770086106,97.80000000000013,3.2704427242279053,0.0710813775658607,-0.1105005592107772,0.3189561665058136,-0.4225815832614898,-0.500476598739624,-0.6849927306175232,5,1.0,-0.8243426989247499,1.0,1.0,0,0,0.0033071175161252,-0.624599642733698,106,-83,thymio-07
25,1788310564.0625234,3.2734692096710205,-0.1203774735331535,-1.9045563900165556,97.70000000000012,3.2734692096710205,0.0723747834563255,-0.1203774735331535,0.3987940549850464,-0.2787878215312958,-0.4131202697753906,-0.7697871923446655,5,1.0,-0.8185965030595155,-0.4347921220067091,1.0,0,0,0.0044621028850373,-0.6221445361462091,110,-78,thymio-07
26,1788310564.67119,3.2859854698181152,-0.1310870051383972,-2.161873590931647,97.60000000000014,3.2859854698181152,0.073714941740036,-0.1310870051383972,0.5546878576278687,0.0296701323240995,-0.2350728213787078,-0.7976100444793701,5,1.0,-0.8097157222093379,-0.417985307696989,1.0,0,0,0.006247139835923,-0.6195165383685804,116,-71,thymio-07
27,1788310565.2789044,3.299232006072998,-0.1334089934825897,-2.1356620104470343,97.50000000000014,3.299232006072998,0.0737758874893188,-0.1334089934825897,0.5918343663215637,0.225303828716278,-0.1068565249443054,-0.7665194272994995,5,1.0,-0.8033810210537571,-0.398153211654638,1.0,0,0,0.0075204147681948,-0.625042660270465,121,-68,thymio-07
28,1788310565.8866465,3.299232006072998,-0.1334089934825897,-2.1356620104470343,97.40000000000016,3.299232006072998,0.0737758874893188,-0.1334089934825897,0.5918343663215637,0.225303828716278,-0.1068565249443054,-0.7665194272994995,5,1.0,-0.8033810210537571,-0.398153211654638,1.0,0,0,0.0075204147681948,-0.625867311209443,121,-68,thymio-07
29,1788310566.4950464,3.314481496810913,-0.1278470307588577,-1.923727356144724,97.30000000000015,3.314481496810913,0.0722474306821823,-0.1278470307588577,0.5905319452285767,0.4565805494785309,0.0640679746866226,-0.6623454689979553,5,1.0,-0.798215757303524,-0.3690014064580955,1.0,0,0,0.0085586327819916,-0.6261758793281381,125,-64,thymio-07
30,1788310567.1058114,3.326992988586426,-0.1110286191105842,-1.20399718478346,97.20000000000016,3.326992988586426,0.0732655748724937,-0.1110286191105842,0.5366324782371521,0.6301688551902771,0.2528240978717804,-0.5009918808937073,5,1.0,-0.8014411895803777,1.0,0.5019193836730489,0,0,0.007910320894344,-0.6277423751100943,123,-67,thymio-07
31,1788310567.7140052,3.328509569168091,-0.0972972139716148,-0.3960646198481852,97.10000000000016,3.328509569168091,0.0733775123953819,-0.0972972139716148,0.4712786674499511,0.7331435084342957,0.3541150689125061,-0.3391158282756805,5,1.0,-0.4565147048587757,1.0,-0.8134536447579765,0,0,0.0054958174036467,-0.6271470560264422,114,-75,thymio-07
32,1788310568.3224893,3.328509569168091,-0.0972972139716148,-0.3960646198481852,97.00000000000016,3.328509569168091,0.0733775123953819,-0.0972972139716148,0.4712786674499511,0.7331435084342957,0.3541150689125061,-0.3391158282756805,5,1.0,-0.4565147048587757,1.0,-0.8134536447579765,0,0,0.0098756230671753,-0.6272702908468055,130,-60,thymio-07
33,1788310568.9309964,3.3230245113372803,-0.0836330279707908,0.0001419515291449,96.90000000000018,3.3230245113372803,0.0742612108588218,-0.0836330279707908,0.365055501461029,0.7802168130874634,0.4833451509475708,-0.1561208218336105,5,1.0,-0.3462160515047012,1.0,-0.7991229862455494,0,0,0.0113924880170986,-0.6209123675001491,134,-53,thymio-07
34,1788310569.539045,3.303314208984375,-0.0705547630786895,0.1059631032708461,96.80000000000018,3.303314208984375,0.0739316642284393,-0.0705547630786895,0.1662229150533676,0.7886430621147156,0.5739794969558716,0.144774705171585,5,1.0,-0.3477225439174402,1.0,-0.7847415832613539,0,0,0.0130786305776118,-0.623541692462217,141,-48,thymio-07
35,1788310570.1473534,3.290757417678833,-0.0703945010900497,0.1110443998943644,96.7000000000002,3.290757417678833,0.0728300958871841,-0.0703945010900497,0.035856582224369,0.7525051832199097,0.5928986668586731,0.284467339515686,5,1.0,-0.3821340765003214,1.0,-0.7981573700013829,0,0,0.0081764447979834,-0.6242543320942097,123,-65,thymio-07
36,1788310570.7559645,3.290757417678833,-0.0703945010900497,0.1110443998943644,96.6000000000002,3.290757417678833,0.0728300958871841,-0.0703945010900497,0.035856582224369,0.7525051832199097,0.5928986668586731,0.284467339515686,5,1.0,-0.3821340765003214,1.0,-0.7981573700013829,0,0,0.0063140384207804,-0.6188537547516619,116,-71,thymio-07
37,1788310571.3642056,3.2696855068206787,-0.0796798169612884,-0.2304733581389642,96.5000000000002,3.2696855068206787,0.0717705115675926,-0.0796798169612884,-0.1450612246990203,0.6128141283988953,0.5810667872428894,0.5155362486839294,5,1.0,-0.4677966777701052,1.0,-0.8093064818385698,0,0,0.001040114481947,-0.5836261917159642,92,-84,thymio-07
38,1788310571.9729905,3.2637760639190674,-0.0909662842750549,-0.9014619107620248,96.4000000000002,3.2637760639190674,0.0712563320994377,-0.0909662842750549,-0.2641728222370147,0.4922633767127991,0.5318669080734253,0.6364017128944397,5,1.0,-0.8107910958086161,1.0,0.8747606833884378,0,0,0.0034849725159053,-0.5945797933622371,102,-77,thymio-07
39,1788310572.5809164,3.267009019851685,-0.1049560979008674,-1.9018835476478737,96.3000000000002,3.267009019851685,0.0730760991573333,-0.1049560979008674,-0.4138965606689453,0.2837031781673431,0.4206345677375793,0.7558232545852661,5,1.0,-0.806128837380507,-0.528913771180705,1.0,0,0,0.005686007566451,-0.5319080225291278,101,-60,thymio-07
40,1788310573.189571,3.267009019851685,-0.1049560979008674,-1.9018835476478737,96.20000000000022,3.267009019851685,0.0730760991573333,-0.1049560979008674,-0.4138965606689453,0.2837031781673431,0.4206345677375793,0.7558232545852661,5,1.0,-0.806128837380507,-0.528913771180705,1.0,0,0,0.006968103686518,-0.607209830741556,116,-67,thymio-07
41,1788310573.799014,3.2757296562194824,-0.1164317727088928,-2.1025314032195763,96.10000000000022,3.2757296562194824,0.071528136730194,-0.1164317727088928,-0.4983269274234772,0.0782035738229751,0.3113312423229217,0.8053740859031677,5,1.0,-0.7897370212097432,-0.5526081281114046,1.0,0,0,0.0102628587368416,-0.6198463764530575,130,-57,thymio-07
42,1788310574.406975,3.2915968894958496,-0.1228284463286399,-2.158560030574274,96.00000000000024,3.2915968894958496,0.0739460736513137,-0.1228284463286399,-0.5875872373580933,-0.1753749102354049,0.1360641866922378,0.7781203985214233,5,1.0,-0.7568535888992086,-0.5785239147659046,1.0,0,0,0.016872428631259,-0.6250804349519171,154,-34,thymio-07
43,1788310575.0153613,3.2915968894958496,-0.1228284463286399,-2.158560030574274,95.90000000000023,3.2915968894958496,0.0739460736513137,-0.1228284463286399,-0.5875872373580933,-0.1753749102354049,0.1360641866922378,0.7781203985214233,5,1.0,-0.7568535888992086,-0.5785239147659046,1.0,0,0,0.016872428631259,-0.6260308105524686,154,-35,thymio-07
44,1788310575.62309,3.315040349960327,-0.1219036877155304,-2.003712711769943,95.80000000000024,3.315040349960327,0.0729963779449462,-0.1219036877155304,-0.5950874090194702,-0.4059704840183258,-0.0262004025280475,0.6930891871452332,5,1.0,-0.72063639831383,-0.5402960051168495,1.0,0,0,0.0241520839389201,-0.6271548696281128,181,-9,thymio-07
45,1788310576.2313476,3.343841075897217,-0.0986158177256584,-1.1759289028683753,95.70000000000024,3.343841075897217,0.0732394233345985,-0.0986158177256584,-0.5381985902786255,-0.6308630108833313,-0.2635163068771362,0.4928625226020813,5,1.0,-0.6829319216211388,1.0,1.0,0,0,0.0317306837541511,-0.6267480401148172,207,18,thymio-07
46,1788310576.8392563,3.343841075897217,-0.0986158177256584,-1.1759289028683753,95.60000000000024,3.343841075897217,0.0732394233345985,-0.0986158177256584,-0.5381985902786255,-0.6308630108833313,-0.2635163068771362,0.4928625226020813,5,1.0,-0.6829319216211388,1.0,1.0,0,0,0.0317306837541511,-0.6261624456609087,207,18,thymio-07
47,1788310577.4469056,3.353320360183716,-0.0731462016701698,-0.3337308171052839,95.50000000000026,3.353320360183716,0.0741956084966659,-0.0731462016701698,-0.4613890051841736,-0.7339136004447937,-0.3718332052230835,0.332010805606842,5,1.0,1.0,1.0,-0.6704192165904694,0,0,0.0342457374653156,-0.5833409591687629,210,34,thymio-07
48,1788310578.0552888,3.353771448135376,-0.0423160605132579,-0.0136312870495398,95.40000000000026,3.353771448135376,0.0744944065809249,-0.0423160605132579,-0.3708771169185638,-0.7799771428108215,-0.4774315059185028,0.1616943180561065,5,1.0,1.0,1.0,-0.6602733115115142,0,0,-0.04693916870761,-0.5129860913871322,-89,-244,thymio-07
49,1788310578.6639984,3.353771448135376,-0.0423160605132579,-0.0136312870495398,95.30000000000028,3.353771448135376,0.0744944065809249,-0.0423160605132579,-0.3708771169185638,-0.7799771428108215,-0.4774315059185028,0.1616943180561065,5,1.0,1.0,1.0,-0.6602733115115142,0,0,-0.0686036077486434,-0.3195144634095858,-196,-292,thymio-07
50,1788310579.2726676,3.342069149017334,-0.0140702649950981,0.1179648837197624,95.20000000000029,3.342069149017334,0.0733855366706848,-0.0140702649950981,-0.2297528684139251,-0.8035144805908203,-0.5478964447975159,-0.0372520759701728,5,1.0,1.0,1.0,-0.6616404315694727,0,0,-0.0988229182083637,-0.2627529944603888,-311,-391,thymio-07
51,1788310579.881243,3.3783657550811768,-0.07117560505867,0.077095712069958,95.10000000000028,3.3783657550811768,0.0723031163215637,-0.07117560505867,-0.1316909492015838,-0.7764585614204407,-0.5794206857681274,-0.2098600417375564,5,1.0,1.0,1.0,-0.647119043976601,0,0,-0.1259091946128837,-0.1959110482649641,-418,-477,thymio-07
52,1788310580.4891555,3.4412801265716557,-0.1212639510631561,0.0827620111932088,95.00000000000028,3.4412801265716557,0.0700264200568199,-0.1212639510631561,-0.0700737759470939,-0.7556354999542236,-0.5929315090179443,-0.2693266570568084,5,1.0,1.0,1.0,-0.5897754169389049,0,0,-0.1747710038091115,-0.126975470919566,-500,-500,thymio-07
53,1788310581.096944,3.5277340412139893,-0.1713336259126663,0.1220877808332976,94.90000000000028,3.5277340412139893,0.0694864839315414,-0.1713336259126663,-0.0299398768693208,-0.7310242652893066,-0.6242259740829468,-0.273950845003128,5,1.0,1.0,1.0,-0.496671099027678,0,0,-0.1779752709655949,-0.0901904725331059,-500,-500,thymio-07
54,1788310581.7048345,3.5277340412139893,-0.1713336259126663,0.1220877808332976,94.8000000000003,3.5277340412139893,0.0694864839315414,-0.1713336259126663,-0.0299398768693208,-0.7310242652893066,-0.6242259740829468,-0.273950845003128,5,1.0,1.0,1.0,-0.496671099027678,0,0,-0.1808032461738644,-0.0913714518414886,-500,-500,thymio-07
55,1788310582.3127837,3.568629503250122,-0.193495899438858,0.0849684962093064,94.7000000000003,3.568629503250122,0.0692401230335235,-0.193495899438858,-0.044294074177742,-0.7476884126663208,-0.5948930382728577,-0.2917231619358063,5,1.0,1.0,1.0,-0.4503547566445361,0,4293,0.08,-0.0968422668945279,299,270,thymio-07
56,1788310582.9210334,3.7085165977478023,-0.2709034383296966,0.0755202385666113,94.6000000000003,3.7085165977478023,0.0694899410009384,-0.2709034383296966,-0.0260656122118234,-0.7425464391708374,-0.5908005237579346,-0.3144840002059936,5,1.0,-0.7522141535896989,1.0,-0.2931695027836212,0,2446,0.08,-0.3237125053318814,333,235,thymio-07
57,1788310583.5296168,3.7085165977478023,-0.2709034383296966,0.0755202385666113,94.50000000000033,3.7085165977478023,0.0694899410009384,-0.2709034383296966,-0.0260656122118234,-0.7425464391708374,-0.5908005237579346,-0.3144840002059936,5,1.0,-0.7522141535896989,1.0,-0.2931695027836212,0,0,-0.055640172529742,-0.5686924426301565,-112,-284,thymio-07
58,1788310584.1381752,3.6380250453948975,-0.2508870959281921,-0.0060589880022403,94.20974363649842,3.6380250453948975,0.069094568490982,-0.2508870959281921,0.0135031770914793,-0.7008421421051025,-0.6031349897384644,-0.3806129992008209,5,1.0,1.0,1.0,-0.3449915497936489,0,1320,-0.0292414853554724,-0.5675210180506208,-18,-190,thymio-07
59,1788310584.7538843,3.6356260776519775,-0.2529406547546386,-0.2542040867583957,94.10974363649842,3.6356260776519775,0.0677408501505851,-0.2529406547546386,0.0954746603965759,-0.6215701699256897,-0.5874770879745483,-0.5093189477920532,5,1.0,-0.7990143256665647,1.0,-0.3154129296049549,2610,1736,-0.08,-0.5454276986164912,-202,-367,thymio-07
60,1788310585.3619657,3.6356260776519775,-0.2529406547546386,-0.2542040867583957,94.00974363649844,3.6356260776519775,0.0677408501505851,-0.2529406547546386,0.0954746603965759,-0.6215701699256897,-0.5874770879745483,-0.5093189477920532,5,1.0,-0.7990143256665647,1.0,-0.3154129296049549,0,2874,0.08,-0.5994338764445806,375,194,thymio-07
61,1788310585.9705367,3.655638456344605,-0.2526251971721649,-0.6974517219801033,93.90974363649843,3.655638456344605,0.0696841701865196,-0.2526251971721649,0.2325358241796493,-0.5223754048347473,-0.5465477705001831,-0.6118305921554565,5,1.0,-0.8006557483382216,1.0,-0.2723336370319937,0,0,0.0080681945840174,-0.6224530331737853,123,-65,thymio-07
62,1788310586.5798092,3.682204246520996,-0.2432113736867904,-1.3686468025701444,93.80974363649844,3.682204246520996,0.0708220526576042,-0.2432113736867904,0.3003406524658203,-0.4346833825111389,-0.4857725203037262,-0.696326732635498,5,1.0,-0.2259774084858883,-0.7858809363787899,1.0,0,0,0.0110379317878632,-0.6170520899447641,132,-54,thymio-07
63,1788310587.1883683,3.663445472717285,-0.281656265258789,-1.891737263853679,93.70974363649844,3.663445472717285,0.0695163309574127,-0.281656265258789,0.4136466979980469,-0.2688027024269104,-0.4226933419704437,-0.7602445483207703,5,1.0,-0.2232021390796156,1.0,1.0,0,0,0.05,-0.6155853869131165,271,85,thymio-07
64,1788310587.7971554,3.663445472717285,-0.281656265258789,-1.891737263853679,93.60974363649844,3.663445472717285,0.0695163309574127,-0.281656265258789,0.4136466979980469,-0.2688027024269104,-0.4226933419704437,-0.7602445483207703,5,1.0,-0.2232021390796156,1.0,1.0,2057,0,-0.08,-0.6039944592002694,-193,-375,thymio-07
65,1788310588.4057124,3.6821117401123047,-0.3129338920116424,-2.161990985854053,93.50974363649846,3.6821117401123047,0.0696636214852333,-0.3129338920116424,0.5424959659576416,0.0202783364802598,-0.2388263791799545,-0.8051391243934631,5,1.0,-0.2010491449601819,1.0,1.0,2184,0,-0.08,-0.5937648170800742,-195,-374,thymio-07
66,1788310589.014261,3.681734323501587,-0.3068844079971313,-2.1672458518389317,93.40974363649846,3.681734323501587,0.0698478817939758,-0.3068844079971313,0.568644642829895,0.1425696164369583,-0.1573085635900497,-0.7947145700454712,5,1.0,-0.2045433269110103,1.0,1.0,2336,0,-0.08,-0.5608189282876006,-200,-369,thymio-07
67,1788310589.62228,3.6231071949005127,-0.2550617158412933,-2.05790336222908,93.21175290740538,3.6231071949005127,0.0696889534592628,-0.2550617158412933,0.5940828919410706,0.3574569225311279,-0.0111240362748503,-0.7205320000648499,5,1.0,-0.2971029105613002,1.0,1.0,0,0,-0.0957871858463288,-0.5167200355343932,-262,-418,thymio-07
68,1788310590.230944,3.6231071949005127,-0.2550617158412933,-2.05790336222908,93.1117529074054,3.6231071949005127,0.0696889534592628,-0.2550617158412933,0.5940828919410706,0.3574569225311279,-0.0111240362748503,-0.7205320000648499,5,1.0,-0.2971029105613002,1.0,1.0,0,0,-0.1282887203388152,-0.473115424805378,-384,-500,thymio-07
69,1788310590.83918,3.584284543991089,-0.2423865497112274,-1.9369505988214415,92.99753915618987,3.584284543991089,0.0702664628624916,-0.2423865497112274,0.5934553146362305,0.4518680870532989,0.0664373934268951,-0.6627308130264282,5,1.0,-0.3505489649318856,1.0,1.0,0,0,-0.1467490495072315,-0.4280094857206528,-457,-500,thymio-07
70,1788310591.4477713,3.430238485336304,-0.2727237343788147,-1.3688203433193338,92.60830836506258,3.430238485336304,0.0707938522100448,-0.2727237343788147,0.5537132024765015,0.6097022891044617,0.2177311927080154,-0.5236964821815491,5,1.0,-0.4781683978700616,1.0,1.0,0,0,-0.1616819217886675,-0.3228507712026656,-500,-500,thymio-07
71,1788310592.051235,1.451858639717102,3.467099905014038,0.9758279008616828,92.60830836506258,1.451858639717102,0.052808690816164,3.467099905014038,-0.3691825568675995,0.5632323622703552,-0.7368051409721375,-0.0599314197897911,5,1.0,1.0,1.0,1.0,0,0,-0.0,-0.234659165010137,35,-35,thymio-07
72,1788310592.6603055,1.451858639717102,3.467099905014038,0.9758279008616828,92.5083083650626,1.451858639717102,0.052808690816164,3.467099905014038,-0.3691825568675995,0.5632323622703552,-0.7368051409721375,-0.0599314197897911,5,1.0,1.0,1.0,1.0,0,0,-0.0,-0.4107441078409645,62,-62,thymio-07
73,1788310593.2689316,1.451906681060791,3.4671318531036377,0.974969758092768,92.4083083650626,1.451906681060791,0.0528082884848117,3.4671318531036377,-0.3681019246578216,0.5638898015022278,-0.7368857264518738,-0.0594037920236587,5,1.0,1.0,1.0,1.0,0,0,-0.0,-0.4923344586755119,74,-74,thymio-07
74,1788310593.8772707,1.4519100189208984,3.4671084880828857,0.973397714171016,92.3083083650626,1.4519100189208984,0.0528400838375091,3.4671084880828857,-0.3668263852596283,0.5652015805244446,-0.7365114688873291,-0.0594688095152378,5,1.0,1.0,1.0,1.0,0,0,-0.0,-0.5218371198634123,79,-79,thymio-07
75,1788310594.4858255,1.451886773109436,3.467212200164795,0.9743225401063064,92.2083083650626,1.451886773109436,0.0527767613530159,3.467212200164795,-0.3686005771160126,0.5631893277168274,-0.7371177673339844,-0.0600733533501625,5,1.0,1.0,1.0,1.0,0,0,-0.0,-0.5491138753284064,83,-83,thymio-07
76,1788310595.0945308,1.451886773109436,3.467212200164795,0.9743225401063064,92.1083083650626,1.451886773109436,0.0527767613530159,3.467212200164795,-0.3686005771160126,0.5631893277168274,-0.7371177673339844,-0.0600733533501625,5,1.0,1.0,1.0,1.0,0,0,-0.0,-0.5683753471304598,86,-86,thymio-07
77,1788310595.702408,1.4518951177597046,3.4671003818511963,0.9741524409401032,92.00830836506262,1.4518951177597046,0.0528216622769832,3.4671003818511963,-0.3678136169910431,0.563925564289093,-0.7369900345802307,-0.0595559738576412,5,1.0,1.0,1.0,1.0,0,0,0.0,-0.5815859410387421,88,-88,thymio-07
78,1788310596.310424,1.4518970251083374,3.46710205078125,0.975707618156541,91.90830836506262,1.4518970251083374,0.0528347007930278,3.46710205078125,-0.3689842522144317,0.5627312064170837,-0.7373278737068176,-0.0594303421676158,5,1.0,1.0,1.0,1.0,0,0,0.0,-0.5906882371860753,89,-89,thymio-07
79,1788310596.9189684,1.4518970251083374,3.46710205078125,0.975707618156541,91.80830836506264,1.4518970251083374,0.0528347007930278,3.46710205078125,-0.3689842522144317,0.5627312064170837,-0.7373278737068176,-0.0594303421676158,5,1.0,1.0,1.0,1.0,0,2616,0.08,-0.5970610274867368,374,194,thymio-07
80,1788310597.52818,1.4519295692443848,3.4671480655670166,0.9746360664537496,91.70830836506263,1.4519295692443848,0.0527937971055507,3.4671480655670166,-0.3675015866756439,0.5642552375793457,-0.7369365096092224,-0.0590199790894985,5,1.0,1.0,1.0,1.0,0,2271,0.08,-0.6016187984723405,375,193,thymio-07
81,1788310598.1367023,1.4519089460372925,3.467075824737549,0.974262195805701,91.60830836506264,1.4519089460372925,0.0528818406164646,3.467075824737549,-0.3676601052284241,0.5643279552459717,-0.7367614507675171,-0.0595209188759326,5,1.0,1.0,1.0,1.0,0,0,0.0,-0.6049698687745495,91,-91,thymio-07
82,1788310598.744504,1.4519089460372925,3.467075824737549,0.974262195805701,91.50830836506265,1.4519089460372925,0.0528818406164646,3.467075824737549,-0.3676601052284241,0.5643279552459717,-0.7367614507675171,-0.0595209188759326,5,1.0,1.0,1.0,1.0,0,0,0.0,-0.607487274551212,92,-92,thymio-07
83,1788310599.3528788,1.451924204826355,3.467101573944092,0.9750894942273778,91.40830836506264,1.451924204826355,0.052834466099739,3.467101573944092,-0.3683237433433532,0.5636260509490967,-0.736971378326416,-0.0594694763422012,5,1.0,1.0,1.0,1.0,0,0,0.0,-0.6094207913153729,92,-92,thymio-07
84,1788310599.961274,1.451924204826355,3.467101573944092,0.9750894942273778,91.30830836506266,1.451924204826355,0.052834466099739,3.467101573944092,-0.3683237433433532,0.5636260509490967,-0.736971378326416,-0.0594694763422012,5,1.0,1.0,1.0,1.0,0,0,0.0,-0.6109181941734501,92,-92,thymio-07
85,1788310600.5699396,1.4519504308700562,3.4671225547790527,0.974391150639912,91.20830836506266,1.4519504308700562,0.0528350435197353,3.4671225547790527,-0.3674124479293823,0.5641343593597412,-0.7370764017105103,-0.0589821524918079,5,1.0,1.0,1.0,1.0,0,0,0.0,-0.612091779229936,92,-92,thymio-07
86,1788310601.1783524,1.4518747329711914,3.4671549797058105,0.9733751004316362,91.10830836506268,1.4518747329711914,0.052797507494688,3.4671549797058105,-0.3676588833332062,0.5641249418258667,-0.73688143491745,-0.0599649921059608,5,1.0,1.0,1.0,1.0,0,0,0.0,-0.6130240559236264,93,-93,thymio-07
87,1788310601.7859976,1.4518747329711914,3.4671549797058105,0.9733751004316362,91.00830836506267,1.4518747329711914,0.052797507494688,3.4671549797058105,-0.3676588833332062,0.5641249418258667,-0.73688143491745,-0.0599649921059608,5,1.0,1.0,1.0,1.0,0,0,0.0,-0.613782928342099,93,-93,thymio-07
88,1788310602.3940957,1.4519178867340088,3.467111110687256,0.9745763117126528,90.90830836506268,1.4519178867340088,0.0528165400028228,3.467111110687256,-0.3683792352676391,0.5629566311836243,-0.737455427646637,-0.0594660639762878,5,1.0,1.0,1.0,1.0,0,0,0.0,-0.6144115265988734,93,-93,thymio-07
89,1788310603.0027015,1.4518641233444214,3.467128276824951,0.9741279271634956,90.80830836506269,1.4518641233444214,0.0528270304203033,3.467128276824951,-0.3682302832603454,0.563697099685669,-0.7369205355644226,-0.0600019693374633,5,1.0,1.0,1.0,1.0,1633,0,0.0,-0.6149170679199111,93,-93,thymio-07
90,1788310603.611581,1.4518911838531494,3.467158079147339,0.9742486642578498,90.70830836506268,1.4518911838531494,0.0527205802500247,3.467158079147339,-0.368260771036148,0.5630057454109192,-0.737470805644989,-0.0595442131161689,5,1.0,1.0,1.0,1.0,2164,0,-0.08,-0.6153368959871865,-191,-377,thymio-07
91,1788310604.220861,1.4519110918045044,3.467132568359375,0.974055504009396,90.6083083650627,1.4519110918045044,0.052835676819086,3.467132568359375,-0.3675896525382995,0.5642002820968628,-0.7368977069854736,-0.0594795458018779,5,1.0,1.0,1.0,1.0,0,0,0.0,-0.6156832654464728,93,-93,thymio-07
92,1788310604.8288517,1.4519110918045044,3.467132568359375,0.974055504009396,90.5083083650627,1.4519110918045044,0.052835676819086,3.467132568359375,-0.3675896525382995,0.5642002820968628,-0.7368977069854736,-0.0594795458018779,5,1.0,1.0,1.0,1.0,0,0,0.0,-0.6159726057910887,93,-93,thymio-07
93,1788310605.437288,1.4518907070159912,3.467113971710205,0.9746708649058292,90.40830836506272,1.4518907070159912,0.0528218634426593,3.467113971710205,-0.3682335913181305,0.5635794997215271,-0.7370424866676331,-0.0595864467322826,5,1.0,1.0,1.0,1.0,0,0,0.0,-0.6162189868075884,93,-93,thymio-07
94,1788310606.0463667,1.4519257545471191,3.467090606689453,0.974886035084868,90.30830836506271,1.4519257545471191,0.0527545921504497,3.467090606689453,-0.3681739866733551,0.5632915496826172,-0.7373242378234863,-0.0591914243996143,5,1.0,1.0,1.0,1.0,0,0,0.0,-0.6164237671777905,93,-93,thymio-07
95,1788310606.6544328,1.4519257545471191,3.467090606689453,0.974886035084868,90.20830836506272,1.4519257545471191,0.0527545921504497,3.467090606689453,-0.3681739866733551,0.5632915496826172,-0.7373242378234863,-0.0591914243996143,5,1.0,1.0,1.0,1.0,0,0,0.0,-0.6165941087378366,93,-93,thymio-07
96,1788310607.2624235,1.4519423246383667,3.4671311378479004,0.9734774789020442,90.10830836506273,1.4519423246383667,0.0528109446167945,3.4671311378479004,-0.367083191871643,0.5640718340873718,-0.7372804284095764,-0.0590813755989074,5,1.0,1.0,1.0,1.0,0,0,0.0,-0.6167271178369595,93,-93,thymio-07
97,1788310607.8703723,1.45190691947937,3.467081308364868,0.975328846263186,90.00830836506273,1.45190691947937,0.0528090521693229,3.467081308364868,-0.3681949079036712,0.5643511414527893,-0.7364715337753296,-0.0595821142196655,5,1.0,1.0,1.0,1.0,0,0,0.0,-0.6168587431987997,93,-93,thymio-07
98,1788310608.4789417,1.45190691947937,3.467081308364868,0.975328846263186,89.90830836506274,1.45190691947937,0.0528090521693229,3.467081308364868,-0.3681949079036712,0.5643511414527893,-0.7364715337753296,-0.0595821142196655,5,1.0,1.0,1.0,1.0,0,0,0.0,-0.6169612550919378,93,-93,thymio-07
99,1788310609.087507,1.4519269466400146,3.467099905014038,0.9754487650264309,89.80830836506274,1.4519269466400146,0.0528078489005565,3.467099905014038,-0.3680075109004974,0.5642496347427368,-0.736674964427948,-0.0591863505542278,5,1.0,1.0,1.0,1.0,0,0,0.0,-0.6170471126359975,93,-93,thymio-07
100,1788310609.6957924,1.4519864320755005,3.467079401016236,0.9734086300856292,89.70830836506275,1.4519864320755005,0.0528815351426601,3.467079401016236,-0.3664091527462005,0.5656983256340027,-0.7363598942756653,-0.0591937787830829,5,1.0,1.0,1.0,1.0,0,0,0.0,-0.6171046087839619,93,-93,thymio-07
101,1788310610.303973,1.4519864320755005,3.467079401016236,0.9734086300856292,89.60830836506275,1.4519864320755005,0.0528815351426601,3.467079401016236,-0.3664091527462005,0.5656983256340027,-0.7363598942756653,-0.0591937787830829,5,1.0,1.0,1.0,1.0,0,0,0.0,-0.6171623544699484,93,-93,thymio-07
102,1788310610.9125874,1.4519340991973877,3.467091560363769,0.9750115670286564,89.50830836506276,1.4519340991973877,0.0528303273022174,3.467091560363769,-0.3677185773849487,0.5644036531448364,-0.7367028594017029,-0.059165745973587,5,1.0,1.0,1.0,1.0,0,0,0.0,-0.6172228318178411,93,-93,thymio-07
103,1788310611.5205858,1.4519340991973877,3.467091560363769,0.9750115670286564,89.40830836506277,1.4519340991973877,0.0528303273022174,3.467091560363769,-0.3677185773849487,0.5644036531448364,-0.7367028594017029,-0.059165745973587,5,1.0,1.0,1.0,1.0,0,0,0.0,-0.6172658598018862,93,-93,thymio-07
104,1788310612.1288447,1.4519294500350952,3.4670801162719727,0.9748106734445444,89.30830836506277,1.4519294500350952,0.0528220273554325,3.4670801162719727,-0.3680969774723053,0.5638620257377625,-0.7369031310081482,-0.0594821870326995,5,1.0,1.0,1.0,1.0,0,0,0.0,-0.6172993491816092,93,-93,thymio-07
105,1788310612.736849,1.45197594165802,3.4670958518981934,0.9732618829632358,89.20830836506278,1.45197594165802,0.0528338775038719,3.4670958518981934,-0.3668131828308105,0.5647247433662415,-0.7369014620780945,-0.059248212724924,5,1.0,1.0,1.0,1.0,0,0,0.0,-0.617317379029581,93,-93,thymio-07
106,1788310613.345215,1.45197594165802,3.4670958518981934,0.9732618829632358,89.10830836506278,1.45197594165802,0.0528338775038719,3.4670958518981934,-0.3668131828308105,0.5647247433662415,-0.7369014620780945,-0.059248212724924,5,1.0,1.0,1.0,1.0,0,0,0.0,-0.6173392298493098,93,-93,thymio-07
107,1788310613.9534612,1.4519442319869995,3.467118740081787,0.9734435796602544,89.00830836506279,1.4519442319869995,0.0527750849723815,3.467118740081787,-0.3668713569641113,0.5649622678756714,-0.7366818189620972,-0.0593552142381668,5,1.0,1.0,1.0,1.0,0,0,0.0,-0.6173591408627978,93,-93,thymio-07
108,1788310614.5610924,1.4518886804580688,3.467108249664306,0.974823845417566,88.9083083650628,1.4518886804580688,0.0527936406433582,3.467108249664306,-0.368219792842865,0.5631686449050903,-0.7373929619789124,-0.0592190511524677,5,1.0,1.0,1.0,1.0,0,0,0.0,-0.6173836809093132,93,-93,thymio-07
109,1788310615.1698933,1.4519418478012085,3.4670870304107666,0.9735922312601808,88.8083083650628,1.4519418478012085,0.0528532415628433,3.4670870304107666,-0.3676798343658447,0.5635631084442139,-0.7373374700546265,-0.0595119222998619,5,1.0,1.0,1.0,1.0,0,0,0.0,-0.6173887781633132,93,-93,thymio-07
110,1788310615.777863,1.4519418478012085,3.4670870304107666,0.9735922312601808,88.7083083650628,1.4519418478012085,0.0528532415628433,3.4670870304107666,-0.3676798343658447,0.5635631084442139,-0.7373374700546265,-0.0595119222998619,5,1.0,1.0,1.0,1.0,0,0,0.0,-0.6173970290520453,93,-93,thymio-07
111,1788310616.3863504,1.4518922567367554,3.4671144485473637,0.9745334753196868,88.60830836506281,1.4518922567367554,0.0527844056487083,3.4671144485473637,-0.3681218326091766,0.5639329552650452,-0.7368157505989075,-0.0597374215722084,5,1.0,1.0,1.0,1.0,0,0,0.0,-0.6174100096262779,93,-93,thymio-07
112,1788310616.99541,1.4518921375274658,3.4670839309692383,0.975777939591728,88.50830836506282,1.4518921375274658,0.0528041645884513,3.4670839309692383,-0.3686197400093078,0.5634291768074036,-0.736986517906189,-0.0593126900494098,5,1.0,1.0,1.0,1.0,0,0,0.0,-0.6174238310657769,93,-93,thymio-07
113,1788310617.6037412,1.4519002437591553,3.467092275619507,0.975316217935804,88.40830836506282,1.4519002437591553,0.0528476238250732,3.467092275619507,-0.368468165397644,0.5636787414550781,-0.7368520498275757,-0.0595538131892681,5,1.0,1.0,1.0,1.0,0,0,0.0,-0.617424916580532,93,-93,thymio-07
114,1788310618.2132628,1.4519002437591553,3.467092275619507,0.975316217935804,88.30830836506283,1.4519002437591553,0.0528476238250732,3.467092275619507,-0.368468165397644,0.5636787414550781,-0.7368520498275757,-0.0595538131892681,5,1.0,1.0,1.0,1.0,0,0,0.0,-0.6174259178252128,93,-93,thymio-07
115,1788310618.8211987,1.4518812894821167,3.4670486450195312,0.9749131477382312,88.20830836506283,1.4518812894821167,0.0528250634670257,3.4670486450195312,-0.3687529861927032,0.5631676316261292,-0.7370731234550476,-0.0598898902535438,5,1.0,1.0,1.0,1.0,0,0,0.0,-0.6174229837237505,93,-93,thymio-07
116,1788310619.429216,1.4519367218017578,3.467071056365967,0.9740592294990548,88.10830836506284,1.4519367218017578,0.052831407636404,3.467071056365967,-0.3671959340572357,0.5643612146377563,-0.7370062470436096,-0.0590375550091266,5,1.0,1.0,1.0,1.0,0,0,0.0,-0.6174153425902976,93,-93,thymio-07
117,1788310620.0372703,1.4519367218017578,3.467071056365967,0.9740592294990548,88.00830836506285,1.4519367218017578,0.052831407636404,3.467071056365967,-0.3671959340572357,0.5643612146377563,-0.7370062470436096,-0.0590375550091266,5,1.0,1.0,1.0,1.0,0,0,0.0,-0.6174118907611809,93,-93,thymio-07
118,1788310620.6455634,1.451942801475525,3.46706485748291,0.9746494840252692,87.90830836506285,1.451942801475525,0.0528474114835262,3.46706485748291,-0.3683686256408691,0.56316739320755,-0.7372942566871643,-0.0595333129167556,5,1.0,1.0,1.0,1.0,0,0,0.0,-0.6174122549379514,93,-93,thymio-07
119,1788310621.2536216,1.451991319656372,3.4670655727386475,0.973912447194099,87.80830836506286,1.451991319656372,0.052853662520647,3.4670655727386475,-0.367503821849823,0.5644943714141846,-0.7367027997970581,-0.0596333257853984,5,1.0,1.0,1.0,1.0,0,0,0.0,-0.6174036455711455,93,-93,thymio-07
120,1788310621.8620844,1.451991319656372,3.4670655727386475,0.973912447194099,87.70830836506286,1.451991319656372,0.052853662520647,3.4670655727386475,-0.367503821849823,0.5644943714141846,-0.7367027997970581,-0.0596333257853984,5,1.0,1.0,1.0,1.0,0,0,0.0,-0.6173981229587312,93,-93,thymio-07
121,1788310622.4706385,1.4519299268722534,3.4671084880828857,0.9743141710657826,87.60830836506287,1.4519299268722534,0.0528194904327392,3.4671084880828857,-0.3678580820560455,0.5633394718170166,-0.7374480962753296,-0.0591561421751976,5,1.0,1.0,1.0,1.0,0,0,0.0,-0.617395227330321,93,-93,thymio-07
122,1788310623.0799713,1.4519022703170776,3.467087984085083,0.9743197658215684,87.50830836506287,1.4519022703170776,0.0528292395174503,3.467087984085083,-0.3675557672977447,0.5648940801620483,-0.7363660335540771,-0.0596865303814411,5,1.0,1.0,1.0,1.0,0,0,0.0,-0.6173895214747065,93,-93,thymio-07
123,1788310623.6885598,1.4519022703170776,3.467087984085083,0.9743197658215684,87.40830836506288,1.4519022703170776,0.0528292395174503,3.467087984085083,-0.3675557672977447,0.5648940801620483,-0.7363660335540771,-0.0596865303814411,5,1.0,1.0,1.0,1.0,0,0,0.0,-0.617382954346174,93,-93,thymio-07
124,1788310624.2974274,1.4518804550170898,3.467125654220581,0.9748695824421558,87.30830836506289,1.4518804550170898,0.0528142526745796,3.467125654220581,-0.3688086271286011,0.5625959634780884,-0.7375016212463379,-0.0596445798873901,5,1.0,1.0,1.0,1.0,0,0,0.0,-0.6173795387249429,93,-93,thymio-07
125,1788310624.9053557,1.451895833015442,3.467106819152832,0.9750223978219976,87.20830836506289,1.451895833015442,0.0528320260345935,3.467106819152832,-0.3684210181236267,0.5634832382202148,-0.7370246648788452,-0.0595585405826568,5,1.0,1.0,1.0,1.0,0,0,0.0,-0.6173735071956632,93,-93,thymio-07
126,1788310625.5135925,1.4519374370574951,3.467090606689453,0.9741707459980304,87.1083083650629,1.4519374370574951,0.052831407636404,3.467090606689453,-0.3676206171512604,0.5637401938438416,-0.7372593283653259,-0.0591679140925407,5,1.0,1.0,1.0,1.0,0,0,0.0,-0.6173580986024201,93,-93,thymio-07
127,1788310626.122022,1.4519374370574951,3.467090606689453,0.9741707459980304,87.0083083650629,1.4519374370574951,0.052831407636404,3.467090606689453,-0.3676206171512604,0.5637401938438416,-0.7372593283653259,-0.0591679140925407,5,1.0,1.0,1.0,1.0,0,0,0.0,-0.6173446720703623,93,-93,thymio-07
128,1788310626.73062,1.4519340991973877,3.4671666622161865,0.9739989696915536,86.90830836506291,1.4519340991973877,0.052820399403572,3.4671666622161865,-0.3675222992897033,0.5639438629150391,-0.7371445298194885,-0.0592678524553775,5,1.0,1.0,1.0,1.0,0,0,0.0,-0.6173303184608817,93,-93,thymio-07
129,1788310627.3390365,1.4519340991973877,3.4671666622161865,0.9739989696915536,86.80830836506291,1.4519340991973877,0.052820399403572,3.4671666622161865,-0.3675222992897033,0.5639438629150391,-0.7371445298194885,-0.0592678524553775,5,1.0,1.0,1.0,1.0,0,0,0.0,-0.6173167108722116,93,-93,thymio-07
130,1788310627.9469705,1.4519695043563845,3.467106819152832,0.971931281824128,86.70830836506292,1.4519695043563845,0.0528253577649593,3.467106819152832,-0.3663735091686249,0.5646069049835205,-0.737195611000061,-0.0594318099319934,5,1.0,1.0,1.0,1.0,0,0,0.0,-0.6172888243343734,93,-93,thymio-07
131,1788310628.5553656,1.4519643783569336,3.467071533203125,0.9740186061240204,86.60830836506292,1.4519643783569336,0.052857082337141,3.467071533203125,-0.3672623932361603,0.5641371607780457,-0.7371461987495422,-0.0590181872248649,5,1.0,1.0,1.0,1.0,0,0,0.0,-0.6172872348935203,93,-93,thymio-07
132,1788310629.1636684,1.4519643783569336,3.467071533203125,0.9740186061240204,86.50830836506293,1.4519643783569336,0.052857082337141,3.467071533203125,-0.3672623932361603,0.5641371607780457,-0.7371461987495422,-0.0590181872248649,5,1.0,1.0,1.0,1.0,0,0,0.0,-0.6172746947613484,93,-93,thymio-07
133,1788310629.772229,1.4518909454345703,3.46710205078125,0.9747702049228532,86.40830836506294,1.4518909454345703,0.0528092272579669,3.46710205078125,-0.3683822154998779,0.563342809677124,-0.7371495962142944,-0.0595814622938632,5,1.0,1.0,1.0,1.0,0,0,0.0,-0.6172655626340454,93,-93,thymio-07
134,1788310630.3808455,1.451920986175537,3.4671406745910645,0.972920362114265,86.30830836506294,1.451920986175537,0.0527891516685485,3.4671406745910645,-0.3675283789634704,0.5635955929756165,-0.7373684644699097,-0.0597558133304119,5,1.0,1.0,1.0,1.0,0,0,0.0,-0.6172389068994708,93,-93,thymio-07
135,1788310630.98917,1.451918363571167,3.4670798778533936,0.9738446597053922,86.20830836506295,1.451918363571167,0.052869115024805,3.4670798778533936,-0.3675934374332428,0.5640311241149902,-0.7370222806930542,-0.059517003595829,5,1.0,1.0,1.0,1.0,0,0,0.0,-0.6172285249376916,93,-93,thymio-07
136,1788310631.5973997,1.451918363571167,3.4670798778533936,0.9738446597053922,86.10830836506295,1.451918363571167,0.052869115024805,3.4670798778533936,-0.3675934374332428,0.5640311241149902,-0.7370222806930542,-0.059517003595829,5,1.0,1.0,1.0,1.0,0,0,0.0,-0.6172137970085496,93,-93,thymio-07
137,1788310632.2061455,1.4519037008285522,3.467031240463257,0.9753890167375978,86.00830836506296,1.4519037008285522,0.0528466589748859,3.467031240463257,-0.3683913946151733,0.5637251138687134,-0.7368649244308472,-0.0594303160905838,5,1.0,1.0,1.0,1.0,3520,0,-0.08,-0.6172088260564015,-191,-377,thymio-07
138,1788310632.8146784,1.4519026279449463,3.467188835144043,0.9744240034720786,85.90830836506296,1.4519026279449463,0.0527811422944068,3.467188835144043,-0.3684177100658417,0.5628348588943481,-0.7375230193138123,-0.059541929513216,5,1.0,1.0,1.0,1.0,4535,0,-0.08,-0.6171878007108663,-191,-377,thymio-07
139,1788310633.4228415,1.4519577026367188,3.467082977294922,0.974156116459886,85.80830836506297,1.4519577026367188,0.0528096593916416,3.467082977294922,-0.3674378097057342,0.5643515586853027,-0.7368720769882202,-0.0592996440827846,5,1.0,1.0,1.0,1.0,0,0,0.0,-0.6171690354747161,93,-93,thymio-07
140,1788310634.0313172,1.4519577026367188,3.467082977294922,0.974156116459886,85.70830836506298,1.4519577026367188,0.0528096593916416,3.467082977294922,-0.3674378097057342,0.5643515586853027,-0.7368720769882202,-0.0592996440827846,5,1.0,1.0,1.0,1.0,0,0,0.0,-0.6171522392190611,93,-93,thymio-07
141,1788310634.639839,1.45198655128479,3.467064142227173,0.9742831166435932,85.60830836506298,1.45198655128479,0.0527827814221382,3.467064142227173,-0.3675690293312073,0.5637293457984924,-0.737305223941803,-0.0590189509093761,5,1.0,1.0,1.0,1.0,0,0,0.0,-0.6171362824422385,93,-93,thymio-07
142,1788310635.2485132,1.451892614364624,3.4670956134796143,0.9744442724182552,85.50830836506299,1.451892614364624,0.0527964010834693,3.4670956134796143,-0.3678467571735382,0.5639089345932007,-0.7369984984397888,-0.0594038553535938,5,1.0,1.0,1.0,1.0,0,0,0.0,-0.61712055569545,93,-93,thymio-07
143,1788310635.8566134,1.451920986175537,3.467102289199829,0.9747426770333476,85.408308365063,1.451920986175537,0.0528331212699413,3.467102289199829,-0.3686022758483886,0.5630719065666199,-0.7372341156005859,-0.0597346313297748,5,1.0,1.0,1.0,1.0,0,1893,0.0,-0.6171056502774418,93,-93,thymio-07
144,1788310636.4646204,1.451920986175537,3.467102289199829,0.9747426770333476,85.308308365063,1.451920986175537,0.0528331212699413,3.467102289199829,-0.3686022758483886,0.5630719065666199,-0.7372341156005859,-0.0597346313297748,5,1.0,1.0,1.0,1.0,0,1596,0.0,-0.6170886026604109,93,-93,thymio-07
145,1788310637.0741043,1.451932430267334,3.467045783996582,0.9738922114081544,85.208308365063,1.451932430267334,0.0528644546866416,3.467045783996582,-0.3677141070365906,0.5643242597579956,-0.7367122173309326,-0.059830155223608,5,1.0,1.0,1.0,1.0,0,1756,0.0,-0.6170651142371375,93,-93,thymio-07
146,1788310637.6830044,1.4519814252853394,3.467026233673096,0.9742863329291388,85.10830836506301,1.4519814252853394,0.0528762936592102,3.467026233673096,-0.3677091896533966,0.5639208555221558,-0.7370644211769104,-0.0593245364725589,5,1.0,1.0,1.0,1.0,0,2367,0.08,-0.6170491924859123,377,191,thymio-07
147,1788310638.2916908,1.4519941806793213,3.4670445919036865,0.9719785516487436,85.00830836506302,1.4519941806793213,0.0528685301542282,3.4670445919036865,-0.3656942248344421,0.5653471350669861,-0.7370063066482544,-0.0589256137609481,5,1.0,1.0,1.0,1.0,0,0,0.0,-0.6170152670567776,93,-93,thymio-07
148,1788310638.9003365,1.4519941806793213,3.4670445919036865,0.9719785516487436,84.90830836506302,1.4519941806793213,0.0528685301542282,3.4670445919036865,-0.3656942248344421,0.5653471350669861,-0.7370063066482544,-0.0589256137609481,5,1.0,1.0,1.0,1.0,0,0,0.0,-0.6169947191723788,93,-93,thymio-07
149,1788310639.5082755,1.4518877267837524,3.4671525955200195,0.974554531277569,84.80830836506303,1.4518877267837524,0.0527913458645343,3.4671525955200195,-0.3680934011936188,0.5637158155441284,-0.7370110750198364,-0.059552501887083,5,1.0,1.0,1.0,1.0,0,0,0.0,-0.6169941465321506,93,-93,thymio-07
150,1788310640.1161082,1.4518877267837524,3.4671525955200195,0.974554531277569,84.70830836506303,1.4518877267837524,0.0527913458645343,3.4671525955200195,-0.3680934011936188,0.5637158155441284,-0.7370110750198364,-0.059552501887083,5,1.0,1.0,1.0,1.0,0,0,0.0,-0.616978218292614,93,-93,thymio-07
151,1788310640.724266,1.4519569873809814,3.467085361480713,0.9740910276153548,84.60830836506304,1.4519569873809814,0.0528339631855487,3.467085361480713,-0.3679206967353821,0.5634598135948181,-0.7373006939888,-0.0594578012824058,5,1.0,1.0,1.0,1.0,0,0,0.0,-0.6169567160802188,93,-93,thymio-07
152,1788310641.3325016,1.4519199132919312,3.4670236110687256,0.9749689447578458,84.50830836506304,1.4519199132919312,0.0528618246316909,3.4670236110687256,-0.3682074844837188,0.5633490681648254,-0.7372613549232483,-0.0592190325260162,5,1.0,1.0,1.0,1.0,0,0,0.0,-0.6169436567070976,93,-93,thymio-07
153,1788310641.9403868,1.4519199132919312,3.4670236110687256,0.9749689447578458,84.40830836506305,1.4519199132919312,0.0528618246316909,3.4670236110687256,-0.3682074844837188,0.5633490681648254,-0.7372613549232483,-0.0592190325260162,5,1.0,1.0,1.0,1.0,0,0,0.0,-0.6169252770670304,93,-93,thymio-07
154,1788310642.5490324,1.451956272125244,3.4671761989593506,0.9737362984031144,84.30830836506306,1.451956272125244,0.0528290830552578,3.4671761989593506,-0.3673564493656158,0.5641276240348816,-0.737082302570343,-0.0593218021094799,5,1.0,1.0,1.0,1.0,0,0,0.0,-0.6168971710658044,93,-93,thymio-07
155,1788310643.158605,1.451863408088684,3.467132806777954,0.9753086267043312,84.20830836506306,1.451863408088684,0.0527934879064559,3.467132806777954,-0.3684766590595245,0.5632489323616028,-0.7371962070465088,-0.0593080185353755,5,1.0,1.0,1.0,1.0,0,0,0.0,-0.6168873121070664,93,-93,thymio-07
156,1788310643.7667785,1.451911687850952,3.4670417308807373,0.9737192563360813,84.10830836506307,1.451911687850952,0.0528251864016056,3.4670417308807373,-0.3676997721195221,0.5635682344436646,-0.7373277544975281,-0.0594607815146446,5,1.0,1.0,1.0,1.0,0,0,0.0,-0.6168575852045676,93,-93,thymio-07
157,1788310644.374701,1.451911687850952,3.4670417308807373,0.9737192563360813,84.00830836506307,1.451911687850952,0.0528251864016056,3.4670417308807373,-0.3676997721195221,0.5635682344436646,-0.7373277544975281,-0.0594607815146446,5,1.0,1.0,1.0,1.0,0,0,0.0,-0.6168359566911319,93,-93,thymio-07
158,1788310644.9832315,1.4519802331924438,3.467059373855591,0.972775926249298,83.90830836506308,1.4519802331924438,0.0528714880347251,3.467059373855591,-0.3669328391551971,0.5644987225532532,-0.7369878888130188,-0.0595859624445438,5,1.0,1.0,1.0,1.0,0,0,0.0,-0.6168088270169667,93,-93,thymio-07
159,1788310645.5914445,1.4518979787826538,3.467149019241333,0.9738899073791956,83.80830836506308,1.4518979787826538,0.0527970008552074,3.467149019241333,-0.3680759370326996,0.5633956789970398,-0.7372477054595947,-0.0597596913576126,5,1.0,1.0,1.0,1.0,0,0,0.0,-0.6167952614863198,93,-93,thymio-07
160,1788310646.199411,1.451977252960205,3.467124938964844,0.9732689392992616,83.70830836506309,1.451977252960205,0.05280577018857,3.467124938964844,-0.3671569526195526,0.5642839074134827,-0.7370522022247314,-0.0594445765018463,5,1.0,1.0,1.0,1.0,0,0,0.0,-0.6167713810964022,93,-93,thymio-07
161,1788310646.8074,1.451977252960205,3.467124938964844,0.9732689392992616,83.6083083650631,1.451977252960205,0.05280577018857,3.467124938964844,-0.3671569526195526,0.5642839074134827,-0.7370522022247314,-0.0594445765018463,5,1.0,1.0,1.0,1.0,0,0,0.0,-0.6167501892466284,93,-93,thymio-07
162,1788310647.415542,1.4518636465072632,3.467121124267578,0.975174030732993,83.5083083650631,1.4518636465072632,0.0528066791594028,3.467121124267578,-0.3686316907405853,0.563823401927948,-0.7366268038749695,-0.0599575564265251,5,1.0,1.0,1.0,1.0,0,0,0.0,-0.6167429774566435,93,-93,thymio-07
163,1788310648.0242448,1.4518916606903076,3.467090368270874,0.975734760121469,83.4083083650631,1.4518916606903076,0.0528318211436271,3.467090368270874,-0.3686592876911163,0.5636095404624939,-0.7368133068084717,-0.059504710137844,5,1.0,1.0,1.0,1.0,0,0,0.0,-0.6167280336101107,93,-93,thymio-07
164,1788310648.633268,1.4519293308258057,3.4670798778533936,0.974398458387606,83.30830836506311,1.4519293308258057,0.0527988635003566,3.4670798778533936,-0.3676610589027405,0.5642716288566589,-0.7368137836456299,-0.0594004616141319,5,1.0,1.0,1.0,1.0,0,0,0.0,-0.616698114772387,93,-93,thymio-07
165,1788310649.2413647,1.4519293308258057,3.4670798778533936,0.974398458387606,83.20830836506312,1.4519293308258057,0.0527988635003566,3.4670798778533936,-0.3676610589027405,0.5642716288566589,-0.7368137836456299,-0.0594004616141319,5,1.0,1.0,1.0,1.0,0,0,0.0,-0.6166753006329849,93,-93,thymio-07
166,1788310649.8499324,1.451907753944397,3.4670259952545166,0.9742092899408918,83.10830836506312,1.451907753944397,0.052874032407999,3.4670259952545166,-0.3682726919651031,0.5631176233291626,-0.7373704314231873,-0.0596540570259094,5,1.0,1.0,1.0,1.0,0,0,0.0,-0.6166519666411979,93,-93,thymio-07
167,1788310650.4577148,1.451907753944397,3.4670259952545166,0.9742092899408918,83.00830836506313,1.451907753944397,0.052874032407999,3.4670259952545166,-0.3682726919651031,0.5631176233291626,-0.7373704314231873,-0.0596540570259094,5,1.0,1.0,1.0,1.0,0,0,0.0,-0.6166297160825451,93,-93,thymio-07
168,1788310651.0658276,1.451899170875549,3.467144727706909,0.9744251730242935,82.90830836506314,1.451899170875549,0.0527903288602829,3.467144727706909,-0.3675394654273987,0.5643370151519775,-0.7368358969688416,-0.0592569708824157,5,1.0,1.0,1.0,1.0,0,0,0.0,-0.6166091653088787,93,-93,thymio-07
169,1788310651.6739192,1.4519567489624023,3.467111110687256,0.9748988736048902,82.80830836506314,1.4519567489624023,0.0528151020407676,3.467111110687256,-0.3679207563400268,0.5634683966636658,-0.7373352646827698,-0.0589451380074024,5,1.0,1.0,1.0,1.0,0,0,0.0,-0.6165906251485755,93,-93,thymio-07
170,1788310652.2816784,1.4519567489624023,3.467111110687256,0.9748988736048902,82.70830836506315,1.4519567489624023,0.0528151020407676,3.467111110687256,-0.3679207563400268,0.5634683966636658,-0.7373352646827698,-0.0589451380074024,5,1.0,1.0,1.0,1.0,0,0,0.0,-0.616568854811911,93,-93,thymio-07
171,1788310652.8898728,1.4518965482711792,3.467148542404175,0.9739112540303828,82.60830836506315,1.4518965482711792,0.0527952127158641,3.467148542404175,-0.3678304553031921,0.5635441541671753,-0.7372777462005615,-0.0595012791454792,5,1.0,1.0,1.0,1.0,0,0,0.0,-0.6165392643481828,93,-93,thymio-07
172,1788310653.4976172,1.4519023895263672,3.467128038406372,0.974059004025186,82.50830836506316,1.4519023895263672,0.0527808926999568,3.467128038406372,-0.3675206899642944,0.5645026564598083,-0.7366933822631836,-0.0595673061907291,5,1.0,1.0,1.0,1.0,0,0,0.0,-0.6165165444145514,93,-93,thymio-07
173,1788310654.1055944,1.4519023895263672,3.467128038406372,0.974059004025186,82.40830836506316,1.4519023895263672,0.0527808926999568,3.467128038406372,-0.3675206899642944,0.5645026564598083,-0.7366933822631836,-0.0595673061907291,5,1.0,1.0,1.0,1.0,0,0,0.0,-0.6164937059980985,93,-93,thymio-07
174,1788310654.7134917,1.4518944025039673,3.467095136642456,0.9754962974918424,82.30830836506317,1.4518944025039673,0.0528052374720573,3.467095136642456,-0.3686619102954864,0.5630635619163513,-0.7372435927391052,-0.0593278929591178,5,1.0,1.0,1.0,1.0,0,0,0.0,-0.616481185766289,93,-93,thymio-07
175,1788310655.3223922,1.4518944025039673,3.467095136642456,0.9754962974918424,82.20830836506317,1.4518944025039673,0.0528052374720573,3.467095136642456,-0.3686619102954864,0.5630635619163513,-0.7372435927391052,-0.0593278929591178,5,1.0,1.0,1.0,1.0,0,0,0.0,-0.6164597662906507,93,-93,thymio-07
176,1788310655.9305089,1.4519126415252686,3.467126846313477,0.974127119045236,82.10830836506318,1.4519126415252686,0.0528145879507064,3.467126846313477,-0.3676393926143646,0.5640000104904175,-0.7370342016220093,-0.0593796148896217,5,1.0,1.0,1.0,1.0,0,0,0.0,-0.6164267166645662,93,-93,thymio-07
177,1788310656.5385406,1.4518744945526123,3.4671549797058105,0.9756134919079944,82.00830836506319,1.4518744945526123,0.0527731776237487,3.4671549797058105,-0.3694299459457397,0.562157392501831,-0.7375165224075317,-0.0597496069967746,5,1.0,1.0,1.0,1.0,0,0,0.0,-0.6164118298138884,93,-93,thymio-07
178,1788310657.1471584,1.4518744945526123,3.4671549797058105,0.9756134919079944,81.90830836506319,1.4518744945526123,0.0527731776237487,3.4671549797058105,-0.3694299459457397,0.562157392501831,-0.7375165224075317,-0.0597496069967746,5,1.0,1.0,1.0,1.0,0,0,0.0,-0.6163860575820985,93,-93,thymio-07
179,1788310657.7556856,1.4519325494766235,3.4671339988708496,0.9741825376399228,81.8083083650632,1.4519325494766235,0.052772220224142,3.4671339988708496,-0.3682115077972412,0.5627741813659668,-0.7376853823661804,-0.0593784116208553,5,1.0,1.0,1.0,1.0,0,0,0.0,-0.6163469466425778,93,-93,thymio-07
180,1788310658.3637278,1.4519174098968506,3.467181205749512,0.9744109476548476,81.7083083650632,1.4519174098968506,0.0527917928993701,3.467181205749512,-0.3682349324226379,0.5633013844490051,-0.7372546195983887,-0.0595851726830005,5,1.0,1.0,1.0,1.0,0,0,0.0,-0.6163176596571357,93,-93,thymio-07
181,1788310658.9716022,1.4519174098968506,3.467181205749512,0.9744109476548476,81.60830836506321,1.4519174098968506,0.0527917928993701,3.467181205749512,-0.3682349324226379,0.5633013844490051,-0.7372546195983887,-0.0595851726830005,5,1.0,1.0,1.0,1.0,0,0,0.0,-0.6162877830141817,93,-93,thymio-07
182,1788310659.5799403,1.451928973197937,3.4671597480773926,0.9737162030000056,81.50830836506321,1.451928973197937,0.0527956783771514,3.4671597480773926,-0.367337554693222,0.5642389059066772,-0.7370020151138306,-0.0593767128884792,5,1.0,1.0,1.0,1.0,0,0,0.0,-0.6162522623985737,93,-93,thymio-07
183,1788310660.1885412,1.451928973197937,3.4671597480773926,0.9737162030000056,81.40830836506322,1.451928973197937,0.0527956783771514,3.4671597480773926,-0.367337554693222,0.5642389059066772,-0.7370020151138306,-0.0593767128884792,5,1.0,1.0,1.0,1.0,0,0,0.0,-0.6162209754177821,93,-93,thymio-07
184,1788310660.796596,1.4519107341766355,3.467111110687256,0.9740973409764956,81.30830836506323,1.4519107341766355,0.0528364479541778,3.467111110687256,-0.3680537641048431,0.5633992552757263,-0.7372691631317139,-0.0595985352993011,5,1.0,1.0,1.0,1.0,0,0,0.0,-0.6161931359226894,93,-93,thymio-07
185,1788310661.4051487,1.4519107341766355,3.467111110687256,0.9740973409764956,81.20830836506323,1.4519107341766355,0.0528364479541778,3.467111110687256,-0.3680537641048431,0.5633992552757263,-0.7372691631317139,-0.0595985352993011,5,1.0,1.0,1.0,1.0,0,0,0.0,-0.616162850765632,93,-93,thymio-07
186,1788310662.014382,1.45186448097229,3.467106342315674,0.974710883056768,81.10830836506324,1.45186448097229,0.0528290830552578,3.467106342315674,-0.3683214485645294,0.5635865926742554,-0.7369852066040039,-0.0596852153539657,5,1.0,1.0,1.0,1.0,0,0,0.0,-0.616136785923217,93,-93,thymio-07
187,1788310662.6220777,1.4518827199935913,3.4670910835266118,0.9738757516343596,81.00830836506324,1.4518827199935913,0.0528132580220699,3.4670910835266118,-0.3684931993484497,0.5623639822006226,-0.7378309369087219,-0.0597088076174259,5,1.0,1.0,1.0,1.0,0,0,0.0,-0.6161002683989122,93,-93,thymio-07
188,1788310663.2298214,1.45188307762146,3.467073917388916,0.9747344677534286,80.90830836506325,1.45188307762146,0.0528238750994205,3.467073917388916,-0.3678611516952514,0.5635612607002258,-0.7372875213623047,-0.0590257681906223,5,1.0,1.0,1.0,1.0,0,0,0.0,-0.6160748169919745,93,-93,thymio-07
189,1788310663.838595,1.4519460201263428,3.4671311378479004,0.9732433786626408,80.80830836506325,1.4519460201263428,0.0528003349900245,3.4671311378479004,-0.3673795163631439,0.5633644461631775,-0.7376635670661926,-0.0592055395245552,5,1.0,1.0,1.0,1.0,0,0,0.0,-0.6160331111930123,93,-93,thymio-07
190,1788310664.4472077,1.4519460201263428,3.4671311378479004,0.9732433786626408,80.70830836506326,1.4519460201263428,0.0528003349900245,3.4671311378479004,-0.3673795163631439,0.5633644461631775,-0.7376635670661926,-0.0592055395245552,5,1.0,1.0,1.0,1.0,0,0,0.0,-0.6159999067157743,93,-93,thymio-07
191,1788310665.0550363,1.451906442642212,3.4671547412872314,0.9745812858779724,80.60830836506327,1.451906442642212,0.0527939088642597,3.4671547412872314,-0.3688039183616638,0.5620238184928894,-0.7379539012908936,-0.059473592787981,5,1.0,1.0,1.0,1.0,0,0,0.0,-0.6159784743971501,93,-93,thymio-07
192,1788310665.6637113,1.451906442642212,3.4671547412872314,0.9745812858779724,80.50830836506327,1.451906442642212,0.0527939088642597,3.4671547412872314,-0.3688039183616638,0.5620238184928894,-0.7379539012908936,-0.059473592787981,5,1.0,1.0,1.0,1.0,0,0,0.0,-0.6159485807352285,93,-93,thymio-07
193,1788310666.2715545,1.451897382736206,3.4671010971069336,0.9752038106955716,80.40830836506328,1.451897382736206,0.052782479673624,3.4671010971069336,-0.3689129054546356,0.5624648332595825,-0.7375616431236267,-0.0594930276274681,5,1.0,1.0,1.0,1.0,0,0,0.0,-0.6159220934529792,93,-93,thymio-07
194,1788310666.879467,1.4518989324569702,3.46706771850586,0.9753252188024196,80.30830836506328,1.4518989324569702,0.0528140068054199,3.46706771850586,-0.3678715527057647,0.5645708441734314,-0.7364895343780518,-0.0592754557728767,5,1.0,1.0,1.0,1.0,0,0,0.0,-0.61589227355053,93,-93,thymio-07
195,1788310667.4874525,1.4518989324569702,3.46706771850586,0.9753252188024196,80.20830836506329,1.4518989324569702,0.0528140068054199,3.46706771850586,-0.3678715527057647,0.5645708441734314,-0.7364895343780518,-0.0592754557728767,5,1.0,1.0,1.0,1.0,0,0,0.0,-0.6158607476146044,93,-93,thymio-07
