tick,timestamp,x,y,heading,battery,raw_x,raw_y,raw_z,qx,qy,qz,qw,n_agents_seen,front_d,back_d,right_d,left_d,ir_front_max,ir_rear_max,v,w,left,right,hostname
1,1788220966.6367223,3.604759693145752,-0.3677901923656463,-1.8541409958075088,100.0,3.604759693145752,0.0775503441691398,-0.3677901923656463,-0.5124492645263672,0.2161618322134018,0.3675329983234405,0.7453786134719849,5,1.0,-0.6874312341110776,1.0,1.0,0,0,-0.1220315286335018,0.6198942698093929,-500,-340,thymio-08
2,1788220967.2405732,3.034476518630981,-0.1392409801483154,-1.8033400670609927,100.0,3.034476518630981,0.0820334777235984,-0.1392409801483154,-0.4933959245681762,0.2508808672428131,0.3917496502399444,0.734950065612793,5,-0.7170220247712846,-0.7802366772480374,-0.6443793141787828,-0.7316128199955556,0,0,0.0086167876581494,-0.0641708891101657,40,21,thymio-08
3,1788220967.849218,3.015507221221924,-0.1142521426081657,-1.782621432811348,99.9,3.015507221221924,0.0826346799731254,-0.1142521426081657,-0.4821521639823913,0.2679350078105926,0.3991483449935913,0.7324074506759644,5,-0.6563671795048788,1.0,-0.7737893837456034,-0.730563418309244,0,0,0.0027220377078248,0.5910333532114291,-80,99,thymio-08
4,1788220968.456827,3.015507221221924,-0.1142521426081657,-1.782621432811348,99.8,3.015507221221924,0.0826346799731254,-0.1142521426081657,-0.4821521639823913,0.2679350078105926,0.3991483449935913,0.7324074506759644,5,-0.6563671795048788,1.0,-0.7737893837456034,-0.730563418309244,0,0,-0.0134683338671337,0.2554548721454892,-86,-9,thymio-08
5,1788220969.0651305,2.996951103210449,-0.0857368633151054,-1.8576029903475264,99.70000000000002,2.996951103210449,0.0835900604724884,-0.0857368633151054,-0.4974077343940735,0.2793210446834564,0.3837038576602936,0.7261795401573181,5,-0.5709211730730065,1.0,-0.7612212758930393,-0.7647083487164169,0,1796,-0.0152936219080001,0.2279016072757764,-89,-20,thymio-08
6,1788220969.6729734,2.99109148979187,-0.0858359560370445,3.044987265603248,99.60000000000002,2.99109148979187,0.0788906216621398,-0.0858359560370445,-0.6889089941978455,0.4731424450874328,-0.37375408411026,-0.4023041129112243,5,-0.7691846833357817,-0.8440706231765716,1.0,-0.6128431215958603,0,0,-0.0,0.2451690743067517,-37,37,thymio-08
7,1788220970.2804646,2.986926317214966,-0.0936920270323753,-0.4159814366310361,99.50000000000004,2.986926317214966,0.081482209265232,-0.0936920270323753,-0.3028442859649658,0.5119895339012146,0.5451276898384094,0.5907520055770874,5,-0.7930711240446899,-0.7555994541822674,-0.6020106827814857,1.0,0,0,-0.0095927040670173,0.2616437140364375,-74,5,thymio-08
8,1788220970.887687,2.986926317214966,-0.0936920270323753,-0.4159814366310361,99.40000000000003,2.986926317214966,0.081482209265232,-0.0936920270323753,-0.3028442859649658,0.5119895339012146,0.5451276898384094,0.5907520055770874,5,-0.7930711240446899,-0.7555994541822674,-0.6020106827814857,1.0,0,0,-0.0095927040670173,0.0679183158148072,-44,-24,thymio-08
9,1788220971.4968054,2.9817981719970703,-0.0934158712625503,0.0706135048383225,99.30000000000004,2.9817981719970703,0.0808746069669723,-0.0934158712625503,-0.254661500453949,0.589195966720581,0.5560012459754944,0.528070330619812,5,-0.7559124658871752,-0.5950315349554305,1.0,-0.7430974771391681,0,0,-0.0170615943566777,0.4460060054403104,-128,7,thymio-08
10,1788220972.104611,2.9791884422302246,-0.0877177566289901,0.2024781505445778,99.20000000000005,2.9791884422302246,0.0823840424418449,-0.0877177566289901,-0.180251345038414,0.6282596588134766,0.5865787863731384,0.4782517552375793,5,-0.7782189815225423,-0.5677793891028617,1.0,-0.7341257146797232,0,0,-0.0125779847139689,0.0791310513360261,-57,-33,thymio-08
11,1788220972.712419,2.9791884422302246,-0.0877177566289901,0.2024781505445778,99.10000000000004,2.9791884422302246,0.0823840424418449,-0.0877177566289901,-0.180251345038414,0.6282596588134766,0.5865787863731384,0.4782517552375793,5,-0.7782189815225423,-0.5677793891028617,1.0,-0.7341257146797232,0,0,-0.0125779847139689,0.125831472061802,-64,-26,thymio-08
12,1788220973.320938,2.9774060249328613,-0.0801417753100395,0.2296571233766231,99.00000000000006,2.9774060249328613,0.0821335241198539,-0.0801417753100395,-0.0957579240202903,0.6522929668426514,0.6172744035720825,0.429321140050888,5,-0.7992179527895997,-0.5570443341780567,1.0,-0.7349240185621857,0,0,-0.0083571914892904,0.1090813929678087,-46,-13,thymio-08
13,1788220973.930261,2.986992359161377,-0.0695239156484603,0.3940173961369515,98.90000000000006,2.986992359161377,0.0817789435386657,-0.0695239156484603,-0.1118090227246284,0.7006068825721741,0.587942361831665,0.3885519206523895,5,-0.8216102276791287,-0.5751365576048654,1.0,-0.7448583747281055,0,0,-0.0038563442364951,0.2458051499949766,-51,23,thymio-08
14,1788220974.538239,2.986992359161377,-0.0695239156484603,0.3940173961369515,98.80000000000008,2.986992359161377,0.0817789435386657,-0.0695239156484603,-0.1118090227246284,0.7006068825721741,0.587942361831665,0.3885519206523895,5,-0.8216102276791287,-0.5751365576048654,1.0,-0.7448583747281055,0,0,-0.0038563442364951,0.2969124668004816,-59,31,thymio-08
15,1788220975.145424,2.9900224208831787,-0.0640271753072738,0.3477789850781039,98.70000000000007,2.9900224208831787,0.0814675092697143,-0.0640271753072738,-0.067759521305561,0.6956496834754944,0.6113022565841675,0.3712004721164703,5,-0.7776670050350054,-0.5899907777368593,1.0,-0.754535428415108,0,0,-0.0126889319879639,0.3123635724732346,-92,2,thymio-08
16,1788220975.753292,2.9863686561584477,-0.059105459600687,0.4336501840354758,98.60000000000008,2.9863686561584477,0.0824504122138023,-0.059105459600687,-0.0169630367308855,0.736827552318573,0.6095199584960938,0.292032390832901,5,-0.779351727878291,-0.5596577712919482,1.0,-0.7757169484455345,0,0,-0.0123503026964635,0.3182724434298102,-92,4,thymio-08
17,1788220976.3613503,2.9855551719665527,-0.0511717572808265,0.4814354463567891,98.50000000000009,2.9855551719665527,0.0833077430725097,-0.0511717572808265,0.0784260109066963,0.7732387185096741,0.6071794629096985,0.1651793122291565,5,-0.7933236688488672,-0.5423310941648324,1.0,-0.7923007236627946,0,0,-0.0095419425613776,0.3325194733420426,-84,16,thymio-08
18,1788220976.9696217,2.9855551719665527,-0.0511717572808265,0.4814354463567891,98.40000000000008,2.9855551719665527,0.0833077430725097,-0.0511717572808265,0.0784260109066963,0.7732387185096741,0.6071794629096985,0.1651793122291565,5,-0.7933236688488672,-0.5423310941648324,1.0,-0.7923007236627946,0,0,-0.0095419425613776,0.343473299057526,-86,18,thymio-08
19,1788220977.5775251,2.986800193786621,-0.0427420288324356,0.4719937837112011,98.3000000000001,2.986800193786621,0.0832143276929855,-0.0427420288324356,0.1776433289051056,0.7886187434196472,0.5870230793952942,0.0439005345106124,5,-0.7853460486256238,-0.5238864471310083,1.0,-0.7774152235844878,0,0,-0.0111454442262496,0.3275263816970326,-89,10,thymio-08
20,1788220978.185852,2.9893641471862797,-0.0346903838217258,0.2921488612197112,98.2000000000001,2.9893641471862797,0.0840995982289314,-0.0346903838217258,0.315501868724823,0.773196280002594,0.5495007634162903,-0.0259817522019147,5,-0.7843126138083549,-0.5954109177591986,1.0,-0.7656550071404137,0,0,-0.0113531646245206,0.4446093588621009,-107,27,thymio-08
21,1788220978.793815,2.9942779541015625,-0.0289255697280168,0.365847651380919,98.10000000000012,2.9942779541015625,0.0831621661782264,-0.0289255697280168,0.3491681814193725,0.7610496282577515,0.5060226321220398,-0.2069450318813324,5,-0.7995213629228397,-0.445070757073478,1.0,-0.7447444734271172,0,0,-0.0082962060525092,0.357937461881382,-84,25,thymio-08
22,1788220979.4017332,2.9942779541015625,-0.0289255697280168,0.365847651380919,98.00000000000011,2.9942779541015625,0.0831621661782264,-0.0289255697280168,0.3491681814193725,0.7610496282577515,0.5060226321220398,-0.2069450318813324,5,-0.7995213629228397,-0.445070757073478,1.0,-0.7447444734271172,0,0,-0.0082962060525092,0.28624210316216,-73,14,thymio-08
23,1788220980.011377,2.998080015182495,-0.0244557745754718,0.1240800500243288,97.90000000000012,2.998080015182495,0.0841012224555015,-0.0244557745754718,0.4374994337558746,0.7264475226402283,0.4574873149394989,-0.2675327062606811,5,-0.8106337982166765,-0.5985717820912407,-0.3738747918135013,-0.7159758914671859,0,0,-0.006062606558448,0.4496492397543041,-89,46,thymio-08
24,1788220980.6193411,3.004968881607056,-0.0199042186141014,-0.1803858422367112,97.80000000000013,3.004968881607056,0.0835516452789306,-0.0199042186141014,0.4792160093784332,0.6721469163894653,0.3926902711391449,-0.4054194688796997,5,-0.8209212444348232,-0.5957050458896403,-0.2794629928142755,-0.6724331348430925,0,0,-0.0039948298686005,0.3110355378133114,-61,33,thymio-08
25,1788220981.2276464,3.004968881607056,-0.0199042186141014,-0.1803858422367112,97.70000000000012,3.004968881607056,0.0835516452789306,-0.0199042186141014,0.4792160093784332,0.6721469163894653,0.3926902711391449,-0.4054194688796997,5,-0.8209212444348232,-0.5957050458896403,-0.2794629928142755,-0.6724331348430925,0,0,-0.0039948298686005,0.525819127501372,-94,65,thymio-08
26,1788220981.8360968,3.0159478187561035,-0.01346723921597,-1.305317094881129,97.60000000000014,3.0159478187561035,0.0837863013148307,-0.01346723921597,0.556747317314148,0.5646616220474243,0.2899773418903351,-0.5358198881149292,5,-0.3198491547422034,-0.6374210347033153,-0.5901101522521242,-0.8217774482463829,0,0,-0.003822732902477,0.5264563585953935,-93,66,thymio-08
27,1788220982.4435923,3.034146547317505,-0.0113848559558391,-1.775709493704298,97.50000000000014,3.034146547317505,0.0822069272398948,-0.0113848559558391,0.6088955998420715,0.4328818619251251,0.1227964460849762,-0.65328449010849,5,-0.3226477960405007,-0.5881713624198912,-0.5711072296654498,-0.794324168681712,0,0,-0.0093408420949758,0.5943104797869919,-123,57,thymio-08
28,1788220983.0513904,3.034146547317505,-0.0113848559558391,-1.775709493704298,97.40000000000016,3.034146547317505,0.0822069272398948,-0.0113848559558391,0.6088955998420715,0.4328818619251251,0.1227964460849762,-0.65328449010849,5,-0.3226477960405007,-0.5881713624198912,-0.5711072296654498,-0.794324168681712,0,0,0.0093408420949758,0.6149868661770186,-60,126,thymio-08
29,1788220983.6599064,3.042767286300659,-0.0125771146267652,-1.7830595930923132,97.30000000000015,3.042767286300659,0.0821960791945457,-0.0125771146267652,0.6287568807601929,0.3709312081336975,0.0201898291707038,-0.6831304430961609,5,-0.3559257672505432,-0.5689762660478592,-0.556757923051336,-0.7858108703069939,0,0,0.0110520150682942,0.6106292521519371,-53,131,thymio-08
30,1788220984.2681892,3.068480491638184,-0.0306275337934494,-1.972181999500896,97.20000000000016,3.068480491638184,0.083176165819168,-0.0306275337934494,0.5983989238739014,0.0296690538525581,-0.1974988728761673,-0.7759076952934265,5,-0.4021689801760804,-0.7637279688147002,-0.500746207545586,1.0,0,0,0.0154906782682452,0.1895570508921999,26,84,thymio-08
31,1788220984.875965,3.068480491638184,-0.0306275337934494,-1.972181999500896,97.10000000000016,3.068480491638184,0.083176165819168,-0.0306275337934494,0.5983989238739014,0.0296690538525581,-0.1974988728761673,-0.7759076952934265,5,-0.4021689801760804,-0.7637279688147002,-0.500746207545586,1.0,0,0,0.0154906782682452,0.5154912127902586,-23,133,thymio-08
32,1788220985.4854696,3.082114219665528,-0.0526533164083957,-1.916054442697874,97.00000000000016,3.082114219665528,0.0829394161701202,-0.0526533164083957,0.5366839170455933,-0.1560444086790084,-0.3222385942935943,-0.7640567421913147,5,-0.4437505617741462,-0.7445727397158887,-0.4741793137263068,1.0,0,0,0.0193408793171063,0.4380504269614916,3,135,thymio-08
33,1788220986.093097,3.091714859008789,-0.088890217244625,-1.584048279565773,96.90000000000018,3.091714859008789,0.0834715738892555,-0.088890217244625,0.4330205023288727,-0.3286237120628357,-0.448307067155838,-0.7095918655395508,5,-0.4525030054760328,-0.3925263319092321,-0.4982353778417715,-0.721060234378882,0,0,0.0240668928898447,0.5062585303937545,9,162,thymio-08
34,1788220986.700817,3.091714859008789,-0.088890217244625,-1.584048279565773,96.80000000000018,3.091714859008789,0.0834715738892555,-0.088890217244625,0.4330205023288727,-0.3286237120628357,-0.448307067155838,-0.7095918655395508,5,-0.4525030054760328,-0.3925263319092321,-0.4982353778417715,-0.721060234378882,0,0,0.0240668928898447,0.5686895411342442,0,171,thymio-08
35,1788220987.3088288,3.092186450958252,-0.1038424000144004,-1.444698298401213,96.7000000000002,3.092186450958252,0.0821683183312416,-0.1038424000144004,0.4104636311531067,-0.3942143023014068,-0.4668787717819214,-0.6768596172332764,5,-0.4769612170675189,-0.3718050296675523,-0.5356667181119911,-0.7127371965527638,0,0,0.0257398234928944,0.4556956948287683,23,160,thymio-08
36,1788220987.9170663,3.0597803592681885,-0.1604600846767425,0.3303108254488722,96.57270114916574,3.0597803592681885,0.0796949490904808,-0.1604600846767425,0.1774443984031677,-0.6547808647155762,-0.5867206454277039,-0.4421929121017456,5,-0.7135401646126333,-0.6463011912568675,-0.3837742829584949,-0.2415202805708861,0,0,0.0355402271488019,0.2336218291341177,91,162,thymio-08
37,1788220988.5249891,3.0359957218170166,-0.1726107150316238,0.3494187818060164,96.47270114916574,3.0359957218170166,0.0799269825220108,-0.1726107150316238,0.0638316720724105,-0.6925668716430664,-0.6189930438995361,-0.3648620247840881,5,-0.7307806430915103,-0.639505839485788,-0.3824466715307071,-0.1764311257138883,0,0,0.0455593989208746,0.3978993376612272,102,222,thymio-08
38,1788220989.132507,3.0049633979797363,-0.1836100816726684,0.3547927104245856,96.37270114916576,3.0049633979797363,0.0810071974992752,-0.1836100816726684,0.001575646107085,-0.716196596622467,-0.6208389401435852,-0.3187776207923889,5,-0.7526525152320869,-0.6187655855405092,-0.3963732596141817,-0.1487935741264076,0,0,-0.0177168444383505,0.3798139003007081,-120,-6,thymio-08
39,1788220989.740629,3.0049633979797363,-0.1836100816726684,0.3547927104245856,96.27270114916575,3.0049633979797363,0.0810071974992752,-0.1836100816726684,0.001575646107085,-0.716196596622467,-0.6208389401435852,-0.3187776207923889,5,-0.7526525152320869,-0.6187655855405092,-0.3963732596141817,-0.1487935741264076,0,0,-0.0177168444383505,0.3633158258942946,-118,-8,thymio-08
40,1788220990.348122,2.956979274749756,-0.1894756406545639,0.3449741797216439,96.0946743080471,2.956979274749756,0.0827632024884224,-0.1894756406545639,-0.1161824688315391,-0.742311954498291,-0.6227669715881348,-0.2182565629482269,5,-0.7860470356194,-0.9851717770821634,-0.3828953556379124,-0.0861553910751867,0,0,-0.0,0.5123273939873796,-77,77,thymio-08
41,1788220990.956011,2.960702419281006,-0.1775985956192016,0.4028614110332897,95.99467430804712,2.960702419281006,0.0818677544593811,-0.1775985956192016,-0.2165323197841644,-0.7819979190826416,-0.5826106071472168,-0.0464527122676372,5,-0.8075520314805937,1.0,-0.3794844052170038,0.0415491670402221,0,0,-0.0066820416724006,0.4122414049167971,-86,39,thymio-08
42,1788220991.5639918,2.960702419281006,-0.1775985956192016,0.4028614110332897,95.89467430804712,2.960702419281006,0.0818677544593811,-0.1775985956192016,-0.2165323197841644,-0.7819979190826416,-0.5826106071472168,-0.0464527122676372,5,-0.8075520314805937,1.0,-0.3794844052170038,0.0415491670402221,0,0,-0.0066820416724006,0.3852928864320695,-82,34,thymio-08
43,1788220992.172475,2.957609176635742,-0.1648772805929184,0.3434708721924866,95.79467430804712,2.957609176635742,0.0811247751116752,-0.1648772805929184,-0.3166968524456024,-0.7805353999137878,-0.5312270522117615,0.0909142941236496,5,-0.7879831387626666,1.0,-0.3404565820215974,0.0836967257312175,0,0,-0.010615389108704,0.3486258910109328,-90,15,thymio-08
44,1788220992.7807856,2.95974349975586,-0.155140534043312,0.1221946094272605,95.69467430804713,2.95974349975586,0.0825269892811775,-0.155140534043312,-0.4334748089313507,-0.739615261554718,-0.4628731310367584,0.2254269421100616,5,-0.804743729997932,1.0,-0.3599459306677809,0.1209366990850446,0,0,-0.0072465102704156,0.303088448889058,-72,20,thymio-08
45,1788220993.388836,2.965723991394043,-0.1519355326890945,-0.1179702809691303,95.59467430804712,2.965723991394043,0.0828653275966644,-0.1519355326890945,-0.4809979200363159,-0.6891109347343445,-0.4037210941314697,0.3616302013397217,5,-0.8112305384175317,1.0,-0.3346198003105224,0.1395535200758417,0,0,-0.0059426617780761,0.3005261171821586,-66,24,thymio-08
46,1788220993.9970152,2.971455812454224,-0.1503698378801345,-0.4476530538808467,95.49467430804714,2.971455812454224,0.0823296532034874,-0.1503698378801345,-0.5130497813224792,-0.6528921723365784,-0.3630149960517883,0.4227668642997741,5,1.0,1.0,-0.3184315894537611,-0.8060379684252087,0,0,0.0086887950147058,0.1514655071149312,8,54,thymio-08
47,1788220994.604914,2.971455812454224,-0.1503698378801345,-0.4476530538808467,95.39467430804714,2.971455812454224,0.0823296532034874,-0.1503698378801345,-0.5130497813224792,-0.6528921723365784,-0.3630149960517883,0.4227668642997741,5,1.0,1.0,-0.3184315894537611,-0.8060379684252087,0,0,0.0199444139234528,0.6226217565061705,-23,165,thymio-08
48,1788220995.2129605,2.978645086288452,-0.1436035931110382,-1.0254277691435352,95.29467430804716,2.978645086288452,0.0824532881379127,-0.1436035931110382,-0.5640869140625,-0.5998024940490723,-0.2940620481967926,0.4853560924530029,5,-0.3319255787453319,1.0,1.0,-0.7962515710430428,0,0,0.0041369772194665,0.3892091271693123,-44,73,thymio-08
49,1788220995.8208983,3.002368927001953,-0.1188338845968246,-1.7676093956767431,95.19467430804715,3.002368927001953,0.0826704502105712,-0.1188338845968246,-0.607495903968811,-0.4472877383232116,-0.1543284803628921,0.6380166411399841,5,-0.3639504186474496,-0.7887871193247129,1.0,1.0,0,0,0.0063690263134576,-0.0431884749470336,29,16,thymio-08
50,1788220996.4287968,3.002368927001953,-0.1188338845968246,-1.7676093956767431,95.09467430804716,3.002368927001953,0.0826704502105712,-0.1188338845968246,-0.607495903968811,-0.4472877383232116,-0.1543284803628921,0.6380166411399841,5,-0.3639504186474496,-0.7887871193247129,1.0,1.0,0,0,-0.0030536326650533,0.5268971740822694,-90,69,thymio-08
51,1788220997.036773,3.00455641746521,-0.1172790303826332,-1.870811151930876,94.99467430804717,3.00455641746521,0.0823310241103172,-0.1172790303826332,-0.5994128584861755,-0.4201622009277344,-0.1586235016584396,0.6625757217407227,5,-0.3681717838637227,-0.788283046801106,1.0,1.0,0,0,0.0105551075929776,0.5684708442694644,-48,123,thymio-08
52,1788220997.644733,3.0276448726654053,-0.1152933239936828,-1.789929982999266,94.89467430804716,3.0276448726654053,0.0835936293005943,-0.1152933239936828,-0.6481931805610657,-0.3151367902755737,0.0483971796929836,0.6915143728256226,5,-0.3719503703224804,-0.7620233517536706,1.0,1.0,0,0,0.0158333062975121,0.5308503902706666,-24,136,thymio-08
53,1788220998.2540474,3.0276448726654053,-0.1152933239936828,-1.789929982999266,94.79467430804718,3.0276448726654053,0.0835936293005943,-0.1152933239936828,-0.6481931805610657,-0.3151367902755737,0.0483971796929836,0.6915143728256226,5,-0.3719503703224804,-0.7620233517536706,1.0,1.0,0,0,0.0158333062975121,0.5391622424221418,-25,138,thymio-08
54,1788220998.861964,3.0460164546966557,-0.1208417937159538,-1.9298788318632427,94.69467430804718,3.0460164546966557,0.0828452780842781,-0.1208417937159538,-0.6219789981842041,-0.1574915200471878,0.1258710920810699,0.7566340565681458,5,-0.3656852135820293,-0.7369667970638685,1.0,1.0,0,0,0.0208696737901624,0.5728920997196559,-12,161,thymio-08
55,1788220999.4694557,3.0838091373443604,-0.1550292074680328,-1.9143745090552275,94.5946743080472,3.0838091373443604,0.0815240964293479,-0.1550292074680328,-0.5373752117156982,0.1511871814727783,0.3208559155464172,0.7651286721229553,5,-0.3856173422645167,-0.6650368399590086,1.0,1.0,0,0,0.0353275951682392,0.5618694929150245,41,210,thymio-08
56,1788221000.0774798,3.0838091373443604,-0.1550292074680328,-1.9143745090552275,94.4946743080472,3.0838091373443604,0.0815240964293479,-0.1550292074680328,-0.5373752117156982,0.1511871814727783,0.3208559155464172,0.7651286721229553,5,-0.3856173422645167,-0.6650368399590086,1.0,1.0,0,0,0.0353275951682392,0.544092818364251,43,208,thymio-08
57,1788221000.6850748,3.0910520553588867,-0.17854905128479,-1.767748441408742,94.3946743080472,3.0910520553588867,0.0815478488802909,-0.17854905128479,-0.4810665547847748,0.2664666473865509,0.4035954177379608,0.7312190532684326,5,-0.3527811333743063,-0.6343655460751512,1.0,1.0,0,0,0.0414925252388946,0.5242870726384105,68,227,thymio-08
58,1788221001.2938097,3.077717065811157,-0.2575639486312866,-0.1530641897980356,94.27394825427238,3.077717065811157,0.0807360634207725,-0.2575639486312866,-0.257130354642868,0.5388616323471069,0.579537570476532,0.5546606183052063,5,-0.1946258587638275,1.0,1.0,-0.5533149534401236,0,0,0.05,0.5707167602129459,91,264,thymio-08
59,1788221001.9023285,3.0494513511657715,-0.2911103367805481,0.2155986468703377,94.1330430590369,3.0494513511657715,0.0811726376414299,-0.2911103367805481,-0.1615247428417205,0.6288598775863647,0.604252278804779,0.4618704319000244,5,-0.5243919994229661,1.0,-0.0945329366616046,1.0,0,0,0.1372970310018863,0.3003781055013747,442,500,thymio-08
60,1788221002.509939,3.0494513511657715,-0.2911103367805481,0.2155986468703377,94.0330430590369,3.0494513511657715,0.0811726376414299,-0.2911103367805481,-0.1615247428417205,0.6288598775863647,0.604252278804779,0.4618704319000244,5,-0.5243919994229661,1.0,-0.0945329366616046,1.0,0,0,0.1282912135545821,0.2251628409799221,422,490,thymio-08
61,1788221003.1182745,3.029237508773804,-0.3053095638751983,0.3255611938355396,93.91919249928972,3.029237508773804,0.0804767459630966,-0.3053095638751983,-0.0980597808957099,0.667505145072937,0.6261789202690125,0.3907956779003143,5,-0.4933296700189542,1.0,-0.0005591500339926,1.0,0,0,0.0609123302284358,0.2287549951599864,182,251,thymio-08
62,1788221003.726444,2.886176347732544,-0.3776841163635254,0.4037686946695675,92.96050168762278,2.886176347732544,0.0809685885906219,-0.3776841163635254,-0.0077773807570338,0.722277820110321,0.6251785159111023,0.295645147562027,5,-0.4987356635452995,1.0,0.2250416353971087,1.0,0,0,0.0485266743787125,0.3270314773386504,123,222,thymio-08
63,1788221004.3342178,2.795154094696045,-0.3991349637508392,0.4077976111103463,92.50505933019912,2.795154094696045,0.0807226970791816,-0.3991349637508392,0.0830383822321891,0.7554886937141418,0.6145287156105042,0.2114143818616867,5,-0.5179579797052224,1.0,-0.9382046072623385,1.0,0,0,0.0,0.4117772697442367,-62,62,thymio-08
64,1788221004.9419825,2.795154094696045,-0.3991349637508392,0.4077976111103463,92.40505933019914,2.795154094696045,0.0807226970791816,-0.3991349637508392,0.0830383822321891,0.7554886937141418,0.6145287156105042,0.2114143818616867,5,-0.5179579797052224,1.0,-0.9382046072623385,1.0,0,0,0.0,0.4389204752722701,-66,66,thymio-08
65,1788221005.5507033,2.765512466430664,-0.3957223892211914,0.4557410103170469,92.2607422027138,2.765512466430664,0.0812419354915618,-0.3957223892211914,0.1323622763156891,0.7806817293167114,0.5988923907279968,0.1197671741247177,5,-0.5333934302013266,1.0,0.4529370995991515,1.0,0,0,-0.05,0.3285970323706429,-227,-128,thymio-08
66,1788221006.1587307,2.755169153213501,-0.3835574984550476,0.4272575206651994,92.1607422027138,2.755169153213501,0.0813947990536689,-0.3835574984550476,0.2453492879867553,0.7899108529090881,0.5613477826118469,-0.0270780194550752,5,-0.5338394681655753,1.0,0.5241356302223716,1.0,0,0,-0.05,0.4759926397177908,-250,-106,thymio-08
67,1788221006.7670748,2.783601999282837,-0.3940363824367523,0.3191381170534906,92.0607422027138,2.783601999282837,0.080473855137825,-0.3940363824367523,0.3471071720123291,0.7670257091522217,0.5217452049255371,-0.1377319246530532,5,-0.4904746310606638,1.0,0.6046788876346003,1.0,0,0,-0.05,0.4878986486391339,-251,-104,thymio-08
68,1788221007.3752463,2.783601999282837,-0.3940363824367523,0.3191381170534906,91.96074220271382,2.783601999282837,0.080473855137825,-0.3940363824367523,0.3471071720123291,0.7670257091522217,0.5217452049255371,-0.1377319246530532,5,-0.4904746310606638,1.0,0.6046788876346003,1.0,0,0,-0.05,0.4629743162729308,-248,-108,thymio-08
69,1788221007.98377,2.8016631603240967,-0.4070996046066284,0.2701211587822922,91.86074220271382,2.8016631603240967,0.0809430554509162,-0.4070996046066284,0.3871100842952728,0.749951958656311,0.4877386689186096,-0.2232239991426468,5,-0.4621586021156734,1.0,1.0,1.0,0,0,0.0221354993828697,0.5801168863178908,-9,166,thymio-08
70,1788221008.5924673,2.8280930519104004,-0.4391464293003082,-0.1152251435749609,91.76074220271384,2.8280930519104004,0.0812248364090919,-0.4391464293003082,0.4865933060646057,0.6923792362213135,0.410155713558197,-0.3400152921676636,5,0.239023371868575,1.0,1.0,-0.411945060703622,0,0,0.0004620655381215,0.0251598379371995,-2,5,thymio-08
71,1788221009.200914,2.8434128761291504,-0.4346196055412292,-1.0526361828089286,91.66074220271383,2.8434128761291504,0.0814105570316314,-0.4346196055412292,0.5565646886825562,0.5943310856819153,0.3029092252254486,-0.4952295124530792,5,0.76836338174108,1.0,1.0,-0.3817560406344288,0,0,0.0452563906125414,0.578210823359378,73,248,thymio-08
72,1788221009.8087,2.8434128761291504,-0.4346196055412292,-1.0526361828089286,91.56074220271384,2.8434128761291504,0.0814105570316314,-0.4346196055412292,0.5565646886825562,0.5943310856819153,0.3029092252254486,-0.4952295124530792,5,0.76836338174108,1.0,1.0,-0.3817560406344288,0,0,0.0767931881147055,0.4997945493810787,197,348,thymio-08
73,1788221010.4165535,2.855544090270996,-0.4199140071868896,-1.3966936693652785,91.46074220271385,2.855544090270996,0.0812333822250366,-0.4199140071868896,0.5879916548728943,0.5478699207305908,0.2389590442180633,-0.5449797511100769,5,-0.409608161133855,-0.3673326165956943,1.0,0.3372638392780676,0,0,0.099564362529274,-0.5722575344671216,440,267,thymio-08
74,1788221011.0257587,2.8954646587371826,-0.3787238001823425,-1.8298631025879923,91.36074220271384,2.8954646587371826,0.080845795571804,-0.3787238001823425,0.6113343834877014,0.4186247587203979,0.1358086615800857,-0.6577078104019165,5,-0.4543414111379773,-0.3086930003171462,1.0,0.7552587062152167,0,0,-0.1572461998322898,0.4270747090008853,-500,-494,thymio-08
75,1788221011.6335363,2.970676183700561,-0.3173263967037201,-1.794356067595626,91.26074220271386,2.970676183700561,0.0814825147390365,-0.3173263967037201,0.6171208024024963,0.4282539486885071,0.1366758197546005,-0.6458174586296082,5,-0.4582464117390951,-0.2049098985563422,1.0,0.6903643883559154,0,0,-0.1744373257180441,0.4784780291369542,-500,-500,thymio-08
76,1788221012.2410164,2.970676183700561,-0.3173263967037201,-1.794356067595626,91.16074220271386,2.970676183700561,0.0814825147390365,-0.3173263967037201,0.6171208024024963,0.4282539486885071,0.1366758197546005,-0.6458174586296082,5,-0.4582464117390951,-0.2049098985563422,1.0,0.6903643883559154,0,0,-0.1672992752178498,0.4449988031237465,-500,-500,thymio-08
77,1788221012.8487515,2.912949562072754,-0.3835203349590301,-1.7433161879776855,90.96374831323588,2.912949562072754,0.0811342522501945,-0.3835203349590301,0.6147251129150391,0.4495579898357391,0.1487441807985305,-0.6307820081710815,5,-0.4913259374267369,-0.2046146851629499,1.0,0.7773829699898518,0,0,-0.1584898847789746,0.431617515700063,-500,-498,thymio-08
78,1788221013.457407,2.8594284057617188,-0.4510930180549621,-1.720274052867672,90.7011104202562,2.8594284057617188,0.0809454917907714,-0.4510930180549621,0.6180480718612671,0.455619603395462,0.1511558145284652,-0.6225586533546448,5,-0.509280942491529,-0.2091398892307709,1.0,0.8630059509867207,0,0,-0.1479847551888442,0.4179899892604871,-500,-463,thymio-08
79,1788221014.0657656,2.753662109375,-0.5907663106918335,-1.595377563917728,90.10131681505196,2.753662109375,0.081049159169197,-0.5907663106918335,0.6237332224845886,0.4896569550037384,0.161039799451828,-0.5875875353813171,5,-0.5299083074147186,-0.1583962767834298,1.0,1.0,0,0,-0.0589305243536832,0.2906307051024089,-253,-165,thymio-08
80,1788221014.6736088,2.753662109375,-0.5907663106918335,-1.595377563917728,90.00131681505196,2.753662109375,0.081049159169197,-0.5907663106918335,0.6237332224845886,0.4896569550037384,0.161039799451828,-0.5875875353813171,5,-0.5299083074147186,-0.1583962767834298,1.0,1.0,0,0,-0.05,0.360313519307798,-232,-123,thymio-08
81,1788221015.282017,2.7108304500579834,-0.6504147052764893,-1.6350969279444585,89.74200192892391,2.7108304500579834,0.0807225853204727,-0.6504147052764893,0.6218391060829163,0.4766184687614441,0.1440996974706649,-0.6044719815254211,5,-0.5090529335669236,-0.1079027077124615,1.0,1.0,0,0,-0.05,0.4184486570820616,-241,-114,thymio-08
82,1788221015.8906467,2.675189018249512,-0.6939706802368164,-1.8412228886383104,89.51514543149264,2.675189018249512,0.0818134769797325,-0.6939706802368164,0.6393086314201355,0.3654741942882538,0.0619695298373699,-0.6737009882926941,5,1.0,-0.0177295509306338,1.0,-0.4719661236270549,0,0,-0.05,0.3885465930075715,-236,-119,thymio-08
83,1788221016.4989607,2.675189018249512,-0.6939706802368164,-1.8412228886383104,89.41514543149265,2.675189018249512,0.0818134769797325,-0.6939706802368164,0.6393086314201355,0.3654741942882538,0.0619695298373699,-0.6737009882926941,5,1.0,-0.0177295509306338,1.0,-0.4719661236270549,0,0,-0.05,-0.1611657947135674,-153,-202,thymio-08
84,1788221017.1063828,2.647178888320923,-0.7156081199645996,-1.978321045222644,89.24613624466701,2.647178888320923,0.0800362303853035,-0.7156081199645996,0.6260164976119995,0.2569930851459503,0.0035840107593685,-0.736237108707428,5,1.0,0.0356280413692069,1.0,-0.4267470005951934,0,0,0.1901688049884432,-0.1892413593683067,500,500,thymio-08
85,1788221017.7143602,2.5947322845458984,-0.727962851524353,-1.9650741685456647,88.93943550792278,2.5947322845458984,0.0799959897994995,-0.727962851524353,0.6241248846054077,0.259282648563385,-0.0034120858181267,-0.7370406985282898,5,1.0,0.0966725414135569,1.0,-0.3498358098509254,0,0,0.1923139433955473,-0.2542857370353012,500,500,thymio-08
86,1788221018.3221102,2.5947322845458984,-0.727962851524353,-1.9650741685456647,88.83943550792279,2.5947322845458984,0.0799959897994995,-0.727962851524353,0.6241248846054077,0.259282648563385,-0.0034120858181267,-0.7370406985282898,5,1.0,0.0966725414135569,1.0,-0.3498358098509254,0,0,0.1749714715295379,-0.0460049586776584,500,500,thymio-08
87,1788221018.9305594,2.691880226135254,-0.6998530626296997,-1.9575633275939115,88.73943550792279,2.691880226135254,0.0803423300385475,-0.6998530626296997,0.6283684372901917,0.2467532604932785,-0.0207699444144964,-0.7374513745307922,5,1.0,0.1996441429978763,1.0,-0.3714941850773644,0,0,0.0781350536071789,0.2861359554875783,234,321,thymio-08
88,1788221019.5385122,2.691880226135254,-0.6998530626296997,-1.9575633275939115,88.6394355079228,2.691880226135254,0.0803423300385475,-0.6998530626296997,0.6283684372901917,0.2467532604932785,-0.0207699444144964,-0.7374513745307922,5,1.0,0.1996441429978763,1.0,-0.3714941850773644,0,0,-0.031422635432128,0.5616846043713046,-196,-27,thymio-08
89,1788221020.1464477,2.8255982398986816,-0.6655476689338684,-1.9789840715771605,88.5394355079228,2.8255982398986816,0.0792935341596603,-0.6655476689338684,0.6247376799583435,0.2194845527410507,-0.0358556322753429,-0.7484943270683289,5,1.0,0.3429714907786785,1.0,-0.3306695484191295,0,0,0.0401587221462667,0.6224712477249139,49,237,thymio-08
90,1788221020.754588,2.894664764404297,-0.6670803427696228,-1.9758853753485552,88.43943550792281,2.894664764404297,0.0787684768438339,-0.6670803427696228,0.606402575969696,0.0685363411903381,-0.1679934561252594,-0.7741814851760864,5,1.0,-0.1790807659471789,1.0,0.9763471128430816,0,0,0.1228339560880192,0.5339492183187321,356,500,thymio-08
91,1788221021.362835,2.894664764404297,-0.6670803427696228,-1.9758853753485552,88.33943550792281,2.894664764404297,0.0787684768438339,-0.6670803427696228,0.606402575969696,0.0685363411903381,-0.1679934561252594,-0.7741814851760864,5,1.0,-0.1790807659471789,1.0,0.9763471128430816,0,0,0.0641251143554464,0.5756741000793651,141,315,thymio-08
92,1788221021.9704697,2.9223451614379883,-0.689527690410614,-1.9243474280258392,88.23943550792282,2.9223451614379883,0.0781458243727684,-0.689527690410614,0.5615928173065186,-0.0793687626719474,-0.2855703830718994,-0.7725047469139099,5,1.0,-0.0708700922376577,1.0,0.9839532738133174,0,0,0.0646645120972286,0.6201117501142557,136,323,thymio-08
93,1788221022.579645,3.008730173110962,-0.7967596650123596,-1.6684782858686833,88.13943550792283,3.008730173110962,0.0770067349076271,-0.7967596650123596,0.4553065299987793,-0.2966333925724029,-0.4309956133365631,-0.7203800082206726,5,1.0,0.5727906802705804,1.0,0.1598145919156219,0,0,0.0945469157708111,0.6200172716849737,242,430,thymio-08
94,1788221023.18706,3.008730173110962,-0.7967596650123596,-1.6684782858686833,88.03943550792283,3.008730173110962,0.0770067349076271,-0.7967596650123596,0.4553065299987793,-0.2966333925724029,-0.4309956133365631,-0.7203800082206726,5,1.0,0.5727906802705804,1.0,0.1598145919156219,0,0,0.0842828359973385,0.5924060612888911,210,389,thymio-08
95,1788221023.7976708,3.012777805328369,-0.8576070070266724,-1.0162973511740656,87.93943550792284,3.012777805328369,0.0768439397215843,-0.8576070070266724,0.3597736358642578,-0.4322709441184997,-0.515763521194458,-0.6462916135787964,5,1.0,1.0,1.0,0.2294530628210551,0,0,0.0859996007194958,0.549168377042504,223,388,thymio-08
96,1788221024.4062326,2.9502058029174805,-0.9894973039627076,0.2196235444575527,87.48032392214492,2.9502058029174805,0.0771892517805099,-0.9894973039627076,0.1466881781816482,-0.6307508945465088,-0.613129198551178,-0.4524473547935486,5,0.362697112494498,1.0,1.0,1.0,0,0,0.0139566492608474,0.4170148931691556,-13,113,thymio-08
97,1788221025.0144124,2.9502058029174805,-0.9894973039627076,0.2196235444575527,87.38032392214492,2.9502058029174805,0.0771892517805099,-0.9894973039627076,0.1466881781816482,-0.6307508945465088,-0.613129198551178,-0.4524473547935486,5,0.362697112494498,1.0,1.0,1.0,0,0,0.0826655429823461,0.4736542525599038,222,365,thymio-08
98,1788221025.623004,2.9002721309661865,-1.023811101913452,0.354177080506262,87.09919468438954,2.9002721309661865,0.0773047059774398,-1.023811101913452,0.0494484230875968,-0.6959942579269409,-0.6241422891616821,-0.3515584766864776,5,0.3992933175263693,1.0,1.0,1.0,0,0,0.0573207773181997,0.4509803660850812,136,272,thymio-08
99,1788221026.2311857,2.801295518875122,-1.0284676551818848,0.4412354286639521,86.55332552250881,2.801295518875122,0.0780644938349723,-1.0284676551818848,-0.1446112841367721,-0.7695258855819702,-0.6112003326416016,-0.1155494228005409,5,0.5408153026187914,1.0,1.0,1.0,0,0,0.0742155035324379,0.3894478803456326,205,323,thymio-08
100,1788221026.8393972,2.75156569480896,-1.0091683864593506,0.4063872828757566,86.28036043415642,2.75156569480896,0.078434906899929,-1.0091683864593506,-0.2471911758184433,-0.7758719325065613,-0.5804317593574524,0.004298398271203,5,0.470862212967386,1.0,1.0,1.0,0,0,0.0227958831226056,0.4748996021835548,9,153,thymio-08
101,1788221027.4471865,2.75156569480896,-1.0091683864593506,0.4063872828757566,86.18036043415643,2.75156569480896,0.078434906899929,-1.0091683864593506,-0.2471911758184433,-0.7758719325065613,-0.5804317593574524,0.004298398271203,5,0.470862212967386,1.0,1.0,1.0,0,0,0.0668778538554033,0.3543678827124509,184,291,thymio-08
102,1788221028.055023,2.696643590927124,-0.9667505621910096,0.3250277560694563,85.80151924991993,2.696643590927124,0.0788448974490165,-0.9667505621910096,-0.350901186466217,-0.7576961517333984,-0.530981719493866,0.1443027108907699,5,0.3620852090630047,1.0,1.0,1.0,0,0,0.0264318613738996,0.4729284992948572,22,165,thymio-08
103,1788221028.6635675,2.667356252670288,-0.9015117287635804,0.0105286327291262,85.58548531927872,2.667356252670288,0.0792870968580246,-0.9015117287635804,-0.4675126075744629,-0.7151661515235901,-0.4406515955924988,0.2753100395202636,5,0.2960914933131129,1.0,1.0,1.0,0,0,0.0137553404753489,0.5032392350315773,-27,125,thymio-08
104,1788221029.2716398,2.6690986156463623,-0.8639088869094849,-0.560969993215318,85.48548531927872,2.6690986156463623,0.0790311843156814,-0.8639088869094849,-0.5275929570198059,-0.6432953476905823,-0.3516281545162201,0.4291556179523468,5,1.0,1.0,1.0,0.2998949883328661,0,0,0.1511048742855979,0.2057658103664824,500,500,thymio-08
105,1788221029.8804808,2.6690986156463623,-0.8639088869094849,-0.560969993215318,85.38548531927873,2.6690986156463623,0.0790311843156814,-0.8639088869094849,-0.5275929570198059,-0.6432953476905823,-0.3516281545162201,0.4291556179523468,5,1.0,1.0,1.0,0.2998949883328661,0,0,0.1454297172580079,0.1324298612827994,497,500,thymio-08
106,1788221030.4888437,2.676114797592163,-0.8459934592247009,-1.0497092074817005,85.28548531927873,2.676114797592163,0.0787619724869728,-0.8459934592247009,-0.5642647743225098,-0.5993347764015198,-0.2847456932067871,0.4912464320659637,5,1.0,1.0,1.0,0.3170251960973047,0,0,0.0839340982085078,0.3018540071273333,253,344,thymio-08
107,1788221031.0964124,2.7285492420196533,-0.6762778162956238,-1.3721858559355136,85.18548531927874,2.7285492420196533,0.0805813148617744,-0.6762778162956238,-0.5823237895965576,-0.5520803332328796,-0.2562689185142517,0.5389180183410645,5,1.0,1.0,1.0,0.2327384591128793,0,0,0.0318757627135166,0.5441146040029715,31,195,thymio-08
108,1788221031.7048137,2.7285492420196533,-0.6762778162956238,-1.3721858559355136,85.08548531927875,2.7285492420196533,0.0805813148617744,-0.6762778162956238,-0.5823237895965576,-0.5520803332328796,-0.2562689185142517,0.5389180183410645,5,1.0,1.0,1.0,0.2327384591128793,0,0,0.0310079457968364,0.5494148827189321,27,193,thymio-08
109,1788221032.3127131,2.7650437355041504,-0.618822455406189,-1.560396584819185,84.98548531927875,2.7650437355041504,0.0805122703313827,-0.618822455406189,-0.6214462518692017,-0.4987567365169525,-0.1556771248579025,0.583790123462677,5,1.0,0.2156264993085925,1.0,0.4951464493019759,0,0,0.0906777133899006,0.5315455196786802,242,402,thymio-08
110,1788221032.9202695,2.816396474838257,-0.5955095291137695,-1.9733424043146648,84.88548531927876,2.816396474838257,0.0797069221735,-0.5955095291137695,-0.6239335536956787,-0.2680561244487762,-0.0119251729920506,0.7339691519737244,5,1.0,0.240002839526555,1.0,1.0,0,0,-0.0937098166748825,0.6204713579716501,-427,-239,thymio-08
111,1788221033.529883,2.8925580978393555,-0.5894467234611511,-1.996875732021236,84.78548531927876,2.8925580978393555,0.0798929780721664,-0.5894467234611511,-0.6191185116767883,-0.1273010671138763,0.1087521985173225,0.7672417163848877,5,1.0,0.3154926150986492,1.0,1.0,0,0,0.0925096344307843,0.6120338133974615,236,421,thymio-08
112,1788221034.137771,2.8925580978393555,-0.5894467234611511,-1.996875732021236,84.68548531927877,2.8925580978393555,0.0798929780721664,-0.5894467234611511,-0.6191185116767883,-0.1273010671138763,0.1087521985173225,0.7672417163848877,5,1.0,0.3154926150986492,1.0,1.0,0,0,0.0261854553480446,0.6151786623485975,0,186,thymio-08
113,1788221034.745338,2.852059841156006,-0.5926032662391663,-1.956234656789928,84.47710651995632,2.852059841156006,0.079313188791275,-0.5926032662391663,-0.6080142259597778,-0.0985320731997489,0.1575116217136383,0.7718810439109802,5,1.0,0.2974249342310384,1.0,1.0,0,0,0.0635560405670141,0.6089754950443979,134,318,thymio-08
114,1788221035.3525658,2.926358938217163,-0.6378757953643799,-1.8644405361660563,84.37710651995633,2.926358938217163,0.0782235860824585,-0.6378757953643799,-0.5272442102432251,0.1578145176172256,0.3438331484794616,0.7608461976051331,5,1.0,0.4190345483012678,1.0,1.0,0,0,0.0548886089457338,0.6045194185891329,104,286,thymio-08
115,1788221035.960362,2.926358938217163,-0.6378757953643799,-1.8644405361660563,84.27710651995633,2.926358938217163,0.0782235860824585,-0.6378757953643799,-0.5272442102432251,0.1578145176172256,0.3438331484794616,0.7608461976051331,5,1.0,0.4190345483012678,1.0,1.0,0,0,0.059692972680051,0.603178664626446,121,303,thymio-08
116,1788221036.5683692,2.951413154602051,-0.7112036943435669,-1.4381993668626354,84.17710651995634,2.951413154602051,0.0779659301042556,-0.7112036943435669,-0.4072287976741791,0.3629253208637237,0.4722986817359924,0.6923756003379822,5,1.0,0.5239577512782292,1.0,0.8579835976822276,0,0,0.0679679635904194,0.6270121917877945,147,336,thymio-08
117,1788221037.1769454,2.93924331665039,-0.774983823299408,-0.3924078627463516,84.05932844062191,2.93924331665039,0.0778632536530494,-0.774983823299408,-0.2888419032096863,0.5111749768257141,0.5542481541633606,0.5899826288223267,5,1.0,1.0,1.0,0.5983399377013243,0,0,0.0436647151454639,0.5725332298168654,69,242,thymio-08
118,1788221037.7847304,2.93924331665039,-0.774983823299408,-0.3924078627463516,83.95932844062192,2.93924331665039,0.0778632536530494,-0.774983823299408,-0.2888419032096863,0.5111749768257141,0.5542481541633606,0.5899826288223267,5,1.0,1.0,1.0,0.5983399377013243,0,0,0.0635558925245916,0.5548397853281297,142,310,thymio-08
119,1788221038.3927398,2.899876117706299,-0.8294891715049744,0.2541481064962401,83.67165057003761,2.899876117706299,0.078315682709217,-0.8294891715049744,-0.1613166183233261,0.6386392712593079,0.6015052795410156,0.4520047008991241,5,0.6455637704656596,1.0,1.0,1.0,0,0,0.0246640460335911,0.2818124652316937,45,130,thymio-08
120,1788221039.0013125,2.805895566940308,-0.8625270128250122,0.4260951413454252,83.09550029330869,2.805895566940308,0.0785345956683158,-0.8625270128250122,-0.075411707162857,-0.7523781061172485,-0.6212534308433533,-0.2056318670511245,5,0.6814464098632844,1.0,1.0,1.0,0,0,0.0767170414523649,0.4206056295443837,209,336,thymio-08
121,1788221039.6096568,2.764829397201538,-0.8565222024917603,0.4379830010392047,82.87333850232228,2.764829397201538,0.079027384519577,-0.8565222024917603,-0.1602404117584228,-0.7722503542900085,-0.6069101691246033,-0.0980441644787788,5,0.6852375689611092,1.0,1.0,1.0,0,0,0.045278466555461,0.4305984092668074,96,226,thymio-08
122,1788221040.2178466,2.764829397201538,-0.8565222024917603,0.4379830010392047,82.77333850232229,2.764829397201538,0.079027384519577,-0.8565222024917603,-0.1602404117584228,-0.7722503542900085,-0.6069101691246033,-0.0980441644787788,5,0.6852375689611092,1.0,1.0,1.0,0,0,0.0588918590534287,0.3620084306061822,155,264,thymio-08
123,1788221040.825853,2.701213836669922,-0.831773579120636,0.411100326763159,82.34541740969514,2.701213836669922,0.0793880298733711,-0.831773579120636,-0.2534931600093841,-0.7750970125198364,-0.5784425139427185,0.0192403402179479,5,0.674926365951952,1.0,1.0,1.0,0,0,0.0476488239959745,0.39677822569897,109,229,thymio-08
124,1788221041.4340432,2.701213836669922,-0.831773579120636,0.411100326763159,82.24541740969515,2.701213836669922,0.0793880298733711,-0.831773579120636,-0.2534931600093841,-0.7750970125198364,-0.5784425139427185,0.0192403402179479,5,0.674926365951952,1.0,1.0,1.0,0,0,0.0541505051165217,0.3504387141696931,139,245,thymio-08
125,1788221042.042355,2.649647951126098,-0.7777100205421448,0.2639862295424269,81.8805548733603,2.649647951126098,0.0794650018215179,-0.7777100205421448,-0.3800806999206543,-0.7540799379348755,-0.5076974034309387,0.1707209050655365,5,0.6023726688578712,1.0,1.0,1.0,0,0,0.0143321884520248,0.4827687235945049,-22,124,thymio-08
126,1788221042.6499565,2.6196792125701904,-0.6875826716423035,-0.2044163347435796,81.6376477957272,2.6196792125701904,0.0806515589356422,-0.6875826716423035,-0.4989285469055176,-0.6861681342124939,-0.3929194808006286,0.3547645807266235,5,1.0,1.0,1.0,0.4536696707487038,0,0,0.166394013751465,-0.0041058832141583,500,500,thymio-08
127,1788221043.257764,2.6196792125701904,-0.6875826716423035,-0.2044163347435796,81.53764779572721,2.6196792125701904,0.0806515589356422,-0.6875826716423035,-0.4989285469055176,-0.6861681342124939,-0.3929194808006286,0.3547645807266235,5,1.0,1.0,1.0,0.4536696707487038,0,0,0.1192438452959229,0.0437520767638637,417,430,thymio-08
128,1788221043.8669672,2.629178762435913,-0.6418880820274353,-0.9459566944335824,81.43764779572722,2.629178762435913,0.0813560783863067,-0.6418880820274353,-0.5529870390892029,-0.6062607765197754,-0.3113017380237579,0.4793166816234588,5,1.0,1.0,1.0,0.4078915155466676,0,0,0.0716284708037541,0.2319853698149401,219,290,thymio-08
129,1788221044.474615,2.6527137756347656,-0.5248696208000183,-1.06995889500413,81.33764779572722,2.6527137756347656,0.0816470757126808,-0.5248696208000183,-0.5601357817649841,-0.5939149260520935,-0.2950510084629059,0.4964452087879181,5,1.0,1.0,1.0,0.3723560269677353,0,0,-0.0101979205319103,0.5017066101437675,-112,40,thymio-08
130,1788221045.082271,2.6527137756347656,-0.5248696208000183,-1.06995889500413,81.23764779572723,2.6527137756347656,0.0816470757126808,-0.5248696208000183,-0.5601357817649841,-0.5939149260520935,-0.2950510084629059,0.4964452087879181,5,1.0,1.0,1.0,0.3723560269677353,0,0,-0.0053144888896886,0.4857096886810178,-92,54,thymio-08
131,1788221045.6908338,2.6734893321990967,-0.4566849768161773,-1.490775002876933,81.13764779572723,2.6734893321990967,0.0831419974565506,-0.4566849768161773,-0.5914890766143799,-0.5298258662223816,-0.2401220053434372,0.5583606958389282,5,1.0,0.3759469066253103,1.0,0.8309270386089278,0,0,0.0162687303814837,0.5520739989669275,-26,141,thymio-08
132,1788221046.2992396,2.691102743148804,-0.4440221786499023,-1.8250526603047532,81.03764779572724,2.691102743148804,0.0835432186722755,-0.4440221786499023,-0.6317064166069031,-0.403531938791275,-0.1184726729989051,0.6512090563774109,5,1.0,0.4334644052491008,1.0,0.9600354052771458,0,0,-0.1019595873847306,0.6160837364960772,-455,-269,thymio-08
133,1788221046.9069211,2.691102743148804,-0.4440221786499023,-1.8250526603047532,80.93764779572724,2.691102743148804,0.0835432186722755,-0.4440221786499023,-0.6317064166069031,-0.403531938791275,-0.1184726729989051,0.6512090563774109,5,1.0,0.4334644052491008,1.0,0.9600354052771458,0,0,0.0280864116379729,0.6240244500619723,6,194,thymio-08
134,1788221047.5151474,2.722179889678955,-0.4465920329093933,-2.0028102456900743,80.83764779572725,2.722179889678955,0.0817419290542602,-0.4465920329093933,-0.6291443109512329,-0.2070888876914978,0.0313934311270713,0.7485359907150269,5,1.0,0.4705683780808742,1.0,0.9525498277261016,0,0,-0.0088130427866842,0.6273148575581298,-126,63,thymio-08
135,1788221048.1230268,2.684206008911133,-0.4644986987113952,-1.9822504207919256,80.60758714921792,2.684206008911133,0.0818647518754005,-0.4644986987113952,-0.6081222295761108,-0.0832157880067825,0.1530919224023819,0.7744839191436768,5,1.0,0.4872937276940809,1.0,0.975186246483648,0,0,0.0666827051494429,0.6264759450794115,142,332,thymio-08
136,1788221048.7315063,2.7020604610443115,-0.4850630760192871,-1.897678368688471,80.50758714921793,2.7020604610443115,0.0803083032369613,-0.4850630760192871,-0.5347831845283508,0.1336007118225097,0.3191184997558594,0.7709223628044128,5,1.0,0.5465732585076839,1.0,0.9762763259023488,0,0,0.0442182549289131,0.6255322182293189,63,252,thymio-08
137,1788221049.3390443,2.7020604610443115,-0.4850630760192871,-1.897678368688471,80.40758714921793,2.7020604610443115,0.0803083032369613,-0.4850630760192871,-0.5347831845283508,0.1336007118225097,0.3191184997558594,0.7709223628044128,5,1.0,0.5465732585076839,1.0,0.9762763259023488,0,0,0.0622618974679978,0.6255026521659566,127,316,thymio-08
138,1788221049.9475806,2.7257683277130127,-0.5304372310638428,-1.737775733659884,80.30758714921794,2.7257683277130127,0.080713540315628,-0.5304372310638428,-0.4708671569824219,0.2701380550861358,0.4101333618164062,0.7328712940216064,5,1.0,1.0,1.0,0.6031924669780582,0,0,0.0641539107400066,0.6251860166960469,134,322,thymio-08
139,1788221050.556084,2.7228071689605717,-0.6074174046516418,-0.6368366646167707,80.20758714921794,2.7228071689605717,0.080787293612957,-0.6074174046516418,-0.3244434595108032,0.4822778403759002,0.536832332611084,0.6115190386772156,5,1.0,1.0,1.0,0.7097319756432394,0,0,0.0432701374740324,0.598705731783234,63,244,thymio-08
140,1788221051.1649034,2.662062406539917,-0.6892080903053284,0.3124664188584019,79.76266540536648,2.662062406539917,0.080678567290306,-0.6892080903053284,-0.1017004176974296,0.6658877730369568,0.6217313408851624,0.3996257781982422,5,0.8176941916524425,1.0,1.0,1.0,0,0,0.0380786454355816,0.3623871029463064,81,190,thymio-08
141,1788221051.772967,2.662062406539917,-0.6892080903053284,0.3124664188584019,79.66266540536648,2.662062406539917,0.080678567290306,-0.6892080903053284,-0.1017004176974296,0.6658877730369568,0.6217313408851624,0.3996257781982422,5,0.8176941916524425,1.0,1.0,1.0,0,0,0.083044711739953,0.4357986194155002,229,361,thymio-08
142,1788221052.3808172,2.618185520172119,-0.7037646770477295,0.365419216779379,79.37030190639126,2.618185520172119,0.0807866975665092,-0.7037646770477295,0.0214342232793569,0.7171858549118042,0.6328932046890259,0.2909145951271057,5,0.8194769040751957,1.0,1.0,1.0,0,0,0.0742585418408764,0.4131067873213837,201,326,thymio-08
143,1788221052.9883482,2.5454680919647217,-0.7088088393211365,0.442900194102263,78.88481047816957,2.5454680919647217,0.0805873572826385,-0.7088088393211365,0.1111098900437355,0.7676125168800354,0.6118597984313965,0.1550910472869873,5,0.780773599194269,1.0,1.0,1.0,0,0,0.085067481367048,0.3692867225118449,246,358,thymio-08
144,1788221053.5964584,2.5454680919647217,-0.7088088393211365,0.442900194102263,78.78481047816958,2.5454680919647217,0.0805873572826385,-0.7088088393211365,0.1111098900437355,0.7676125168800354,0.6118597984313965,0.1550910472869873,5,0.780773599194269,1.0,1.0,1.0,0,0,0.0823794206706882,0.3717915362943348,237,349,thymio-08
145,1788221054.2047434,2.4645044803619385,-0.6861326694488525,0.4285984121671125,78.29242804900332,2.4645044803619385,0.081404261291027,-0.6861326694488525,0.2231187671422958,0.785720944404602,0.5768108367919922,0.0122491084039211,5,0.709730231185832,1.0,1.0,1.0,0,0,0.0809044407862686,0.368390552904262,232,343,thymio-08
146,1788221054.8124764,2.359956979751587,-0.5995060801506042,0.2920463439845773,77.62420416327623,2.359956979751587,0.0823143571615219,-0.5995060801506042,0.3718516528606415,0.7568716406822205,0.5047873258590698,-0.1845572739839553,5,0.540003357831317,1.0,1.0,1.0,0,0,0.040357791184097,0.4490006142393964,76,211,thymio-08
147,1788221055.4202826,2.359956979751587,-0.5995060801506042,0.2920463439845773,77.52420416327624,2.359956979751587,0.0823143571615219,-0.5995060801506042,0.3718516528606415,0.7568716406822205,0.5047873258590698,-0.1845572739839553,5,0.540003357831317,1.0,1.0,1.0,0,0,0.0777145373589489,0.3727764357486956,220,332,thymio-08
148,1788221056.0285118,2.348940372467041,-0.5820925831794739,0.2467575416101914,77.42420416327624,2.348940372467041,0.0825251266360282,-0.5820925831794739,0.3909761905670166,0.7534117698669434,0.4858928024768829,-0.2083665430545807,5,0.510291071678167,1.0,1.0,1.0,0,0,0.0505090202664253,0.4416692072604365,113,246,thymio-08
149,1788221056.6370113,2.328383445739746,-0.4501592218875885,-0.6674960693879286,77.20107311569876,2.328383445739746,0.0851839780807495,-0.4501592218875885,0.5393005609512329,0.6351771950721741,0.3377324938774109,-0.4377690553665161,5,1.0,1.0,1.0,0.2934826722211128,0,0,0.1570896424679769,0.2338107872013834,500,500,thymio-08
150,1788221057.2447314,2.328383445739746,-0.4501592218875885,-0.6674960693879286,77.10107311569877,2.328383445739746,0.0851839780807495,-0.4501592218875885,0.5393005609512329,0.6351771950721741,0.3377324938774109,-0.4377690553665161,5,1.0,1.0,1.0,0.2934826722211128,0,0,0.1247224410559403,0.2181303552100271,410,476,thymio-08
151,1788221057.8532355,2.334583282470703,-0.4240328669548034,-1.1435261791625333,77.00107311569877,2.334583282470703,0.0855583623051643,-0.4240328669548034,0.5605054497718811,0.5842490196228027,0.2934706211090088,-0.5082929730415344,5,1.0,1.0,1.0,0.2547850687226127,0,0,0.0884121385132796,0.3193212435704255,266,362,thymio-08
152,1788221058.4620073,2.4082250595092773,-0.2444731146097183,-1.5037383272078588,76.90107311569878,2.4082250595092773,0.0864127278327941,-0.2444731146097183,0.5981767177581787,0.5251361131668091,0.2203003466129303,-0.5638125538825989,5,1.0,1.0,1.0,0.0078235595066014,0,0,0.0279942553289385,0.545891065676338,17,182,thymio-08
153,1788221059.0710828,2.446613073348999,-0.1928031742572784,-1.6438331534188977,76.80107311569878,2.446613073348999,0.0864770039916038,-0.1928031742572784,0.6200737953186035,0.4766593873500824,0.1522041261196136,-0.6042666435241699,5,1.0,1.0,1.0,-0.0428758239539729,0,0,-0.0069739637735493,0.5874313061442017,-113,64,thymio-08
154,1788221059.6786308,2.446613073348999,-0.1928031742572784,-1.6438331534188977,76.70107311569879,2.446613073348999,0.0864770039916038,-0.1928031742572784,0.6200737953186035,0.4766593873500824,0.1522041261196136,-0.6042666435241699,5,1.0,1.0,1.0,-0.0428758239539729,0,0,0.0521892745567268,0.5351288972273046,105,266,thymio-08
155,1788221060.2867486,2.480823516845703,-0.1797124743461609,-1.934328160074368,76.6010731156988,2.480823516845703,0.0861849710345268,-0.1797124743461609,0.6282117962837219,0.2823698818683624,0.0039102830924093,-0.7249841094017029,5,1.0,-0.0665561310002349,1.0,0.8004900326854543,0,0,0.0488193068151657,0.5899283848712796,84,263,thymio-08
156,1788221060.8946252,2.480823516845703,-0.1797124743461609,-1.934328160074368,76.5010731156988,2.480823516845703,0.0861849710345268,-0.1797124743461609,0.6282117962837219,0.2823698818683624,0.0039102830924093,-0.7249841094017029,5,1.0,-0.0665561310002349,1.0,0.8004900326854543,0,0,0.0097006774108592,0.6135835123654935,-58,127,thymio-08
157,1788221061.50221,2.5386884212493896,-0.190567061305046,-1.93326050088444,76.40107311569881,2.5386884212493896,0.085926778614521,-0.190567061305046,0.605185866355896,0.0772794932126998,-0.1875671744346618,-0.7698029279708862,5,1.0,-0.0319342891731031,1.0,0.7798923022952029,0,0,0.0327090732884419,0.6237808089899223,22,210,thymio-08
158,1788221062.1097171,2.5386884212493896,-0.190567061305046,-1.93326050088444,76.30107311569881,2.5386884212493896,0.085926778614521,-0.190567061305046,0.605185866355896,0.0772794932126998,-0.1875671744346618,-0.7698029279708862,5,1.0,-0.0319342891731031,1.0,0.7798923022952029,0,0,0.0410815388694849,0.6242981006415029,52,240,thymio-08
159,1788221062.717354,2.58634352684021,-0.2347487062215805,-1.807548285115748,76.20107311569882,2.58634352684021,0.0840682312846183,-0.2347487062215805,0.4983692169189453,-0.2118238359689712,-0.3786923885345459,-0.7505670785903931,5,1.0,0.0294328360567144,1.0,0.7867444803474488,0,0,0.0557432984186141,0.6225977813461321,104,292,thymio-08
160,1788221063.324725,2.5869345664978027,-0.2964379489421844,-0.9077357821241164,76.10107311569882,2.5869345664978027,0.0842622369527816,-0.2964379489421844,0.3568692803382873,-0.453633040189743,-0.5187931656837463,-0.6306465268135071,5,0.8284609782000609,1.0,1.0,0.0670821778979828,0,0,0.0737710155849639,0.3446469958746159,210,314,thymio-08
161,1788221063.93285,2.5869345664978027,-0.2964379489421844,-0.9077357821241164,76.00107311569883,2.5869345664978027,0.0842622369527816,-0.2964379489421844,0.3568692803382873,-0.453633040189743,-0.5187931656837463,-0.6306465268135071,5,0.8284609782000609,1.0,1.0,0.0670821778979828,0,0,0.0734501968027871,0.4647639401717886,191,331,thymio-08
162,1788221064.5405014,2.550893783569336,-0.3640505075454712,0.1632942605467358,75.75239034989542,2.550893783569336,0.0838385969400405,-0.3640505075454712,0.1876618713140487,-0.6090192198753357,-0.6001984477043152,-0.4833637177944183,5,0.0868053746928398,1.0,1.0,1.0,0,0,0.0291761131007965,0.484902514979888,30,177,thymio-08
163,1788221065.148304,2.4653313159942627,-0.4279200732707977,0.3702475180761571,75.1579776635278,2.4653313159942627,0.0847709998488426,-0.4279200732707977,0.0271715261042118,-0.7035305500030518,-0.6308550238609314,-0.3260806500911712,5,0.0814066605194421,1.0,0.9683516824868772,1.0,0,0,0.0976114731699882,0.5658091185695867,261,432,thymio-08
164,1788221065.7574522,2.4653313159942627,-0.4279200732707977,0.3702475180761571,75.05797766352781,2.4653313159942627,0.0847709998488426,-0.4279200732707977,0.0271715261042118,-0.7035305500030518,-0.6308550238609314,-0.3260806500911712,5,0.0814066605194421,1.0,0.9683516824868772,1.0,0,0,0.032634844348001,0.4604856047246625,46,185,thymio-08
165,1788221066.3658512,2.420525550842285,-0.4319829046726227,0.4061135385583014,74.79864541587054,2.420525550842285,0.0836011543869972,-0.4319829046726227,-0.0769122466444969,-0.7572898268699646,-0.6101233959197998,-0.2198776751756668,5,0.0720088771450078,1.0,0.9880232350875444,1.0,0,0,0.0371892285891068,0.4298481234968863,67,197,thymio-08
166,1788221066.9752886,2.326621055603028,-0.4118005931377411,0.4231814237053739,74.28682004120027,2.326621055603028,0.0848227143287658,-0.4118005931377411,-0.2395148277282714,-0.7871672511100769,-0.5682185888290405,0.0113191734999418,5,0.031773165246669,1.0,1.0,1.0,0,0,0.0281766641169455,0.5369487456016353,19,181,thymio-08
167,1788221067.5831933,2.326621055603028,-0.4118005931377411,0.4231814237053739,74.18682004120028,2.326621055603028,0.0848227143287658,-0.4118005931377411,-0.2395148277282714,-0.7871672511100769,-0.5682185888290405,0.0113191734999418,5,0.031773165246669,1.0,1.0,1.0,0,0,0.0520841751884974,0.3454483611141797,133,237,thymio-08
168,1788221068.1915991,2.295254707336426,-0.3808180689811706,0.3294926073765705,74.00028941449578,2.295254707336426,0.0849810689687728,-0.3808180689811706,-0.3430406153202057,-0.765246570110321,-0.5278632044792175,0.1344669163227081,5,0.0229963298865396,1.0,1.0,1.0,0,0,0.0350239723368211,0.4786521614343381,52,197,thymio-08
169,1788221068.8003995,2.2837398052215576,-0.3551149666309356,0.181420771213447,73.90028941449579,2.2837398052215576,0.0853452458977699,-0.3551149666309356,-0.4189031720161438,-0.7369399070739746,-0.4653555154800415,0.2547232210636139,5,1.0,1.0,1.0,0.0317535457085116,0,0,0.1393480419306487,-0.1776018332920297,500,468,thymio-08
170,1788221069.4083133,2.2757608890533447,-0.2739917039871216,-0.6706954400647334,73.78296051302823,2.2757608890533447,0.0863885357975959,-0.2739917039871216,-0.5311346650123596,-0.6346396207809448,-0.3366748392581939,0.4491976797580719,5,0.9587070022363392,1.0,1.0,0.0536016372856376,0,0,0.1080479027756924,0.1910308518219184,355,413,thymio-08
171,1788221070.0168717,2.2791221141815186,-0.2126784771680832,-0.7153954617616298,73.68296051302823,2.2791221141815186,0.0870073437690734,-0.2126784771680832,-0.5394144654273987,-0.6308678984642029,-0.3316929042339325,0.4483498632907867,5,0.9103627002598612,1.0,1.0,0.051962378818068,0,0,0.1301175854623909,0.1622063430529632,438,487,thymio-08
172,1788221070.6248908,2.2791221141815186,-0.2126784771680832,-0.7153954617616298,73.58296051302824,2.2791221141815186,0.0870073437690734,-0.2126784771680832,-0.5394144654273987,-0.6308678984642029,-0.3316929042339325,0.4483498632907867,5,0.9103627002598612,1.0,1.0,0.051962378818068,0,0,0.1115978176379937,0.1678247162891794,371,422,thymio-08
173,1788221071.2337298,2.306670427322388,-0.0623626336455345,-1.1912201582968096,73.48296051302825,2.306670427322388,0.0879677608609199,-0.0623626336455345,-0.5733332633972168,-0.5796757936477661,-0.273046612739563,0.5105981826782227,5,0.7795692967242689,0.0503836590643287,1.0,0.9750551815161664,0,0,0.0318807478131323,0.3338628702047562,63,164,thymio-08
174,1788221071.842211,2.306670427322388,-0.0623626336455345,-1.1912201582968096,73.38296051302825,2.306670427322388,0.0879677608609199,-0.0623626336455345,-0.5733332633972168,-0.5796757936477661,-0.273046612739563,0.5105981826782227,5,0.7795692967242689,0.0503836590643287,1.0,0.9750551815161664,0,0,-0.0262142029283308,0.5801598166160054,-181,-6,thymio-08
175,1788221072.4504588,2.353729248046875,0.0525237098336219,-1.5962769185605423,73.28296051302826,2.353729248046875,0.0886822864413261,0.0525237098336219,-0.5918078422546387,-0.5089493989944458,-0.2159936875104904,0.5865839719772339,5,1.0,0.0982619620801323,1.0,0.6623187870680038,0,0,0.0646642268569239,0.6172900813918352,137,323,thymio-08
176,1788221073.0588982,2.370807647705078,0.0613994188606739,-1.822529455186435,73.18296051302826,2.370807647705078,0.0883632004261016,0.0613994188606739,-0.6274853348731995,-0.3869994282722473,-0.0780489146709442,0.6711199283599854,5,1.0,0.1649027333992812,1.0,0.6413026157387411,0,0,-0.134272929823471,0.6265979120061201,-500,-382,thymio-08
177,1788221073.6668508,2.370807647705078,0.0613994188606739,-1.822529455186435,73.08296051302827,2.370807647705078,0.0883632004261016,0.0613994188606739,-0.6274853348731995,-0.3869994282722473,-0.0780489146709442,0.6711199283599854,5,1.0,0.1649027333992812,1.0,0.6413026157387411,0,0,0.0840958690673244,0.624195947773068,205,393,thymio-08
178,1788221074.2761788,2.4133005142211914,0.0722070559859275,-1.9142247919740616,72.98296051302827,2.4133005142211914,0.0885465070605278,0.0722070559859275,-0.6355889439582825,-0.2582442164421081,0.0352222919464111,0.7267022132873535,5,1.0,0.2123295276601067,1.0,0.6018278006894746,0,0,0.0215774016439066,0.6259768935700569,-18,171,thymio-08
179,1788221074.8843026,2.411123514175415,0.0583947524428367,-1.9682512599728736,72.88296051302828,2.411123514175415,0.0882590636610984,0.0583947524428367,-0.6113012433052063,-0.1349556297063827,0.120986707508564,0.7703635692596436,5,1.0,0.1856883879513164,1.0,0.5972702167602257,0,0,0.0613879108925195,0.62641271658277,124,313,thymio-08
180,1788221075.4926553,2.44910740852356,0.0400014072656631,-1.9376589103452613,72.78296051302829,2.44910740852356,0.0877094492316246,0.0400014072656631,-0.571740984916687,0.0382861793041229,0.2568227648735046,0.7782599329948425,5,1.0,0.2099102027851553,1.0,0.5783935726642289,0,0,0.0515513994496344,0.6261269585266173,89,278,thymio-08
181,1788221076.100461,2.4842841625213623,-0.0011637692805379,-1.8745095710920656,72.68296051302829,2.4842841625213623,0.0871691703796386,-0.0011637692805379,-0.5220474004745483,0.1914357542991638,0.352365642786026,0.7527664303779602,5,1.0,0.2379026122774579,1.0,0.5833724082187233,0,0,0.0582174469937255,0.6250487529607766,112,301,thymio-08
182,1788221076.7080374,2.4842841625213623,-0.0011637692805379,-1.8745095710920656,72.5829605130283,2.4842841625213623,0.0871691703796386,-0.0011637692805379,-0.5220474004745483,0.1914357542991638,0.352365642786026,0.7527664303779602,5,1.0,0.2379026122774579,1.0,0.5833724082187233,0,0,0.0576777714401136,0.624886585420659,111,299,thymio-08
183,1788221077.3153174,2.498826503753662,-0.0895178988575935,-0.9696883394887408,72.4829605130283,2.498826503753662,0.0862008109688758,-0.0895178988575935,-0.3540080487728119,0.4392494261264801,0.5183948874473572,0.6426546573638916,5,0.6414508193231963,0.2412518327790938,1.0,1.0,0,0,0.0154567395125632,-0.020554543188177,58,52,thymio-08
184,1788221077.9243104,2.498826503753662,-0.0895178988575935,-0.9696883394887408,72.38296051302831,2.498826503753662,0.0862008109688758,-0.0895178988575935,-0.3540080487728119,0.4392494261264801,0.5183948874473572,0.6426546573638916,5,0.6414508193231963,0.2412518327790938,1.0,1.0,0,0,0.0689995296710892,0.5833143410704665,157,333,thymio-08
185,1788221078.5321326,2.4754927158355717,-0.148064523935318,0.0236416665714216,72.2264247530794,2.4754927158355717,0.0856866985559463,-0.148064523935318,-0.2370134592056274,0.5796417593955994,0.5727906823158264,0.5289148092269897,5,0.7034174381727101,1.0,1.0,0.2212018342223514,0,0,0.1240433854186732,0.2965121800945329,396,486,thymio-08
186,1788221079.1398969,2.443424940109253,-0.1872276663780212,0.2174326863180771,72.06543298363763,2.443424940109253,0.0861918181180954,-0.1872276663780212,-0.1529881954193115,0.6308043599128723,0.6079202890396118,0.4572892785072326,5,0.7638787348421008,1.0,1.0,0.2001719041348786,0,0,0.1345911032964024,0.1054068379636728,462,494,thymio-08
187,1788221079.7481885,2.344505548477173,-0.2531681954860687,0.3670914682475832,71.4800142764181,2.344505548477173,0.0861650481820106,-0.2531681954860687,-0.0394720248878002,0.6995562314987183,0.6289275884628296,0.3369171023368835,5,1.0,1.0,0.8838935014877494,0.1657039020200517,0,0,0.178889532019918,-0.1327232009134103,500,500,thymio-08
188,1788221080.3561752,2.271843671798706,-0.2883415222167969,0.3608438355936623,71.06401635120213,2.271843671798706,0.0861346945166587,-0.2883415222167969,-0.0118090510368347,0.7079526782035828,0.6293203830718994,0.3203426003456116,5,1.0,1.0,0.9515097724514554,0.1265450113701562,0,0,0.1602495772897048,0.0608650684543987,500,500,thymio-08
189,1788221080.964085,2.271843671798706,-0.2883415222167969,0.3608438355936623,70.96401635120213,2.271843671798706,0.0861346945166587,-0.2883415222167969,-0.0118090510368347,0.7079526782035828,0.6293203830718994,0.3203426003456116,5,1.0,1.0,0.9515097724514554,0.1265450113701562,0,0,0.1568719019715772,0.185310884321994,500,500,thymio-08
190,1788221081.572789,2.1556997299194336,-0.3351639807224273,0.3957857738817583,70.2914605379916,2.1556997299194336,0.0866365209221839,-0.3351639807224273,0.0150067321956157,0.7261025309562683,0.6275862455368042,0.2805095613002777,5,0.0219110149650427,1.0,1.0,1.0,0,0,0.0068759206397668,0.2558555013966356,-14,63,thymio-08
191,1788221082.180641,1.9954758882522583,-0.3815155923366546,0.451614408647992,69.4683581153384,1.9954758882522583,0.0880768299102783,-0.3815155923366546,0.0507875867187976,0.7450060844421387,0.6305015087127686,0.2117886245250702,5,-0.099895915865381,1.0,1.0,1.0,0,0,0.0175386882116975,0.4189514828436103,-1,126,thymio-08
192,1788221082.7881367,1.9954758882522583,-0.3815155923366546,0.451614408647992,69.36835811533841,1.9954758882522583,0.0880768299102783,-0.3815155923366546,0.0507875867187976,0.7450060844421387,0.6305015087127686,0.2117886245250702,5,-0.099895915865381,1.0,1.0,1.0,0,0,0.0281957846170301,0.4490962195173918,32,168,thymio-08
193,1788221083.3962111,1.9880908727645876,-0.3799770176410675,0.4082598320685999,69.26835811533842,1.9880908727645876,0.0875123441219329,-0.3799770176410675,0.1123201549053192,0.7583833336830139,0.6166700124740601,0.178765207529068,5,-0.1073568792404621,1.0,1.0,1.0,0,0,0.0420751320179848,0.4222469661501809,86,213,thymio-08
194,1788221084.0054688,1.9424903392791748,-0.3548513650894165,0.3782192445742729,69.00814326882369,1.9424903392791748,0.0883554741740226,-0.3548513650894165,0.2802705764770508,0.7759948372840881,0.5636779069900513,-0.0393408238887786,5,-0.159810591126727,1.0,1.0,1.0,0,0,0.0265110658023324,0.4756261537947072,22,166,thymio-08
195,1788221084.6147058,1.91395115852356,-0.3244264125823974,0.3163709204080942,68.81522645641945,1.91395115852356,0.088347777724266,-0.3244264125823974,0.356343924999237,0.7599917054176331,0.5203078389167786,-0.1571986526250839,5,-0.2000250796260648,1.0,1.0,1.0,0,0,0.0300713972084384,0.4961381759971461,32,182,thymio-08
196,1788221085.2225227,1.91395115852356,-0.3244264125823974,0.3163709204080942,68.71522645641946,1.91395115852356,0.088347777724266,-0.3244264125823974,0.356343924999237,0.7599917054176331,0.5203078389167786,-0.1571986526250839,5,-0.2000250796260648,1.0,1.0,1.0,0,0,0.0326310029468615,0.47356621925166,44,187,thymio-08
197,1788221085.8310735,1.9004144668579104,-0.2835892140865326,0.0398166940113897,68.6126983327318,1.9004144668579104,0.0891371592879295,-0.2835892140865326,0.4571626484394073,0.7061744332313538,0.434272289276123,-0.3220677375793457,5,1.0,1.0,1.0,-0.205144160140554,0,0,0.1265720420444682,-0.1179114195075128,468,432,thymio-08
1,1788220966.719503,2.3390324115753174,0.2656939923763275,-1.378577832641337,100.0,2.3390324115753174,0.0854122340679168,0.2656939923763275,0.5773515105247498,0.4648633599281311,0.2845721542835235,-0.607935905456543,5,0.1294433929047718,1.0,1.0,1.0,0,0,-0.1987379823598977,0.4533584079086741,-500,-500,thymio-09
2,1788220967.323104,2.955776691436768,0.1187515258789062,-1.6108554072380252,100.0,2.955776691436768,0.0795713365077972,0.1187515258789062,-0.5803495645523071,0.1932106763124466,0.2611661851406097,0.7467639446258545,5,1.0,1.0,-0.7316128199955556,1.0,0,0,0.0819761504007987,0.6276710826911603,196,386,thymio-09
3,1788220967.9311736,2.930076360702514,0.142701968550682,-1.594279695035781,99.85932534263412,2.930076360702514,0.0801160782575607,0.142701968550682,-0.5712916851043701,0.2072282582521438,0.2753819525241852,0.7448806166648865,5,1.0,1.0,-0.730563418309244,1.0,0,0,0.0776755137854731,0.6140989942119237,183,369,thymio-09
4,1788220968.539749,2.920958995819092,0.1381880491971969,-1.5471712041762904,99.75932534263411,2.920958995819092,0.080654539167881,0.1381880491971969,-0.5403406023979187,0.276616632938385,0.3276835083961487,0.7239742875099182,5,1.0,1.0,-0.7647083487164169,1.0,0,0,0.0463881012531957,0.5899037004497901,76,254,thymio-09
5,1788220969.1481562,2.920958995819092,0.1381880491971969,-1.5471712041762904,99.65932534263412,2.920958995819092,0.080654539167881,0.1381880491971969,-0.5403406023979187,0.276616632938385,0.3276835083961487,0.7239742875099182,5,1.0,1.0,-0.7647083487164169,1.0,2650,0,-0.08,0.6122171155604061,-377,-192,thymio-09
6,1788220969.7566268,2.9287333488464355,0.0579318441450595,-0.7179802679214697,99.55932534263412,2.9287333488464355,0.0786826759576797,0.0579318441450595,-0.4167376458644867,0.4824357032775879,0.4724825918674469,0.6085603833198547,5,1.0,-0.6703777774306826,-0.8440706231765716,1.0,2396,0,-0.08,0.5325258426227953,-365,-204,thymio-09
7,1788220970.364236,2.9283816814422607,0.1058608517050743,0.8103054942740027,99.45932534263412,2.9283816814422607,0.0798641964793205,0.1058608517050743,-0.3209801912307739,0.5924232602119446,0.5426831841468811,0.5014992356300354,5,1.0,-0.7930711240446899,1.0,-0.6085260664617627,0,0,0.0087878811503104,-0.1375092040204253,52,10,thymio-09
8,1788220970.97236,2.9283816814422607,0.1058608517050743,0.8103054942740027,99.35932534263414,2.9283816814422607,0.0798641964793205,0.1058608517050743,-0.3209801912307739,0.5924232602119446,0.5426831841468811,0.5014992356300354,5,1.0,-0.7930711240446899,1.0,-0.6085260664617627,0,0,0.0095927040670173,-0.3176361425790764,82,-14,thymio-09
9,1788220971.5816412,2.945332288742065,0.1491665691137313,1.0351086672326373,99.25932534263414,2.945332288742065,0.0799345225095748,0.1491665691137313,-0.2624526917934418,0.6477615237236023,0.5754280090332031,0.4247426092624664,5,1.0,-0.3656334608108772,1.0,-0.7559124658871752,0,0,0.0170615943566777,-0.2466752027908746,98,23,thymio-09
10,1788220972.1893196,2.946158170700073,0.132711187005043,0.8907584239997082,99.15932534263416,2.946158170700073,0.0782293677330017,0.132711187005043,-0.3482948243618011,0.5923775434494019,0.5227952599525452,0.5044448971748352,5,1.0,-0.7782189815225423,1.0,-0.575929374431333,0,0,0.0125779847139689,-0.1895000949280234,73,16,thymio-09
11,1788220972.797949,2.949102640151977,0.1196493431925773,0.1682827750611508,99.05932534263415,2.949102640151977,0.0796911790966987,0.1196493431925773,-0.3856239020824432,0.5323765277862549,0.5003904104232788,0.5634527802467346,5,1.0,-0.7992179527895997,1.0,1.0,1696,0,0.0083571914892904,-0.0553590630219948,38,21,thymio-09
12,1788220973.405541,2.949102640151977,0.1196493431925773,0.1682827750611508,98.95932534263416,2.949102640151977,0.0796911790966987,0.1196493431925773,-0.3856239020824432,0.5323765277862549,0.5003904104232788,0.5634527802467346,5,1.0,-0.7992179527895997,1.0,1.0,2175,0,-0.08,0.0550351316712446,-293,-276,thymio-09
13,1788220974.0142555,2.951164960861206,0.106141485273838,-0.5138206850149922,98.85932534263416,2.951164960861206,0.0794644057750701,0.106141485273838,-0.4138226211071014,0.501223623752594,0.477813571691513,0.5909484028816223,5,1.0,-0.8216102276791287,-0.4024327774742741,1.0,0,0,0.0038563442364951,0.3285685219713243,-36,63,thymio-09
14,1788220974.6223428,2.951164960861206,0.106141485273838,-0.5138206850149922,98.75932534263416,2.951164960861206,0.0794644057750701,0.106141485273838,-0.4138226211071014,0.501223623752594,0.477813571691513,0.5909484028816223,5,1.0,-0.8216102276791287,-0.4024327774742741,1.0,0,0,0.0038563442364951,0.4109061038401277,-48,76,thymio-09
15,1788220975.231637,2.9559152126312256,0.1567990332841873,-0.1387189359414655,98.65932534263418,2.9559152126312256,0.0805077850818634,0.1567990332841873,-0.3915553092956543,0.5131478905677795,0.496159940958023,0.5806798338890076,5,1.0,-0.7776670050350054,1.0,1.0,0,0,0.0126889319879639,-0.0738841070016795,56,34,thymio-09
16,1788220975.8399923,2.9459221363067627,0.1589262187480926,0.8646941637250443,98.55932534263418,2.9459221363067627,0.0802770778536796,0.1589262187480926,-0.3191306293010711,0.5994943976402283,0.5440110564231873,0.4927617013454437,5,1.0,-0.779351727878291,1.0,-0.6351660543022217,0,0,0.0123503026964635,-0.5102331692305018,121,-33,thymio-09
17,1788220976.447512,2.937521457672119,0.1509076505899429,0.9946272437901148,98.4593253426342,2.937521457672119,0.0792637839913368,0.1509076505899429,-0.3017687499523163,0.6259279847145081,0.5493038296699524,0.4641283452510834,5,1.0,-0.7933236688488672,1.0,-0.6662481673979466,2270,0,-0.08,-0.1712284986146548,-258,-310,thymio-09
18,1788220977.055475,2.937521457672119,0.1509076505899429,0.9946272437901148,98.3593253426342,2.937521457672119,0.0792637839913368,0.1509076505899429,-0.3017687499523163,0.6259279847145081,0.5493038296699524,0.4641283452510834,5,1.0,-0.7933236688488672,1.0,-0.6662481673979466,0,0,0.0095419425613776,-0.1664765322003916,59,9,thymio-09
19,1788220977.6633797,2.951840877532959,0.1701337099075317,0.4532872249072452,98.2593253426342,2.951840877532959,0.0798124074935913,0.1701337099075317,-0.3655658066272735,0.552129328250885,0.5109899640083313,0.5480913519859314,5,1.0,-0.7853460486256238,1.0,-0.6359884418991915,0,0,0.0111454442262496,-0.1156543608433284,57,22,thymio-09
20,1788220978.271781,2.959397315979004,0.179994061589241,-0.200244763819767,98.1593253426342,2.959397315979004,0.0803431943058967,0.179994061589241,-0.397036463022232,0.5133850574493408,0.490162581205368,0.5818406939506531,5,1.0,-0.7843126138083549,-0.3181472917578889,1.0,0,0,0.0113531646245206,-0.0197557657302981,43,37,thymio-09
21,1788220978.880684,2.962066650390625,0.1699639409780502,-0.7394081762634479,98.0593253426342,2.962066650390625,0.0805568024516105,0.1699639409780502,-0.4201638102531433,0.4842358231544494,0.4707593023777008,0.6061054468154907,5,1.0,-0.6215133607602412,-0.7995213629228397,1.0,0,0,0.0082962060525092,0.0292473291739085,25,34,thymio-09
22,1788220979.488515,2.962066650390625,0.1699639409780502,-0.7394081762634479,97.95932534263422,2.962066650390625,0.0805568024516105,0.1699639409780502,-0.4201638102531433,0.4842358231544494,0.4707593023777008,0.6061054468154907,5,1.0,-0.6215133607602412,-0.7995213629228397,1.0,0,0,0.0082962060525092,0.2004834695471472,-1,60,thymio-09
23,1788220980.0965192,2.962676525115967,0.1625352501869201,-0.8254286243645681,97.85932534263422,2.962676525115967,0.0808970406651496,0.1625352501869201,-0.4232785701751709,0.4792521893978119,0.4656023681163788,0.6118553876876831,5,1.0,-0.6139994998283328,-0.8106337982166765,1.0,0,0,0.006062606558448,0.405356133449902,-40,83,thymio-09
24,1788220980.7048435,2.959415912628174,0.1542095988988876,-0.4654255934732267,97.75932534263424,2.959415912628174,0.0804870352149009,0.1542095988988876,-0.4085120260715484,0.4999678134918213,0.4816935658454895,0.592555046081543,5,1.0,-0.8209212444348232,-0.1691855126975495,1.0,0,0,0.0039948298686005,0.6111826688153925,-78,106,thymio-09
25,1788220981.3134856,2.959415912628174,0.1542095988988876,-0.4654255934732267,97.65932534263423,2.959415912628174,0.0804870352149009,0.1542095988988876,-0.4085120260715484,0.4999678134918213,0.4816935658454895,0.592555046081543,5,1.0,-0.8209212444348232,-0.1691855126975495,1.0,0,0,0.0039948298686005,0.6190835196937221,-79,108,thymio-09
26,1788220981.920672,2.9479126930236816,0.1522220075130462,0.8970799831616603,97.55932534263424,2.9479126930236816,0.0787962898612022,0.1522220075130462,-0.3371414840221405,0.5973060727119446,0.5306434035301208,0.4979747533798218,5,1.0,-0.8217774482463829,1.0,-0.5993365121781962,0,0,0.003822732902477,0.1738331032564002,-13,40,thymio-09
27,1788220982.5276358,2.931361675262451,0.1679525375366211,1.128674355763266,97.45932534263424,2.931361675262451,0.0798472240567207,0.1679525375366211,-0.1257119476795196,0.724787175655365,0.6179443597793579,0.27753347158432,5,1.0,-0.794324168681712,1.0,-0.5778497130892899,0,0,0.0093408420949758,-0.3446549836339432,85,-19,thymio-09
28,1788220983.1362522,2.929149866104126,0.1702560931444168,1.1282356501281736,97.35932534263424,2.929149866104126,0.0802645906805992,0.1702560931444168,-0.0954135283827781,0.734440803527832,0.624382495880127,0.2482728958129882,5,1.0,-0.7858108703069939,1.0,-0.5696034881612264,0,0,0.0110520150682942,-0.2575483040987333,78,0,thymio-09
29,1788220983.7436454,2.929149866104126,0.1702560931444168,1.1282356501281736,97.25932534263426,2.929149866104126,0.0802645906805992,0.1702560931444168,-0.0954135283827781,0.734440803527832,0.624382495880127,0.2482728958129882,5,1.0,-0.7858108703069939,1.0,-0.5696034881612264,0,0,0.0110520150682942,-0.1826212503687438,67,12,thymio-09
30,1788220984.3516536,2.9199378490448,0.1546268761157989,1.0945729634907373,97.15932534263426,2.9199378490448,0.0801166668534278,0.1546268761157989,-0.1762042790651321,0.6993492841720581,0.6031520366668701,0.3406909704208374,5,1.0,-0.7637279688147002,1.0,-0.5562082211801367,0,0,0.0154906782682452,-0.145418233628166,77,33,thymio-09
31,1788220984.959551,2.9199378490448,0.1546268761157989,1.0945729634907373,97.05932534263428,2.9199378490448,0.0801166668534278,0.1546268761157989,-0.1762042790651321,0.6993492841720581,0.6031520366668701,0.3406909704208374,5,1.0,-0.7637279688147002,1.0,-0.5562082211801367,0,0,0.0154906782682452,-0.1402542579490475,76,34,thymio-09
32,1788220985.5689378,2.916306257247925,0.1433182805776596,1.0401588643700403,96.95932534263429,2.916306257247925,0.0803394839167594,0.1433182805776596,-0.2265443950891494,0.6654626727104187,0.5885612368583679,0.3992904126644134,5,1.0,-0.7445727397158887,1.0,-0.5440845540783859,0,0,0.0193408793171063,-0.1342502134609137,89,48,thymio-09
33,1788220986.1763844,2.9064254760742188,0.1214791163802146,0.9481817892750648,96.85932534263428,2.9064254760742188,0.0801582857966423,0.1214791163802146,-0.2782957553863525,0.6275559663772583,0.5649959444999695,0.4577169120311737,5,1.0,-0.721060234378882,1.0,-0.507420371678977,0,0,0.0240668928898447,-0.1196584042491302,104,67,thymio-09
34,1788220986.7853186,2.904085636138916,0.1151673346757888,0.9172121772938482,96.75932534263428,2.904085636138916,0.0800701230764389,0.1151673346757888,-0.2897938191890716,0.6180525422096252,0.5594751238822937,0.4701257348060608,5,1.0,-0.7127371965527638,1.0,-0.4942030610746751,0,0,0.0257398234928944,-0.1202481206572157,110,73,thymio-09
35,1788220987.393629,2.904085636138916,0.1151673346757888,0.9172121772938482,96.65932534263428,2.904085636138916,0.0800701230764389,0.1151673346757888,-0.2897938191890716,0.6180525422096252,0.5594751238822937,0.4701257348060608,5,1.0,-0.7127371965527638,1.0,-0.4942030610746751,0,0,0.0257398234928944,-0.1273114463280827,111,72,thymio-09
36,1788220988.001361,2.891085624694824,0.0728293657302856,0.6812811118843554,96.5593253426343,2.891085624694824,0.0808556750416755,0.0728293657302856,-0.3350401222705841,0.5741223692893982,0.5349443554878235,0.521503746509552,5,1.0,-0.7135401646126333,1.0,-0.3721959448520038,0,0,0.0255784269128607,-0.1042312423245329,107,75,thymio-09
37,1788220988.6096115,2.886552333831787,0.0529382564127445,0.4645801087424068,96.4593253426343,2.886552333831787,0.0801734328269958,0.0529382564127445,-0.3430167436599731,0.5553829669952393,0.5239359140396118,0.5471566915512085,5,1.0,-0.7307806430915103,1.0,-0.2997026218177843,0,0,0.0221130907386064,-0.0622577127213646,88,69,thymio-09
38,1788220989.2183871,2.8846893310546875,0.0339405201375484,0.1854650932681107,96.3593253426343,2.8846893310546875,0.0796845406293869,0.0339405201375484,-0.3683927059173584,0.5334715247154236,0.5076236724853516,0.5674620270729065,5,1.0,-0.7526525152320869,-0.2255080911742248,-0.252950494360699,0,0,0.0177168444383505,-0.1620553935888331,87,38,thymio-09
39,1788220989.8261993,2.8846893310546875,0.0339405201375484,0.1854650932681107,96.25932534263433,2.8846893310546875,0.0796845406293869,0.0339405201375484,-0.3683927059173584,0.5334715247154236,0.5076236724853516,0.5674620270729065,5,1.0,-0.7526525152320869,-0.2255080911742248,-0.252950494360699,1481,0,0.0177168444383505,-0.2237002271542323,97,29,thymio-09
40,1788220990.434068,2.88205361366272,0.0120706800371408,-0.0965597015120813,96.15932534263432,2.88205361366272,0.0798040106892585,0.0120706800371408,-0.377480000257492,0.5090197920799255,0.5066447854042053,0.5845672488212585,5,1.0,-0.7860470356194,-0.2551009727572997,-0.160321219259533,2221,0,-0.08,-0.1211416942427625,-266,-303,thymio-09
41,1788220991.0425155,2.886207342147827,0.0008894773200154,-0.8902386686810546,96.05932534263432,2.886207342147827,0.0792862772941589,0.0008894773200154,-0.4285534918308258,0.4582641422748565,0.467902809381485,0.6224170327186584,5,1.0,-0.0468377731449197,-0.8075520314805937,1.0,0,0,0.0066820416724006,-0.1464469392104518,46,2,thymio-09
42,1788220991.6498947,2.887355327606201,0.0362847968935966,-1.056065981139159,95.95932534263432,2.887355327606201,0.0799034237861633,0.0362847968935966,-0.4404287934303283,0.4379995763301849,0.454214870929718,0.6386452317237854,5,1.0,-0.0061746904244038,-0.7879831387626666,1.0,0,0,0.010615389108704,-0.0247211366252492,41,34,thymio-09
43,1788220992.25783,2.887355327606201,0.0362847968935966,-1.056065981139159,95.85932534263434,2.887355327606201,0.0799034237861633,0.0362847968935966,-0.4404287934303283,0.4379995763301849,0.454214870929718,0.6386452317237854,5,1.0,-0.0061746904244038,-0.7879831387626666,1.0,0,0,0.010615389108704,0.1628063942964196,13,62,thymio-09
44,1788220992.865419,2.8897626399993896,0.0281894784420728,-1.378108907767897,95.75932534263434,2.8897626399993896,0.0791724175214767,0.0281894784420728,-0.4737832248210907,0.4239867031574249,0.4155882000923157,0.6504239439964294,5,-0.2414040251435345,0.0225385677621248,-0.804743729997932,1.0,0,0,-0.0035147391071213,0.4079126651975102,-74,49,thymio-09
45,1788220993.4748282,2.8873541355133057,0.0208339821547269,-0.9133516375305124,95.65932534263436,2.8873541355133057,0.0798177868127822,0.0208339821547269,-0.4353396296501159,0.4520817399024963,0.4701172709465027,0.6205573081970215,5,1.0,1.0,-0.8112305384175317,0.0239454746558172,0,0,-0.0041700064959489,0.493819953347388,-89,60,thymio-09
46,1788220994.0828686,2.881155014038086,0.0223848689347505,-0.1262550177227628,95.55932534263437,2.881155014038086,0.0791094303131103,0.0223848689347505,-0.394435852766037,0.5202105641365051,0.4886912107467651,0.5787765383720398,5,1.0,-0.8060379684252087,-0.2168871831741148,0.0115273661475157,0,0,0.0100466294313902,0.4052138149694515,-25,97,thymio-09
47,1788220994.6906152,2.881155014038086,0.0223848689347505,-0.1262550177227628,95.45932534263436,2.881155014038086,0.0791094303131103,0.0223848689347505,-0.394435852766037,0.5202105641365051,0.4886912107467651,0.5787765383720398,5,1.0,-0.8060379684252087,-0.2168871831741148,0.0115273661475157,0,0,0.024232260622929,0.5627513082481866,1,171,thymio-09
48,1788220995.298409,2.8669745922088623,0.028033509850502,0.9760938708442026,95.35932534263436,2.8669745922088623,0.0794917568564415,0.028033509850502,-0.2742740511894226,0.6355732083320618,0.5627803802490234,0.4517730176448822,5,0.0001798647260551,-0.7962515710430428,1.0,1.0,0,0,0.0089534342203483,-0.1755842270224601,58,5,thymio-09
49,1788220995.9071188,2.848618507385254,0.0275181345641613,1.0840934249450562,95.24296840168304,2.848618507385254,0.0798865556716919,0.0275181345641613,-0.163596972823143,0.706080973148346,0.6001238226890564,0.3384334444999695,5,0.0040926395425879,-0.7887871193247129,1.0,1.0,0,0,0.0104537890157327,0.1460488876981161,15,59,thymio-09
50,1788220996.5148866,2.8480303287506104,0.0268494300544261,1.0807038257726358,95.14296840168304,2.8480303287506104,0.079806312918663,0.0268494300544261,-0.1656560897827148,0.7042192816734314,0.6000596284866333,0.3414114713668823,5,0.0072047230767104,-0.788283046801106,1.0,1.0,0,0,0.0105551075929776,0.1770047440119923,11,64,thymio-09
51,1788220997.123341,2.8480303287506104,0.0268494300544261,1.0807038257726358,95.04296840168304,2.8480303287506104,0.079806312918663,0.0268494300544261,-0.1656560897827148,0.7042192816734314,0.6000596284866333,0.3414114713668823,5,0.0072047230767104,-0.788283046801106,1.0,1.0,0,0,0.0105551075929776,0.2145677113306195,5,70,thymio-09
52,1788220997.7308414,2.830485343933105,0.020090389996767,1.1015312913045143,94.94084892393336,2.830485343933105,0.0793903768062591,0.020090389996767,-0.1327916532754898,0.7239866852760315,0.604533314704895,0.3045474290847778,5,0.0507598566645317,-0.7620233517536706,1.0,1.0,0,0,0.0158333062975121,0.1726846880716214,30,82,thymio-09
53,1788220998.338435,2.830485343933105,0.020090389996767,1.1015312913045143,94.84084892393338,2.830485343933105,0.0793903768062591,0.020090389996767,-0.1327916532754898,0.7239866852760315,0.604533314704895,0.3045474290847778,5,0.0507598566645317,-0.7620233517536706,1.0,1.0,0,0,0.0158333062975121,0.1985391405382847,26,86,thymio-09
54,1788220998.9462662,2.823182344436645,0.0213729012757539,1.123435619120233,94.74084892393338,2.823182344436645,0.0795958116650581,0.0213729012757539,-0.1027650162577629,0.736296534538269,0.6154879331588745,0.26168954372406,5,0.0641493483549442,-0.7369667970638685,1.0,1.0,0,0,0.0208696737901624,0.1702546078607628,48,100,thymio-09
55,1788220999.5535965,2.7979323863983154,0.0227335840463638,1.1298096940116211,94.60526759119205,2.7979323863983154,0.0799899250268936,0.0227335840463638,-0.0242304988205432,0.758632481098175,0.6268330812454224,0.1759829074144363,5,0.0697802393720157,-0.6650368399590086,1.0,1.0,0,0,0.0353275951682392,0.1024017571478863,110,141,thymio-09
56,1788221000.1615222,2.7979323863983154,0.0227335840463638,1.1298096940116211,94.50526759119204,2.7979323863983154,0.0799899250268936,0.0227335840463638,-0.0242304988205432,0.758632481098175,0.6268330812454224,0.1759829074144363,5,0.0697802393720157,-0.6650368399590086,1.0,1.0,0,0,0.0353275951682392,0.1956644828519271,96,155,thymio-09
57,1788221000.7706633,2.784621238708496,0.0242536514997482,1.1426977056420071,94.40526759119206,2.784621238708496,0.0800836458802223,0.0242536514997482,-0.000553180638235,0.7623511552810669,0.6318978667259216,0.1397341191768646,5,0.0620528103783368,-0.6343655460751512,1.0,1.0,0,0,0.0414925252388946,0.1473170260707808,125,170,thymio-09
58,1788221001.378451,2.733070611953736,0.0300931669771671,1.1523686830217177,94.12553908232736,2.733070611953736,0.0810635238885879,0.0300931669771671,0.0558312870562076,0.7710206508636475,0.6308374404907227,0.0667403042316436,5,-0.0037200309452239,-0.5533149534401236,1.0,1.0,0,0,0.05,0.1028531767856506,162,193,thymio-09
59,1788221001.9865534,2.702709197998047,0.0378889553248882,1.1688966364502864,93.96126583705724,2.702709197998047,0.0805925875902175,0.0378889553248882,0.0744606778025627,0.7803419828414917,0.6201593279838562,0.0304073859006166,5,1.0,-0.5243919994229661,-0.0546023289920204,1.0,0,0,0.05,-0.2085435187799625,209,146,thymio-09
60,1788221002.594284,2.702709197998047,0.0378889553248882,1.1688966364502864,93.86126583705725,2.702709197998047,0.0805925875902175,0.0378889553248882,0.0744606778025627,0.7803419828414917,0.6201593279838562,0.0304073859006166,5,1.0,-0.5243919994229661,-0.0546023289920204,1.0,0,0,0.05,-0.2345711756708933,213,142,thymio-09
61,1788221003.202027,2.661820650100708,0.0472429022192955,1.173170634222065,93.61655955661656,2.661820650100708,0.0800746530294418,0.0472429022192955,-0.0768532380461692,-0.7707843780517578,-0.6319643259048462,-0.0246202070266008,5,1.0,-0.4933296700189542,-0.9683898178691628,1.0,0,0,0.0,-0.1316010429184822,20,-20,thymio-09
62,1788221003.8111637,2.6129038333892822,0.0455262437462806,1.160071333534164,93.32421795535473,2.6129038333892822,0.0807954147458076,0.0455262437462806,0.0139232510700821,0.7706214785575867,0.6273806095123291,0.1110957711935043,5,1.0,-0.4987356635452995,-0.9477047713393733,1.0,0,0,0.0,-0.0466871975047179,7,-7,thymio-09
63,1788221004.4187095,2.597602605819702,0.0432080850005149,1.1081488082869235,93.22421795535472,2.597602605819702,0.0824123844504356,0.0432080850005149,0.006382517516613,0.759726345539093,0.6309326887130737,0.1571595519781112,5,1.0,-0.5179579797052224,-0.2523382692841946,1.0,0,0,0.05,-0.2119011996749955,210,146,thymio-09
64,1788221005.026492,2.597602605819702,0.0432080850005149,1.1081488082869235,93.12421795535472,2.597602605819702,0.0824123844504356,0.0432080850005149,0.006382517516613,0.759726345539093,0.6309326887130737,0.1571595519781112,5,1.0,-0.5179579797052224,-0.2523382692841946,1.0,0,0,0.1735711980551788,-0.2041689126672357,500,500,thymio-09
65,1788221005.6349266,2.586463928222656,0.0376896224915981,1.146874536358351,93.02421795535471,2.586463928222656,0.0805979445576667,0.0376896224915981,-0.042826522141695,0.755332887172699,0.6276117563247681,0.1836894005537033,5,1.0,-0.5333934302013266,-0.2787674023835323,1.0,0,0,0.05,-0.1803410638880073,205,150,thymio-09
66,1788221006.2438068,2.5079662799835205,0.0144059043377637,1.1307881532787256,92.611449139816,2.5079662799835205,0.0822342932224273,0.0144059043377637,-0.0695601850748062,0.7448205351829529,0.6253842115402222,0.222032368183136,5,1.0,-0.5338394681655753,-0.3049428251924405,1.0,0,0,0.05,-0.1605455707718322,202,153,thymio-09
67,1788221006.8524826,2.442884922027588,-0.01176602486521,1.1191865277388668,92.25602147372685,2.442884922027588,0.0823786333203315,-0.01176602486521,-0.1096120327711105,0.7363104224205017,0.6092965006828308,0.273111492395401,5,1.0,-0.4904746310606638,-0.3214522783193234,1.0,0,0,0.05,-0.1476269958710129,200,155,thymio-09
68,1788221007.460378,2.442884922027588,-0.01176602486521,1.1191865277388668,92.15602147372684,2.442884922027588,0.0823786333203315,-0.01176602486521,-0.1096120327711105,0.7363104224205017,0.6092965006828308,0.273111492395401,5,1.0,-0.4904746310606638,-0.3214522783193234,1.0,0,0,0.05,-0.1590719572841945,202,154,thymio-09
69,1788221008.068474,2.4186081886291504,-0.0257307235151529,1.1216375017344529,92.02353780094182,2.4186081886291504,0.0825617387890815,-0.0257307235151529,-0.13343346118927,0.7205345034599304,0.6162466406822205,0.2885579168796539,5,1.0,-0.4621586021156734,-0.32114862611591,1.0,0,0,0.1635656167651132,-0.1509619215230924,500,500,thymio-09
70,1788221008.676171,2.376588821411133,-0.0578076392412185,1.081868724631823,91.76902252547458,2.376588821411133,0.0819039121270179,-0.0578076392412185,-0.1749347150325775,0.6973834037780762,0.6031258702278137,0.3453888297080993,5,-0.3057305660583814,-0.411945060703622,0.6367853514186501,1.0,0,0,-0.0020137654068937,0.0825388025343188,-20,5,thymio-09
71,1788221009.290339,2.308598279953003,-0.1183432191610336,1.0637957768968365,91.34805723089556,2.308598279953003,0.0820762142539024,-0.1183432191610336,-0.2005979418754577,0.6799459457397461,0.6003919839859009,0.370085746049881,5,-0.2625316316229602,-0.3817560406344288,0.7538934511070252,1.0,0,0,0.0423144680467442,0.2087303454728138,119,182,thymio-09
72,1788221009.8978202,2.308598279953003,-0.1183432191610336,1.0637957768968365,91.24805723089555,2.308598279953003,0.0820762142539024,-0.1183432191610336,-0.2005979418754577,0.6799459457397461,0.6003919839859009,0.370085746049881,5,-0.2625316316229602,-0.3817560406344288,0.7538934511070252,1.0,0,0,0.0574483881623307,0.1792840739506318,177,231,thymio-09
73,1788221010.5062284,2.2890946865081787,-0.1310961097478866,1.0815268894163204,91.13205748640044,2.2890946865081787,0.0820312798023223,-0.1310961097478866,-0.1784618496894836,0.6914631128311157,0.6096227169036865,0.3440789580345154,5,-0.2415482619820039,-0.3673326165956943,0.7939681802942611,1.0,0,0,0.0641818185760816,0.240298083192315,192,264,thymio-09
74,1788221011.1139522,2.237426996231079,-0.1558274030685424,1.116646445618441,90.82579497300864,2.237426996231079,0.0824571624398231,-0.1558274030685424,-0.1218921318650245,0.72406405210495,0.6180797815322876,0.2808041870594024,5,-0.2205306530503841,-0.3086930003171462,0.8607382972348323,1.0,0,0,0.0561852273382003,0.2837618580379467,157,242,thymio-09
75,1788221011.7220333,2.1854007244110107,-0.169514998793602,1.1366049413066026,90.4923074363402,2.1854007244110107,0.0824398919939994,-0.169514998793602,-0.0735322684049606,0.7418620586395264,0.6288465261459351,0.2208752185106277,5,-0.2191435909776951,-0.2049098985563422,0.9126500272007584,1.0,0,0,0.0396029590773285,0.3649069710166415,86,196,thymio-09
76,1788221012.330046,2.1854007244110107,-0.169514998793602,1.1366049413066026,90.39230743634022,2.1854007244110107,0.0824398919939994,-0.169514998793602,-0.0735322684049606,0.7418620586395264,0.6288465261459351,0.2208752185106277,5,-0.2191435909776951,-0.2049098985563422,0.9126500272007584,1.0,0,0,0.0501482231685116,0.3287131450563615,129,228,thymio-09
77,1788221012.9390829,2.142197847366333,-0.1715727299451828,1.136258448656334,90.11762821634407,2.142197847366333,0.0831644684076309,-0.1715727299451828,0.0032446682453155,0.7574594020843506,0.6379098296165466,0.1389809101819992,5,-0.221292715839721,-0.2046146851629499,0.9479257817781506,1.0,0,0,0.0621890717569203,0.2777682993982893,179,263,thymio-09
78,1788221013.5472813,2.117640972137451,-0.1656436324119568,1.1409749336356771,89.96181385997058,2.117640972137451,0.0835328996181488,-0.1656436324119568,0.0577531345188617,0.7663283944129944,0.6356567144393921,0.0731157511472702,5,-0.2235445361105671,-0.2091398892307709,0.9646549628543692,1.0,0,0,0.0701368588547181,0.183968561981565,221,277,thymio-09
79,1788221014.1555302,2.040839433670044,-0.1354847103357315,1.1381740062526298,89.5296589061837,2.040839433670044,0.0841325372457504,-0.1354847103357315,0.1461914181709289,0.7691321969032288,0.6210491061210632,-0.0369023345410823,5,-0.2483891840720063,-0.1583962767834298,1.0,1.0,0,0,0.0829850239375598,0.0399352539480149,289,301,thymio-09
80,1788221014.7638772,2.040839433670044,-0.1354847103357315,1.1381740062526298,89.4296589061837,2.040839433670044,0.0841325372457504,-0.1354847103357315,0.1461914181709289,0.7691321969032288,0.6210491061210632,-0.0369023345410823,5,-0.2483891840720063,-0.1583962767834298,1.0,1.0,0,0,0.0766753231736283,0.1497440314079308,250,295,thymio-09
81,1788221015.372433,1.994341731071472,-0.1114715114235878,1.1230629774589866,89.16845681958094,1.994341731071472,0.0847151204943656,-0.1114715114235878,0.1671170741319656,0.7683143019676208,0.6155369877815247,-0.0536598451435565,5,-0.2662586180652504,-0.1079027077124615,1.0,1.0,0,0,0.0773682942292017,0.1456544868560562,253,297,thymio-09
82,1788221015.9813955,1.912323355674744,-0.0674214884638786,1.1227091797966846,88.70110583858187,1.912323355674744,0.085154078900814,-0.0674214884638786,0.1879029273986816,0.7695834040641785,0.6043037176132202,-0.0851527974009513,5,-0.2950006705776949,-0.0177295509306338,1.0,1.0,0,0,0.0700235769522874,0.1493945404215096,226,271,thymio-09
83,1788221016.58943,1.8627231121063232,-0.0315711013972759,1.1110243214973483,88.43452764224146,1.8627231121063232,0.085480123758316,-0.0315711013972759,0.2170066833496093,0.768403172492981,0.589444637298584,-0.1225554198026657,5,-0.3066793305107548,0.0356280413692069,1.0,1.0,0,0,0.0683814538545988,0.1627279896227696,218,268,thymio-09
84,1788221017.1975193,1.8627231121063232,-0.0315711013972759,1.1110243214973483,88.33452764224147,1.8627231121063232,0.085480123758316,-0.0315711013972759,0.2170066833496093,0.768403172492981,0.589444637298584,-0.1225554198026657,5,-0.3066793305107548,0.0356280413692069,1.0,1.0,0,0,0.0701742764767461,0.1510817404607925,227,272,thymio-09
85,1788221017.8050528,1.7921305894851685,0.027403388172388,1.0337615143742092,88.01828345793366,1.7921305894851685,0.0844115018844604,0.027403388172388,0.2481939494609832,0.7954204082489014,0.5363351702690125,-0.1343531161546707,5,-0.3043820675903061,0.0966725414135569,1.0,1.0,0,0,0.0501477244650636,0.2796513534362095,136,220,thymio-09
86,1788221018.4122365,1.7921305894851685,0.027403388172388,1.0337615143742092,87.91828345793367,1.7921305894851685,0.0844115018844604,0.027403388172388,0.2481939494609832,0.7954204082489014,0.5363351702690125,-0.1343531161546707,5,-0.3043820675903061,0.0966725414135569,1.0,1.0,0,0,0.0648365827449755,0.1651994507456326,205,255,thymio-09
87,1788221019.0212004,1.7585391998291016,0.0633297711610794,1.0849187952937631,87.75950097087745,1.7585391998291016,0.0869891420006752,0.0633297711610794,0.2754580080509186,0.7500459551811218,0.5672925114631653,-0.1993322372436523,5,-0.3025546124199213,0.0683646777677415,1.0,1.0,0,0,-0.0272583519157476,0.4640760555478809,-167,-27,thymio-09
88,1788221019.6291797,1.723674774169922,0.1138225346803665,1.031568880228674,87.58431388640933,1.723674774169922,0.0887964963912963,0.1138225346803665,0.3223403096199035,0.7331633567810059,0.5441011786460876,-0.2500445544719696,5,-0.307721039085345,-0.0059520112681965,1.0,1.0,0,0,0.0399167361923829,0.3251641815810843,93,191,thymio-09
89,1788221020.2362862,1.723674774169922,0.1138225346803665,1.031568880228674,87.48431388640934,1.723674774169922,0.0887964963912963,0.1138225346803665,0.3223403096199035,0.7331633567810059,0.5441011786460876,-0.2500445544719696,5,-0.307721039085345,-0.0059520112681965,1.0,1.0,0,0,-0.0017563131720038,0.4193021104891799,-70,57,thymio-09
90,1788221020.8438556,1.735295057296753,0.1275451630353927,0.7902201004761653,87.38431388640934,1.735295057296753,0.088329866528511,0.1275451630353927,0.4245023131370544,0.6658573746681213,0.4707988798618316,-0.3934212625026703,5,-0.2706305342322224,-0.1673151111923091,0.9952543668067522,1.0,0,0,0.0107480318989984,0.614451866632137,-55,131,thymio-09
91,1788221021.452436,1.7386181354522705,0.1292301565408706,0.4551554637998838,87.28431388640935,1.7386181354522705,0.0879948139190673,0.1292301565408706,0.4640911817550659,0.6281437873840332,0.4326991140842438,-0.4503623843193054,5,-0.2684816486988005,0.4321357065089874,-0.2524275558584962,1.0,0,0,0.108629816756886,0.5667645899407457,300,472,thymio-09
92,1788221022.0603714,1.7386181354522705,0.1292301565408706,0.4551554637998838,87.18431388640936,1.7386181354522705,0.0879948139190673,0.1292301565408706,0.4640911817550659,0.6281437873840332,0.4326991140842438,-0.4503623843193054,5,-0.2684816486988005,0.4321357065089874,-0.2524275558584962,1.0,0,0,0.0388052599132363,0.5014912029944769,62,214,thymio-09
93,1788221022.6682208,1.7675036191940308,0.1819260418415069,-1.0713479549198328,87.08431388640936,1.7675036191940308,0.0886430814862251,0.1819260418415069,0.5446099042892456,0.5293476581573486,0.3271969556808471,-0.5622574090957642,5,-0.3843397139692108,1.0,0.5727906802705804,-0.2798977256232808,0,0,-0.0135925471590281,0.0841768727914699,-61,-36,thymio-09
94,1788221023.2757585,1.7675036191940308,0.1819260418415069,-1.0713479549198328,86.98431388640937,1.7675036191940308,0.0886430814862251,0.1819260418415069,0.5446099042892456,0.5293476581573486,0.3271969556808471,-0.5622574090957642,5,-0.3843397139692108,1.0,0.5727906802705804,-0.2798977256232808,0,0,0.0461318873341063,0.5289788311545099,84,244,thymio-09
95,1788221023.8834002,1.7787436246871948,0.1972732990980148,-1.316546198494866,86.88431388640937,1.7787436246871948,0.0879327803850174,0.1972732990980148,0.5648825764656067,0.4857840240001678,0.3026028871536255,-0.5944352149963379,5,-0.4106589283887737,1.0,0.6153801572355149,-0.2872908778247874,0,0,0.0628827283110741,0.6125055113233416,131,316,thymio-09
96,1788221024.491398,1.7861369848251345,0.2035922110080719,-1.3443305355203632,86.78431388640938,1.7861369848251345,0.0889448598027229,0.2035922110080719,0.5821981430053711,0.4655461609363556,0.2639214992523193,-0.6120927929878235,5,-0.4512835742830603,1.0,0.6585959798064789,-0.3220310287573932,0,0,0.075566322758752,0.5983889650442036,178,359,thymio-09
97,1788221025.0999882,1.7861369848251345,0.2035922110080719,-1.3443305355203632,86.68431388640938,1.7861369848251345,0.0889448598027229,0.2035922110080719,0.5821981430053711,0.4655461609363556,0.2639214992523193,-0.6120927929878235,5,-0.4512835742830603,1.0,0.6585959798064789,-0.3220310287573932,0,0,0.080814311237882,0.5885502562071915,198,376,thymio-09
98,1788221025.7082,1.801606297492981,0.2156466543674469,-1.4341740119031678,86.58431388640939,1.801606297492981,0.08847027271986,0.2156466543674469,-0.6017038822174072,-0.4220112860202789,-0.2261425107717514,0.639310896396637,5,-0.4794124613236904,1.0,0.6480574346287833,-0.3488018413125786,0,0,0.0779888185886838,0.5924070255544409,188,367,thymio-09
99,1788221026.3159168,1.9064234495162964,0.249476283788681,-1.62193974884541,86.4843138864094,1.9064234495162964,0.088198222219944,0.249476283788681,0.641071617603302,0.18162302672863,0.0320584177970886,-0.7449916005134583,5,-0.6574573659167763,1.0,0.5523461921235999,-0.3929382069431261,0,0,0.0627137321440678,0.6078396282082416,131,315,thymio-09
100,1788221026.9232085,1.9569451808929443,0.2373075783252716,-1.6196666644569653,86.3843138864094,1.9569451808929443,0.0881087258458137,0.2373075783252716,0.6285775899887085,0.0596787333488464,-0.0790790170431137,-0.7714111804962158,5,-0.6954100585148311,-0.3899503045093618,0.470862212967386,1.0,0,0,0.0226064662181012,0.1672379989432764,55,106,thymio-09
101,1788221027.5311477,1.9569451808929443,0.2373075783252716,-1.6196666644569653,86.28431388640941,1.9569451808929443,0.0881087258458137,0.2373075783252716,0.6285775899887085,0.0596787333488464,-0.0790790170431137,-0.7714111804962158,5,-0.6954100585148311,-0.3899503045093618,0.470862212967386,1.0,0,0,-0.0292225782385189,0.4926006414745684,-178,-29,thymio-09
102,1788221028.1386044,1.9956450462341309,0.2090369611978531,-1.6150877759039843,86.18431388640941,1.9956450462341309,0.0882172957062721,0.2090369611978531,0.61053466796875,-0.086065225303173,-0.1916369050741195,-0.763620138168335,5,0.7915531904570072,-0.3808137001085255,0.3620852090630047,-0.6748969995551606,0,0,-0.0333457030894127,0.4278605006619207,-183,-54,thymio-09
103,1788221028.7460575,1.9839887619018557,0.2074078172445297,-1.5687962251866177,86.08431388640942,1.9839887619018557,0.0885512828826904,0.2074078172445297,0.5638756155967712,-0.212495818734169,-0.2881495654582977,-0.744217574596405,5,0.8094280570766967,-0.4145411420321563,0.2960914933131129,-0.6280422631896301,0,0,-0.0427635050988843,0.5634162287854084,-237,-67,thymio-09
104,1788221029.3536446,1.9567904472351076,0.2312091737985611,-1.4586019146105478,85.96765459792766,1.9567904472351076,0.0885495617985725,0.2312091737985611,0.5043898224830627,-0.3474937379360199,-0.3801510334014892,-0.6930543184280396,5,0.8186931706667271,-0.4459955316596851,0.2998949883328661,-0.6224218162318561,0,0,-0.0438932149373969,0.5357208113097434,-237,-75,thymio-09
105,1788221029.9620478,1.9567904472351076,0.2312091737985611,-1.4586019146105478,85.86765459792767,1.9567904472351076,0.0885495617985725,0.2312091737985611,0.5043898224830627,-0.3474937379360199,-0.3801510334014892,-0.6930543184280396,5,0.8186931706667271,-0.4459955316596851,0.2998949883328661,-0.6224218162318561,0,0,0.0584905681947571,0.5425661691244219,126,290,thymio-09
106,1788221030.5692685,1.9415202140808103,0.2550583481788635,-1.1168355099016556,85.76765459792767,1.9415202140808103,0.0876475051045417,0.2550583481788635,0.4522220194339752,-0.4356016814708709,-0.4520492851734161,-0.6335597634315491,5,0.8184957109031299,1.0,0.3170251960973047,-0.6317690740532322,0,0,0.0817139827746775,0.5064571412402317,214,367,thymio-09
107,1788221031.178507,1.9127322435379028,0.2560961246490478,0.8301932469909521,85.63852508733862,1.9127322435379028,0.0878847539424896,0.2560961246490478,0.3069982528686523,-0.5963409543037415,-0.557711660861969,-0.4889654815196991,5,-0.4069006357320567,0.2327384591128793,-0.6156219207633333,1.0,0,0,0.0087940319310282,0.0047228848777159,31,32,thymio-09
108,1788221031.7857893,1.8766944408416748,0.2198656499385833,1.009727386742674,85.48518787696794,1.8766944408416748,0.0880487337708473,0.2198656499385833,0.2417194694280624,-0.6520141959190369,-0.5847387909889221,-0.4177676141262054,5,-0.373404062524171,0.2156264993085925,-0.5725419111670448,1.0,0,0,0.0121534098387431,0.0788917160974352,31,55,thymio-09
109,1788221032.3941493,1.8766944408416748,0.2198656499385833,1.009727386742674,85.38518787696795,1.8766944408416748,0.0880487337708473,0.2198656499385833,0.2417194694280624,-0.6520141959190369,-0.5847387909889221,-0.4177676141262054,5,-0.373404062524171,0.2156264993085925,-0.5725419111670448,1.0,0,0,0.0708898094232263,0.3702135976375101,196,308,thymio-09
110,1788221033.00303,1.865512728691101,0.2099975496530532,1.0282702558909635,85.28518787696795,1.865512728691101,0.0881239399313926,0.2099975496530532,0.2300823777914047,-0.66058349609375,-0.5892325639724731,-0.4043471217155456,5,-0.2975034912600709,0.240002839526555,-0.5653089553632169,1.0,0,0,0.0735309519242802,0.3875160354987862,203,320,thymio-09
111,1788221033.61117,1.8171924352645876,0.1796163320541381,1.0633517646931248,85.03163374396966,1.8171924352645876,0.0887745320796966,0.1796163320541381,0.1582918465137481,-0.6962822675704956,-0.6139717698097229,-0.3364125788211822,5,-0.2367573128268436,0.3154926150986492,-0.5411966081400197,1.0,0,0,0.0630880104499563,0.3801010648871855,167,282,thymio-09
112,1788221034.2191498,1.7941282987594604,0.1696089804172516,1.053643158040643,84.91381032980459,1.7941282987594604,0.0877410620450973,0.1696089804172516,0.1296881288290023,-0.7011911273002625,-0.6264182925224304,-0.3148207366466522,5,-0.1828739277205284,0.2974249342310384,-0.5357222331802995,1.0,0,0,0.0578536833479187,0.3600949366177461,151,260,thymio-09
113,1788221034.8267736,1.7941282987594604,0.1696089804172516,1.053643158040643,84.8138103298046,1.7941282987594604,0.0877410620450973,0.1696089804172516,0.1296881288290023,-0.7011911273002625,-0.6264182925224304,-0.3148207366466522,5,-0.1828739277205284,0.2974249342310384,-0.5357222331802995,1.0,0,0,0.0530299715723037,0.3611670233983188,134,243,thymio-09
114,1788221035.435214,1.7400652170181274,0.1536753326654434,1.1367189330209904,84.50586094049166,1.7400652170181274,0.0879317447543144,0.1536753326654434,0.081259474158287,-0.7382755279541016,-0.6296236515045166,-0.2278603017330169,5,-0.0786180161348596,0.4190345483012678,-0.5150619087583381,1.0,0,0,0.0585027080766222,0.2654522547661795,168,248,thymio-09
115,1788221036.043602,1.6889066696166992,0.1558644324541092,1.1349710543489184,84.21688583545286,1.6889066696166992,0.0878509506583213,0.1558644324541092,-0.0104208942502737,-0.7619672417640686,-0.633782684803009,-0.1327291131019592,5,-0.0839213095201799,0.5239577512782292,-0.5120707399597036,1.0,0,0,0.0625174709194382,0.3476307497863908,170,275,thymio-09
116,1788221036.6514535,1.6889066696166992,0.1558644324541092,1.1349710543489184,84.11688583545286,1.6889066696166992,0.0878509506583213,0.1558644324541092,-0.0104208942502737,-0.7619672417640686,-0.633782684803009,-0.1327291131019592,5,-0.0839213095201799,0.5239577512782292,-0.5120707399597036,1.0,0,0,0.0566454791683078,0.3502353351700441,148,254,thymio-09
117,1788221037.2595663,1.639072299003601,0.1683383136987686,1.1559801414937851,83.8340322572505,1.639072299003601,0.0868358165025711,0.1683383136987686,-0.0750281438231468,-0.7748430371284485,-0.6263909339904785,-0.0402908250689506,5,-0.0693775704697248,0.5983399377013243,-0.5188395676043726,1.0,0,0,0.0603191541117135,0.3468408769446034,162,267,thymio-09
118,1788221037.868229,1.5963399410247805,0.1882632821798324,1.1303879857645107,83.6055102099358,1.5963399410247805,0.0888364389538765,0.1882632821798324,-0.1471865028142929,-0.770727813243866,-0.6190837025642395,0.0324060656130313,5,-0.0866604726308037,0.6455637704656596,-0.5287605216350282,1.0,0,0,0.0588670129186244,0.374616953558848,153,266,thymio-09
119,1788221038.4766824,1.5963399410247805,0.1882632821798324,1.1303879857645107,83.5055102099358,1.5963399410247805,0.0888364389538765,0.1882632821798324,-0.1471865028142929,-0.770727813243866,-0.6190837025642395,0.0324060656130313,5,-0.0866604726308037,0.6455637704656596,-0.5287605216350282,1.0,0,0,0.0568973381818554,0.3754149746989647,145,259,thymio-09
120,1788221039.085551,1.5347384214401243,0.2509202659130096,1.0868432870854656,83.23435451278029,1.5347384214401243,0.0897740200161933,0.2509202659130096,0.2710472643375397,0.7522119879722595,0.5685754418373108,-0.1934747993946075,5,-0.5415070500307191,0.6814464098632844,1.0,1.0,0,0,0.0706597161738282,-0.0548851319659613,259,243,thymio-09
121,1788221039.694105,1.5169575214385986,0.2886034250259399,0.991026521661567,83.1191216037116,1.5169575214385986,0.091157741844654,0.2886034250259399,0.3513522446155548,0.7154339551925659,0.538698673248291,-0.2729645669460296,5,-0.5248775562473523,0.6852375689611092,1.0,1.0,0,0,0.0495856864456063,0.3974288762657855,116,236,thymio-09
122,1788221040.302688,1.489086389541626,0.3362372517585754,1.0174340782099414,82.9784237281844,1.489086389541626,0.0912034586071968,0.3362372517585754,0.3405845761299133,0.7203822731971741,0.5381472706794739,-0.2746801078319549,5,-0.5211155636836114,0.674926365951952,1.0,1.0,0,0,-0.05,0.1821154640241557,-205,-150,thymio-09
123,1788221040.9104264,1.489086389541626,0.3362372517585754,1.0174340782099414,82.8784237281844,1.489086389541626,0.0912034586071968,0.3362372517585754,0.3405845761299133,0.7203822731971741,0.5381472706794739,-0.2746801078319549,5,-0.5211155636836114,0.674926365951952,1.0,1.0,0,0,-0.05,0.2539723846708748,-216,-139,thymio-09
124,1788221041.5179293,1.4912415742874146,0.3409646451473236,0.8726478520541097,82.7784237281844,1.4912415742874146,0.0903236716985702,0.3409646451473236,0.4073444008827209,0.6783319711685181,0.4905320703983307,-0.36512291431427,5,-0.4851302856522553,0.6023726688578712,1.0,1.0,0,0,-0.05,0.4132439762031755,-240,-115,thymio-09
125,1788221042.125711,1.4912415742874146,0.3409646451473236,0.8726478520541097,82.67842372818441,1.4912415742874146,0.0903236716985702,0.3409646451473236,0.4073444008827209,0.6783319711685181,0.4905320703983307,-0.36512291431427,5,-0.4851302856522553,0.6023726688578712,1.0,1.0,0,0,-0.05,0.2881692761376627,-221,-134,thymio-09
126,1788221042.7336826,1.5109490156173706,0.2637622952461242,0.0329811497503618,82.57842372818442,1.5109490156173706,0.0887198895215988,0.2637622952461242,0.4884933531284332,0.5855935215950012,0.4240138530731201,-0.4885352253913879,5,-0.3074232511598563,1.0,0.4536696707487038,-0.3743900828164471,0,0,0.024190739646053,0.0979455707995821,71,101,thymio-09
127,1788221043.3420434,1.510791540145874,0.2248527556657791,-0.9909550218870944,82.47842372818442,1.510791540145874,0.0913142710924148,0.2248527556657791,-0.5332847833633423,-0.5397047400474548,-0.3457342088222503,0.5520815849304199,5,1.0,1.0,0.4078915155466676,-0.3263763749519356,0,0,0.1686831419036311,-0.2196404479302015,500,500,thymio-09
128,1788221043.9512138,1.510791540145874,0.2248527556657791,-0.9909550218870944,82.37842372818443,1.510791540145874,0.0913142710924148,0.2248527556657791,-0.5332847833633423,-0.5397047400474548,-0.3457342088222503,0.5520815849304199,5,1.0,1.0,0.4078915155466676,-0.3263763749519356,0,0,0.184850948272882,0.038180397054302,500,500,thymio-09
129,1788221044.5591767,1.535261869430542,0.2835504412651062,-1.022749397114154,82.27842372818444,1.535261869430542,0.0913113206624984,0.2835504412651062,-0.5404077768325806,-0.5348805785179138,-0.3381601572036743,0.5545358657836914,5,1.0,1.0,0.3723560269677353,-0.4327319305941032,0,0,0.1800447649148645,0.3141600563195298,500,500,thymio-09
130,1788221045.1669717,1.535261869430542,0.2835504412651062,-1.022749397114154,82.17842372818444,1.535261869430542,0.0913113206624984,0.2835504412651062,-0.5404077768325806,-0.5348805785179138,-0.3381601572036743,0.5545358657836914,5,1.0,1.0,0.3723560269677353,-0.4327319305941032,0,0,0.1306982392535797,0.5299569366939724,384,500,thymio-09
131,1788221045.774586,1.5681253671646118,0.3742061257362366,-0.98041389352935,82.07842372818445,1.5681253671646118,0.0912630334496498,0.3742061257362366,-0.541002631187439,-0.5376908183097839,-0.3445483446121216,0.5472579002380371,5,1.0,-0.0600946739347358,0.3759469066253103,-0.5233267686653115,0,0,0.1027480123257797,0.3165683138971693,317,413,thymio-09
132,1788221046.38257,1.63382887840271,0.5345439910888672,-1.1745723810045965,81.97842372818445,1.63382887840271,0.0914132371544838,0.5345439910888672,-0.5566439032554626,-0.5114104747772217,-0.3213488757610321,0.5703874826431274,5,0.9261547727295956,0.1651889504234169,0.4334644052491008,-0.5321534109476418,0,0,0.1691215407016649,0.1488510223071567,500,500,thymio-09
133,1788221046.9897046,1.63382887840271,0.5345439910888672,-1.1745723810045965,81.87842372818446,1.63382887840271,0.0914132371544838,0.5345439910888672,-0.5566439032554626,-0.5114104747772217,-0.3213488757610321,0.5703874826431274,5,0.9261547727295956,0.1651889504234169,0.4334644052491008,-0.5321534109476418,0,0,0.1837493194688068,-0.0924471911810129,500,500,thymio-09
134,1788221047.5971956,1.6819106340408323,0.6032131910324097,-1.3843941399776476,81.77842372818446,1.6819106340408323,0.0918272510170936,0.6032131910324097,-0.5840534567832947,-0.4559105932712555,-0.2649973034858703,0.6170928478240967,5,0.8599272092599788,-0.4672513672389493,0.4705683780808742,1.0,0,0,0.1353393948402646,-0.1632416203347405,500,456,thymio-09
135,1788221048.2059708,1.7599139213562012,0.7101938128471375,-1.392351355210475,81.67842372818447,1.7599139213562012,0.092234767973423,0.7101938128471375,-0.5801821947097778,-0.457478791475296,-0.2698824107646942,0.6174668073654175,5,0.7493865640158708,-0.3294499000304139,0.4872937276940809,1.0,0,0,0.0395079826976557,0.0967511414558237,126,155,thymio-09
136,1788221048.814911,1.8143465518951416,0.7908019423484802,-1.3096325626158325,81.57842372818448,1.8143465518951416,0.0930671021342277,0.7908019423484802,-0.5547626614570618,-0.4941756427288055,-0.3386692404747009,0.5773491859436035,5,0.6667706925334191,-0.2190082299117821,0.5465732585076839,1.0,0,0,0.1089012316681739,0.228668075161806,352,421,thymio-09
137,1788221049.4227238,1.8143465518951416,0.7908019423484802,-1.3096325626158325,81.47842372818448,1.8143465518951416,0.0930671021342277,0.7908019423484802,-0.5547626614570618,-0.4941756427288055,-0.3386692404747009,0.5773491859436035,5,0.6667706925334191,-0.2190082299117821,0.5465732585076839,1.0,0,0,0.0926065838306837,0.305314627099888,283,375,thymio-09
138,1788221050.0317664,1.8176230192184448,0.8004514575004578,-1.149731151304633,81.37842372818449,1.8176230192184448,0.0927792564034462,0.8004514575004578,-0.5477753281593323,-0.5177121758460999,-0.3371587693691253,0.5641279816627502,5,0.6553895012920548,-0.1869866308451711,0.6031924669780582,1.0,0,0,0.1108080931226042,0.2346065589541655,358,429,thymio-09
139,1788221050.639594,1.850821137428284,0.8731665015220642,-1.1118941193946297,81.27842372818449,1.850821137428284,0.0929094478487968,0.8731665015220642,0.5490075349807739,0.5212550759315491,0.3383415639400482,-0.5589355230331421,5,0.5867019850143111,-0.0798284322532371,0.7097319756432394,1.0,0,0,0.0870785602245994,0.3025689977298164,264,355,thymio-09
140,1788221051.247646,1.926914930343628,0.983123540878296,-1.4572396788123585,81.1784237281845,1.926914930343628,0.0926222503185272,0.983123540878296,0.5896885991096497,0.4350773394107818,0.2642331123352051,-0.6270214915275574,5,0.4605319911970993,0.1450808611716083,0.8176941916524425,1.0,0,0,-0.0207545988225585,0.6033440596029221,-165,17,thymio-09
141,1788221051.8556151,1.926914930343628,0.983123540878296,-1.4572396788123585,81.0784237281845,1.926914930343628,0.0926222503185272,0.983123540878296,0.5896885991096497,0.4350773394107818,0.2642331123352051,-0.6270214915275574,5,0.4605319911970993,0.1450808611716083,0.8176941916524425,1.0,0,0,0.0590742962704041,0.5918213657565486,121,299,thymio-09
142,1788221052.4641702,1.9505256414413448,0.998561441898346,-1.545769231124589,80.97842372818451,1.9505256414413448,0.0931065008044242,0.998561441898346,0.6140365600585938,0.3609420657157898,0.1902195066213607,-0.6756452918052673,5,0.4247200851673405,0.2319299124653153,0.8194769040751957,1.0,0,0,0.0447292009614104,0.599085347808857,68,249,thymio-09
143,1788221053.072677,1.9785135984420776,0.9886916875839232,-1.6212208919553943,80.87842372818452,1.9785135984420776,0.0929094403982162,0.9886916875839232,0.6366040110588074,0.190496414899826,0.0390333980321884,-0.746272623538971,5,0.3921076828329652,0.344003918997775,0.780773599194269,1.0,0,0,0.0476710252535234,0.5934719910615834,80,259,thymio-09
144,1788221053.6805632,1.9785135984420776,0.9886916875839232,-1.6212208919553943,80.77842372818452,1.9785135984420776,0.0929094403982162,0.9886916875839232,0.6366040110588074,0.190496414899826,0.0390333980321884,-0.746272623538971,5,0.3921076828329652,0.344003918997775,0.780773599194269,1.0,0,0,0.0512361888629084,0.5828727536728451,94,270,thymio-09
145,1788221054.289109,2.0181000232696533,0.9731459021568298,-1.646465738716417,80.67842372818453,2.0181000232696533,0.092882327735424,0.9731459021568298,0.6317285895347595,0.0213731508702039,-0.0929930582642555,-0.7692949175834656,5,0.3590077877982627,0.4357268043064615,0.709730231185832,1.0,0,0,0.0479072792575022,0.5838494677635813,82,258,thymio-09
146,1788221054.8972058,2.0588812828063965,0.9186306595802308,-1.5846322536447988,80.57842372818453,2.0588812828063965,0.0927533209323883,0.9186306595802308,0.5607067346572876,-0.2302324026823043,-0.2907526791095733,-0.7403134107589722,5,0.351648872363187,0.6083464123282916,0.540003357831317,1.0,0,0,0.0526999166024354,0.5475982734476891,105,270,thymio-09
147,1788221055.5052145,2.0588812828063965,0.9186306595802308,-1.5846322536447988,80.47842372818454,2.0588812828063965,0.0927533209323883,0.9186306595802308,0.5607067346572876,-0.2302324026823043,-0.2907526791095733,-0.7403134107589722,5,0.351648872363187,0.6083464123282916,0.540003357831317,1.0,0,0,0.0541043845552309,0.5604480482243954,108,277,thymio-09
148,1788221056.1142716,2.061018943786621,0.9081916809082032,-1.5580145669540837,80.37842372818454,2.061018943786621,0.0920407846570015,0.9081916809082032,0.5480030179023743,-0.2693824470043182,-0.3230344653129577,-0.7230314612388611,5,0.3563034083899237,0.6273947032202765,0.510291071678167,1.0,0,0,0.0540823079621773,0.5478303067574781,109,275,thymio-09
149,1788221056.7221634,2.0468451976776123,0.8189374804496765,0.1481799707343967,80.21837388113565,2.0468451976776123,0.0913456454873085,0.8189374804496765,0.3816348910331726,-0.5278334617614746,-0.5067172050476074,-0.5647871494293213,5,1.0,0.2934826722211128,0.4176788390044801,0.7257620264223568,0,0,0.1392317761088272,0.4474950333333545,427,500,thymio-09
150,1788221057.3300502,2.0468451976776123,0.8189374804496765,0.1481799707343967,80.11837388113565,2.0468451976776123,0.0913456454873085,0.8189374804496765,0.3816348910331726,-0.5278334617614746,-0.5067172050476074,-0.5647871494293213,5,1.0,0.2934826722211128,0.4176788390044801,0.7257620264223568,0,0,0.1479818368325291,0.3361012494087868,475,500,thymio-09
151,1788221057.9382775,2.0336544513702397,0.8005942702293396,0.7325766906398758,80.01837388113566,2.0336544513702397,0.0914426520466804,0.8005942702293396,0.3344231247901916,-0.5777219533920288,-0.539357602596283,-0.5133146643638611,5,0.7287945940448948,0.2547850687226127,0.4388851876192292,1.0,0,0,0.068056921165653,-0.1877946452523288,270,213,thymio-09
152,1788221058.5464292,1.9303183555603027,0.648553192615509,0.9132810745485748,79.3385948295929,1.9303183555603027,0.0905187353491783,0.648553192615509,0.2896629869937897,-0.6155392527580261,-0.5640239119529724,-0.46806401014328,5,0.6597761378575713,0.0078235595066014,0.603293987061682,1.0,0,0,0.0930651354443019,0.0027430539212652,330,331,thymio-09
153,1788221059.1559775,1.907896876335144,0.6041004061698914,0.8102735426106853,79.16511394593796,1.907896876335144,0.0897091552615165,0.6041004061698914,0.3210414946079254,-0.5906825661659241,-0.5466132760047913,-0.4992399513721466,5,0.6267621243208361,-0.0428758239539729,0.6453909336150345,1.0,0,0,0.0525179234086945,0.1729723133566793,160,213,thymio-09
154,1788221059.764026,1.907896876335144,0.6041004061698914,0.8102735426106853,79.06511394593797,1.907896876335144,0.0897091552615165,0.6041004061698914,0.3210414946079254,-0.5906825661659241,-0.5466132760047913,-0.4992399513721466,5,0.6267621243208361,-0.0428758239539729,0.6453909336150345,1.0,0,0,0.0807855619220042,0.1111823434176474,270,304,thymio-09
155,1788221060.3725283,1.86996591091156,0.5322604179382324,0.8519994991731132,78.80420755786406,1.86996591091156,0.0896797105669975,0.5322604179382324,0.3084787130355835,-0.6009881496429443,-0.5517703294754028,-0.4890846014022827,5,0.573623730953428,-0.0665561310002349,0.7159804867015884,1.0,0,0,0.076325643958964,0.1321016786657205,251,291,thymio-09
156,1788221060.9808085,1.8249452114105225,0.4705810248851776,0.9199653192199336,78.52018869759223,1.8249452114105225,0.0895876511931419,0.4705810248851776,0.2753477096557617,-0.6219452023506165,-0.5714511871337891,-0.4591420590877533,5,0.5109215941573544,-0.0319342891731031,0.7865443854747478,1.0,0,0,0.0797325614767898,0.1374722155547647,263,304,thymio-09
157,1788221061.589087,1.8249452114105225,0.4705810248851776,0.9199653192199336,78.42018869759224,1.8249452114105225,0.0895876511931419,0.4705810248851776,0.2753477096557617,-0.6219452023506165,-0.5714511871337891,-0.4591420590877533,5,0.5109215941573544,-0.0319342891731031,0.7865443854747478,1.0,0,0,0.0777440963487638,0.1490238388704045,254,299,thymio-09
158,1788221062.197714,1.7764225006103516,0.4089777171611786,1.0158136954256136,78.07493141911048,1.7764225006103516,0.0898417457938194,0.4089777171611786,0.3027547001838684,-0.6247665882110596,-0.5586618781089783,-0.4537656307220459,5,0.4498042354210374,0.0294328360567144,0.8559440498391107,1.0,0,0,0.0852419913852983,0.1253609630887195,284,322,thymio-09
159,1788221062.8059206,1.7764225006103516,0.4089777171611786,1.0158136954256136,77.97493141911049,1.7764225006103516,0.0898417457938194,0.4089777171611786,0.3027547001838684,-0.6247665882110596,-0.5586618781089783,-0.4537656307220459,5,0.4498042354210374,0.0294328360567144,0.8559440498391107,1.0,0,0,0.0787372353719907,0.1507932110262063,257,303,thymio-09
160,1788221063.4144557,1.7366528511047363,0.3570913076400757,0.932950896581584,77.7260299157943,1.7366528511047363,0.0886071175336837,0.3570913076400757,0.2765226662158966,-0.6245263814926147,-0.5687915086746216,-0.4582339823246002,5,0.4278375708732123,0.0670821778979828,0.9062640520954288,1.0,0,0,0.0483797647664549,0.2957748567290341,127,217,thymio-09
161,1788221064.02285,1.67953622341156,0.2945259213447571,1.023635428848829,77.36592378776781,1.67953622341156,0.0889704599976539,0.2945259213447571,0.2339147925376892,-0.6559115648269653,-0.5919269323348999,-0.4058156907558441,5,0.397736895330006,0.0868053746928398,0.9703196328278736,1.0,0,0,0.1058779919415279,0.0807084371656051,364,388,thymio-09
162,1788221064.63077,1.67953622341156,0.2945259213447571,1.023635428848829,77.26592378776782,1.67953622341156,0.0889704599976539,0.2945259213447571,0.2339147925376892,-0.6559115648269653,-0.5919269323348999,-0.4058156907558441,5,0.397736895330006,0.0868053746928398,0.9703196328278736,1.0,0,0,0.0693099102103475,0.2018048061125689,216,277,thymio-09
163,1788221065.2384446,1.6103906631469729,0.2430795431137085,1.0432487242573734,76.83336080053795,1.6103906631469729,0.089837945997715,0.2430795431137085,0.1876855343580246,-0.6827549934387207,-0.601413369178772,-0.3700295388698578,5,0.3731548973712093,0.0814066605194421,1.0,1.0,0,0,0.1023468555026093,0.0196341728130416,361,367,thymio-09
164,1788221065.8469567,1.5557219982147217,0.2105422765016555,1.0712316794606869,76.52830650315744,1.5557219982147217,0.0904102101922035,0.2105422765016555,0.1506176441907882,-0.7021147608757019,-0.6140241026878357,-0.3276028931140899,5,0.3495009911579345,0.0720088771450078,1.0,1.0,0,0,0.0781814918273836,0.0929430172698771,264,292,thymio-09
165,1788221066.45499,1.5557219982147217,0.2105422765016555,1.0712316794606869,76.42830650315744,1.5557219982147217,0.0904102101922035,0.2105422765016555,0.1506176441907882,-0.7021147608757019,-0.6140241026878357,-0.3276028931140899,5,0.3495009911579345,0.0720088771450078,1.0,1.0,0,0,0.0722296547047323,0.1598959553425226,232,281,thymio-09
166,1788221067.0633812,1.4593074321746826,0.1565259993076324,1.0929020335706472,75.82926994807201,1.4593074321746826,0.0899959132075309,0.1565259993076324,0.1419139057397842,-0.7099833488464355,-0.6162899136543274,-0.3097915649414062,5,0.3131654879940972,0.031773165246669,1.0,1.0,0,0,0.0702311054326034,0.1284109003220137,230,269,thymio-09
167,1788221067.6708574,1.405305027961731,0.1339658051729202,1.126055638879313,75.50194086013333,1.405305027961731,0.0900139957666397,0.1339658051729202,0.1145812198519706,-0.7257400155067444,-0.6237226724624634,-0.2667259871959686,5,0.2910441366240581,0.0229963298865396,1.0,1.0,0,0,0.051734893551776,0.200770191087819,154,214,thymio-09
168,1788221068.2782695,1.405305027961731,0.1339658051729202,1.126055638879313,75.40194086013334,1.405305027961731,0.0900139957666397,0.1339658051729202,0.1145812198519706,-0.7257400155067444,-0.6237226724624634,-0.2667259871959686,5,0.2910441366240581,0.0229963298865396,1.0,1.0,0,0,0.0518761595132034,0.2206881147642227,151,218,thymio-09
169,1788221068.8873053,1.3619766235351562,0.1197953224182128,1.1127324517992694,75.14164952530282,1.3619766235351562,0.0905276983976364,0.1197953224182128,0.0924115478992462,-0.732982873916626,-0.6238795518875122,-0.2548933029174804,5,0.2717265157297981,0.0317535457085116,1.0,1.0,0,0,0.0326174178288887,0.2559089000730303,77,155,thymio-09
170,1788221069.4948769,1.2900081872940063,0.1126561164855957,1.1186535507130664,74.70838168824635,1.2900081872940063,0.0908751338720321,0.1126561164855957,0.0114244101569056,-0.7508495450019836,-0.6389156579971313,-0.1669769883155822,5,0.2178698634748468,0.0536016372856376,1.0,1.0,0,0,0.0043355802180851,0.3257764979580193,-34,65,thymio-09
171,1788221070.1028318,1.2740488052368164,0.11526420712471,1.1252802968781292,74.60838168824635,1.2740488052368164,0.0905783399939537,0.11526420712471,-0.0204852856695652,-0.7581033706665039,-0.6391924619674683,-0.1276430338621139,5,0.1947383008422349,0.051962378818068,1.0,1.0,0,0,0.0010844526964696,0.3419567761889307,-48,55,thymio-09
172,1788221070.7107542,1.2740488052368164,0.11526420712471,1.1252802968781292,74.50838168824636,1.2740488052368164,0.0905783399939537,0.11526420712471,-0.0204852856695652,-0.7581033706665039,-0.6391924619674683,-0.1276430338621139,5,0.1947383008422349,0.051962378818068,1.0,1.0,0,0,0.003679819545505,0.3287238083805414,-37,63,thymio-09
173,1788221071.3189104,1.2672998905181885,0.1222324892878532,1.99723929061577,74.40838168824637,1.2672998905181885,0.0870291963219642,0.1222324892878532,-0.2555397748947143,0.6120715737342834,-0.7169619202613831,0.2145542949438095,5,1.0,0.0503836590643287,0.1459592721173372,1.0,0,0,0.1739221878245768,-0.3833799302316613,500,500,thymio-09
174,1788221071.9267054,1.2532676458358765,0.1377032101154327,1.1434614069549929,74.30838168824637,1.2532676458358765,0.0896154418587684,0.1377032101154327,-0.1807273477315902,-0.7626342177391052,-0.6147950291633606,0.088055819272995,5,0.0933917795948791,0.0982619620801323,1.0,1.0,0,0,-0.0133828603728171,0.2417799823620113,-84,-11,thymio-09
175,1788221072.535118,1.2532676458358765,0.1377032101154327,1.1434614069549929,74.20838168824638,1.2532676458358765,0.0896154418587684,0.1377032101154327,-0.1807273477315902,-0.7626342177391052,-0.6147950291633606,0.088055819272995,5,0.0933917795948791,0.0982619620801323,1.0,1.0,0,0,0.0306633558304218,0.3052013417527026,63,155,thymio-09
176,1788221073.1431365,1.205081820487976,0.1694992929697036,1.129409189199409,73.9379945887031,1.205081820487976,0.0911693349480629,0.1694992929697036,-0.2059606462717056,-0.7662928104400635,-0.596988320350647,0.1182387471199035,5,0.0223138425366669,0.1649027333992812,1.0,1.0,0,0,-0.0171685195258513,0.3654860622939564,-116,-6,thymio-09
177,1788221073.7520788,1.199977993965149,0.1832274049520492,1.079146728171958,73.83799458870311,1.199977993965149,0.0920609533786773,0.1832274049520492,-0.2648476064205169,-0.7551127672195435,-0.5735984444618225,0.1750582307577133,5,0.0048157158690009,0.2123295276601067,1.0,1.0,0,0,-0.0287587938156145,0.3841552596970251,-160,-44,thymio-09
178,1788221074.360392,1.199977993965149,0.1832274049520492,1.079146728171958,73.73799458870312,1.199977993965149,0.0920609533786773,0.1832274049520492,-0.2648476064205169,-0.7551127672195435,-0.5735984444618225,0.1750582307577133,5,0.0048157158690009,0.2123295276601067,1.0,1.0,0,0,-0.0301274777430786,0.3778740294333243,-164,-50,thymio-09
179,1788221074.9686728,1.2247025966644287,0.1695526391267776,0.9332998561814464,73.63799458870312,1.2247025966644287,0.0911038070917129,0.1695526391267776,-0.3843941390514374,-0.6965758204460144,-0.5083260536193848,0.3295873701572418,5,0.0450672018250812,0.1856883879513164,1.0,1.0,0,0,-0.0380756098723026,0.4865007384089607,-209,-62,thymio-09
180,1788221075.5772586,1.2376749515533447,0.1448323428630828,0.7356436001187907,73.53799458870313,1.2376749515533447,0.0904425382614135,0.1448323428630828,0.4400647580623626,0.647083044052124,0.46955606341362,-0.4088321924209595,5,0.0894109630642978,0.2099102027851553,1.0,1.0,0,0,-0.0295420429819236,0.582324728254253,-193,-17,thymio-09
181,1788221076.1853626,1.2459466457366943,0.1183578222990036,-0.1253428113538639,73.43799458870313,1.2459466457366943,0.0907918214797973,0.1183578222990036,0.4920569956302643,0.5891925692558289,0.404634565114975,-0.4969939589500427,5,1.0,1.0,0.2379026122774579,0.137968829357866,0,0,0.1076767480758804,-0.1979629001714441,412,353,thymio-09
182,1788221076.793851,1.2709972858428955,0.1309069246053695,-2.921341095149809,73.33799458870314,1.2709972858428955,0.0919586345553398,0.1309069246053695,-0.701797366142273,0.5301640629768372,-0.2943931221961975,-0.3738170564174652,5,1.0,0.1853949503768808,1.0,0.2412518327790938,0,0,-0.0079399987748092,0.6112585583281133,-121,64,thymio-09
183,1788221077.4012554,1.2709972858428955,0.1309069246053695,-2.921341095149809,73.23799458870315,1.2709972858428955,0.0919586345553398,0.1309069246053695,-0.701797366142273,0.5301640629768372,-0.2943931221961975,-0.3738170564174652,5,1.0,0.1853949503768808,1.0,0.2412518327790938,0,0,0.0354267092694444,0.6239529461214864,32,220,thymio-09
184,1788221078.0086346,1.282670497894287,0.140829399228096,-1.440886262821069,73.13799458870315,1.282670497894287,0.0916912779211998,0.140829399228096,-0.5852698683738708,-0.4383027553558349,-0.2519553005695343,0.6339309811592102,5,0.2212018342223514,1.0,1.0,0.2193406323049833,0,0,-0.0811003811838094,0.6088908028799226,-380,-196,thymio-09
185,1788221078.6161911,1.282670497894287,0.140829399228096,-1.440886262821069,73.03799458870316,1.282670497894287,0.0916912779211998,0.140829399228096,-0.5852698683738708,-0.4383027553558349,-0.2519553005695343,0.6339309811592102,5,0.2212018342223514,1.0,1.0,0.2193406323049833,0,0,-0.0429601441816543,0.5584575118089076,-237,-68,thymio-09
186,1788221079.2256382,1.2789695262908936,0.1272501945495605,-1.6068498074074995,72.93799458870316,1.2789695262908936,0.0906827598810195,0.1272501945495605,-0.6302298307418823,-0.2826287448406219,-0.1287603378295898,0.7115842700004578,5,0.2001719041348786,0.2749673894856779,1.0,1.0,0,0,-0.0297508355004911,0.5872088937416897,-194,-17,thymio-09
187,1788221079.8339236,1.2260881662368774,0.0955878421664238,-1.6294497641724357,72.61337779693176,1.2260881662368774,0.0909834578633308,0.0955878421664238,-0.6434515714645386,-0.1017258763313293,0.0365825220942497,0.7578151822090149,5,0.1657039020200517,0.3083644759211377,1.0,1.0,0,0,0.0406857045848289,0.5720409601004788,58,231,thymio-09
188,1788221080.4416015,1.2045392990112305,0.089398868381977,-1.633566377779794,72.48520374423121,1.2045392990112305,0.0912792235612869,0.089398868381977,-0.6308989524841309,0.0155828576534986,0.1306245774030685,0.7646312117576599,5,0.1265450113701562,0.3285483192001432,1.0,1.0,0,0,0.0059995795713191,0.5840251866944248,-67,110,thymio-09
189,1788221081.0492322,1.2045392990112305,0.089398868381977,-1.633566377779794,72.38520374423122,1.2045392990112305,0.0912792235612869,0.089398868381977,-0.6308989524841309,0.0155828576534986,0.1306245774030685,0.7646312117576599,5,0.1265450113701562,0.3285483192001432,1.0,1.0,0,0,0.0273360958993291,0.571823267227899,11,183,thymio-09
190,1788221081.6571198,1.2137404680252075,0.0740841105580329,-1.6125866379268552,72.28520374423123,1.2137404680252075,0.0913914144039154,0.0740841105580329,-0.6056323647499084,0.1211450397968292,0.2178134471178054,0.7557054758071899,5,0.0219110149650427,0.3992968299869923,1.0,1.0,0,0,0.0120338506557412,0.5764554551712707,-44,130,thymio-09
191,1788221082.2652185,1.2085295915603638,0.0646066069602966,-1.648082104543398,72.18520374423123,1.2085295915603638,0.0896210446953773,0.0646066069602966,-0.5744456648826599,0.2531865537166595,0.2847941517829895,0.7244315147399902,5,-0.099895915865381,0.4727119275798921,1.0,1.0,0,0,0.008785651600505,0.5756713418784352,-56,118,thymio-09
192,1788221082.8733015,1.2085295915603638,0.0646066069602966,-1.648082104543398,72.08520374423124,1.2085295915603638,0.0896210446953773,0.0646066069602966,-0.5744456648826599,0.2531865537166595,0.2847941517829895,0.7244315147399902,5,-0.099895915865381,0.4727119275798921,1.0,1.0,0,0,0.0159502863893695,0.5664140689700659,-29,142,thymio-09
193,1788221083.4814005,1.2092710733413696,0.0652639269828796,-1.6349658000785974,71.98520374423124,1.2092710733413696,0.08955629914999,0.0652639269828796,-0.5590272545814514,0.2894103825092315,0.3102586567401886,0.7123692035675049,5,-0.1073568792404621,0.5040688161668485,1.0,1.0,0,0,0.0109673284990679,0.5672644948614051,-47,125,thymio-09
194,1788221084.0893512,1.2102086544036863,0.0655753314495086,-1.4078856151552364,71.88520374423125,1.2102086544036863,0.090698666870594,0.0655753314495086,-0.504359781742096,0.3520386517047882,0.399624615907669,0.6796985268592834,5,-0.159810591126727,1.0,1.0,0.5569637077461163,0,0,-0.0910653908697634,0.6265318354047875,-418,-229,thymio-09
195,1788221084.696731,1.2109321355819702,0.0656245127320289,-1.2567417846264015,71.78520374423125,1.2109321355819702,0.0912795513868331,0.0656245127320289,-0.4762443304061889,0.3961502611637115,0.4362324476242065,0.6526543498039246,5,1.0,1.0,-0.2000250796260648,0.5837553295608271,0,0,0.0950661379098024,0.6022551441145353,247,429,thymio-09
196,1788221085.3043537,1.2109321355819702,0.0656245127320289,-1.2567417846264015,71.68520374423126,1.2109321355819702,0.0912795513868331,0.0656245127320289,-0.4762443304061889,0.3961502611637115,0.4362324476242065,0.6526543498039246,5,1.0,1.0,-0.2000250796260648,0.5837553295608271,0,0,0.1413774680726289,0.6226908975883881,408,500,thymio-09
197,1788221085.9126685,1.1967558860778809,0.0945564731955528,-0.5520253097446481,71.5836307361372,1.1967558860778809,0.0891574472188949,0.0945564731955528,-0.3857966959476471,0.4849571287631988,0.479523628950119,0.6213168501853943,5,1.0,1.0,-0.205144160140554,0.5767004711525499,0,0,0.0557545420798415,0.5505889001598705,115,281,thymio-09
1,1788220966.6454103,-0.1987950205802917,1.3048832416534424,-1.0655917573311178,100.0,-0.1987950205802917,0.1195019036531448,1.3048832416534424,-0.3744346797466278,0.3394222557544708,0.4296854734420776,0.7483058571815491,5,1.0,1.0,1.0,1.0,0,0,-0.0363299816124937,0.5932557253612516,-219,-39,thymio-11
2,1788220967.2485576,2.837076425552368,-0.2383030205965042,0.1360619048909326,100.0,2.837076425552368,0.0862757563591003,-0.2383030205965042,0.4788143634796142,0.6845415234565735,0.3301742374897003,-0.4394595921039581,5,-0.6256038552073468,-0.7311988965624767,-0.7802366772480374,1.0,0,0,0.0150597165470387,0.3188403688364473,5,102,thymio-11
3,1788220967.855927,2.834219217300415,-0.2514341175556183,-0.2342467120718829,99.9,2.834219217300415,0.0869634374976158,-0.2514341175556183,0.5127995014190674,0.6507161259651184,0.2876108884811401,-0.4805051684379577,5,-0.7737893837456034,-0.7407287173621062,-0.5496573711103936,1.0,0,0,0.0203257638158854,0.5188170920366157,-6,151,thymio-11
4,1788220968.4641328,2.833712577819824,-0.2616346776485443,-0.8601145126062053,99.8,2.833712577819824,0.0863901674747467,-0.2616346776485443,0.5538154244422913,0.5688718557357788,0.2134925723075866,-0.5692927241325378,5,-0.7612212758930393,1.0,-0.758771705608287,1.0,1527,0,-0.015994523545499,0.0678298494195563,-67,-47,thymio-11
5,1788220969.0723166,2.833712577819824,-0.2616346776485443,-0.8601145126062053,99.70000000000002,2.833712577819824,0.0863901674747467,-0.2616346776485443,0.5538154244422913,0.5688718557357788,0.2134925723075866,-0.5692927241325378,5,-0.7612212758930393,1.0,-0.758771705608287,1.0,1278,0,-0.015994523545499,0.5500874123113852,-140,26,thymio-11
6,1788220969.6804056,2.838942766189575,-0.2609375417232513,-1.2866398126971652,99.60000000000002,2.838942766189575,0.0863492414355278,-0.2609375417232513,0.5769101977348328,0.4311576187610626,0.0887241885066032,-0.6880449652671814,5,-0.7691846833357817,1.0,-0.7911256398498366,-0.6703777774306826,0,0,-0.0099837463901828,0.4574869535703578,-105,34,thymio-11
7,1788220970.288497,2.817645072937012,-0.2716647684574127,-1.43079148379736,99.4714113661904,2.817645072937012,0.0859788432717323,-0.2716647684574127,0.5916968584060669,0.2878740429878235,-0.0116615276783704,-0.7529192566871643,5,-0.7555994541822674,1.0,-0.7615526138048774,-0.6085260664617627,0,0,-0.0159279246252196,0.5959900836536279,-147,33,thymio-11
8,1788220970.8959594,2.817645072937012,-0.2716647684574127,-1.43079148379736,99.37141136619042,2.817645072937012,0.0859788432717323,-0.2716647684574127,0.5916968584060669,0.2878740429878235,-0.0116615276783704,-0.7529192566871643,5,-0.7555994541822674,1.0,-0.7615526138048774,-0.6085260664617627,0,0,-0.0159279246252196,0.6081735284406817,-148,35,thymio-11
9,1788220971.5042586,2.796257972717285,-0.2729580104351043,-1.3998836740551532,99.2447995829408,2.796257972717285,0.0868575498461723,-0.2729580104351043,0.5499016046524048,0.0910415574908256,-0.199541836977005,-0.8059173822402954,5,-0.7430974771391681,1.0,-0.7349186912971271,-0.5545528981194453,0,0,-0.0196374070950272,0.6117161035782737,-162,23,thymio-11
10,1788220972.1123648,2.771771192550659,-0.2561691701412201,-1.3378515750488975,99.09452152471596,2.771771192550659,0.0867655426263809,-0.2561691701412201,0.4721037745475769,-0.1919361352920532,-0.3510126769542694,-0.7855371236801147,5,-0.7341257146797232,1.0,-0.7082741629689273,-0.575929374431333,0,0,-0.0214407313493756,0.6051223223782566,-168,15,thymio-11
11,1788220972.719826,2.771771192550659,-0.2561691701412201,-1.3378515750488975,98.99452152471596,2.771771192550659,0.0867655426263809,-0.2561691701412201,0.4721037745475769,-0.1919361352920532,-0.3510126769542694,-0.7855371236801147,5,-0.7341257146797232,1.0,-0.7082741629689273,-0.575929374431333,0,0,-0.0214407313493756,0.613125619208426,-169,16,thymio-11
12,1788220973.3275938,2.7625279426574707,-0.237612709403038,-1.1005794567617992,98.89452152471596,2.7625279426574707,0.0873292461037635,-0.237612709403038,0.385049432516098,-0.3692828118801117,-0.4227216839790344,-0.7325800657272339,5,-0.7349240185621857,1.0,-0.7006718443875108,1.0,0,0,-0.0212802722690006,0.1214574383215818,-94,-57,thymio-11
13,1788220973.935704,2.7681260108947754,-0.2031179666519165,0.3497803714148082,98.79452152471598,2.7681260108947754,0.0873078629374504,-0.2031179666519165,0.2218824326992035,-0.585802435874939,-0.5282353162765503,-0.5732111930847168,5,1.0,-0.7048152526258771,-0.7448583747281055,1.0,0,0,-0.0192834666796508,-0.1455572735587323,-47,-90,thymio-11
14,1788220974.5435753,2.7681260108947754,-0.2031179666519165,0.3497803714148082,98.69452152471598,2.7681260108947754,0.0873078629374504,-0.2031179666519165,0.2218824326992035,-0.585802435874939,-0.5282353162765503,-0.5732111930847168,5,1.0,-0.7048152526258771,-0.7448583747281055,1.0,0,0,-0.0192834666796508,0.1104305350223379,-85,-52,thymio-11
15,1788220975.1520026,2.778000831604004,-0.1901371926069259,0.4977178212281594,98.594521524716,2.778000831604004,0.0872296839952468,-0.1901371926069259,0.1923900842666626,-0.6108912825584412,-0.5445616841316223,-0.5415260791778564,5,1.0,-0.7247956920963152,-0.754535428415108,1.0,0,0,-0.0173383788885632,0.0778651419871833,-73,-50,thymio-11
16,1788220975.7596228,2.7924976348876958,-0.1740889400243759,0.3785838184637895,98.494521524716,2.7924976348876958,0.0875333398580551,-0.1740889400243759,0.2071551531553268,-0.5891860723495483,-0.5385151505470276,-0.5656394362449646,5,1.0,-0.747332035678443,-0.7757169484455345,1.0,0,0,0.0130808933624475,0.2823264614643638,4,89,thymio-11
17,1788220976.3672366,2.8060247898101807,-0.1576626002788543,0.5029680858572005,98.394521524716,2.8060247898101807,0.0871700793504715,-0.1576626002788543,0.1830832511186599,-0.615246057510376,-0.5448185205459595,-0.5395606756210327,5,1.0,-0.7634366112891349,-0.7923007236627946,1.0,0,0,0.0097475545437782,0.2774330440282952,-7,77,thymio-11
18,1788220976.9768603,2.8060247898101807,-0.1576626002788543,0.5029680858572005,98.294521524716,2.8060247898101807,0.0871700793504715,-0.1576626002788543,0.1830832511186599,-0.615246057510376,-0.5448185205459595,-0.5395606756210327,5,1.0,-0.7634366112891349,-0.7923007236627946,1.0,0,0,0.0097475545437782,0.3646119478485097,-20,90,thymio-11
19,1788220977.5842187,2.797158479690552,-0.1613872200250625,0.7050895028915147,98.194521524716,2.797158479690552,0.0876340717077255,-0.1613872200250625,0.1051647216081619,-0.672419011592865,-0.5720600485801697,-0.4577559530735016,5,1.0,-0.7561994933328435,-0.7774152235844878,1.0,0,0,0.0127395400595179,0.1991453889640397,15,75,thymio-11
20,1788220978.19294,2.79056453704834,-0.1609711796045303,0.8364920799897644,98.094521524716,2.79056453704834,0.0882768854498863,-0.1609711796045303,0.0076211746782064,-0.7408636808395386,-0.5765014290809631,-0.344541847705841,5,1.0,-0.3570706133640127,-0.7656550071404137,-0.7684741867589298,0,0,0.0468080151548922,0.1720860586483962,140,192,thymio-11
21,1788220978.801335,2.774242877960205,-0.1608085930347442,0.8917503251219596,97.98763754698363,2.774242877960205,0.0882799625396728,-0.1608085930347442,-0.0439891442656517,-0.775973379611969,-0.569132387638092,-0.2683630287647247,5,1.0,-0.2846159374994896,-0.7447444734271172,-0.7815062709302882,0,0,0.0441558606730988,0.003992810019126,156,157,thymio-11
22,1788220979.409812,2.774242877960205,-0.1608085930347442,0.8917503251219596,97.88763754698364,2.774242877960205,0.0882799625396728,-0.1608085930347442,-0.0439891442656517,-0.775973379611969,-0.569132387638092,-0.2683630287647247,5,1.0,-0.2846159374994896,-0.7447444734271172,-0.7815062709302882,0,0,0.04010917845433,0.5274577337443971,63,222,thymio-11
23,1788220980.017426,2.74672532081604,-0.1597304046154022,0.8893884810950512,97.72441098563522,2.74672532081604,0.0887132138013839,-0.1597304046154022,-0.0663749352097511,-0.7807760238647461,-0.570566713809967,-0.2458390593528747,5,1.0,-0.782443043351542,-0.7159758914671859,1.0,0,0,0.0184403212590421,-0.1959969961588182,95,36,thymio-11
24,1788220980.6257708,2.7035789489746094,-0.152342289686203,0.9366849055672296,97.49064961954532,2.7035789489746094,0.0890485718846321,-0.152342289686203,-0.1191699430346489,-0.8018693327903748,-0.5666102766990662,-0.1475024968385696,5,1.0,-0.7658317460583707,-0.6724331348430925,1.0,0,0,0.0375359501260886,-0.1213317541904541,152,115,thymio-11
25,1788220981.2331028,2.7035789489746094,-0.152342289686203,0.9366849055672296,97.39064961954531,2.7035789489746094,0.0890485718846321,-0.152342289686203,-0.1191699430346489,-0.8018693327903748,-0.5666102766990662,-0.1475024968385696,5,1.0,-0.7658317460583707,-0.6724331348430925,1.0,0,0,0.0150678190422674,-0.0750788887820128,65,42,thymio-11
26,1788220981.8418758,2.676053285598755,-0.1448184251785278,0.8996003742418468,97.2263858646058,2.676053285598755,0.0890562608838081,-0.1448184251785278,-0.1152533143758773,-0.7916091084480286,-0.572069525718689,-0.1811307221651077,5,1.0,-0.7340864924591368,-0.6374210347033153,1.0,0,0,0.0214486150157135,-0.0434976265891074,83,70,thymio-11
27,1788220982.449801,2.6412956714630127,-0.1416587382555008,0.8949118663821869,97.01957142993062,2.6412956714630127,0.0898344293236732,-0.1416587382555008,-0.0699921697378158,-0.7833200693130493,-0.569858729839325,-0.2382687777280807,5,1.0,-0.6830996102539664,-0.5881713624198912,1.0,0,0,0.0316969783389527,-0.0092989169745678,114,111,thymio-11
28,1788220983.0592034,2.6412956714630127,-0.1416587382555008,0.8949118663821869,96.91957142993064,2.6412956714630127,0.0898344293236732,-0.1416587382555008,-0.0699921697378158,-0.7833200693130493,-0.569858729839325,-0.2382687777280807,5,1.0,-0.6830996102539664,-0.5881713624198912,1.0,0,0,0.0316969783389527,-0.0177335357572495,115,110,thymio-11
29,1788220983.6671174,2.629180669784546,-0.1413794010877609,0.8877302591843002,96.81957142993063,2.629180669784546,0.089787408709526,-0.1413794010877609,-0.0672038123011589,-0.7799221277236938,-0.571661114692688,-0.2457819730043411,5,1.0,-0.6597731784032479,-0.5696034881612264,1.0,0,0,0.0363855911409471,0.002154150058965,129,130,thymio-11
30,1788220984.275303,2.5835652351379395,-0.1382537186145782,0.9009540094768678,96.54719636395605,2.5835652351379395,0.0902263149619102,-0.1382537186145782,-0.0600094720721244,-0.7828729152679443,-0.5685620307922363,-0.2454510331153869,5,1.0,-0.5926392486133818,-0.5562082211801367,1.0,0,0,0.0498795110287102,-0.044726233374273,184,170,thymio-11
31,1788220984.8829815,2.5835652351379395,-0.1382537186145782,0.9009540094768678,96.44719636395604,2.5835652351379395,0.0902263149619102,-0.1382537186145782,-0.0600094720721244,-0.7828729152679443,-0.5685620307922363,-0.2454510331153869,5,1.0,-0.5926392486133818,-0.5562082211801367,1.0,0,0,0.0498795110287102,-0.0317885397767121,182,172,thymio-11
32,1788220985.4906614,2.553138256072998,-0.1360590308904647,0.8903548836630746,96.2664715415567,2.553138256072998,0.0906905457377433,-0.1360590308904647,-0.0631403550505638,-0.7786810398101807,-0.5728132128715515,-0.248101070523262,5,1.0,-0.5656631503225343,-0.5440845540783859,1.0,0,0,0.05,-0.0395474142872694,184,172,thymio-11
33,1788220986.0986545,2.482939481735229,-0.1348931044340133,0.8923931161494121,95.79835011556594,2.482939481735229,0.0909792557358741,-0.1348931044340133,-0.0418679378926754,-0.7735002636909485,-0.572262704372406,-0.2691836059093475,5,1.0,-0.4847231983696748,-0.507420371678977,1.0,0,0,0.1329724904542986,-0.0062253154652736,473,472,thymio-11
34,1788220986.7065072,2.482939481735229,-0.1348931044340133,0.8923931161494121,95.69835011556594,2.482939481735229,0.0909792557358741,-0.1348931044340133,-0.0418679378926754,-0.7735002636909485,-0.572262704372406,-0.2691836059093475,5,1.0,-0.4847231983696748,-0.507420371678977,1.0,0,0,0.1364761111518341,-0.0162201544863159,487,482,thymio-11
35,1788220987.3140943,2.4616236686706543,-0.1350778490304947,0.8785890972598818,95.55852607446292,2.4616236686706543,0.0911123529076576,-0.1350778490304947,-0.0401582717895507,-0.7670593857765198,-0.5766918063163757,-0.2782695889472961,5,1.0,-0.431588051620513,-0.4942030610746751,1.0,0,0,0.1338487987276111,0.0137799859282326,473,478,thymio-11
36,1788220987.9223669,2.297738790512085,-0.1417136341333389,0.8891564547127384,94.53911885229196,2.297738790512085,0.091601088643074,-0.1417136341333389,-0.0531555600464344,-0.7763609886169434,-0.5718062520027161,-0.259761244058609,5,1.0,-0.2415202805708861,-0.3721959448520038,1.0,0,0,0.0829441813865629,0.3755498623848982,238,351,thymio-11
37,1788220988.53,2.20904803276062,-0.1376418173313141,0.8944192731899427,94.001616576758,2.20904803276062,0.0921845138072967,-0.1376418173313141,-0.055424403399229,-0.7794236540794373,-0.5698091983795166,-0.2544493079185486,5,1.0,-0.1764311257138883,-0.2997026218177843,1.0,0,0,0.1327192819650041,0.3808343837311182,414,500,thymio-11
38,1788220989.138233,2.151371717453003,-0.1270657628774643,0.9068269002996407,93.65494009364244,2.151371717453003,0.0928296893835067,-0.1270657628774643,-0.1149636656045913,-0.7995797395706177,-0.5621592402458191,-0.1772921681404113,5,1.0,-0.1487935741264076,-0.252950494360699,1.0,0,0,0.1186073451919224,0.4186711156043179,358,485,thymio-11
39,1788220989.746111,2.151371717453003,-0.1270657628774643,0.9068269002996407,93.55494009364244,2.151371717453003,0.0928296893835067,-0.1270657628774643,-0.1149636656045913,-0.7995797395706177,-0.5621592402458191,-0.1772921681404113,5,1.0,-0.1487935741264076,-0.252950494360699,1.0,0,0,0.1062351394965161,0.504806768233269,301,454,thymio-11
40,1788220990.3542678,2.044160842895508,-0.0882507562637329,0.9095445695761102,92.82430282999152,2.044160842895508,0.0936749354004859,-0.0882507562637329,-0.1655661761760711,-0.8111543655395508,-0.5508136749267578,-0.1059279590845108,5,1.0,-0.160321219259533,1.0,1.0,0,0,0.1298010573720223,0.512226738936937,384,500,thymio-11
41,1788220990.962452,1.9282965660095213,-0.0048612551763653,0.8814668175365554,92.15462414905666,1.9282965660095213,0.0948232635855674,-0.0048612551763653,-0.2616007328033447,-0.8166848421096802,-0.5129475593566895,0.038416787981987,5,1.0,-0.0468377731449197,1.0,1.0,0,0,0.0445480887467717,0.4892565836113589,84,232,thymio-11
42,1788220991.5708168,1.9282965660095213,-0.0048612551763653,0.8814668175365554,92.05462414905666,1.9282965660095213,0.0948232635855674,-0.0048612551763653,-0.2616007328033447,-0.8166848421096802,-0.5129475593566895,0.038416787981987,5,1.0,-0.0468377731449197,1.0,1.0,0,0,0.0958599417499085,0.5150398670543762,263,418,thymio-11
43,1788220992.179244,1.8885859251022337,0.0433563068509101,0.8438929342924664,91.7953366849866,1.8885859251022337,0.0954851880669593,0.0433563068509101,-0.3076463639736175,-0.8114514946937561,-0.4839588403701782,0.1126238480210304,5,1.0,-0.0061746904244038,1.0,1.0,0,0,0.0789128716806836,0.589640265825019,191,369,thymio-11
44,1788220992.787081,1.8656364679336548,0.113234743475914,0.6895479024871656,91.60884194058356,1.8656364679336548,0.096204899251461,0.113234743475914,-0.3941212594509125,-0.7741049528121948,-0.418992668390274,0.2643391788005829,5,1.0,0.1209366990850446,0.0225385677621248,1.0,0,0,0.1171388320946958,0.6033413231739078,325,500,thymio-11
45,1788220993.3957183,1.87181293964386,0.1871206909418106,0.227385728417691,91.50884194058357,1.87181293964386,0.0971669927239418,0.1871206909418106,-0.4742020666599273,-0.7046310305595398,-0.3314762413501739,0.4107932150363922,5,1.0,1.0,0.0239454746558172,1.0,0,0,0.0573772980684311,-0.1900877082802315,233,175,thymio-11
46,1788220994.0046124,1.888256788253784,0.2405549436807632,-0.01691604044067,91.40884194058356,1.888256788253784,0.0973567515611648,0.2405549436807632,-0.4939814805984497,-0.6776701807975769,-0.3017312288284302,0.4535457193851471,5,1.0,1.0,0.0115273661475157,1.0,0,0,0.158625754949345,0.0664158043716072,500,500,thymio-11
47,1788220994.613175,1.888256788253784,0.2405549436807632,-0.01691604044067,91.30884194058356,1.888256788253784,0.0973567515611648,0.2405549436807632,-0.4939814805984497,-0.6776701807975769,-0.3017312288284302,0.4535457193851471,5,1.0,1.0,0.0115273661475157,1.0,0,0,0.1500600374041273,0.2186971043116956,500,500,thymio-11
48,1788220995.2208133,1.907673001289368,0.3282481431961059,0.2227757759395543,91.20884194058355,1.907673001289368,0.0972824469208717,0.3282481431961059,-0.476969301700592,-0.7052297592163086,-0.3313672542572021,0.4066288471221924,5,1.0,1.0,0.0001798647260551,1.0,0,0,0.1435143158504716,0.1867842578722743,482,500,thymio-11
49,1788220995.829247,1.9366971254348757,0.459616094827652,0.1605476895799795,91.10884194058356,1.9366971254348757,0.0978128314018249,0.459616094827652,-0.4817371368408203,-0.6967071890830994,-0.3240488171577453,0.4213321208953857,5,1.0,1.0,0.0040926395425879,1.0,0,0,0.1337674369902157,0.225632435018517,441,500,thymio-11
50,1788220996.4382014,1.9366971254348757,0.459616094827652,0.1605476895799795,91.00884194058358,1.9366971254348757,0.0978128314018249,0.459616094827652,-0.4817371368408203,-0.6967071890830994,-0.3240488171577453,0.4213321208953857,5,1.0,1.0,0.0040926395425879,1.0,0,0,0.1305724965885434,0.2584070752667329,425,500,thymio-11
51,1788220997.0459266,1.940012097358704,0.4742130637168884,0.1639494251582465,90.9088419405836,1.940012097358704,0.09794282913208,0.4742130637168884,-0.4809326231479645,-0.6997895240783691,-0.3206740617752075,0.4197220802307129,5,1.0,1.0,0.0072047230767104,1.0,0,0,0.1282011125955983,0.2795080381613996,413,498,thymio-11
52,1788220997.6488504,2.0066909790039062,0.6807928085327148,-0.1902400776270063,90.9088419405836,2.0066909790039062,0.100301370024681,0.6807928085327148,-0.5038291811943054,-0.6584098935127258,-0.2849767208099365,0.4810831546783447,5,1.0,1.0,0.0507598566645317,1.0,0,0,0.1221459170680354,0.391142969394125,375,493,thymio-11
53,1788220998.2564387,2.0066909790039062,0.6807928085327148,-0.1902400776270063,90.8088419405836,2.0066909790039062,0.100301370024681,0.6807928085327148,-0.5038291811943054,-0.6584098935127258,-0.2849767208099365,0.4810831546783447,5,1.0,1.0,0.0507598566645317,1.0,0,0,0.1195987022880561,0.431054241579817,360,490,thymio-11
54,1788220998.8652186,2.0386128425598145,0.7481582760810852,-0.3410739857736509,90.7088419405836,2.0386128425598145,0.1003130972385406,0.7481582760810852,-0.5195719003677368,-0.6432387828826904,-0.2664029002189636,0.4952963292598724,5,1.0,1.0,0.0641493483549442,1.0,0,0,0.1082362124132281,0.4655981500144993,314,455,thymio-11
55,1788220999.4732983,2.1411831378936768,0.8739580512046814,-0.996786626290756,90.6088419405836,2.1411831378936768,0.1010771468281745,0.8739580512046814,-0.5564149022102356,-0.5418293476104736,-0.1724518090486526,0.6058744788169861,5,1.0,1.0,0.0697802393720157,1.0,0,0,0.1009456077223519,0.5692733975368792,273,445,thymio-11
56,1788221000.0809743,2.1411831378936768,0.8739580512046814,-0.996786626290756,90.5088419405836,2.1411831378936768,0.1010771468281745,0.8739580512046814,-0.5564149022102356,-0.5418293476104736,-0.1724518090486526,0.6058744788169861,5,1.0,1.0,0.0697802393720157,1.0,0,0,0.086002056887399,0.5608500196877325,221,390,thymio-11
57,1788221000.6896243,2.1894948482513428,0.9103058576583862,-1.1795378149008855,90.4088419405836,2.1894948482513428,0.1006757616996765,0.9103058576583862,-0.5669417381286621,-0.4885722398757934,-0.139561265707016,0.6483802199363708,5,1.0,1.0,0.0620528103783368,1.0,0,0,0.084269006759836,0.56716120947225,214,385,thymio-11
58,1788221001.2989998,2.3152997493743896,0.9400337338447572,-1.4283002225078634,90.30884194058362,2.3152997493743896,0.0999654233455658,0.9400337338447572,-0.58722984790802,-0.2572804391384125,0.046474851667881,0.766033947467804,5,0.4916009870676248,1.0,-0.0037200309452239,1.0,0,0,0.046723928520348,0.5356450318692448,85,247,thymio-11
59,1788221001.906677,2.366196632385254,0.9264249205589294,-1.4329569722759414,90.20884194058362,2.366196632385254,0.0994930937886238,0.9264249205589294,-0.5627109408378601,-0.1372040361166,0.1482760459184646,0.8015894889831543,5,0.3998075443973166,1.0,-0.0546023289920204,1.0,0,0,0.0696803107160729,0.5448098964209159,165,330,thymio-11
60,1788221002.5255082,2.366196632385254,0.9264249205589294,-1.4329569722759414,90.10884194058364,2.366196632385254,0.0994930937886238,0.9264249205589294,-0.5627109408378601,-0.1372040361166,0.1482760459184646,0.8015894889831543,5,0.3998075443973166,1.0,-0.0546023289920204,1.0,0,0,0.0717496505725288,0.5534221345755841,171,339,thymio-11
61,1788221003.1337135,2.3953702449798584,0.9014797806739808,-1.431486505068431,90.00884194058364,2.3953702449798584,0.0994165316224098,0.9014797806739808,-0.5298681259155273,0.0160422623157501,0.2430298328399658,0.8123540282249451,5,0.3202425770364745,1.0,-0.1411772763848088,1.0,0,0,0.0648234963980114,0.5441844371296332,148,312,thymio-11
62,1788221003.7421918,2.428405523300171,0.8479939699172974,-1.3209551370251111,89.90884194058364,2.428405523300171,0.0993443801999092,0.8479939699172974,-0.4655412137508392,0.1842027157545089,0.3532277047634125,0.7902980446815491,5,0.2297259589198885,1.0,-0.2016557919444519,1.0,0,0,0.0615693982838427,0.5269079803276773,139,298,thymio-11
63,1788221004.3505614,2.4323012828826904,0.7762002348899841,-0.8874974502196071,89.80884194058365,2.4323012828826904,0.0988882705569267,0.7762002348899841,-0.3531928956508636,0.3956730365753174,0.4577374160289764,0.7135643362998962,5,0.1709013309450322,1.0,-0.2523382692841946,1.0,0,0,0.0581093471109287,0.4565440592278096,138,275,thymio-11
64,1788221004.9580986,2.4323012828826904,0.7762002348899841,-0.8874974502196071,89.70884194058365,2.4323012828826904,0.0988882705569267,0.7762002348899841,-0.3531928956508636,0.3956730365753174,0.4577374160289764,0.7135643362998962,5,0.1709013309450322,1.0,-0.2523382692841946,1.0,0,0,0.0622071454996598,0.4767157043614548,149,293,thymio-11
65,1788221005.5670316,2.418567419052124,0.7428151369094849,-0.3050626485898933,89.60541541988108,2.418567419052124,0.0982405245304107,0.7428151369094849,-0.2880218625068664,0.4984955787658691,0.4944457113742828,0.651205837726593,5,1.0,-0.2787674023835323,0.1674930102570564,1.0,0,0,0.1150365049704639,0.5528724817959744,325,492,thymio-11
66,1788221006.175263,2.384526014328003,0.7019450664520264,0.4333933513936507,89.38390522477344,2.384526014328003,0.0978309661149978,0.7019450664520264,-0.1836123168468475,0.5995198488235474,0.550577700138092,0.5511141419410706,5,1.0,-0.3049428251924405,0.18581557889716,1.0,0,0,0.0954602077781251,0.1318217841485066,319,359,thymio-11
67,1788221006.7838795,2.303673028945923,0.6558138132095337,0.7356884276833866,88.88309119045739,2.303673028945923,0.0988207310438156,0.6558138132095337,-0.0814767107367515,0.6888368129730225,0.5731392502784729,0.4363220334053039,5,1.0,-0.3214522783193234,0.2650341223795365,1.0,0,0,0.1634613226316901,-0.2468779408518505,500,500,thymio-11
68,1788221007.3916254,2.303673028945923,0.6558138132095337,0.7356884276833866,88.7830911904574,2.303673028945923,0.0988207310438156,0.6558138132095337,-0.0814767107367515,0.6888368129730225,0.5731392502784729,0.4363220334053039,5,1.0,-0.3214522783193234,0.2650341223795365,1.0,0,0,0.1524432446049956,-0.1804695296312403,500,500,thymio-11
69,1788221008.0000825,2.255316257476806,0.6366851925849915,0.7620219527494374,88.49053715102139,2.255316257476806,0.0990019962191581,0.6366851925849915,-0.0690871700644493,0.6997920870780945,0.5738344788551331,0.4197998940944671,5,1.0,-0.32114862611591,0.315524142918768,1.0,0,0,0.1476137447483905,-0.1462393608821218,500,500,thymio-11
70,1788221008.6091406,2.139706611633301,0.5984918475151062,0.7872833415584215,87.84307298362117,2.139706611633301,0.0988927707076072,0.5984918475151062,-0.0544163323938846,0.7107568979263306,0.5758521556854248,0.4003221094608307,5,1.0,-0.3057305660583814,0.4343036124862318,1.0,0,0,0.1407312004955416,-0.1251936439297461,500,481,thymio-11
71,1788221009.2169707,2.0204243659973145,0.5644946694374084,0.7860882910796567,87.10781625102766,2.0204243659973145,0.0987777262926101,0.5644946694374084,-0.0574883520603179,0.710702121257782,0.5731931924819946,0.4037911295890808,5,1.0,-0.2625316316229602,0.5543991752583632,1.0,0,0,0.1352861471196396,-0.1096580052802364,497,464,thymio-11
72,1788221009.824644,2.0204243659973145,0.5644946694374084,0.7860882910796567,87.00781625102766,2.0204243659973145,0.0987777262926101,0.5644946694374084,-0.0574883520603179,0.710702121257782,0.5731931924819946,0.4037911295890808,5,1.0,-0.2625316316229602,0.5543991752583632,1.0,0,0,0.133929527936534,-0.1050154747243791,492,460,thymio-11
73,1788221010.4325037,1.898115992546081,0.5232368111610413,0.7709715418132608,86.17112294022658,1.898115992546081,0.0988490134477615,0.5232368111610413,-0.0689578130841255,0.7020410895347595,0.573637843132019,0.416320651769638,5,1.0,-0.2415482619820039,0.6813165100706569,1.0,0,0,0.1229248507900532,-0.0765880634396996,448,425,thymio-11
74,1788221011.040468,1.767290472984314,0.4707785546779632,0.7259608041440155,85.35658353445486,1.767290472984314,0.0990192219614982,0.4707785546779632,-0.0894735679030418,0.6834061145782471,0.5727899074554443,0.4436916410923004,5,1.0,-0.2205306530503841,0.8232745353871003,1.0,0,0,0.1120582477391748,-0.034349940382075,403,393,thymio-11
75,1788221011.647989,1.6741608381271362,0.4258698523044586,0.7061372333486449,84.83388761539368,1.6741608381271362,0.099532313644886,0.4258698523044586,-0.1020696684718132,0.6760084629058838,0.5683989524841309,0.4577303230762481,5,1.0,-0.2191435909776951,0.9286405590294148,1.0,0,0,0.1034224713712474,0.0087069429009352,366,369,thymio-11
76,1788221012.2558095,1.6741608381271362,0.4258698523044586,0.7061372333486449,84.73388761539368,1.6741608381271362,0.099532313644886,0.4258698523044586,-0.1020696684718132,0.6760084629058838,0.5683989524841309,0.4577303230762481,5,1.0,-0.2191435909776951,0.9286405590294148,1.0,0,0,0.1049074254603902,0.0320757719805735,368,378,thymio-11
77,1788221012.8634727,1.5904933214187622,0.3834823668003082,0.6942194548503671,84.26496959184223,1.5904933214187622,0.0999374166131019,0.3834823668003082,-0.1068277657032013,0.670705258846283,0.56956946849823,0.462961196899414,5,1.0,-0.221292715839721,1.0,1.0,0,0,0.0615494446746461,0.1205546494398267,200,237,thymio-11
78,1788221013.471722,1.5372679233551023,0.3559827804565429,0.7150338328143264,83.93974646196968,1.5372679233551023,0.1002253741025924,0.3559827804565429,-0.1017211377620697,0.6791348457336426,0.5665376782417297,0.4554819762706756,5,1.0,-0.2235445361105671,1.0,1.0,0,0,0.0805954521983668,0.1687844872687829,261,312,thymio-11
79,1788221014.0802157,1.4345052242279053,0.3150049746036529,0.7584411623361516,83.30614259012165,1.4345052242279053,0.100305438041687,0.3150049746036529,-0.0649608671665191,0.6988466382026672,0.577079713344574,0.4175794124603271,5,1.0,-0.2483891840720063,1.0,1.0,0,0,0.068470803714488,0.1946442222695372,214,273,thymio-11
80,1788221014.6890717,1.4345052242279053,0.3150049746036529,0.7584411623361516,83.20614259012166,1.4345052242279053,0.100305438041687,0.3150049746036529,-0.0649608671665191,0.6988466382026672,0.577079713344574,0.4175794124603271,5,1.0,-0.2483891840720063,1.0,1.0,0,0,0.0696413629178907,0.2546007789687661,209,286,thymio-11
81,1788221015.297543,1.3826963901519775,0.3004309237003326,0.8021209940602105,82.89422449096655,1.3826963901519775,0.100483626127243,0.3004309237003326,-0.0332311801612377,0.7221340537071228,0.577306866645813,0.3796510696411133,5,1.0,-0.2662586180652504,1.0,1.0,0,0,0.0670419461839038,0.299613615550594,193,283,thymio-11
82,1788221015.9066331,1.302400827407837,0.2931353449821472,0.865279016315025,82.40877708856256,1.302400827407837,0.100907914340496,0.2931353449821472,0.025420781224966,0.7581354379653931,0.5785647630691528,0.2997453212738037,5,1.0,-0.2950006705776949,1.0,1.0,0,0,0.0694081341116715,0.3261024309055549,197,296,thymio-11
83,1788221016.5144982,1.302400827407837,0.2931353449821472,0.865279016315025,82.30877708856256,1.302400827407837,0.100907914340496,0.2931353449821472,0.025420781224966,0.7581354379653931,0.5785647630691528,0.2997453212738037,5,1.0,-0.2950006705776949,1.0,1.0,0,0,0.0666977537575659,0.3578044662743034,183,291,thymio-11
84,1788221017.1221414,1.2494542598724363,0.2992064952850342,0.8858006892947845,81.99159098082951,1.2494542598724363,0.1009791791439056,0.2992064952850342,0.0824640169739723,0.7827943563461304,0.5722640156745911,0.2301015257835388,5,1.0,-0.3066793305107548,1.0,1.0,0,0,0.0673338768264147,0.3895613088222585,180,298,thymio-11
85,1788221017.730081,1.164517521858215,0.3353596925735473,0.8772011643099384,81.47022819221148,1.164517521858215,0.1015503704547882,0.3353596925735473,0.2065679132938385,0.8152565956115723,0.5363725423812866,0.0706467628479003,5,1.0,-0.3043820675903061,1.0,1.0,0,0,0.0602793608763976,0.4358480355526317,148,280,thymio-11
86,1788221018.3379374,1.164517521858215,0.3353596925735473,0.8772011643099384,81.37022819221148,1.164517521858215,0.1015503704547882,0.3353596925735473,0.2065679132938385,0.8152565956115723,0.5363725423812866,0.0706467628479003,5,1.0,-0.3043820675903061,1.0,1.0,0,0,0.0671592174513604,0.4662037986424623,168,309,thymio-11
87,1788221018.946396,1.1285017728805542,0.3705094754695892,0.8485320853350022,81.16181989536013,1.1285017728805542,0.1020258516073226,0.3705094754695892,0.2802047729492187,0.8131042718887329,0.5084525346755981,-0.0426963567733764,5,1.0,-0.3025546124199213,1.0,1.0,0,0,0.0629077154013477,0.5054573211604358,147,300,thymio-11
88,1788221019.553866,1.1014002561569214,0.4249962270259857,0.761603898682496,80.94994410870578,1.1014002561569214,0.1022060811519622,0.4249962270259857,0.3644717037677765,0.7892076373100281,0.4534738957881927,-0.196654736995697,5,1.0,-0.307721039085345,1.0,1.0,0,0,0.0546496244772236,0.5502790729910579,111,277,thymio-11
89,1788221020.161521,1.1014002561569214,0.4249962270259857,0.761603898682496,80.84994410870578,1.1014002561569214,0.1022060811519622,0.4249962270259857,0.3644717037677765,0.7892076373100281,0.4534738957881927,-0.196654736995697,5,1.0,-0.307721039085345,1.0,1.0,0,0,0.0577658133597167,0.5499233005075443,122,288,thymio-11
90,1788221020.7712903,1.1027917861938477,0.4980212450027466,0.1371571471448716,80.74994410870579,1.1027917861938477,0.1030717268586158,0.4980212450027466,0.4826804399490356,0.6943244934082031,0.3201030790805816,-0.4271617531776428,5,1.0,1.0,-0.2706305342322224,1.0,0,0,0.1450405812912387,-0.3727764019916325,500,459,thymio-11
91,1788221021.379846,1.1225868463516235,0.5304646492004395,-0.6039319612902272,80.6499441087058,1.1225868463516235,0.1032249107956886,0.5304646492004395,0.5318776965141296,0.6106933355331421,0.2411854118108749,-0.5347798466682434,5,1.0,1.0,-0.2684816486988005,1.0,0,0,0.1316724821632983,0.2046527744566529,437,499,thymio-11
92,1788221021.988046,1.1225868463516235,0.5304646492004395,-0.6039319612902272,80.5499441087058,1.1225868463516235,0.1032249107956886,0.5304646492004395,0.5318776965141296,0.6106933355331421,0.2411854118108749,-0.5347798466682434,5,1.0,1.0,-0.2684816486988005,1.0,0,0,0.1355194551225087,0.4608812613768853,412,500,thymio-11
93,1788221022.5967731,1.2188233137130735,0.6538324356079102,-0.7860595717357706,80.44994410870581,1.2188233137130735,0.103491686284542,0.6538324356079102,0.5416420102119446,0.5848873257637024,0.2127008587121963,-0.5650568008422852,5,1.0,1.0,-0.2798977256232808,1.0,0,0,0.113403478625009,0.5600266419292323,318,488,thymio-11
94,1788221023.2048025,1.2188233137130735,0.6538324356079102,-0.7860595717357706,80.34994410870581,1.2188233137130735,0.103491686284542,0.6538324356079102,0.5416420102119446,0.5848873257637024,0.2127008587121963,-0.5650568008422852,5,1.0,1.0,-0.2798977256232808,1.0,0,0,0.0781845152683529,0.5695737331355031,192,364,thymio-11
95,1788221023.8140512,1.2758686542510986,0.707335352897644,-1.031345808044168,80.24994410870582,1.2758686542510986,0.1037591025233268,0.707335352897644,0.5579525828361511,0.5326618552207947,0.1612285077571869,-0.6156018972396851,5,1.0,1.0,-0.2872908778247874,1.0,0,0,0.0811677032177501,0.578630044642954,201,376,thymio-11
96,1788221024.4224863,1.3901844024658203,0.7580932378768921,-1.3624064146250852,80.14994410870582,1.3901844024658203,0.1036579608917236,0.7580932378768921,0.5833036303520203,0.3443850576877594,0.0070701595395803,-0.7355989813804626,5,0.0761106927422832,1.0,-0.3220310287573932,1.0,0,0,0.0500422086037752,0.5225401383208934,99,257,thymio-11
97,1788221025.0311227,1.3901844024658203,0.7580932378768921,-1.3624064146250852,80.04994410870583,1.3901844024658203,0.1036579608917236,0.7580932378768921,0.5833036303520203,0.3443850576877594,0.0070701595395803,-0.7355989813804626,5,0.0761106927422832,1.0,-0.3220310287573932,1.0,0,0,0.0739805328264513,0.5550299878342441,179,347,thymio-11
98,1788221025.6386814,1.4324461221694946,0.7560455799102783,-1.422693730871126,79.94994410870584,1.4324461221694946,0.1034252494573593,0.7560455799102783,0.5764908790588379,0.2401671856641769,-0.069032222032547,-0.7779541015625,5,0.0150476769819973,1.0,-0.3488018413125786,1.0,0,0,0.065029338312034,0.5502025624223149,148,314,thymio-11
99,1788221026.247921,1.506808519363403,0.710482120513916,-1.4147333191977012,79.84994410870584,1.506808519363403,0.1022008433938026,0.710482120513916,0.5247312784194946,-0.0176146272569894,-0.2521041333675384,-0.8128901720046997,5,-0.2333116632807093,1.0,-0.3929382069431261,1.0,0,0,0.0553922488342226,0.5140360540502317,119,274,thymio-11
100,1788221026.855654,1.5274097919464111,0.6747900247573853,-1.3455711082321342,79.74994410870585,1.5274097919464111,0.1022779494524002,0.6747900247573853,0.4796404242515564,-0.1558726280927658,-0.3374215960502624,-0.7948557138442993,5,-0.298648778535293,1.0,-0.3899503045093618,1.0,0,0,0.0593513049804969,0.5097595468393897,134,288,thymio-11
101,1788221027.4633412,1.5274097919464111,0.6747900247573853,-1.3455711082321342,79.64994410870585,1.5274097919464111,0.1022779494524002,0.6747900247573853,0.4796404242515564,-0.1558726280927658,-0.3374215960502624,-0.7948557138442993,5,-0.298648778535293,1.0,-0.3899503045093618,1.0,0,0,0.0619280345910809,0.5192008624598391,142,298,thymio-11
102,1788221028.070964,1.5358785390853882,0.628381609916687,-1.1294312788512042,79.54994410870586,1.5358785390853882,0.1018957868218422,0.628381609916687,0.3979941308498382,-0.3173443675041199,-0.4209665060043335,-0.7507866621017456,5,-0.3724439519199852,1.0,-0.3808137001085255,1.0,0,0,0.0539238049502724,0.4896009126662747,118,266,thymio-11
103,1788221028.6802251,1.5197502374649048,0.5689058899879456,-0.369391229006899,79.4181585652434,1.5197502374649048,0.1014821976423263,0.5689058899879456,0.2862870693206787,-0.4832553565502167,-0.4966520965099334,-0.6616954207420349,5,1.0,1.0,-0.4270023528651496,1.0,0,0,0.1293199461595495,0.6114017018538479,367,500,thymio-11
104,1788221029.2878726,1.485576868057251,0.5277822613716125,0.3243180603160045,79.19570712340202,1.485576868057251,0.1013949438929557,0.5277822613716125,0.2010174095630645,-0.5799812078475952,-0.5420947074890137,-0.5738877654075623,5,1.0,-0.4459955316596851,-0.4104409786278131,1.0,0,0,0.0549585425615205,0.5290308376276872,115,275,thymio-11
105,1788221029.8960066,1.485576868057251,0.5277822613716125,0.3243180603160045,79.09570712340202,1.485576868057251,0.1013949438929557,0.5277822613716125,0.2010174095630645,-0.5799812078475952,-0.5420947074890137,-0.5738877654075623,5,1.0,-0.4459955316596851,-0.4104409786278131,1.0,0,0,0.0861827147491586,0.5745135982347053,219,393,thymio-11
106,1788221030.5039492,1.4409546852111816,0.4886034429073334,0.5352483903223773,78.78593615380251,1.4409546852111816,0.1011224463582038,0.4886034429073334,0.1637157052755355,-0.625242292881012,-0.5509425401687622,-0.5279504656791687,5,1.0,-0.4503812230783827,-0.3799594900941405,1.0,0,0,0.0777202134557677,0.5591124331290196,192,361,thymio-11
107,1788221031.1125593,1.354974389076233,0.4663328826427459,0.8591547792961016,78.26260566970377,1.354974389076233,0.1014701351523399,0.4663328826427459,-0.0160681642591953,-0.7539252042770386,-0.5779667496681213,-0.3119182884693146,5,1.0,-0.4069006357320567,-0.3474881879068165,1.0,0,0,0.060470911204459,0.4120648218727678,153,277,thymio-11
108,1788221031.7208462,1.3022072315216064,0.4777860939502716,0.8984888165437779,77.94563129670424,1.3022072315216064,0.1017212346196174,0.4777860939502716,-0.1296466737985611,-0.7971903085708618,-0.5662713050842285,-0.164366215467453,5,1.0,-0.373404062524171,-0.3351929180353892,1.0,0,0,0.0866479177409721,0.3409189530082105,256,359,thymio-11
109,1788221032.3288298,1.3022072315216064,0.4777860939502716,0.8984888165437779,77.84563129670424,1.3022072315216064,0.1017212346196174,0.4777860939502716,-0.1296466737985611,-0.7971903085708618,-0.5662713050842285,-0.164366215467453,5,1.0,-0.373404062524171,-0.3351929180353892,1.0,0,0,0.1084069242114085,0.3182746866210822,337,433,thymio-11
110,1788221032.9366944,1.2330145835876465,0.5236769914627075,0.8838087694636361,77.41537751606097,1.2330145835876465,0.1029776707291603,0.5236769914627075,-0.2322267293930053,-0.8217302560806274,-0.5201302766799927,-0.0171697419136762,5,1.0,-0.2975034912600709,-0.3349160302708548,1.0,0,0,0.1195032652291095,0.2536076339418969,386,463,thymio-11
111,1788221033.546031,1.1696281433105469,0.5907608866691589,0.8581492272047448,77.04143957908205,1.1696281433105469,0.1039473563432693,0.5907608866691589,-0.2787588238716125,-0.8209215402603149,-0.4951682388782501,0.0564788691699504,5,1.0,-0.2367573128268436,-0.3483665422201119,1.0,0,0,0.1263288241179564,0.1277009889486509,430,468,thymio-11
112,1788221034.1536434,1.128051519393921,0.6499530076980591,0.8266166117894507,76.78615845386372,1.128051519393921,0.1044239103794097,0.6499530076980591,-0.3093391060829162,-0.8103302717208862,-0.4889123141765594,0.0929458066821098,5,1.0,-0.3398149441215427,1.0,1.0,0,0,0.1654295105043827,0.2257436138763932,500,500,thymio-11
113,1788221034.7613523,1.128051519393921,0.6499530076980591,0.8266166117894507,76.68615845386373,1.128051519393921,0.1044239103794097,0.6499530076980591,-0.3093391060829162,-0.8103302717208862,-0.4889123141765594,0.0929458066821098,5,1.0,-0.3398149441215427,1.0,1.0,0,0,0.0221404366008546,0.4429349999747308,12,146,thymio-11
114,1788221035.3695755,1.0579922199249268,0.779959499835968,0.80424887474231,76.14137585938467,1.0579922199249268,0.1060383915901184,0.779959499835968,-0.3310677409172058,-0.8040705323219299,-0.4765731394290924,0.1293937265872955,5,1.0,-0.2618446401784227,1.0,1.0,0,0,0.1148411020132154,0.407773531048147,346,470,thymio-11
115,1788221035.9776492,1.0579922199249268,0.779959499835968,0.80424887474231,76.04137585938467,1.0579922199249268,0.1060383915901184,0.779959499835968,-0.3310677409172058,-0.8040705323219299,-0.4765731394290924,0.1293937265872955,5,1.0,-0.2618446401784227,1.0,1.0,0,0,0.0636881922730683,0.5501734311750849,143,309,thymio-11
116,1788221036.5853865,1.0479592084884644,0.8167725205421448,0.6949749469244311,75.94137585938468,1.0479592084884644,0.1064922958612442,0.8167725205421448,-0.3907046020030975,-0.7797843217849731,-0.4240464568138122,0.243866741657257,5,1.0,-0.3592946046581585,1.0,1.0,0,0,0.0620406109764427,0.5779049074775469,133,308,thymio-11
117,1788221037.1940324,1.0435469150543213,0.8895108699798584,0.4751725834403868,75.84137585938468,1.0435469150543213,0.1072272136807441,0.8895108699798584,-0.4441330730915069,-0.7374181747436523,-0.3709256052970886,0.3483884632587433,5,1.0,-0.4336751727814977,1.0,1.0,0,0,0.0493169289101133,0.6084903870961836,83,267,thymio-11
118,1788221037.8019116,1.0435469150543213,0.8895108699798584,0.4751725834403868,75.74137585938469,1.0435469150543213,0.1072272136807441,0.8895108699798584,-0.4441330730915069,-0.7374181747436523,-0.3709256052970886,0.3483884632587433,5,1.0,-0.4336751727814977,1.0,1.0,0,0,0.0624499849502574,0.6087532559427679,130,314,thymio-11
119,1788221038.4104357,1.058543682098389,0.9321228265762328,-0.2075435248945196,75.6413758593847,1.058543682098389,0.107265219092369,0.9321228265762328,-0.5085619688034058,-0.6565350890159607,-0.2836959064006805,0.4794195294380188,5,1.0,1.0,-0.5127896585183346,1.0,0,0,0.0562419524131591,-0.0963154212604888,214,185,thymio-11
120,1788221039.0196748,1.1167713403701782,0.9729445576667786,-1.2827056957526142,75.5413758593847,1.1167713403701782,0.1069687008857727,0.9729445576667786,-0.5786646008491516,-0.4235615134239197,-0.0722631290555,0.693196177482605,5,1.0,1.0,-0.619426514266886,1.0,0,0,0.1194492156209098,0.5562294361918266,340,500,thymio-11
121,1788221039.6288495,1.1605249643325806,0.9876078367233276,-1.2698931335995765,75.4413758593847,1.1605249643325806,0.1067541912198066,0.9876078367233276,-0.5784810781478882,-0.4334837794303894,-0.0824020355939865,0.6860477328300476,5,1.0,1.0,-0.6199641721481934,1.0,0,0,0.0826452479373792,0.5771070470799168,206,381,thymio-11
122,1788221040.236811,1.2356858253479004,1.0068964958190918,-1.3607103393479645,75.34137585938471,1.2356858253479004,0.1063581928610801,1.0068964958190918,-0.5829328298568726,-0.3478921949863434,-0.0103240059688687,0.7342029213905334,5,1.0,1.0,-0.5642411148809955,1.0,0,0,0.0522568129201335,0.5442026477784541,103,268,thymio-11
123,1788221040.844596,1.2356858253479004,1.0068964958190918,-1.3607103393479645,75.24137585938472,1.2356858253479004,0.1063581928610801,1.0068964958190918,-0.5829328298568726,-0.3478921949863434,-0.0103240059688687,0.7342029213905334,5,1.0,1.0,-0.5642411148809955,1.0,0,0,0.0585955316673676,0.5533638825279009,125,292,thymio-11
124,1788221041.453724,1.3036478757858276,0.9954617023468018,-1.4584759052732086,75.14137585938472,1.3036478757858276,0.1060409024357795,0.9954617023468018,-0.5581608414649963,-0.1392619609832763,0.1316114515066146,0.8073047995567322,5,1.0,1.0,-0.5047166340278286,1.0,0,0,0.0594487585744792,0.5419220791177298,129,293,thymio-11
125,1788221042.061586,1.3036478757858276,0.9954617023468018,-1.4584759052732086,75.04137585938473,1.3036478757858276,0.1060409024357795,0.9954617023468018,-0.5581608414649963,-0.1392619609832763,0.1316114515066146,0.8073047995567322,5,1.0,1.0,-0.5047166340278286,1.0,0,0,0.0615212314442919,0.5491710401081132,136,302,thymio-11
126,1788221042.6697092,1.3486299514770508,0.940610647201538,-1.350388048643439,74.94137585938473,1.3486299514770508,0.1050695106387138,0.940610647201538,-0.4800866246223449,0.1430053859949112,0.3304674923419952,0.7999109625816345,5,1.0,-0.4548944114792717,-0.3074232511598563,1.0,0,0,0.0800699401014916,0.6015424416189713,194,375,thymio-11
127,1788221043.2776017,1.3572657108306885,0.8842067122459412,-1.1181418223801591,74.84137585938474,1.3572657108306885,0.1047434285283088,0.8842067122459412,-0.3984569311141968,0.3206965625286102,0.4247289299964905,0.74698805809021,5,1.0,-0.3786993481635441,-0.3263763749519356,1.0,0,0,0.07561797164755,0.5723391375667956,182,355,thymio-11
128,1788221043.8864298,1.3572657108306885,0.8842067122459412,-1.1181418223801591,74.74137585938475,1.3572657108306885,0.1047434285283088,0.8842067122459412,-0.3984569311141968,0.3206965625286102,0.4247289299964905,0.74698805809021,5,1.0,-0.3786993481635441,-0.3263763749519356,1.0,0,0,0.0826223648702543,0.5758513266352487,207,381,thymio-11
129,1788221044.494238,1.3413937091827393,0.819679319858551,-0.398491081542077,74.61022343239283,1.3413937091827393,0.1045242249965667,0.819679319858551,-0.2969903349876404,0.4774966537952423,0.4970541894435882,0.6608562469482422,5,1.0,-0.4327319305941032,0.8687860361702076,1.0,0,0,0.1113377616996097,0.6024439318720367,305,487,thymio-11
130,1788221045.1018631,1.3413937091827393,0.819679319858551,-0.398491081542077,74.51022343239283,1.3413937091827393,0.1045242249965667,0.819679319858551,-0.2969903349876404,0.4774966537952423,0.4970541894435882,0.6608562469482422,5,1.0,-0.4327319305941032,0.8687860361702076,1.0,0,0,0.071515053853638,0.6036861484242679,163,345,thymio-11
131,1788221045.7101483,1.3074482679367063,0.7761298418045044,0.3567578202625125,74.34924117422716,1.3074482679367063,0.1040941253304481,0.7761298418045044,-0.202088251709938,0.5852696895599365,0.5418311357498169,0.5683649778366089,5,1.0,-0.5233267686653115,1.0,-0.2764837263028941,0,0,0.054342133159091,0.3824219323697387,135,251,thymio-11
132,1788221046.3179677,1.2032877206802368,0.7235122919082642,0.8233390157165541,73.83831150640306,1.2032877206802368,0.1041365787386894,0.7235122919082642,-0.0203941073268651,0.7337937951087952,0.5748159289360046,0.3615487813949585,5,1.0,-0.5321534109476418,1.0,-0.2324398994208967,0,0,0.0872623542936822,0.173727064256462,284,336,thymio-11
133,1788221046.9262109,1.2032877206802368,0.7235122919082642,0.8233390157165541,73.73831150640306,1.2032877206802368,0.1041365787386894,0.7235122919082642,-0.0203941073268651,0.7337937951087952,0.5748159289360046,0.3615487813949585,5,1.0,-0.5321534109476418,1.0,-0.2324398994208967,0,0,0.05,-0.0087970972646189,179,176,thymio-11
134,1788221047.5339036,1.160980224609375,0.7268979549407959,0.8750785376165773,73.53177658038253,1.160980224609375,0.1045017093420028,0.7268979549407959,0.0682643577456474,0.7761510610580444,0.5736798644065857,0.2526280581951141,5,1.0,-0.4672513672389493,1.0,-0.1956394364213817,0,0,0.05,-0.019420418435679,181,175,thymio-11
135,1788221048.1422205,1.0867316722869873,0.7413500547409058,0.8855592395907514,73.12669644093022,1.0867316722869873,0.1051565706729888,0.7413500547409058,0.0955283865332603,0.7881649136543274,0.5683028101921082,0.2161072939634323,5,1.0,-0.3294499000304139,1.0,-0.2051285433601196,0,0,0.05,0.0626507682539015,168,187,thymio-11
136,1788221048.7502923,1.0302892923355105,0.754510223865509,0.8836018535205907,72.86000609173593,1.0302892923355105,0.1060224771499633,0.754510223865509,0.0868940502405166,0.7823382019996643,0.5737377405166626,0.2263216823339462,5,1.0,-0.2190082299117821,1.0,-0.186308182236317,0,0,0.05,0.1393025632252092,157,199,thymio-11
137,1788221049.3584194,1.0302892923355105,0.754510223865509,0.8836018535205907,72.76000609173593,1.0302892923355105,0.1060224771499633,0.754510223865509,0.0868940502405166,0.7823382019996643,0.5737377405166626,0.2263216823339462,5,1.0,-0.2190082299117821,1.0,-0.186308182236317,0,0,0.1323605260548639,0.2064099370439716,439,500,thymio-11
138,1788221049.966054,1.001519799232483,0.7605427503585815,0.8972972418475011,72.60553695053407,1.001519799232483,0.1066639125347137,0.7605427503585815,0.0917829722166061,0.7925152778625488,0.564089298248291,0.2128350883722305,5,1.0,-0.1869866308451711,1.0,-0.1420825925153909,0,0,0.1224140839402538,0.2818049230508588,392,478,thymio-11
139,1788221050.5737166,0.9305242896080016,0.7822943329811096,0.908506591899453,72.32823843002143,0.9305242896080016,0.107787512242794,0.7822943329811096,0.1158666610717773,0.80117267370224,0.56040358543396,0.1750572770833969,5,1.0,-0.0798284322532371,1.0,-0.0749879872412748,0,0,0.1140241335471868,0.3774013980791562,348,462,thymio-11
140,1788221051.1815438,0.7844900488853455,0.8444857001304626,0.8952164873080886,71.6285008485091,0.7844900488853455,0.1086505353450775,0.8444857001304626,0.1724214553833007,0.8048573136329651,0.5574212074279785,0.1084318086504936,5,1.0,1.0,0.1450808611716083,-0.029196499005293,0,0,0.1694201615170977,-0.448761918119262,500,500,thymio-11
141,1788221051.7900076,0.7844900488853455,0.8444857001304626,0.8952164873080886,71.52850084850911,0.7844900488853455,0.1086505353450775,0.8444857001304626,0.1724214553833007,0.8048573136329651,0.5574212074279785,0.1084318086504936,5,1.0,1.0,0.1450808611716083,-0.029196499005293,0,0,0.1602057025926048,-0.269316435038241,500,500,thymio-11
142,1788221052.3974144,0.7173172831535339,0.8887301683425903,0.8891535072924892,71.20869508652456,0.7173172831535339,0.1093364655971527,0.8887301683425903,0.2021169662475586,0.8101112246513367,0.5461394786834717,0.0678246095776557,5,1.0,0.2319299124653153,1.0,0.0076948873340776,0,0,0.0600167433810191,0.0253150149103142,209,217,thymio-11
143,1788221053.004547,0.6281870603561401,0.955928921699524,0.9002104666643804,70.76222884123379,0.6281870603561401,0.1112407147884368,0.955928921699524,0.2105290442705154,0.818385124206543,0.5330871939659119,0.041728775948286,5,1.0,0.344003918997775,1.0,0.0606806675035145,0,0,0.1294691939167538,-0.1484915692593579,482,438,thymio-11
144,1788221053.6126409,0.6281870603561401,0.955928921699524,0.9002104666643804,70.6622288412338,0.6281870603561401,0.1112407147884368,0.955928921699524,0.2105290442705154,0.818385124206543,0.5330871939659119,0.041728775948286,5,1.0,0.344003918997775,1.0,0.0606806675035145,0,0,0.1243150099792547,-0.0908855224019731,455,428,thymio-11
145,1788221054.221552,0.5754812359809875,1.001905918121338,0.8854322382013606,70.42392428922201,0.5754812359809875,0.1118236109614372,1.001905918121338,0.2259067744016647,0.8149188160896301,0.5329088568687439,0.0296937953680753,5,1.0,0.4357268043064615,1.0,0.1470261466904889,0,0,0.1011154627039399,-0.0364410481799041,365,354,thymio-11
146,1788221054.829063,0.4533205330371856,1.1054067611694336,0.8963248809469171,69.6572466021795,0.4533205330371856,0.1141470223665237,1.1054067611694336,0.2202252596616745,0.8217512369155884,0.5248668193817139,0.0272146947681903,5,1.0,0.6083464123282916,1.0,0.2483667219590557,0,0,0.0631724163451513,-0.0027525406361345,225,224,thymio-11
147,1788221055.4368217,0.4533205330371856,1.1054067611694336,0.8963248809469171,69.5572466021795,0.4533205330371856,0.1141470223665237,1.1054067611694336,0.2202252596616745,0.8217512369155884,0.5248668193817139,0.0272146947681903,5,1.0,0.6083464123282916,1.0,0.2483667219590557,0,0,0.0492559705677647,0.0534409434068948,167,183,thymio-11
148,1788221056.0449593,0.4389991462230682,1.1179907321929932,0.893538568570226,69.45724660217951,0.4389991462230682,0.1143372356891632,1.1179907321929932,0.22734335064888,0.8233465552330017,0.5197646021842957,0.0161316134035587,5,1.0,0.6273947032202765,1.0,0.2745821881404029,0,0,0.0290945346579762,0.0884999778649714,90,117,thymio-11
149,1788221056.653641,0.3533688485622406,1.1934363842010498,0.8856449595237477,68.98098561144498,0.3533688485622406,0.1160873919725418,1.1934363842010498,0.2207668125629425,0.8206787705421448,0.5257202386856079,0.0369670838117599,5,1.0,0.7257620264223568,1.0,0.4504404366973815,0,0,-0.002512813942162,0.1350292395714091,-29,11,thymio-11
150,1788221057.261613,0.3533688485622406,1.1934363842010498,0.8856449595237477,68.88098561144498,0.3533688485622406,0.1160873919725418,1.1934363842010498,0.2207668125629425,0.8206787705421448,0.5257202386856079,0.0369670838117599,5,1.0,0.7257620264223568,1.0,0.4504404366973815,0,0,-0.0260556687214728,0.1752417747722786,-119,-66,thymio-11
151,1788221057.871035,0.3431754410266876,1.201809287071228,0.8878162040254765,68.78098561144499,0.3431754410266876,0.1159843504428863,1.201809287071228,0.2225674390792846,0.8222183585166931,0.5229273438453674,0.0311075076460838,5,1.0,0.7287945940448948,1.0,0.5097344788385729,0,0,-0.0403743912307177,0.1656556679909471,-168,-118,thymio-11
152,1788221058.478534,0.3527987897396087,1.19068443775177,0.8510594759179813,68.680985611445,0.3527987897396087,0.1158574968576431,1.19068443775177,0.2833782136440277,0.8169780969619751,0.4990381896495819,-0.0566074065864086,5,1.0,0.6597761378575713,1.0,0.6971248725050878,0,0,-0.0474181575465855,0.158262754682978,-192,-145,thymio-11
153,1788221059.0875113,0.3720141947269439,1.164412021636963,0.8283019334580235,68.580985611445,0.3720141947269439,0.1154779344797134,1.164412021636963,0.314753770828247,0.8087484240531921,0.4842422306537628,-0.1112006604671478,5,1.0,0.6267621243208361,1.0,0.7980238182552484,0,0,-0.0587824693962133,0.2158743847213548,-241,-176,thymio-11
154,1788221059.6956286,0.3720141947269439,1.164412021636963,0.8283019334580235,68.480985611445,0.3720141947269439,0.1154779344797134,1.164412021636963,0.314753770828247,0.8087484240531921,0.4842422306537628,-0.1112006604671478,5,1.0,0.6267621243208361,1.0,0.7980238182552484,0,0,-0.0616762724228593,0.2373062915053764,-255,-183,thymio-11
155,1788221060.3045144,0.398518294095993,1.111879587173462,0.7639118088669328,68.38098561144501,0.398518294095993,0.1145452186465263,1.111879587173462,0.3600574731826782,0.7932747602462769,0.4561606347560882,-0.181634709239006,5,1.0,0.573623730953428,1.0,0.9126862071473658,0,0,-0.0902714102065225,0.3251571015633903,-370,-272,thymio-11
156,1788221060.9128084,0.398518294095993,1.111879587173462,0.7639118088669328,68.28098561144502,0.398518294095993,0.1145452186465263,1.111879587173462,0.3600574731826782,0.7932747602462769,0.4561606347560882,-0.181634709239006,5,1.0,0.573623730953428,1.0,0.9126862071473658,0,0,-0.0921086662078488,0.3688474893264508,-383,-272,thymio-11
157,1788221061.5210507,0.4150689840316772,1.0345127582550049,0.626835700152363,68.18098561144502,0.4150689840316772,0.1134180724620819,1.0345127582550049,0.4126893579959869,0.7648382782936096,0.4048833847045898,-0.2842170894145965,5,1.0,0.5109215941573544,1.0,1.0,0,0,-0.105727876805946,0.4410274213192214,-442,-309,thymio-11
158,1788221062.1386456,0.4052423536777496,0.9017953276634216,0.1649614648708603,67.99981205759926,0.4052423536777496,0.1122300624847412,0.9017953276634216,0.4816818535327911,0.6959678530693054,0.3264075219631195,-0.420796275138855,5,1.0,1.0,0.4498042354210374,1.0,0,0,0.0764203690645347,-0.0865915031799711,285,258,thymio-11
159,1788221062.7463503,0.4052423536777496,0.9017953276634216,0.1649614648708603,67.89981205759926,0.4052423536777496,0.1122300624847412,0.9017953276634216,0.4816818535327911,0.6959678530693054,0.3264075219631195,-0.420796275138855,5,1.0,1.0,0.4498042354210374,1.0,0,0,0.1161771957252201,0.0259561076633857,409,417,thymio-11
160,1788221063.3547518,0.3926383256912231,0.8598668575286865,-0.2563396811398104,67.79981205759927,0.3926383256912231,0.1120021566748619,0.8598668575286865,0.5102086663246155,0.6494073867797852,0.2829846143722534,-0.4877262711524963,5,1.0,1.0,0.4278375708732123,1.0,0,0,0.1442345939286999,0.2638278068988531,473,500,thymio-11
161,1788221063.9629035,0.4474735558032989,0.9692670106887816,-0.1682663476876453,67.69981205759927,0.4474735558032989,0.1124652847647667,0.9692670106887816,0.5062137246131897,0.6612400412559509,0.2867178618907928,-0.4736056327819824,5,1.0,1.0,0.397736895330006,1.0,0,0,0.127043556608545,0.2571201149958516,413,490,thymio-11
162,1788221064.571462,0.4474735558032989,0.9692670106887816,-0.1682663476876453,67.59981205759928,0.4474735558032989,0.1124652847647667,0.9692670106887816,0.5062137246131897,0.6612400412559509,0.2867178618907928,-0.4736056327819824,5,1.0,1.0,0.397736895330006,1.0,0,0,0.1092035655627259,0.3211847202233259,340,437,thymio-11
163,1788221065.1791303,0.5128929018974304,1.0797131061553955,-0.4938960748501246,67.49981205759929,0.5128929018974304,0.1131749227643013,1.0797131061553955,0.5262288451194763,0.6245136260986328,0.2533113658428192,-0.5185551047325134,5,1.0,1.0,0.3731548973712093,1.0,0,0,0.0710969238353545,0.4762931190503546,181,325,thymio-11
164,1788221065.787835,0.5704548358917236,1.1425608396530151,-0.8988304890765892,67.39981205759929,0.5704548358917236,0.1133093982934951,1.1425608396530151,0.5527669787406921,0.5629974007606506,0.1941316425800323,-0.582919716835022,5,1.0,1.0,0.3495009911579345,1.0,0,0,0.0528533055495365,0.5719828867271244,101,274,thymio-11
165,1788221066.3954563,0.5704548358917236,1.1425608396530151,-0.8988304890765892,67.2998120575993,0.5704548358917236,0.1133093982934951,1.1425608396530151,0.5527669787406921,0.5629974007606506,0.1941316425800323,-0.582919716835022,5,1.0,1.0,0.3495009911579345,1.0,0,0,0.0436931487622028,0.5628117544088252,70,240,thymio-11
166,1788221067.0035627,0.6209786534309387,1.1757882833480835,-1.1935413956533951,67.1998120575993,0.6209786534309387,0.1132747903466224,1.1757882833480835,0.577796459197998,0.4740625023841858,0.120151400566101,-0.6534368395805359,5,1.0,1.0,0.3131654879940972,1.0,0,0,0.0376710947769824,0.5733585099906464,47,220,thymio-11
167,1788221067.611663,0.6429208517074585,1.1838586330413818,-1.2861124383634237,67.09981205759931,0.6429208517074585,0.1129371896386146,1.1838586330413818,0.5835958123207092,0.4173124134540558,0.0668107196688652,-0.6933993697166443,5,1.0,1.0,0.2910441366240581,1.0,0,0,0.035631535546215,0.5653567273117136,41,212,thymio-11
168,1788221068.219288,0.6429208517074585,1.1838586330413818,-1.2861124383634237,66.99981205759931,0.6429208517074585,0.1129371896386146,1.1838586330413818,0.5835958123207092,0.4173124134540558,0.0668107196688652,-0.6933993697166443,5,1.0,1.0,0.2910441366240581,1.0,0,0,0.0362305977595891,0.5609373020049457,44,213,thymio-11
169,1788221068.8270843,0.6576458811759949,1.1862941980361938,-1.3580549811840912,66.89981205759932,0.6576458811759949,0.1126839816570282,1.1862941980361938,0.586873471736908,0.3612545430660248,0.0287348050624132,-0.7240504622459412,5,1.0,1.0,0.2717265157297981,1.0,0,0,0.0369507708623909,0.5660250969676709,46,217,thymio-11
170,1788221069.4358573,0.6915032863616943,1.1803021430969238,-1.4419317432665513,66.79981205759933,0.6915032863616943,0.1121601015329361,1.1803021430969238,0.5805695652961731,0.1976884007453918,-0.0937180072069168,-0.7842674255371094,5,1.0,1.0,0.2178698634748468,1.0,0,0,0.0376564246344111,0.5689434904301334,48,220,thymio-11
171,1788221070.0435016,0.7052319645881653,1.1726934909820557,-1.470096542067796,66.69981205759933,0.7052319645881653,0.1125320941209793,1.1726934909820557,0.554075300693512,0.1021007299423217,-0.1508804410696029,-0.8122876882553101,5,1.0,1.0,0.1947383008422349,1.0,0,0,0.0388568557981244,0.5693806458629295,52,224,thymio-11
172,1788221070.6515093,0.7052319645881653,1.1726934909820557,-1.470096542067796,66.59981205759934,0.7052319645881653,0.1125320941209793,1.1726934909820557,0.554075300693512,0.1021007299423217,-0.1508804410696029,-0.8122876882553101,5,1.0,1.0,0.1947383008422349,1.0,0,0,0.0387096407092649,0.5679587834264447,52,223,thymio-11
173,1788221071.2593296,0.7267062664031982,1.139162302017212,-1.357463964162116,66.49981205759934,0.7267062664031982,0.1118562892079353,1.139162302017212,0.4787282645702362,-0.1555904000997543,-0.3315092921257019,-0.7979426980018616,5,1.0,1.0,0.1459592721173372,1.0,0,0,0.0425766094304767,0.5571336252232849,67,235,thymio-11
174,1788221071.8673196,0.7265594601631165,1.1021040678024292,-0.949802048375382,66.39981205759935,0.7265594601631165,0.111268937587738,1.1021040678024292,0.3593929708003998,-0.3819499611854553,-0.4486617147922516,-0.723639190196991,5,1.0,1.0,0.0933917795948791,1.0,0,0,0.0439681778544118,0.5120219289808056,79,234,thymio-11
175,1788221072.4755888,0.7265594601631165,1.1021040678024292,-0.949802048375382,66.29981205759935,0.7265594601631165,0.111268937587738,1.1021040678024292,0.3593929708003998,-0.3819499611854553,-0.4486617147922516,-0.723639190196991,5,1.0,1.0,0.0933917795948791,1.0,0,0,0.0527583546186835,0.5353331214715816,107,268,thymio-11
176,1788221073.0850213,0.7039233446121216,1.0664068460464478,0.1465424322444377,66.14615546199575,0.7039233446121216,0.1114300712943077,1.0664068460464478,0.2315806746482849,-0.5521650314331055,-0.5274648070335388,-0.6027148365974426,5,1.0,0.0223138425366669,0.9367343738230888,1.0,0,0,0.0314028156259654,0.2961061853044821,67,156,thymio-11
177,1788221073.6931548,0.6804621815681458,1.049183368682861,0.5645729432809854,65.98650472191424,0.6804621815681458,0.1113588139414787,1.049183368682861,0.1468890309333801,-0.6349854469299316,-0.5554894208908081,-0.5163804292678833,5,1.0,0.0048157158690009,1.0,1.0,0,0,0.0507104906413599,0.0446402769371464,173,187,thymio-11
178,1788221074.301401,0.6804621815681458,1.049183368682861,0.5645729432809854,65.88650472191425,0.6804621815681458,0.1113588139414787,1.049183368682861,0.1468890309333801,-0.6349854469299316,-0.5554894208908081,-0.5163804292678833,5,1.0,0.0048157158690009,1.0,1.0,0,0,0.0603746706205076,0.1339530721449795,194,235,thymio-11
179,1788221074.9093783,0.6246950030326843,1.0315881967544556,0.7494729317533544,65.5810782556256,0.6246950030326843,0.1116725578904151,1.0315881967544556,0.0740868523716926,-0.6940430998802185,-0.5750972628593445,-0.4267064929008484,5,1.0,0.0450672018250812,1.0,1.0,0,0,0.0737304762408726,0.0882448572777016,249,275,thymio-11
180,1788221075.5172942,0.5774763822555542,1.018246293067932,0.7751042883469208,65.3237133877669,0.5774763822555542,0.111839659512043,1.018246293067932,0.0546211712062358,-0.7086719274520874,-0.5743172764778137,-0.4061530232429504,5,1.0,0.0894109630642978,1.0,1.0,0,0,0.0599114147202541,0.1338941342083881,193,233,thymio-11
181,1788221076.1253734,0.5282491445541382,1.008787751197815,0.7896145583876648,65.05623239960599,0.5282491445541382,0.1121677085757255,1.008787751197815,0.0437176711857318,-0.7138875722885132,-0.579024076461792,-0.3913878500461578,5,1.0,0.137968829357866,1.0,1.0,0,0,0.0609642749409668,0.1562619710573891,193,240,thymio-11
182,1788221076.7336464,0.4551902413368225,0.9990698099136353,0.8239865303652945,64.56793740806368,0.4551902413368225,0.1125951632857322,0.9990698099136353,0.0101294871419668,-0.7375138998031616,-0.5754912495613098,-0.3532430231571197,5,1.0,0.1853949503768808,1.0,1.0,0,0,0.0564299790664264,0.1757489047426915,174,227,thymio-11
183,1788221077.3427186,0.4551902413368225,0.9990698099136353,0.8239865303652945,64.46793740806369,0.4551902413368225,0.1125951632857322,0.9990698099136353,0.0101294871419668,-0.7375138998031616,-0.5754912495613098,-0.3532430231571197,5,1.0,0.1853949503768808,1.0,1.0,0,0,0.0590107420791366,0.1770392343422407,183,236,thymio-11
184,1788221077.9506197,0.4076277911663055,0.9987320303916932,0.8441125769568338,64.21052722986806,0.4076277911663055,0.1132032871246337,0.9987320303916932,-0.0155419474467635,-0.7505897879600525,-0.577316403388977,-0.3210597634315491,5,1.0,0.2193406323049833,1.0,1.0,0,0,0.0544493746581169,0.192307704533342,164,223,thymio-11
185,1788221078.5581355,0.4076277911663055,0.9987320303916932,0.8441125769568338,64.11052722986807,0.4076277911663055,0.1132032871246337,0.9987320303916932,-0.0155419474467635,-0.7505897879600525,-0.577316403388977,-0.3210597634315491,5,1.0,0.2193406323049833,1.0,1.0,0,0,0.0564766461950476,0.1914856268014325,172,230,thymio-11
186,1788221079.1665664,0.3442902565002441,1.0037275552749634,0.8704288193109146,63.76557199353979,0.3442902565002441,0.1134471073746681,1.0037275552749634,-0.0557554587721824,-0.7724536657333374,-0.5725725889205933,-0.2690115571022033,5,1.0,0.2749673894856779,1.0,1.0,0,0,0.0541355761204067,0.1926467385921248,163,221,thymio-11
187,1788221079.7743545,0.2902175486087799,1.019235372543335,0.8988597160925567,63.47005457770722,0.2902175486087799,0.1142962053418159,1.019235372543335,-0.111676312983036,-0.7947429418563843,-0.5665282607078552,-0.18696990609169,5,1.0,0.3083644759211377,1.0,1.0,0,0,0.0591166565972781,0.1577819434228561,186,234,thymio-11
188,1788221080.3823476,0.2583714127540588,1.031471848487854,0.9034202222819036,63.29641825750998,0.2583714127540588,0.1145551577210426,1.031471848487854,-0.1368335932493209,-0.8030775189399719,-0.5598213076591492,-0.1514705866575241,5,1.0,0.3285483192001432,1.0,1.0,0,0,0.0542871045292243,0.1591570268203137,169,217,thymio-11
189,1788221080.9898443,0.2583714127540588,1.031471848487854,0.9034202222819036,63.196418257509976,0.2583714127540588,0.1145551577210426,1.031471848487854,-0.1368335932493209,-0.8030775189399719,-0.5598213076591492,-0.1514705866575241,5,1.0,0.3285483192001432,1.0,1.0,0,0,0.0557092484695459,0.1558709417619838,174,221,thymio-11
190,1788221081.5981195,0.208060085773468,1.0570733547210691,0.9002204851124471,62.88948737433218,0.208060085773468,0.1149069666862487,1.0570733547210691,-0.1618430167436599,-0.8080238103866577,-0.5537417531013489,-0.1194758713245391,5,1.0,0.3992968299869923,1.0,1.0,0,0,0.0480354919735479,0.1705934681939644,145,196,thymio-11
191,1788221082.2056122,0.15008145570755,1.099164962768555,0.8735080700690272,62.528255758995925,0.15008145570755,0.1154443249106407,1.099164962768555,-0.2220757752656936,-0.8139247298240662,-0.5346885919570923,-0.0481352098286151,5,1.0,0.4727119275798921,1.0,1.0,0,0,0.0394790957334827,0.1936638132919738,111,170,thymio-11
192,1788221082.8132238,0.15008145570755,1.099164962768555,0.8735080700690272,62.42825575899592,0.15008145570755,0.1154443249106407,1.099164962768555,-0.2220757752656936,-0.8139247298240662,-0.5346885919570923,-0.0481352098286151,5,1.0,0.4727119275798921,1.0,1.0,0,0,0.0418685044515269,0.1859644819225941,121,177,thymio-11
193,1788221083.421088,0.125356987118721,1.118844509124756,0.8970719156811438,62.27488406452174,0.125356987118721,0.1160029172897338,1.118844509124756,-0.2196183204650879,-0.8186772465705872,-0.5298289656639099,-0.0285765435546636,5,1.0,0.5040688161668485,1.0,1.0,0,0,0.0396932746088037,0.1728793773912904,115,167,thymio-11
194,1788221084.029441,0.0925739407539367,1.160714864730835,0.858264796103247,62.03861239901288,0.0925739407539367,0.1164711639285087,1.160714864730835,-0.2823760211467743,-0.8146016001701355,-0.5030253529548645,0.060445636510849,5,1.0,0.5569637077461163,1.0,1.0,0,0,0.0284220548728321,0.2090841272732213,69,133,thymio-11
195,1788221084.6375968,0.0787544250488281,1.1843738555908203,0.8398290333883804,61.93461123270946,0.0787544250488281,0.1166751906275749,1.1843738555908203,-0.3083209693431854,-0.8106614947319031,-0.485882043838501,0.1080966219305992,5,1.0,0.5837553295608271,1.0,1.0,0,0,0.0268559578151284,0.2185212183388696,62,128,thymio-11
196,1788221085.245613,0.0787544250488281,1.1843738555908203,0.8398290333883804,61.834611232709456,0.0787544250488281,0.1166751906275749,1.1843738555908203,-0.3083209693431854,-0.8106614947319031,-0.485882043838501,0.1080966219305992,5,1.0,0.5837553295608271,1.0,1.0,0,0,0.0269849040161961,0.215263903499623,63,128,thymio-11
197,1788221085.8548968,0.0695880949497222,1.208288550376892,0.7823472913291729,61.734611232709454,0.0695880949497222,0.1167840808629989,1.208288550376892,-0.3512179553508758,-0.7972115874290466,-0.4581082165241241,0.1767390817403793,5,1.0,0.5767004711525499,1.0,1.0,0,0,0.0192713604668148,0.2522628207379284,30,107,thymio-11
1,1788307366.7733667,10000.0,10000.0,0.0,100.0,3.677952527999878,0.0748960077762603,-0.3813483119010925,-0.5547195076942444,-0.5879743695259094,-0.3888601064682007,0.4419956505298614,5,1.0,1.0,1.0,1.0,0,0,-0.03,-0.6276007699512703,-12,-201,thymio-01
2,1788307367.378162,2.946000576019287,-0.485515296459198,-0.923977807876792,100.0,2.946000576019287,0.0715386569499969,-0.485515296459198,-0.5681850910186768,-0.5382723808288574,-0.238113522529602,0.5750917196273804,5,-0.6462258649848418,1.0,1.0,-0.7311988965624767,0,0,0.030105947704122,0.2374725549249897,71,143,thymio-01
3,1788307367.9866552,2.9444944858551025,-0.4875164330005646,-0.8248159228262262,99.9,2.9444944858551025,0.0717673823237419,-0.4875164330005646,-0.5628042817115784,-0.5550017356872559,-0.2575014531612396,0.5558033585548401,5,-0.6360185072153646,1.0,1.0,-0.7407287173621062,0,0,0.0740286611048499,0.6216591397524577,169,357,thymio-01
4,1788307368.5960093,2.940568447113037,-0.4792496562004089,-0.8083924535327118,99.8,2.940568447113037,0.0713924095034599,-0.4792496562004089,-0.5631043910980225,-0.5566808581352234,-0.2632844448089599,0.5510908961296082,5,-0.6241511563661585,1.0,1.0,-0.758771705608287,0,0,-0.0164868871727343,0.6008603186332211,-149,32,thymio-01
5,1788307369.2039056,2.940568447113037,-0.4792496562004089,-0.8083924535327118,99.70000000000002,2.940568447113037,0.0713924095034599,-0.4792496562004089,-0.5631043910980225,-0.5566808581352234,-0.2632844448089599,0.5510908961296082,5,-0.6241511563661585,1.0,1.0,-0.758771705608287,0,0,-0.0164868871727343,0.5797133362461577,-146,29,thymio-01
6,1788307369.8129976,2.9441750049591064,-0.442574679851532,-1.2939863753054155,99.60000000000002,2.9441750049591064,0.0718224793672561,-0.442574679851532,-0.6185511350631714,-0.3809431493282318,-0.0921489000320434,0.6810179948806763,5,-0.63901596342993,1.0,1.0,-0.7911256398498366,0,0,-0.0099837463901828,0.5859889795980852,-124,53,thymio-01
7,1788307370.4213626,2.9486372470855717,-0.4723341464996338,-1.383492802058644,99.50000000000004,2.9486372470855717,0.0714643374085426,-0.4723341464996338,-0.6194010376930237,-0.1835919320583343,0.0870380848646164,0.7583276033401489,5,-0.6321681212044892,1.0,1.0,-0.7615526138048774,0,0,-0.0159279246252196,0.5941814494527228,-146,33,thymio-01
8,1788307371.0292275,2.9486372470855717,-0.4723341464996338,-1.383492802058644,99.40000000000003,2.9486372470855717,0.0714643374085426,-0.4723341464996338,-0.6194010376930237,-0.1835919320583343,0.0870380848646164,0.7583276033401489,5,-0.6321681212044892,1.0,1.0,-0.7615526138048774,0,0,-0.0159279246252196,0.6002091648844008,-147,34,thymio-01
9,1788307371.6378436,2.9386534690856934,-0.4981158673763275,-1.365305943978965,99.30000000000004,2.9386534690856934,0.0709861516952514,-0.4981158673763275,-0.5757172107696533,0.0358537137508392,0.2570274472236633,0.7753717303276062,5,-0.6296235476385879,1.0,1.0,-0.7349186912971271,0,0,-0.0212813430492774,0.6022716826602496,-167,15,thymio-01
10,1788307372.2455776,2.907356023788452,-0.5161189436912537,-1.1337815667669475,99.15050378768208,2.907356023788452,0.0717789903283119,-0.5161189436912537,-0.467707872390747,0.2879382967948913,0.423892468214035,0.7201778292655945,5,-0.629829811534806,1.0,1.0,-0.7082741629689273,0,0,-0.0266368932432456,0.582554617279699,-183,-7,thymio-01
11,1788307372.85379,2.880043029785156,-0.5145346522331238,-0.5033447781930889,99.02438469744028,2.880043029785156,0.0725577250123024,-0.5145346522331238,-0.367941290140152,0.4292408525943756,0.5090488791465759,0.6490307450294495,5,-0.5570443341780567,1.0,-0.6306256564132015,-0.7006718443875108,0,0,-0.0281649592781103,0.3042408855287898,-146,-54,thymio-01
12,1788307373.461764,2.880043029785156,-0.5145346522331238,-0.5033447781930889,98.92438469744027,2.880043029785156,0.0725577250123024,-0.5145346522331238,-0.367941290140152,0.4292408525943756,0.5090488791465759,0.6490307450294495,5,-0.5570443341780567,1.0,-0.6306256564132015,-0.7006718443875108,0,0,-0.0281649592781103,0.5951139029120697,-190,-10,thymio-01
13,1788307374.0692384,2.8480324745178223,-0.488814502954483,0.5306396416402368,98.77470542257728,2.8480324745178223,0.0722024217247963,-0.488814502954483,-0.2437216639518737,0.569911003112793,0.5675981044769287,0.5418797135353088,5,-0.7048152526258771,1.0,-0.6541962250811832,1.0,0,0,-0.0273321342221987,0.1319388804772056,-117,-77,thymio-01
14,1788307374.6776912,2.8480324745178223,-0.488814502954483,0.5306396416402368,98.67470542257728,2.8480324745178223,0.0722024217247963,-0.488814502954483,-0.2437216639518737,0.569911003112793,0.5675981044769287,0.5418797135353088,5,-0.7048152526258771,1.0,-0.6541962250811832,1.0,0,0,-0.0273321342221987,0.4405680933288714,-164,-31,thymio-01
15,1788307375.2850788,2.8316242694854736,-0.4614694714546203,0.874757563109636,98.57470542257728,2.8316242694854736,0.0729564726352691,-0.4614694714546203,-0.1349616348743438,0.6616172790527344,0.6014673113822937,0.4269484877586365,5,-0.7247956920963152,-0.67547403292017,-0.5742847343332834,1.0,0,0,-0.0233160658886406,0.283778270303289,-126,-40,thymio-01
16,1788307375.8935196,2.82841157913208,-0.4254677295684814,0.9540621449547276,98.47470542257729,2.82841157913208,0.0726193860173225,-0.4254677295684814,-0.0633776858448982,0.7066832184791565,0.6098180413246155,0.3531345427036285,5,1.0,-0.582865931743606,-0.747332035678443,1.0,0,0,0.0505867853511254,0.5092531305234459,103,257,thymio-01
17,1788307376.502076,2.830916166305542,-0.3941021859645843,1.007593483635203,98.37470542257728,2.830916166305542,0.0728194788098335,-0.3941021859645843,0.0435861386358737,0.751510739326477,0.6158941984176636,0.2323927283287048,5,1.0,-0.5462172965590948,-0.7634366112891349,1.0,0,0,0.0155492411308838,0.596834085898306,-35,145,thymio-01
18,1788307377.109532,2.830916166305542,-0.3941021859645843,1.007593483635203,98.2747054225773,2.830916166305542,0.0728194788098335,-0.3941021859645843,0.0435861386358737,0.751510739326477,0.6158941984176636,0.2323927283287048,5,1.0,-0.5462172965590948,-0.7634366112891349,1.0,0,0,0.0155492411308838,0.5939859001935824,-34,145,thymio-01
19,1788307377.7170265,2.8094050884246826,-0.4061004817485809,1.0291093601045214,98.1686816228303,2.8094050884246826,0.072893887758255,-0.4061004817485809,0.1358828544616699,0.7771819829940796,0.6038839817047119,0.1133499965071678,5,1.0,-0.4800058384452133,-0.7561994933328435,1.0,0,0,0.0170039018400984,0.5903283580491094,-29,150,thymio-01
20,1788307378.3253114,2.798140287399292,-0.3935312628746032,0.9692889812758844,98.06868162283033,2.798140287399292,0.0735009834170341,-0.3935312628746032,0.2924376130104065,0.7711191773414612,0.5596524477005005,-0.0815145894885063,5,1.0,-0.3850084918375415,-0.7684741867589298,1.0,0,0,0.0145366884614551,0.6034751670822244,-39,143,thymio-01
21,1788307378.9332206,2.7940170764923096,-0.3795026242733001,0.79071072702969,97.96868162283032,2.7940170764923096,0.0736941322684288,-0.3795026242733001,0.4115130305290222,0.7325063943862915,0.4783952236175537,-0.2554008364677429,5,-0.7815062709302882,1.0,-0.5982653263340106,1.0,0,0,0.0003846448923492,0.0430707634289273,-5,8,thymio-01
22,1788307379.5406902,2.7940170764923096,-0.3795026242733001,0.79071072702969,97.86868162283032,2.7940170764923096,0.0736941322684288,-0.3795026242733001,0.4115130305290222,0.7325063943862915,0.4783952236175537,-0.2554008364677429,5,-0.7815062709302882,1.0,-0.5982653263340106,1.0,0,0,0.0094919732853185,0.2997712198824478,-12,79,thymio-01
23,1788307380.148776,2.7949113845825195,-0.3729993104934692,0.6056362048966912,97.76868162283031,2.7949113845825195,0.0735516026616096,-0.3729993104934692,0.4561861455440521,0.6992538571357727,0.4293767809867859,-0.3443456292152405,5,-0.782443043351542,1.0,-0.5985717820912407,1.0,0,0,-0.01172894828634,0.4248926627203425,-106,22,thymio-01
24,1788307380.7573397,2.796398401260376,-0.3686037957668304,0.3785391834075082,97.66868162283032,2.796398401260376,0.0735000967979431,-0.3686037957668304,0.4868166446685791,0.6730723977088928,0.3954156637191772,-0.3919562697410583,5,-0.7658317460583707,1.0,-0.5957050458896403,1.0,0,0,-0.0150678190422674,0.4449601555142203,-121,14,thymio-01
25,1788307381.364522,2.796398401260376,-0.3686037957668304,0.3785391834075082,97.56868162283034,2.796398401260376,0.0735000967979431,-0.3686037957668304,0.4868166446685791,0.6730723977088928,0.3954156637191772,-0.3919562697410583,5,-0.7658317460583707,1.0,-0.5957050458896403,1.0,0,0,-0.0150678190422674,0.4385587432073236,-120,13,thymio-01
26,1788307381.9720414,2.81502628326416,-0.3730844259262085,-0.6161276338792385,97.46868162283036,2.81502628326416,0.0733046308159828,-0.3730844259262085,0.5545578598976135,0.5817909240722656,0.2864482998847961,-0.5214713215827942,5,-0.5901101522521242,1.0,-0.1527854055160554,-0.7340864924591368,0,0,-0.0214486150157135,0.4460160440093694,-144,-9,thymio-01
27,1788307382.5794773,2.8356258869171143,-0.393984705209732,-1.230622691528303,97.36868162283037,2.8356258869171143,0.0728129297494888,-0.393984705209732,0.6071100831031799,0.4341535568237304,0.1464408040046692,-0.6492173075675964,5,-0.5711072296654498,1.0,1.0,-0.6830996102539664,0,0,-0.0316969783389527,0.5981650313982491,-203,-22,thymio-01
28,1788307383.187187,2.841057777404785,-0.4097500741481781,-1.321616018706698,97.26868162283036,2.841057777404785,0.072701096534729,-0.4097500741481781,0.6204989552497864,0.3574697077274322,0.0738437324762344,-0.6940775513648987,5,-0.1841448978585715,1.0,1.0,-0.6597731784032479,0,0,-0.0363855911409471,0.3859399019762061,-188,-71,thymio-01
29,1788307383.7953627,2.841057777404785,-0.4097500741481781,-1.321616018706698,97.16868162283036,2.841057777404785,0.072701096534729,-0.4097500741481781,0.6204989552497864,0.3574697077274322,0.0738437324762344,-0.6940775513648987,5,-0.1841448978585715,1.0,1.0,-0.6597731784032479,0,0,-0.0363855911409471,0.6023699909586001,-220,-38,thymio-01
30,1788307384.4037027,2.8246426582336426,-0.4691434800624847,-1.3989017882447323,97.03371263514497,2.8246426582336426,0.072110429406166,-0.4691434800624847,-0.6097288131713867,-0.1142807900905609,0.1366123855113983,0.7723391652107239,5,-0.1701312025671677,1.0,1.0,-0.5926392486133818,0,0,-0.0498795110287102,0.596310596968676,-267,-87,thymio-01
31,1788307385.0115025,2.8246426582336426,-0.4691434800624847,-1.3989017882447323,96.93371263514496,2.8246426582336426,0.072110429406166,-0.4691434800624847,-0.6097288131713867,-0.1142807900905609,0.1366123855113983,0.7723391652107239,5,-0.1701312025671677,1.0,1.0,-0.5926392486133818,0,0,0.1852730379772792,0.5766542655006454,500,500,thymio-01
32,1788307385.6209683,2.7973849773406982,-0.4978369176387787,-1.3656151988691048,96.77175121206515,2.7973849773406982,0.0722270384430885,-0.4978369176387787,0.5720808506011963,-0.04873688519001,-0.2638029158115387,-0.7750846743583679,5,-0.1677735274687575,1.0,1.0,-0.5656631503225343,0,0,0.1875654672446949,0.5836870459968208,500,500,thymio-01
33,1788307386.228263,2.829540252685547,-0.5196525454521179,-1.3203666003094563,96.67175121206516,2.829540252685547,0.0728243961930275,-0.5196525454521179,0.5274864435195923,-0.1892556995153427,-0.346200555562973,-0.7523865699768066,5,-0.4982353778417715,1.0,1.0,-0.4847231983696748,0,0,0.1900728372140056,0.6046709202212681,500,500,thymio-01
34,1788307386.8367314,2.8828771114349365,-0.5209232568740845,-1.2853421685469657,96.57175121206517,2.8828771114349365,0.0714904144406318,-0.5209232568740845,0.5208583474159241,-0.1762290745973587,-0.3531645238399505,-0.7569180130958557,5,-0.2517031147282067,1.0,1.0,-0.5356667181119911,0,0,0.1638169092395077,0.5289800575016371,500,500,thymio-01
35,1788307387.4443746,2.8828771114349365,-0.5209232568740845,-1.2853421685469657,96.47175121206516,2.8828771114349365,0.0714904144406318,-0.5209232568740845,0.5208583474159241,-0.1762290745973587,-0.3531645238399505,-0.7569180130958557,5,-0.2517031147282067,1.0,1.0,-0.5356667181119911,0,0,0.174168587578551,0.5834652713324188,500,500,thymio-01
36,1788307388.0476289,3.089836835861206,-0.5146543979644775,-1.3016545116078149,96.47175121206516,3.089836835861206,0.0712193399667739,-0.5146543979644775,0.5395662784576416,-0.128280684351921,-0.3305710554122925,-0.7636328339576721,5,-0.3389998655475567,-0.1288535183773027,1.0,-0.6463011912568675,0,0,0.1319847180879222,0.5188902216612208,391,500,thymio-01
37,1788307388.6554418,3.1841514110565186,-0.5032294392585754,-1.2914940365797083,96.37175121206518,3.1841514110565186,0.0712543949484825,-0.5032294392585754,0.5436861515045166,-0.1063938215374946,-0.3261684775352478,-0.7659633159637451,5,-0.4539371835115763,0.0362031151228061,1.0,-0.639505839485788,0,0,0.1393081544479985,0.5056115251794844,419,500,thymio-01
38,1788307389.2633097,3.218603610992432,-0.5016581416130066,-1.349177304367014,96.27175121206518,3.218603610992432,0.0716041922569274,-0.5016581416130066,0.5538170337677002,-0.1282338052988052,-0.3123586475849151,-0.7611011862754822,5,-0.5419581608798915,0.1254357570386743,1.0,-0.6187655855405092,0,0,0.149954684922109,0.521335226184888,454,500,thymio-01
39,1788307389.8707242,3.218603610992432,-0.5016581416130066,-1.349177304367014,96.1717512120652,3.218603610992432,0.0716041922569274,-0.5016581416130066,0.5538170337677002,-0.1282338052988052,-0.3123586475849151,-0.7611011862754822,5,-0.5419581608798915,0.1254357570386743,1.0,-0.6187655855405092,0,0,0.1490864441491816,0.5366184596269995,449,500,thymio-01
40,1788307390.4750128,2.951545476913452,-0.2033520340919494,-0.9944422324288058,96.1717512120652,2.951545476913452,0.0801960304379463,-0.2033520340919494,0.4590913355350494,-0.3588454723358154,-0.4673301577568054,-0.6648817658424377,5,-0.9851717770821634,-0.0898947558842367,1.0,-0.7747722898518458,0,0,-0.0,0.4318244318682848,-65,65,thymio-01
41,1788307391.0785654,3.5763473510742188,-0.2770015299320221,-2.652186084937002,96.1717512120652,3.5763473510742188,0.0663956627249717,-0.2770015299320221,0.712989091873169,-0.471423864364624,0.3394686877727508,0.3926413953304291,5,1.0,-0.259714436110271,-0.3794844052170038,-0.882036701780134,0,0,-0.0,0.5531198385437083,-84,84,thymio-01
42,1788307391.6857822,3.5763473510742188,-0.2770015299320221,-2.652186084937002,96.0717512120652,3.5763473510742188,0.0663956627249717,-0.2770015299320221,0.712989091873169,-0.471423864364624,0.3394686877727508,0.3926413953304291,5,1.0,-0.259714436110271,-0.3794844052170038,-0.882036701780134,0,0,-0.0,0.3378571982993592,-51,51,thymio-01
43,1788307392.2887974,10000.0,10000.0,0.0,96.0717512120652,3.5763473510742188,0.0663956627249717,-0.2770015299320221,0.712989091873169,-0.471423864364624,0.3394686877727508,0.3926413953304291,5,1.0,1.0,1.0,1.0,0,0,-0.03,-0.1412026689487914,-85,-128,thymio-01
44,1788307392.8925822,10000.0,10000.0,0.0,96.0717512120652,3.5763473510742188,0.0663956627249717,-0.2770015299320221,0.712989091873169,-0.471423864364624,0.3394686877727508,0.3926413953304291,5,1.0,1.0,1.0,1.0,0,0,0.03,0.0971791242241892,92,121,thymio-01
45,1788307393.495592,10000.0,10000.0,0.0,96.0717512120652,3.5763473510742188,0.0663956627249717,-0.2770015299320221,0.712989091873169,-0.471423864364624,0.3394686877727508,0.3926413953304291,5,1.0,1.0,1.0,1.0,0,0,0.03,-0.0563142348657686,115,98,thymio-01
46,1788307394.098982,10000.0,10000.0,0.0,96.0717512120652,3.5763473510742188,0.0663956627249717,-0.2770015299320221,0.712989091873169,-0.471423864364624,0.3394686877727508,0.3926413953304291,5,1.0,1.0,1.0,1.0,0,0,0.03,-0.1699198717334264,132,81,thymio-01
47,1788307394.7020495,10000.0,10000.0,0.0,96.0717512120652,3.5763473510742188,0.0663956627249717,-0.2770015299320221,0.712989091873169,-0.471423864364624,0.3394686877727508,0.3926413953304291,5,1.0,1.0,1.0,1.0,0,0,0.03,-0.0604232611857104,116,97,thymio-01
48,1788307395.3054888,10000.0,10000.0,0.0,96.0717512120652,3.5763473510742188,0.0663956627249717,-0.2770015299320221,0.712989091873169,-0.471423864364624,0.3394686877727508,0.3926413953304291,5,1.0,1.0,1.0,1.0,0,0,0.03,0.0224282133601323,103,110,thymio-01
49,1788307395.9090254,10000.0,10000.0,0.0,96.0717512120652,3.5763473510742188,0.0663956627249717,-0.2770015299320221,0.712989091873169,-0.471423864364624,0.3394686877727508,0.3926413953304291,5,1.0,1.0,1.0,1.0,0,0,0.03,0.1281693496452447,87,126,thymio-01
50,1788307396.5119646,10000.0,10000.0,0.0,96.0717512120652,3.5763473510742188,0.0663956627249717,-0.2770015299320221,0.712989091873169,-0.471423864364624,0.3394686877727508,0.3926413953304291,5,1.0,1.0,1.0,1.0,0,0,0.03,0.2000793740297864,76,137,thymio-01
51,1788307397.114948,10000.0,10000.0,0.0,96.0717512120652,3.5763473510742188,0.0663956627249717,-0.2770015299320221,0.712989091873169,-0.471423864364624,0.3394686877727508,0.3926413953304291,5,1.0,1.0,1.0,1.0,0,0,0.03,0.2609229732088016,67,146,thymio-01
52,1788307397.7182305,10000.0,10000.0,0.0,96.0717512120652,3.5763473510742188,0.0663956627249717,-0.2770015299320221,0.712989091873169,-0.471423864364624,0.3394686877727508,0.3926413953304291,5,1.0,1.0,1.0,1.0,0,0,0.03,0.3104331732027045,60,153,thymio-01
53,1788307398.3214724,10000.0,10000.0,0.0,96.0717512120652,3.5763473510742188,0.0663956627249717,-0.2770015299320221,0.712989091873169,-0.471423864364624,0.3394686877727508,0.3926413953304291,5,1.0,1.0,1.0,1.0,0,0,0.03,0.3493167933574262,54,159,thymio-01
54,1788307398.9256516,10000.0,10000.0,0.0,96.0717512120652,3.5763473510742188,0.0663956627249717,-0.2770015299320221,0.712989091873169,-0.471423864364624,0.3394686877727508,0.3926413953304291,5,1.0,1.0,1.0,1.0,0,0,0.03,0.3703396164500456,51,163,thymio-01
55,1788307399.5295584,10000.0,10000.0,0.0,96.0717512120652,3.5763473510742188,0.0663956627249717,-0.2770015299320221,0.712989091873169,-0.471423864364624,0.3394686877727508,0.3926413953304291,5,1.0,1.0,1.0,1.0,0,0,0.03,0.3830275183713132,49,164,thymio-01
56,1788307400.133252,10000.0,10000.0,0.0,96.0717512120652,3.5763473510742188,0.0663956627249717,-0.2770015299320221,0.712989091873169,-0.471423864364624,0.3394686877727508,0.3926413953304291,5,1.0,1.0,1.0,1.0,0,0,0.03,0.3930722634978552,47,166,thymio-01
57,1788307400.7362642,10000.0,10000.0,0.0,96.0717512120652,3.5763473510742188,0.0663956627249717,-0.2770015299320221,0.712989091873169,-0.471423864364624,0.3394686877727508,0.3926413953304291,5,1.0,1.0,1.0,1.0,0,0,0.03,0.4007903297630351,46,167,thymio-01
58,1788307401.3399694,10000.0,10000.0,0.0,96.0717512120652,3.5763473510742188,0.0663956627249717,-0.2770015299320221,0.712989091873169,-0.471423864364624,0.3394686877727508,0.3926413953304291,5,1.0,1.0,1.0,1.0,0,0,0.03,0.4066381049199897,45,168,thymio-01
59,1788307401.9432695,10000.0,10000.0,0.0,96.0717512120652,3.5763473510742188,0.0663956627249717,-0.2770015299320221,0.712989091873169,-0.471423864364624,0.3394686877727508,0.3926413953304291,5,1.0,1.0,1.0,1.0,0,0,0.03,0.4110405574868728,45,169,thymio-01
60,1788307402.5460143,10000.0,10000.0,0.0,96.0717512120652,3.5763473510742188,0.0663956627249717,-0.2770015299320221,0.712989091873169,-0.471423864364624,0.3394686877727508,0.3926413953304291,5,1.0,1.0,1.0,1.0,0,0,0.03,0.4121268256269575,44,169,thymio-01
61,1788307403.1496258,2.654168128967285,0.0780756697058677,1.0584680776765296,96.0717512120652,2.654168128967285,0.0840823724865913,0.0780756697058677,0.0193758625537157,0.7937365174293518,0.5585030317306519,0.2401694357395172,5,-0.1411772763848088,-0.4663277261415899,0.0726146680260464,-0.9683898178691628,0,0,0.0,-0.3578865041154718,54,-54,thymio-01
62,1788307403.757615,2.654168128967285,0.0780756697058677,1.0584680776765296,95.9717512120652,2.654168128967285,0.0840823724865913,0.0780756697058677,0.0193758625537157,0.7937365174293518,0.5585030317306519,0.2401694357395172,5,-0.2016557919444519,-0.4911298455296404,0.1071503899459576,-0.9477047713393733,0,0,0.0,-0.2867234616061724,43,-43,thymio-01
63,1788307404.3607914,2.8572041988372803,-0.4017305970191955,-1.2382844630162788,95.9717512120652,2.8572041988372803,0.080299898982048,-0.4017305970191955,-0.4808500111103058,0.2798001170158386,0.3923194408416748,0.7325166463851929,5,0.3570480839477654,-0.9382046072623385,1.0,-0.4874284888182932,0,0,0.0,0.1908052009150243,-29,29,thymio-01
64,1788307404.96901,2.8572041988372803,-0.4017305970191955,-1.2382844630162788,95.8717512120652,2.8572041988372803,0.080299898982048,-0.4017305970191955,-0.4808500111103058,0.2798001170158386,0.3923194408416748,0.7325166463851929,5,0.3570480839477654,-0.9382046072623385,1.0,-0.4874284888182932,0,0,0.0,0.5653209148978041,-85,85,thymio-01
65,1788307405.572045,10000.0,10000.0,0.0,95.8717512120652,2.8572041988372803,0.080299898982048,-0.4017305970191955,-0.4808500111103058,0.2798001170158386,0.3923194408416748,0.7325166463851929,5,1.0,1.0,1.0,1.0,0,0,0.03,0.2437710689297067,70,143,thymio-01
66,1788307406.1748316,10000.0,10000.0,0.0,95.8717512120652,2.8572041988372803,0.080299898982048,-0.4017305970191955,-0.4808500111103058,0.2798001170158386,0.3923194408416748,0.7325166463851929,5,1.0,1.0,1.0,1.0,0,0,0.03,0.2171231873326891,74,139,thymio-01
67,1788307406.7783682,10000.0,10000.0,0.0,95.8717512120652,2.8572041988372803,0.080299898982048,-0.4017305970191955,-0.4808500111103058,0.2798001170158386,0.3923194408416748,0.7325166463851929,5,1.0,1.0,1.0,1.0,0,0,0.03,0.0497298659933851,99,114,thymio-01
68,1788307407.3812308,10000.0,10000.0,0.0,95.8717512120652,2.8572041988372803,0.080299898982048,-0.4017305970191955,-0.4808500111103058,0.2798001170158386,0.3923194408416748,0.7325166463851929,5,1.0,1.0,1.0,1.0,0,0,0.03,-0.1883810121270203,135,78,thymio-01
69,1788307407.983945,10000.0,10000.0,0.0,95.8717512120652,2.8572041988372803,0.080299898982048,-0.4017305970191955,-0.4808500111103058,0.2798001170158386,0.3923194408416748,0.7325166463851929,5,1.0,1.0,1.0,1.0,0,0,0.03,-0.116355150122559,124,89,thymio-01
70,1788307408.5875423,10000.0,10000.0,0.0,95.8717512120652,2.8572041988372803,0.080299898982048,-0.4017305970191955,-0.4808500111103058,0.2798001170158386,0.3923194408416748,0.7325166463851929,5,1.0,1.0,1.0,1.0,0,0,0.03,0.0109481491998323,105,108,thymio-01
71,1788307409.1907432,10000.0,10000.0,0.0,95.8717512120652,2.8572041988372803,0.080299898982048,-0.4017305970191955,-0.4808500111103058,0.2798001170158386,0.3923194408416748,0.7325166463851929,5,1.0,1.0,1.0,1.0,0,0,0.03,0.1181955350693356,89,124,thymio-01
72,1788307409.7944827,10000.0,10000.0,0.0,95.8717512120652,2.8572041988372803,0.080299898982048,-0.4017305970191955,-0.4808500111103058,0.2798001170158386,0.3923194408416748,0.7325166463851929,5,1.0,1.0,1.0,1.0,0,0,0.03,0.2034771134106304,76,137,thymio-01
73,1788307410.3972237,3.359976053237915,-0.7323324084281921,0.8768918868016238,95.8717512120652,3.359976053237915,0.0674572139978408,-0.7323324084281921,0.3463836908340454,0.7766560912132263,0.509299635887146,-0.1320516914129257,5,-0.409608161133855,1.0,1.0,1.0,0,0,-0.0167566991488106,0.2405302052859372,-96,-23,thymio-01
74,1788307411.0048032,3.321739435195923,-0.7237136363983154,0.7902727807405991,95.71459155468176,3.321739435195923,0.0669982954859733,-0.7237136363983154,0.3913794755935669,0.7673700451850891,0.4684931933879852,-0.1961621791124344,5,-0.4543414111379773,1.0,1.0,1.0,0,0,0.0082229244601285,0.4991626504192248,-46,105,thymio-01
75,1788307411.6128302,3.335401058197021,-0.7215726375579834,0.7058472910864726,95.61459155468178,3.335401058197021,0.067593514919281,-0.7215726375579834,0.4283031523227691,0.7359329462051392,0.4398508071899414,-0.2854651212692261,5,-0.4582464117390951,1.0,1.0,1.0,0,0,0.0673153234887362,0.2774556028909496,197,281,thymio-01
76,1788307412.221099,3.335401058197021,-0.7215726375579834,0.7058472910864726,95.5145915546818,3.335401058197021,0.067593514919281,-0.7215726375579834,0.4283031523227691,0.7359329462051392,0.4398508071899414,-0.2854651212692261,5,-0.4582464117390951,1.0,1.0,1.0,0,0,0.047743236776624,0.3705593823148487,114,226,thymio-01
77,1788307412.828513,3.318478584289551,-0.6947910785675049,1.9599658047403103,95.41136808366576,3.318478584289551,0.0703789070248603,-0.6947910785675049,0.2326205223798751,-0.6578247547149658,0.696144163608551,-0.1689308434724807,5,1.0,1.0,-0.4913259374267369,1.0,0,0,0.1908992634422337,-0.0343708517171355,500,500,thymio-01
78,1788307413.4368584,3.301490068435669,-0.6697268486022949,-0.2585442196244072,95.31136808366576,3.301490068435669,0.0704957470297813,-0.6697268486022949,0.5151041746139526,0.6232908964157104,0.3155655264854431,-0.4965829253196716,5,1.0,1.0,1.0,-0.509280942491529,0,0,0.194317349626224,-0.3847418833456865,500,500,thymio-01
79,1788307414.0458035,3.223475456237793,-0.540996789932251,-0.4039875650210072,95.07972652625968,3.223475456237793,0.0711991712450981,-0.540996789932251,0.528261125087738,0.6090964674949646,0.3030711114406585,-0.5080252289772034,5,0.8976116071651175,1.0,1.0,-0.5299083074147186,0,0,0.1493109950392794,-0.0744320842048945,500,500,thymio-01
80,1788307414.6546867,3.223475456237793,-0.540996789932251,-0.4039875650210072,94.97972652625968,3.223475456237793,0.0711991712450981,-0.540996789932251,0.528261125087738,0.6090964674949646,0.3030711114406585,-0.5080252289772034,5,0.8976116071651175,1.0,1.0,-0.5299083074147186,0,0,0.1103578894514102,-0.0137799561128811,394,390,thymio-01
81,1788307415.262812,3.1679704189300537,-0.4647580683231354,-0.2672052581569524,94.82890114668278,3.1679704189300537,0.0714837163686752,-0.4647580683231354,0.5250666737556458,0.6188531517982483,0.3214916884899139,-0.4878205358982086,5,0.83044461925874,1.0,1.0,-0.5090529335669236,0,0,0.1235522415528902,0.0091038928106364,438,440,thymio-01
82,1788307415.870674,3.0866544246673584,-0.3588421046733856,-0.2033801274846163,94.46988580493138,3.0866544246673584,0.0723728165030479,-0.3588421046733856,0.5274091362953186,0.6217808127403259,0.332332581281662,-0.4741131067276001,5,0.7326309572639498,-0.4719661236270549,1.0,0.2039305261589217,0,0,0.1690407341195101,-0.2096382389378203,500,500,thymio-01
83,1788307416.4784136,3.0866544246673584,-0.3588421046733856,-0.2033801274846163,94.3698858049314,3.0866544246673584,0.0723728165030479,-0.3588421046733856,0.5274091362953186,0.6217808127403259,0.332332581281662,-0.4741131067276001,5,0.7326309572639498,-0.4719661236270549,1.0,0.2039305261589217,0,0,0.1405478080155342,-0.1376813228051693,500,479,thymio-01
84,1788307417.0858638,3.025170087814331,-0.2808253467082977,-0.1454542158707572,94.10327211828968,3.025170087814331,0.0727158933877945,-0.2808253467082977,0.5235279202461243,0.6289547085762024,0.3338497877120971,-0.4678449332714081,5,0.6646614302603076,-0.4267470005951934,1.0,0.1829547105113003,0,0,0.124373549277413,-0.0723953102066399,453,431,thymio-01
85,1788307417.6941478,2.8981659412384038,-0.1492753773927688,0.1870345593859683,93.6398261876649,2.8981659412384038,0.0754565075039863,-0.1492753773927688,0.5066186189651489,0.6577898263931274,0.3706388473510742,-0.4162655174732208,5,0.5577651402595409,-0.3498358098509254,1.0,0.1144854220784477,0,0,0.1525871183823174,-0.1496727635365146,500,500,thymio-01
86,1788307418.3017633,2.8981659412384038,-0.1492753773927688,0.1870345593859683,93.5398261876649,2.8981659412384038,0.0754565075039863,-0.1492753773927688,0.5066186189651489,0.6577898263931274,0.3706388473510742,-0.4162655174732208,5,0.5577651402595409,-0.3498358098509254,1.0,0.1144854220784477,0,0,0.1354428102544903,-0.1270115859514,500,462,thymio-01
87,1788307418.9104486,2.822387456893921,-0.0818340554833412,0.2699878123282508,93.15932557457704,2.822387456893921,0.0763071551918983,-0.0818340554833412,0.4970524609088897,0.6619629859924316,0.3823784589767456,-0.4105246365070343,5,0.5089816489273724,-0.3714941850773644,1.0,0.0683646777677415,0,0,0.1156486639996982,-0.0632144448710405,420,401,thymio-01
88,1788307419.517972,2.715972185134888,-0.0018635466694831,0.480260268056794,92.54336025755715,2.715972185134888,0.0789143666625022,-0.0018635466694831,0.4698818027973175,0.6959438920021057,0.3963856995105743,-0.3711490631103515,5,1.0,-0.3306695484191295,0.4577049181625787,-0.0059520112681965,0,0,0.1908712652523164,-0.3653008726134846,500,500,thymio-01
89,1788307420.1251836,2.715972185134888,-0.0018635466694831,0.480260268056794,92.44336025755716,2.715972185134888,0.0789143666625022,-0.0018635466694831,0.4698818027973175,0.6959438920021057,0.3963856995105743,-0.3711490631103515,5,1.0,-0.3306695484191295,0.4577049181625787,-0.0059520112681965,0,0,0.1861068428993156,-0.2615116002922149,500,500,thymio-01
90,1788307420.7347963,2.571386814117432,0.0919688567519187,0.5841791073746836,91.81336696969164,2.571386814117432,0.0805497244000434,0.0919688567519187,0.455080509185791,0.7024320363998413,0.416229099035263,-0.3553086519241333,5,0.5161155527184909,-0.1790807659471789,0.4174426217001328,-0.1673151111923091,0,0,0.1305912397374952,-0.0909349856236678,478,450,thymio-01
91,1788307421.342759,2.571386814117432,0.0919688567519187,0.5841791073746836,91.71336696969163,2.571386814117432,0.0805497244000434,0.0919688567519187,0.455080509185791,0.7024320363998413,0.416229099035263,-0.3553086519241333,5,0.5161155527184909,-0.1790807659471789,0.4174426217001328,-0.1673151111923091,0,0,0.0655984717737371,-0.0455729032789446,240,226,thymio-01
92,1788307421.950605,2.489876508712769,0.1380637884140014,0.6262035815756519,91.39831556883308,2.489876508712769,0.0814775675535202,0.1380637884140014,0.4477881193161011,0.7100964188575745,0.4232286214828491,-0.3407734930515289,5,0.4154065196250951,-0.0708700922376577,0.4142023810546336,-0.2524275558584962,0,0,0.0233205624930937,0.100688936053363,68,98,thymio-01
93,1788307422.5584905,2.3862051963806152,0.1886934638023376,0.6843193104994523,91.0990537679796,2.3862051963806152,0.0826620087027549,0.1886934638023376,0.4388960003852844,0.7161531448364258,0.4411446750164032,-0.3160481750965118,5,0.250384351423297,0.1598145919156219,0.430979047296683,-0.3843397139692108,0,0,0.0289018472227346,0.1787083971344241,76,130,thymio-01
94,1788307423.165962,2.3862051963806152,0.1886934638023376,0.6843193104994523,90.9990537679796,2.3862051963806152,0.0826620087027549,0.1886934638023376,0.4388960003852844,0.7161531448364258,0.4411446750164032,-0.3160481750965118,5,0.250384351423297,0.1598145919156219,0.430979047296683,-0.3843397139692108,0,0,0.040902443888875,0.2660620506098875,105,186,thymio-01
95,1788307423.7754526,2.371030569076538,0.19826640188694,0.6204752951407229,90.8990537679796,2.371030569076538,0.0826576873660087,0.19826640188694,0.4511802494525909,0.7054123878479004,0.427085131406784,-0.3412157297134399,5,0.2016880516499044,0.2294530628210551,0.442314367489778,-0.4106589283887737,0,0,0.0454145590881073,0.3740511467336238,105,218,thymio-01
96,1788307424.3838212,2.3367068767547607,0.2349120825529098,0.0944903318439278,90.7990537679796,2.3367068767547607,0.0830394849181175,0.2349120825529098,0.5077700614929199,0.648283064365387,0.3593438267707824,-0.4390566349029541,5,1.0,0.362697112494498,0.4657095050059427,-0.4512835742830603,0,0,0.1880546964796269,0.4045262750927725,500,500,thymio-01
97,1788307424.992228,2.3367068767547607,0.2349120825529098,0.0944903318439278,90.69905376797962,2.3367068767547607,0.0830394849181175,0.2349120825529098,0.5077700614929199,0.648283064365387,0.3593438267707824,-0.4390566349029541,5,1.0,0.362697112494498,0.4657095050059427,-0.4512835742830603,0,0,0.1871652136235285,0.5662166972600473,500,500,thymio-01
98,1788307425.6004317,2.3230347633361816,0.2585492134094238,-0.398120138781064,90.59905376797964,2.3230347633361816,0.0832082405686378,0.2585492134094238,0.5455161929130554,0.6017755270004272,0.3172237277030945,-0.4895379245281219,5,0.4739631855160724,1.0,0.3992933175263693,-0.4794124613236904,0,0,0.0500188985434611,-0.0556852433233041,186,169,thymio-01
99,1788307426.2078068,2.2138912677764893,0.4043158292770386,-0.1639354962004793,90.23882015434988,2.2138912677764893,0.0856747254729271,0.4043158292770386,0.5227354764938354,0.6292508840560913,0.3284782171249389,-0.472115695476532,5,0.4817059453905947,0.5408153026187914,1.0,-0.6574573659167763,0,0,0.0666014152995957,0.3524486752512975,183,290,thymio-01
100,1788307426.8152258,2.1903560161590576,0.4353592991828918,-0.2806498901559311,90.13882015434989,2.1903560161590576,0.0859753191471099,0.4353592991828918,0.5324768424034119,0.6178656220436096,0.3188084363937378,-0.4827751219272613,5,0.4912261009391843,-0.6954100585148311,1.0,-0.298648778535293,0,0,0.0890660753078588,-0.2741118142805408,358,275,thymio-01
101,1788307427.4225209,2.1903560161590576,0.4353592991828918,-0.2806498901559311,90.03882015434989,2.1903560161590576,0.0859753191471099,0.4353592991828918,0.5324768424034119,0.6178656220436096,0.3188084363937378,-0.4827751219272613,5,0.4912261009391843,-0.6954100585148311,1.0,-0.298648778535293,0,0,0.0896461919350095,-0.0705261025973209,329,308,thymio-01
102,1788307428.0303092,2.152453184127808,0.4956773817539215,-0.4007816943455866,89.93428761385414,2.152453184127808,0.0861061140894889,0.4956773817539215,0.5518708229064941,0.6015533208847046,0.3146007657051086,-0.4843538999557495,5,0.4923025307930007,-0.6748969995551606,1.0,-0.3724439519199852,0,0,0.0333457030894127,0.2264433600306581,84,153,thymio-01
103,1788307428.6387973,2.0955934524536133,0.5641765594482422,-0.1865754058638637,89.75677560396798,2.0955934524536133,0.0871740877628326,0.5641765594482422,0.5290402173995972,0.6251733303070068,0.3302656412124634,-0.4692541062831878,5,1.0,-0.6280422631896301,0.508200745679992,-0.4270023528651496,0,0,0.0427635050988843,-0.3186539814433319,200,104,thymio-01
104,1788307429.2468436,2.074601650238037,0.5919237732887268,-0.1472566314958392,89.65677560396799,2.074601650238037,0.0874330550432205,0.5919237732887268,0.5263248682022095,0.629967451095581,0.3317148387432098,-0.4648531079292297,5,1.0,-0.6224218162318561,0.5145921061605041,-0.4104409786278131,0,0,0.0438932149373969,-0.4075352449363613,217,94,thymio-01
105,1788307429.8543146,2.074601650238037,0.5919237732887268,-0.1472566314958392,89.55677560396799,2.074601650238037,0.0874330550432205,0.5919237732887268,0.5263248682022095,0.629967451095581,0.3317148387432098,-0.4648531079292297,5,1.0,-0.6224218162318561,0.5145921061605041,-0.4104409786278131,0,0,0.0438932149373969,-0.1871279681634525,184,128,thymio-01
106,1788307430.4629447,2.052532911300659,0.608087420463562,0.2529375436068721,89.456775603968,2.052532911300659,0.0876508653163909,0.608087420463562,0.4974624514579773,0.6664013266563416,0.3734928667545318,-0.4110273718833923,5,1.0,-0.6317690740532322,0.5277904947371317,-0.3799594900941405,0,0,0.0420144161153003,-0.2059573819644859,180,118,thymio-01
107,1788307431.071278,1.9887274503707888,0.6348472237586975,0.7165322956486908,89.12532093063652,1.9887274503707888,0.0881238877773284,0.6348472237586975,0.4305267333984375,0.7226929664611816,0.4466027915477752,-0.3048074245452881,5,1.0,0.4979620006026872,0.5737705160696192,-0.6156219207633333,0,0,0.0452599939265699,-0.191947401057067,190,132,thymio-01
108,1788307431.6791077,1.9887274503707888,0.6348472237586975,0.7165322956486908,89.02532093063652,1.9887274503707888,0.0881238877773284,0.6348472237586975,0.4305267333984375,0.7226929664611816,0.4466027915477752,-0.3048074245452881,5,1.0,0.4979620006026872,0.5737705160696192,-0.6156219207633333,0,0,0.0452599939265699,-0.1976194314391358,191,131,thymio-01
109,1788307432.2865057,1.9495275020599363,0.6432420015335083,0.8342944449441343,88.85377461644468,1.9495275020599363,0.0879782140254974,0.6432420015335083,0.3920777142047882,0.7471171617507935,0.4742386043071747,-0.2513737976551056,5,1.0,0.4951464493019759,0.6062591850971122,-0.5725419111670448,0,0,0.05,-0.1918517171388571,207,149,thymio-01
110,1788307432.894251,1.8901041746139529,0.6461693644523621,0.9153155017070018,88.58375999367333,1.8901041746139529,0.0883415415883064,0.6461693644523621,0.3474448919296264,0.765037477016449,0.5142102837562561,-0.1720101237297058,5,1.0,0.5414165084544069,0.6609472516336119,-0.5653089553632169,0,0,0.178323172986043,-0.1928573271890846,500,500,thymio-01
111,1788307433.5020204,1.822614312171936,0.6406818628311157,0.9611898524731526,88.39475712951594,1.822614312171936,0.088790088891983,0.6406818628311157,0.3095222413539886,0.7738752365112305,0.5398542881011963,-0.1177733689546585,5,-0.3483665422201119,0.6222250496865835,0.7269296323857992,-0.5411966081400197,0,0,-0.007298060371965,0.1237348795625039,-45,-7,thymio-01
112,1788307434.1094632,1.822614312171936,0.6406818628311157,0.9611898524731526,88.29475712951594,1.822614312171936,0.088790088891983,0.6406818628311157,0.3095222413539886,0.7738752365112305,0.5398542881011963,-0.1177733689546585,5,-0.3483665422201119,0.6222250496865835,0.7269296323857992,-0.5411966081400197,0,0,-0.0064577255538179,0.5422817073119237,-105,59,thymio-01
113,1788307434.7175815,1.7913949489593506,0.6362001299858093,0.9906425651055226,88.19475712951595,1.7913949489593506,0.0893177613615989,0.6362001299858093,0.2792834341526031,0.7837151885032654,0.548300564289093,-0.0846033915877342,5,-0.3398149441215427,0.6151824774302486,0.7590088575753815,-0.5357222331802995,0,0,0.1560947199621875,0.6273188482628308,460,500,thymio-01
114,1788307435.326317,1.7862924337387085,0.6388407945632935,0.916509192215166,88.09475712951595,1.7862924337387085,0.0891444757580757,0.6388407945632935,0.3458853960037231,0.7679880261421204,0.5103862881660461,-0.1733888536691665,5,-0.2618446401784227,0.7031375730582723,0.7670772875646026,-0.5150619087583381,0,0,0.1816109896436498,0.6122072331138672,500,500,thymio-01
115,1788307435.9338737,1.7862924337387085,0.6388407945632935,0.916509192215166,87.99475712951596,1.7862924337387085,0.0891444757580757,0.6388407945632935,0.3458853960037231,0.7679880261421204,0.5103862881660461,-0.1733888536691665,5,-0.2618446401784227,0.7031375730582723,0.7670772875646026,-0.5150619087583381,0,0,0.1829964178456142,0.5985986287492496,500,500,thymio-01
116,1788307436.54168,1.668760061264038,0.6458193063735962,0.928217853215096,87.62565038772642,1.668760061264038,0.0900312364101409,0.6458193063735962,0.3431020677089691,0.7640665769577026,0.5188213586807251,-0.1711950749158859,5,-0.3592946046581585,0.8579835976822276,0.8738616333164875,-0.5120707399597036,0,0,0.1878424565462848,0.6075813533906989,500,500,thymio-01
117,1788307437.1498897,1.557492971420288,0.6449735164642334,0.9556519899073024,87.17578088227181,1.557492971420288,0.0906664729118347,0.6449735164642334,0.3204681873321533,0.773461639881134,0.5278370976448059,-0.1429866254329681,5,-0.4336751727814977,0.971433538712779,0.9778127436439374,-0.5188395676043726,0,0,0.1926351259530946,0.6160933929774277,500,500,thymio-01
118,1788307437.758304,1.557492971420288,0.6449735164642334,0.9556519899073024,87.07578088227181,1.557492971420288,0.0906664729118347,0.6449735164642334,0.3204681873321533,0.773461639881134,0.5278370976448059,-0.1429866254329681,5,-0.4336751727814977,0.971433538712779,0.9778127436439374,-0.5188395676043726,0,0,0.1950250587700844,0.6203646119643939,500,500,thymio-01
119,1788307438.366552,1.4506880044937134,0.6389054656028748,0.9631910147960544,86.47289817642506,1.4506880044937134,0.0911016687750816,0.6389054656028748,0.3113296031951904,0.776398241519928,0.5327361226081848,-0.1283433437347412,5,-0.5127896585183346,-0.5287605216350282,1.0,1.0,0,0,0.1453480756065477,0.4207406599508854,453,500,thymio-01
120,1788307438.9752538,1.253032088279724,0.6155635714530945,0.9779510323070264,85.18337979340006,1.253032088279724,0.0916473791003227,0.6155635714530945,0.293800801038742,0.7799755930900574,0.5430400371551514,-0.1021111980080604,5,-0.619426514266886,-0.5415070500307191,1.0,1.0,0,0,0.1406882807045208,0.2571167618972881,461,500,thymio-01
121,1788307439.5832596,1.1599256992340088,0.605672299861908,0.972033392477364,84.68544309143844,1.1599256992340088,0.0918909087777137,0.605672299861908,0.3034068346023559,0.7765312194824219,0.5397543907165527,-0.1166570782661438,5,1.0,-0.5248775562473523,-0.6199641721481934,1.0,0,0,0.0443872013982131,-0.2424781882701394,194,121,thymio-01
122,1788307440.190955,1.1599256992340088,0.605672299861908,0.972033392477364,84.58544309143845,1.1599256992340088,0.0918909087777137,0.605672299861908,0.3034068346023559,0.7765312194824219,0.5397543907165527,-0.1166570782661438,5,1.0,-0.5248775562473523,-0.6199641721481934,1.0,0,0,0.0443872013982131,-0.130395909925455,177,138,thymio-01
123,1788307440.7997596,1.083977222442627,0.5960754752159119,0.9703213163608186,84.16953810457277,1.083977222442627,0.0923511609435081,0.5960754752159119,0.2933587431907654,0.7827851176261902,0.5404451489448547,-0.0954317152500152,5,1.0,-0.5211155636836114,-0.5642411148809955,1.0,0,0,0.05,0.0490379950117736,170,185,thymio-01
124,1788307441.4070854,1.0316027402877808,0.5786209106445312,1.0018708242589298,83.81953717295895,1.0316027402877808,0.0929224267601966,0.5786209106445312,0.2489115893840789,0.7846159934997559,0.5667911767959595,-0.0341849252581596,5,1.0,-0.4851302856522553,-0.5047166340278286,1.0,0,0,0.05,0.1042132053256191,162,193,thymio-01
125,1788307442.0154982,1.0316027402877808,0.5786209106445312,1.0018708242589298,83.71953717295895,1.0316027402877808,0.0929224267601966,0.5786209106445312,0.2489115893840789,0.7846159934997559,0.5667911767959595,-0.0341849252581596,5,1.0,-0.4851302856522553,-0.5047166340278286,1.0,0,0,0.1370370133863399,0.1544555193935309,464,500,thymio-01
126,1788307442.624614,0.9557461738586426,0.5588237047195435,0.9863959293027732,83.25940825786813,0.9557461738586426,0.0931693091988563,0.5588237047195435,0.2715179622173309,0.7849755883216858,0.5531489253044128,-0.0641696900129318,5,1.0,-0.3743900828164471,-0.4548944114792717,1.0,0,0,0.1284165711937462,0.1587577296133395,432,480,thymio-01
127,1788307443.2322364,0.9557461738586426,0.5588237047195435,0.9863959293027732,83.15940825786814,0.9557461738586426,0.0931693091988563,0.5588237047195435,0.2715179622173309,0.7849755883216858,0.5531489253044128,-0.0641696900129318,5,1.0,-0.3743900828164471,-0.4548944114792717,1.0,0,0,0.1310510762670702,0.1780473644714072,439,493,thymio-01
128,1788307443.8403895,0.8401833772659302,0.5341922044754028,0.9772706611678288,82.44999793626381,0.8401833772659302,0.0939780697226524,0.5341922044754028,0.2818180918693542,0.7845827341079712,0.5468667149543762,-0.0771055966615676,5,1.0,-0.2651579930758762,-0.3786993481635441,1.0,0,0,0.1307504802187564,0.1753308968366448,438,491,thymio-01
129,1788307444.4483492,0.7252207398414612,0.5158931612968445,0.965652900557135,81.74555353010274,0.7252207398414612,0.0947223007678985,0.5158931612968445,0.2984235286712646,0.7778851389884949,0.5442594289779663,-0.0980803295969963,5,1.0,-0.161488710970534,-0.3164279344333366,1.0,0,0,0.1286777363382864,0.2546784859547504,419,496,thymio-01
130,1788307445.0558329,0.7252207398414612,0.5158931612968445,0.965652900557135,81.64555353010275,0.7252207398414612,0.0947223007678985,0.5158931612968445,0.2984235286712646,0.7778851389884949,0.5442594289779663,-0.0980803295969963,5,1.0,-0.161488710970534,-0.3164279344333366,1.0,0,0,0.1315886939248801,0.2442730754187609,431,500,thymio-01
131,1788307445.6653624,0.6326542496681213,0.5052485466003418,0.9648351406440128,81.08329204064617,0.6326542496681213,0.0954739153385162,0.5052485466003418,0.3068927824497223,0.7733410596847534,0.5428798198699951,-0.1142010167241096,5,1.0,-0.0600946739347358,-0.2764837263028941,1.0,0,0,0.1176175610163812,0.3539882172507212,364,471,thymio-01
132,1788307446.2732434,0.4631592929363251,0.5061079859733582,0.9016237724296516,80.02708398085721,0.4631592929363251,0.0972759276628494,0.5061079859733582,-0.3563024997711181,-0.7592464685440063,-0.5148823261260986,0.1774534583091735,5,1.0,0.1651889504234169,-0.2324398994208967,1.0,0,0,0.1027293427941282,0.5443186893694292,283,447,thymio-01
133,1788307446.8812473,0.4631592929363251,0.5061079859733582,0.9016237724296516,79.92708398085722,0.4631592929363251,0.0972759276628494,0.5061079859733582,-0.3563024997711181,-0.7592464685440063,-0.5148823261260986,0.1774534583091735,5,1.0,0.1651889504234169,-0.2324398994208967,1.0,0,0,0.0915517143443624,0.5515097342244408,242,409,thymio-01
134,1788307447.4893155,0.3786448240280151,0.5233460664749146,0.8218192913371447,79.41398593795198,0.3786448240280151,0.0982296094298362,0.5233460664749146,-0.3992829620838165,-0.739980936050415,-0.4803664684295654,0.2494986057281494,5,1.0,1.0,-0.1956394364213817,1.0,0,0,0.0547484191741338,-0.1588809763855537,219,171,thymio-01
135,1788307448.0968952,0.3117371201515198,0.5476025938987732,0.8146888512853399,79.00737887238827,0.3117371201515198,0.0984067991375923,0.5476025938987732,0.3997676968574524,0.7425010800361633,0.4777241945266723,-0.2462877631187439,5,1.0,1.0,-0.2051285433601196,1.0,0,0,0.1478363837871674,-0.0462190920798985,500,500,thymio-01
136,1788307448.7049365,0.2347268611192703,0.565268874168396,0.8419907325133105,78.49067156872411,0.2347268611192703,0.0995173379778862,0.565268874168396,0.3904193937778473,0.7445250749588013,0.4893490970134735,-0.231932133436203,5,1.0,1.0,-0.186308182236317,1.0,0,0,0.1463528329921877,0.0121791748470557,500,500,thymio-01
137,1788307449.3126953,0.2347268611192703,0.565268874168396,0.8419907325133105,78.39067156872412,0.2347268611192703,0.0995173379778862,0.565268874168396,0.3904193937778473,0.7445250749588013,0.4893490970134735,-0.231932133436203,5,1.0,1.0,-0.186308182236317,1.0,0,0,0.1433354913737252,0.0254368095373796,500,500,thymio-01
138,1788307449.9211726,0.1587254405021667,0.5786126255989075,0.848037997996681,77.93102395822508,0.1587254405021667,0.1005289182066917,0.5786126255989075,0.3857380747795105,0.7472968697547913,0.4962824583053589,-0.2155393213033676,5,1.0,1.0,-0.1420825925153909,1.0,0,0,0.1433132636876105,0.0114861891632178,500,500,thymio-01
139,1788307450.5285244,0.0201908480376005,0.5938318371772766,0.8734621655094177,77.15532449349057,0.0201908480376005,0.1017877608537674,0.5938318371772766,0.3687529265880584,0.7553831338882446,0.5100859999656677,-0.1822906881570816,5,1.0,1.0,-0.0749879872412748,1.0,0,0,0.1431297960528745,0.0018741154052306,500,500,thymio-01
140,1788307451.1362524,-0.1608902812004089,0.6033143401145935,0.9014998813750408,76.12665519731962,-0.1608902812004089,0.103706918656826,0.6033143401145935,0.3512314856052398,0.7597178816795349,0.5243691205978394,-0.1565320044755935,5,1.0,1.0,-0.029196499005293,1.0,0,0,0.1427333720274378,0.0028700429020951,500,500,thymio-01
141,1788307451.745156,-0.1608902812004089,0.6033143401145935,0.9014998813750408,76.02665519731963,-0.1608902812004089,0.103706918656826,0.6033143401145935,0.3512314856052398,0.7597178816795349,0.5243691205978394,-0.1565320044755935,5,1.0,1.0,-0.029196499005293,1.0,0,0,0.1415538152541312,0.0147266968406025,500,500,thymio-01
142,1788307452.3530047,-0.2542885243892669,0.6030537486076355,0.931488055621891,75.39898439986298,-0.2542885243892669,0.1049193739891052,0.6030537486076355,0.3383665680885315,0.7606369256973267,0.5328470468521118,-0.1517027467489242,5,1.0,1.0,0.0076948873340776,1.0,0,0,0.1425012141275185,0.006956896173998,500,500,thymio-01
143,1788307452.961784,-0.3755529224872589,0.5970026254653931,0.96024361673331,74.72477227509232,-0.3755529224872589,0.105317011475563,0.5970026254653931,0.3217450380325317,0.7634130120277405,0.5427069067955017,-0.1383831053972244,5,1.0,1.0,0.0606806675035145,1.0,0,0,0.1428755393373718,-0.0029723930426335,500,500,thymio-01
144,1788307453.5695868,-0.3755529224872589,0.5970026254653931,0.96024361673331,74.62477227509233,-0.3755529224872589,0.105317011475563,0.5970026254653931,0.3217450380325317,0.7634130120277405,0.5427069067955017,-0.1383831053972244,5,1.0,1.0,0.0606806675035145,1.0,0,0,0.1415849054315012,0.0034357997414686,500,500,thymio-01
145,1788307454.1788132,-0.499191015958786,0.5848470330238342,0.9675457081280854,73.93633185559693,-0.499191015958786,0.1051927879452705,0.5848470330238342,0.307077407836914,0.7707182168960571,0.5463689565658569,-0.1147951781749725,5,1.0,1.0,0.1470261466904889,1.0,0,0,0.1421567252511699,-0.0107691302208219,500,500,thymio-01
146,1788307454.7872918,-0.6755179166793823,0.5578975081443787,0.9763297307550384,72.83291573104258,-0.6755179166793823,0.1057991534471511,0.5578975081443787,-0.2910327613353729,-0.77568119764328,-0.5528037548065186,0.0895925089716911,5,1.0,1.0,0.2483667219590557,1.0,0,0,0.1416164110427111,-0.0174942350550571,500,500,thymio-01
147,1788307455.3951008,-0.6755179166793823,0.5578975081443787,0.9763297307550384,72.73291573104258,-0.6755179166793823,0.1057991534471511,0.5578975081443787,-0.2910327613353729,-0.77568119764328,-0.5528037548065186,0.0895925089716911,5,1.0,1.0,0.2483667219590557,1.0,0,0,0.1392917796688952,-0.0030320577778119,495,494,thymio-01
148,1788307456.003338,-0.710086464881897,0.5519092679023743,2.1013576991042786,72.52686763623416,-0.710086464881897,0.1062117516994476,0.5519092679023743,0.1266244947910308,0.5125828385353088,-0.7272345423698425,0.4385831356048584,5,1.0,0.2745821881404029,1.0,1.0,0,0,0.1480058124921972,-0.2415814372328735,500,489,thymio-01
149,1788307456.6070354,-0.9265987873077391,0.4959045350551605,1.0096542446341763,72.52686763623416,-0.9265987873077391,0.1063225418329238,0.4959045350551605,0.2494618594646453,0.7829470634460449,0.5683571100234985,-0.0416301041841506,5,1.0,1.0,0.4504404366973815,1.0,0,0,0.120322898896808,-0.0522360668237673,435,420,thymio-01
150,1788307457.21429,-0.9265987873077391,0.4959045350551605,1.0096542446341763,72.42686763623416,-0.9265987873077391,0.1063225418329238,0.4959045350551605,0.2494618594646453,0.7829470634460449,0.5683571100234985,-0.0416301041841506,5,1.0,1.0,0.4504404366973815,1.0,0,0,0.1346095621509064,-0.0285601301113891,483,474,thymio-01
151,1788307457.822234,-0.9875134825706482,0.4728270173072815,1.0219834218712975,72.05710268943739,-0.9875134825706482,0.1060446873307228,0.4728270173072815,0.2268538773059845,0.7856648564338684,0.5753872990608215,-0.014054131694138,5,1.0,1.0,0.5097344788385729,1.0,0,0,0.1304917903945215,-0.0411478311354767,470,457,thymio-01
152,1788307458.4304268,-1.146633505821228,0.377782255411148,1.0317334559705564,71.04286570123817,-1.146633505821228,0.1053480878472328,0.377782255411148,-0.1643034666776657,-0.7800555229187012,-0.59925377368927,-0.0735718980431556,5,1.0,1.0,0.6971248725050878,1.0,0,0,0.1217257779222929,-0.0429345461166903,439,426,thymio-01
153,1788307459.038715,-1.2254095077514648,0.3197008967399597,1.033081943852027,70.54808518336736,-1.2254095077514648,0.1046896874904632,0.3197008967399597,-0.1521036922931671,-0.7767846584320068,-0.6045902967453003,-0.0891102477908134,5,1.0,1.0,0.7980238182552484,1.0,0,0,0.1120238542105847,-0.0122547071762102,400,396,thymio-01
154,1788307459.6469214,-1.2254095077514648,0.3197008967399597,1.033081943852027,70.44808518336737,-1.2254095077514648,0.1046896874904632,0.3197008967399597,-0.1521036922931671,-0.7767846584320068,-0.6045902967453003,-0.0891102477908134,5,1.0,1.0,0.7980238182552484,1.0,0,0,0.112305162540036,0.0059927764005183,398,400,thymio-01
155,1788307460.254798,-1.3165348768234253,0.2437573075294494,2.5976015269829107,69.91954680393698,-1.3165348768234253,0.1040136814117431,0.2437573075294494,-0.3079439997673034,-0.388113796710968,0.6660099029541016,-0.5576460361480713,5,1.0,0.9126862071473658,1.0,1.0,0,0,0.1312161334716318,-0.1398693247312038,487,445,thymio-01
156,1788307460.8625443,-1.3165348768234253,0.2437573075294494,2.5976015269829107,69.81954680393699,-1.3165348768234253,0.1040136814117431,0.2437573075294494,-0.3079439997673034,-0.388113796710968,0.6660099029541016,-0.5576460361480713,5,1.0,0.9126862071473658,1.0,1.0,0,0,0.1204633778021059,-0.0966052197028528,443,413,thymio-01
157,1788307461.471691,-1.4083398580551147,0.1626592874526977,1.033772200373222,69.28395426217696,-1.4083398580551147,0.1041164770722389,0.1626592874526977,-0.1266979724168777,-0.7771636843681335,-0.6043598055839539,-0.1212992668151855,5,1.0,1.0,1.0,1.0,0,0,0.0546244022361044,0.109735728840001,178,211,thymio-01
158,1788307462.0793412,-1.4083398580551147,0.1626592874526977,1.033772200373222,69.18395426217697,-1.4083398580551147,0.1041164770722389,0.1626592874526977,-0.1266979724168777,-0.7771636843681335,-0.6043598055839539,-0.1212992668151855,5,1.0,1.0,1.0,1.0,0,0,0.1040692007492471,0.0820348206951616,357,382,thymio-01
159,1788307462.6875615,-1.5102643966674805,0.0558818466961383,1.0219781068282794,68.51781400483806,-1.5102643966674805,0.1034823730587959,0.0558818466961383,-0.0954870879650116,-0.767480731010437,-0.6114102005958557,-0.1674311757087707,5,1.0,1.0,1.0,1.0,0,0,0.0795643904448725,0.0633013921744099,273,292,thymio-01
160,1788307463.2956114,-1.5760895013809204,-0.0067545329220592,1.029022473756501,68.13415203293768,-1.5760895013809204,0.103283978998661,-0.0067545329220592,0.1130557805299758,0.772742748260498,0.6082929968833923,0.1416565626859665,5,1.0,1.0,1.0,1.0,0,0,0.0902354897927934,0.0714726854340097,310,331,thymio-01
161,1788307463.9053512,-1.5760895013809204,-0.0067545329220592,1.029022473756501,68.03415203293768,-1.5760895013809204,0.103283978998661,-0.0067545329220592,0.1130557805299758,0.772742748260498,0.6082929968833923,0.1416565626859665,5,1.0,1.0,1.0,1.0,0,0,0.0856248320968759,0.0763458805289013,293,316,thymio-01
162,1788307464.513289,-1.6443179845809937,-0.0700324401259422,1.0299587403118204,67.59884781750036,-1.6443179845809937,0.1033844202756881,-0.0700324401259422,-0.119352638721466,-0.7715880274772644,-0.6104793548583984,-0.1331242024898529,5,1.0,1.0,1.0,1.0,0,0,0.0881314791036118,0.0800596120086767,301,325,thymio-01
163,1788307465.1212556,-1.720400333404541,-0.1323721706867218,2.5557050412747984,67.11758349618697,-1.720400333404541,0.103150188922882,-0.1323721706867218,0.2996129095554352,0.3970144391059875,-0.6694726943969727,0.5517409443855286,5,1.0,1.0,1.0,1.0,0,0,0.1446575323126876,-0.1871560935057749,500,486,thymio-01
164,1788307465.7287884,-1.720400333404541,-0.1323721706867218,2.5557050412747984,67.01758349618697,-1.720400333404541,0.103150188922882,-0.1323721706867218,0.2996129095554352,0.3970144391059875,-0.6694726943969727,0.5517409443855286,5,1.0,1.0,1.0,1.0,0,0,0.1213163338703836,-0.1074183202711858,447,415,thymio-01
165,1788307466.3371408,-1.7866084575653076,-0.1849943995475769,1.027474866838574,66.63845841111528,-1.7866084575653076,0.1038392186164856,-0.1849943995475769,0.1413881480693817,0.7741772532463074,0.6075195074081421,0.1076058819890022,5,1.0,1.0,1.0,1.0,0,0,0.0330268803667314,0.1669998903376966,92,143,thymio-01
166,1788307466.945614,-1.8880099058151243,-0.2796039879322052,1.022999265085728,65.91789674339603,-1.8880099058151243,0.1040976345539093,-0.2796039879322052,0.1113295927643776,0.7711610198020935,0.6090399622917175,0.1482793241739273,5,1.0,1.0,1.0,1.0,0,0,0.1108727534003465,0.0967041809687561,379,409,thymio-01
167,1788307467.554001,-1.8880099058151243,-0.2796039879322052,1.022999265085728,65.81789674339603,-1.8880099058151243,0.1040976345539093,-0.2796039879322052,0.1113295927643776,0.7711610198020935,0.6090399622917175,0.1482793241739273,5,1.0,1.0,1.0,1.0,0,0,0.0778514533068287,0.0768974463516842,265,288,thymio-01
168,1788307468.1621406,-1.922670602798462,-0.3059734106063843,1.0264352110162855,65.60291838159878,-1.922670602798462,0.1044509708881378,-0.3059734106063843,0.1384615004062652,0.7756507396697998,0.6054842472076416,0.1121749132871627,5,1.0,1.0,1.0,1.0,0,0,0.0906478169349908,0.0818723554581491,310,334,thymio-01
169,1788307468.770755,-1.9709141254425049,-0.3435418009757995,1.0311994729602372,65.30179594735162,-1.9709141254425049,0.1049835160374641,-0.3435418009757995,0.1379059851169586,0.7751338481903076,0.6068373322486877,0.1090782433748245,5,1.0,1.0,1.0,1.0,0,0,0.0848182536064842,0.0845649012020335,289,314,thymio-01
170,1788307469.3787491,-2.036843776702881,-0.4073753952980041,2.9937982600546604,64.91675081337128,-2.036843776702881,0.1057183817028999,-0.4073753952980041,-0.3867003917694092,-0.3172701001167297,0.6242467761039734,-0.6000987887382507,5,1.0,1.0,1.0,1.0,1043,0,0.1554174114109324,-0.2571760693880549,500,500,thymio-01
171,1788307469.987363,-2.036843776702881,-0.4073753952980041,2.9937982600546604,64.81675081337129,-2.036843776702881,0.1057183817028999,-0.4073753952980041,-0.3867003917694092,-0.3172701001167297,0.6242467761039734,-0.6000987887382507,5,1.0,1.0,1.0,1.0,2630,0,-0.08,-0.13311019011032,-264,-304,thymio-01
172,1788307470.5965111,-2.053603172302246,-0.4363946616649627,1.0245865477034322,64.71031175095744,-2.053603172302246,0.1050888895988464,-0.4363946616649627,-0.0315457172691822,-0.7490960955619812,-0.6195905804634094,-0.2323090583086013,5,1.0,1.0,1.0,1.0,2063,0,-0.08,0.1760543128605078,-311,-258,thymio-01
173,1788307471.204201,-2.053603172302246,-0.4363946616649627,1.0245865477034322,64.61031175095745,-2.053603172302246,0.1050888895988464,-0.4363946616649627,-0.0315457172691822,-0.7490960955619812,-0.6195905804634094,-0.2323090583086013,5,1.0,1.0,1.0,1.0,1240,0,0.1202174315068575,0.100327712974615,412,442,thymio-01
174,1788307471.8120985,-2.073498487472534,-0.4705256819725036,2.4492029727259226,64.4730184755925,-2.073498487472534,0.1038633584976196,-0.4705256819725036,-0.5305246114730835,-0.1228648349642753,0.7690675258636475,-0.3346384763717651,5,1.0,1.0,1.0,1.0,1560,0,0.13528835557205,-0.1647014461266503,500,456,thymio-01
175,1788307472.4205797,-2.057189702987671,-0.4397338330745697,-3.101288409666692,64.3730184755925,-2.057189702987671,0.1057128459215164,-0.4397338330745697,0.4303295612335205,0.2871603071689605,-0.6013814806938171,0.6088479161262512,5,1.0,1.0,1.0,1.0,2350,0,-0.08,0.4822492388382049,-357,-211,thymio-01
176,1788307473.0283463,-2.0703580379486084,-0.461155891418457,-3.10787649924008,64.27301847559251,-2.0703580379486084,0.106828972697258,-0.461155891418457,0.4198995530605316,0.2620692551136017,-0.6095667481422424,0.6192192435264587,5,1.0,1.0,1.0,1.0,2484,0,-0.08,0.5811894521534464,-372,-196,thymio-01
177,1788307473.6362488,-2.0703580379486084,-0.461155891418457,-3.10787649924008,64.17301847559251,-2.0703580379486084,0.106828972697258,-0.461155891418457,0.4198995530605316,0.2620692551136017,-0.6095667481422424,0.6192192435264587,5,1.0,1.0,1.0,1.0,2327,0,-0.08,0.5922353168571307,-374,-195,thymio-01
178,1788307474.2406504,10000.0,10000.0,0.0,64.17301847559251,-2.0703580379486084,0.106828972697258,-0.461155891418457,0.4198995530605316,0.2620692551136017,-0.6095667481422424,0.6192192435264587,5,1.0,1.0,1.0,1.0,1633,0,0.03,0.4039981707344895,46,168,thymio-01
179,1788307474.8438983,-2.006441831588745,-0.4022657573223114,1.0146024675567684,64.17301847559251,-2.006441831588745,0.10536989569664,-0.4022657573223114,-0.2296756654977798,-0.7866387367248535,-0.5729659795761108,0.0125931482762098,5,1.0,1.0,1.0,1.0,1553,0,0.0767453437442588,0.2603138424637679,233,312,thymio-01
180,1788307475.4522643,-2.0262699127197266,-0.4055317044258117,1.0216603268703146,64.06652275488133,-2.0262699127197266,0.1052865907549858,-0.4055317044258117,-0.2389216274023056,-0.7876394987106323,-0.5667816996574402,0.0360410846769809,5,1.0,1.0,1.0,1.0,2356,0,-0.08,0.22769508484051,-319,-250,thymio-01
181,1788307476.060568,-2.0262699127197266,-0.4055317044258117,1.0216603268703146,63.96652275488133,-2.0262699127197266,0.1052865907549858,-0.4055317044258117,-0.2389216274023056,-0.7876394987106323,-0.5667816996574402,0.0360410846769809,5,1.0,1.0,1.0,1.0,1757,0,0.0846139129296914,0.1807640273066499,273,328,thymio-01
182,1788307476.6692684,-2.0411667823791504,-0.4091010093688965,1.0229710479319296,63.86652275488133,-2.0411667823791504,0.105263628065586,-0.4091010093688965,-0.2374021112918853,-0.7848145365715027,-0.5715036988258362,0.0330164320766925,5,1.0,1.0,1.0,1.0,2154,0,-0.08,0.1501388021450878,-307,-262,thymio-01
183,1788307477.2781644,-2.048945426940918,-0.4072084426879883,1.041125130622958,63.76652275488133,-2.048945426940918,0.1054150834679603,-0.4072084426879883,0.2389338314533233,0.788133978843689,0.5645829439163208,-0.0547870062291622,5,1.0,1.0,1.0,1.0,1740,0,0.0887078013132995,0.1267879505166297,296,334,thymio-01
184,1788307477.8860333,-2.048945426940918,-0.4072084426879883,1.041125130622958,63.66652275488133,-2.048945426940918,0.1054150834679603,-0.4072084426879883,0.2389338314533233,0.788133978843689,0.5645829439163208,-0.0547870062291622,5,1.0,1.0,1.0,1.0,2015,0,-0.08,0.1158923891886866,-302,-267,thymio-01
185,1788307478.4934783,-2.005396842956543,-0.3932360112667084,0.9715689333394452,63.566522754881326,-2.005396842956543,0.1055343225598335,-0.3932360112667084,0.2863456010818481,0.779315710067749,0.5520327687263489,-0.0770268216729164,5,1.0,1.0,1.0,1.0,1583,0,0.0857095207020283,0.1225323967958988,286,323,thymio-01
186,1788307479.1018746,-2.005825996398926,-0.3891695737838745,0.9908996264938884,63.466522754881325,-2.005825996398926,0.1054124385118484,-0.3891695737838745,0.2654705941677093,0.7846113443374634,0.5574893355369568,-0.0558216348290443,5,1.0,1.0,1.0,1.0,1863,0,0.0888154787428345,0.111561308905439,299,332,thymio-01
187,1788307479.709725,-2.0499801635742188,-0.3999324440956116,1.0300259860560796,63.22656339474504,-2.0499801635742188,0.1052588447928428,-0.3999324440956116,0.2278877943754196,0.7858433723449707,0.5744363069534302,-0.023245844990015,5,1.0,1.0,1.0,1.0,2890,0,-0.08,0.0982963627972396,-299,-269,thymio-01
188,1788307480.3176022,-2.0499801635742188,-0.3999324440956116,1.0300259860560796,63.12656339474504,-2.0499801635742188,0.1052588447928428,-0.3999324440956116,0.2278877943754196,0.7858433723449707,0.5744363069534302,-0.023245844990015,5,1.0,1.0,1.0,1.0,2526,0,-0.08,0.0971856727493572,-299,-270,thymio-01
189,1788307480.9249103,-2.0657758712768555,-0.4058991372585296,0.9946629041155486,63.02656339474503,-2.0657758712768555,0.1072385236620903,-0.4058991372585296,0.2392431944608688,0.777190089225769,0.5819729566574097,-0.0067718992941081,5,1.0,1.0,1.0,1.0,0,0,0.0862525578243724,0.1039844552261351,291,322,thymio-01
190,1788307481.533491,-2.0090785026550293,-0.3849464654922485,1.0177069401980976,62.92656339474503,-2.0090785026550293,0.1048504933714866,-0.3849464654922485,-0.2472754269838333,-0.7840359210968018,-0.5674912929534912,0.0457857511937618,5,1.0,1.0,1.0,1.0,0,0,0.0885535259632085,0.0972727845223088,300,329,thymio-01
191,1788307482.142446,-2.0382442474365234,-0.3949151039123535,1.0658366673863924,62.75182579253998,-2.0382442474365234,0.105296790599823,-0.3949151039123535,0.1883828341960907,0.7911927700042725,0.5817833542823792,0.0073563572950661,5,1.0,1.0,1.0,1.0,2316,0,-0.08,0.0855597530774666,-297,-271,thymio-01
192,1788307482.7502863,-2.0382442474365234,-0.3949151039123535,1.0658366673863924,62.65182579253998,-2.0382442474365234,0.105296790599823,-0.3949151039123535,0.1883828341960907,0.7911927700042725,0.5817833542823792,0.0073563572950661,5,1.0,1.0,1.0,1.0,2073,0,-0.08,0.0863625859896389,-297,-271,thymio-01
193,1788307483.3595076,-2.047044515609741,-0.3991629779338836,1.042446387343217,62.55182579253998,-2.047044515609741,0.1050966009497642,-0.3991629779338836,-0.1761500388383865,-0.7844483852386475,-0.5927605628967285,-0.0474011190235614,5,1.0,1.0,1.0,1.0,0,0,0.0874590504645727,0.0916114856273949,297,325,thymio-01
194,1788307483.9672358,-1.9764801263809204,-0.3602275252342224,1.0084837052897209,62.45182579253998,-1.9764801263809204,0.1050257012248039,-0.3602275252342224,-0.2060921341180801,-0.7838400602340698,-0.5848843455314636,-0.0321139730513095,5,1.0,1.0,1.0,1.0,0,0,0.0862025085058767,0.0980618041158558,291,321,thymio-01
195,1788307484.5762465,-2.027839422225952,-0.3866531550884247,1.04291293424098,62.13825634927535,-2.027839422225952,0.1048943176865577,-0.3866531550884247,0.1857783198356628,0.7851975560188293,0.5898104906082153,0.0327857248485088,5,1.0,1.0,1.0,1.0,2443,0,-0.08,0.0887723065893309,-298,-271,thymio-01
196,1788307485.1843507,-2.027839422225952,-0.3866531550884247,1.04291293424098,62.03825634927534,-2.027839422225952,0.1048943176865577,-0.3866531550884247,0.1857783198356628,0.7851975560188293,0.5898104906082153,0.0327857248485088,5,1.0,1.0,1.0,1.0,1983,0,0.0871928713747826,0.0891789023676285,296,323,thymio-01
197,1788307485.792375,-2.035674333572388,-0.3897348642349243,1.0371480577144023,61.93825634927534,-2.035674333572388,0.1049525588750839,-0.3897348642349243,0.2022650241851806,0.7855003476142883,0.5847386717796326,0.0125995660200715,5,1.0,1.0,1.0,1.0,2315,0,-0.08,0.0906393571622642,-298,-271,thymio-01
198,1788307486.4004278,-2.0521626472473145,-0.3965387642383575,2.3729882549343024,61.83825634927534,-2.0521626472473145,0.105704516172409,-0.3965387642383575,0.2556744813919067,0.4336651563644409,-0.6895008087158203,0.520724356174469,5,1.0,1.0,1.0,1.0,1836,0,0.141800421460424,-0.1601567861537681,500,480,thymio-01
1,1788307366.741658,3.290999412536621,-0.3525207936763763,-0.0259982544379089,100.0,3.290999412536621,0.0728316083550453,-0.3525207936763763,-0.1322571486234665,0.6450024247169495,0.607394814491272,0.4444676339626312,5,1.0,1.0,-0.6874312341110776,0.1294433929047718,0,0,-0.1093408643317702,0.5595873146784344,-473,-304,thymio-07
2,1788307367.349551,3.2580153942108154,-0.3150524497032165,0.113276726224222,99.9,3.2580153942108154,0.0728098526597023,-0.3150524497032165,-0.024943184107542,0.7076123356819153,0.6288084387779236,0.3213451206684112,5,-0.4739205310801287,1.0,1.0,-0.7170220247712846,0,0,-0.0360590462088532,-0.3274836526918802,-79,-178,thymio-07
3,1788307367.9577537,3.278423309326172,-0.3381772041320801,0.1282176169803279,99.8,3.278423309326172,0.0728480070829391,-0.3381772041320801,0.0033241340424865,0.7188624143600464,0.6314547061920166,0.2906730771064758,5,-0.6563671795048788,1.0,1.0,-0.6360185072153646,0,0,0.0233858479211333,0.3062702021165514,37,129,thymio-07
4,1788307368.5655756,3.306575298309326,-0.3858821392059326,0.1124378374271688,99.70000000000002,3.306575298309326,0.0723872855305671,-0.3858821392059326,-0.0170574262738227,0.7097073197364807,0.6295685768127441,0.3157024979591369,5,-0.5709211730730065,1.0,1.0,-0.6241511563661585,0,0,0.0747787088169336,0.3956386892922799,206,325,thymio-07
5,1788307369.173722,3.306575298309326,-0.3858821392059326,0.1124378374271688,99.60000000000002,3.306575298309326,0.0723872855305671,-0.3858821392059326,-0.0170574262738227,0.7097073197364807,0.6295685768127441,0.3157024979591369,5,-0.5709211730730065,1.0,1.0,-0.6241511563661585,0,0,-0.0435456175704021,0.522604501420846,-234,-76,thymio-07
6,1788307369.7818234,3.290455102920532,-0.3343807756900787,0.1486733769531762,99.50000000000004,3.290455102920532,0.0725619494915008,-0.3343807756900787,0.0987820103764534,0.7515596747398376,0.6241942644119263,0.1891610920429229,5,-0.6128431215958603,1.0,1.0,-0.63901596342993,0,0,-0.0405577913505841,0.508950256948773,-221,-67,thymio-07
7,1788307370.39019,3.296431064605713,-0.3470499217510223,0.1538836616975327,99.40000000000003,3.296431064605713,0.0726494044065475,-0.3470499217510223,0.2211428433656692,0.7791204452514648,0.5859730243682861,0.026511300355196,5,-0.6020106827814857,1.0,1.0,-0.6321681212044892,0,0,-0.0419342076378976,0.5503643067154613,-232,-66,thymio-07
8,1788307370.998306,3.296431064605713,-0.3470499217510223,0.1538836616975327,99.30000000000004,3.296431064605713,0.0726494044065475,-0.3470499217510223,0.2211428433656692,0.7791204452514648,0.5859730243682861,0.026511300355196,5,-0.6020106827814857,1.0,1.0,-0.6321681212044892,0,0,-0.0419342076378976,0.5611112706777724,-234,-64,thymio-07
9,1788307371.6067834,3.2932918071746826,-0.3850425183773041,0.0855347924325986,99.20000000000005,3.2932918071746826,0.0724770799279213,-0.3850425183773041,0.337172269821167,0.7710272073745728,0.5187022686004639,-0.1509299576282501,5,-0.5754211412349043,1.0,1.0,-0.6296235476385879,0,0,-0.0424456669246438,0.5707065130412039,-237,-65,thymio-07
10,1788307372.2148054,3.2679872512817383,-0.4247692227363586,-0.3863413293208411,99.09831068474604,3.2679872512817383,0.0716947391629219,-0.4247692227363586,0.4786427319049835,0.6939575672149658,0.3963567018508911,-0.3636283278465271,5,1.0,1.0,1.0,-0.629829811534806,0,0,-0.0424042078815039,0.3696394545166409,-206,-95,thymio-07
11,1788307372.822953,3.2679872512817383,-0.4247692227363586,-0.3863413293208411,98.99831068474604,3.2679872512817383,0.0716947391629219,-0.4247692227363586,0.4786427319049835,0.6939575672149658,0.3963567018508911,-0.3636283278465271,5,1.0,1.0,1.0,-0.629829811534806,0,0,-0.0424042078815039,0.089428484052997,-164,-137,thymio-07
12,1788307373.4305336,3.243443489074707,-0.4387369155883789,-1.1098849380347868,98.89831068474604,3.243443489074707,0.0707575976848602,-0.4387369155883789,0.5336880087852478,0.6147813200950623,0.3269971907138824,-0.4798895716667175,5,1.0,-0.6306256564132015,1.0,-0.5557167611699659,0,0,-0.0422442430609465,-0.3781771341892414,-93,-207,thymio-07
13,1788307374.0383296,3.192628860473633,-0.4437326490879059,-1.4237588387271591,98.75531091415652,3.192628860473633,0.0724755898118019,-0.4437326490879059,0.571331799030304,0.5830209851264954,0.2805438637733459,-0.5049374103546143,5,1.0,-0.6541962250811832,1.0,-0.5751365576048654,0,0,0.1483424758128829,-0.2980027898083123,500,482,thymio-07
14,1788307374.6462965,3.192628860473633,-0.4437326490879059,-1.4237588387271591,98.65531091415652,3.192628860473633,0.0724755898118019,-0.4437326490879059,0.571331799030304,0.5830209851264954,0.2805438637733459,-0.5049374103546143,5,1.0,-0.6541962250811832,1.0,-0.5751365576048654,0,0,0.0375065587586821,-0.0992641131036667,148,118,thymio-07
15,1788307375.2546926,3.1571102142333984,-0.4406895041465759,-0.7929884903143019,98.54455044016068,3.1571102142333984,0.0722256898880004,-0.4406895041465759,0.5145500898361206,0.6570908427238464,0.3358845114707947,-0.4366364777088165,5,1.0,-0.67547403292017,1.0,-0.5899907777368593,0,0,0.0332297193830458,-0.1964506569176146,148,88,thymio-07
16,1788307375.862998,3.247532606124878,-0.4163708090782165,-0.7394997009748208,98.44455044016068,3.247532606124878,0.0713757500052452,-0.4163708090782165,0.509428858757019,0.6514509320259094,0.3562667965888977,-0.4349343478679657,5,1.0,1.0,1.0,-0.582865931743606,0,0,0.05,-0.166901955856093,203,152,thymio-07
17,1788307376.4711127,3.286945343017578,-0.3986262679100036,-0.3735124434768209,98.34455044016067,3.286945343017578,0.070525512099266,-0.3986262679100036,0.4777752459049225,0.679536759853363,0.4088151454925537,-0.3779297173023224,5,1.0,1.0,1.0,-0.5462172965590948,0,0,0.05,-0.0079286131342797,179,176,thymio-07
18,1788307377.07866,3.286945343017578,-0.3986262679100036,-0.3735124434768209,98.2445504401607,3.286945343017578,0.070525512099266,-0.3986262679100036,0.4777752459049225,0.679536759853363,0.4088151454925537,-0.3779297173023224,5,1.0,1.0,1.0,-0.5462172965590948,0,0,0.1227160915923468,0.0510953393731964,428,444,thymio-07
19,1788307377.6862888,3.331076145172119,-0.3750531673431396,-0.3305481781772932,98.1445504401607,3.331076145172119,0.0717522725462913,-0.3750531673431396,0.4826285541057586,0.6893312931060791,0.42823526263237,-0.3294034004211426,5,1.0,1.0,1.0,-0.5238864471310083,0,0,0.0931295557169182,0.127933811399612,312,350,thymio-07
20,1788307378.2956405,3.413275241851806,-0.3334051966667175,-0.2832693863097439,98.0445504401607,3.413275241851806,0.0723240301012992,-0.3334051966667175,0.4678583443164825,0.7010005116462708,0.4231204092502594,-0.3326801657676697,5,1.0,1.0,1.0,-0.4839943021205124,0,0,0.1274881874743888,0.1378099776552045,432,474,thymio-07
21,1788307378.903758,3.478450059890747,-0.30571249127388,-0.4974202377730425,97.94455044016073,3.478450059890747,0.0718343034386634,-0.30571249127388,0.4987150132656097,0.679054856300354,0.3884753286838531,-0.3731686174869537,5,1.0,1.0,1.0,-0.445070757073478,0,0,0.1268728686747572,0.1755075691632682,424,477,thymio-07
22,1788307379.511502,3.478450059890747,-0.30571249127388,-0.4974202377730425,97.84455044016072,3.478450059890747,0.0718343034386634,-0.30571249127388,0.4987150132656097,0.679054856300354,0.3884753286838531,-0.3731686174869537,5,1.0,1.0,1.0,-0.445070757073478,1812,0,0.1238629709216264,0.171802310467437,414,466,thymio-07
23,1788307380.119853,3.575072288513184,-0.2755390703678131,-0.662006876596045,97.74455044016072,3.575072288513184,0.0681147575378418,-0.2755390703678131,0.519368052482605,0.6677850484848022,0.3622311949729919,-0.3912908434867859,5,1.0,-0.217686703971166,1.0,-0.3738747918135013,4564,0,-0.08,-0.0633170197576896,-275,-294,thymio-07
24,1788307380.728312,3.693935632705689,-0.2428461611270904,-0.8295884621202978,97.64455044016071,3.693935632705689,0.070210762321949,-0.2428461611270904,0.5296785235404968,0.6517112255096436,0.338375449180603,-0.4245176017284393,5,1.0,-0.0982043580621919,1.0,-0.2794629928142755,3332,0,-0.08,-0.0605965121335425,-275,-293,thymio-07
25,1788307381.3369377,3.693935632705689,-0.2428461611270904,-0.8295884621202978,97.54455044016072,3.693935632705689,0.070210762321949,-0.2428461611270904,0.5296785235404968,0.6517112255096436,0.338375449180603,-0.4245176017284393,5,1.0,-0.0982043580621919,1.0,-0.2794629928142755,1778,0,0.1398861602654835,-0.0438211716148657,500,490,thymio-07
26,1788307381.9452808,3.657458782196045,-0.249489426612854,-0.8086761741138448,97.44455044016074,3.657458782196045,0.0705466866493225,-0.249489426612854,0.5283827781677246,0.6530380845069885,0.3421106338500976,-0.421085774898529,5,1.0,-0.1527854055160554,1.0,-0.3198491547422034,2881,0,-0.08,-0.0935045900419156,-270,-298,thymio-07
27,1788307382.55322,3.67472243309021,-0.2417499423027038,-0.6808995450204982,97.34455044016076,3.67472243309021,0.0703760012984275,-0.2417499423027038,0.5185990929603577,0.6664924621582031,0.3575307130813598,-0.398766279220581,5,1.0,-0.1514482717704962,1.0,-0.3226477960405007,2505,0,-0.08,-0.1228940676708137,-266,-303,thymio-07
28,1788307383.161216,3.67472243309021,-0.2417499423027038,-0.6808995450204982,97.24455044016076,3.67472243309021,0.0703760012984275,-0.2417499423027038,0.5185990929603577,0.6664924621582031,0.3575307130813598,-0.398766279220581,5,1.0,-0.1514482717704962,1.0,-0.3226477960405007,0,0,0.1424556428487025,-0.1145342640766974,500,489,thymio-07
29,1788307383.7687452,3.645167827606201,-0.2494397163391113,-0.5974976198723203,97.14455044016076,3.645167827606201,0.0706732645630836,-0.2494397163391113,0.5090315937995911,0.6730708479881287,0.3698780834674835,-0.3886551260948181,5,1.0,-0.1841448978585715,1.0,-0.3559257672505432,2202,0,-0.08,-0.1230880995204489,-266,-303,thymio-07
30,1788307384.377092,3.628721714019776,-0.2476866394281387,-0.3548204285485195,97.04455044016076,3.628721714019776,0.0704317092895507,-0.2476866394281387,0.4812789559364319,0.6961122155189514,0.4118761122226715,-0.3378704190254211,5,1.0,1.0,1.0,-0.4021689801760804,1785,0,0.1288578074074892,-0.1099539454689075,474,441,thymio-07
31,1788307384.9853826,3.628721714019776,-0.2476866394281387,-0.3548204285485195,96.94455044016075,3.628721714019776,0.0704317092895507,-0.2476866394281387,0.4812789559364319,0.6961122155189514,0.4118761122226715,-0.3378704190254211,5,1.0,1.0,1.0,-0.4021689801760804,2707,0,-0.08,-0.0495860194835796,-277,-292,thymio-07
32,1788307385.5941968,3.600100040435791,-0.2629055380821228,-0.3407307314434207,96.84455044016076,3.600100040435791,0.0693754181265831,-0.2629055380821228,0.4822634756565094,0.7080541253089905,0.4152167737483978,-0.3060658574104309,5,1.0,1.0,1.0,-0.4437505617741462,2048,0,-0.08,-0.0169537771215243,-282,-287,thymio-07
33,1788307386.201814,3.618073463439941,-0.2492167651653289,-0.1451162525703324,96.74455044016078,3.618073463439941,0.0716272220015525,-0.2492167651653289,0.4390651881694793,0.7186514735221863,0.448944091796875,-0.2986821830272674,5,1.0,1.0,1.0,-0.4525030054760328,0,0,0.1171722992236062,-0.0235199025047207,420,413,thymio-07
34,1788307386.8101342,3.618073463439941,-0.2492167651653289,-0.1451162525703324,96.64455044016078,3.618073463439941,0.0716272220015525,-0.2492167651653289,0.4390651881694793,0.7186514735221863,0.448944091796875,-0.2986821830272674,5,1.0,1.0,1.0,-0.4525030054760328,1964,0,0.1195478981094672,-0.0176768997518745,427,422,thymio-07
35,1788307387.4174612,3.5913381576538086,-0.2686443328857422,-0.1566780671848522,96.5445504401608,3.5913381576538086,0.0715711414813995,-0.2686443328857422,0.4426300823688507,0.7169628143310547,0.4492387771606445,-0.2970311343669891,5,1.0,1.0,1.0,-0.4769612170675189,3905,0,-0.08,-0.0056386782027292,-283,-285,thymio-07
36,1788307388.0258646,3.677492380142212,-0.2048766165971756,-0.1293339244845088,96.4445504401608,3.677492380142212,0.0716210305690765,-0.2048766165971756,0.4353081881999969,0.72119140625,0.453439325094223,-0.2911744117736816,5,1.0,1.0,1.0,-0.3837742829584949,3142,0,-0.08,-0.0041679322684062,-284,-285,thymio-07
37,1788307388.6339955,3.654754877090454,-0.2209064364433288,-0.124823103659569,96.3445504401608,3.654754877090454,0.0715831667184829,-0.2209064364433288,0.4333338439464569,0.7238223552703857,0.453402042388916,-0.2876275181770324,5,1.0,1.0,1.0,-0.4539371835115763,2043,0,-0.08,-0.0018618471458611,-284,-285,thymio-07
38,1788307389.2422123,3.607374429702759,-0.255156934261322,-0.1151065803756226,96.2445504401608,3.607374429702759,0.0714572146534919,-0.255156934261322,0.4312849938869476,0.7250776290893555,0.4583005011081695,-0.2796720862388611,5,1.0,1.0,1.0,-0.5419581608798915,0,0,0.1315138334211833,-0.06659982867268,477,457,thymio-07
39,1788307389.8507233,3.607374429702759,-0.255156934261322,-0.1151065803756226,96.1445504401608,3.607374429702759,0.0714572146534919,-0.255156934261322,0.4312849938869476,0.7250776290893555,0.4583005011081695,-0.2796720862388611,5,1.0,1.0,1.0,-0.5419581608798915,0,0,0.1369767425360186,-0.0887086637344368,500,473,thymio-07
40,1788307390.4588456,3.5700795650482178,-0.2829843461513519,-0.0691531586088456,96.04455044016082,3.5700795650482178,0.0719244703650474,-0.2829843461513519,0.417384535074234,0.7329456806182861,0.4831211566925049,-0.2348932772874832,5,1.0,1.0,1.0,-0.3828953556379124,2704,0,-0.08,-0.0301417062911073,-280,-289,thymio-07
41,1788307391.067234,3.659895181655884,-0.1928908824920654,-0.1073643690995447,95.94455044016082,3.659895181655884,0.0695311203598976,-0.1928908824920654,0.4213957786560058,0.743935763835907,0.4773080348968506,-0.2028851062059402,5,1.0,-0.882036701780134,1.0,-0.3041194290250775,2507,0,-0.08,-0.1327803313108905,-264,-304,thymio-07
42,1788307391.6750743,3.659895181655884,-0.1928908824920654,-0.1073643690995447,95.84455044016084,3.659895181655884,0.0695311203598976,-0.1928908824920654,0.4213957786560058,0.743935763835907,0.4773080348968506,-0.2028851062059402,5,1.0,-0.882036701780134,1.0,-0.3041194290250775,1465,0,0.0,-0.2210549935035898,33,-33,thymio-07
43,1788307392.283086,3.6163649559021,-0.2383564859628677,-0.0089924823335696,95.6196380808076,3.6163649559021,0.0702971071004867,-0.2383564859628677,0.3845549523830414,0.7553092837333679,0.49733966588974,-0.1851450949907302,5,1.0,1.0,1.0,-0.3404565820215974,0,0,0.1462121024276121,-0.1572030370676359,500,496,thymio-07
44,1788307392.8921552,3.5935652256011963,-0.2648955583572387,0.0455684995914213,95.5006707154458,3.5935652256011963,0.0703961104154586,-0.2648955583572387,0.3454265892505646,0.7670987844467163,0.5271100997924805,-0.1199787035584449,5,1.0,1.0,1.0,-0.3599459306677809,1337,0,0.121007236347295,-0.1121718506539036,447,413,thymio-07
45,1788307393.5005803,3.6341514587402335,-0.1712722182273864,0.1201684039289272,95.4006707154458,3.6341514587402335,0.0708764940500259,-0.1712722182273864,0.304835170507431,0.7717187404632568,0.5496045351028442,-0.0972662195563316,5,1.0,1.0,1.0,-0.3346198003105224,2200,0,-0.08,-0.0875686525058956,-271,-297,thymio-07
46,1788307394.1089077,3.65564489364624,-0.1175404638051986,0.1120096216339319,95.30067071544582,3.65564489364624,0.071150854229927,-0.1175404638051986,0.2977427244186401,0.7734668850898743,0.5547299385070801,-0.0733015239238739,5,1.0,1.0,1.0,-0.3184315894537611,1914,0,0.1201003062482027,-0.0843211791784495,439,414,thymio-07
47,1788307394.7172031,3.65564489364624,-0.1175404638051986,0.1120096216339319,95.20067071544582,3.65564489364624,0.071150854229927,-0.1175404638051986,0.2977427244186401,0.7734668850898743,0.5547299385070801,-0.0733015239238739,5,1.0,1.0,1.0,-0.3184315894537611,2109,0,-0.08,-0.0850036776275631,-271,-297,thymio-07
48,1788307395.3253996,3.649858474731445,-0.1271593868732452,0.1205186145631449,95.10067071544584,3.649858474731445,0.0712603479623794,-0.1271593868732452,0.2853943109512329,0.7764177322387695,0.5589914917945862,-0.0570459812879562,5,1.0,1.0,1.0,-0.3319255787453319,2094,0,-0.08,-0.0837546035499841,-272,-297,thymio-07
49,1788307395.9331803,3.6407203674316406,-0.1523333340883255,0.1374807829834581,95.00067071544584,3.6407203674316406,0.0709453821182251,-0.1523333340883255,0.2775998413562774,0.7746332883834839,0.5654299855232239,-0.0563091412186622,5,1.0,1.0,1.0,-0.3639504186474496,0,0,0.1178140822573905,-0.0803509129890719,431,406,thymio-07
50,1788307396.541135,3.6407203674316406,-0.1523333340883255,0.1374807829834581,94.90067071544584,3.6407203674316406,0.0709453821182251,-0.1523333340883255,0.2775998413562774,0.7746332883834839,0.5654299855232239,-0.0563091412186622,5,1.0,1.0,1.0,-0.3639504186474496,0,0,0.1194962363545827,-0.0764569982447821,436,413,thymio-07
51,1788307397.1486454,3.6379125118255615,-0.1627653092145919,0.111599204679968,94.80067071544585,3.6379125118255615,0.0706599429249763,-0.1627653092145919,0.2874760031700134,0.7670004963874817,0.5717933773994446,-0.046046607196331,5,1.0,1.0,1.0,-0.3681717838637227,1815,0,0.1199394683584768,-0.0741923059798106,437,415,thymio-07
52,1788307397.757065,3.656049966812134,-0.0560674890875816,0.1424155807755145,94.70067071544584,3.656049966812134,0.071654126048088,-0.0560674890875816,0.2447061389684677,0.7785057425498962,0.5779661536216736,-0.0017394991591572,5,1.0,1.0,1.0,-0.3719503703224804,2212,0,-0.08,-0.0769866184698395,-273,-296,thymio-07
53,1788307398.365498,3.656049966812134,-0.0560674890875816,0.1424155807755145,94.60067071544586,3.656049966812134,0.071654126048088,-0.0560674890875816,0.2447061389684677,0.7785057425498962,0.5779661536216736,-0.0017394991591572,5,1.0,1.0,1.0,-0.3719503703224804,1951,0,0.1202209944806952,-0.0811455786141735,439,415,thymio-07
54,1788307398.973182,3.668246746063232,0.0177883766591548,0.1416114657686447,94.50067071544586,3.668246746063232,0.0722507610917091,0.0177883766591548,0.2369299679994583,0.7798439860343933,0.5792871117591858,0.0115842157974839,5,1.0,1.0,1.0,-0.3656852135820293,1812,0,0.1213145926148688,-0.0779743176142717,443,419,thymio-07
55,1788307399.581021,3.6665289402008057,0.049146644771099,0.152732420774325,94.40067071544588,3.6665289402008057,0.0725408643484115,0.049146644771099,0.2125673145055771,0.7798988819122314,0.5873054265975952,0.0405608601868152,5,1.0,1.0,1.0,-0.3856173422645167,1746,0,0.1216123576667382,-0.0769368220814332,444,420,thymio-07
56,1788307400.1890414,3.6665289402008057,0.049146644771099,0.152732420774325,94.30067071544588,3.6665289402008057,0.0725408643484115,0.049146644771099,0.2125673145055771,0.7798988819122314,0.5873054265975952,0.0405608601868152,5,1.0,1.0,1.0,-0.3856173422645167,1501,0,0.1196228164581676,-0.0815750124698181,437,413,thymio-07
57,1788307400.796841,3.669970750808716,0.1180058345198631,0.1540336047517896,94.20067071544588,3.669970750808716,0.0734897553920745,0.1180058345198631,0.2004553079605102,0.7774708867073059,0.5932867527008057,0.0580315701663494,5,1.0,1.0,1.0,-0.3527811333743063,1349,0,0.1218405716393054,-0.080443284216075,445,421,thymio-07
58,1788307401.406646,3.668712139129639,0.2954774796962738,0.1423310212493582,94.01888096613897,3.668712139129639,0.0742488279938697,0.2954774796962738,0.1888511925935745,0.7683349251747131,0.6055569648742676,0.0854264125227928,5,1.0,1.0,1.0,-0.1946258587638275,0,0,0.1256646928327087,-0.0951761827861032,461,432,thymio-07
59,1788307402.0149755,3.6629579067230233,0.380975604057312,0.1616546177598747,93.90916163041928,3.6629579067230233,0.075045496225357,0.380975604057312,0.1688065528869629,0.773048460483551,0.6038625240325928,0.0961795598268508,5,1.0,1.0,1.0,-0.0945329366616046,0,0,0.1255032707152653,-0.1220474343958874,464,427,thymio-07
60,1788307402.6225414,3.6629579067230233,0.380975604057312,0.1616546177598747,93.8091616304193,3.6629579067230233,0.075045496225357,0.380975604057312,0.1688065528869629,0.773048460483551,0.6038625240325928,0.0961795598268508,5,1.0,1.0,1.0,-0.0945329366616046,0,0,0.1258681678567437,-0.1245298671754528,466,428,thymio-07
61,1788307403.2302115,3.653910398483277,0.4812523126602173,0.1591249425901306,93.67134155946916,3.653910398483277,0.0750987529754638,0.4812523126602173,0.1560361534357071,0.7758195400238037,0.6004700660705566,0.1148586049675941,5,1.0,1.0,1.0,-0.0005591500339926,0,0,0.1261533714564685,-0.1221952256038709,467,430,thymio-07
62,1788307403.8391318,3.638500213623047,0.5968827605247498,0.1535315171635853,93.49343469804008,3.638500213623047,0.0753745287656784,0.5968827605247498,0.1429761201143264,0.7719154953956604,0.6043515801429749,0.1358809173107147,5,1.0,1.0,1.0,0.1071503899459576,0,0,0.110944512996597,-0.0994640368645244,409,379,thymio-07
63,1788307404.4475174,3.608390092849731,0.7365844249725342,0.1771128623041216,93.24692500463968,3.608390092849731,0.0780160129070282,0.7365844249725342,0.1119531467556953,0.7784696221351624,0.5974924564361572,0.1563790142536163,5,1.0,0.3570480839477654,1.0,0.1709013309450322,0,0,0.1300135553423226,-0.1017909561690512,477,447,thymio-07
64,1788307405.055231,3.608390092849731,0.7365844249725342,0.1771128623041216,93.1469250046397,3.608390092849731,0.0780160129070282,0.7365844249725342,0.1119531467556953,0.7784696221351624,0.5974924564361572,0.1563790142536163,5,1.0,0.3570480839477654,1.0,0.1709013309450322,0,0,0.1306416035680587,-0.1256908402837679,483,445,thymio-07
65,1788307405.663639,3.590005159378052,0.80943363904953,0.1550124598078377,93.01879923605124,3.590005159378052,0.0788097083568573,0.80943363904953,0.1066558212041854,0.7657188177108765,0.608812689781189,0.1778945326805114,5,1.0,0.4529370995991515,1.0,0.1674930102570564,0,0,0.1282963352818946,-0.1197947580126682,474,438,thymio-07
66,1788307406.2721443,3.555711030960083,0.9223560094833374,0.1691215451470604,92.76406629303472,3.555711030960083,0.0806810110807418,0.9223560094833374,0.0864380523562431,0.766730546951294,0.6068098545074463,0.1908783465623855,5,1.0,0.5241356302223716,1.0,0.18581557889716,0,0,0.1183817340700267,-0.1050018488471466,436,405,thymio-07
67,1788307406.8798702,3.514464855194092,1.043547749519348,0.1615482864175597,92.4453421383658,3.514464855194092,0.0814938768744468,1.043547749519348,0.0741655379533767,0.7550621628761292,0.6174739599227905,0.2076210677623748,5,1.0,0.6046788876346003,1.0,0.2650341223795365,0,0,0.0805586169874185,-0.0751591717577017,298,275,thymio-07
68,1788307407.4883842,3.514464855194092,1.043547749519348,0.1615482864175597,92.3453421383658,3.514464855194092,0.0814938768744468,1.043547749519348,0.0741655379533767,0.7550621628761292,0.6174739599227905,0.2076210677623748,5,1.0,0.6046788876346003,1.0,0.2650341223795365,0,0,0.0810528681061535,-0.0699492635854245,299,277,thymio-07
69,1788307408.0965776,3.491843938827514,1.1046086549758911,0.1525372320660394,92.17648477959344,3.491843938827514,0.0818508267402648,1.1046086549758911,0.0800849571824073,0.7514657378196716,0.6213671565055847,0.2068543285131454,5,1.0,0.6535419571453556,1.0,0.315524142918768,0,0,0.0633050807425074,-0.0601184749308468,234,216,thymio-07
70,1788307408.704776,3.457862138748169,1.1818584203720093,0.1438724389151859,91.9059336414376,3.457862138748169,0.0828963592648506,1.1818584203720093,0.0621507950127124,0.7470690608024597,0.6201208829879761,0.231246992945671,5,1.0,0.7303896914689827,1.0,0.4343036124862318,0,0,0.0413473116505628,-0.0237778063293119,151,143,thymio-07
71,1788307409.3127296,3.42706298828125,1.244014024734497,0.1614017557215246,91.70362725930605,3.42706298828125,0.0842546746134758,1.244014024734497,0.0456920340657234,0.7502995133399963,0.6153600215911865,0.2372656911611557,5,1.0,0.76836338174108,1.0,0.5543991752583632,0,0,0.0269083317261713,0.013974646112146,93,98,thymio-07
72,1788307409.9213836,3.42706298828125,1.244014024734497,0.1614017557215246,91.60362725930604,3.42706298828125,0.0842546746134758,1.244014024734497,0.0456920340657234,0.7502995133399963,0.6153600215911865,0.2372656911611557,5,1.0,0.76836338174108,1.0,0.5543991752583632,0,0,0.0266571731863836,0.0257076177327579,91,99,thymio-07
73,1788307410.529807,3.4073002338409424,1.283188819885254,0.1383690524978398,91.4626198594942,3.4073002338409424,0.0848850756883621,1.283188819885254,0.0504615902900695,0.7438786029815674,0.6191588044166565,0.246456429362297,5,1.0,0.7813430109745179,1.0,0.6813165100706569,0,0,0.0159644466366519,0.0732959109710726,46,68,thymio-07
74,1788307411.1375456,3.394530296325684,1.313243389129639,0.1578944861230327,91.3626198594942,3.394530296325684,0.0855055227875709,1.313243389129639,0.0557259768247604,0.7486490607261658,0.6198410391807556,0.2285087704658508,5,1.0,0.7552587062152167,1.0,0.8232745353871003,0,0,0.0091678256376687,0.1455493164747653,11,55,thymio-07
75,1788307411.7468734,3.38910174369812,1.3291536569595337,0.1390424601779587,91.2626198594942,3.38910174369812,0.0851818025112152,1.3291536569595337,0.0818313658237457,0.7503563165664673,0.6198800206184387,0.214517667889595,5,1.0,0.6903643883559154,1.0,0.9126500272007584,0,0,0.0049979696783127,0.2429928391755023,-19,54,thymio-07
76,1788307412.3553903,3.38910174369812,1.3291536569595337,0.1390424601779587,91.1626198594942,3.38910174369812,0.0851818025112152,1.3291536569595337,0.0818313658237457,0.7503563165664673,0.6198800206184387,0.214517667889595,5,1.0,0.6903643883559154,1.0,0.9126500272007584,0,0,0.0063590974947566,0.255260034227417,-16,61,thymio-07
77,1788307412.9638462,3.3882081508636475,1.338365077972412,0.1533077400331182,91.06261985949422,3.3882081508636475,0.0861598700284957,1.338365077972412,0.1173097565770149,0.7637521624565125,0.6125552654266357,0.1664249449968338,5,1.0,0.7773829699898518,1.0,0.9479257817781506,0,0,0.0059658461800783,0.2697793001940891,-20,62,thymio-07
78,1788307413.5727804,3.3895132541656494,1.3446229696273804,0.1697898755687972,90.96261985949424,3.3895132541656494,0.0861480087041854,1.3446229696273804,0.1471449136734008,0.7788164019584656,0.5982577204704285,0.1178188771009445,5,1.0,0.8630059509867207,1.0,0.9646549628543692,0,0,0.0047090151201406,0.3312013174735663,-33,67,thymio-07
79,1788307414.1801631,3.3978757858276367,1.35811185836792,0.1463198085936117,90.86261985949425,3.3978757858276367,0.0857292860746383,1.35811185836792,0.2554768323898315,0.7912054657936096,0.5547468662261963,-0.0313294231891632,5,1.0,0.8976116071651175,1.0,1.0,0,0,-0.012369156188026,0.6003518692075694,-135,47,thymio-07
80,1788307414.787984,3.3978757858276367,1.35811185836792,0.1463198085936117,90.76261985949424,3.3978757858276367,0.0857292860746383,1.35811185836792,0.2554768323898315,0.7912054657936096,0.5547468662261963,-0.0313294231891632,5,1.0,0.8976116071651175,1.0,1.0,0,0,-0.0005772558850034,0.4231369399534239,-66,62,thymio-07
81,1788307415.39601,3.40386176109314,1.3596519231796265,0.0407378905089617,90.66261985949424,3.40386176109314,0.085452564060688,1.3596519231796265,0.345109611749649,0.7760113477706909,0.512763261795044,-0.1256170868873596,5,1.0,0.83044461925874,1.0,1.0,0,0,0.0001318760504079,0.5107452068505147,-77,78,thymio-07
82,1788307416.0034895,3.413536787033081,1.3514950275421145,-0.31921712081781,90.56261985949423,3.413536787033081,0.0865936353802681,1.3514950275421145,0.4689650237560272,0.6958149075508118,0.4098973572254181,-0.3576279580593109,5,1.0,0.7326309572639498,1.0,1.0,0,0,0.0007428353095358,0.585069120264571,-86,91,thymio-07
83,1788307416.6112988,3.413536787033081,1.3514950275421145,-0.31921712081781,90.46261985949424,3.413536787033081,0.0865936353802681,1.3514950275421145,0.4689650237560272,0.6958149075508118,0.4098973572254181,-0.3576279580593109,5,1.0,0.7326309572639498,1.0,1.0,0,0,0.0046964236915797,0.5845128466032687,-72,105,thymio-07
84,1788307417.219666,3.420779228210449,1.3447118997573853,-1.1569226241666035,90.36261985949426,3.420779228210449,0.0857629105448722,1.3447118997573853,0.5390000343322754,0.6193669438362122,0.3014394640922546,-0.4847657978534698,5,1.0,1.0,0.6646614302603076,1.0,0,0,0.0096772789994805,0.4218708571176695,-29,98,thymio-07
85,1788307417.8284743,3.43019437789917,1.3231053352355957,-2.075426809030839,90.26261985949428,3.43019437789917,0.0858521834015846,1.3231053352355957,0.6348415017127991,0.3760456442832947,0.0541421547532081,-0.6727812886238098,5,1.0,1.0,0.5577651402595409,1.0,0,0,0.0218461271485672,0.6121164196536781,-15,170,thymio-07
86,1788307418.436009,3.43019437789917,1.3231053352355957,-2.075426809030839,90.16261985949428,3.43019437789917,0.0858521834015846,1.3231053352355957,0.6348415017127991,0.3760456442832947,0.0541421547532081,-0.6727812886238098,5,1.0,1.0,0.5577651402595409,1.0,0,0,0.0136594716018351,0.5950356929347065,-41,138,thymio-07
87,1788307419.04339,3.433727264404297,1.3060119152069092,-2.1818647600920054,90.06261985949428,3.433727264404297,0.0846880376338958,1.3060119152069092,0.640129804611206,0.2386815845966339,-0.0534292049705982,-0.7282928228378296,5,1.0,1.0,0.5089816489273724,1.0,0,0,0.0169909236959973,0.5931471859152475,-29,150,thymio-07
88,1788307419.652189,3.4265615940093994,1.2792564630508425,-2.203384732291782,89.96261985949428,3.4265615940093994,0.0848811715841293,1.2792564630508425,0.6054368615150452,0.0140374535694718,-0.2295205146074295,-0.7619510889053345,5,1.0,1.0,0.4577049181625787,1.0,0,0,0.0219697187631667,0.5876825185766263,-11,167,thymio-07
89,1788307420.2605357,3.4265615940093994,1.2792564630508425,-2.203384732291782,89.86261985949429,3.4265615940093994,0.0848811715841293,1.2792564630508425,0.6054368615150452,0.0140374535694718,-0.2295205146074295,-0.7619510889053345,5,1.0,1.0,0.4577049181625787,1.0,0,0,0.0224293620808727,0.5883530786724136,-9,169,thymio-07
90,1788307420.8682346,3.3931527137756348,1.2555779218673706,-1.914659450290372,89.67520141349935,3.3931527137756348,0.0849060118198394,1.2555779218673706,0.4596202671527862,-0.282998651266098,-0.4370047152042389,-0.7195053696632385,5,1.0,1.0,0.4174426217001328,1.0,0,0,0.0235519798265623,0.5533967670382365,0,167,thymio-07
91,1788307421.4764235,3.371066808700561,1.2531968355178833,-1.3788492186800878,89.55665085260887,3.371066808700561,0.0847682058811187,1.2531968355178833,0.3762919008731842,-0.4288369119167328,-0.5043298602104187,-0.6481935381889343,5,1.0,0.4142023810546336,0.9839532738133174,1.0,0,0,0.0181962115513119,0.5865780359296039,-24,153,thymio-07
92,1788307422.0843804,3.371066808700561,1.2531968355178833,-1.3788492186800878,89.45665085260887,3.371066808700561,0.0847682058811187,1.2531968355178833,0.3762919008731842,-0.4288369119167328,-0.5043298602104187,-0.6481935381889343,5,1.0,0.4142023810546336,0.9839532738133174,1.0,0,0,0.0292835047933751,0.6104524516025095,12,196,thymio-07
93,1788307422.6928012,3.333061695098877,1.271140694618225,-0.0386725548141368,89.22638891778898,3.333061695098877,0.0854570567607879,1.271140694618225,0.1607046276330948,-0.6296080946922302,-0.6070765852928162,-0.457411915063858,5,1.0,0.430979047296683,1.0,0.8976980890102446,0,0,0.0135973323385317,0.5619969498801851,-37,133,thymio-07
94,1788307423.300391,3.333061695098877,1.271140694618225,-0.0386725548141368,89.12638891778899,3.333061695098877,0.0854570567607879,1.271140694618225,0.1607046276330948,-0.6296080946922302,-0.6070765852928162,-0.457411915063858,5,1.0,0.430979047296683,1.0,0.8976980890102446,0,0,0.0124695848445862,0.5972364740335588,-46,134,thymio-07
95,1788307423.9078574,3.3186776638031006,1.295121192932129,0.1188348034969548,89.02638891778899,3.3186776638031006,0.0852801650762558,1.295121192932129,0.0209246892482042,-0.7120539546012878,-0.6264665722846985,-0.3163557648658752,5,1.0,1.0,1.0,0.442314367489778,0,0,0.020141445528424,0.4648682679309399,1,142,thymio-07
96,1788307424.5161767,3.324406147003174,1.327748417854309,0.1611778170155098,88.926388917789,3.324406147003174,0.0854319930076599,1.327748417854309,-0.2167428433895111,-0.7845746278762817,-0.580361545085907,-0.0254088025540113,5,1.0,1.0,1.0,0.4657095050059427,0,0,0.0142498971891381,0.2648346761631366,11,91,thymio-07
97,1788307425.1240485,3.324406147003174,1.327748417854309,0.1611778170155098,88.826388917789,3.324406147003174,0.0854319930076599,1.327748417854309,-0.2167428433895111,-0.7845746278762817,-0.580361545085907,-0.0254088025540113,5,1.0,1.0,1.0,0.4657095050059427,0,0,0.0156252033427089,0.0876675188375807,42,69,thymio-07
98,1788307425.7319214,3.333360433578491,1.3418725728988647,0.1131185054803891,88.72638891778901,3.333360433578491,0.0855358764529228,1.3418725728988647,-0.291640430688858,-0.783728301525116,-0.5440210700035095,0.0689703971147537,5,1.0,1.0,1.0,0.4739631855160724,0,0,0.0132332837502468,-0.0223704582964457,50,44,thymio-07
99,1788307426.3396585,3.354438066482544,1.3617159128189087,-0.0032368581974306,88.62638891778901,3.354438066482544,0.0863343477249145,1.3617159128189087,-0.3805170655250549,-0.7624995708465576,-0.4855242073535919,0.1951089650392532,5,1.0,1.0,1.0,0.4817059453905947,0,0,0.0080439850708963,-0.0370313944139414,34,23,thymio-07
100,1788307426.94865,3.361598491668701,1.3703670501708984,-0.0045341700916461,88.52638891778902,3.361598491668701,0.0863926261663436,1.3703670501708984,-0.3822209239006042,-0.7605283260345459,-0.4861980676651001,0.1977762430906295,5,1.0,1.0,1.0,0.4912261009391843,0,0,0.006073016186362,-0.0358666445065058,27,16,thymio-07
101,1788307427.556436,3.361598491668701,1.3703670501708984,-0.0045341700916461,88.42638891778903,3.361598491668701,0.0863926261663436,1.3703670501708984,-0.3822209239006042,-0.7605283260345459,-0.4861980676651001,0.1977762430906295,5,1.0,1.0,1.0,0.4912261009391843,0,0,0.0059943454165509,-0.0327214895657806,26,16,thymio-07
102,1788307428.164324,3.365987539291382,1.3769415616989136,0.0124772017573113,88.32638891778903,3.365987539291382,0.0860668197274208,1.3769415616989136,-0.3745383322238922,-0.762658953666687,-0.4924526810646057,0.1885808110237121,5,1.0,1.0,1.0,0.4923025307930007,0,0,0.004538262485907,-0.0233213051381334,20,13,thymio-07
103,1788307428.7725968,3.37038254737854,1.3841679096221924,0.0263006177734692,88.22638891778904,3.37038254737854,0.0860001295804977,1.3841679096221924,-0.3660577535629272,-0.7664601802825928,-0.4975952208042145,0.1758965998888015,5,1.0,1.0,1.0,0.508200745679992,0,0,0.0029980100269027,-0.0064076412449798,12,10,thymio-07
104,1788307429.3800476,3.372200727462769,1.3876769542694092,0.0369273158207712,88.12638891778904,3.372200727462769,0.0866657942533493,1.3876769542694092,-0.3602811992168426,-0.7701396346092224,-0.4968494772911072,0.173847883939743,5,1.0,1.0,1.0,0.5145921061605041,0,0,0.0022811493040777,0.0066752231252473,7,9,thymio-07
105,1788307429.9889123,3.372200727462769,1.3876769542694092,0.0369273158207712,88.02638891778905,3.372200727462769,0.0866657942533493,1.3876769542694092,-0.3602811992168426,-0.7701396346092224,-0.4968494772911072,0.173847883939743,5,1.0,1.0,1.0,0.5145921061605041,0,0,0.0022455785228903,0.0135098773590402,6,10,thymio-07
106,1788307430.5965874,3.3738348484039307,1.3902029991149902,0.0269091655797262,87.92638891778905,3.3738348484039307,0.085989236831665,1.3902029991149902,-0.3614186942577362,-0.7723793387413025,-0.4948413074016571,0.1671493053436279,5,1.0,1.0,1.0,0.5277904947371317,0,0,0.001736127542237,0.0213727834328852,3,9,thymio-07
107,1788307431.2047677,3.3767545223236084,1.393110990524292,0.0209827445844039,87.82638891778906,3.3767545223236084,0.086461529135704,1.393110990524292,-0.3670484125614166,-0.7669504880905151,-0.4972497820854187,0.1726414263248443,5,1.0,1.0,1.0,0.5737705160696192,0,0,0.0011383787592815,0.0428617643525194,-2,11,thymio-07
108,1788307431.8123007,3.3783130645751958,1.3945778608322144,0.0215108534410846,87.72638891778907,3.3783130645751958,0.0863848626613617,1.3945778608322144,-0.369563490152359,-0.7664176821708679,-0.490805834531784,0.1874473392963409,5,1.0,1.0,1.0,0.6062591850971122,0,0,0.000843551679208,0.0667290890880461,-7,13,thymio-07
109,1788307432.420734,3.3783130645751958,1.3945778608322144,0.0215108534410846,87.62638891778907,3.3783130645751958,0.0863848626613617,1.3945778608322144,-0.369563490152359,-0.7664176821708679,-0.490805834531784,0.1874473392963409,5,1.0,1.0,1.0,0.6062591850971122,0,0,0.0008256387930638,0.0801694625398042,-9,15,thymio-07
110,1788307433.0292025,3.381296157836914,1.3963351249694824,-0.013170394514403,87.52638891778908,3.381296157836914,0.0864523574709892,1.3963351249694824,-0.3870155811309814,-0.7577486038208008,-0.4839286804199219,0.2045708000659942,5,1.0,1.0,1.0,0.6609472516336119,0,0,0.0004942824082697,0.1142466811528194,-15,19,thymio-07
111,1788307433.6384296,3.384268045425415,1.3979275226593018,-0.0394551474929207,87.42638891778908,3.384268045425415,0.0863503292202949,1.3979275226593018,-0.4004802405834198,-0.7497363686561584,-0.4745873510837555,0.2286433726549148,5,1.0,1.0,1.0,0.7269296323857992,0,0,0.000232893428316,0.1718475705755463,-25,27,thymio-07
112,1788307434.2462628,3.384268045425415,1.3979275226593018,-0.0394551474929207,87.32638891778909,3.384268045425415,0.0863503292202949,1.3979275226593018,-0.4004802405834198,-0.7497363686561584,-0.4745873510837555,0.2286433726549148,5,1.0,1.0,1.0,0.7269296323857992,0,0,0.0002186606228333,0.2113223112055836,-31,33,thymio-07
113,1788307434.8542364,3.3866212368011475,1.398029327392578,-0.0860048199060177,87.2263889177891,3.3866212368011475,0.0864801630377769,1.398029327392578,-0.4171068668365478,-0.741402268409729,-0.4572675228118896,0.2593281865119934,5,1.0,1.0,1.0,0.7590088575753815,0,0,0.000180935528138,0.2636547988316912,-39,40,thymio-07
114,1788307435.4625876,3.392628669738769,1.3961714506149292,-0.313671363149465,87.1263889177891,3.392628669738769,0.0859517604112625,1.3961714506149292,-0.4671653211116791,-0.7029120922088623,-0.4065896868705749,0.3497943878173828,5,1.0,1.0,1.0,0.7670772875646026,0,0,0.0003562371188527,0.318211258396914,-47,49,thymio-07
115,1788307436.0717602,3.392628669738769,1.3961714506149292,-0.313671363149465,87.0263889177891,3.392628669738769,0.0859517604112625,1.3961714506149292,-0.4671653211116791,-0.7029120922088623,-0.4065896868705749,0.3497943878173828,5,1.0,1.0,1.0,0.7670772875646026,0,0,0.0004587903725769,0.2951356500085723,-43,46,thymio-07
116,1788307436.6796913,3.3978967666625977,1.3919057846069336,-0.8035069615974257,86.92638891778911,3.3978967666625977,0.0861893370747566,1.3919057846069336,-0.5179648995399475,-0.6448756456375122,-0.352160096168518,0.437985360622406,5,1.0,0.8738616333164875,1.0,1.0,0,0,-0.0023765386384923,0.6035037166663194,-100,83,thymio-07
117,1788307437.2875504,3.4017488956451416,1.3863766193389893,-1.3839344784546124,86.82638891778912,3.4017488956451416,0.0862321928143501,1.3863766193389893,-0.5624517202377319,-0.5904520750045776,-0.2820684313774109,0.5054224729537964,5,1.0,0.9778127436439374,1.0,1.0,0,0,-0.0031100826822711,0.5671780801564066,-97,75,thymio-07
118,1788307437.8948915,3.4017488956451416,1.3863766193389893,-1.3839344784546124,86.72638891778912,3.4017488956451416,0.0862321928143501,1.3863766193389893,-0.5624517202377319,-0.5904520750045776,-0.2820684313774109,0.5054224729537964,5,1.0,0.9778127436439374,1.0,1.0,0,0,-0.0021934593193921,0.5741830663158838,-94,79,thymio-07
119,1788307438.5023038,3.404603242874145,1.3780254125595093,-1.8954759825918857,86.62638891778913,3.404603242874145,0.0864177867770195,1.3780254125595093,-0.6118507385253906,-0.4821512401103973,-0.1453909277915954,0.6099430322647095,5,1.0,1.0,1.0,1.0,0,0,0.0012716197157662,0.5011542871479644,-71,80,thymio-07
120,1788307439.111065,3.3967769145965576,1.3617757558822632,-2.2179090212952453,86.52638891778913,3.3967769145965576,0.0859470963478088,1.3617757558822632,-0.6398025751113892,-0.1761336475610733,0.0921415761113166,0.7423877716064453,5,1.0,1.0,1.0,1.0,0,0,0.0030827496431754,0.6003915272820265,-80,102,thymio-07
121,1788307439.7195156,3.389810562133789,1.3550852537155151,-2.2011307073975432,86.42638891778914,3.389810562133789,0.0862902477383613,1.3550852537155151,-0.6034311652183533,-0.0290278773754835,0.2200482934713363,0.7659028172492981,5,1.0,1.0,1.0,1.0,0,0,0.0060072772217774,0.596032174008488,-69,111,thymio-07
122,1788307440.3274922,3.377929210662842,1.3501814603805542,-2.110699071420517,86.32638891778915,3.377929210662842,0.0861436054110527,1.3501814603805542,-0.5403138399124146,0.1445238888263702,0.3516773879528045,0.7506642937660217,5,1.0,1.0,1.0,1.0,0,0,0.0059665561363718,0.5955421727194522,-69,111,thymio-07
123,1788307440.9356654,3.377929210662842,1.3501814603805542,-2.110699071420517,86.22638891778915,3.377929210662842,0.0861436054110527,1.3501814603805542,-0.5403138399124146,0.1445238888263702,0.3516773879528045,0.7506642937660217,5,1.0,1.0,1.0,1.0,0,0,0.0065809489550949,0.595340462029267,-67,113,thymio-07
124,1788307441.543771,3.3591434955596924,1.3509931564331057,-1.614948472084211,86.1255226917022,3.3591434955596924,0.0863654240965843,1.3509931564331057,-0.4011063575744629,0.3764351308345794,0.487161785364151,0.6782947778701782,5,1.0,1.0,1.0,1.0,0,0,0.0064896244059509,0.5753170764907327,-64,110,thymio-07
125,1788307442.1518755,3.3591434955596924,1.3509931564331057,-1.614948472084211,86.02552269170221,3.3591434955596924,0.0863654240965843,1.3509931564331057,-0.4011063575744629,0.3764351308345794,0.487161785364151,0.6782947778701782,5,1.0,1.0,1.0,1.0,0,0,0.0067888014019193,0.5796523242730841,-63,112,thymio-07
126,1788307442.760147,3.33994722366333,1.3674465417861938,-0.0602603728079151,85.91037907901246,3.33994722366333,0.0865879356861114,1.3674465417861938,-0.1716888844966888,0.6224259734153748,0.6034180521965027,0.4679697155952453,5,1.0,1.0,1.0,1.0,0,0,0.004207892987913,0.4400620981144611,-52,81,thymio-07
127,1788307443.368435,3.33994722366333,1.3674465417861938,-0.0602603728079151,85.81037907901246,3.33994722366333,0.0865879356861114,1.3674465417861938,-0.1716888844966888,0.6224259734153748,0.6034180521965027,0.4679697155952453,5,1.0,1.0,1.0,1.0,0,0,0.0053734568082906,0.4464112653811085,-48,87,thymio-07
128,1788307443.9763384,3.336113214492798,1.383548140525818,0.1321661435092083,85.71037907901247,3.336113214492798,0.0860061794519424,1.383548140525818,-0.0100959464907646,0.7215102910995483,0.6229256391525269,0.302133560180664,5,1.0,1.0,1.0,1.0,0,0,0.0027129926191635,0.4207462200057555,-54,73,thymio-07
129,1788307444.5844283,3.3396430015563965,1.3963741064071655,0.1767412190216983,85.61037907901247,3.3396430015563965,0.0864637866616249,1.3963741064071655,0.1228106021881103,0.7728675007820129,0.6059966087341309,0.1426941603422165,5,1.0,1.0,1.0,1.0,0,0,0.0006308107710929,0.4059325946714308,-59,64,thymio-07
130,1788307445.1918578,3.3396430015563965,1.3963741064071655,0.1767412190216983,85.51037907901248,3.3396430015563965,0.0864637866616249,1.3963741064071655,0.1228106021881103,0.7728675007820129,0.6059966087341309,0.1426941603422165,5,1.0,1.0,1.0,1.0,0,0,0.0006545599471885,0.4049383534824225,-59,63,thymio-07
131,1788307445.8008366,3.345996856689453,1.4041298627853394,0.1749294162245172,85.41037907901249,3.345996856689453,0.0863457694649696,1.4041298627853394,0.2148546725511551,0.7893036007881165,0.5749953985214233,0.0147491283714771,5,1.0,0.968766346593568,1.0,1.0,0,0,0.0,0.4696347458690357,-71,71,thymio-07
132,1788307446.4092898,3.3611810207366943,1.4083404541015625,0.0119756175478964,85.31037907901249,3.3611810207366943,0.086801528930664,1.4083404541015625,0.3746976852416992,0.7648381590843201,0.4857871830463409,-0.1965579539537429,5,1.0,0.9600354052771458,1.0,0.9261547727295956,0,0,-0.0,0.5964895298614727,-90,90,thymio-07
133,1788307447.0169191,3.3611810207366943,1.4083404541015625,0.0119756175478964,85.2103790790125,3.3611810207366943,0.086801528930664,1.4083404541015625,0.3746976852416992,0.7648381590843201,0.4857871830463409,-0.1965579539537429,5,1.0,0.9600354052771458,1.0,0.9261547727295956,0,0,-0.0,0.5948404162392128,-90,90,thymio-07
134,1788307447.6253595,3.3701322078704834,1.4056575298309326,-0.2787672895077637,85.1103790790125,3.3701322078704834,0.0870814844965934,1.4056575298309326,0.4624803066253662,0.7056447863578796,0.4147408604621887,-0.3408336639404297,5,1.0,0.9525498277261016,1.0,0.8599272092599788,0,0,-0.0,0.606263020815505,-92,92,thymio-07
135,1788307448.2332368,3.379232883453369,1.3949123620986938,-1.5084735048829916,85.01037907901251,3.379232883453369,0.0868040695786476,1.3949123620986938,0.5641323328018188,0.5775859951972961,0.2575516402721405,-0.5308638215065002,5,1.0,0.7493865640158708,0.975186246483648,1.0,0,0,-0.0005139379974473,0.6243728484561747,-96,92,thymio-07
136,1788307448.8424902,3.3820018768310547,1.3810832500457764,-2.08526341215662,84.91037907901251,3.3820018768310547,0.0864239484071731,1.3810832500457764,0.6259925961494446,0.3845880627632141,0.0708864480257034,-0.6746854782104492,5,1.0,1.0,0.6667706925334191,1.0,0,0,0.0002688168860129,0.5667490111155272,-85,87,thymio-07
137,1788307449.4504406,3.3820018768310547,1.3810832500457764,-2.08526341215662,84.81037907901252,3.3820018768310547,0.0864239484071731,1.3810832500457764,0.6259925961494446,0.3845880627632141,0.0708864480257034,-0.6746854782104492,5,1.0,1.0,0.6667706925334191,1.0,0,0,0.0036955786067103,0.5778132373330892,-74,100,thymio-07
138,1788307450.0588243,3.3793628215789795,1.3738229274749756,-2.1634930832449246,84.71037907901253,3.3793628215789795,0.0854314416646957,1.3738229274749756,0.6431353688240051,0.2629910111427307,-0.0380463749170303,-0.7181679606437683,5,1.0,1.0,0.6553895012920548,1.0,0,0,0.0048704123717488,0.5864812975271463,-71,106,thymio-07
139,1788307450.6664906,3.3689260482788086,1.3612442016601562,-2.2034203928445524,84.61037907901253,3.3689260482788086,0.0863994508981704,1.3612442016601562,0.6101706624031067,0.0390434265136718,-0.2126199603080749,-0.7622073292732239,5,1.0,1.0,0.5867019850143111,1.0,0,0,0.0064966966154791,0.5727784856709838,-63,110,thymio-07
140,1788307451.2750444,3.3472044467926025,1.3536856174468994,-1.9701288532419337,84.50110442128958,3.3472044467926025,0.0865044295787811,1.3536856174468994,0.4769765734672546,-0.2555910944938659,-0.4211699962615967,-0.7278615832328796,5,1.0,0.4605319911970993,1.0,1.0,0,0,0.0007565732432871,0.5911628179066197,-87,92,thymio-07
141,1788307451.883176,3.3472044467926025,1.3536856174468994,-1.9701288532419337,84.40110442128959,3.3472044467926025,0.0865044295787811,1.3536856174468994,0.4769765734672546,-0.2555910944938659,-0.4211699962615967,-0.7278615832328796,5,1.0,0.4605319911970993,1.0,1.0,0,0,0.0074901176606976,0.6250690319397796,-68,121,thymio-07
142,1788307452.4910831,3.336965322494507,1.3562783002853394,-1.5137128105055673,84.3011044212896,3.336965322494507,0.0862046778202056,1.3562783002853394,0.3874679803848266,-0.399583488702774,-0.4961264133453369,-0.6663784384727478,5,1.0,0.4247200851673405,1.0,1.0,0,0,0.0027271132635094,0.6135361234592909,-83,102,thymio-07
143,1788307453.0983706,3.325446844100952,1.3670601844787598,-0.3090341623470656,84.2011044212896,3.325446844100952,0.0864686295390129,1.3670601844787598,0.2368054091930389,-0.5676308274269104,-0.5742854475975037,-0.5402913093566895,5,1.0,1.0,1.0,0.3921076828329652,0,0,0.0039790408864702,0.5997368025002512,-76,105,thymio-07
144,1788307453.7063048,3.325446844100952,1.3670601844787598,-0.3090341623470656,84.1011044212896,3.325446844100952,0.0864686295390129,1.3670601844787598,0.2368054091930389,-0.5676308274269104,-0.5742854475975037,-0.5402913093566895,5,1.0,1.0,1.0,0.3921076828329652,0,0,0.003526464494524,0.5760450587723016,-74,100,thymio-07
145,1788307454.3150976,3.321241617202759,1.3820949792861938,0.0716476739775795,84.00110442128961,3.321241617202759,0.0862994566559791,1.3820949792861938,0.0667654201388359,-0.6856663227081299,-0.6228002905845642,-0.3708421587944031,5,1.0,1.0,1.0,0.3590077877982627,0,0,0.003017296697237,0.4663245119068052,-60,81,thymio-07
146,1788307454.9226146,3.328225612640381,1.40240216255188,0.1557406165965678,83.90110442128962,3.328225612640381,0.0861414149403572,1.40240216255188,-0.1740871369838714,-0.789837121963501,-0.5807493925094604,-0.0926344022154808,5,1.0,1.0,1.0,0.351648872363187,0,0,0.0,0.3652972625523407,-55,55,thymio-07
147,1788307455.5304708,3.328225612640381,1.40240216255188,0.1557406165965678,83.80110442128962,3.328225612640381,0.0861414149403572,1.40240216255188,-0.1740871369838714,-0.789837121963501,-0.5807493925094604,-0.0926344022154808,5,1.0,1.0,1.0,0.351648872363187,0,0,0.0,0.2645736718951211,-40,40,thymio-07
148,1788307456.138968,3.330660820007324,1.4041856527328491,0.1815433367769507,83.70110442128963,3.330660820007324,0.086505502462387,1.4041856527328491,-0.1991863399744033,-0.7840816378593445,-0.5867837071418762,-0.0350102372467517,5,1.0,1.0,1.0,0.3563034083899237,0,0,0.0,0.1889914709535841,-29,29,thymio-07
149,1788307456.747943,3.344193458557129,1.4078764915466309,0.0310178937268745,83.60110442128963,3.344193458557129,0.0864976048469543,1.4078764915466309,-0.3656393587589264,-0.7663513422012329,-0.4957298636436462,0.1823883950710296,5,1.0,1.0,1.0,0.4176788390044801,0,0,0.0,0.1483358681916261,-22,22,thymio-07
150,1788307457.356444,3.344193458557129,1.4078764915466309,0.0310178937268745,83.50110442128964,3.344193458557129,0.0864976048469543,1.4078764915466309,-0.3656393587589264,-0.7663513422012329,-0.4957298636436462,0.1823883950710296,5,1.0,1.0,1.0,0.4176788390044801,0,0,0.0,0.1204622496076255,-18,18,thymio-07
151,1788307457.9639657,3.3461079597473145,1.4077285528182983,-0.0058628094730046,83.40110442128965,3.3461079597473145,0.0863815397024154,1.4077285528182983,-0.3844555020332336,-0.7599965929985046,-0.4786574840545654,0.2132748067378997,5,1.0,1.0,1.0,0.4388851876192292,0,0,0.0,0.0983483138564103,-15,15,thymio-07
152,1788307458.5712583,3.3522422313690186,1.4064805507659912,-0.1761254894051971,83.30110442128965,3.3522422313690186,0.0866773873567581,1.4064805507659912,-0.4418298900127411,-0.7228795289993286,-0.4329523742198944,0.3078700006008148,5,1.0,0.8923312938760444,1.0,0.603293987061682,0,0,0.0,0.2220609140968495,-34,34,thymio-07
153,1788307459.1800528,3.354304075241089,1.4055730104446411,-0.2576036373891566,83.20110442128966,3.354304075241089,0.0865964218974113,1.4055730104446411,-0.4586658775806427,-0.705129861831665,-0.4189048409461975,0.3419595956802368,5,1.0,0.8289816875122746,1.0,0.6453909336150345,0,0,0.0,0.2196069913089413,-33,33,thymio-07
154,1788307459.7874105,3.354304075241089,1.4055730104446411,-0.2576036373891566,83.10110442128966,3.354304075241089,0.0865964218974113,1.4055730104446411,-0.4586658775806427,-0.705129861831665,-0.4189048409461975,0.3419595956802368,5,1.0,0.8289816875122746,1.0,0.6453909336150345,0,0,0.0,0.1748038814318684,-26,26,thymio-07
155,1788307460.3951836,3.358875274658203,1.4024658203125,-0.6320831659574928,83.00110442128967,3.358875274658203,0.0861738100647926,1.4024658203125,-0.5038498044013977,-0.6613097190856934,-0.3695038855075836,0.4150562882423401,5,1.0,0.7159804867015884,1.0,1.0,0,0,-0.0,0.5785764160620704,-87,87,thymio-07
156,1788307461.0037272,3.358875274658203,1.4024658203125,-0.6320831659574928,82.90110442128967,3.358875274658203,0.0861738100647926,1.4024658203125,-0.5038498044013977,-0.6613097190856934,-0.3695038855075836,0.4150562882423401,5,1.0,0.7159804867015884,1.0,1.0,0,0,0.0,0.3947824092003261,-60,60,thymio-07
157,1788307461.6120763,3.3629629611968994,1.3969931602478027,-1.2370599255847503,82.80110442128968,3.3629629611968994,0.0864733010530471,1.3969931602478027,-0.5466303825378418,-0.6073731184005737,-0.3014852702617645,0.4913245737552643,5,1.0,0.7798923022952029,1.0,1.0,0,0,-0.0008213143992176,0.6175446911441375,-96,90,thymio-07
158,1788307462.2205713,3.367737293243408,1.382002353668213,-2.021103790752909,82.70110442128968,3.367737293243408,0.0864063948392868,1.382002353668213,-0.6262804865837097,-0.4195543527603149,-0.0920088440179824,0.6506006717681885,5,1.0,1.0,0.7867444803474488,1.0,0,0,0.0022115214537752,0.4710615888713485,-63,79,thymio-07
159,1788307462.8291223,3.367737293243408,1.382002353668213,-2.021103790752909,82.60110442128969,3.367737293243408,0.0864063948392868,1.382002353668213,-0.6262804865837097,-0.4195543527603149,-0.0920088440179824,0.6506006717681885,5,1.0,1.0,0.7867444803474488,1.0,0,0,0.0046275170163417,0.5966027881890409,-74,107,thymio-07
160,1788307463.4374774,3.363349199295044,1.3690848350524902,-2.1725717433180938,82.5011044212897,3.363349199295044,0.0862678587436676,1.3690848350524902,-0.6468086838722229,-0.2253214567899704,0.072474293410778,0.7249940633773804,5,1.0,1.0,0.8284609782000609,1.0,0,0,0.0059348227436325,0.6047508497640393,-70,112,thymio-07
161,1788307464.045552,3.3520984649658203,1.3545323610305786,-2.190182377367872,82.4011044212897,3.3520984649658203,0.0859792158007621,1.3545323610305786,-0.5904802083969116,0.0255908239632844,0.2603866159915924,0.7634639143943787,5,1.0,1.0,0.8867350980252293,1.0,0,0,0.007633150542169,0.5954288415869552,-63,117,thymio-07
162,1788307464.6538837,3.3520984649658203,1.3545323610305786,-2.190182377367872,82.30110442128971,3.3520984649658203,0.0859792158007621,1.3545323610305786,-0.5904802083969116,0.0255908239632844,0.2603866159915924,0.7634639143943787,5,1.0,1.0,0.8867350980252293,1.0,0,0,0.0079573839322797,0.5948104443220465,-62,118,thymio-07
163,1788307465.2629552,3.33428955078125,1.3492014408111572,-1.997663409462067,82.19597907338226,3.33428955078125,0.0861751288175582,1.3492014408111572,-0.4802812337875366,0.2593782544136047,0.4138469696044922,0.7285489439964294,5,1.0,1.0,0.9683516824868772,1.0,0,0,0.0079524315071416,0.5752531411219336,-59,115,thymio-07
164,1788307465.871022,3.3199408054351807,1.352088212966919,-1.389149431782555,82.09597907338227,3.3199408054351807,0.086359716951847,1.352088212966919,-0.3761751651763916,0.4252026677131653,0.504448652267456,0.650558590888977,5,1.0,1.0,0.9880232350875444,1.0,0,0,0.0061296888424354,0.4964448107867653,-53,97,thymio-07
165,1788307466.4790726,3.3199408054351807,1.352088212966919,-1.389149431782555,81.99597907338227,3.3199408054351807,0.086359716951847,1.352088212966919,-0.3761751651763916,0.4252026677131653,0.504448652267456,0.650558590888977,5,1.0,1.0,0.9880232350875444,1.0,0,0,0.0081181209630549,0.5333929094960631,-52,109,thymio-07
166,1788307467.0865178,3.305018901824951,1.36537504196167,-0.1281766201326468,81.89597907338228,3.305018901824951,0.0864953398704528,1.36537504196167,-0.2015010863542556,0.6010744571685791,0.5947700142860413,0.4943233728408813,5,1.0,1.0,1.0,1.0,0,0,0.0044100908402239,0.3971975780484067,-44,76,thymio-07
167,1788307467.6945126,3.305018901824951,1.36537504196167,-0.1281766201326468,81.79597907338228,3.305018901824951,0.0864953398704528,1.36537504196167,-0.2015010863542556,0.6010744571685791,0.5947700142860413,0.4943233728408813,5,1.0,1.0,1.0,1.0,0,0,0.0056230025759993,0.4308459887613855,-45,85,thymio-07
168,1788307468.3028157,3.299456119537353,1.3782774209976196,0.0707638848348239,81.69597907338229,3.299456119537353,0.0859756916761398,1.3782774209976196,-0.0684336870908737,0.6846433877944946,0.6229804158210754,0.3721231520175934,5,1.0,1.0,1.0,1.0,0,0,0.0035912275401724,0.4163082957652723,-50,76,thymio-07
169,1788307468.910776,3.299348831176758,1.3860663175582886,0.138891168595133,81.5959790733823,3.299348831176758,0.0857613831758499,1.3860663175582886,0.0086346911266446,0.7290362119674683,0.6232498288154602,0.2828274369239807,5,1.0,1.0,1.0,1.0,0,0,0.0023444220456757,0.4095859706405115,-54,70,thymio-07
170,1788307469.519273,3.305950403213501,1.4034181833267212,0.1812665269753197,81.4959790733823,3.305950403213501,0.0862235054373741,1.4034181833267212,0.1813510656356811,0.7873288989067078,0.5860943794250488,0.0609784945845603,5,1.0,0.9587070022363392,1.0,1.0,0,0,0.0,0.4113468848764379,-62,62,thymio-07
171,1788307470.1273324,3.3102753162384038,1.4068260192871094,0.1456313569916494,81.3959790733823,3.3102753162384038,0.086018294095993,1.4068260192871094,0.243426114320755,0.7883543372154236,0.5649735331535339,-0.0067851939238607,5,1.0,0.9103627002598612,1.0,1.0,0,0,0.0,0.4093650590390805,-62,62,thymio-07
172,1788307470.735056,3.3102753162384038,1.4068260192871094,0.1456313569916494,81.29597907338231,3.3102753162384038,0.086018294095993,1.4068260192871094,0.243426114320755,0.7883543372154236,0.5649735331535339,-0.0067851939238607,5,1.0,0.9103627002598612,1.0,1.0,0,0,0.0,0.4082588084137893,-62,62,thymio-07
173,1788307471.3427343,3.3231348991394043,1.4091721773147583,-0.0058071655564839,81.19597907338232,3.3231348991394043,0.0866011008620262,1.4091721773147583,0.3828498721122741,0.7618972063064575,0.4799152910709381,-0.2064464092254638,5,1.0,0.7795692967242689,1.0,1.0,0,0,0.0,0.4411985762796644,-67,67,thymio-07
174,1788307471.9513738,3.33451509475708,1.4049530029296875,-0.4443381343189148,81.09597907338232,3.33451509475708,0.0866948515176773,1.4049530029296875,0.4828186333179474,0.6789688467979431,0.3910773694515228,-0.3910831212997436,5,1.0,0.6623187870680038,1.0,1.0,0,0,0.0,0.5745718460060375,-87,87,thymio-07
175,1788307472.5590775,3.33451509475708,1.4049530029296875,-0.4443381343189148,80.99597907338233,3.33451509475708,0.0866948515176773,1.4049530029296875,0.4828186333179474,0.6789688467979431,0.3910773694515228,-0.3910831212997436,5,1.0,0.6623187870680038,1.0,1.0,0,0,0.0,0.5363339475899941,-81,81,thymio-07
176,1788307473.1671424,3.341895580291748,1.3947668075561523,-1.6489207043355671,80.89597907338234,3.341895580291748,0.0863437131047248,1.3947668075561523,0.5846878886222839,0.5522838234901428,0.2251828461885452,-0.5499230027198792,5,1.0,1.0,0.6413026157387411,1.0,0,0,0.0010598095557541,0.567475155163849,-82,89,thymio-07
177,1788307473.7751994,3.341895580291748,1.3947668075561523,-1.6489207043355671,80.79597907338234,3.341895580291748,0.0863437131047248,1.3947668075561523,0.5846878886222839,0.5522838234901428,0.2251828461885452,-0.5499230027198792,5,1.0,1.0,0.6413026157387411,1.0,0,0,0.0009121234739796,0.5569234034465725,-81,87,thymio-07
178,1788307474.3830328,3.3433661460876465,1.38619065284729,-1.9830770324934457,80.69597907338235,3.3433661460876465,0.086284227669239,1.38619065284729,0.616363525390625,0.4478573203086853,0.1214788779616355,-0.6362097859382629,5,1.0,1.0,0.6018278006894746,1.0,0,0,0.0025335901566811,0.5843424781280253,-79,97,thymio-07
179,1788307474.991994,3.3387539386749268,1.3684903383255005,-2.203211026499509,80.59597907338235,3.3387539386749268,0.0861281007528305,1.3684903383255005,0.63950514793396,0.1790652275085449,-0.0991401672363281,-0.7410398721694946,5,1.0,1.0,0.5972702167602257,1.0,0,0,0.005632309584697,0.5940901115095082,-70,110,thymio-07
180,1788307475.6006255,3.3292839527130127,1.3596949577331543,-2.192181711756571,80.49597907338236,3.3292839527130127,0.0861964598298072,1.3596949577331543,0.6026385426521301,0.0043472116813063,-0.2422291189432144,-0.7603507041931152,5,1.0,1.0,0.5783935726642289,1.0,0,0,0.0070034348323536,0.5852229065341606,-63,113,thymio-07
181,1788307476.209141,3.31831169128418,1.354048252105713,-2.1039287062580314,80.39597907338236,3.31831169128418,0.0862325131893158,1.354048252105713,0.5396386384963989,-0.1449396759271621,-0.354799211025238,-0.7496000528335571,5,1.0,1.0,0.5833724082187233,1.0,0,0,0.00805575401827,0.5778904438247345,-59,116,thymio-07
182,1788307476.8171976,3.2978851795196533,1.3536996841430664,-1.5430456333441978,80.27976970041311,3.2978851795196533,0.085708662867546,1.3536996841430664,0.3944517076015472,-0.3926595449447632,-0.4950681030750274,-0.6671836376190186,5,1.0,1.0,0.6414508193231963,1.0,0,0,0.0067638056603742,0.497314797115227,-51,99,thymio-07
183,1788307477.4250944,3.2978851795196533,1.3536996841430664,-1.5430456333441978,80.17976970041312,3.2978851795196533,0.085708662867546,1.3536996841430664,0.3944517076015472,-0.3926595449447632,-0.4950681030750274,-0.6671836376190186,5,1.0,1.0,0.6414508193231963,1.0,0,0,0.008596119025513,0.5246090309100022,-49,110,thymio-07
184,1788307478.0284915,10000.0,10000.0,0.0,80.17976970041312,3.2978851795196533,0.085708662867546,1.3536996841430664,0.3944517076015472,-0.3926595449447632,-0.4950681030750274,-0.6671836376190186,5,1.0,1.0,-1.0,1.0,0,0,0.03,0.545803526809386,24,189,thymio-07
185,1788307478.631772,3.285613775253296,1.3600547313690186,-0.6044704645448187,80.17976970041312,3.285613775253296,0.0856207758188247,1.3600547313690186,0.2785138785839081,-0.5199002027511597,-0.5566828846931458,-0.5850110650062561,5,1.0,0.7034174381727101,1.0,1.0,0,0,0.0066704848406752,0.4628605690009976,-46,94,thymio-07
186,1788307479.239453,3.266639947891236,1.3827327489852903,0.0265643641035282,80.0583627921853,3.266639947891236,0.0858886837959289,1.3827327489852903,0.0863030925393104,-0.6675671935081482,-0.6217944025993347,-0.4003469944000244,5,1.0,0.7638787348421008,1.0,1.0,0,0,0.0017588164713415,0.0676573134226298,-4,16,thymio-07
187,1788307479.847429,3.2604410648345947,1.403846025466919,0.1581952885942117,79.95836279218531,3.2604410648345947,0.0862837433815002,1.403846025466919,-0.0421564877033233,-0.7415181398391724,-0.6249913573265076,-0.2403321415185928,5,1.0,0.8838935014877494,1.0,1.0,0,0,0.0,0.1724867886065801,-26,26,thymio-07
188,1788307480.4566655,3.2601613998413086,1.4057061672210691,0.1485541902810339,79.85836279218532,3.2601613998413086,0.0866397023200988,1.4057061672210691,-0.0534595213830471,-0.7354850769042969,-0.6337547302246094,-0.2335782945156097,5,1.0,0.9515097724514554,1.0,1.0,0,0,0.0,0.203165903086429,-31,31,thymio-07
189,1788307481.064072,3.2601613998413086,1.4057061672210691,0.1485541902810339,79.75836279218532,3.2601613998413086,0.0866397023200988,1.4057061672210691,-0.0534595213830471,-0.7354850769042969,-0.6337547302246094,-0.2335782945156097,5,1.0,0.9515097724514554,1.0,1.0,0,0,0.0,0.2462515038292389,-37,37,thymio-07
190,1788307481.671885,3.2621850967407227,1.4098011255264282,0.1612590412472259,79.65836279218533,3.2621850967407227,0.085956685245037,1.4098011255264282,-0.1097699999809265,-0.7648792862892151,-0.6117401123046875,-0.1693648099899292,5,1.0,1.0,1.0,1.0,0,0,0.0,0.2487483734041193,-38,38,thymio-07
191,1788307482.2800689,3.2678139209747314,1.4143283367156982,0.1881273200999111,79.55836279218533,3.2678139209747314,0.0860593914985656,1.4143283367156982,-0.1888519376516342,-0.7884213924407959,-0.5837822556495667,-0.0438768379390239,5,1.0,1.0,1.0,1.0,0,0,0.0,0.2768071078311376,-42,42,thymio-07
192,1788307482.8878882,3.2678139209747314,1.4143283367156982,0.1881273200999111,79.45836279218534,3.2678139209747314,0.0860593914985656,1.4143283367156982,-0.1888519376516342,-0.7884213924407959,-0.5837822556495667,-0.0438768379390239,5,1.0,1.0,1.0,1.0,0,0,0.0,0.3099867307246946,-47,47,thymio-07
193,1788307483.4954495,3.2713382244110107,1.4162558317184448,0.16260501244169,79.35836279218535,3.2713382244110107,0.0858715325593948,1.4162558317184448,-0.2384927570819854,-0.7870866656303406,-0.5687193274497986,0.0131990732625126,5,1.0,1.0,1.0,1.0,0,0,0.0,0.3423009296865509,-52,52,thymio-07
194,1788307484.1041086,3.281317710876465,1.4182814359664917,0.046806014129229,79.25836279218535,3.281317710876465,0.0860406979918479,1.4182814359664917,-0.3533065915107727,-0.770761251449585,-0.5060620307922363,0.1581228226423263,5,1.0,1.0,1.0,1.0,0,0,0.0,0.3880827739858619,-59,59,thymio-07
195,1788307484.711568,3.28687071800232,1.416653752326965,-0.080703141886401,79.15836279218536,3.28687071800232,0.0866590216755867,1.416653752326965,-0.4135799705982208,-0.7460435628890991,-0.4565991163253784,0.2527605891227722,5,1.0,1.0,1.0,1.0,0,0,0.0,0.4414861507602345,-67,67,thymio-07
196,1788307485.3192172,3.28687071800232,1.416653752326965,-0.080703141886401,79.05836279218536,3.28687071800232,0.0866590216755867,1.416653752326965,-0.4135799705982208,-0.7460435628890991,-0.4565991163253784,0.2527605891227722,5,1.0,1.0,1.0,1.0,0,0,0.0,0.4658634158962323,-70,70,thymio-07
197,1788307485.9271402,3.295773267745972,1.4127951860427856,-0.4951021842185703,78.95836279218537,3.295773267745972,0.0868140012025833,1.4127951860427856,-0.4892919957637787,-0.6795822381973267,-0.3803968131542206,0.3925043046474457,5,1.0,1.0,1.0,1.0,0,0,0.0,0.5315372382084538,-80,80,thymio-07
