tick,timestamp,x,y,heading,battery,raw_x,raw_y,raw_z,qx,qy,qz,qw,n_agents_seen,front_d,back_d,right_d,left_d,ir_front_max,ir_rear_max,v,w,left,right,hostname
1,1788221782.0955858,2.9683942794799805,-1.1735877990722656,-1.666681818230336,100.0,2.9683942794799805,0.0750720202922821,-1.1735877990722656,-0.6231694221496582,-0.4703015387058258,-0.1580051481723785,0.6045747995376587,5,1.0,1.0,1.0,1.0,0,0,0.1740259958032103,-0.6066567119255781,500,500,thymio-08
2,1788221782.699584,2.9249367713928223,-0.6931641101837158,-0.0546349277983773,100.0,2.9249367713928223,0.0784545093774795,-0.6931641101837158,-0.4760521650314331,-0.7063489556312561,-0.4168877005577087,0.3172542154788971,5,-0.6221840549493278,1.0,1.0,-0.6713939621958571,0,0,-0.0572072187506053,0.1741932697650607,-230,-177,thymio-08
3,1788221783.307417,2.9055094718933105,-0.6312775611877441,-0.0481230698439829,99.872597115156,2.9055094718933105,0.0790027305483818,-0.6312775611877441,-0.474827229976654,-0.7008960843086243,-0.4200983345508575,0.3268047571182251,5,-0.6765903123241306,1.0,1.0,-0.7121441475027832,0,0,-0.0014443808912828,0.5918345743845408,-95,84,thymio-08
4,1788221783.9158823,2.9088122844696045,-0.6426677703857422,-0.2100712637228197,99.77259711515602,2.9088122844696045,0.0786501094698906,-0.6426677703857422,-0.4936315715312958,-0.6845035552978516,-0.3869179487228393,0.3715875446796417,5,-0.6606639272953949,1.0,1.0,-0.6461145204511316,0,0,-0.0362065506136256,0.6135978956329369,-221,-36,thymio-08
5,1788221784.52416,2.91352653503418,-0.6361713409423828,-1.0554913755368598,99.67259711515602,2.91352653503418,0.0783150568604469,-0.6361713409423828,-0.5541888475418091,-0.5982325077056885,-0.2915543019771576,0.4999886453151703,5,-0.6543478785317887,1.0,1.0,-0.6328855440655057,0,0,-0.0374760764151104,0.5792459856698547,-221,-46,thymio-08
6,1788221785.1323383,2.9135029315948486,-0.651168167591095,-1.5424987189347052,99.57259711515604,2.9135029315948486,0.0788354650139808,-0.651168167591095,-0.6117937564849854,-0.5090431571006775,-0.1733400374650955,0.5801178216934204,5,1.0,1.0,1.0,-0.6365118671214359,0,0,-0.0410611147085913,0.5917941438219868,-235,-57,thymio-08
7,1788221785.74022,2.9135029315948486,-0.651168167591095,-1.5424987189347052,99.47259711515603,2.9135029315948486,0.0788354650139808,-0.651168167591095,-0.6117937564849854,-0.5090431571006775,-0.1733400374650955,0.5801178216934204,5,1.0,1.0,1.0,-0.6345209986765166,0,0,-0.0414612792660201,0.4852408369314921,-221,-74,thymio-08
8,1788221786.343441,10000.0,10000.0,0.0,99.47259711515603,2.9135029315948486,0.0788354650139808,-0.651168167591095,-0.6117937564849854,-0.5090431571006775,-0.1733400374650955,0.5801178216934204,5,1.0,1.0,1.0,1.0,0,0,0.03,0.5279178104594523,27,186,thymio-08
9,1788221786.947167,2.8771347999572754,-0.6843292117118835,-1.950610955317664,99.47259711515603,2.8771347999572754,0.0795263722538948,-0.6843292117118835,-0.6217365860939026,-0.1988017559051513,0.0751947835087776,0.753835141658783,5,1.0,-0.6063159374274762,1.0,-0.5816688268350796,0,0,0.1567393905348051,-0.0679194914472732,500,500,thymio-08
10,1788221787.55556,2.906666040420532,-0.6977108716964722,-1.953259933686768,99.37259711515604,2.906666040420532,0.0782779306173324,-0.6977108716964722,-0.5895144939422607,-0.0137932635843753,0.2182637602090835,0.7775882482528687,5,1.0,-0.5861742926709697,1.0,-0.5722529973833214,0,0,0.1970161118127267,-0.3730266196905805,500,500,thymio-08
11,1788221788.16379,2.972730159759521,-0.7215031385421753,-1.947994927353359,99.27259711515605,2.972730159759521,0.0777828395366668,-0.7215031385421753,-0.5862516164779663,-0.0024837020318955,0.2282743155956268,0.7772989869117737,5,1.0,-0.5225430153814187,1.0,-0.5720312740808768,0,0,0.05,-0.3327570035482484,228,127,thymio-08
12,1788221788.771381,2.972730159759521,-0.7215031385421753,-1.947994927353359,99.17259711515604,2.972730159759521,0.0777828395366668,-0.7215031385421753,-0.5862516164779663,-0.0024837020318955,0.2282743155956268,0.7772989869117737,5,1.0,-0.5225430153814187,1.0,-0.5720312740808768,0,0,0.05,-0.0913336175414471,191,164,thymio-08
13,1788221789.3788104,3.0734286308288574,-0.7630485892295837,-1.953859377041879,99.07259711515606,3.0734286308288574,0.0770700350403785,-0.7630485892295837,-0.5845603346824646,0.0082896826788783,0.2315948456525802,0.777550220489502,5,1.0,-0.4021818570567115,1.0,-0.5472003146594292,0,0,0.05,0.1389203265228997,157,199,thymio-08
14,1788221789.9865186,3.127763509750366,-0.7750986814498901,-1.9462737058835184,98.97259711515606,3.127763509750366,0.076787918806076,-0.7750986814498901,-0.6023545861244202,-0.0640623569488525,0.1890670359134674,0.7728639245033264,5,1.0,-0.3329543100121942,1.0,-0.5123984586196206,0,0,0.05,0.2258067230254159,144,212,thymio-08
15,1788221790.595716,3.172539234161377,-0.7889190316200256,-1.9471607899194492,98.87259711515608,3.172539234161377,0.076773926615715,-0.7889190316200256,-0.5889992713928223,-0.0087944772094488,0.2250936031341552,0.7761026620864868,5,1.0,-0.2798945813290411,1.0,-0.476668178351836,0,0,0.0792514506022889,0.4965928429710574,207,357,thymio-08
16,1788221791.2048204,3.2386536598205566,-0.8290582895278931,-1.885221189466252,98.77259711515607,3.2386536598205566,0.0762053057551384,-0.8290582895278931,-0.5407846570014954,0.118708923459053,0.3200323283672333,0.7687909007072449,5,1.0,-0.1871793948449441,1.0,-0.4032279597750271,0,0,0.1239394365012408,0.6133171734334552,348,500,thymio-08
17,1788221791.8125122,3.2632031440734863,-0.8543515801429749,-1.8343274568626,98.67259711515608,3.2632031440734863,0.0762031227350235,-0.8543515801429749,-0.5138440728187561,0.1706278324127197,0.3577587902545929,0.760827898979187,5,1.0,-0.1478839589104473,1.0,-0.3245799065888513,0,0,0.0880443021269477,0.613127830847075,220,405,thymio-08
18,1788221792.420465,3.2632031440734863,-0.8543515801429749,-1.8343274568626,98.57259711515609,3.2632031440734863,0.0762031227350235,-0.8543515801429749,-0.5138440728187561,0.1706278324127197,0.3577587902545929,0.760827898979187,5,1.0,-0.1478839589104473,1.0,-0.3245799065888513,0,0,0.0947693838173308,0.6136848825295328,244,429,thymio-08
19,1788221793.0288565,3.319901943206787,-0.9451205134391784,-1.678675530142688,98.47259711515608,3.319901943206787,0.0743737891316413,-0.9451205134391784,-0.4408647418022156,0.3346245288848877,0.4255019426345825,0.7159699201583862,5,1.0,-0.0448293055469414,1.0,-0.1721493034080989,0,0,0.0988014442593847,0.5984060480526558,261,441,thymio-08
20,1788221793.636474,3.3480052947998047,-1.051056742668152,2.6766284881346927,98.3725971151561,3.3480052947998047,0.0836746469140052,-1.051056742668152,-0.0080460337921977,0.5933226943016052,-0.2859951555728912,0.7524029612541199,5,1.0,0.0688222573659687,0.0478513270209992,1.0,0,0,0.0876701909140552,0.0011265060608076,311,312,thymio-08
21,1788221794.2438917,3.3480052947998047,-1.051056742668152,2.6766284881346927,98.2725971151561,3.3480052947998047,0.0836746469140052,-1.051056742668152,-0.0080460337921977,0.5933226943016052,-0.2859951555728912,0.7524029612541199,5,1.0,0.100771519683233,0.0647085538374705,1.0,0,0,0.1788097561749982,-0.3851801120568158,500,500,thymio-08
22,1788221794.846696,10000.0,10000.0,0.0,98.2725971151561,3.3480052947998047,0.0836746469140052,-1.051056742668152,-0.0080460337921977,0.5933226943016052,-0.2859951555728912,0.7524029612541199,5,1.0,1.0,1.0,1.0,0,0,0.03,-0.1646477588191081,131,82,thymio-08
23,1788221795.4502814,3.5552761554718018,0.1466152518987655,-0.6617559176196672,98.2725971151561,3.5552761554718018,0.0837612971663475,0.1466152518987655,0.5451809763908386,0.6054261326789856,0.3860927224159241,-0.4326307475566864,5,-0.9748770925576974,-0.7586981125685348,1.0,0.8075046640659036,0,0,-0.0,0.3390678801686316,-51,51,thymio-08
24,1788221796.0584548,3.5552761554718018,0.1466152518987655,-0.6617559176196672,98.17259711515612,3.5552761554718018,0.0837612971663475,0.1466152518987655,0.5451809763908386,0.6054261326789856,0.3860927224159241,-0.4326307475566864,5,-0.9338536277339043,-0.8331927364539915,1.0,0.9185689182340552,0,0,-0.0,0.4718140998454079,-71,71,thymio-08
25,1788221796.6621666,3.161820650100708,-1.2826684713363647,0.3292951768121694,98.17259711515612,3.161820650100708,0.0729642957448959,-1.2826684713363647,-0.1195788532495498,0.6801482439041138,0.5919447541236877,0.4155728816986084,5,0.4397379366058438,1.0,1.0,0.0418641604346277,0,0,0.03728678890971,0.0950286285045606,118,147,thymio-08
26,1788221797.2706146,3.161194086074829,-1.282875418663025,0.3379282086272352,98.07259711515611,3.161194086074829,0.0729290693998336,-1.282875418663025,-0.113224871456623,0.6836488246917725,0.5943443775177002,0.4081168174743652,5,0.4390110243648666,1.0,1.0,0.0513840988765679,0,0,0.0652970055978961,-0.0208521001947019,235,229,thymio-08
27,1788221797.8786871,3.161194086074829,-1.282875418663025,0.3379282086272352,97.97259711515612,3.161194086074829,0.0729290693998336,-1.282875418663025,-0.113224871456623,0.6836488246917725,0.5943443775177002,0.4081168174743652,5,0.4352683404911295,1.0,1.0,0.0845354788901795,0,0,0.0879455002616402,0.0017367320417562,312,313,thymio-08
28,1788221798.482097,10000.0,10000.0,0.0,97.97259711515612,3.161194086074829,0.0729290693998336,-1.282875418663025,-0.113224871456623,0.6836488246917725,0.5943443775177002,0.4081168174743652,5,1.0,1.0,1.0,1.0,0,0,0.03,0.0740118786257355,95,118,thymio-08
29,1788221799.0851264,10000.0,10000.0,0.0,97.97259711515612,3.161194086074829,0.0729290693998336,-1.282875418663025,-0.113224871456623,0.6836488246917725,0.5943443775177002,0.4081168174743652,5,1.0,1.0,1.0,1.0,0,0,0.03,0.2380261676625973,71,143,thymio-08
30,1788221799.6898077,10000.0,10000.0,0.0,97.97259711515612,3.161194086074829,0.0729290693998336,-1.282875418663025,-0.113224871456623,0.6836488246917725,0.5943443775177002,0.4081168174743652,5,1.0,1.0,-1.0,1.0,0,0,0.03,-0.1922865632116496,136,78,thymio-08
31,1788221800.2931004,10000.0,10000.0,0.0,97.97259711515612,3.161194086074829,0.0729290693998336,-1.282875418663025,-0.113224871456623,0.6836488246917725,0.5943443775177002,0.4081168174743652,5,1.0,1.0,-1.0,1.0,0,0,0.03,0.1480607438199598,84,129,thymio-08
32,1788221800.8967326,10000.0,10000.0,0.0,97.97259711515612,3.161194086074829,0.0729290693998336,-1.282875418663025,-0.113224871456623,0.6836488246917725,0.5943443775177002,0.4081168174743652,5,1.0,1.0,-1.0,1.0,0,0,0.03,0.4993929088374448,31,182,thymio-08
33,1788221801.500285,10000.0,10000.0,0.0,97.97259711515612,3.161194086074829,0.0729290693998336,-1.282875418663025,-0.113224871456623,0.6836488246917725,0.5943443775177002,0.4081168174743652,5,1.0,1.0,-1.0,1.0,0,0,0.03,0.5840933012316505,18,195,thymio-08
34,1788221802.1044242,10000.0,10000.0,0.0,97.97259711515612,3.161194086074829,0.0729290693998336,-1.282875418663025,-0.113224871456623,0.6836488246917725,0.5943443775177002,0.4081168174743652,5,1.0,1.0,-1.0,1.0,0,0,0.03,0.5785155592874497,19,194,thymio-08
35,1788221802.7081268,10000.0,10000.0,0.0,97.97259711515612,3.161194086074829,0.0729290693998336,-1.282875418663025,-0.113224871456623,0.6836488246917725,0.5943443775177002,0.4081168174743652,5,1.0,1.0,-1.0,1.0,0,0,0.03,0.5729169454808883,20,193,thymio-08
36,1788221803.3116505,2.843065023422241,-1.2769393920898438,0.1190162261779601,97.97259711515612,2.843065023422241,0.0744136273860931,-1.2769393920898438,0.4367086887359619,0.73307865858078,0.4585175812244415,-0.2482801526784896,5,0.4824790710350299,1.0,1.0,1.0,0,0,0.0447532252527308,0.1446051714027872,137,181,thymio-08
37,1788221803.9198377,2.836024045944214,-1.240140080451965,-0.3389565161890049,97.87259711515613,2.836024045944214,0.0758157595992088,-1.240140080451965,0.5165383815765381,0.678983211517334,0.3665871322154999,-0.3711923956871032,5,0.4318139474292228,1.0,1.0,1.0,0,0,0.0307962814470845,0.3540562441475277,56,163,thymio-08
38,1788221804.5294335,2.8363733291625977,-1.190592646598816,-0.828180235311355,97.77259711515612,2.8363733291625977,0.0758232697844505,-1.190592646598816,0.5513237714767456,0.6201398372650146,0.318587452173233,-0.4582257866859436,5,0.3673389365273227,-0.0020595361054722,1.0,1.0,0,0,0.129199908330932,0.2473124146478836,422,496,thymio-08
39,1788221805.1375077,2.8363733291625977,-1.190592646598816,-0.828180235311355,97.67259711515614,2.8363733291625977,0.0758232697844505,-1.190592646598816,0.5513237714767456,0.6201398372650146,0.318587452173233,-0.4582257866859436,5,0.3673389365273227,-0.0020595361054722,1.0,1.0,0,0,0.0341994499204675,0.49778301878792,46,197,thymio-08
40,1788221805.74572,2.848162889480591,-1.139884114265442,-1.1165244559044778,97.57259711515614,2.848162889480591,0.0762181803584098,-1.139884114265442,0.5720853209495544,0.5914167165756226,0.2723178565502167,-0.4987862706184387,5,0.3164819045999032,0.0442886739601657,1.0,1.0,0,0,-0.0066850120660437,0.5926459224381675,-113,66,thymio-08
41,1788221806.355447,2.8774733543396,-1.0704772472381592,-1.645594195927094,97.47259711515616,2.8774733543396,0.0767519101500511,-1.0704772472381592,0.6073728799819946,0.487899512052536,0.1869026571512222,-0.5984310507774353,5,1.0,0.1533946867747462,1.0,0.2437226462383521,0,0,0.1495052206155211,0.4609070519695557,462,500,thymio-08
42,1788221806.964748,2.885595798492432,-1.0651763677597046,-1.7601193131719126,97.37259711515615,2.885595798492432,0.0762508288025856,-1.0651763677597046,0.6205136775970459,0.4251386523246765,0.1027104556560516,-0.6508998274803162,5,1.0,0.2171298314633809,1.0,0.2369815839899065,0,0,-0.0449420992148341,0.6177431225222326,-253,-66,thymio-08
43,1788221807.5728345,2.885595798492432,-1.0651763677597046,-1.7601193131719126,97.27259711515616,2.885595798492432,0.0762508288025856,-1.0651763677597046,0.6205136775970459,0.4251386523246765,0.1027104556560516,-0.6508998274803162,5,1.0,0.2171298314633809,1.0,0.2369815839899065,0,0,0.0502778906612405,0.6241770232447617,84,273,thymio-08
44,1788221808.1763856,10000.0,10000.0,0.0,97.27259711515616,2.885595798492432,0.0762508288025856,-1.0651763677597046,0.6205136775970459,0.4251386523246765,0.1027104556560516,-0.6508998274803162,5,1.0,1.0,1.0,1.0,0,0,0.03,0.1175965979546892,89,124,thymio-08
45,1788221808.7803595,2.987718105316162,-1.036566972732544,-1.951382317899767,97.27259711515616,2.987718105316162,0.0757624208927154,-1.036566972732544,0.5992140769958496,0.0562704093754291,-0.191275268793106,-0.7753643989562988,5,1.0,0.4019362581162859,1.0,0.1760703021211602,0,0,0.0036147276402781,0.6176344845927907,-80,106,thymio-08
46,1788221809.389141,3.0000123977661133,-1.0404276847839355,-1.959695752651375,97.17259711515617,3.0000123977661133,0.075756549835205,-1.0404276847839355,0.5936793088912964,0.0283781588077545,-0.2051876634359359,-0.7775845527648926,5,1.0,0.4182899838652303,1.0,0.1748517775387739,0,0,0.0790629378146834,0.6260540607238665,186,375,thymio-08
47,1788221809.996795,3.0270745754241943,-1.0581735372543335,-1.8708914927654337,97.07259711515616,3.0270745754241943,0.0748874545097351,-1.0581735372543335,0.5355610847473145,-0.1286680847406387,-0.330150693655014,-0.7665632963180542,5,1.0,0.4450954724227323,1.0,0.1785825245899668,0,0,0.018666829883139,0.6246731909947006,-28,161,thymio-08
48,1788221810.6050534,3.069132089614868,-1.1240228414535522,-1.5885816149410967,96.97259711515618,3.069132089614868,0.072686105966568,-1.1240228414535522,0.4269088506698608,-0.3536728024482727,-0.4444675147533417,-0.7036427855491638,5,1.0,0.4759792251908248,1.0,0.2201141903797738,0,0,0.0709312575769333,0.6090715666926113,160,344,thymio-08
49,1788221811.2139878,3.096442699432373,-1.150611162185669,2.7794037329413346,96.87259711515618,3.096442699432373,0.0801542401313781,-1.150611162185669,-0.077944166958332,-0.5069682002067566,0.3730919957160949,-0.7731172442436218,5,1.0,0.2361987430910377,0.498657392102747,1.0,0,0,0.059717349098392,-0.0419270496183796,219,206,thymio-08
50,1788221811.8232646,3.0510756969451904,-1.2224806547164917,-0.2025900136226699,96.61884806995144,3.0510756969451904,0.0740416422486305,-1.2224806547164917,0.2799951434135437,-0.570742666721344,-0.5080990195274353,-0.5811117887496948,5,0.3030856153400592,1.0,1.0,0.4398162342344771,0,0,0.0940443003080842,0.0152019541571749,332,336,thymio-08
51,1788221812.4311645,3.0510756969451904,-1.2224806547164917,-0.2025900136226699,96.51884806995145,3.0510756969451904,0.0740416422486305,-1.2224806547164917,0.2799951434135437,-0.570742666721344,-0.5080990195274353,-0.5811117887496948,5,0.2963959653104633,1.0,1.0,0.4311274668587674,0,0,0.0847031763271001,0.1783520367950778,274,328,thymio-08
52,1788221813.040269,3.032875299453736,-1.28368079662323,-0.2824846681891766,96.37076793316784,3.032875299453736,0.074752889573574,-1.28368079662323,0.2407808452844619,-0.5453932285308838,-0.5479969382286072,-0.5867454409599304,5,0.309151759792043,1.0,1.0,0.399124293527046,0,0,0.0589450600145452,0.3175879234818985,161,257,thymio-08
53,1788221813.64818,3.032875299453736,-1.28368079662323,-0.2824846681891766,96.27076793316785,3.032875299453736,0.074752889573574,-1.28368079662323,0.2407808452844619,-0.5453932285308838,-0.5479969382286072,-0.5867454409599304,5,0.309151759792043,1.0,1.0,0.399124293527046,0,0,0.0554829658014956,0.3587960083343394,143,251,thymio-08
54,1788221814.251221,10000.0,10000.0,0.0,96.27076793316785,3.032875299453736,0.074752889573574,-1.28368079662323,0.2407808452844619,-0.5453932285308838,-0.5479969382286072,-0.5867454409599304,5,1.0,1.0,1.0,1.0,0,0,0.03,0.3312879183618227,57,157,thymio-08
55,1788221814.8542657,2.965293884277344,-1.4047592878341677,0.2808566644763153,96.27076793316785,2.965293884277344,0.0730016902089119,-1.4047592878341677,0.144334390759468,-0.66022127866745,-0.587989330291748,-0.4444594085216522,5,0.4202916382194046,1.0,1.0,0.3341810955183439,0,0,0.0178842189224966,0.3202188701588586,15,112,thymio-08
56,1788221815.4637408,2.965293884277344,-1.4047592878341677,0.2808566644763153,96.17076793316784,2.965293884277344,0.0730016902089119,-1.4047592878341677,0.144334390759468,-0.66022127866745,-0.587989330291748,-0.4444594085216522,5,0.3978460898430658,1.0,1.0,0.3054777942011819,0,0,0.05733971392449,0.1921635260264867,175,233,thymio-08
57,1788221816.0674915,10000.0,10000.0,0.0,96.17076793316784,2.965293884277344,0.0730016902089119,-1.4047592878341677,0.144334390759468,-0.66022127866745,-0.587989330291748,-0.4444594085216522,5,1.0,1.0,1.0,1.0,0,0,0.03,0.2165758332622293,74,139,thymio-08
58,1788221816.6708736,10000.0,10000.0,0.0,96.17076793316784,2.965293884277344,0.0730016902089119,-1.4047592878341677,0.144334390759468,-0.66022127866745,-0.587989330291748,-0.4444594085216522,5,1.0,1.0,1.0,1.0,0,0,0.03,0.3147641702303592,59,154,thymio-08
59,1788221817.2738483,10000.0,10000.0,0.0,96.17076793316784,2.965293884277344,0.0730016902089119,-1.4047592878341677,0.144334390759468,-0.66022127866745,-0.587989330291748,-0.4444594085216522,5,1.0,1.0,1.0,1.0,0,0,0.03,0.3260495096185983,57,156,thymio-08
60,1788221817.8771455,3.403780937194824,0.1064022108912468,-0.134301813016632,96.17076793316784,3.403780937194824,0.0844953507184982,0.1064022108912468,0.2444159388542175,-0.521381676197052,-0.6122931241989136,-0.5417741537094116,5,1.0,-0.7906774139037767,1.0,-0.9833228919411278,0,0,0.0,-0.4203992823141843,63,-63,thymio-08
61,1788221818.4849648,3.403780937194824,0.1064022108912468,-0.134301813016632,96.07076793316784,3.403780937194824,0.0844953507184982,0.1064022108912468,0.2444159388542175,-0.521381676197052,-0.6122931241989136,-0.5417741537094116,5,1.0,-0.7906774139037767,1.0,-0.9833228919411278,0,0,0.0,-0.1136588470494142,17,-17,thymio-08
62,1788221819.0880291,10000.0,10000.0,0.0,96.07076793316784,3.403780937194824,0.0844953507184982,0.1064022108912468,0.2444159388542175,-0.521381676197052,-0.6122931241989136,-0.5417741537094116,5,1.0,1.0,-1.0,1.0,0,0,0.03,-0.3686744420681186,162,51,thymio-08
63,1788221819.6909611,10000.0,10000.0,0.0,96.07076793316784,3.403780937194824,0.0844953507184982,0.1064022108912468,0.2444159388542175,-0.521381676197052,-0.6122931241989136,-0.5417741537094116,5,1.0,1.0,-1.0,1.0,0,0,0.03,-0.0578263796573779,115,98,thymio-08
64,1788221820.2943587,10000.0,10000.0,0.0,96.07076793316784,3.403780937194824,0.0844953507184982,0.1064022108912468,0.2444159388542175,-0.521381676197052,-0.6122931241989136,-0.5417741537094116,5,1.0,1.0,-1.0,1.0,0,0,0.03,0.2803785035581386,64,149,thymio-08
65,1788221820.8974524,10000.0,10000.0,0.0,96.07076793316784,3.403780937194824,0.0844953507184982,0.1064022108912468,0.2444159388542175,-0.521381676197052,-0.6122931241989136,-0.5417741537094116,5,1.0,1.0,-1.0,1.0,0,0,0.03,0.5145706413985344,29,184,thymio-08
66,1788221821.5007818,10000.0,10000.0,0.0,96.07076793316784,3.403780937194824,0.0844953507184982,0.1064022108912468,0.2444159388542175,-0.521381676197052,-0.6122931241989136,-0.5417741537094116,5,1.0,1.0,-1.0,1.0,0,0,0.03,0.5872433641834398,18,195,thymio-08
67,1788221822.104772,2.676180362701416,-1.4183247089385986,0.4332239010640579,96.07076793316784,2.676180362701416,0.0757169276475906,-1.4183247089385986,0.2277437001466751,0.7869846820831299,0.5734004378318787,-8.573539525968954e-05,5,1.0,1.0,0.3562113168348502,1.0,0,0,0.0843386136187671,0.5766608078861717,213,387,thymio-08
68,1788221822.713083,2.6463701725006104,-1.3931010961532593,0.3171616402351387,95.90123691961024,2.6463701725006104,0.0752737522125244,-1.3931010961532593,0.3557870090007782,0.7596672177314758,0.5216842293739319,-0.1554572731256485,5,0.6015304981826577,1.0,0.283859947727894,1.0,0,0,0.0468962163065055,0.5240687947876982,87,246,thymio-08
69,1788221823.3207738,2.608208656311035,-1.315041422843933,-0.1629986000047183,95.625327570221,2.608208656311035,0.0762909352779388,-1.315041422843933,0.4999381005764007,0.6969990134239197,0.40348020195961,-0.3185249269008636,5,0.1883741699139935,-0.9500343724346136,1.0,1.0,0,0,0.0,0.2566336265292055,-39,39,thymio-08
70,1788221823.930057,2.6065945625305176,-1.2795103788375854,-0.6435910826633702,95.525327570221,2.6065945625305176,0.0761573612689971,-1.2795103788375854,0.5400228500366211,0.6418427228927612,0.3334843516349792,-0.4303505420684814,5,0.1542230548190604,-0.9146965268964584,1.0,1.0,0,0,0.0,0.5076121959788786,-77,77,thymio-08
71,1788221824.5381129,2.6065945625305176,-1.2795103788375854,-0.6435910826633702,95.425327570221,2.6065945625305176,0.0761573612689971,-1.2795103788375854,0.5400228500366211,0.6418427228927612,0.3334843516349792,-0.4303505420684814,5,0.1542230548190604,1.0,1.0,1.0,0,0,0.0831078356980355,0.0985526739425643,280,310,thymio-08
72,1788221825.1459785,2.610840320587158,-1.271475911140442,-1.1887725380197625,95.32532757022102,2.610840320587158,0.0765152126550674,-1.271475911140442,0.5782301425933838,0.5798888802528381,0.2683348059654236,-0.5073216557502747,5,0.1461178384480117,1.0,1.0,1.0,0,0,-0.0061086970653671,0.5257075014743827,-101,58,thymio-08
73,1788221825.753898,2.642162084579468,-1.221327304840088,-1.621675710800275,95.22532757022104,2.642162084579468,0.0779104530811309,-1.221327304840088,0.6156919002532959,0.4893527626991272,0.1813675761222839,-0.5903924107551575,5,1.0,1.0,1.0,0.0897549505000183,0,0,0.1695183997208493,0.1878914830442564,500,500,thymio-08
74,1788221826.3621652,2.654260873794556,-1.2126352787017822,-1.7950216618992711,95.12532757022105,2.654260873794556,0.0775588527321815,-1.2126352787017822,0.6311617493629456,0.4017226994037628,0.0888997614383697,-0.6575338244438171,5,1.0,1.0,1.0,0.0757970426184211,0,0,0.1438647330979314,0.2199435744872686,478,500,thymio-08
75,1788221826.9707408,2.654260873794556,-1.2126352787017822,-1.7950216618992711,95.02532757022104,2.654260873794556,0.0775588527321815,-1.2126352787017822,0.6311617493629456,0.4017226994037628,0.0888997614383697,-0.6575338244438171,5,1.0,1.0,1.0,0.0757970426184211,0,0,0.1046332070866385,0.362316765759297,317,426,thymio-08
76,1788221827.5783186,2.7287118434906006,-1.1586123704910278,-1.786622719431905,94.92532757022104,2.7287118434906006,0.0764696598052978,-1.1586123704910278,0.6310617327690125,0.3872931599617004,0.0532062612473964,-0.6700254678726196,5,1.0,1.0,1.0,-0.0252044352093596,0,0,0.1146846846653667,0.4332186965169962,342,473,thymio-08
77,1788221828.1869552,2.760542869567871,-1.133867621421814,-1.9436644219895696,94.82532757022103,2.760542869567871,0.0785652697086334,-1.133867621421814,0.6282215118408203,0.3278621733188629,0.0700879767537117,-0.7020911574363708,5,1.0,1.0,1.0,-0.0617624777956788,0,0,0.1034345180177179,0.5172879971521358,289,446,thymio-08
78,1788221828.7901597,2.977031707763672,-1.0662438869476318,-1.9647933296417197,94.82532757022103,2.977031707763672,0.076017677783966,-1.0662438869476318,0.6203510761260986,0.1310862153768539,-0.1260203570127487,-0.762954592704773,5,1.0,1.0,1.0,-0.2196541695773771,0,0,0.096904309206972,0.5613577802451574,260,429,thymio-08
79,1788221829.3984015,3.063979387283325,-1.0869632959365845,-1.9548315868142327,94.72532757022104,3.063979387283325,0.0744909793138504,-1.0869632959365845,0.5856361985206604,-0.0076115638948976,-0.2308090776205063,-0.7769811153411865,5,1.0,0.4992514759179896,1.0,-0.2373507654300696,0,0,-0.0296860949621251,0.6214787961785986,-199,-12,thymio-08
80,1788221830.005846,3.063979387283325,-1.0869632959365845,-1.9548315868142327,94.62532757022106,3.063979387283325,0.0744909793138504,-1.0869632959365845,0.5856361985206604,-0.0076115638948976,-0.2308090776205063,-0.7769811153411865,5,1.0,0.4992514759179896,1.0,-0.2373507654300696,0,0,0.0854216640592698,0.6261263977103577,209,398,thymio-08
81,1788221830.6090467,10000.0,10000.0,0.0,94.62532757022106,3.063979387283325,0.0744909793138504,-1.0869632959365845,0.5856361985206604,-0.0076115638948976,-0.2308090776205063,-0.7769811153411865,5,1.0,1.0,1.0,1.0,0,0,0.03,-0.1029596432772931,122,91,thymio-08
82,1788221831.2129428,3.1182196140289307,-1.1418228149414062,-1.9215122909975912,94.62532757022106,3.1182196140289307,0.0720251202583313,-1.1418228149414062,0.479685366153717,-0.334281176328659,-0.3716650009155273,-0.7211263179779053,5,1.0,0.5281630087780824,1.0,-0.2218944665853255,0,0,0.0011431744389555,0.6054688097302763,-87,95,thymio-08
83,1788221831.8217692,3.1342663764953613,-1.1995576620101929,-1.4483630148768625,94.52532757022108,3.1342663764953613,0.0722256004810333,-1.1995576620101929,0.4012197852134704,-0.3816124498844147,-0.4642597138881683,-0.6912723779678345,5,1.0,0.5090769928153049,1.0,-0.1817296018504868,0,0,0.0955616324064062,0.6057149458867959,248,431,thymio-08
84,1788221832.4294276,3.1342194080352783,-1.2152841091156006,2.778351638370504,94.42532757022109,3.1342194080352783,0.0767037570476532,-1.2152841091156006,-0.4758469462394714,0.6151238083839417,-0.2411171644926071,-0.5805643200874329,5,1.0,-0.1805573818974962,0.4987338611306193,1.0,0,0,0.1532711631304924,-0.17180475074929,500,500,thymio-08
85,1788221833.037058,3.1342194080352783,-1.2152841091156006,2.778351638370504,94.32532757022108,3.1342194080352783,0.0767037570476532,-1.2152841091156006,-0.4758469462394714,0.6151238083839417,-0.2411171644926071,-0.5805643200874329,5,1.0,-0.1805573818974962,0.4987338611306193,1.0,0,0,0.1778802956093809,-0.379361873981304,500,500,thymio-08
86,1788221833.645182,3.133452892303467,-1.2207661867141724,2.887651360083927,94.22532757022108,3.133452892303467,0.0763453990221023,-1.2207661867141724,-0.4799764752388,0.6017976999282837,-0.236905500292778,-0.5927376747131348,5,1.0,-0.1952581978573316,0.4922307072186922,1.0,0,0,0.1669635422921272,-0.2430790162492341,500,500,thymio-08
87,1788221834.2528305,3.133452892303467,-1.2207661867141724,2.887651360083927,94.12532757022107,3.133452892303467,0.0763453990221023,-1.2207661867141724,-0.4799764752388,0.6017976999282837,-0.236905500292778,-0.5927376747131348,5,1.0,-0.2036425468819093,0.4921921832241365,1.0,0,0,0.1578052867868924,-0.1767489587522778,500,500,thymio-08
88,1788221834.855961,10000.0,10000.0,0.0,94.12532757022107,3.133452892303467,0.0763453990221023,-1.2207661867141724,-0.4799764752388,0.6017976999282837,-0.236905500292778,-0.5927376747131348,5,1.0,1.0,-1.0,1.0,0,0,0.03,-0.1347066061634262,127,86,thymio-08
89,1788221835.459644,10000.0,10000.0,0.0,94.12532757022107,3.133452892303467,0.0763453990221023,-1.2207661867141724,-0.4799764752388,0.6017976999282837,-0.236905500292778,-0.5927376747131348,5,1.0,1.0,-1.0,1.0,0,0,0.03,0.1758610726523157,80,133,thymio-08
90,1788221836.0626292,10000.0,10000.0,0.0,94.12532757022107,3.133452892303467,0.0763453990221023,-1.2207661867141724,-0.4799764752388,0.6017976999282837,-0.236905500292778,-0.5927376747131348,5,1.0,1.0,-1.0,1.0,0,0,0.03,0.463054066954977,37,177,thymio-08
91,1788221836.6665132,10000.0,10000.0,0.0,94.12532757022107,3.133452892303467,0.0763453990221023,-1.2207661867141724,-0.4799764752388,0.6017976999282837,-0.236905500292778,-0.5927376747131348,5,1.0,1.0,-1.0,1.0,0,0,0.03,0.5649639146580877,21,192,thymio-08
92,1788221837.2695098,10000.0,10000.0,0.0,94.12532757022107,3.133452892303467,0.0763453990221023,-1.2207661867141724,-0.4799764752388,0.6017976999282837,-0.236905500292778,-0.5927376747131348,5,1.0,1.0,-1.0,1.0,0,0,0.03,0.5926117680767555,17,196,thymio-08
93,1788221837.8730848,10000.0,10000.0,0.0,94.12532757022107,3.133452892303467,0.0763453990221023,-1.2207661867141724,-0.4799764752388,0.6017976999282837,-0.236905500292778,-0.5927376747131348,5,1.0,1.0,-1.0,1.0,0,0,0.03,0.5803308521057374,19,194,thymio-08
94,1788221838.4759555,10000.0,10000.0,0.0,94.12532757022107,3.133452892303467,0.0763453990221023,-1.2207661867141724,-0.4799764752388,0.6017976999282837,-0.236905500292778,-0.5927376747131348,5,1.0,1.0,-1.0,1.0,0,0,0.03,0.5738216116331758,20,193,thymio-08
95,1788221839.0805912,10000.0,10000.0,0.0,94.12532757022107,3.133452892303467,0.0763453990221023,-1.2207661867141724,-0.4799764752388,0.6017976999282837,-0.236905500292778,-0.5927376747131348,5,1.0,1.0,-1.0,1.0,0,0,0.03,0.570614979776918,20,193,thymio-08
96,1788221839.6837995,10000.0,10000.0,0.0,94.12532757022107,3.133452892303467,0.0763453990221023,-1.2207661867141724,-0.4799764752388,0.6017976999282837,-0.236905500292778,-0.5927376747131348,5,1.0,1.0,-1.0,1.0,0,0,0.03,0.5690934975412771,21,193,thymio-08
97,1788221840.2871296,10000.0,10000.0,0.0,94.12532757022107,3.133452892303467,0.0763453990221023,-1.2207661867141724,-0.4799764752388,0.6017976999282837,-0.236905500292778,-0.5927376747131348,5,1.0,1.0,-1.0,1.0,0,0,0.03,0.5683898378391107,21,192,thymio-08
98,1788221840.8907218,10000.0,10000.0,0.0,94.12532757022107,3.133452892303467,0.0763453990221023,-1.2207661867141724,-0.4799764752388,0.6017976999282837,-0.236905500292778,-0.5927376747131348,5,1.0,1.0,-1.0,1.0,0,0,0.03,0.5680689931842006,21,192,thymio-08
99,1788221841.4938626,2.754635095596313,-1.5891069173812866,-0.6141465706511631,94.12532757022107,2.754635095596313,0.072534792125225,-1.5891069173812866,-0.5500492453575134,-0.6588729023933411,-0.3157391250133514,0.4045258164405823,5,0.0634625852363861,1.0,1.0,1.0,0,0,0.0037944617589913,-0.0550466726543424,22,5,thymio-08
100,1788221842.1016717,2.754635095596313,-1.5891069173812866,-0.6141465706511631,94.0253275702211,2.754635095596313,0.072534792125225,-1.5891069173812866,-0.5500492453575134,-0.6588729023933411,-0.3157391250133514,0.4045258164405823,5,0.0634625852363861,1.0,1.0,1.0,0,0,0.0100966832213728,0.4395489775028497,-31,102,thymio-08
101,1788221842.7099442,2.7396042346954346,-1.5535566806793213,0.5834282426662338,93.9253275702211,2.7396042346954346,0.0893184542655944,-1.5535566806793213,0.0243722926825284,-0.784454882144928,-0.0773402005434036,-0.614861786365509,5,0.0522687199591485,1.0,1.0,0.1860947306018801,0,0,0.0352227482121994,-0.2083646287659744,157,94,thymio-08
102,1788221843.3192775,2.7396042346954346,-1.5535566806793213,0.5834282426662338,93.8253275702211,2.7396042346954346,0.0893184542655944,-1.5535566806793213,0.0243722926825284,-0.784454882144928,-0.0773402005434036,-0.614861786365509,5,0.0555482803486055,1.0,1.0,0.1737889857073513,0,0,0.0219631131833923,0.0301928811616889,73,83,thymio-08
103,1788221843.929212,2.8042337894439697,-1.5161272287368774,-1.8325129336356905,93.72532757022113,2.8042337894439697,0.0754970535635948,-1.5161272287368774,0.6266247034072876,0.3965581953525543,0.1043246686458587,-0.6627213358879089,5,1.0,0.2127626322056,1.0,-0.0292497381813806,0,0,0.0072881538587047,0.2546552204921088,-13,64,thymio-08
104,1788221844.5370257,2.8233978748321533,-1.4991273880004885,-1.7929468580228605,93.62532757022112,2.8233978748321533,0.075184017419815,-1.4991273880004885,0.6350266337394714,0.4074116945266723,0.1035156399011612,-0.6481060981750488,5,1.0,0.2023865213466937,1.0,-0.0359831007633636,0,0,0.0064126421979294,0.4537304451097247,-46,91,thymio-08
105,1788221845.1452167,2.8233978748321533,-1.4991273880004885,-1.7929468580228605,93.52532757022112,2.8233978748321533,0.075184017419815,-1.4991273880004885,0.6350266337394714,0.4074116945266723,0.1035156399011612,-0.6481060981750488,5,1.0,0.2023865213466937,1.0,-0.0359831007633636,0,0,-0.0277235533251433,0.538811256321706,-180,-17,thymio-08
106,1788221845.7482717,10000.0,10000.0,0.0,93.52532757022112,2.8233978748321533,0.075184017419815,-1.4991273880004885,0.6350266337394714,0.4074116945266723,0.1035156399011612,-0.6481060981750488,5,1.0,1.0,1.0,1.0,0,0,0.03,-0.0415639762052981,113,100,thymio-08
107,1788221846.3511758,1.618291258811951,-1.4143496751785278,0.2716855728052545,93.52532757022112,1.618291258811951,0.0736019909381866,-1.4143496751785278,0.1144014447927475,0.7138231992721558,0.6380276679992676,0.2651216387748718,5,0.956664564865482,1.0,0.6593691168538616,-0.982279958779744,0,0,0.0,-0.4132100157497131,62,-62,thymio-08
108,1788221846.959501,1.618291258811951,-1.4143496751785278,0.2716855728052545,93.42532757022111,1.618291258811951,0.0736019909381866,-1.4143496751785278,0.1144014447927475,0.7138231992721558,0.6380276679992676,0.2651216387748718,5,0.9674272768876452,1.0,0.7000624805396536,-0.9794173236238516,0,0,0.0,-0.2207979090897475,33,-33,thymio-08
109,1788221847.5624356,10000.0,10000.0,0.0,93.42532757022111,1.618291258811951,0.0736019909381866,-1.4143496751785278,0.1144014447927475,0.7138231992721558,0.6380276679992676,0.2651216387748718,5,1.0,1.0,1.0,1.0,0,0,0.03,-0.0762240172235879,118,95,thymio-08
110,1788221848.1658638,10000.0,10000.0,0.0,93.42532757022111,1.618291258811951,0.0736019909381866,-1.4143496751785278,0.1144014447927475,0.7138231992721558,0.6380276679992676,0.2651216387748718,5,1.0,1.0,-1.0,1.0,0,0,0.03,-0.1240011866654931,125,88,thymio-08
111,1788221848.769897,10000.0,10000.0,0.0,93.42532757022111,1.618291258811951,0.0736019909381866,-1.4143496751785278,0.1144014447927475,0.7138231992721558,0.6380276679992676,0.2651216387748718,5,1.0,1.0,-1.0,1.0,0,0,0.03,0.0556676440031682,98,115,thymio-08
112,1788221849.3733504,10000.0,10000.0,0.0,93.42532757022111,1.618291258811951,0.0736019909381866,-1.4143496751785278,0.1144014447927475,0.7138231992721558,0.6380276679992676,0.2651216387748718,5,1.0,1.0,-1.0,1.0,0,0,0.03,0.4488384099744572,39,174,thymio-08
113,1788221849.9770515,10000.0,10000.0,0.0,93.42532757022111,1.618291258811951,0.0736019909381866,-1.4143496751785278,0.1144014447927475,0.7138231992721558,0.6380276679992676,0.2651216387748718,5,1.0,1.0,-1.0,1.0,0,0,0.03,0.5641923108115895,21,192,thymio-08
114,1788221850.5808723,10000.0,10000.0,0.0,93.42532757022111,1.618291258811951,0.0736019909381866,-1.4143496751785278,0.1144014447927475,0.7138231992721558,0.6380276679992676,0.2651216387748718,5,1.0,1.0,-1.0,1.0,0,0,0.03,0.5919393348404048,17,196,thymio-08
115,1788221851.184492,10000.0,10000.0,0.0,93.42532757022111,1.618291258811951,0.0736019909381866,-1.4143496751785278,0.1144014447927475,0.7138231992721558,0.6380276679992676,0.2651216387748718,5,1.0,1.0,-1.0,1.0,0,0,0.03,0.5796985555139261,19,194,thymio-08
116,1788221851.7877264,10000.0,10000.0,0.0,93.42532757022111,1.618291258811951,0.0736019909381866,-1.4143496751785278,0.1144014447927475,0.7138231992721558,0.6380276679992676,0.2651216387748718,5,1.0,1.0,-1.0,1.0,0,0,0.03,0.5733770718082495,20,193,thymio-08
117,1788221852.391729,10000.0,10000.0,0.0,93.42532757022111,1.618291258811951,0.0736019909381866,-1.4143496751785278,0.1144014447927475,0.7138231992721558,0.6380276679992676,0.2651216387748718,5,1.0,1.0,-1.0,1.0,0,0,0.03,0.5703326855228485,20,193,thymio-08
118,1788221852.994775,3.0278773307800293,-1.52880859375,-1.585330487222255,93.42532757022111,3.0278773307800293,0.0704203099012374,-1.52880859375,-0.4301434457302093,0.330840915441513,0.4466214179992676,0.7113720178604126,5,1.0,1.0,1.0,0.7647566461407111,0,0,0.0347634212178137,0.5336437907483029,43,204,thymio-08
119,1788221853.5985627,1.2378339767456057,1.387696623802185,1.1069586973007493,93.42532757022111,1.2378339767456057,0.0929555892944336,1.387696623802185,-0.0181809496134519,0.7898063659667969,0.5746450424194336,-0.2136784344911575,5,1.0,0.613428893408769,-0.9718557065039116,1.0,0,0,0.0,0.4024465379580409,-61,61,thymio-08
120,1788221854.2068503,1.2378339767456057,1.387696623802185,1.1069586973007493,93.32532757022112,1.2378339767456057,0.0929555892944336,1.387696623802185,-0.0181809496134519,0.7898063659667969,0.5746450424194336,-0.2136784344911575,5,1.0,0.6324383774733462,-0.9710044777391512,1.0,0,0,0.0,0.5028767072161568,-76,76,thymio-08
121,1788221854.8149009,1.2376538515090942,1.3856714963912964,1.0976092951379393,93.22532757022114,1.2376538515090942,0.0929914787411689,1.3856714963912964,-0.0401196181774139,0.7975662350654602,0.5740249752998352,-0.1810360550880432,5,1.0,0.7098639880508757,-0.9735698268449589,1.0,0,0,0.0,0.5389355085858497,-81,81,thymio-08
122,1788221855.422976,1.2376538515090942,1.3856714963912964,1.0976092951379393,93.12532757022116,1.2376538515090942,0.0929914787411689,1.3856714963912964,-0.0401196181774139,0.7975662350654602,0.5740249752998352,-0.1810360550880432,5,1.0,0.7494947852917466,-0.9779122684480924,1.0,0,0,0.0,0.5521494221888211,-83,83,thymio-08
123,1788221856.02629,10000.0,10000.0,0.0,93.12532757022116,1.2376538515090942,0.0929914787411689,1.3856714963912964,-0.0401196181774139,0.7975662350654602,0.5740249752998352,-0.1810360550880432,5,1.0,1.0,1.0,1.0,0,0,0.03,0.154527596940297,83,130,thymio-08
124,1788221856.6308932,10000.0,10000.0,0.0,93.12532757022116,1.2376538515090942,0.0929914787411689,1.3856714963912964,-0.0401196181774139,0.7975662350654602,0.5740249752998352,-0.1810360550880432,5,1.0,1.0,1.0,1.0,0,0,0.03,0.2143340403708541,74,139,thymio-08
125,1788221857.2343187,10000.0,10000.0,0.0,93.12532757022116,1.2376538515090942,0.0929914787411689,1.3856714963912964,-0.0401196181774139,0.7975662350654602,0.5740249752998352,-0.1810360550880432,5,1.0,1.0,1.0,1.0,0,0,0.03,0.1311007847289684,87,126,thymio-08
126,1788221857.8373785,10000.0,10000.0,0.0,93.12532757022116,1.2376538515090942,0.0929914787411689,1.3856714963912964,-0.0401196181774139,0.7975662350654602,0.5740249752998352,-0.1810360550880432,5,1.0,1.0,1.0,1.0,0,0,0.03,0.2005623780413725,76,137,thymio-08
127,1788221858.440391,10000.0,10000.0,0.0,93.12532757022116,1.2376538515090942,0.0929914787411689,1.3856714963912964,-0.0401196181774139,0.7975662350654602,0.5740249752998352,-0.1810360550880432,5,1.0,1.0,1.0,1.0,0,0,0.03,0.2106202607299911,75,138,thymio-08
128,1788221859.0442605,10000.0,10000.0,0.0,93.12532757022116,1.2376538515090942,0.0929914787411689,1.3856714963912964,-0.0401196181774139,0.7975662350654602,0.5740249752998352,-0.1810360550880432,5,1.0,1.0,1.0,1.0,0,0,0.03,0.2738577234368274,65,148,thymio-08
129,1788221859.647294,10000.0,10000.0,0.0,93.12532757022116,1.2376538515090942,0.0929914787411689,1.3856714963912964,-0.0401196181774139,0.7975662350654602,0.5740249752998352,-0.1810360550880432,5,1.0,1.0,1.0,1.0,0,0,0.03,0.3148708184347509,59,154,thymio-08
130,1788221860.2508645,1.7034344673156738,-1.374337077140808,0.2736779113520406,93.12532757022116,1.7034344673156738,0.0735730901360511,-1.374337077140808,0.1155687198042869,0.715404748916626,0.6369185447692871,0.2630110383033752,5,0.5323891018743954,-0.9720175331839122,1.0,1.0,0,0,0.0,0.2355760076401987,-36,36,thymio-08
131,1788221860.854483,2.847584009170532,-1.4743094444274902,-0.3338697593857227,93.12532757022116,2.847584009170532,0.0729131251573562,-1.4743094444274902,0.5277325510978699,0.6855745911598206,0.3695395290851593,-0.3390079438686371,5,0.5669258408647648,1.0,1.0,0.133567020058237,0,0,0.0572465294281422,0.093029005359781,189,217,thymio-08
132,1788221861.4630923,2.8464066982269287,-1.4450210332870483,-0.511997207723724,93.02532757022117,2.8464066982269287,0.0737085863947868,-1.4450210332870483,0.5375351905822754,0.6561241745948792,0.3506065309047699,-0.3970292508602142,5,0.6688701867846523,1.0,1.0,0.5280492686805456,0,0,-0.0181444499477024,0.445053233538045,-132,3,thymio-08
133,1788221862.0712922,2.8464066982269287,-1.4450210332870483,-0.511997207723724,92.92532757022116,2.8464066982269287,0.0737085863947868,-1.4450210332870483,0.5375351905822754,0.6561241745948792,0.3506065309047699,-0.3970292508602142,5,0.6688701867846523,1.0,1.0,0.5280492686805456,0,0,0.0023801020353231,0.515987625973797,-69,86,thymio-08
134,1788221862.6799345,2.8488540649414062,-1.4295309782028198,-0.9859261842682168,92.82532757022116,2.8488540649414062,0.0740465298295021,-1.4295309782028198,0.5697835683822632,0.6060478091239929,0.290325254201889,-0.4730371534824371,5,1.0,1.0,1.0,0.5153325570640652,0,0,0.0972958100832507,0.1891774197401998,317,374,thymio-08
135,1788221863.2879734,2.854494571685791,-1.4240318536758425,-1.47464054307419,92.72532757022115,2.854494571685791,0.0739792734384536,-1.4240318536758425,0.6085478067398071,0.5270056128501892,0.2092363685369491,-0.5551169514656067,5,1.0,1.0,1.0,0.5197284690476947,0,0,0.0242074086616548,0.3899899332869202,27,145,thymio-08
136,1788221863.8958287,2.899247169494629,-1.3745068311691284,-1.7673790571140495,92.62532757022116,2.899247169494629,0.0753992274403572,-1.3745068311691284,0.6246984601020813,0.4376876652240753,0.1489093452692031,-0.6292911767959595,5,1.0,1.0,1.0,0.5109786646909402,0,0,0.0392802463748593,0.5912945600844667,50,229,thymio-08
137,1788221864.5034204,2.899247169494629,-1.3745068311691284,-1.7673790571140495,92.52532757022118,2.899247169494629,0.0753992274403572,-1.3745068311691284,0.6246984601020813,0.4376876652240753,0.1489093452692031,-0.6292911767959595,5,1.0,1.0,1.0,0.5109786646909402,0,0,0.0387373161757561,0.5858273427786336,49,226,thymio-08
138,1788221865.106762,10000.0,10000.0,0.0,92.52532757022118,2.899247169494629,0.0753992274403572,-1.3745068311691284,0.6246984601020813,0.4376876652240753,0.1489093452692031,-0.6292911767959595,5,1.0,1.0,-1.0,1.0,0,0,0.03,-0.0216670040193379,110,103,thymio-08
139,1788221865.709828,10000.0,10000.0,0.0,92.52532757022118,2.899247169494629,0.0753992274403572,-1.3745068311691284,0.6246984601020813,0.4376876652240753,0.1489093452692031,-0.6292911767959595,5,1.0,1.0,-1.0,1.0,0,0,0.03,0.4594640917545342,37,176,thymio-08
140,1788221866.3131387,10000.0,10000.0,0.0,92.52532757022118,2.899247169494629,0.0753992274403572,-1.3745068311691284,0.6246984601020813,0.4376876652240753,0.1489093452692031,-0.6292911767959595,5,1.0,1.0,-1.0,1.0,0,0,0.03,0.5816755008227399,19,194,thymio-08
141,1788221866.916594,10000.0,10000.0,0.0,92.52532757022118,2.899247169494629,0.0753992274403572,-1.3745068311691284,0.6246984601020813,0.4376876652240753,0.1489093452692031,-0.6292911767959595,5,1.0,1.0,-1.0,1.0,0,0,0.03,0.5771597544104159,19,194,thymio-08
142,1788221867.5195715,10000.0,10000.0,0.0,92.52532757022118,2.899247169494629,0.0753992274403572,-1.3745068311691284,0.6246984601020813,0.4376876652240753,0.1489093452692031,-0.6292911767959595,5,1.0,1.0,-1.0,1.0,0,0,0.03,0.5713613149978828,20,193,thymio-08
143,1788221868.1225214,10000.0,10000.0,0.0,92.52532757022118,2.899247169494629,0.0753992274403572,-1.3745068311691284,0.6246984601020813,0.4376876652240753,0.1489093452692031,-0.6292911767959595,5,1.0,1.0,-1.0,1.0,0,0,0.03,0.5689018429015552,21,193,thymio-08
144,1788221868.726295,10000.0,10000.0,0.0,92.52532757022118,2.899247169494629,0.0753992274403572,-1.3745068311691284,0.6246984601020813,0.4376876652240753,0.1489093452692031,-0.6292911767959595,5,1.0,1.0,-1.0,1.0,0,0,0.03,0.5681209749135094,21,192,thymio-08
145,1788221869.329821,2.9059882164001465,-1.3680834770202637,-1.7947882472836236,92.52532757022118,2.9059882164001465,0.0752299427986145,-1.3680834770202637,0.6291576623916626,0.4208550155162811,0.1320208013057708,-0.6400095820426941,5,1.0,1.0,1.0,0.5225900328872353,0,0,0.0667477996129412,0.554881652852647,153,321,thymio-08
146,1788221869.9332316,1.1974031925201416,1.4803084135055542,2.1035741305519577,92.52532757022118,1.1974031925201416,0.0971298441290855,1.4803084135055542,0.6113430857658386,-0.7032429575920105,0.3431724905967712,0.1180751696228981,5,-0.97414588219004,1.0,1.0,0.692125779964653,0,0,0.0,0.0,0,0,thymio-08
147,1788221870.541086,1.1974031925201416,1.4803084135055542,2.1035741305519577,92.4253275702212,1.1974031925201416,0.0971298441290855,1.4803084135055542,0.6113430857658386,-0.7032429575920105,0.3431724905967712,0.1180751696228981,5,-0.97414588219004,1.0,1.0,0.692125779964653,0,0,-0.0,0.1596547689692784,-24,24,thymio-08
148,1788221871.1440458,10000.0,10000.0,0.0,92.4253275702212,1.1974031925201416,0.0971298441290855,1.4803084135055542,0.6113430857658386,-0.7032429575920105,0.3431724905967712,0.1180751696228981,5,1.0,1.0,-1.0,1.0,0,0,0.03,0.526355354306447,27,186,thymio-08
149,1788221871.7483563,10000.0,10000.0,0.0,92.4253275702212,1.1974031925201416,0.0971298441290855,1.4803084135055542,0.6113430857658386,-0.7032429575920105,0.3431724905967712,0.1180751696228981,5,1.0,1.0,-1.0,1.0,0,0,0.03,0.5253414853226497,27,186,thymio-08
150,1788221872.3516576,10000.0,10000.0,0.0,92.4253275702212,1.1974031925201416,0.0971298441290855,1.4803084135055542,0.6113430857658386,-0.7032429575920105,0.3431724905967712,0.1180751696228981,5,1.0,1.0,-1.0,1.0,0,0,0.03,0.5722944112720615,20,193,thymio-08
151,1788221872.9549313,10000.0,10000.0,0.0,92.4253275702212,1.1974031925201416,0.0971298441290855,1.4803084135055542,0.6113430857658386,-0.7032429575920105,0.3431724905967712,0.1180751696228981,5,1.0,1.0,-1.0,1.0,0,0,0.03,0.571704531561948,20,193,thymio-08
152,1788221873.557828,10000.0,10000.0,0.0,92.4253275702212,1.1974031925201416,0.0971298441290855,1.4803084135055542,0.6113430857658386,-0.7032429575920105,0.3431724905967712,0.1180751696228981,5,1.0,1.0,-1.0,1.0,0,0,0.03,0.5697749238703047,21,193,thymio-08
153,1788221874.1619463,10000.0,10000.0,0.0,92.4253275702212,1.1974031925201416,0.0971298441290855,1.4803084135055542,0.6113430857658386,-0.7032429575920105,0.3431724905967712,0.1180751696228981,5,1.0,1.0,1.0,1.0,0,0,0.03,0.3444979252052552,55,159,thymio-08
154,1788221874.765067,2.894132137298584,-1.4388600587844849,-0.5944566118813288,92.4253275702212,2.894132137298584,0.0727288350462913,-1.4388600587844849,-0.5453859567642212,-0.6491681933403015,-0.3377104699611664,0.408762127161026,5,1.0,1.0,1.0,0.2834807846846694,0,0,0.068244328701738,0.0957522839772503,228,257,thymio-08
155,1788221875.3731,2.894132137298584,-1.4388600587844849,-0.5944566118813288,92.3253275702212,2.894132137298584,0.0727288350462913,-1.4388600587844849,-0.5453859567642212,-0.6491681933403015,-0.3377104699611664,0.408762127161026,5,1.0,1.0,1.0,0.2834807846846694,0,0,0.0646999167176054,0.0147706192791561,228,232,thymio-08
156,1788221875.9812074,2.900702476501465,-1.3945728540420532,-1.0088465803007138,92.2253275702212,2.900702476501465,0.0726967006921768,-1.3945728540420532,-0.5560101270675659,-0.6017526984214783,-0.2991576492786407,0.4891330599784851,5,1.0,0.2822809742602958,1.0,0.3230914998337457,0,0,0.0653576882461399,0.0371748452993439,227,238,thymio-08
157,1788221876.590249,2.9055988788604736,-1.372302532196045,-1.0306278752137628,92.1253275702212,2.9055988788604736,0.073117196559906,-1.372302532196045,-0.5746961236000061,-0.6015094518661499,-0.2809709906578064,0.4785041809082031,5,1.0,0.2820364251793799,1.0,0.2857196965164017,0,0,0.0726925171591667,0.0521748133544821,250,266,thymio-08
158,1788221877.1981149,2.929188966751098,-1.2816171646118164,-1.2607382509951996,92.0253275702212,2.929188966751098,0.0740721672773361,-1.2816171646118164,-0.588799238204956,-0.5691362619400024,-0.2504429519176483,0.5164085030555725,5,1.0,0.2582400161234199,1.0,0.151379723724494,0,0,0.0763534659262497,0.170916651504246,245,297,thymio-08
159,1788221877.806089,2.9515066146850586,-1.2223341464996338,-1.3898068110470472,91.9253275702212,2.9515066146850586,0.0738430917263031,-1.2223341464996338,-0.5916911363601685,-0.5481871962547302,-0.2344289422035217,0.5426191687583923,5,1.0,0.2482413498469042,1.0,0.1095585619867676,0,0,0.0770591811790114,0.3101270048900585,227,321,thymio-08
160,1788221878.413603,2.991871833801269,-1.1499078273773191,-1.5479686258073158,91.82532757022122,2.991871833801269,0.0739258900284767,-1.1499078273773191,-0.6232989430427551,-0.5009844303131104,-0.1539878100156784,0.5803454518318176,5,1.0,0.1402968976092635,1.0,0.8719520697973913,0,0,0.1008467810625583,0.2590351287839451,319,397,thymio-08
161,1788221879.021459,3.0499329566955566,-1.0864872932434082,-1.6969009220458051,91.72532757022122,3.0499329566955566,0.0744431167840957,-1.0864872932434082,-0.6296112537384033,-0.440265029668808,-0.0948055535554885,0.6330626606941223,5,1.0,0.2133583080608574,1.0,0.8750591668373058,0,0,0.0034338300553719,0.535705449094353,-69,93,thymio-08
162,1788221879.6286185,3.0499329566955566,-1.0864872932434082,-1.6969009220458051,91.62532757022124,3.0499329566955566,0.0744431167840957,-1.0864872932434082,-0.6296112537384033,-0.440265029668808,-0.0948055535554885,0.6330626606941223,5,1.0,0.2133583080608574,1.0,0.8750591668373058,0,0,0.0486587069532242,0.6119519830490847,80,265,thymio-08
163,1788221880.2376902,3.0609400272369385,-1.0771281719207764,-1.686266210793588,91.52532757022124,3.0609400272369385,0.0743082538247108,-1.0771281719207764,-0.6333776116371155,-0.4358169734477997,-0.076794646680355,0.6348219513893127,5,1.0,0.2704346139823002,1.0,0.8993389635262776,0,0,0.0141295112935514,0.6238094449869254,-44,144,thymio-08
164,1788221880.8454423,3.0609400272369385,-1.0771281719207764,-1.686266210793588,91.42532757022124,3.0609400272369385,0.0743082538247108,-1.0771281719207764,-0.6333776116371155,-0.4358169734477997,-0.076794646680355,0.6348219513893127,5,1.0,0.3121628433758785,1.0,0.9438626353020864,0,0,0.057057018302668,0.6249018461953105,108,297,thymio-08
165,1788221881.4485445,10000.0,10000.0,0.0,91.42532757022124,3.0609400272369385,0.0743082538247108,-1.0771281719207764,-0.6333776116371155,-0.4358169734477997,-0.076794646680355,0.6348219513893127,5,1.0,1.0,1.0,1.0,0,0,0.03,0.611458727440381,14,199,thymio-08
166,1788221882.0528684,10000.0,10000.0,0.0,91.42532757022124,3.0609400272369385,0.0743082538247108,-1.0771281719207764,-0.6333776116371155,-0.4358169734477997,-0.076794646680355,0.6348219513893127,5,1.0,1.0,-1.0,1.0,0,0,0.03,0.3070201880610955,60,153,thymio-08
167,1788221882.6557088,10000.0,10000.0,0.0,91.42532757022124,3.0609400272369385,0.0743082538247108,-1.0771281719207764,-0.6333776116371155,-0.4358169734477997,-0.076794646680355,0.6348219513893127,5,1.0,1.0,-1.0,1.0,0,0,0.03,0.57089590823293,20,193,thymio-08
168,1788221883.2588162,3.205660820007324,-1.1719563007354736,-1.3668912285271424,91.42532757022124,3.205660820007324,0.070394679903984,-1.1719563007354736,-0.3847283720970154,0.4634062051773071,0.4500377178192138,0.6593216061592102,5,1.0,0.5599391429230383,1.0,1.0,0,0,0.1182724552228943,0.5161028063831058,342,498,thymio-08
169,1788221883.8673742,3.223008155822754,-1.209412932395935,2.411993888572449,91.32532757022123,3.223008155822754,0.0809121802449226,-1.209412932395935,-0.007007788401097,0.6236416697502136,-0.3234122097492218,0.7116364240646362,5,1.0,1.0,0.5839718770822167,1.0,0,0,0.1263288464736329,0.3544966713072182,395,500,thymio-08
170,1788221884.4751868,3.223008155822754,-1.209412932395935,2.411993888572449,91.22532757022124,3.223008155822754,0.0809121802449226,-1.209412932395935,-0.007007788401097,0.6236416697502136,-0.3234122097492218,0.7116364240646362,5,1.0,1.0,0.5911970871579726,1.0,0,0,0.1419994702047084,0.1176063531323701,487,500,thymio-08
171,1788221885.0782676,10000.0,10000.0,0.0,91.22532757022124,3.223008155822754,0.0809121802449226,-1.209412932395935,-0.007007788401097,0.6236416697502136,-0.3234122097492218,0.7116364240646362,5,1.0,1.0,1.0,1.0,0,0,0.0131495994556473,0.3605797274087568,-8,101,thymio-08
172,1788221885.6811583,10000.0,10000.0,0.0,91.22532757022124,3.223008155822754,0.0809121802449226,-1.209412932395935,-0.007007788401097,0.6236416697502136,-0.3234122097492218,0.7116364240646362,5,1.0,1.0,1.0,1.0,0,0,0.03,0.132490280199651,87,127,thymio-08
173,1788221886.284176,10000.0,10000.0,0.0,91.22532757022124,3.223008155822754,0.0809121802449226,-1.209412932395935,-0.007007788401097,0.6236416697502136,-0.3234122097492218,0.7116364240646362,5,1.0,1.0,1.0,1.0,0,0,0.03,0.2440122647388507,70,143,thymio-08
174,1788221886.887673,10000.0,10000.0,0.0,91.22532757022124,3.223008155822754,0.0809121802449226,-1.209412932395935,-0.007007788401097,0.6236416697502136,-0.3234122097492218,0.7116364240646362,5,1.0,1.0,-1.0,1.0,0,0,0.03,0.1101829570388867,90,123,thymio-08
175,1788221887.4905667,10000.0,10000.0,0.0,91.22532757022124,3.223008155822754,0.0809121802449226,-1.209412932395935,-0.007007788401097,0.6236416697502136,-0.3234122097492218,0.7116364240646362,5,1.0,1.0,-1.0,1.0,0,0,0.03,0.3678709761649495,51,162,thymio-08
176,1788221888.0937786,1.0993655920028689,1.4872322082519531,2.874964600140188,91.22532757022124,1.0993655920028689,0.1020862609148025,1.4872322082519531,0.3876034915447235,0.2973789572715759,-0.5267147421836853,0.6956299543380737,5,0.5038671024644414,-0.9767579227538142,1.0,0.6289470848327929,0,0,0.0,-0.1388669544207177,21,-21,thymio-08
177,1788221888.7017913,1.097278356552124,1.4888678789138794,2.791485097442709,91.12532757022126,1.097278356552124,0.1025494337081909,1.4888678789138794,0.3819795846939087,0.3247956335544586,-0.5391558408737183,0.6766908764839172,5,1.0,-0.9846588800956751,1.0,0.452554968113245,0,0,0.0,-0.3847912589993449,58,-58,thymio-08
178,1788221889.3097298,1.097278356552124,1.4888678789138794,2.791485097442709,91.02532757022126,1.097278356552124,0.1025494337081909,1.4888678789138794,0.3819795846939087,0.3247956335544586,-0.5391558408737183,0.6766908764839172,5,1.0,-0.9885390808295368,1.0,0.4476631862074223,0,0,0.0,-0.1332236266302205,20,-20,thymio-08
179,1788221889.9131854,10000.0,10000.0,0.0,91.02532757022126,1.097278356552124,0.1025494337081909,1.4888678789138794,0.3819795846939087,0.3247956335544586,-0.5391558408737183,0.6766908764839172,5,1.0,1.0,-1.0,1.0,0,0,0.03,-0.2425707211421751,143,70,thymio-08
180,1788221890.5161955,10000.0,10000.0,0.0,91.02532757022126,1.097278356552124,0.1025494337081909,1.4888678789138794,0.3819795846939087,0.3247956335544586,-0.5391558408737183,0.6766908764839172,5,1.0,1.0,-1.0,1.0,0,0,0.03,0.0346213666653794,101,112,thymio-08
181,1788221891.1201415,10000.0,10000.0,0.0,91.02532757022126,1.097278356552124,0.1025494337081909,1.4888678789138794,0.3819795846939087,0.3247956335544586,-0.5391558408737183,0.6766908764839172,5,1.0,1.0,-1.0,1.0,0,0,0.03,0.3786829874735364,49,164,thymio-08
182,1788221891.7239826,10000.0,10000.0,0.0,91.02532757022126,1.097278356552124,0.1025494337081909,1.4888678789138794,0.3819795846939087,0.3247956335544586,-0.5391558408737183,0.6766908764839172,5,1.0,1.0,1.0,1.0,0,0,0.03,-0.1452968400647467,129,85,thymio-08
183,1788221892.327283,10000.0,10000.0,0.0,91.02532757022126,1.097278356552124,0.1025494337081909,1.4888678789138794,0.3819795846939087,0.3247956335544586,-0.5391558408737183,0.6766908764839172,5,1.0,1.0,1.0,1.0,0,0,0.03,0.1129754361948061,90,124,thymio-08
184,1788221892.9303808,10000.0,10000.0,0.0,91.02532757022126,1.097278356552124,0.1025494337081909,1.4888678789138794,0.3819795846939087,0.3247956335544586,-0.5391558408737183,0.6766908764839172,5,1.0,1.0,1.0,1.0,0,0,0.03,0.1240141057530831,88,125,thymio-08
185,1788221893.5336056,10000.0,10000.0,0.0,91.02532757022126,1.097278356552124,0.1025494337081909,1.4888678789138794,0.3819795846939087,0.3247956335544586,-0.5391558408737183,0.6766908764839172,5,1.0,1.0,1.0,1.0,0,0,0.03,0.1666502292350083,81,132,thymio-08
186,1788221894.1373863,10000.0,10000.0,0.0,91.02532757022126,1.097278356552124,0.1025494337081909,1.4888678789138794,0.3819795846939087,0.3247956335544586,-0.5391558408737183,0.6766908764839172,5,1.0,1.0,1.0,1.0,0,0,0.03,0.2158925659092401,74,139,thymio-08
187,1788221894.741833,10000.0,10000.0,0.0,91.02532757022126,1.097278356552124,0.1025494337081909,1.4888678789138794,0.3819795846939087,0.3247956335544586,-0.5391558408737183,0.6766908764839172,5,1.0,1.0,1.0,1.0,0,0,0.03,0.2678685608920308,66,147,thymio-08
188,1788221895.3453135,10000.0,10000.0,0.0,91.02532757022126,1.097278356552124,0.1025494337081909,1.4888678789138794,0.3819795846939087,0.3247956335544586,-0.5391558408737183,0.6766908764839172,5,1.0,1.0,1.0,1.0,0,0,0.03,0.3177278444798996,59,155,thymio-08
189,1788221895.9482772,10000.0,10000.0,0.0,91.02532757022126,1.097278356552124,0.1025494337081909,1.4888678789138794,0.3819795846939087,0.3247956335544586,-0.5391558408737183,0.6766908764839172,5,1.0,1.0,1.0,1.0,0,0,0.03,0.3549967185542703,53,160,thymio-08
190,1788221896.5526202,10000.0,10000.0,0.0,91.02532757022126,1.097278356552124,0.1025494337081909,1.4888678789138794,0.3819795846939087,0.3247956335544586,-0.5391558408737183,0.6766908764839172,5,1.0,1.0,1.0,1.0,0,0,0.03,0.3785358245915254,49,164,thymio-08
191,1788221897.1557417,2.679508686065674,-1.4531326293945312,0.2897064677662966,91.02532757022126,2.679508686065674,0.0729352757334709,-1.4531326293945312,0.3283214271068573,0.7771112322807312,0.5339054465293884,-0.056992907077074,5,0.3663185399422903,1.0,1.0,0.2648504767846809,0,0,0.0271771075176614,0.0233104412173557,93,100,thymio-08
192,1788221897.76399,2.649422168731689,-1.4152342081069946,0.1625740155264257,90.87312040296888,2.649422168731689,0.0742662400007247,-1.4152342081069946,0.418547511100769,0.7470652461051941,0.4735586047172546,-0.2060432732105255,5,0.3445436114313318,1.0,1.0,0.167376066524193,0,0,0.0242854469767231,0.3262389956201051,37,136,thymio-08
193,1788221898.3716352,2.649422168731689,-1.4152342081069946,0.1625740155264257,90.77312040296889,2.649422168731689,0.0742662400007247,-1.4152342081069946,0.418547511100769,0.7470652461051941,0.4735586047172546,-0.2060432732105255,5,0.3445436114313318,1.0,1.0,0.167376066524193,0,0,0.0293577963190412,0.375597866256328,48,161,thymio-08
194,1788221898.9792998,2.6390833854675293,-1.3986090421676636,0.1399319179601019,90.67312040296888,2.6390833854675293,0.0746434926986694,-1.3986090421676636,0.4263046383857727,0.7446590662002563,0.4595924615859985,-0.2291771620512008,5,0.3549235319438009,1.0,1.0,0.1672182101148609,0,0,0.031206036946683,0.4031155410905588,50,172,thymio-08
195,1788221899.5888803,2.6279385089874268,-1.3490067720413208,-0.3818271849596844,90.5731204029689,2.6279385089874268,0.0754249021410942,-1.3490067720413208,0.5168377757072449,0.6673834323883057,0.3660743534564972,-0.3917495012283325,5,1.0,1.0,1.0,0.1129051895745363,0,0,0.116206486038394,-0.0701592868263815,423,402,thymio-08
196,1788221900.1980171,2.6295955181121826,-1.3287245035171509,-0.7477302519748479,90.4731204029689,2.6295955181121826,0.0757265388965606,-1.3287245035171509,0.5527012348175049,0.632181704044342,0.3198854625225067,-0.4387950003147125,5,1.0,1.0,1.0,0.1128926029509536,0,0,0.0957580732395421,0.0676236740930144,330,350,thymio-08
1,1788221782.1826212,-2.0458152294158936,0.2742442488670349,1.1209279300926465,100.0,-2.0458152294158936,0.113144002854824,0.2742442488670349,-0.0828877985477447,0.735012948513031,0.6290011405944824,0.2392556369304657,5,1.0,1.0,1.0,1.0,0,0,0.1660411517839208,-0.6182641409931771,500,497,thymio-09
2,1788221782.7861664,2.9393792152404785,0.0352335125207901,0.859049646051945,100.0,2.9393792152404785,0.0807171314954757,0.0352335125207901,0.4063611924648285,0.6822727918624878,0.4806027114391327,-0.3720154166221618,5,1.0,-0.6380720048078811,1.0,-0.7416119789741313,0,0,0.0065637322008494,-0.0540047750825922,31,15,thymio-09
3,1788221783.3947313,2.920205354690552,0.0959681570529937,0.8673029370076684,99.8716763905212,2.920205354690552,0.0815770700573921,0.0959681570529937,0.4032323062419891,0.6860706210136414,0.4834963679313659,-0.3646121919155121,5,1.0,-0.5750939086550104,1.0,-0.7026636982039631,0,0,0.0670452391089625,-0.1637966524064566,263,213,thymio-09
4,1788221784.0032473,2.912304401397705,0.1170050054788589,0.9174332849872098,99.7716763905212,2.912304401397705,0.0812295526266098,0.1170050054788589,0.3899695575237274,0.6925085186958313,0.4909515082836151,-0.3568226099014282,5,1.0,-0.5541592282094592,1.0,-0.6448941951096174,0,0,0.0393762667829669,-0.2773772326060274,182,98,thymio-09
5,1788221784.611166,2.88911247253418,0.1614532619714737,0.9648320199972762,99.59821116591256,2.88911247253418,0.081644207239151,0.1614532619714737,0.370603859424591,0.7053171396255493,0.514526903629303,-0.3169269263744354,5,1.0,-0.4940635702085914,1.0,-0.5412663781337962,0,0,0.05,-0.1856017653740806,206,150,thymio-09
6,1788221785.219102,2.8578438758850098,0.1964283585548401,1.061676589294323,99.43309896420438,2.8578438758850098,0.0824168920516967,0.1964283585548401,0.3148780167102813,0.7260624766349792,0.5599979162216187,-0.2451276183128357,5,1.0,-0.439414924754388,1.0,-0.5417634157201155,0,0,0.05,-0.1942090513545696,207,148,thymio-09
7,1788221785.827152,2.836291074752808,0.2169134318828582,1.0822084816782969,99.3127667282375,2.836291074752808,0.0820129662752151,0.2169134318828582,0.2868707776069641,0.7395212054252625,0.5714590549468994,-0.2103523761034011,5,1.0,-0.4027221714763433,1.0,-0.5456094540399691,0,0,0.05,-0.1929672602497037,207,149,thymio-09
8,1788221786.4356265,2.836291074752808,0.2169134318828582,1.0822084816782969,99.21276672823753,2.836291074752808,0.0820129662752151,0.2169134318828582,0.2868707776069641,0.7395212054252625,0.5714590549468994,-0.2103523761034011,5,1.0,-0.4027221714763433,1.0,-0.5456094540399691,0,0,0.171844699314034,-0.1919576171835797,500,500,thymio-09
9,1788221787.0441742,2.797523260116577,0.2430560737848281,1.116224076382066,99.00175955375644,2.797523260116577,0.0823734328150749,0.2430560737848281,0.2364218682050705,0.7573434114456177,0.5889609456062317,-0.1538201421499252,5,1.0,-0.3453703565785324,1.0,-0.5277531064691987,0,0,0.1715586344162308,-0.1898487170670514,500,500,thymio-09
10,1788221787.65263,2.706009864807129,0.3020745515823364,1.1194920692329229,98.4443232065262,2.706009864807129,0.0836640894412994,0.3020745515823364,0.2187386751174926,0.761542022228241,0.5964972972869873,-0.1280557215213775,5,1.0,-0.2276093656261361,1.0,-0.4733333183547599,0,0,0.1692983141981405,-0.1874766649897517,500,500,thymio-09
11,1788221788.2602694,2.6498403549194336,0.3389360308647156,1.1181512652702992,98.10594232003932,2.6498403549194336,0.0836088433861732,0.3389360308647156,0.217741772532463,0.7654204964637756,0.5918897986412048,-0.1280097216367721,5,1.0,-0.1556676863044912,1.0,-0.4305293088367261,0,0,0.1687433041424835,-0.1872666779772898,500,500,thymio-09
12,1788221788.8696237,2.5516865253448486,0.4007308781147003,1.1318705765472838,97.57248035363344,2.5516865253448486,0.0850205346941948,0.4007308781147003,-0.2084065228700637,-0.7644076943397522,-0.5975478887557983,0.1232243478298187,5,1.0,-0.336433216381572,1.0,-0.2296995438102975,0,0,0.1760373947859674,-0.2071892402070727,500,500,thymio-09
13,1788221789.4773493,2.5516865253448486,0.4007308781147003,1.1318705765472838,97.47248035363346,2.5516865253448486,0.0850205346941948,0.4007308781147003,-0.2084065228700637,-0.7644076943397522,-0.5975478887557983,0.1232243478298187,5,1.0,-0.336433216381572,1.0,-0.2296995438102975,0,0,0.1749405557699365,-0.1959959890377871,500,500,thymio-09
14,1788221790.0856645,2.4266197681427,0.4815451204776764,1.125002985332742,96.6811715159253,2.4266197681427,0.0866431146860122,0.4815451204776764,-0.2105286866426468,-0.7691008448600769,-0.5905486941337585,0.1241525635123252,5,1.0,-0.2345764411186153,1.0,-0.1548400088552901,0,0,0.1692587072394397,-0.1802676392850214,500,500,thymio-09
15,1788221790.6933067,2.3391387462615967,0.5412594676017761,1.1161815513729785,96.13287891204158,2.3391387462615967,0.0883734673261642,0.5412594676017761,-0.2227640748023986,-0.7668004035949707,-0.586344838142395,0.1363570541143417,5,1.0,-0.1602846396364644,1.0,-0.0747003885387901,0,0,0.1653685722139966,-0.1774349641375739,500,500,thymio-09
16,1788221791.3017364,2.229689121246338,0.620688796043396,1.12926479436973,95.3676005565738,2.229689121246338,0.0894496962428093,0.620688796043396,-0.2301721572875976,-0.7633438110351562,-0.5822106003761292,0.1592419594526291,5,1.0,-0.0292039422741617,1.0,0.029091913108967,0,0,0.1596083843013047,-0.170643106269559,500,500,thymio-09
17,1788221791.9094064,2.1593165397644043,0.6770507097244263,1.1257188845444492,94.92411777203344,2.1593165397644043,0.0902140289545059,0.6770507097244263,-0.2384191453456878,-0.7559062838554382,-0.5869854092597961,0.1649553924798965,5,1.0,0.0920922207653418,1.0,0.13419916790613,0,0,0.1540156725466409,-0.1628170394319454,500,500,thymio-09
18,1788221792.5170093,2.1593165397644043,0.6770507097244263,1.1257188845444492,94.82411777203346,2.1593165397644043,0.0902140289545059,0.6770507097244263,-0.2384191453456878,-0.7559062838554382,-0.5869854092597961,0.1649553924798965,5,1.0,0.0920922207653418,1.0,0.13419916790613,0,0,0.1552379674886096,-0.1716117791987346,500,500,thymio-09
19,1788221793.1248274,2.098935127258301,0.7265846729278564,1.115161986377541,94.44412747146792,2.098935127258301,0.0905755385756492,0.7265846729278564,-0.2467400282621383,-0.7560129165649414,-0.5814076066017151,0.171840414404869,5,1.0,0.2073646269261049,1.0,1.0,0,0,0.0696606659706845,-0.0301054407870479,252,243,thymio-09
20,1788221793.7328744,1.9912374019622805,0.8236950039863586,1.109698387246449,93.67957842726042,1.9912374019622805,0.0928096026182174,0.8236950039863586,-0.2602641880512237,-0.7541361451148987,-0.5710391998291016,0.1935345381498336,5,1.0,0.4287836364206763,1.0,0.4310948565318186,0,0,0.1122584141877022,0.031840897050384,394,404,thymio-09
21,1788221794.3409307,1.948669910430908,0.8609583377838135,1.0878506667308372,93.41176843387493,1.948669910430908,0.0930462107062339,0.8609583377838135,-0.2644053399562835,-0.7546196579933167,-0.5722787976264954,0.182033360004425,5,1.0,0.5345100156251825,1.0,0.5281499892243253,0,0,0.1097465545686828,-0.1086734861232343,406,374,thymio-09
22,1788221794.9491026,1.903359293937683,0.9022581577301024,1.093863837250851,93.12535079251867,1.903359293937683,0.0945719107985496,0.9022581577301024,-0.2590673863887787,-0.7582762241363525,-0.5704584717750549,0.180217906832695,5,1.0,0.6299986371737651,1.0,0.6191687224837994,0,0,0.1069489348756119,-0.0908451953129143,394,366,thymio-09
23,1788221795.5562916,1.903359293937683,0.9022581577301024,1.093863837250851,93.0253507925187,1.903359293937683,0.0945719107985496,0.9022581577301024,-0.2590673863887787,-0.7582762241363525,-0.5704584717750549,0.180217906832695,5,1.0,0.6299986371737651,1.0,0.6191687224837994,0,0,0.1085126666327959,-0.083889381210381,398,373,thymio-09
24,1788221796.1642203,1.8132779598236084,0.9732046723365784,1.181784641388257,92.45466765530024,1.8132779598236084,0.0953849032521247,0.9732046723365784,0.2130061686038971,0.7536783814430237,0.5991461277008057,-0.1661963760852813,5,1.0,0.7863962972944227,1.0,0.8224842232375522,0,0,0.0787380601302596,-0.0437396689772957,286,273,thymio-09
25,1788221796.7726169,1.746779203414917,1.0111799240112305,1.1521046698298385,92.08220633623844,1.746779203414917,0.0957673266530036,1.0111799240112305,0.1825032532215118,0.7625545263290405,0.6128769516944885,-0.097903273999691,5,1.0,0.8898119970993803,1.0,0.9578642992785912,0,0,0.0526313350082448,0.046528898941403,180,194,thymio-09
26,1788221797.380287,1.715019464492798,1.0263984203338623,1.1377282841073697,91.90785235175872,1.715019464492798,0.0952321887016296,1.0263984203338623,0.1768184453248977,0.7708979845046997,0.6064749360084534,-0.0814856737852096,5,1.0,0.925278319590261,1.0,1.0,0,0,-0.0291665277914284,0.4670661818177473,-174,-33,thymio-09
27,1788221797.9886148,1.668429613113403,1.0505852699279783,1.1342049567200905,91.59372331266792,1.668429613113403,0.0954296141862869,1.0505852699279783,0.1895727664232254,0.768592119216919,0.60324627161026,-0.0970689803361892,5,1.0,0.9918393723458964,1.0,1.0,0,0,0.072381785087372,0.1333572123667132,237,277,thymio-09
28,1788221798.5967176,1.6684941053390503,1.0645421743392944,1.1169008941687917,91.49372331266794,1.6684941053390503,0.0957272425293922,1.0645421743392944,0.2631998658180237,0.7434368133544922,0.5833842158317566,-0.1941401660442352,5,1.0,1.0,1.0,1.0,0,0,0.104154335290847,-0.2069019116961883,401,339,thymio-09
29,1788221799.2051954,1.6684941053390503,1.0645421743392944,1.1169008941687917,91.39372331266794,1.6684941053390503,0.0957272425293922,1.0645421743392944,0.2631998658180237,0.7434368133544922,0.5833842158317566,-0.1941401660442352,5,1.0,1.0,1.0,1.0,0,0,0.0651234436710428,-0.0139272122268383,233,229,thymio-09
30,1788221799.8146338,1.6205114126205444,1.107405662536621,1.1288919335980037,91.09073057596002,1.6205114126205444,0.096408687531948,1.107405662536621,0.2521989643573761,0.746811032295227,0.5865724682807922,-0.186015635728836,5,1.0,1.0,1.0,1.0,0,0,0.0622877214665359,0.020706118003224,218,224,thymio-09
31,1788221800.4225912,1.5887336730957031,1.1321918964385986,1.113660351728484,90.89345231421711,1.5887336730957031,0.0975328609347343,1.1321918964385986,0.2388199716806411,0.7558947801589966,0.5896106362342834,-0.1547495573759079,5,1.0,1.0,1.0,1.0,0,0,0.0532367979840676,0.0251151475969338,185,193,thymio-09
32,1788221801.0317223,1.5211946964263916,1.181639313697815,1.9751768491475816,90.47105449023904,1.5211946964263916,0.0990022420883178,1.181639313697815,-0.3852782249450683,0.6458073258399963,-0.6585490107536316,0.0284063946455717,5,1.0,1.0,1.0,1.0,0,0,0.0563871126674821,-0.1013131307648996,216,185,thymio-09
33,1788221801.639181,1.4983699321746826,1.199675440788269,1.095096408573907,90.32963907593664,1.4983699321746826,0.098097525537014,1.199675440788269,0.243044376373291,0.7586182355880737,0.5860111713409424,-0.1483879089355468,5,1.0,1.0,1.0,1.0,0,0,0.0341023371872152,0.0525103268507745,113,129,thymio-09
34,1788221802.2473965,1.4486902952194214,1.2319351434707642,1.106737482820236,90.05100919606436,1.4486902952194214,0.0987192615866661,1.2319351434707642,-0.2206681817770004,-0.7609131932258606,-0.5983156561851501,0.1197296828031539,5,1.0,1.0,1.0,1.0,0,0,0.0362837405765667,0.0500850246244426,121,136,thymio-09
35,1788221802.8550093,1.4486902952194214,1.2319351434707642,1.106737482820236,89.95100919606436,1.4486902952194214,0.0987192615866661,1.2319351434707642,-0.2206681817770004,-0.7609131932258606,-0.5983156561851501,0.1197296828031539,5,1.0,1.0,1.0,1.0,0,0,0.0335296753059747,0.0318392217745906,114,124,thymio-09
36,1788221803.46307,1.4243861436843872,1.2475348711013794,1.106373797976305,89.81601115677014,1.4243861436843872,0.0985583811998367,1.2475348711013794,0.2244613468647003,0.7602317333221436,0.5965791940689087,-0.1255315542221069,5,1.0,1.0,1.0,1.0,0,0,0.0313044106369287,0.0373624942524112,106,117,thymio-09
37,1788221804.0707889,1.4019683599472046,1.2634201049804688,1.1168942985756862,89.67823292072806,1.4019683599472046,0.0981723964214325,1.2634201049804688,0.2281231731176376,0.7597406506538391,0.5923319458961487,-0.1410569548606872,5,1.0,1.0,1.0,1.0,0,0,0.0278560239163238,0.036917366328655,93,105,thymio-09
38,1788221804.6790676,1.3780887126922607,1.283229112625122,1.0893975954938373,89.52963815668163,1.3780887126922607,0.0996883288025856,1.283229112625122,0.2443321943283081,0.7576772570610046,0.5875881910324097,-0.1448005586862564,5,1.0,1.0,1.0,1.0,0,0,0.0237156306810499,0.0424060844897,78,91,thymio-09
39,1788221805.2869048,1.3780887126922607,1.283229112625122,1.0893975954938373,89.42963815668163,1.3780887126922607,0.0996883288025856,1.283229112625122,0.2443321943283081,0.7576772570610046,0.5875881910324097,-0.1448005586862564,5,1.0,1.0,1.0,1.0,0,0,0.0238413821425825,0.0446571592530557,78,91,thymio-09
40,1788221805.8953898,1.364874243736267,1.2937618494033811,1.111428319611896,89.32963815668164,1.364874243736267,0.0990780889987945,1.2937618494033811,0.2418702691793441,0.7533450126647949,0.591238796710968,-0.1562271863222122,5,1.0,1.0,1.0,1.0,0,0,0.0217715105944543,0.0416525365714073,71,84,thymio-09
41,1788221806.5035691,1.3483712673187256,1.3095672130584717,1.082522198067254,89.22579055699583,1.3483712673187256,0.1001809611916542,1.3095672130584717,0.2612718343734741,0.7511648535728455,0.5829710364341736,-0.1662323623895645,5,1.0,1.0,1.0,1.0,0,0,0.0183563726340972,0.0458937054418335,58,72,thymio-09
42,1788221807.1117191,1.33147132396698,1.324412226676941,1.0987528913244544,89.12033739584813,1.33147132396698,0.0997839123010635,1.324412226676941,0.2625324428081512,0.7492809295654297,0.5800302028656006,-0.182262897491455,5,1.0,1.0,1.0,1.0,0,0,0.0154969668935233,0.0455275446820568,48,62,thymio-09
43,1788221807.7190502,1.3264151811599731,1.3277732133865356,2.0088942111031267,89.02033739584813,1.3264151811599731,0.1003912240266799,1.3277732133865356,-0.4132104814052582,0.6456919312477112,-0.6421260237693787,0.0036434568464756,5,1.0,1.0,1.0,1.0,0,0,0.0185934515489889,-0.1049306418529414,82,50,thymio-09
44,1788221808.326922,1.3054687976837158,1.3478326797485352,1.0742030754627443,88.88833623155688,1.3054687976837158,0.10113325715065,1.3478326797485352,0.2674631178379059,0.7535179853439331,0.5747276544570923,-0.1742480099201202,5,1.0,1.0,1.0,1.0,0,0,0.0084266422338104,0.0738698611913586,19,41,thymio-09
45,1788221808.935011,1.3054687976837158,1.3478326797485352,1.0742030754627443,88.78833623155688,1.3054687976837158,0.10113325715065,1.3478326797485352,0.2674631178379059,0.7535179853439331,0.5747276544570923,-0.1742480099201202,5,1.0,1.0,1.0,1.0,0,0,0.0112619116590528,0.0631655713856202,30,50,thymio-09
46,1788221809.5424693,1.3008095026016235,1.3495166301727295,1.11023569826782,88.68833623155689,1.3008095026016235,0.1000775024294853,1.3495166301727295,0.2531872093677521,0.7505803108215332,0.5847834944725037,-0.1747964471578598,5,1.0,1.0,1.0,1.0,0,0,0.0100382590853891,0.0401681531610964,30,42,thymio-09
47,1788221810.1507876,1.2945958375930786,1.360682725906372,1.0624615700578826,88.5883362315569,1.2945958375930786,0.101597636938095,1.360682725906372,0.285433828830719,0.7472732663154602,0.5666950345039368,-0.1974005997180938,5,1.0,1.0,1.0,1.0,0,0,0.0079388208905271,0.0494599534802825,21,36,thymio-09
48,1788221810.7584722,1.2870687246322632,1.3687599897384644,1.0840121236754996,88.4883362315569,1.2870687246322632,0.099826693534851,1.3687599897384644,-0.279287576675415,-0.7472516894340515,-0.5674283504486084,0.2040552794933319,5,1.0,1.0,1.0,1.0,0,0,0.0063465966604448,0.0486881398144764,15,30,thymio-09
49,1788221811.3663588,1.2851569652557373,1.3731775283813477,1.0736598978960252,88.3883362315569,1.2851569652557373,0.1012541055679321,1.3731775283813477,-0.2942434251308441,-0.7390498518943787,-0.5645840764045715,0.2201615422964096,5,1.0,1.0,1.0,1.0,0,0,0.0054185508445862,0.0493901859574565,12,27,thymio-09
50,1788221811.975553,1.2806817293167114,1.3790286779403689,1.0881060680403234,88.28833623155691,1.2806817293167114,0.1001306399703025,1.3790286779403689,-0.2997039556503296,-0.7308538556098938,-0.5654900074005127,0.2371736615896225,5,1.0,1.0,1.0,1.0,0,0,0.0042698621515468,0.0489405701427665,8,23,thymio-09
51,1788221812.5833695,1.280617594718933,1.382061243057251,2.0719955474741667,88.18833623155692,1.280617594718933,0.102074034512043,1.382061243057251,-0.4601877629756927,0.6454417705535889,-0.6073439717292786,-0.0525888875126838,5,1.0,1.0,1.0,1.0,0,0,0.0046855139461398,-0.1145558013823928,34,-1,thymio-09
52,1788221813.1916687,1.2765954732894895,1.385498285293579,1.072321344711976,88.08833623155692,1.2765954732894895,0.1004957556724548,1.385498285293579,0.3065902292728424,0.730503261089325,0.5611923336982727,-0.2396468371152877,5,1.0,1.0,1.0,1.0,0,0,0.0022546163189986,0.0820313801510082,-4,20,thymio-09
53,1788221813.7995603,1.274393081665039,1.3870363235473633,1.080156163753072,87.98833623155693,1.274393081665039,0.1003670096397399,1.3870363235473633,0.2997952997684479,0.7321702837944031,0.5662009119987488,-0.2312274426221847,5,1.0,1.0,1.0,1.0,0,0,0.0028178222651405,0.0632844525826247,0,20,thymio-09
54,1788221814.4072115,1.2732757329940796,1.3898258209228516,2.0829125298384064,87.88833623155693,1.2732757329940796,0.1015722304582595,1.3898258209228516,-0.4618935286998749,0.6487005352973938,-0.6028139591217041,-0.0495720691978931,5,1.0,1.0,1.0,1.0,0,0,0.0026243438985288,-0.1162305312363383,27,-8,thymio-09
55,1788221815.0154643,1.2732757329940796,1.3898258209228516,2.0829125298384064,87.78833623155694,1.2732757329940796,0.1015722304582595,1.3898258209228516,-0.4618935286998749,0.6487005352973938,-0.6028139591217041,-0.0495720691978931,5,1.0,1.0,1.0,1.0,0,0,0.0023613388085631,-0.0803877616991049,21,-4,thymio-09
56,1788221815.6236987,1.2724347114562988,1.3916023969650269,1.0818421562983236,87.68833623155695,1.2724347114562988,0.1001590713858604,1.3916023969650269,0.3088595569133758,0.7258864641189575,0.5621147155761719,-0.2484387308359146,5,1.0,1.0,1.0,1.0,0,0,0.001323061730386,0.0881537684745133,-9,18,thymio-09
57,1788221816.232213,1.2691494226455688,1.3927628993988037,1.0927475259855903,87.58833623155695,1.2691494226455688,0.1002348661422729,1.3927628993988037,0.2930186986923218,0.7331371903419495,0.5700198411941528,-0.2274363338947296,5,1.0,1.0,1.0,1.0,0,0,0.0015282572681802,0.072214389753248,-5,16,thymio-09
58,1788221816.8405972,1.2691494226455688,1.3927628993988037,1.0927475259855903,87.48833623155696,1.2691494226455688,0.1002348661422729,1.3927628993988037,0.2930186986923218,0.7331371903419495,0.5700198411941528,-0.2274363338947296,5,1.0,1.0,1.0,1.0,0,0,0.0014007430471415,0.0437613124023931,-2,12,thymio-09
59,1788221817.448877,1.268964171409607,1.39361310005188,1.088020679511529,87.38833623155696,1.268964171409607,0.1002820953726768,1.39361310005188,0.2974839806556701,0.7314190864562988,0.5681398510932922,-0.2318331003189087,5,1.0,1.0,1.0,1.0,0,0,0.0012840722404531,0.0489690425800171,-3,12,thymio-09
60,1788221818.0571764,1.2689850330352783,1.393573522567749,1.0880280759242158,87.28833623155697,1.2689850330352783,0.1003051996231079,1.393573522567749,0.2975184023380279,0.7313718199729919,0.568172812461853,-0.2318575233221054,5,1.0,1.0,1.0,1.0,0,0,0.0012817364873738,0.0492436945721389,-3,12,thymio-09
61,1788221818.6650677,1.268993854522705,1.3936058282852173,1.0865055226546838,87.18833623155697,1.268993854522705,0.1003061458468437,1.3936058282852173,0.2979141175746918,0.7315806746482849,0.5677610039710999,-0.231699138879776,5,1.0,1.0,1.0,1.0,0,0,0.0012840432239805,0.0509142240301225,-3,12,thymio-09
62,1788221819.27288,1.269059419631958,1.3935941457748413,1.0852095184859074,87.08833623155698,1.269059419631958,0.1003310456871986,1.3935941457748413,0.2990261316299438,0.7312129735946655,0.5671945810317993,-0.2328118532896042,5,1.0,1.0,1.0,1.0,0,0,0.0012870767444642,0.0519425433412821,-3,12,thymio-09
63,1788221819.881204,1.269059419631958,1.3935941457748413,1.0852095184859074,86.98833623155699,1.269059419631958,0.1003310456871986,1.3935941457748413,0.2990261316299438,0.7312129735946655,0.5671945810317993,-0.2328118532896042,5,1.0,1.0,1.0,1.0,0,0,0.0012897103034619,0.052659285958254,-3,13,thymio-09
64,1788221820.4897823,1.269342064857483,1.393756866455078,1.0812031526090229,86.88833623155699,1.269342064857483,0.1004311740398407,1.393756866455078,0.30251345038414,0.730240523815155,0.5649484395980835,-0.2367861419916153,5,1.0,1.0,1.0,1.0,0,0,0.0012564477320805,0.0537432192341149,-4,13,thymio-09
65,1788221821.0972729,1.2700340747833252,1.3949466943740845,1.067787028444994,86.788336231557,1.2700340747833252,0.1004778519272804,1.3949466943740845,0.3152188062667846,0.7255399227142334,0.557340145111084,-0.2521924078464508,5,1.0,1.0,1.0,1.0,0,0,0.0010150922125775,0.0562934800145007,-5,12,thymio-09
66,1788221821.7063313,1.2702913284301758,1.3974002599716189,1.0567611914961326,86.688336231557,1.2702913284301758,0.1006267219781875,1.3974002599716189,0.3257961869239807,0.7198938727378845,0.5532423853874207,-0.263690322637558,5,1.0,1.0,1.0,1.0,0,0,0.000522145805235,0.0586390602235044,-7,11,thymio-09
67,1788221822.313796,1.2702913284301758,1.3974002599716189,1.0567611914961326,86.58833623155701,1.2702913284301758,0.1006267219781875,1.3974002599716189,0.3257961869239807,0.7198938727378845,0.5532423853874207,-0.263690322637558,5,1.0,1.0,1.0,1.0,0,0,0.0005228522307352,0.0590530798921163,-7,11,thymio-09
68,1788221822.9227476,1.2709776163101196,1.398148536682129,2.1330194031674568,86.48833623155701,1.2709776163101196,0.1019631028175354,1.398148536682129,-0.4899452030658722,0.6435437798500061,-0.5816237330436707,-0.0867124125361442,5,1.0,1.0,1.0,1.0,0,0,0.0004921020687075,-0.1243023653641105,21,-17,thymio-09
69,1788221823.5304322,1.272165298461914,1.3985501527786257,2.1712112429485684,86.38833623155702,1.272165298461914,0.1015737354755401,1.3985501527786257,-0.503039538860321,0.6427167057991028,-0.5701314210891724,-0.0938975289463996,5,1.0,1.0,1.0,1.0,0,0,0.0003434963631571,-0.0900981491509449,15,-12,thymio-09
70,1788221824.138469,1.2721567153930664,1.398540496826172,2.1686994970017768,86.28833623155703,1.2721567153930664,0.1015835553407669,1.398540496826172,-0.5022327303886414,0.6423488259315491,-0.5714269876480103,-0.0928524062037468,5,1.0,1.0,1.0,1.0,0,0,0.0003446507803854,-0.0693386610288956,12,-9,thymio-09
71,1788221824.747807,1.270061731338501,1.3984737396240234,2.138332399465968,86.18833623155703,1.270061731338501,0.1013187319040298,1.3984737396240234,-0.4879354834556579,0.6449792981147766,-0.583603024482727,-0.0729951411485672,5,1.0,1.0,1.0,1.0,0,0,0.0003479098653146,-0.062845777732456,11,-8,thymio-09
72,1788221825.355982,1.2673166990280151,1.3978707790374756,2.082286456505392,86.08833623155704,1.2673166990280151,0.1018805354833602,1.3978707790374756,-0.4626524150371551,0.6482577323913574,-0.6024903655052185,-0.0521540865302085,5,1.0,1.0,1.0,1.0,0,0,0.0004768375233052,-0.054103733744007,10,-6,thymio-09
73,1788221825.9641297,1.2673166990280151,1.3978707790374756,2.082286456505392,85.98833623155704,1.2673166990280151,0.1018805354833602,1.3978707790374756,-0.4626524150371551,0.6482577323913574,-0.6024903655052185,-0.0521540865302085,5,1.0,1.0,1.0,1.0,0,0,0.000481173826553,-0.0558774835620076,10,-7,thymio-09
74,1788221826.5719702,1.2674225568771362,1.3972432613372805,1.063937560180947,85.88833623155705,1.2674225568771362,0.1017343699932098,1.3972432613372805,0.3013279438018799,0.7360938191413879,0.5628901124000549,-0.2247714847326278,5,1.0,1.0,1.0,1.0,0,0,0.0003855326667384,0.0986972027241707,-14,16,thymio-09
75,1788221827.1797583,1.2651551961898804,1.396446943283081,1.08542427349348,85.78833623155705,1.2651551961898804,0.1012680754065513,1.396446943283081,0.2817195653915405,0.7414669394493103,0.5739625692367554,-0.2035384774208068,5,1.0,1.0,1.0,1.0,0,0,0.0007516305457436,0.0786983309962495,-9,15,thymio-09
76,1788221827.7893217,1.2651143074035645,1.3965460062026978,1.084902536212602,85.68833623155706,1.2651143074035645,0.1012699827551841,1.3965460062026978,0.2821850180625915,0.741348922252655,0.5737261176109314,-0.203989952802658,5,1.0,1.0,1.0,1.0,0,0,0.0006456007579486,0.0468917709218879,-5,9,thymio-09
77,1788221828.3971603,1.2651143074035645,1.3965460062026978,1.084902536212602,85.58833623155707,1.2651143074035645,0.1012699827551841,1.3965460062026978,0.2821850180625915,0.741348922252655,0.5737261176109314,-0.203989952802658,5,1.0,1.0,1.0,1.0,0,0,0.0006839173511383,0.0538227058825484,-6,11,thymio-09
78,1788221829.0058486,1.2648195028305054,1.3958525657653809,1.0936623827726262,85.48833623155707,1.2648195028305054,0.1006011217832565,1.3958525657653809,0.2812298238277435,0.7389851808547974,0.5761018991470337,-0.2071648091077804,5,1.0,1.0,1.0,1.0,0,0,0.0008133140013073,0.0526648682854934,-5,11,thymio-09
79,1788221829.6138673,1.2656444311141968,1.3962441682815552,1.1266798750212563,85.38833623155708,1.2656444311141968,0.0995391979813575,1.3962441682815552,0.2842024266719818,0.7294935584068298,0.5767579078674316,-0.2332779169082641,5,1.0,1.0,1.0,1.0,0,0,0.0007501848734049,0.0494628310340889,-5,10,thymio-09
80,1788221830.2215693,1.2656444311141968,1.3962441682815552,1.1266798750212563,85.28833623155708,1.2656444311141968,0.0995391979813575,1.3962441682815552,0.2842024266719818,0.7294935584068298,0.5767579078674316,-0.2332779169082641,5,1.0,1.0,1.0,1.0,0,0,0.0007465332731636,0.049546769504186,-5,10,thymio-09
81,1788221830.8303013,1.2658697366714478,1.3976444005966189,1.0866097984423924,85.18833623155709,1.2658697366714478,0.100285567343235,1.3976444005966189,0.3004239797592163,0.730242908000946,0.5661460161209106,-0.2365786582231521,5,1.0,1.0,1.0,1.0,0,0,0.0004661532554945,0.0568247812215607,-7,10,thymio-09
82,1788221831.438832,1.2669074535369873,1.3991907835006714,1.069621159035119,85.0883362315571,1.2669074535369873,0.1004121154546737,1.3991907835006714,0.316991925239563,0.7235167622566223,0.5572210550308228,-0.2560163140296936,5,1.0,1.0,1.0,1.0,0,0,0.0001607436395473,0.060861525808932,-9,10,thymio-09
83,1788221832.047277,1.2676843404769895,1.4003534317016602,1.0620387487940164,84.9883362315571,1.2676843404769895,0.1003363206982612,1.4003534317016602,0.3274925053119659,0.7170425057411194,0.5530343651771545,-0.2697252035140991,5,1.0,1.0,1.0,1.0,0,0,0.0,0.0619627143475842,-9,9,thymio-09
84,1788221832.6546445,1.2684653997421265,1.4011725187301636,2.144113573971392,84.8883362315571,1.2684653997421265,0.1017041057348251,1.4011725187301636,0.4923336803913116,-0.643442690372467,0.5803865790367126,0.0821002498269081,5,1.0,1.0,1.0,1.0,0,0,0.0,-0.1236130076549702,19,-19,thymio-09
85,1788221833.262145,1.2682234048843384,1.4011224508285522,2.1397133697271773,84.78833623155711,1.2682234048843384,0.1021424308419227,1.4011224508285522,0.4940349757671356,-0.6426801681518555,0.5777878761291504,0.0951466783881187,5,1.0,1.0,1.0,1.0,0,0,0.0,-0.0833365637661633,13,-13,thymio-09
86,1788221833.87019,1.2682234048843384,1.4011224508285522,2.1397133697271773,84.68833623155712,1.2682234048843384,0.1021424308419227,1.4011224508285522,0.4940349757671356,-0.6426801681518555,0.5777878761291504,0.0951466783881187,5,1.0,1.0,1.0,1.0,0,0,0.0,-0.0638673541059491,10,-10,thymio-09
87,1788221834.4732084,10000.0,10000.0,0.0,84.68833623155712,1.2682234048843384,0.1021424308419227,1.4011224508285522,0.4940349757671356,-0.6426801681518555,0.5777878761291504,0.0951466783881187,5,1.0,1.0,-1.0,1.0,0,0,0.03,0.1026473224193847,91,122,thymio-09
88,1788221835.0772817,1.268545627593994,1.400901198387146,0.960328316409548,84.68833623155712,1.268545627593994,0.1033993661403656,1.400901198387146,-0.3487911522388458,-0.7266048192977905,-0.5380743145942688,0.2467110157012939,5,1.0,1.0,1.0,1.0,0,0,0.0,-0.2555873276741042,39,-39,thymio-09
89,1788221835.6851983,1.2523221969604492,1.418185114860535,2.0870536781973943,84.57461813736718,1.2523221969604492,0.1020195186138153,1.418185114860535,0.4657222926616668,-0.64703768491745,0.6011404395103455,0.0554553307592868,5,1.0,1.0,1.0,1.0,0,0,0.0,-0.08381772827172,13,-13,thymio-09
90,1788221836.2930307,1.2523221969604492,1.418185114860535,2.0870536781973943,84.47461813736719,1.2523221969604492,0.1020195186138153,1.418185114860535,0.4657222926616668,-0.64703768491745,0.6011404395103455,0.0554553307592868,5,1.0,1.0,1.0,1.0,0,0,0.0,-0.0460585961092248,7,-7,thymio-09
91,1788221836.9018588,1.2499991655349731,1.4164804220199585,1.0841332949008995,84.3746181373672,1.2499991655349731,0.1015789285302162,1.4164804220199585,-0.2793303430080414,-0.7430129647254944,-0.5748723149299622,0.1985653787851333,5,1.0,1.0,1.0,1.0,0,0,0.0,0.0836137557606949,-13,13,thymio-09
92,1788221837.509696,1.2499018907546997,1.4164127111434937,1.0862315720925206,84.2746181373672,1.2499018907546997,0.1015127673745155,1.4164127111434937,-0.27780482172966,-0.7434903979301453,-0.5753132700920105,0.19763945043087,5,1.0,1.0,1.0,1.0,0,0,0.0,0.0677983489306429,-10,10,thymio-09
93,1788221838.1172493,1.2489875555038452,1.4160921573638916,1.091005094611618,84.1746181373672,1.2489875555038452,0.101420097053051,1.4160921573638916,-0.2699892520904541,-0.7453407645225525,-0.580284833908081,0.186661496758461,5,1.0,1.0,1.0,1.0,0,0,0.0,0.0456590256099787,-7,7,thymio-09
94,1788221838.725759,1.2489875555038452,1.4160921573638916,1.091005094611618,84.07461813736721,1.2489875555038452,0.101420097053051,1.4160921573638916,-0.2699892520904541,-0.7453407645225525,-0.580284833908081,0.186661496758461,5,1.0,1.0,1.0,1.0,0,0,0.0,0.0511365447080715,-8,8,thymio-09
95,1788221839.3334796,1.249699950218201,1.4161604642868042,1.085774633657575,83.97461813736722,1.249699950218201,0.1015406772494316,1.4161604642868042,-0.2760272920131683,-0.7439494132995605,-0.5769420862197876,0.1936132460832595,5,1.0,1.0,1.0,1.0,0,0,0.0,0.0536890466785576,-8,8,thymio-09
96,1788221839.9417992,1.2513715028762815,1.416939377784729,1.0525429104604376,83.87461813736722,1.2513715028762815,0.1024717912077903,1.416939377784729,-0.2952190339565277,-0.7420037388801575,-0.565911591053009,0.2049886435270309,5,1.0,1.0,1.0,1.0,0,0,0.0,0.0613462048603578,-9,9,thymio-09
97,1788221840.5494895,1.2518417835235596,1.4177651405334473,1.0668598180543016,83.77461813736723,1.2518417835235596,0.1015639156103134,1.4177651405334473,-0.3017060160636902,-0.7344380617141724,-0.5642634630203247,0.226232036948204,5,1.0,1.0,1.0,1.0,0,0,0.0,0.0619261709785018,-9,9,thymio-09
98,1788221841.1575289,1.252220630645752,1.4179627895355225,1.0850928985626591,83.67461813736723,1.252220630645752,0.1002409160137176,1.4179627895355225,-0.3069702982902527,-0.7268263101577759,-0.5621209144592285,0.2480178028345108,5,1.0,1.0,1.0,1.0,0,0,0.0,0.0594423459702106,-9,9,thymio-09
99,1788221841.765897,1.252220630645752,1.4179627895355225,1.0850928985626591,83.57461813736724,1.252220630645752,0.1002409160137176,1.4179627895355225,-0.3069702982902527,-0.7268263101577759,-0.5621209144592285,0.2480178028345108,5,1.0,1.0,1.0,1.0,0,0,0.0,0.060352468210736,-9,9,thymio-09
100,1788221842.3737593,1.2533814907073977,1.4167852401733398,2.176383315777658,83.47461813736724,1.2533814907073977,0.0986958220601081,1.4167852401733398,0.4851621091365814,-0.6531092524528503,0.5808857679367065,0.0252548158168792,5,1.0,1.0,1.0,1.0,0,0,0.0,-0.1264151075204321,19,-19,thymio-09
101,1788221842.9823563,1.2544493675231934,1.4196239709854126,1.056456130439388,83.37461813736725,1.2544493675231934,0.1004154980182647,1.4196239709854126,-0.3318609595298767,-0.715719997882843,-0.5487688183784485,0.2765249609947204,5,1.0,0.9023241776015184,1.0,1.0,0,0,0.0,0.2613482395297121,-39,39,thymio-09
102,1788221843.5900714,1.2544493675231934,1.4196239709854126,1.056456130439388,83.27461813736726,1.2544493675231934,0.1004154980182647,1.4196239709854126,-0.3318609595298767,-0.715719997882843,-0.5487688183784485,0.2765249609947204,5,1.0,0.9023241776015184,1.0,1.0,0,0,0.0,0.0724990654371108,-11,11,thymio-09
103,1788221844.1973238,1.254985809326172,1.4191644191741943,2.179271177742275,83.17461813736726,1.254985809326172,0.1003846377134323,1.4191644191741943,0.5011946558952332,-0.6436511874198914,0.5736324191093445,0.0739122405648231,5,1.0,1.0,1.0,0.7729377219385065,0,0,0.0,-0.2833036637923445,43,-43,thymio-09
104,1788221844.8048844,1.2576748132705688,1.4210307598114014,2.227371252704515,83.07461813736727,1.2576748132705688,0.1011649966239929,1.4210307598114014,0.5221962332725525,-0.6401219367980957,0.5525524616241455,0.1106381639838218,5,1.0,1.0,1.0,0.6681593717127998,0,0,0.0,-0.1599752187566366,24,-24,thymio-09
105,1788221845.4135346,1.2568267583847046,1.4203438758850098,2.1415967241836444,82.97461813736727,1.2568267583847046,0.1030678004026413,1.4203438758850098,0.49858358502388,-0.6387682557106018,0.5757476091384888,0.1091067120432853,5,1.0,1.0,1.0,0.6211780967993459,0,0,0.0,-0.1324990955453226,20,-20,thymio-09
106,1788221846.0215728,1.2511249780654907,1.4174864292144775,1.0893578513330722,82.87461813736728,1.2511249780654907,0.100460335612297,1.4174864292144775,-0.2958360612392425,-0.7324120998382568,-0.568327009677887,0.2303431779146194,5,1.0,0.5506200164075903,1.0,1.0,0,0,0.0,0.1680967937203878,-25,25,thymio-09
107,1788221846.6292791,1.2511284351348877,1.4180465936660769,1.0144254686860703,82.77461813736728,1.2511284351348877,0.1031869202852249,1.4180465936660769,-0.3098804056644439,-0.7405809164047241,-0.5608178973197937,0.2024779915809631,5,1.0,0.5245696763734098,1.0,1.0,0,0,0.0,0.1043304089902873,-16,16,thymio-09
108,1788221847.2369118,1.2511284351348877,1.4180465936660769,1.0144254686860703,82.67461813736729,1.2511284351348877,0.1031869202852249,1.4180465936660769,-0.3098804056644439,-0.7405809164047241,-0.5608178973197937,0.2024779915809631,5,1.0,0.5245696763734098,1.0,1.0,0,0,0.0,0.0550759998239169,-8,8,thymio-09
109,1788221847.8449116,1.2512011528015137,1.4174370765686035,1.089957955969405,82.5746181373673,1.2512011528015137,0.1003975719213485,1.4174370765686035,-0.2970785200595855,-0.7310923933982849,-0.5686206221580505,0.2322045862674713,5,1.0,0.5369091927230856,1.0,1.0,0,0,0.0,0.0329463367164594,-5,5,thymio-09
110,1788221848.4530988,1.252472758293152,1.4182450771331787,1.078148207500302,82.4746181373673,1.252472758293152,0.1003369987010955,1.4182450771331787,-0.3102734982967376,-0.7266502380371094,-0.559553325176239,0.250219851732254,5,1.0,0.5551058787170273,1.0,1.0,0,0,0.0,0.0438662104569165,-7,7,thymio-09
111,1788221849.061058,1.2529182434082031,1.4185853004455566,1.0707835228136382,82.3746181373673,1.2529182434082031,0.1003381609916687,1.4185853004455566,-0.3170462846755981,-0.7234225273132324,-0.5566966533660889,0.2573528885841369,5,1.0,0.5652790025490126,1.0,1.0,0,0,0.0,0.0521962957060128,-8,8,thymio-09
112,1788221849.6687758,1.2529182434082031,1.4185853004455566,1.0707835228136382,82.27461813736731,1.2529182434082031,0.1003381609916687,1.4185853004455566,-0.3170462846755981,-0.7234225273132324,-0.5566966533660889,0.2573528885841369,5,1.0,0.5652790025490126,1.0,1.0,0,0,0.0,0.0542624867630471,-8,8,thymio-09
113,1788221850.2767467,1.253448486328125,1.4195815324783323,2.120515966894468,82.17461813736732,1.253448486328125,0.1014901474118232,1.4195815324783323,-0.4807970523834228,0.6458551287651062,-0.5891121029853821,-0.068208709359169,5,1.0,1.0,1.0,0.5478941302642979,0,0,0.0,-0.2530114708531261,38,-38,thymio-09
114,1788221850.8852026,1.254646897315979,1.419264316558838,2.1679579796901534,82.07461813736732,1.254646897315979,0.100591592490673,1.419264316558838,-0.4969252347946167,0.643818736076355,-0.5775793194770813,-0.0704629868268966,5,1.0,1.0,1.0,0.5335382849220867,0,0,0.0,-0.1802969269968984,27,-27,thymio-09
115,1788221851.4931965,1.2550082206726074,1.419458508491516,2.173270258088184,81.97461813736733,1.2550082206726074,0.1006424948573112,1.419458508491516,-0.4998199045658111,0.6430124044418335,-0.5753941535949707,-0.0750782713294029,5,1.0,1.0,1.0,0.532309465445411,0,0,0.0,-0.147980005631093,22,-22,thymio-09
116,1788221852.1018193,1.2505031824111938,1.4186915159225464,2.050532802931331,81.87461813736734,1.2505031824111938,0.1023883521556854,1.4186915159225464,0.4507269859313965,-0.6476662755012512,0.6123454570770264,0.0490580759942531,5,1.0,1.0,1.0,0.5460424830683028,0,0,0.0,-0.1239427504072055,19,-19,thymio-09
117,1788221852.7098732,1.2478139400482178,1.415821194648743,1.0693718285663918,81.77461813736734,1.2478139400482178,0.1024777144193649,1.415821194648743,-0.2632745504379272,-0.7526901960372925,-0.5819599628448486,0.1595825999975204,5,1.0,0.5952526581391282,1.0,1.0,0,0,-0.0,0.2444774975714908,-37,37,thymio-09
118,1788221853.3175445,1.2472522258758545,1.4143675565719604,1.0923624120327506,81.67461813736735,1.2472522258758545,0.1016888692975044,1.4143675565719604,0.2479011267423629,0.7537495493888855,0.5896100997924805,-0.1508859694004058,5,1.0,0.618167994047695,1.0,-0.9718557065039116,0,0,0.0,-0.3014200044314211,46,-46,thymio-09
119,1788221853.9250703,1.2472522258758545,1.4143675565719604,1.0923624120327506,81.57461813736735,1.2472522258758545,0.1016888692975044,1.4143675565719604,0.2479011267423629,0.7537495493888855,0.5896100997924805,-0.1508859694004058,5,1.0,0.618167994047695,1.0,-0.9718557065039116,0,0,0.0,-0.1106420413118687,17,-17,thymio-09
120,1788221854.532955,1.2465873956680298,1.4154913425445557,1.1021112775719557,81.47461813736736,1.2465873956680298,0.1013224944472312,1.4154913425445557,-0.2470621764659881,-0.7533484697341919,-0.5886660814285278,0.1577930450439453,5,1.0,0.6383423565347084,1.0,1.0,0,0,0.0,-0.1773566915103891,27,-27,thymio-09
121,1788221855.1404114,1.2433512210845947,1.4116156101226809,1.1050815236272236,81.37461813736736,1.2433512210845947,0.1021588519215583,1.4116156101226809,-0.2020123302936554,-0.764686107635498,-0.6053099036216736,0.0897000133991241,5,1.0,0.7179095811660545,1.0,-0.9735698268449589,0,0,0.0,-0.2210344753823668,33,-33,thymio-09
122,1788221855.7496483,1.240541934967041,1.4076809883117676,1.1361560153879324,81.27461813736737,1.240541934967041,0.1012109443545341,1.4076809883117676,-0.1461290121078491,-0.7741106748580933,-0.6148567199707031,0.0367477945983409,5,1.0,0.758415541631033,1.0,-0.9779122684480924,0,0,0.0,-0.058228612470577,9,-9,thymio-09
123,1788221856.3575923,1.238261342048645,1.4039376974105835,1.1256896028951695,81.17461813736737,1.238261342048645,0.1022068858146667,1.4039376974105835,-0.1118928045034408,-0.7721155285835266,-0.6252931952476501,-0.0180615484714508,5,1.0,0.7656305887619355,1.0,1.0,0,0,0.0,-0.1700178429896258,26,-26,thymio-09
124,1788221856.965934,1.2362898588180542,1.3991107940673828,1.179706018922408,81.07461813736738,1.2362898588180542,0.1001935824751854,1.3991107940673828,-0.0516152754426002,-0.7700881361961365,-0.6338459253311157,-0.0503934808075428,5,1.0,0.761370967181294,1.0,1.0,0,0,0.0001606365878975,0.033776347785655,-5,6,thymio-09
125,1788221857.5743666,1.2362898588180542,1.3991107940673828,1.179706018922408,80.97461813736739,1.2362898588180542,0.1001935824751854,1.3991107940673828,-0.0516152754426002,-0.7700881361961365,-0.6338459253311157,-0.0503934808075428,5,1.0,0.761370967181294,1.0,1.0,0,0,0.0001657021124629,0.0647032442356105,-9,10,thymio-09
126,1788221858.1817217,1.2351897954940796,1.398481369018555,1.1607476587871297,80.87461813736739,1.2351897954940796,0.0999951958656311,1.398481369018555,-0.041614644229412,-0.7677587866783142,-0.6347203254699707,-0.0771027505397796,5,1.0,0.736526858797284,1.0,1.0,0,0,0.0002710920651082,0.0533652448211572,-7,9,thymio-09
127,1788221858.7893388,1.2351837158203125,1.3985048532485962,1.1603655748145405,80.7746181373674,1.2351837158203125,0.1000102013349533,1.3985048532485962,-0.0425379686057567,-0.7684825658798218,-0.6338731646537781,-0.076353333890438,5,1.0,0.7118130956218172,1.0,1.0,0,0,0.0002796605573814,0.0244701244223314,-3,5,thymio-09
128,1788221859.3980372,1.2357004880905151,1.3989768028259275,1.2152598768985543,80.6746181373674,1.2357004880905151,0.0984430164098739,1.3989768028259275,-0.0260559804737567,-0.7683188319206238,-0.6373108625411987,-0.0533131398260593,5,1.0,0.7096410285315464,1.0,1.0,0,0,0.0001995422446532,-0.000307389922963,1,1,thymio-09
129,1788221860.006127,1.2356319427490234,1.3975039720535278,1.131840740625487,80.57461813736741,1.2356319427490234,0.1018035188317298,1.3975039720535278,-0.0523848868906497,-0.7629227042198181,-0.6385552287101746,-0.086325354874134,5,1.0,0.707765344741218,1.0,1.0,0,0,0.000410039939005,0.0412765760337945,-5,8,thymio-09
130,1788221860.6143248,1.2356319427490234,1.3975039720535278,1.131840740625487,80.47461813736741,1.2356319427490234,0.1018035188317298,1.3975039720535278,-0.0523848868906497,-0.7629227042198181,-0.6385552287101746,-0.086325354874134,5,1.0,0.707765344741218,1.0,1.0,0,0,0.0004644357920394,0.0475795141468829,-6,9,thymio-09
131,1788221861.2219143,1.2359527349472046,1.399398922920227,1.0719894439553377,80.37461813736742,1.2359527349472046,0.1046409830451011,1.399398922920227,-0.091620035469532,-0.7670537829399109,-0.6291400194168091,-0.0861229225993156,5,1.0,0.7035466139698519,1.0,1.0,0,0,9.999782032972757e-05,0.0642183182640706,-9,10,thymio-09
132,1788221861.82964,1.235875368118286,1.3988744020462036,1.1779558492846889,80.27461813736743,1.235875368118286,0.100197747349739,1.3988744020462036,-0.0543477647006511,-0.769939124584198,-0.6339500546455383,-0.0484511815011501,5,1.0,0.6969874120773478,1.0,1.0,0,0,0.0002390274478174,0.0127030036464547,-1,3,thymio-09
133,1788221862.437349,1.235944390296936,1.3995354175567627,1.1547268913467263,80.17461813736743,1.235944390296936,0.1008619666099548,1.3995354175567627,-0.0702722668647766,-0.7686276435852051,-0.6340612173080444,-0.0473262332379817,5,1.0,0.6884202969255999,1.0,1.0,0,0,8.276344883121505e-05,0.0231655934961418,-3,4,thymio-09
134,1788221863.045339,1.2359272241592407,1.399535059928894,1.154516286515003,80.07461813736744,1.2359272241592407,0.1008385643362999,1.399535059928894,-0.0703590884804725,-0.7684816122055054,-0.6342238783836365,-0.0473885983228683,5,1.0,0.6755582944808383,1.0,1.0,0,0,9.11415268684278e-05,0.0262788577447852,-4,4,thymio-09
135,1788221863.652946,1.2359272241592407,1.399535059928894,1.154516286515003,79.97461813736744,1.2359272241592407,0.1008385643362999,1.399535059928894,-0.0703590884804725,-0.7684816122055054,-0.6342238783836365,-0.0473885983228683,5,1.0,0.6755582944808383,1.0,1.0,0,0,8.68458164168233e-05,0.0282750055499077,-4,5,thymio-09
136,1788221864.2608478,1.2359724044799805,1.3998249769210815,1.15290178223262,79.87461813736745,1.2359724044799805,0.101004846394062,1.3998249769210815,-0.0785989537835121,-0.7708829045295715,-0.6309371590614319,-0.0384721495211124,5,1.0,0.6582639251154476,1.0,1.0,0,0,3.4081461743339745e-05,0.0230458400057013,-3,4,thymio-09
137,1788221864.868117,1.2359724044799805,1.3998249769210815,1.15290178223262,79.77461813736745,1.2359724044799805,0.101004846394062,1.3998249769210815,-0.0785989537835121,-0.7708829045295715,-0.6309371590614319,-0.0384721495211124,5,1.0,0.6582639251154476,1.0,1.0,0,0,3.303359172572803e-05,0.0262547922910219,-4,4,thymio-09
138,1788221865.471688,10000.0,10000.0,0.0,79.77461813736745,1.2359724044799805,0.101004846394062,1.3998249769210815,-0.0785989537835121,-0.7708829045295715,-0.6309371590614319,-0.0384721495211124,5,1.0,1.0,-1.0,1.0,0,0,0.03,-0.0745344524694919,118,95,thymio-09
139,1788221866.0745058,10000.0,10000.0,0.0,79.77461813736745,1.2359724044799805,0.101004846394062,1.3998249769210815,-0.0785989537835121,-0.7708829045295715,-0.6309371590614319,-0.0384721495211124,5,1.0,1.0,-1.0,1.0,0,0,0.03,0.0771016462958894,95,118,thymio-09
140,1788221866.6777291,10000.0,10000.0,0.0,79.77461813736745,1.2359724044799805,0.101004846394062,1.3998249769210815,-0.0785989537835121,-0.7708829045295715,-0.6309371590614319,-0.0384721495211124,5,1.0,1.0,-1.0,1.0,0,0,0.03,0.4843563320477163,33,180,thymio-09
141,1788221867.281457,10000.0,10000.0,0.0,79.77461813736745,1.2359724044799805,0.101004846394062,1.3998249769210815,-0.0785989537835121,-0.7708829045295715,-0.6309371590614319,-0.0384721495211124,5,1.0,1.0,-1.0,1.0,0,0,0.03,0.5696974353320396,21,193,thymio-09
142,1788221867.884976,10000.0,10000.0,0.0,79.77461813736745,1.2359724044799805,0.101004846394062,1.3998249769210815,-0.0785989537835121,-0.7708829045295715,-0.6309371590614319,-0.0384721495211124,5,1.0,1.0,-1.0,1.0,0,0,0.03,0.5851199270388421,18,195,thymio-09
143,1788221868.48856,10000.0,10000.0,0.0,79.77461813736745,1.2359724044799805,0.101004846394062,1.3998249769210815,-0.0785989537835121,-0.7708829045295715,-0.6309371590614319,-0.0384721495211124,5,1.0,1.0,-1.0,1.0,0,0,0.03,0.5754249872587615,20,193,thymio-09
144,1788221869.0917418,1.2353488206863403,1.4011932611465454,1.1443115147015206,79.77461813736745,1.2353488206863403,0.1007633134722709,1.4011932611465454,-0.091111421585083,-0.7693501114845276,-0.6315919160842896,-0.0298468824476003,5,1.0,0.6802175910037931,1.0,1.0,0,0,0.0,0.2585497539165763,-39,39,thymio-09
145,1788221869.699515,1.1716139316558838,1.4771381616592407,2.3736798330270057,79.31512029786262,1.1716139316558838,0.1025542169809341,1.4771381616592407,0.5648009777069092,-0.6248170733451843,0.5134477615356445,0.1642405539751052,5,1.0,-0.97414588219004,1.0,-0.9424188254104948,0,0,0.0,-0.5494025316809644,83,-83,thymio-09
146,1788221870.307232,1.1716139316558838,1.4771381616592407,2.3736798330270057,79.21512029786263,1.1716139316558838,0.1025542169809341,1.4771381616592407,0.5648009777069092,-0.6248170733451843,0.5134477615356445,0.1642405539751052,5,1.0,-0.97414588219004,1.0,-0.9424188254104948,0,0,0.0,-0.1487046193143038,22,-22,thymio-09
147,1788221870.9103355,10000.0,10000.0,0.0,79.21512029786263,1.1716139316558838,0.1025542169809341,1.4771381616592407,0.5648009777069092,-0.6248170733451843,0.5134477615356445,0.1642405539751052,5,1.0,1.0,-1.0,1.0,0,0,0.03,-0.2519331614185233,145,69,thymio-09
148,1788221871.5138938,10000.0,10000.0,0.0,79.21512029786263,1.1716139316558838,0.1025542169809341,1.4771381616592407,0.5648009777069092,-0.6248170733451843,0.5134477615356445,0.1642405539751052,5,1.0,1.0,-1.0,1.0,0,0,0.03,0.0631871884596072,97,116,thymio-09
149,1788221872.1177208,10000.0,10000.0,0.0,79.21512029786263,1.1716139316558838,0.1025542169809341,1.4771381616592407,0.5648009777069092,-0.6248170733451843,0.5134477615356445,0.1642405539751052,5,1.0,1.0,-1.0,1.0,0,0,0.03,0.4208044714550642,43,170,thymio-09
150,1788221872.720935,10000.0,10000.0,0.0,79.21512029786263,1.1716139316558838,0.1025542169809341,1.4771381616592407,0.5648009777069092,-0.6248170733451843,0.5134477615356445,0.1642405539751052,5,1.0,1.0,-1.0,1.0,0,0,0.03,0.5601428338411663,22,191,thymio-09
151,1788221873.3246448,1.1703749895095823,1.4779523611068726,2.2937904470646027,79.21512029786263,1.1703749895095823,0.1031988635659217,1.4779523611068726,0.543328583240509,-0.6348763704299927,0.5303741693496704,0.1429312825202942,5,1.0,1.0,1.0,0.676483048404569,0,0,0.0,-0.0768674879133787,12,-12,thymio-09
152,1788221873.9332786,1.1292922496795654,1.5448269844055176,0.8176386675793985,78.93289348809637,1.1292922496795654,0.1033773273229599,1.5448269844055176,-0.4262959361076355,-0.6568788290023804,-0.4814980030059814,0.39362633228302,5,1.0,0.6429505215661053,1.0,1.0,0,0,0.0,0.0210805039197787,-3,3,thymio-09
153,1788221874.5414865,1.1292922496795654,1.5448269844055176,0.8176386675793985,78.83289348809637,1.1292922496795654,0.1033773273229599,1.5448269844055176,-0.4262959361076355,-0.6568788290023804,-0.4814980030059814,0.39362633228302,5,1.0,0.6429505215661053,1.0,1.0,0,0,0.0,-0.0772559847364254,12,-12,thymio-09
154,1788221875.1498115,1.1285665035247805,1.5455349683761597,0.8248934481871286,78.73289348809638,1.1285665035247805,0.1035652086138725,1.5455349683761597,-0.4238982498645782,-0.6605225801467896,-0.4833794236183166,0.3877687156200409,5,1.0,0.5545613058472183,1.0,1.0,0,0,0.0,0.0551116567857184,-8,8,thymio-09
155,1788221875.757851,1.1274302005767822,1.5466642379760742,0.8608017161582397,78.63289348809639,1.1274302005767822,0.1033900827169418,1.5466642379760742,-0.4168308079242706,-0.6643315553665161,-0.4896740615367889,0.3809660077095032,5,1.0,0.508828868659684,1.0,1.0,0,0,0.0,0.0625722299515387,-9,9,thymio-09
156,1788221876.3659666,1.1274495124816897,1.546597242355347,0.8593706159090297,78.53289348809639,1.1274495124816897,0.1034025773406028,1.546597242355347,-0.4170022010803222,-0.6644495725631714,-0.4894805252552032,0.3808214068412781,5,1.0,0.4891150252433518,1.0,1.0,0,0,0.0,0.0858467093380217,-13,13,thymio-09
157,1788221876.97383,1.1275705099105835,1.5466662645339966,0.8520945675463998,78.4328934880964,1.1275705099105835,0.1033947691321373,1.5466662645339966,-0.4186835289001465,-0.6633145809173584,-0.4882644414901733,0.3825124204158783,5,1.0,0.4145203667383221,1.0,1.0,0,0,0.0,0.1163811934477538,-18,18,thymio-09
158,1788221877.5822935,1.1275705099105835,1.5466662645339966,0.8520945675463998,78.3328934880964,1.1275705099105835,0.1033947691321373,1.5466662645339966,-0.4186835289001465,-0.6633145809173584,-0.4882644414901733,0.3825124204158783,5,1.0,0.4145203667383221,1.0,1.0,0,0,0.0,0.1428245972681913,-22,22,thymio-09
159,1788221878.1902134,1.1299456357955933,1.5471960306167605,0.7641533663382409,78.23289348809641,1.1299456357955933,0.1032983437180519,1.5471960306167605,-0.4356289803981781,-0.6487711071968079,-0.4720684289932251,0.4080131947994232,5,1.0,0.4127554953058594,1.0,1.0,1570,0,0.0,0.2182787286334808,-33,33,thymio-09
160,1788221878.7979703,1.134458065032959,1.5471898317337036,0.4687079772352764,78.13289348809641,1.134458065032959,0.1031825169920921,1.5471898317337036,-0.4667308926582336,-0.6189731359481812,-0.4412126839160919,0.4520686268806457,5,1.0,0.429944591825643,1.0,1.0,1646,0,-0.0,0.463789245090774,-70,70,thymio-09
161,1788221879.4059725,1.1417765617370603,1.5458718538284302,-0.514112814826043,78.03289348809642,1.1417765617370603,0.1034764945507049,1.5458718538284302,-0.5097188949584961,-0.5703818202018738,-0.3868331015110016,0.5149869322776794,5,1.0,1.0,0.4208942108730378,1.0,1767,0,0.0,-0.0147644106712218,2,-2,thymio-09
162,1788221880.0137117,1.1482048034667969,1.542047381401062,-1.222821112018282,77.93289348809643,1.1482048034667969,0.1027997881174087,1.542047381401062,-0.5631877183914185,-0.5012784004211426,-0.3269557356834411,0.5697715282440186,5,1.0,1.0,0.4176510679031326,1.0,1773,0,0.0,0.4166492492899133,-63,63,thymio-09
163,1788221880.62151,1.1521210670471191,1.5402162075042725,-1.4058275108003682,77.83289348809643,1.1521210670471191,0.1024449169635772,1.5402162075042725,-0.5793530344963074,-0.4590671360492706,-0.2899123430252075,0.6079131364822388,5,0.4305127578256675,1.0,1.0,1.0,0,0,-0.0,0.4484227406511597,-68,68,thymio-09
164,1788221881.2295475,1.1552754640579224,1.537567377090454,-1.4958575541769037,77.73289348809644,1.1552754640579224,0.1022666618227958,1.537567377090454,-0.5943843126296997,-0.4188153147697449,-0.2543571293354034,0.6376546621322632,5,0.4357127950235153,1.0,1.0,1.0,0,0,0.0,0.4794476366548465,-72,72,thymio-09
165,1788221881.8373704,1.1552754640579224,1.537567377090454,-1.4958575541769037,77.63289348809644,1.1552754640579224,0.1022666618227958,1.537567377090454,-0.5943843126296997,-0.4188153147697449,-0.2543571293354034,0.6376546621322632,5,0.4357127950235153,1.0,1.0,1.0,0,0,-0.0,0.5731629602517202,-87,87,thymio-09
166,1788221882.446128,1.1632850170135498,1.5252004861831665,-1.6092458590141023,77.53289348809645,1.1632850170135498,0.101550742983818,1.5252004861831665,-0.6333463191986084,-0.2703005075454712,-0.1168807074427604,0.7156458497047424,5,0.4666114959650866,1.0,0.9919237059462116,1.0,0,0,0.0,0.6203676677545612,-94,94,thymio-09
167,1788221883.0538774,1.1627380847930908,1.5013484954833984,-1.655040069083257,77.43289348809645,1.1627380847930908,0.1016035228967666,1.5013484954833984,-0.6257961392402649,0.0017184346215799,0.1054012477397918,0.7728303670883179,5,0.5176088103982699,1.0,0.88298757310684,1.0,0,0,0.0,0.5843367647692554,-88,88,thymio-09
168,1788221883.661435,1.1577881574630735,1.4906609058380127,-1.7486178728118664,77.33289348809646,1.1577881574630735,0.1046728789806366,1.4906609058380127,-0.5583820343017578,0.1576179265975952,0.1492269337177276,0.8006856441497803,5,0.5028676265639842,1.0,0.8372108408350525,1.0,0,0,0.0,0.5783500117815145,-87,87,thymio-09
169,1788221884.2693424,1.1577881574630735,1.4906609058380127,-1.7486178728118664,77.23289348809647,1.1577881574630735,0.1046728789806366,1.4906609058380127,-0.5583820343017578,0.1576179265975952,0.1492269337177276,0.8006856441497803,5,0.5028676265639842,1.0,0.8372108408350525,1.0,0,0,0.0,0.5663830544049802,-86,86,thymio-09
170,1788221884.878236,1.1438409090042114,1.4843186140060425,-2.7033808337442693,77.13289348809647,1.1438409090042114,0.1011447980999946,1.4843186140060425,-0.5765621662139893,-0.0519068501889705,0.5069888234138489,-0.6386268138885498,5,0.5294997135139115,1.0,1.0,1.0,0,0,0.0,0.5407268644871341,-82,82,thymio-09
171,1788221885.4867997,1.1252031326293943,1.4820140600204468,-0.8918713307993289,77.02255651736596,1.1252031326293943,0.1020727232098579,1.4820140600204468,0.4274141192436218,-0.4703695476055145,-0.4634183943271637,-0.6175054311752319,5,1.0,1.0,0.6019557541681391,1.0,0,1854,0.0,0.5912354457463636,-89,89,thymio-09
172,1788221886.0947046,1.1252031326293943,1.4820140600204468,-0.8918713307993289,76.92255651736596,1.1252031326293943,0.1020727232098579,1.4820140600204468,0.4274141192436218,-0.4703695476055145,-0.4634183943271637,-0.6175054311752319,5,1.0,1.0,0.6019557541681391,1.0,0,0,0.0,0.5790509552174933,-87,87,thymio-09
173,1788221886.702681,1.114262938499451,1.485678791999817,0.6428444265553779,76.82255651736597,1.114262938499451,0.1037443354725837,1.485678791999817,0.3358490169048309,-0.5696658492088318,-0.5353243947029114,-0.5254656672477722,5,1.0,0.5575443133292031,1.0,1.0,0,0,0.0,0.3774421579263465,-57,57,thymio-09
174,1788221887.3103063,1.1015214920043943,1.4974969625473022,1.064929310708118,76.72255651736597,1.1015214920043943,0.1035384312272071,1.4974969625473022,0.1941636502742767,-0.684057891368866,-0.6003715991973877,-0.3659497499465942,5,1.0,0.605866207560533,1.0,1.0,0,0,0.0,0.0518415652790291,-8,8,thymio-09
175,1788221887.9187448,1.0955915451049805,1.510283589363098,1.1017506386161309,76.62255651736598,1.0955915451049805,0.1047679036855697,1.510283589363098,0.0500077009201049,-0.7415971159934998,-0.6320920586585999,-0.2190721184015274,5,1.0,0.526386588969054,1.0,-0.9767579227538142,0,0,0.0,-0.5298589591207744,80,-80,thymio-09
176,1788221888.5266464,1.0955915451049805,1.510283589363098,1.1017506386161309,76.52255651736598,1.0955915451049805,0.1047679036855697,1.510283589363098,0.0500077009201049,-0.7415971159934998,-0.6320920586585999,-0.2190721184015274,5,1.0,0.526386588969054,1.0,-0.9767579227538142,0,0,0.0,-0.149450839819734,23,-23,thymio-09
177,1788221889.1347384,1.097480297088623,1.504284381866455,1.1178379943733194,76.42255651736599,1.097480297088623,0.1035982072353363,1.504284381866455,0.1315806806087494,-0.7211119532585144,-0.615575909614563,-0.289396733045578,5,1.0,0.4661504170522319,1.0,-0.9846588800956751,0,0,0.0,-0.0989263272631554,15,-15,thymio-09
178,1788221889.743264,1.0991913080215454,1.5002261400222778,1.1016767931584075,76.322556517366,1.0991913080215454,0.103488877415657,1.5002261400222778,0.1708325296640396,-0.7001438140869141,-0.6096176505088806,-0.3301231265068054,5,1.0,0.4566579037047928,1.0,-0.9885390808295368,0,0,0.0,-0.0565795313270705,9,-9,thymio-09
179,1788221890.3511543,1.099886775016785,1.4990200996398926,1.0933235496984164,76.222556517366,1.099886775016785,0.1032521575689315,1.4990200996398926,0.1875492632389068,-0.6927372217178345,-0.6025843024253845,-0.3490452468395233,5,1.0,0.460788141201832,1.0,1.0,0,0,0.0,-0.1981410865951977,30,-30,thymio-09
180,1788221890.9592063,1.102330207824707,1.4952877759933472,1.053575044456892,76.12255651736601,1.102330207824707,0.1031647846102714,1.4952877759933472,0.228265032172203,-0.6677986979484558,-0.5870219469070435,-0.3966676890850067,5,1.0,0.4755942360319385,1.0,1.0,0,0,0.0,0.0096442242167719,-1,1,thymio-09
181,1788221891.5665286,1.10456383228302,1.4931323528289795,1.0142342590400633,76.02255651736601,1.10456383228302,0.103050909936428,1.4931323528289795,0.2531442940235138,-0.6492089629173279,-0.5772403478622437,-0.4257221519947052,5,1.0,0.4062223494244215,1.0,1.0,0,0,0.0,0.0775747778729581,-12,12,thymio-09
182,1788221892.1749094,1.10456383228302,1.4931323528289795,1.0142342590400633,75.92255651736602,1.10456383228302,0.103050909936428,1.4931323528289795,0.2531442940235138,-0.6492089629173279,-0.5772403478622437,-0.4257221519947052,5,1.0,0.4062223494244215,1.0,1.0,0,0,0.0,0.0817933115529334,-12,12,thymio-09
183,1788221892.7833426,1.1045687198638916,1.4931426048278809,1.0136232183654883,75.82255651736602,1.1045687198638916,0.1030723080039024,1.4931426048278809,0.2530535459518432,-0.649043619632721,-0.5774804949760437,-0.4257024526596069,5,1.0,0.3568429742263139,1.0,1.0,0,0,0.0,0.0538418239628107,-8,8,thymio-09
184,1788221893.3913517,1.1045074462890625,1.4932191371917725,1.0161066817938114,75.72255651736603,1.1045074462890625,0.1030678376555442,1.4932191371917725,0.2514794766902923,-0.6500963568687439,-0.5783446431159973,-0.423851877450943,5,1.0,0.2860593939414853,1.0,1.0,0,0,0.0,0.0430892532548502,-7,7,thymio-09
185,1788221893.999921,1.10337495803833,1.4942255020141602,1.0350407485566355,75.62255651736604,1.10337495803833,0.1030782312154769,1.4942255020141602,0.2385869920253753,-0.6596234440803528,-0.5830177068710327,-0.4099555909633636,5,1.0,0.2470913481896777,1.0,1.0,0,0,0.0,0.0325466838447812,-5,5,thymio-09
186,1788221894.6076255,1.102333664894104,1.495085597038269,1.0606130599634709,75.52255651736604,1.102333664894104,0.1030215620994567,1.495085597038269,0.2299450784921646,-0.6680110096931458,-0.5872355699539185,-0.3950203061103821,5,1.0,0.2477162163035997,1.0,1.0,0,0,0.0,0.0317384757873286,-5,5,thymio-09
187,1788221895.2156212,1.102333664894104,1.495085597038269,1.0606130599634709,75.42255651736605,1.102333664894104,0.1030215620994567,1.495085597038269,0.2299450784921646,-0.6680110096931458,-0.5872355699539185,-0.3950203061103821,5,1.0,0.2477162163035997,1.0,1.0,0,0,0.0,0.0401817053210625,-6,6,thymio-09
188,1788221895.8237803,1.10194730758667,1.495487093925476,1.0434498659953686,75.32255651736605,1.10194730758667,0.1036518365144729,1.495487093925476,0.2140062004327774,-0.6701533198356628,-0.5957299470901489,-0.3875587880611419,5,1.0,0.2307344846534553,1.0,1.0,0,0,0.0,0.0485911568343033,-7,7,thymio-09
189,1788221896.4321835,1.10085928440094,1.496711254119873,1.0583467399241364,75.22255651736606,1.10085928440094,0.1035462468862533,1.496711254119873,0.2029995769262313,-0.6790329217910767,-0.597355306148529,-0.3753294348716736,5,1.0,0.1924569234928868,1.0,1.0,0,0,0.0,0.0297344404351122,-4,4,thymio-09
190,1788221897.0405376,1.100292682647705,1.4971280097961426,1.0845605044726463,75.12255651736606,1.100292682647705,0.1033592000603675,1.4971280097961426,0.1979992538690567,-0.6851989030838013,-0.601553201675415,-0.3597674965858459,5,1.0,0.1208624811072145,1.0,1.0,0,0,0.0,0.0045100218145377,-1,1,thymio-09
191,1788221897.6496356,1.0999674797058103,1.497478485107422,1.088137615725664,75.02255651736607,1.0999674797058103,0.1034188643097877,1.497478485107422,0.1937095522880554,-0.6876928806304932,-0.6030521988868713,-0.354800283908844,5,1.0,0.0321433413821741,1.0,1.0,0,0,0.0,-0.0020752257993097,0,0,thymio-09
192,1788221898.257858,1.0999674797058103,1.497478485107422,1.088137615725664,74.92255651736608,1.0999674797058103,0.1034188643097877,1.497478485107422,0.1937095522880554,-0.6876928806304932,-0.6030521988868713,-0.354800283908844,5,1.0,0.0321433413821741,1.0,1.0,0,0,0.0,0.0088064556813917,-1,1,thymio-09
193,1788221898.86629,1.1003652811050415,1.4974265098571775,1.053791462063602,74.82255651736608,1.1003652811050415,0.1041347309947013,1.4974265098571775,0.1871396154165268,-0.6832835078239441,-0.6049392819404602,-0.3635257482528686,5,1.0,-0.0402881883045582,1.0,1.0,0,0,0.0,0.0162030533929394,-2,2,thymio-09
194,1788221899.4741056,1.0999455451965332,1.4974910020828247,1.0886377745056457,74.72255651736609,1.0999455451965332,0.103432647883892,1.4974910020828247,0.1938533335924148,-0.6879296898841858,-0.6026671528816223,-0.3549168109893799,5,1.0,-0.1929804679898864,1.0,1.0,0,0,0.0,-0.0256765158116687,4,-4,thymio-09
195,1788221900.0816903,1.1001451015472412,1.4971059560775757,1.0619248543352198,74.62255651736609,1.1001451015472412,0.1038797050714492,1.4971059560775757,0.1903306096792221,-0.6835644245147705,-0.6041622757911682,-0.3626318573951721,5,1.0,-0.2446107027046034,1.0,1.0,0,0,0.0,-0.0135826054131972,2,-2,thymio-09
1,1788221782.10389,3.5261483192443848,1.401916265487671,-0.4854537106785539,100.0,3.5261483192443848,0.0989588052034378,1.401916265487671,0.5333365797996521,0.6315351128578186,0.2284127622842788,-0.5143375396728516,5,1.0,1.0,1.0,-0.1355732704326351,0,0,0.0,0.0372885484156429,-6,6,thymio-11
2,1788221782.7070827,3.0063400268554688,-0.3222875595092773,-1.2922848677477483,100.0,3.0063400268554688,0.0849022641777992,-0.3222875595092773,-0.5708675980567932,-0.4176357984542846,-0.0620804503560066,0.7041566371917725,5,1.0,-0.6486297875656895,-0.6221840549493278,-0.720232956400253,0,0,0.0190605568145567,0.5094929593282642,-9,145,thymio-11
3,1788221783.315565,3.006338119506836,-0.3222857117652893,-1.291655665823344,99.9,3.006338119506836,0.0848904475569725,-0.3222857117652893,-0.5707381963729858,-0.4177910685539245,-0.0618170350790023,0.704192578792572,5,1.0,-0.6477547763685401,-0.6765903123241306,-0.7275054594742849,0,0,0.0603601886040054,0.5887535941615588,126,303,thymio-11
4,1788221783.9231343,3.015970468521118,-0.3189078867435455,-1.3800563708601643,99.8,3.015970468521118,0.0849167257547378,-0.3189078867435455,-0.5698791742324829,-0.3087126612663269,0.0293888784945011,0.7609668374061584,5,1.0,-0.7613081552248808,-0.6606639272953949,-0.5541592282094592,0,0,0.0159770607997989,0.1103797872243707,40,73,thymio-11
5,1788221784.5312903,3.0553622245788574,-0.319066047668457,-1.447784845177548,99.70000000000002,3.0553622245788574,0.0843583717942237,-0.319066047668457,-0.5686959028244019,-0.1506514400243759,0.1290153712034225,0.7982757687568665,5,1.0,-0.7337536981109898,-0.6543478785317887,-0.4940635702085914,0,0,0.021515506679691,0.1807893140148092,49,104,thymio-11
6,1788221785.1401582,3.074920177459717,-0.3234600126743316,-1.4189597598637442,99.60000000000002,3.074920177459717,0.0834758952260017,-0.3234600126743316,-0.5555034279823303,-0.101131223142147,0.1818786263465881,0.8050519824028015,5,1.0,-0.7168429208303877,-0.6365118671214359,-0.439414924754388,0,0,0.024914572913092,-0.0336616184651428,94,83,thymio-11
7,1788221785.7482345,3.0880684852600098,-0.3279950618743896,-1.4182891757056455,99.50000000000004,3.0880684852600098,0.0834409296512603,-0.3279950618743896,-0.5510014295578003,-0.0853592008352279,0.1925326585769653,0.8074914216995239,5,1.0,-0.7106935218788538,-0.6345209986765166,-0.4027221714763433,0,0,0.0261506021023503,-0.1355218719656088,113,72,thymio-11
8,1788221786.355888,3.0880684852600098,-0.3279950618743896,-1.4182891757056455,99.40000000000003,3.0880684852600098,0.0834409296512603,-0.3279950618743896,-0.5510014295578003,-0.0853592008352279,0.1925326585769653,0.8074914216995239,5,1.0,-0.7106935218788538,1.0,-0.4027221714763433,0,0,0.0261506021023503,-0.3734550188885699,149,37,thymio-11
9,1788221786.9640808,3.111336469650269,-0.3351803421974182,-1.4108382292671382,99.30000000000004,3.111336469650269,0.083701491355896,-0.3351803421974182,-0.5456838607788086,-0.1118888258934021,0.1792874932289123,0.8109045028686523,5,1.0,-0.6767917334114907,-0.5816688268350796,-0.3453703565785324,0,0,0.0329648615842903,-0.206172502979562,148,86,thymio-11
10,1788221787.5721245,3.143651962280273,-0.3390474915504455,-1.4219112348882317,99.20000000000005,3.143651962280273,0.0850697457790374,-0.3390474915504455,-0.5648418068885803,-0.2245944887399673,0.0858217403292656,0.789395809173584,5,1.0,-0.6379171158576988,-0.5722529973833214,-0.2276093656261361,0,0,0.0407786597126025,-0.1626555412368089,169,120,thymio-11
11,1788221788.180519,3.1638755798339844,-0.3362022042274475,-1.3796758023992344,99.10000000000004,3.1638755798339844,0.0844346433877945,-0.3362022042274475,-0.5650901794433594,-0.2744990587234497,0.0663512572646141,0.7751909494400024,5,1.0,-0.6196110545457757,-0.5720312740808768,-0.1556676863044912,0,0,0.044458178036299,-0.1754043211912828,184,131,thymio-11
12,1788221788.7882342,3.204092025756836,-0.3271471858024597,-1.399893232023677,99.00000000000006,3.204092025756836,0.0845886394381523,-0.3271471858024597,-0.5774387121200562,-0.3214064836502075,-0.0006354519282467,0.7505078911781311,5,1.0,-0.5912485973892946,-0.5472003146594292,-0.0273972023612045,0,0,0.05,-0.1868332185216246,206,149,thymio-11
13,1788221789.3962812,3.204092025756836,-0.3271471858024597,-1.399893232023677,98.90000000000006,3.204092025756836,0.0845886394381523,-0.3271471858024597,-0.5774387121200562,-0.3214064836502075,-0.0006354519282467,0.7505078911781311,5,1.0,-0.5912485973892946,-0.5472003146594292,-0.0273972023612045,0,0,0.05,-0.1863373723757984,206,150,thymio-11
14,1788221790.0040493,3.260920763015747,-0.3034972548484802,-1.336101905472478,98.80000000000008,3.260920763015747,0.0844389945268631,-0.3034972548484802,-0.5723974704742432,-0.3933829069137573,-0.0528332851827144,0.7175093293190002,5,1.0,-0.5440040552764993,-0.5123984586196206,0.1398789227021974,0,0,0.05,-0.1817839966583598,205,150,thymio-11
15,1788221790.6118393,3.2983288764953613,-0.2782344222068786,-1.2046915617883855,98.70000000000007,3.2983288764953613,0.0838635936379432,-0.2782344222068786,-0.5694730877876282,-0.4617387652397156,-0.0868205055594444,0.674507200717926,5,1.0,-0.5232163545556052,-0.476668178351836,0.2553160407999386,0,0,0.05,-0.177533084602278,204,151,thymio-11
16,1788221791.2201254,3.339045763015747,-0.2377643138170242,-1.0812302309119866,98.60000000000008,3.339045763015747,0.0840819999575614,-0.2377643138170242,-0.5523834228515625,-0.524372398853302,-0.1650883853435516,0.6266195178031921,5,1.0,-0.2295445548343075,-0.4032279597750271,-0.5428589038418525,0,0,0.1807641876877966,-0.2234484966783808,500,500,thymio-11
17,1788221791.827813,3.378737688064575,-0.1854589134454727,-0.9963347930887948,98.50000000000009,3.378737688064575,0.0845357254147529,-0.1854589134454727,-0.5547250509262085,-0.5422550439834595,-0.1693883091211319,0.6079040169715881,5,1.0,-0.1377822533183703,-0.3245799065888513,-0.5795893296194952,0,0,0.179060638321168,-0.202002075085477,500,500,thymio-11
18,1788221792.435858,3.378737688064575,-0.1854589134454727,-0.9963347930887948,98.40000000000008,3.378737688064575,0.0845357254147529,-0.1854589134454727,-0.5547250509262085,-0.5422550439834595,-0.1693883091211319,0.6079040169715881,5,1.0,-0.1377822533183703,-0.3245799065888513,-0.5795893296194952,0,0,0.1792357697652181,-0.1901805991166622,500,500,thymio-11
19,1788221793.0451472,3.4241418838500977,-0.1196864992380142,-0.9549600467617564,98.3000000000001,3.4241418838500977,0.0840300843119621,-0.1196864992380142,-0.5456312894821167,-0.5549036860466003,-0.1871780753135681,0.599443793296814,5,1.0,-0.0279210657411609,-0.1721493034080989,-0.6097357903722485,0,0,0.1686248897113587,-0.1938531076429076,500,500,thymio-11
20,1788221793.653215,3.506470203399658,0.0113566704094409,-0.8230157220810166,98.2000000000001,3.506470203399658,0.084864355623722,0.0113566704094409,-0.5275357365608215,-0.5833184123039246,-0.2088241726160049,0.5812385678291321,5,1.0,-0.6714287017177323,1.0,0.7106975152590351,0,0,0.128065694814534,-0.2465323464511754,492,418,thymio-11
21,1788221794.2617292,3.5485620498657227,0.0915224254131317,-0.7581222110519579,98.10000000000012,3.5485620498657227,0.0848673805594444,0.0915224254131317,-0.5307309627532959,-0.5922648906707764,-0.2134651392698288,0.5674324035644531,5,1.0,-0.7116956332213451,1.0,0.7664666503201838,0,0,0.0625179856147822,-0.0679358948958057,232,212,thymio-11
22,1788221794.870932,3.5781891345977783,0.1572210639715194,-0.5921514887001322,98.00000000000011,3.5781891345977783,0.0864832997322082,0.1572210639715194,-0.5184828639030457,-0.6146243810653687,-0.2428050190210342,0.5426399111747742,5,1.0,-0.9748770925576974,1.0,0.8239474373167828,0,0,0.0,0.023149744153598,-3,3,thymio-11
23,1788221795.4790142,3.5781891345977783,0.1572210639715194,-0.5921514887001322,97.90000000000012,3.5781891345977783,0.0864832997322082,0.1572210639715194,-0.5184828639030457,-0.6146243810653687,-0.2428050190210342,0.5426399111747742,5,1.0,-0.9748770925576974,1.0,0.8239474373167828,0,0,0.0,0.1063589482828455,-16,16,thymio-11
24,1788221796.0872626,3.5925087928771973,0.2016873508691787,-0.40096977179358,97.80000000000013,3.5925087928771973,0.0874051749706268,0.2016873508691787,-0.5188776850700378,-0.6361132860183716,-0.2617643773555755,0.507548451423645,5,1.0,-0.7815318705051444,1.0,0.9296560626440163,0,0,0.0119120940284659,0.1555181017178445,19,66,thymio-11
25,1788221796.6961846,3.593391180038452,0.2033145427703857,-0.513667969895363,97.70000000000012,3.593391180038452,0.0872624665498733,0.2033145427703857,-0.5262477993965149,-0.6240258812904358,-0.2446702569723129,0.5232509970664978,5,1.0,-0.8284925131714521,1.0,1.0,0,0,0.0024730048525381,0.3462602061915839,-44,61,thymio-11
26,1788221797.304586,3.595444440841675,0.2069684863090515,-0.7360541458321315,97.60000000000014,3.595444440841675,0.0864338129758834,0.2069684863090515,-0.5258884429931641,-0.5962317585945129,-0.2196066230535507,0.5654396414756775,5,1.0,-0.8247522616123071,1.0,1.0,0,0,0.0032247954159262,0.4607414755282832,-58,81,thymio-11
27,1788221797.913169,3.597099781036377,0.2107717394828796,-1.0564098873948948,97.50000000000014,3.597099781036377,0.086478017270565,0.2107717394828796,-0.5554755330085754,-0.5212693810462952,-0.1241330951452255,0.6358587145805359,5,1.0,-0.8304905889889398,1.0,1.0,1608,0,0.0020713916132231,0.602178738896861,-84,98,thymio-11
28,1788221798.5213237,3.595437526702881,0.2082017064094543,-1.408524853339467,97.40000000000016,3.595437526702881,0.087034210562706,0.2082017064094543,-0.5779832005500793,-0.330963522195816,-0.0178599469363689,0.7457075119018555,5,1.0,-0.8317513813669697,1.0,1.0,1827,0,0.001817972345239,0.6225870554232753,-88,100,thymio-11
29,1788221799.129471,3.595437526702881,0.2082017064094543,-1.408524853339467,97.30000000000015,3.595437526702881,0.087034210562706,0.2082017064094543,-0.5779832005500793,-0.330963522195816,-0.0178599469363689,0.7457075119018555,5,1.0,-0.8317513813669697,1.0,1.0,2056,0,-0.08,0.6199255894692058,-378,-191,thymio-11
30,1788221799.7372673,3.5933995246887207,0.2063537985086441,-1.4399045296237285,97.20000000000016,3.5933995246887207,0.0868272930383682,0.2063537985086441,-0.5768745541572571,-0.1786614805459976,0.1112183928489685,0.7892568111419678,5,1.0,-0.834585324875373,1.0,1.0,1320,0,0.00124834970005,0.6214642013313888,-89,98,thymio-11
31,1788221800.3451502,3.582059621810913,0.2114104181528091,-1.4329581793137418,97.10000000000016,3.582059621810913,0.0851080492138862,0.2114104181528091,-0.5493663549423218,-0.082081101834774,0.1859986186027526,0.8104714751243591,5,1.0,-0.8432575215543394,1.0,1.0,0,0,0.0,0.6218951203323687,-94,94,thymio-11
32,1788221800.9545145,3.5347275733947754,0.2345622181892395,-1.290999498721901,96.83850064260474,3.5347275733947754,0.0868465825915336,0.2345622181892395,0.4542933106422424,-0.2197474390268325,-0.3721757531166076,-0.7789825797080994,5,1.0,-0.8580708727710205,1.0,1.0,2527,0,-0.08,0.6256897855720834,-379,-190,thymio-11
33,1788221801.5633547,3.5317084789276123,0.2366087287664413,-1.0024247155993369,96.73850064260476,3.5317084789276123,0.0878189653158187,0.2366087287664413,0.3738370537757873,-0.3493303656578064,-0.4463143944740295,-0.7341782450675964,5,1.0,-0.8524183089955796,1.0,1.0,0,0,0.0,0.6158073944124219,-93,93,thymio-11
34,1788221802.1713126,3.5317084789276123,0.2366087287664413,-1.0024247155993369,96.63850064260475,3.5317084789276123,0.0878189653158187,0.2366087287664413,0.3738370537757873,-0.3493303656578064,-0.4463143944740295,-0.7341782450675964,5,1.0,-0.8524183089955796,1.0,1.0,0,0,0.0,0.6185238864879083,-93,93,thymio-11
35,1788221802.7797942,3.5369699001312256,0.3012038171291351,0.2949449836217965,96.53850064260476,3.5369699001312256,0.0863572210073471,0.3012038171291351,-0.1912936866283416,0.5790913701057434,0.5401579737663269,0.5799045562744141,5,1.0,-0.7749450015870045,1.0,1.0,0,0,0.013236054681012,0.2037524003608216,16,78,thymio-11
36,1788221803.3876417,3.537384510040283,0.3058556020259857,0.6771865264152974,96.43850064260477,3.537384510040283,0.0876513421535492,0.3058556020259857,-0.0351825319230556,0.6904409527778625,0.5785894393920898,0.4327674806118011,5,1.0,1.0,1.0,-0.7626512354487331,0,0,0.0157071016748046,-0.2171378806881958,89,23,thymio-11
37,1788221803.9962797,3.5311267375946045,0.3035118877887726,0.8086821313309698,96.33850064260476,3.5311267375946045,0.0872125402092933,0.3035118877887726,-0.007377490401268,0.7297085523605347,0.5839466452598572,0.3556366264820099,5,1.0,1.0,1.0,-0.7468678525250985,0,0,0.0188795616424552,-0.2093868534481537,99,35,thymio-11
38,1788221804.6035948,3.5120649337768555,0.2936055362224579,0.729187870112959,96.23398557065508,3.5120649337768555,0.087583415210247,0.2936055362224579,-0.064641498029232,0.6971047520637512,0.5683332681655884,0.4322775900363922,5,1.0,1.0,1.0,-0.7401602311928265,0,0,0.053389185157078,-0.1233400900883385,208,171,thymio-11
39,1788221805.211334,3.5120649337768555,0.2936055362224579,0.729187870112959,96.13398557065508,3.5120649337768555,0.087583415210247,0.2936055362224579,-0.064641498029232,0.6971047520637512,0.5683332681655884,0.4322775900363922,5,1.0,1.0,1.0,-0.7401602311928265,0,0,0.049963497699642,-0.0847560300563648,190,165,thymio-11
40,1788221805.8192322,3.493256092071533,0.2782575786113739,0.6847177330949239,96.02778782949972,3.493256092071533,0.0872783288359642,0.2782575786113739,-0.1017924919724464,0.6721294522285461,0.5671066045761108,0.4650489091873169,5,1.0,1.0,1.0,-0.7603952891304202,2409,0,-0.08,-0.065891787707483,-274,-294,thymio-11
41,1788221806.4274454,3.4555892944335938,0.2424794137477874,0.554614405152579,95.8103850012496,3.4555892944335938,0.0864192843437194,0.2424794137477874,-0.1275132000446319,0.6396558880805969,0.5571866035461426,0.5139299035072327,5,1.0,1.0,1.0,-0.8124754092377552,1519,0,0.0140978729257428,-0.0378389825951389,56,44,thymio-11
42,1788221807.036788,3.484066963195801,0.272571712732315,0.5587337586860275,95.71038500124962,3.484066963195801,0.0868828743696212,0.272571712732315,-0.1354815065860748,0.6359952092170715,0.5596744418144226,0.5137308239936829,5,1.0,1.0,1.0,-0.7740564941104369,1492,0,0.0337308743869243,-0.0553660595059481,128,111,thymio-11
43,1788221807.645599,3.483437776565552,0.2718738317489624,0.5460407185229856,95.61038500124964,3.483437776565552,0.0868243053555488,0.2718738317489624,-0.1383882761001587,0.6344917416572571,0.5558159947395325,0.5189775228500366,5,1.0,1.0,1.0,-0.7762628778414646,2546,0,-0.08,-0.0513132249767523,-276,-292,thymio-11
44,1788221808.253562,3.483437776565552,0.2718738317489624,0.5460407185229856,95.51038500124965,3.483437776565552,0.0868243053555488,0.2718738317489624,-0.1383882761001587,0.6344917416572571,0.5558159947395325,0.5189775228500366,5,1.0,1.0,1.0,-0.7762628778414646,0,0,0.0339789090708073,-0.0502224469425971,128,113,thymio-11
45,1788221808.861256,3.491126537322998,0.2817328870296478,0.527976242776059,95.41038500124964,3.491126537322998,0.086799643933773,0.2817328870296478,-0.1627044230699539,0.6221214532852173,0.5548220872879028,0.5278870463371277,5,1.0,1.0,1.0,-0.7682759464593314,0,0,0.0396292323830982,-0.0544144107836244,149,133,thymio-11
46,1788221809.4690216,3.4951488971710205,0.2872203588485718,0.5082066491069135,95.31038500124964,3.4951488971710205,0.0871326252818107,0.2872203588485718,-0.1614721715450287,0.6191427111625671,0.5543526411056519,0.5322427153587341,5,1.0,1.0,1.0,-0.761407716357952,2082,0,-0.08,-0.0622176188378108,-275,-294,thymio-11
47,1788221810.078611,3.4697132110595703,0.2508402168750763,0.3930048401741324,95.17039491608932,3.4697132110595703,0.0860940739512443,0.2508402168750763,0.1782618016004562,-0.5980708003044128,-0.5440286993980408,-0.56086266040802,5,1.0,0.3749522792485402,1.0,-0.8028247353003739,0,0,0.0244825702903839,-0.1170863481019071,105,69,thymio-11
48,1788221810.6862905,3.494575023651123,0.2861279845237732,0.44678847636421,95.07039491608931,3.494575023651123,0.0874349847435951,0.2861279845237732,-0.1909137219190597,0.6046498417854309,0.5412020087242126,0.5523142218589783,5,1.0,0.4656034280147612,1.0,-0.753153699166228,0,0,0.0555656697207864,-0.1783055839014105,224,171,thymio-11
49,1788221811.2948442,3.4887404441833496,0.2771486639976501,0.3530586654786667,94.97039491608932,3.4887404441833496,0.0870279669761657,0.2771486639976501,0.2032035887241363,-0.5849831104278564,-0.5406937003135681,-0.569344699382782,5,1.0,-0.7615257579467395,1.0,1.0,1292,0,0.0514901369309815,-0.2320543928251606,218,148,thymio-11
50,1788221811.903784,3.4627509117126465,0.2216728329658508,0.0369169776735436,94.81142525510305,3.4627509117126465,0.0868095234036445,0.2216728329658508,-0.2577923834323883,0.5358217358589172,0.5189081430435181,0.6141437888145447,5,1.0,-0.8088717460929766,1.0,1.0,2449,0,-0.08,0.0693012128816207,-295,-274,thymio-11
51,1788221812.5112848,3.4589338302612305,0.2085490077733993,2.476421822306447,94.71142525510304,3.4589338302612305,0.086236834526062,0.2085490077733993,0.5939000844955444,-0.537093997001648,0.533801794052124,0.2717875838279724,5,-0.8157012458689773,1.0,1.0,1.0,0,0,-0.0005437616877985,0.1229270078221967,-20,17,thymio-11
52,1788221813.1192927,3.477557897567749,0.2591488063335418,2.7065697341349457,94.61142525510304,3.477557897567749,0.0866748094558715,0.2591488063335418,-0.6199752688407898,0.5248263478279114,-0.5049600601196289,-0.2918961346149444,5,-0.7104989267085724,1.0,1.0,1.0,0,0,0.0588134830727291,0.2152186478496074,176,241,thymio-11
53,1788221813.727951,3.4721550941467285,0.2480270713567733,0.2493062494857532,94.51142525510303,3.4721550941467285,0.08704175055027,0.2480270713567733,-0.2356551587581634,0.5670649409294128,0.5273134708404541,0.587234616279602,5,1.0,-0.7171595231699106,1.0,1.0,0,0,0.0848247890109899,-0.1015963768556185,317,286,thymio-11
54,1788221814.335266,3.4721550941467285,0.2480270713567733,0.2493062494857532,94.41142525510304,3.4721550941467285,0.08704175055027,0.2480270713567733,-0.2356551587581634,0.5670649409294128,0.5273134708404541,0.587234616279602,5,1.0,-0.7171595231699106,1.0,1.0,0,0,0.0345456963866264,0.0556096873951336,114,131,thymio-11
55,1788221814.943306,3.442098617553711,0.1956778168678283,0.3420925188156927,94.23686479361426,3.442098617553711,0.08659178763628,0.1956778168678283,-0.2240405231714248,0.5830715894699097,0.5297091603279114,0.5737959146499634,5,1.0,-0.7532407359201707,1.0,1.0,0,0,0.0175986120800456,0.0772947334220007,51,74,thymio-11
56,1788221815.551925,3.4172255992889404,0.1525737345218658,0.3508800160008416,94.0486189857812,3.4172255992889404,0.0870217680931091,0.1525737345218658,-0.2180575728416443,0.5869724750518799,0.5286588072776794,0.5730916857719421,5,1.0,-0.7760687345151427,1.0,1.0,0,0,0.0130101843624563,0.1183126371308526,28,64,thymio-11
57,1788221816.161206,3.409778356552124,0.1395077854394912,0.4078834127720041,93.9486189857812,3.409778356552124,0.085890993475914,0.1395077854394912,0.1925186961889267,-0.5978057384490967,-0.5406321287155151,-0.5597159266471863,5,1.0,-0.7764998757287467,1.0,1.0,0,0,0.0129235249785219,0.1138096264536081,29,63,thymio-11
58,1788221816.7691486,3.409778356552124,0.1395077854394912,0.4078834127720041,93.8486189857812,3.409778356552124,0.085890993475914,0.1395077854394912,0.1925186961889267,-0.5978057384490967,-0.5406321287155151,-0.5597159266471863,5,1.0,-0.7764998757287467,1.0,1.0,0,0,0.0129235249785219,0.1069546211887392,30,62,thymio-11
59,1788221817.3784044,3.401383876800537,0.1282896250486374,0.4830481511235467,93.74861898578122,3.401383876800537,0.0856344625353813,0.1282896250486374,0.1541596800088882,-0.6209841966629028,-0.5475457310676575,-0.5392653942108154,5,1.0,-0.7779324458318329,1.0,1.0,0,0,0.0126355783878015,0.0720491737781155,34,56,thymio-11
60,1788221817.9865253,3.3920724391937256,0.1183949261903762,0.5508045557358603,93.64861898578124,3.3920724391937256,0.0855264961719513,0.1183949261903762,0.118556298315525,-0.6417425870895386,-0.5581895112991333,-0.5123821496963501,5,1.0,-0.9833228919411278,1.0,1.0,0,0,0.0,0.3519386881403391,-53,53,thymio-11
61,1788221818.595501,3.3832404613494877,0.1107100248336792,0.6430697349020238,93.54861898578125,3.3832404613494877,0.086335688829422,0.1107100248336792,0.109275035560131,-0.6588663458824158,-0.5690292716026306,-0.4797498881816864,5,1.0,-0.9791170753702684,1.0,1.0,0,0,0.0,0.5211939364101039,-79,79,thymio-11
62,1788221819.20376,3.3832404613494877,0.1107100248336792,0.6430697349020238,93.44861898578124,3.3832404613494877,0.086335688829422,0.1107100248336792,0.109275035560131,-0.6588663458824158,-0.5690292716026306,-0.4797498881816864,5,1.0,-0.780554307894483,1.0,1.0,0,0,0.0121085841132089,-0.1439219247411205,65,21,thymio-11
63,1788221819.8120055,3.384445905685425,0.1128510162234306,0.8373813824157272,93.34861898578124,3.384445905685425,0.087220162153244,0.1128510162234306,-0.0129117080941796,-0.7485798001289368,-0.576483428478241,-0.327304869890213,5,1.0,-0.7508707175869335,1.0,1.0,0,0,0.0180749857650263,-0.0942372136890199,78,50,thymio-11
64,1788221820.4202511,3.377364158630371,0.1120680794119834,0.929139006200952,93.24861898578123,3.377364158630371,0.0861273854970932,0.1120680794119834,-0.0007381797768175,-0.7627315521240234,-0.5810533761978149,-0.2839311063289642,5,1.0,1.0,1.0,-0.725605225436186,0,0,0.0231533496873266,-0.4416406090455745,149,16,thymio-11
65,1788221821.028406,3.3534035682678223,0.1038687378168106,0.7716840668798168,93.1053233425413,3.3534035682678223,0.0871211066842079,0.1038687378168106,0.0245429892092943,-0.7181558609008789,-0.5774219632148743,-0.3875999748706817,5,1.0,-0.6878250511506581,1.0,1.0,0,0,0.0307471647187177,-0.0820955282091265,122,97,thymio-11
66,1788221821.6372497,3.334522485733032,0.0914305746555328,0.708126606418805,92.9961894347781,3.334522485733032,0.0870654284954071,0.0914305746555328,0.0824448987841606,-0.6819765567779541,-0.5734233856201172,-0.4464263916015625,5,1.0,-0.6660686431855534,1.0,0.6388562242664573,0,0,0.0351202027197037,-0.0418633182060559,131,118,thymio-11
67,1788221822.245016,3.334522485733032,0.0914305746555328,0.708126606418805,92.89618943477812,3.334522485733032,0.0870654284954071,0.0914305746555328,0.0824448987841606,-0.6819765567779541,-0.5734233856201172,-0.4464263916015625,5,1.0,-0.6660686431855534,1.0,0.6388562242664573,0,0,0.0351202027197037,-0.0549381262034813,133,116,thymio-11
68,1788221822.8533576,3.31172776222229,0.0724746733903884,0.704368856241846,92.76190464191043,3.31172776222229,0.0862712860107421,0.0724746733903884,0.1122295930981636,-0.6755569577217102,-0.5603253841400146,-0.4659000337123871,5,1.0,-0.649092330614634,1.0,0.6015304981826577,0,0,0.0385324415464585,-0.1050358974446362,153,121,thymio-11
69,1788221823.4629464,3.2847373485565186,0.0484094433486461,0.6517563603468379,92.60161744332332,3.2847373485565186,0.0865105539560318,0.0484094433486461,0.1192182078957557,-0.65870201587677,-0.5652409195899963,-0.4820802211761474,5,1.0,1.0,1.0,-0.6609315110461844,0,0,0.0361527662797169,-0.3496980476559303,181,76,thymio-11
70,1788221824.071328,3.262565851211548,0.0263363514095544,0.5721938864971596,92.47710722420452,3.262565851211548,0.0858278945088386,0.0263363514095544,0.1457219272851944,-0.6360785961151123,-0.5570594072341919,-0.5136672854423523,5,1.0,1.0,1.0,-0.6954265655061309,0,0,0.0292192603332676,-0.1249586300895995,123,85,thymio-11
71,1788221824.6795626,3.245657205581665,0.0028127506375312,0.3917090871927398,92.37710722420452,3.245657205581665,0.085226722061634,0.0028127506375312,-0.2253199070692062,0.5930023789405823,0.5245316028594971,0.5678431987762451,5,1.0,-0.7250710356417565,1.0,0.4165758128314902,0,0,0.0798746927521975,-0.180703225418275,311,257,thymio-11
72,1788221825.2876632,3.245657205581665,0.0028127506375312,0.3917090871927398,92.27710722420451,3.245657205581665,0.085226722061634,0.0028127506375312,-0.2253199070692062,0.5930023789405823,0.5245316028594971,0.5678431987762451,5,1.0,-0.7250710356417565,1.0,0.4165758128314902,1817,0,0.065956203864512,-0.1329857521967098,254,214,thymio-11
73,1788221825.8963776,3.219585657119751,-0.0481574088335037,0.1056778573608854,92.10593058502192,3.219585657119751,0.0862493216991424,-0.0481574088335037,0.2435219138860702,-0.5454001426696777,-0.524146556854248,-0.6070470809936523,5,1.0,-0.784693528473168,1.0,1.0,4265,0,-0.08,0.1045899690285133,-300,-268,thymio-11
74,1788221826.5046237,3.201223134994507,-0.1027901545166969,-0.1877913459538853,91.96833291891063,3.201223134994507,0.0850235745310783,-0.1027901545166969,0.271251231431961,-0.5108640193939209,-0.503415048122406,-0.6418831944465637,5,1.0,-0.8365281860278141,1.0,1.0,0,0,0.0008578346084093,0.2274678047269431,-31,37,thymio-11
75,1788221827.1131258,3.213151693344116,-0.0639577656984329,-0.0476946632312333,91.86833291891064,3.213151693344116,0.0853323265910148,-0.0639577656984329,0.2698211669921875,-0.5292054414749146,-0.5084547400474548,-0.6233875155448914,5,1.0,-0.7559377289344129,1.0,1.0,0,0,0.017056516484183,0.2545804021247294,22,99,thymio-11
76,1788221827.7213898,3.213151693344116,-0.0639577656984329,-0.0476946632312333,91.76833291891066,3.213151693344116,0.0853323265910148,-0.0639577656984329,0.2698211669921875,-0.5292054414749146,-0.5084547400474548,-0.6233875155448914,5,1.0,-0.7559377289344129,1.0,1.0,0,0,0.017056516484183,0.3330180599175416,10,111,thymio-11
77,1788221828.3300042,3.2124364376068115,-0.0646397396922111,0.3547239782816,91.66833291891066,3.2124364376068115,0.0850726962089538,-0.0646397396922111,-0.2202647030353546,0.5833531022071838,0.5345907211303711,0.5704343914985657,5,1.0,-0.7547681776365938,1.0,1.0,0,0,0.0172915962950446,0.1746894412688589,35,88,thymio-11
78,1788221828.9394035,3.2014079093933105,-0.0764058381319046,0.6678790051829702,91.56833291891068,3.2014079093933105,0.0856091380119323,-0.0764058381319046,-0.1142633408308029,0.6645409464836121,0.5646587014198303,0.4759095907211303,5,1.0,-0.7512217218560077,1.0,0.0099007623300315,0,0,0.0180044339069424,-0.2903425398400786,108,20,thymio-11
79,1788221829.5471797,3.1847496032714844,-0.0881171599030494,0.6749325888793498,91.46833291891068,3.1847496032714844,0.0854954048991203,-0.0881171599030494,-0.0965582504868507,0.6703609824180603,0.5703492760658264,0.4647521078586578,5,1.0,-0.7422782088426377,1.0,0.0011152161400698,0,0,0.0198020800226298,-0.1604921857534879,95,46,thymio-11
80,1788221830.1547582,3.1847496032714844,-0.0881171599030494,0.6749325888793498,91.36833291891068,3.1847496032714844,0.0854954048991203,-0.0881171599030494,-0.0965582504868507,0.6703609824180603,0.5703492760658264,0.4647521078586578,5,1.0,-0.7422782088426377,1.0,0.0011152161400698,0,0,0.0198020800226298,-0.1797578477257678,98,43,thymio-11
81,1788221830.7639415,3.179436683654785,-0.0931198298931121,0.6586106223910697,91.26833291891067,3.179436683654785,0.0846986100077629,-0.0931198298931121,-0.140002429485321,0.6546981334686279,0.5588277578353882,0.4893682301044464,5,1.0,-0.7388503497171777,1.0,1.0,0,0,0.0204910797068472,-7.585437552699123e-05,73,73,thymio-11
82,1788221831.372064,3.157577514648437,-0.1211017668247222,0.3596305149912515,91.13748705235076,3.157577514648437,0.085042580962181,-0.1211017668247222,-0.2122553139925003,0.5897246599197388,0.52952641248703,0.5716418623924255,5,1.0,-0.7343507246473908,1.0,1.0,0,0,0.0213955043458744,0.1601386911732407,52,100,thymio-11
83,1788221831.9806144,3.1489038467407227,-0.1352246850728988,0.3457251201326401,91.03748705235076,3.1489038467407227,0.0852972343564033,-0.1352246850728988,-0.2072945982217788,0.5841466188430786,0.5379064679145813,0.5713654160499573,5,1.0,-0.7329216835986856,1.0,0.9690667355115824,0,0,0.0216827415966642,0.2985135696877886,32,122,thymio-11
84,1788221832.5885851,3.1402597427368164,-0.1479464322328567,0.4954916062329548,90.93748705235078,3.1402597427368164,0.0844144895672798,-0.1479464322328567,-0.173490896821022,0.6143202185630798,0.5506748557090759,0.5378371477127075,5,1.0,-0.7299748496200729,1.0,0.9548456900702192,0,0,0.0222750552263653,0.4293670803974047,14,144,thymio-11
85,1788221833.1967125,3.1254703998565674,-0.1621442884206771,0.7137900229956182,90.83497648682736,3.1254703998565674,0.0852486044168472,-0.1621442884206771,-0.0835551023483276,0.6864022016525269,0.5669711828231812,0.4476766884326935,5,1.0,-0.724290037573366,1.0,0.9401080859794464,0,0,0.0234177024477534,0.301525930535333,38,129,thymio-11
86,1788221833.8047326,3.1254703998565674,-0.1621442884206771,0.7137900229956182,90.73497648682738,3.1254703998565674,0.0852486044168472,-0.1621442884206771,-0.0835551023483276,0.6864022016525269,0.5669711828231812,0.4476766884326935,5,1.0,-0.724290037573366,1.0,0.9401080859794464,0,0,0.0234177024477534,0.3743152691955002,27,140,thymio-11
87,1788221834.4120674,3.1163387298583984,-0.1668461561203003,0.8021120334565199,90.63497648682738,3.1163387298583984,0.0854155272245407,-0.1668461561203003,-0.0345117412507534,0.7246649861335754,0.5720669627189636,0.3826344013214111,5,1.0,-0.721209873851076,1.0,0.9302682181107742,0,0,0.0240368153559337,0.3938931751897395,26,145,thymio-11
88,1788221835.0206234,3.08708119392395,-0.1718954294919967,0.8875660611079965,90.44211126854309,3.08708119392395,0.0864529907703399,-0.1718954294919967,0.0819436237215995,0.7843666672706604,0.57026207447052,0.2299028635025024,5,1.0,-0.7114874521974135,1.0,0.9050270558772096,0,0,0.0259910221083198,0.3627879936129813,38,147,thymio-11
89,1788221835.6283767,3.08708119392395,-0.1718954294919967,0.8875660611079965,90.34211126854308,3.08708119392395,0.0864529907703399,-0.1718954294919967,0.0819436237215995,0.7843666672706604,0.57026207447052,0.2299028635025024,5,1.0,-0.7114874521974135,1.0,1.0,0,0,0.0259910221083198,0.3097456088082841,46,139,thymio-11
90,1788221836.236253,3.064846992492676,-0.1679596304893493,0.9187860721470154,90.21014035871102,3.064846992492676,0.0856431052088737,-0.1679596304893493,0.1791018694639206,0.8129950761795044,0.5486510396003723,0.0770949274301529,5,1.0,-0.675088855523881,1.0,1.0,0,0,0.0333071400396999,0.1921803685288989,89,147,thymio-11
91,1788221836.8453424,3.043551206588745,-0.1552777886390686,0.8873133720820618,90.08062201525364,3.043551206588745,0.0846134349703788,-0.1552777886390686,0.2550226747989654,0.8211195468902588,0.509547770023346,-0.0329731814563274,5,1.0,-0.6796158653417794,1.0,1.0,0,0,0.0323972110663023,0.1057882402113947,99,131,thymio-11
92,1788221837.453708,3.040036201477051,-0.1518215239048004,0.8738810535407442,89.98062201525366,3.040036201477051,0.0842269659042358,-0.1518215239048004,0.2644858062267303,0.8201221823692322,0.5058879256248474,-0.0390447601675987,5,1.0,-0.6644487879661525,1.0,1.0,0,0,0.0354457936188033,0.0690839687515558,116,136,thymio-11
93,1788221838.0611632,2.995652675628662,-0.1116174906492233,0.8599546182955518,89.70031946366935,2.995652675628662,0.0853665620088577,-0.1116174906492233,-0.3053320646286011,-0.808448076248169,-0.4879162907600403,0.1229705810546875,5,1.0,-0.5505380489409354,1.0,1.0,0,0,0.05,0.0390218671326184,172,184,thymio-11
94,1788221838.6688745,2.995652675628662,-0.1116174906492233,0.8599546182955518,89.60031946366935,2.995652675628662,0.0853665620088577,-0.1116174906492233,-0.3053320646286011,-0.808448076248169,-0.4879162907600403,0.1229705810546875,5,1.0,-0.5505380489409354,1.0,1.0,0,0,0.05,0.0290226497312606,173,182,thymio-11
95,1788221839.2767837,2.964559555053711,-0.079224869608879,0.8480197282804842,89.40186808438511,2.964559555053711,0.0857399851083755,-0.079224869608879,-0.3099215030670166,-0.8108213543891907,-0.4803149104118347,0.1257582157850265,5,1.0,-0.4913143397938754,1.0,1.0,0,0,0.05,0.0092981867831396,176,179,thymio-11
96,1788221839.8846304,2.940230131149292,-0.0511552430689334,0.8477861568916114,89.24491645382949,2.940230131149292,0.0861061140894889,-0.0511552430689334,-0.3124433159828186,-0.8073084950447083,-0.4837129414081573,0.1290503442287445,5,1.0,-0.4550590685164571,1.0,1.0,0,0,0.05,-0.0072634276897173,179,177,thymio-11
97,1788221840.49235,2.9032082557678223,-0.0113434065133333,0.8377835068145156,89.02797860693764,2.9032082557678223,0.0869049951434135,-0.0113434065133333,-0.3124562203884125,-0.8071638345718384,-0.4876216948032379,0.1143799722194671,5,1.0,-0.4288182715138807,1.0,1.0,0,0,0.1139491003249248,-0.021974945043086,408,402,thymio-11
98,1788221841.1013532,2.847947359085083,0.0438506081700325,0.8371748129948138,88.70870757779896,2.847947359085083,0.0884754434227943,0.0438506081700325,0.305248349905014,0.8140241503715515,0.4841832518577575,-0.0987666174769401,5,1.0,-0.4035755661105539,1.0,0.6274840088846809,0,0,0.1178685880485219,-0.0012081716330522,419,419,thymio-11
99,1788221841.7095351,2.847947359085083,0.0438506081700325,0.8371748129948138,88.60870757779897,2.847947359085083,0.0884754434227943,0.0438506081700325,0.305248349905014,0.8140241503715515,0.4841832518577575,-0.0987666174769401,5,1.0,-0.4035755661105539,1.0,0.6274840088846809,0,0,0.1054270029039443,-0.0111507176838171,376,373,thymio-11
100,1788221842.3172789,2.783711194992065,0.1062293127179145,0.8505989966552701,88.207954080815,2.783711194992065,0.0895832329988479,0.1062293127179145,0.2972911596298218,0.8150129914283752,0.4886116981506347,-0.0929012820124626,5,1.0,-0.3793484562356745,1.0,0.6521113796941287,0,0,0.1333622069017796,-0.1316801038864549,494,454,thymio-11
101,1788221842.9251308,2.705888271331787,0.1752601861953735,0.8803433358686839,87.7119775655025,2.705888271331787,0.0909564346075058,0.1752601861953735,0.2770153880119324,0.8186898231506348,0.497159868478775,-0.0764302313327789,5,0.9023241776015184,-0.2994801349558289,1.0,0.7205428911472089,0,0,0.1406126354502676,-0.1765631591092617,500,473,thymio-11
102,1788221843.5336711,2.705888271331787,0.1752601861953735,0.8803433358686839,87.6119775655025,2.705888271331787,0.0909564346075058,0.1752601861953735,0.2770153880119324,0.8186898231506348,0.497159868478775,-0.0764302313327789,5,0.9023241776015184,-0.2994801349558289,1.0,0.9466787804022878,0,0,0.1028955374166396,-0.0294801826026883,370,361,thymio-11
103,1788221844.1430902,2.603693962097168,0.2547735273838043,0.8725924040924831,86.96253719012147,2.603693962097168,0.0921758785843849,0.2547735273838043,0.2660093307495117,0.8190210461616516,0.5067676305770874,-0.0403761304914951,5,0.7729377219385065,-0.1268366921871055,1.0,0.9419429768467308,0,0,0.0787420930170647,0.0684310022711408,269,290,thymio-11
104,1788221844.7516477,2.5156099796295166,0.3127654790878296,0.8775463364006928,86.41154167739705,2.5156099796295166,0.0933933034539222,0.3127654790878296,0.2521912753582001,0.8200052380561829,0.5135605931282043,-0.0157002322375774,5,0.6681593717127998,-0.0473023112217682,1.0,0.9273907639431548,0,0,0.0696600799757128,0.1497686956392132,225,270,thymio-11
105,1788221845.3598297,2.4753236770629883,0.3387563526630401,0.8735231510807013,86.16387464224155,2.4753236770629883,0.0939933434128761,0.3387563526630401,0.2574619352817535,0.8216515183448792,0.5079739093780518,-0.023760026320815,5,0.6211780967993459,-0.0743124188339537,1.0,0.942903317454402,0,0,0.0520217004779634,0.2337982080494647,150,220,thymio-11
106,1788221845.96807,2.4164602756500244,0.3828268647193908,0.8591585672488478,85.82932112721032,2.4164602756500244,0.0949526578187942,0.3828268647193908,0.2864875495433807,0.8167497515678406,0.4952884316444397,-0.0743912681937217,5,0.5506200164075903,-0.14562709288073,1.0,0.956664564865482,0,0,0.0092018848629187,0.3669326763804156,-23,88,thymio-11
107,1788221846.5762508,2.398425817489624,0.402506023645401,0.8043286447473723,85.72410683632847,2.398425817489624,0.0953923389315605,0.402506023645401,0.3409895002841949,0.7996436357498169,0.46481454372406,-0.1680590957403183,5,0.5245696763734098,-0.2340568721088342,1.0,0.9674272768876452,0,0,-0.0239496204374906,0.4863533890547072,-159,-12,thymio-11
108,1788221847.185114,2.398425817489624,0.402506023645401,0.8043286447473723,85.62410683632848,2.398425817489624,0.0953923389315605,0.402506023645401,0.3409895002841949,0.7996436357498169,0.46481454372406,-0.1680590957403183,5,0.5245696763734098,-0.2340568721088342,1.0,0.9875058342997192,0,0,-0.007979429911861,0.486884456715634,-102,45,thymio-11
109,1788221847.7929,2.404780387878418,0.3902930915355682,0.6157476111815265,85.52410683632849,2.404780387878418,0.095448799431324,0.3902930915355682,0.4143553972244262,0.7633729577064514,0.3981056213378906,-0.2950984537601471,5,0.5369091927230856,-0.3391003647847221,1.0,1.0,0,0,-0.0580324253007269,0.5950968803299456,-296,-116,thymio-11
110,1788221848.4010365,2.4063754081726074,0.3641544878482818,-0.2183503051772457,85.42410683632849,2.4063754081726074,0.0951524451375007,0.3641544878482818,0.506864607334137,0.6555297374725342,0.2820691764354706,-0.483534961938858,5,1.0,1.0,-0.4942325357346273,0.5551058787170273,0,0,0.1679592606596671,0.189305805687081,500,500,thymio-11
111,1788221849.01012,2.402337551116944,0.3445760607719421,-0.8488865609671903,85.3241068363285,2.402337551116944,0.0948371514678001,0.3445760607719421,0.5465850234031677,0.5734687447547913,0.2056368291378021,-0.5745362043380737,5,1.0,1.0,-0.5965593843456933,0.5652790025490126,0,0,0.183197238560842,0.0119482942545083,500,500,thymio-11
112,1788221849.618355,2.402337551116944,0.3445760607719421,-0.8488865609671903,85.2241068363285,2.402337551116944,0.0948371514678001,0.3445760607719421,0.5465850234031677,0.5734687447547913,0.2056368291378021,-0.5745362043380737,5,1.0,1.0,-0.5965593843456933,0.5652790025490126,0,0,0.1488807903195051,0.239356956002455,493,500,thymio-11
113,1788221850.2260592,2.438709259033203,0.4120336174964905,-0.7880121789300043,85.12410683632851,2.438709259033203,0.0950144901871681,0.4120336174964905,0.537845253944397,0.5855914950370789,0.2132479697465896,-0.5677415728569031,5,1.0,1.0,-0.6458604320468275,0.5478941302642979,0,0,0.0878868505697487,0.426079783716687,248,377,thymio-11
114,1788221850.8339891,2.4949021339416504,0.5043420195579529,-0.9075368474208324,85.02410683632851,2.4949021339416504,0.0949959307909011,0.5043420195579529,0.5473209619522095,0.5631989240646362,0.1907531470060348,-0.5889482498168945,5,1.0,1.0,-0.7008853470084725,0.5335382849220867,0,0,0.0444046514747161,0.5558955718606396,74,242,thymio-11
115,1788221851.4424758,2.539781332015991,0.5704185962677002,-1.038856680438172,84.92410683632852,2.539781332015991,0.095356285572052,0.5704185962677002,0.5548049211502075,0.5330347418785095,0.1675018817186355,-0.6164483428001404,5,1.0,1.0,-0.6891326142523236,0.532309465445411,0,0,0.0396552792141189,0.5947107229037123,51,231,thymio-11
116,1788221852.0506563,2.573918104171753,0.6045769453048706,-1.2706681510813922,84.82410683632853,2.573918104171753,0.0951694697141647,0.6045769453048706,0.5719889402389526,0.4336452484130859,0.0776850506663322,-0.691914439201355,5,1.0,1.0,-0.6345759099908269,0.5460424830683028,0,0,0.082919886194215,0.6205936804949437,201,388,thymio-11
117,1788221852.6589494,2.636730432510376,0.6150378584861755,-1.4407773086822735,84.72410683632853,2.636730432510376,0.0941148847341537,0.6150378584861755,0.5685480237007141,0.1572853773832321,-0.128256469964981,-0.7972230911254883,5,1.0,0.5952526581391282,-0.5770819916118508,1.0,0,0,-0.0132782943207469,0.3206746894648317,-96,1,thymio-11
118,1788221853.2671564,2.6607844829559326,0.6102255582809448,-1.449685940759867,84.62410683632854,2.6607844829559326,0.0937873199582099,0.6102255582809448,0.5460854768753052,0.0506043396890163,-0.196013867855072,-0.8129013776779175,5,1.0,0.613428893408769,-0.541820534200087,1.0,0,0,0.0807232989682762,0.5421366889436712,205,369,thymio-11
119,1788221853.8750916,2.6607844829559326,0.6102255582809448,-1.449685940759867,84.52410683632854,2.6607844829559326,0.0937873199582099,0.6102255582809448,0.5460854768753052,0.0506043396890163,-0.196013867855072,-0.8129013776779175,5,1.0,0.613428893408769,-0.541820534200087,1.0,0,0,0.0866287083837339,0.5757423301745563,221,395,thymio-11
120,1788221854.4827783,2.676445245742798,0.5990472435951233,-1.437927859815504,84.42410683632855,2.676445245742798,0.0936775058507919,0.5990472435951233,0.5218736529350281,-0.0406384281814098,-0.2511710822582245,-0.8141925930976868,5,1.0,0.6383423565347084,-0.5216554889070566,1.0,0,0,0.0803154979790956,0.5630912422206923,200,370,thymio-11
121,1788221855.0903492,2.730515480041504,0.5346083641052246,-1.2765891684190445,84.32410683632855,2.730515480041504,0.0932708606123924,0.5346083641052246,0.4417236745357513,-0.2328584939241409,-0.3761615455150604,-0.7804868817329407,5,1.0,1.0,-0.5174842415915042,0.7098639880508757,0,0,0.0316949422328006,0.5829849425284914,25,201,thymio-11
122,1788221855.6984313,2.745298147201538,0.4810033142566681,-0.950257822403056,84.22410683632856,2.745298147201538,0.0928594842553138,0.4810033142566681,0.3589178323745727,-0.3839060366153717,-0.4479294717311859,-0.7232934832572937,5,1.0,-0.5238846405225084,1.0,0.7494947852917466,0,0,0.0362218232576263,0.6123472891059228,36,221,thymio-11
123,1788221856.30628,2.743425846099853,0.4641591906547546,-0.3159481318362278,84.12410683632856,2.743425846099853,0.0926296338438987,0.4641591906547546,0.281505137681961,-0.4924145638942718,-0.4980668425559997,-0.6559057235717773,5,1.0,-0.5103018149242209,1.0,0.7656305887619355,0,0,0.0841358180123688,0.5429551272059236,217,381,thymio-11
124,1788221856.9146905,2.711930274963379,0.4213506579399109,0.6133468348980244,83.94126882815618,2.711930274963379,0.0924188941717147,0.4213506579399109,0.1366399079561233,-0.6446465253829956,-0.5631202459335327,-0.4986540973186493,5,0.761370967181294,1.0,1.0,-0.5186054161435081,0,0,0.1361216861487788,-0.2963365129600145,500,439,thymio-11
125,1788221857.5219958,2.711930274963379,0.4213506579399109,0.6133468348980244,83.84126882815619,2.711930274963379,0.0924188941717147,0.4213506579399109,0.1366399079561233,-0.6446465253829956,-0.5631202459335327,-0.4986540973186493,5,0.761370967181294,1.0,1.0,-0.5186054161435081,0,0,0.101771234536346,-0.0868289205376774,375,348,thymio-11
126,1788221858.1294198,2.642624616622925,0.3665494918823242,0.6895315328143412,83.54571331357927,2.642624616622925,0.0928846523165702,0.3665494918823242,0.0976159200072288,-0.6732338070869446,-0.5702098608016968,-0.4605302214622497,5,0.736526858797284,1.0,1.0,-0.5753243801811924,0,0,0.1001150976817753,-0.0378046670241693,361,350,thymio-11
127,1788221858.7382984,2.5383646488189697,0.2753842771053314,0.6037813668319605,82.95219849721195,2.5383646488189697,0.0927296578884124,0.2753842771053314,0.1398854553699493,-0.6442964673042297,-0.5578073263168335,-0.5041480660438538,5,0.7118130956218172,1.0,1.0,-0.6841266378593958,0,0,0.0550408679569415,0.0797885231172969,184,208,thymio-11
128,1788221859.3465676,2.5013716220855717,0.2369738668203354,0.6228938883592487,82.74226854875026,2.5013716220855717,0.0928163304924964,0.2369738668203354,0.1354556381702423,-0.6488026976585388,-0.5599705576896667,-0.4971316754817962,5,0.7096410285315464,1.0,1.0,-0.7332999851964218,0,0,0.0388672483550904,0.1198837184009241,120,156,thymio-11
129,1788221859.9555595,2.5013716220855717,0.2369738668203354,0.6228938883592487,82.64226854875027,2.5013716220855717,0.0928163304924964,0.2369738668203354,0.1354556381702423,-0.6488026976585388,-0.5599705576896667,-0.4971316754817962,5,0.7096410285315464,1.0,1.0,-0.7332999851964218,0,0,0.0383216780191731,0.1971854751026064,106,166,thymio-11
130,1788221860.5631075,2.4780378341674805,0.2133892774581909,0.650713226153965,82.510927961591,2.4780378341674805,0.0926860198378562,0.2133892774581909,0.1220552176237106,-0.6606217622756958,-0.5591005086898804,-0.4858889877796173,5,0.707765344741218,1.0,1.0,-0.7651018294689678,0,0,0.0268261899446163,0.2282738218981782,61,130,thymio-11
131,1788221861.1711707,2.4461469650268555,0.1883686780929565,0.7389811737463807,82.33067429808057,2.4461469650268555,0.0933886393904686,0.1883686780929565,0.0756201669573783,-0.6936936974525452,-0.5702583193778992,-0.4334469437599182,5,0.7035466139698519,0.7019435088024235,1.0,-0.769271973253554,0,0,0.0285290068697771,0.2314571577808163,66,136,thymio-11
132,1788221861.779566,2.4278786182403564,0.1791350096464157,0.8124002248256947,82.2306568707768,2.4278786182403564,0.0935091450810432,0.1791350096464157,0.0323699191212654,-0.7266038060188293,-0.5744739174842834,-0.3754716515541076,5,0.6969874120773478,0.6688701867846523,1.0,-0.7600102644446505,0,0,0.0415590739967298,0.1232454072959561,129,166,thymio-11
133,1788221862.3877828,2.4060566425323486,0.1706418842077255,0.8569432377299764,82.1306568707768,2.4060566425323486,0.0938009470701217,0.1706418842077255,-0.0031897781882435,-0.7513625025749207,-0.5738496780395508,-0.3257926106452942,5,0.6884202969255999,0.652047788768864,1.0,-0.762183296473002,0,0,0.041149069549136,0.0505812955454659,139,154,thymio-11
134,1788221862.9960084,2.3796327114105225,0.1635825932025909,0.8747710072451058,82.01806428796284,2.3796327114105225,0.0934092998504638,0.1635825932025909,-0.0147953135892748,-0.762747049331665,-0.5688488483428955,-0.3072607219219208,5,0.6755582944808383,0.6488656314655101,1.0,-0.7775001229386773,1289,0,0.0314651029719004,0.0576338889085219,103,121,thymio-11
135,1788221863.6044438,2.3796327114105225,0.1635825932025909,0.8747710072451058,81.91806428796285,2.3796327114105225,0.0934092998504638,0.1635825932025909,-0.0147953135892748,-0.762747049331665,-0.5688488483428955,-0.3072607219219208,5,0.6755582944808383,0.6488656314655101,1.0,-0.7775001229386773,2117,0,-0.08,0.0723888431890637,-295,-273,thymio-11
136,1788221864.2133746,2.3447582721710205,0.1556383818387985,0.8818884962427171,81.79588452941235,2.3447582721710205,0.0937511622905731,0.1556383818387985,-0.0268347989767789,-0.7684398293495178,-0.5689536929130554,-0.2916707992553711,5,0.6582639251154476,0.6194170651950657,1.0,-0.7964346494349339,1424,0,0.0198655167503581,0.1093894753146656,54,87,thymio-11
137,1788221864.8211057,2.3447582721710205,0.1556383818387985,0.8818884962427171,81.69588452941235,2.3447582721710205,0.0937511622905731,0.1556383818387985,-0.0268347989767789,-0.7684398293495178,-0.5689536929130554,-0.2916707992553711,5,0.6582639251154476,0.6194170651950657,1.0,-0.7964346494349339,1369,0,0.0197729998888305,0.1340145370539564,50,90,thymio-11
138,1788221865.4243405,10000.0,10000.0,0.0,81.69588452941235,2.3447582721710205,0.0937511622905731,0.1556383818387985,-0.0268347989767789,-0.7684398293495178,-0.5689536929130554,-0.2916707992553711,5,1.0,1.0,-1.0,1.0,1828,0,0.03,-0.5964375414091466,197,17,thymio-11
139,1788221866.0277247,10000.0,10000.0,0.0,81.69588452941235,2.3447582721710205,0.0937511622905731,0.1556383818387985,-0.0268347989767789,-0.7684398293495178,-0.5689536929130554,-0.2916707992553711,5,1.0,1.0,-1.0,1.0,2252,0,-0.08,-0.0252744346601917,-280,-288,thymio-11
140,1788221866.6314845,10000.0,10000.0,0.0,81.69588452941235,2.3447582721710205,0.0937511622905731,0.1556383818387985,-0.0268347989767789,-0.7684398293495178,-0.5689536929130554,-0.2916707992553711,5,1.0,1.0,-1.0,1.0,0,0,0.03,0.3533709049142461,53,160,thymio-11
141,1788221867.2349424,10000.0,10000.0,0.0,81.69588452941235,2.3447582721710205,0.0937511622905731,0.1556383818387985,-0.0268347989767789,-0.7684398293495178,-0.5689536929130554,-0.2916707992553711,5,1.0,1.0,-1.0,1.0,0,0,0.03,0.5395974396424422,25,188,thymio-11
142,1788221867.838251,10000.0,10000.0,0.0,81.69588452941235,2.3447582721710205,0.0937511622905731,0.1556383818387985,-0.0268347989767789,-0.7684398293495178,-0.5689536929130554,-0.2916707992553711,5,1.0,1.0,-1.0,1.0,0,0,0.03,0.5932659185961531,17,196,thymio-11
143,1788221868.4411535,10000.0,10000.0,0.0,81.69588452941235,2.3447582721710205,0.0937511622905731,0.1556383818387985,-0.0268347989767789,-0.7684398293495178,-0.5689536929130554,-0.2916707992553711,5,1.0,1.0,-1.0,1.0,0,0,0.03,0.5832529751050198,19,195,thymio-11
144,1788221869.044671,2.3811423778533936,0.1607940644025802,0.8983713398212831,81.69588452941235,2.3811423778533936,0.0934413745999336,0.1607940644025802,-0.0487290397286415,-0.7812451720237732,-0.5652978420257568,-0.2602303922176361,5,0.6802175910037931,0.6084138352353863,1.0,-0.7720055707526869,0,0,0.0224939999097865,0.4126270476860991,18,142,thymio-11
145,1788221869.6543047,2.309581756591797,0.1938197910785675,0.7837909124686546,81.33971986095443,2.309581756591797,0.0941553711891174,0.1938197910785675,-0.3528229594230652,-0.7969936728477478,-0.450741708278656,0.1927408427000045,5,0.6578749391142531,1.0,1.0,-0.786368973523902,0,0,0.0260837771554965,-0.1186153553430577,111,75,thymio-11
146,1788221870.2624238,2.309581756591797,0.1938197910785675,0.7837909124686546,81.23971986095444,2.309581756591797,0.0941553711891174,0.1938197910785675,-0.3528229594230652,-0.7969936728477478,-0.450741708278656,0.1927408427000045,5,0.6578749391142531,1.0,1.0,-0.786368973523902,0,0,0.0273968651049744,-0.1932930497489869,127,68,thymio-11
147,1788221870.8658109,10000.0,10000.0,0.0,81.23971986095444,2.309581756591797,0.0941553711891174,0.1938197910785675,-0.3528229594230652,-0.7969936728477478,-0.450741708278656,0.1927408427000045,5,1.0,1.0,-1.0,1.0,0,0,0.03,-0.5181810306298023,185,28,thymio-11
148,1788221871.469468,10000.0,10000.0,0.0,81.23971986095444,2.309581756591797,0.0941553711891174,0.1938197910785675,-0.3528229594230652,-0.7969936728477478,-0.450741708278656,0.1927408427000045,5,1.0,1.0,-1.0,1.0,0,0,0.03,0.028714782238509,102,111,thymio-11
149,1788221872.072881,10000.0,10000.0,0.0,81.23971986095444,2.309581756591797,0.0941553711891174,0.1938197910785675,-0.3528229594230652,-0.7969936728477478,-0.450741708278656,0.1927408427000045,5,1.0,1.0,-1.0,1.0,0,0,0.03,0.4219326698064707,43,170,thymio-11
150,1788221872.676327,10000.0,10000.0,0.0,81.23971986095444,2.309581756591797,0.0941553711891174,0.1938197910785675,-0.3528229594230652,-0.7969936728477478,-0.450741708278656,0.1927408427000045,5,1.0,1.0,-1.0,1.0,0,0,0.03,0.5593487147355855,22,191,thymio-11
151,1788221873.2795684,2.2948198318481445,0.2232032120227813,0.7797761111551957,81.23971986095444,2.2948198318481445,0.0946704968810081,0.2232032120227813,-0.3602890968322754,-0.7886810302734375,-0.450568675994873,0.2125134468078613,5,0.676483048404569,1.0,1.0,-0.7585613287419901,0,0,0.0472551860574131,0.1916993845806749,139,197,thymio-11
152,1788221873.8877451,2.224161386489868,0.3088624477386474,0.6227785052010546,80.79748372926927,2.224161386489868,0.0961676761507988,0.3088624477386474,-0.4120282232761383,-0.7647751569747925,-0.3982055187225342,0.2945912778377533,5,0.6429505215661053,-0.553949956178398,1.0,0.8393924257051661,0,0,0.1783157765791138,-0.415893676646309,500,500,thymio-11
153,1788221874.4963098,2.224161386489868,0.3088624477386474,0.6227785052010546,80.69748372926928,2.224161386489868,0.0961676761507988,0.3088624477386474,-0.4120282232761383,-0.7647751569747925,-0.3982055187225342,0.2945912778377533,5,0.6429505215661053,-0.553949956178398,1.0,0.8393924257051661,0,0,0.0711842103973989,0.0291347179935732,249,257,thymio-11
154,1788221875.1054685,2.200384616851806,0.408831924200058,0.562101286023609,80.49093467085193,2.200384616851806,0.0969641879200935,0.408831924200058,-0.424793392419815,-0.7517979145050049,-0.3813831508159637,0.3299958705902099,5,0.5545613058472183,-0.4171567092894422,1.0,0.8887189147831533,0,0,0.0759701315313641,0.1315060670705787,250,290,thymio-11
155,1788221875.7133389,2.189848661422729,0.4646965265274048,0.546574113044016,80.38250533003915,2.189848661422729,0.0975331515073776,0.4646965265274048,-0.4294658303260803,-0.7480980157852173,-0.3816536366939544,0.3320375084877014,5,0.508828868659684,-0.3203148212213977,1.0,0.9203719422945552,0,0,0.075994814426356,0.179141194723251,243,297,thymio-11
156,1788221876.3216157,2.18506407737732,0.4877558648586273,0.5314083469461277,80.28250533003916,2.18506407737732,0.0977751463651657,0.4877558648586273,-0.4310472011566162,-0.7457888126373291,-0.3760983347892761,0.3413904309272766,5,0.4891150252433518,-0.2671214714670976,1.0,0.9347689374793136,0,0,0.052905674663586,0.2117965245072771,156,220,thymio-11
157,1788221876.9299204,2.174821615219116,0.5853173732757568,0.2905717254473257,80.13996858856457,2.174821615219116,0.0984600484371185,0.5853173732757568,-0.4654691517353058,-0.7136026620864868,-0.3366971909999847,0.4009299576282501,5,0.4145203667383221,-0.0292947093822152,1.0,1.0,0,0,-0.0764902181449848,0.5680536565421476,-358,-186,thymio-11
158,1788221877.5378678,2.174821615219116,0.5853173732757568,0.2905717254473257,80.03996858856458,2.174821615219116,0.0984600484371185,0.5853173732757568,-0.4654691517353058,-0.7136026620864868,-0.3366971909999847,0.4009299576282501,5,0.4145203667383221,-0.0292947093822152,1.0,1.0,0,0,-0.0281561814075088,0.5260673082416075,-179,-21,thymio-11
159,1788221878.1460636,2.17305850982666,0.5839710831642151,-0.1377069591513313,79.93996858856458,2.17305850982666,0.0984897837042808,0.5839710831642151,-0.4994760751724243,-0.664777934551239,-0.2884111404418945,0.4747768044471741,5,1.0,0.0429880214070015,1.0,0.4127554953058594,0,0,0.1423513599309789,0.4073412966895783,444,500,thymio-11
160,1788221878.7543628,2.1542701721191406,0.5346567034721375,-1.0679044641679305,79.79489357465025,2.1542701721191406,0.0980098694562912,0.5346567034721375,-0.5520761609077454,-0.5268799066543579,-0.161490112543106,0.6257240176200867,5,1.0,1.0,0.0364216847306866,0.429944591825643,0,0,0.1795738352411857,-0.0689899259281723,500,500,thymio-11
161,1788221879.3623064,2.2134714126586914,0.6021291017532349,-1.1249648731023525,79.69489357465025,2.2134714126586914,0.0978647619485855,0.6021291017532349,-0.5609188675880432,-0.5057264566421509,-0.1409287303686142,0.6401170492172241,5,1.0,1.0,0.1165415760418104,0.4208942108730378,0,0,0.1124101606752547,0.1181852006813412,382,417,thymio-11
162,1788221879.9719288,2.2655882835388184,0.6581150889396667,-1.0963620160041485,79.59489357465026,2.2655882835388184,0.098326988518238,0.6581150889396667,-0.5621024966239929,-0.5140464901924133,-0.1488313972949981,0.6305919885635376,5,1.0,1.0,0.1769925266764327,0.4176510679031326,0,0,0.1041572985948397,0.1547696773230662,347,393,thymio-11
163,1788221880.580498,2.3475210666656494,0.7415295243263245,-1.1876808348000223,79.49489357465026,2.3475210666656494,0.0983872413635253,0.7415295243263245,-0.567262589931488,-0.4835571050643921,-0.1306340396404266,0.6536974906921387,5,1.0,1.0,0.2734835468837835,0.4305127578256675,0,0,0.1136720387902743,0.1735833322336539,378,430,thymio-11
164,1788221881.1881754,2.375243186950684,0.7671037316322327,-1.2137459947263889,79.39489357465027,2.375243186950684,0.0981653183698654,0.7671037316322327,-0.5704483389854431,-0.4708872735500335,-0.1193234845995903,0.6622808575630188,5,1.0,1.0,0.3024902432198855,0.4357127950235153,0,0,0.1255164134015134,0.1776192644938693,419,473,thymio-11
165,1788221881.7963347,2.375243186950684,0.7671037316322327,-1.2137459947263889,79.29489357465027,2.375243186950684,0.0981653183698654,0.7671037316322327,-0.5704483389854431,-0.4708872735500335,-0.1193234845995903,0.6622808575630188,5,1.0,1.0,0.3024902432198855,0.4357127950235153,0,0,0.1359965119833135,0.2042132761681706,452,500,thymio-11
166,1788221882.4041257,2.468249797821045,0.8399417996406555,-1.2901547596667409,79.19489357465028,2.468249797821045,0.0978535488247871,0.8399417996406555,-0.5763601064682007,-0.4313161075115204,-0.0911624953150749,0.6880878806114197,5,1.0,0.3948782396999135,1.0,1.0,0,0,-0.0569851800673404,0.5023269727641044,-278,-127,thymio-11
167,1788221883.0118775,2.56367301940918,0.8983503580093384,-1.36616963069625,79.09489357465029,2.56367301940918,0.0978692173957824,0.8983503580093384,-0.584662914276123,-0.3528390228748321,-0.0213978011161088,0.7302165031433105,5,1.0,0.4834107539185324,1.0,1.0,0,0,0.007304562348583,0.5699320127373227,-60,112,thymio-11
168,1788221883.621455,2.5439765453338623,0.8908814191818237,-1.4353209237284454,78.98020720814252,2.5439765453338623,0.0977788195014,0.8908814191818237,-0.5869036316871643,-0.2298987060785293,0.068236157298088,0.7733269333839417,5,1.0,0.5028676265639842,0.4520053252918934,1.0,0,0,0.0499054909416131,0.2854417993790857,134,220,thymio-11
169,1788221884.2297127,2.5439765453338623,0.8908814191818237,-1.4353209237284454,78.88020720814252,2.5439765453338623,0.0977788195014,0.8908814191818237,-0.5869036316871643,-0.2298987060785293,0.068236157298088,0.7733269333839417,5,1.0,0.5028676265639842,0.4520053252918934,1.0,0,0,0.0594305255727454,0.4270380911977069,147,276,thymio-11
170,1788221884.839023,2.560350179672241,0.8873906135559082,-1.4354101144570608,78.78020720814253,2.560350179672241,0.0970978960394859,0.8873906135559082,-0.5608669519424438,-0.1143444925546646,0.1631179600954055,0.8035833239555359,5,1.0,0.4463690060034375,1.0,1.0,0,0,-0.0882704843400173,0.6213060300721424,-407,-220,thymio-11
171,1788221885.4479058,2.6125152111053467,0.8656604290008545,-1.467409025659571,78.68020720814253,2.6125152111053467,0.0964285805821418,0.8656604290008545,-0.5311898589134216,0.0094157243147492,0.2196383029222488,0.8182345628738403,5,1.0,0.4416050922606356,1.0,1.0,0,0,0.0469642013223077,0.6264416777147027,72,261,thymio-11
172,1788221886.05603,2.6125152111053467,0.8656604290008545,-1.467409025659571,78.58020720814254,2.6125152111053467,0.0964285805821418,0.8656604290008545,-0.5311898589134216,0.0094157243147492,0.2196383029222488,0.8182345628738403,5,1.0,0.4416050922606356,1.0,1.0,0,0,0.0695704833449554,0.6273806747625681,152,342,thymio-11
173,1788221886.6653025,2.5666208267211914,0.90179443359375,-1.3306744892354383,78.30118118354109,2.5666208267211914,0.0974208936095237,0.90179443359375,-0.4741381704807281,0.1438430845737457,0.3379546403884887,0.8001805543899536,5,1.0,0.3728522684724471,1.0,1.0,0,0,0.0937898346123255,0.624946935317822,239,428,thymio-11
174,1788221887.2739751,2.5833849906921387,0.858169674873352,-1.0832171874297725,78.2011811835411,2.5833849906921387,0.0975237712264061,0.858169674873352,-0.3850316703319549,0.3501836657524109,0.4285345077514648,0.7385663390159607,5,1.0,0.2698464810979628,1.0,0.605866207560533,0,0,0.0790475887537569,0.628121837690743,186,376,thymio-11
175,1788221887.8824074,2.5653843879699707,0.7586318254470825,0.2136419829282965,78.01453078830512,2.5653843879699707,0.0967328697443008,0.7586318254470825,-0.2280490547418594,0.5651465654373169,0.5251225829124451,0.5940112471580505,5,1.0,1.0,1.0,0.0738637677451481,0,0,0.0316910143253525,0.4259493069577043,48,177,thymio-11
176,1788221888.4906116,2.5653843879699707,0.7586318254470825,0.2136419829282965,77.91453078830513,2.5653843879699707,0.0967328697443008,0.7586318254470825,-0.2280490547418594,0.5651465654373169,0.5251225829124451,0.5940112471580505,5,1.0,1.0,1.0,0.0738637677451481,0,0,0.0900216312219071,0.3805828249314911,262,377,thymio-11
177,1788221889.0984986,2.528375625610352,0.7161674499511719,0.7536058819498535,77.68897666891363,2.528375625610352,0.0965232700109481,0.7161674499511719,-0.0854333564639091,0.6948723793029785,0.5665060877799988,0.4346544444561004,5,0.6182865511168822,1.0,1.0,-0.0720653306046824,0,0,0.0686157492772898,0.0526981881408497,236,252,thymio-11
178,1788221889.7060466,2.475766181945801,0.6895386576652527,0.8621435165726101,77.39055547493292,2.475766181945801,0.0970814451575279,0.6895386576652527,-0.0138082625344395,0.7500957250595093,0.567225992679596,0.3397360742092132,5,0.5855451758984216,1.0,1.0,-0.1781996863728912,0,0,0.1027897896841676,0.1772793577515567,338,392,thymio-11
179,1788221890.3150115,2.4439375400543213,0.6792448163032532,0.8393508917069474,77.18739129894138,2.4439375400543213,0.0971253663301467,0.6792448163032532,0.0044141770340502,0.7469724416732788,0.5749090313911438,0.3339047431945801,5,0.5664940442501454,1.0,1.0,-0.2407039401120756,0,0,0.1241295662644257,0.1389536015414463,420,462,thymio-11
180,1788221890.923191,2.324551105499268,0.6504195332527161,0.8823209830285794,76.51082422028583,2.324551105499268,0.0976654067635536,0.6504195332527161,0.0444576852023601,0.7751469612121582,0.5673077702522278,0.2744680643081665,5,0.4784162075057983,1.0,1.0,-0.3942145144100349,0,0,0.1287456819194352,0.0956659064675118,443,472,thymio-11
181,1788221891.5313456,2.2303900718688965,0.6388486623764038,0.8964454312450254,76.02291148684066,2.2303900718688965,0.0984603315591812,0.6388486623764038,0.0536826662719249,0.7821800112724304,0.565399706363678,0.2561951279640198,5,0.4062223494244215,1.0,1.0,-0.4664916379951819,0,0,0.1146078770850973,0.0774228891704442,396,419,thymio-11
182,1788221892.1392205,2.2303900718688965,0.6388486623764038,0.8964454312450254,75.92291148684066,2.2303900718688965,0.0984603315591812,0.6388486623764038,0.0536826662719249,0.7821800112724304,0.565399706363678,0.2561951279640198,5,0.4062223494244215,1.0,1.0,-0.4664916379951819,0,0,0.0895843375082312,0.116126020486007,301,336,thymio-11
183,1788221892.747282,2.163184881210327,0.6336014866828918,0.8953948609081017,75.57417364096347,2.163184881210327,0.0986406579613685,0.6336014866828918,0.0720502436161041,0.785476803779602,0.5674782395362854,0.2362274229526519,5,0.3568429742263139,1.0,1.0,-0.5089085505505402,0,0,0.0488381498779808,0.1351593118330462,153,194,thymio-11
184,1788221893.3554957,2.0656187534332275,0.6290463209152222,0.8991801564281143,75.04257017812387,2.0656187534332275,0.0986002534627914,0.6290463209152222,0.0824364870786666,0.7918238639831543,0.5626536011695862,0.2228011488914489,5,0.2860593939414853,1.0,1.0,-0.5204977984527519,0,0,-0.0020087839819238,0.1080667054013434,-23,9,thymio-11
185,1788221893.9651484,2.011317491531372,0.6302414536476135,0.9078861261799992,74.68238303175664,2.011317491531372,0.0990699008107185,0.6302414536476135,0.1039383113384246,0.7981950044631958,0.5619630217552185,0.1904713809490203,5,0.2470913481896777,1.0,1.0,-0.4254741041629811,0,0,-0.0006754072995439,0.0836465347969154,-15,10,thymio-11
186,1788221894.572791,2.010528087615967,0.6304553151130676,0.9143095582498848,74.58238303175665,2.010528087615967,0.0987702757120132,0.6304553151130676,0.1131659299135208,0.800385594367981,0.5625,0.1736956685781479,5,0.2477162163035997,1.0,1.0,-0.3455363333894128,0,0,0.0385479468699567,0.0106090945629946,135,139,thymio-11
187,1788221895.1806364,2.010528087615967,0.6304553151130676,0.9143095582498848,74.48238303175665,2.010528087615967,0.0987702757120132,0.6304553151130676,0.1131659299135208,0.800385594367981,0.5625,0.1736956685781479,5,0.2477162163035997,1.0,1.0,-0.3455363333894128,0,0,0.0608867179990511,0.0641242254398429,207,226,thymio-11
188,1788221895.7889066,1.9898669719696045,0.6343883872032166,0.9092022292562892,74.35976703809871,1.9898669719696045,0.0987425148487091,0.6343883872032166,0.1436648666858673,0.8071443438529968,0.5558285117149353,0.1375977098941803,5,0.2307344846534553,1.0,1.0,-0.2160002000000483,0,0,0.0849769629784501,0.231240546256895,267,337,thymio-11
189,1788221896.3971725,1.9416342973709104,0.6427171230316162,0.9006927552533117,74.07089907525328,1.9416342973709104,0.098625011742115,0.6427171230316162,0.1511218696832656,0.8106887936592102,0.5493872165679932,0.1346091330051422,5,0.1924569234928868,1.0,1.0,-0.1255145793463662,0,0,0.1211118474333174,0.4556353629485057,362,499,thymio-11
190,1788221897.005312,1.8625178337097168,0.6677063703536987,0.8969982317688334,73.5892501347078,1.8625178337097168,0.0995989516377449,0.6677063703536987,0.2010471671819687,0.8171535730361938,0.5367537140846252,0.0611191913485527,5,0.1208624811072145,1.0,1.0,-0.0402166044123523,0,0,0.1686442272935815,0.5993609431333777,500,500,thymio-11
191,1788221897.6131492,1.777305245399475,0.7118492722511292,0.8954723518978067,73.0627875917757,1.777305245399475,0.1008217930793762,0.7118492722511292,0.2300310134887695,0.8185978531837463,0.526178240776062,0.0109482537955045,5,0.0321433413821741,1.0,1.0,0.0216435751482726,0,0,0.1881980730689041,0.6050715177401842,500,500,thymio-11
192,1788221898.2211747,1.777305245399475,0.7118492722511292,0.8954723518978067,72.96278759177571,1.777305245399475,0.1008217930793762,0.7118492722511292,0.2300310134887695,0.8185978531837463,0.526178240776062,0.0109482537955045,5,0.0321433413821741,1.0,1.0,0.0216435751482726,0,0,0.1938085044420362,0.5864513799452388,500,500,thymio-11
193,1788221898.8296487,1.7113168239593506,0.7510898113250732,0.8852662262233526,72.51258715840711,1.7113168239593506,0.1012572720646858,0.7510898113250732,0.2431831955909729,0.8216157555580139,0.5155337452888489,-0.0058841095305979,5,-0.0402881883045582,0.0573861415835632,1.0,0.8783246734365011,0,0,0.1894701910533097,0.4872362947935029,500,500,thymio-11
194,1788221899.438618,1.5646823644638062,0.8327885866165161,0.9033156991675524,71.70720646207164,1.5646823644638062,0.1028088852763176,0.8327885866165161,0.2204173058271408,0.8199076056480408,0.527959942817688,0.0206438340246677,5,-0.1929804679898864,0.096278968877711,1.0,0.957594647909342,0,0,0.1825778831597739,0.3354745365441798,500,500,thymio-11
195,1788221900.0460825,1.514891505241394,0.8612452745437622,0.9020065836172132,71.36989160847787,1.514891505241394,0.1032088324427604,0.8612452745437622,0.2293711155653,0.8168202042579651,0.5292941927909851,0.0064425813034176,5,-0.2446107027046034,0.1227243198486882,1.0,0.9891303019518648,0,0,0.181291970473899,0.1542769781867318,500,500,thymio-11
1,1788308182.238315,0.071290835738182,-1.0065444707870483,-1.143705083135692,100.0,0.071290835738182,0.0893503502011299,-1.0065444707870483,-0.4739938974380493,0.2857646048069,0.4234108626842499,0.7172110080718994,5,1.0,1.0,1.0,1.0,0,0,0.0339784268569296,0.4390001371411732,54,187,thymio-01
2,1788308182.8431082,2.6842448711395264,-0.4670405685901642,0.5093676642022569,100.0,2.6842448711395264,0.0743481069803237,-0.4670405685901642,-0.4710113406181335,-0.6840457916259766,-0.4151142537593841,0.3713622391223907,5,1.0,-0.6713939621958571,-0.6862220879809463,1.0,0,0,0.0954202329165648,0.5966533826160065,249,429,thymio-01
3,1788308183.45083,2.6774582862854004,-0.4532766342163086,0.1078187640231531,99.9,2.6774582862854004,0.0742915719747543,-0.4532766342163086,-0.5089684724807739,-0.6456782221794128,-0.366407960653305,0.4356558918952942,5,-0.6983039112706875,1.0,-0.7121441475027832,1.0,0,0,0.088182781353223,0.6098812072614095,221,405,thymio-01
4,1788308184.059178,2.652186870574951,-0.3964284360408783,-0.7485691514899608,99.69706731690157,2.652186870574951,0.0750429481267929,-0.3964284360408783,-0.5655463933944702,-0.5639342665672302,-0.2684682011604309,0.5385725498199463,5,-0.7734219210215192,1.0,-0.6461145204511316,1.0,0,0,0.0405344377103743,0.5576982689487161,60,228,thymio-01
5,1788308184.667961,2.6466312408447266,-0.3383456170558929,-1.195456128101033,99.59706731690156,2.6466312408447266,0.0751528814435005,-0.3383456170558929,-0.5977071523666382,-0.4571967124938965,-0.1707277595996856,0.6360576748847961,5,-0.8494857169393926,1.0,-0.6020730685226658,1.0,1259,0,-0.0,0.618437130445956,-93,93,thymio-01
6,1788308185.2757957,2.661201477050781,-0.3213213086128235,-1.3716033962348972,99.49706731690156,2.661201477050781,0.074882298707962,-0.3213213086128235,-0.6230124235153198,-0.2994759082794189,-0.0283826980739831,0.7220554947853088,5,-0.851351776263894,1.0,-0.5867890695652515,-0.4489206282934792,1945,0,-0.0,0.6232780479197618,-94,94,thymio-01
7,1788308185.8840797,2.666506290435791,-0.3312280476093292,-1.4114766994182792,99.39706731690156,2.666506290435791,0.0744898989796638,-0.3312280476093292,-0.6185702681541443,-0.1775922924280166,0.0744679570198059,0.7617652416229248,5,-0.8292569510725072,1.0,-0.5978215540258516,-0.4290204663854421,1320,0,-0.002319352834426,0.6139839423094965,-101,84,thymio-01
8,1788308186.4918416,2.666506290435791,-0.3312280476093292,-1.4114766994182792,99.29706731690158,2.666506290435791,0.0744898989796638,-0.3312280476093292,-0.6185702681541443,-0.1775922924280166,0.0744679570198059,0.7617652416229248,5,-0.8292569510725072,1.0,1.0,-0.4290204663854421,0,0,-0.002319352834426,0.5860349610345523,-97,80,thymio-01
9,1788308187.1000135,2.6664581298828125,-0.3494318723678589,-1.3945704727275574,99.19706731690158,2.6664581298828125,0.0743124932050705,-0.3494318723678589,-0.5802718997001648,0.0263741109520196,0.2355584651231765,0.7791670560836792,5,-0.8201106585285118,1.0,-0.6063159374274762,-0.3962075953700331,0,0,-0.0041577576357691,0.616448407774633,-108,78,thymio-01
10,1788308187.7075746,2.6530661582946777,-0.3680813610553741,-1.2222019359029068,99.0970673169016,2.6530661582946777,0.0745503529906272,-0.3680813610553741,-0.4826766550540924,0.2601187527179718,0.3930265307426452,0.7381677627563477,5,-0.7914165842674282,1.0,-0.5861742926709697,-0.3311005065661279,0,0,-0.0099252665622469,0.5748502282731468,-122,52,thymio-01
11,1788308188.3157728,2.64185118675232,-0.3739838898181915,-0.922854506672122,98.9970673169016,2.64185118675232,0.0755479261279106,-0.3739838898181915,-0.417706549167633,0.3700349926948547,0.4627504050731659,0.6888087391853333,5,-0.7738475924991204,1.0,-0.5225430153814187,-0.2905824043406532,0,0,-0.0134566339076767,0.5902605914556739,-137,41,thymio-01
12,1788308188.924683,2.6185708045959477,-0.370526373386383,0.272290388345012,98.87786088442988,2.6185708045959477,0.0756067112088203,-0.370526373386383,-0.2875638902187347,0.5299622416496277,0.5483878254890442,0.5794116854667664,5,-0.2296995438102975,-0.4021818570567115,-0.755000169037247,1.0,0,0,-0.0172449660235133,0.185664937086059,-89,-33,thymio-01
13,1788308189.5326824,2.6185708045959477,-0.370526373386383,0.272290388345012,98.77786088442988,2.6185708045959477,0.0756067112088203,-0.370526373386383,-0.2875638902187347,0.5299622416496277,0.5483878254890442,0.5794116854667664,5,-0.2296995438102975,-0.4021818570567115,-0.755000169037247,1.0,0,0,0.0222944530914293,0.3637067771983604,24,134,thymio-01
14,1788308190.14213,2.5995547771453857,-0.3500495553016662,-2.504446568176264,98.6564857578826,2.5995547771453857,0.0762988626956939,-0.3500495553016662,-0.571919322013855,-0.0898350775241851,0.461292028427124,-0.6723448634147644,5,-0.3253825087315868,-0.1548400088552901,1.0,-0.7230433228111484,0,0,-0.0300615455973829,0.5740231511416058,-193,-20,thymio-01
15,1788308190.7504504,2.5950253009796143,-0.3527677357196808,0.931967166589394,98.5564857578826,2.5950253009796143,0.075660765171051,-0.3527677357196808,0.1097677275538444,-0.6858003735542297,-0.6020501852035522,-0.393909215927124,5,-0.0747003885387901,-0.2962766959890163,-0.6755535490772607,1.0,0,0,0.1038192260227789,0.3324670179513782,319,419,thymio-01
16,1788308191.3595693,2.573616981506348,-0.3546883463859558,1.0045077883055953,98.42970053404788,2.573616981506348,0.076428510248661,-0.3546883463859558,-0.0290819313377141,-0.7502204775810242,-0.611510157585144,-0.2497578114271164,5,0.029091913108967,-0.2295445548343075,-0.5711779841331982,1.0,0,0,0.0701931572646294,0.1215280703564148,231,268,thymio-01
17,1788308191.9675996,2.5386416912078857,-0.3978522717952728,1.0306305081788274,98.22070070555203,2.5386416912078857,0.0759141743183136,-0.3978522717952728,-0.0606748536229133,-0.7631166577339172,-0.6115017533302307,-0.2000931501388549,5,0.13419916790613,-0.1478839589104473,-0.4466642295662973,1.0,0,0,0.1214862702822351,-0.1831649210076764,459,404,thymio-01
18,1788308192.5753202,2.5386416912078857,-0.3978522717952728,1.0306305081788274,98.12070070555204,2.5386416912078857,0.0759141743183136,-0.3978522717952728,-0.0606748536229133,-0.7631166577339172,-0.6115017533302307,-0.2000931501388549,5,0.13419916790613,-0.1478839589104473,-0.4466642295662973,1.0,0,0,0.1120701153772688,0.0558506519798692,390,407,thymio-01
19,1788308193.1836958,2.502070426940918,-0.4424785077571869,1.027066486295853,97.9024423550992,2.502070426940918,0.076174110174179,-0.4424785077571869,-0.0621581934392452,-0.7634233236312866,-0.6106207966804504,-0.2011554986238479,5,0.2304667628696806,-0.0448293055469414,-0.3306811685822164,1.0,0,0,0.1181906808580512,0.0428903026125924,413,426,thymio-01
20,1788308193.793317,2.4226622581481934,-0.5483241677284241,1.0342264516015742,97.36992233688012,2.4226622581481934,0.0756856575608253,-0.5483241677284241,-0.0583949834108352,-0.7641032934188843,-0.6104332804679871,-0.2002685368061065,5,0.4310948565318186,0.0478513270209992,-0.0651391698314836,1.0,0,0,0.1385748318063659,-0.0563210337560114,500,484,thymio-01
21,1788308194.401566,2.3705155849456787,-0.6157608032226562,1.0308147659976967,96.9911899750228,2.3705155849456787,0.0751735791563987,-0.6157608032226562,-0.0559298023581504,-0.7632167339324951,-0.6100783348083496,-0.2053691148757934,5,0.5281499892243253,0.0647085538374705,0.1078435970159787,1.0,0,0,0.1356304203411885,-0.0672770530912012,492,472,thymio-01
22,1788308195.0097086,2.3350064754486084,-0.6667130589485168,1.022695931937431,96.75339880492554,2.3350064754486084,0.0753728672862052,-0.6667130589485168,-0.0453686267137527,-0.7546102404594421,-0.6163427233695984,-0.2205150425434112,5,0.6191687224837994,1.0,0.2323898527935568,1.0,0,0,0.1551859676222275,-0.231854068148688,500,500,thymio-01
23,1788308195.617562,2.3350064754486084,-0.6667130589485168,1.022695931937431,96.65339880492554,2.3350064754486084,0.0753728672862052,-0.6667130589485168,-0.0453686267137527,-0.7546102404594421,-0.6163427233695984,-0.2205150425434112,5,0.6191687224837994,1.0,0.2323898527935568,1.0,0,0,0.1276883517910077,-0.0835088403399476,466,441,thymio-01
24,1788308196.2255335,2.244556188583374,-0.8068923354148865,1.029700347390622,96.07981345700232,2.244556188583374,0.0747819244861602,-0.8068923354148865,-0.0279760081321001,-0.7535172700881958,-0.6137012243270874,-0.2340936213731765,5,1.0,1.0,0.4638189623422772,1.0,0,0,0.159838286636412,-0.1338848827031861,500,500,thymio-01
25,1788308196.8336737,2.1843838691711426,-0.9071951508522034,1.0112241432644122,95.66202710604544,2.1843838691711426,0.0747714862227439,-0.9071951508522034,-0.0196002293378114,-0.747364342212677,-0.6136418581008911,-0.2539805769920349,5,1.0,0.0418641604346277,0.6210694482398549,1.0,0,0,0.1412854457168388,-0.1139984285531416,500,485,thymio-01
26,1788308197.4412415,2.156056404113769,-0.9570096731185912,1.007501513498454,95.46499214456128,2.156056404113769,0.0748210176825523,-0.9570096731185912,-0.0199021100997924,-0.745895504951477,-0.6147066354751587,-0.2556945979595184,5,1.0,0.0513840988765679,0.6738912825351162,1.0,0,0,0.1289318711187554,-0.0691967733695864,469,448,thymio-01
27,1788308198.0496318,2.090307712554932,-1.079870104789734,1.008690891438274,94.99617793738592,2.090307712554932,0.074618674814701,-1.079870104789734,-0.0090448968112468,-0.7443433403968811,-0.612602949142456,-0.2656857371330261,5,1.0,0.0845354788901795,0.8091204927824878,1.0,0,0,0.1147693773803518,0.018956077686194,405,411,thymio-01
28,1788308198.658915,2.042568683624268,-1.1809974908828735,1.0065290961541589,94.64693217049822,2.042568683624268,0.0739497616887092,-1.1809974908828735,0.0051243011839687,-0.7403597235679626,-0.6109870672225952,-0.2802426815032959,5,1.0,1.0,0.9082709715583356,1.0,0,0,0.1492052020072951,-0.1899837170530942,500,500,thymio-01
29,1788308199.26727,2.042568683624268,-1.1809974908828735,1.0065290961541589,94.54693217049822,2.042568683624268,0.0739497616887092,-1.1809974908828735,0.0051243011839687,-0.7403597235679626,-0.6109870672225952,-0.2802426815032959,5,1.0,1.0,0.9082709715583356,1.0,0,0,0.1036147742135031,-0.0550434376692213,376,360,thymio-01
30,1788308199.8710506,10000.0,10000.0,0.0,94.54693217049822,2.042568683624268,0.0739497616887092,-1.1809974908828735,0.0051243011839687,-0.7403597235679626,-0.6109870672225952,-0.2802426815032959,5,1.0,1.0,-1.0,1.0,0,0,0.03,0.1036961682858579,91,122,thymio-01
31,1788308200.4742029,10000.0,10000.0,0.0,94.54693217049822,2.042568683624268,0.0739497616887092,-1.1809974908828735,0.0051243011839687,-0.7403597235679626,-0.6109870672225952,-0.2802426815032959,5,1.0,1.0,-1.0,1.0,0,0,0.03,0.1061381666054617,91,123,thymio-01
32,1788308201.077884,10000.0,10000.0,0.0,94.54693217049822,2.042568683624268,0.0739497616887092,-1.1809974908828735,0.0051243011839687,-0.7403597235679626,-0.6109870672225952,-0.2802426815032959,5,1.0,1.0,-1.0,1.0,0,0,0.03,0.486613474837898,33,180,thymio-01
33,1788308201.6812446,10000.0,10000.0,0.0,94.54693217049822,2.042568683624268,0.0739497616887092,-1.1809974908828735,0.0051243011839687,-0.7403597235679626,-0.6109870672225952,-0.2802426815032959,5,1.0,1.0,-1.0,1.0,0,0,0.03,0.5765824176877363,20,194,thymio-01
34,1788308202.2846158,10000.0,10000.0,0.0,94.54693217049822,2.042568683624268,0.0739497616887092,-1.1809974908828735,0.0051243011839687,-0.7403597235679626,-0.6109870672225952,-0.2802426815032959,5,1.0,1.0,-1.0,1.0,0,0,0.03,0.584234454780071,18,195,thymio-01
35,1788308202.8882506,10000.0,10000.0,0.0,94.54693217049822,2.042568683624268,0.0739497616887092,-1.1809974908828735,0.0051243011839687,-0.7403597235679626,-0.6109870672225952,-0.2802426815032959,5,1.0,1.0,-1.0,1.0,0,0,0.03,0.57569705251896,20,194,thymio-01
36,1788308203.4920409,10000.0,10000.0,0.0,94.54693217049822,2.042568683624268,0.0739497616887092,-1.1809974908828735,0.0051243011839687,-0.7403597235679626,-0.6109870672225952,-0.2802426815032959,5,1.0,1.0,1.0,1.0,0,0,0.03,0.3704267633408284,51,163,thymio-01
37,1788308204.0959082,10000.0,10000.0,0.0,94.54693217049822,2.042568683624268,0.0739497616887092,-1.1809974908828735,0.0051243011839687,-0.7403597235679626,-0.6109870672225952,-0.2802426815032959,5,1.0,1.0,1.0,1.0,0,0,0.03,0.2480835696947701,69,144,thymio-01
38,1788308204.699752,1.8518896102905276,-1.382062554359436,0.6684362256427132,94.54693217049822,1.8518896102905276,0.0719410702586174,-1.382062554359436,0.4398233890533447,0.722865879535675,0.434274673461914,-0.3089108467102051,5,1.0,1.0,-0.0020595361054722,1.0,0,0,0.1032980081602465,0.1648940227226803,342,392,thymio-01
39,1788308205.3081205,1.8518896102905276,-1.382062554359436,0.6684362256427132,94.44693217049824,1.8518896102905276,0.0719410702586174,-1.382062554359436,0.4398233890533447,0.722865879535675,0.434274673461914,-0.3089108467102051,5,1.0,1.0,-0.0020595361054722,1.0,0,0,0.1000671495962982,0.1629131862055148,331,380,thymio-01
40,1788308205.916239,1.8225396871566768,-1.3625240325927734,0.5739987362899592,94.26683814445168,1.8225396871566768,0.0724199190735817,-1.3625240325927734,0.4578290581703186,0.7077910900115967,0.4147052466869354,-0.3427009582519531,5,1.0,1.0,0.0442886739601657,1.0,0,0,0.0997889030905596,0.2049857045724473,324,386,thymio-01
41,1788308206.5243852,1.742442607879639,-1.3057663440704346,0.3473892835123613,93.76488315614958,1.742442607879639,0.0751265808939933,-1.3057663440704346,0.4962387084960937,0.6746006011962891,0.393047571182251,-0.3797037005424499,5,1.0,1.0,0.1533946867747462,1.0,0,0,0.1106476476116676,0.302684809496258,347,439,thymio-01
42,1788308207.1321623,1.6753157377243042,-1.242597579956055,0.1300404676775755,93.37394620673052,1.6753157377243042,0.076922059059143,-1.242597579956055,0.5108871459960938,0.6575027704238892,0.3579040467739105,-0.422598123550415,5,1.0,1.0,0.2171298314633809,1.0,0,0,0.1182621515981079,0.4121347052772612,358,482,thymio-01
43,1788308207.7402265,1.6567870378494265,-1.221856713294983,0.0275031650864079,93.26544315862806,1.6567870378494265,0.0770005732774734,-1.221856713294983,0.5181325078010559,0.6486827731132507,0.3454460203647613,-0.4375118315219879,5,1.0,1.0,0.232594349486253,1.0,0,0,0.1135639364695896,0.4859794968504776,330,477,thymio-01
44,1788308208.3477695,1.6567870378494265,-1.221856713294983,0.0275031650864079,93.16544315862808,1.6567870378494265,0.0770005732774734,-1.221856713294983,0.5181325078010559,0.6486827731132507,0.3454460203647613,-0.4375118315219879,5,1.0,1.0,1.0,1.0,0,0,0.0620554455019073,0.1204093586326573,202,239,thymio-01
45,1788308208.9558673,1.5791950225830078,-1.071083426475525,-0.9707926811451716,92.60512720271952,1.5791950225830078,0.0782485827803611,-1.071083426475525,0.577764093875885,0.5261762738227844,0.2393287420272827,-0.5762369632720947,5,0.4019362581162859,1.0,1.0,1.0,0,0,0.007754342529251,0.4861854900060186,-46,101,thymio-01
46,1788308209.5642347,1.5746681690216064,-1.050726294517517,-1.0065996191166429,92.50512720271954,1.5746681690216064,0.079391673207283,-1.050726294517517,0.5872496962547302,0.5148077607154846,0.2179113030433654,-0.5853421092033386,5,0.4182899838652303,1.0,1.0,1.0,0,0,0.0639284708189155,0.4363075434994098,161,293,thymio-01
47,1788308210.171946,1.575236439704895,-1.0207279920578003,-1.223328655146747,92.40512720271954,1.575236439704895,0.0795103386044502,-1.0207279920578003,-0.6121227145195007,-0.4315947592258453,-0.1394973248243332,0.6477439999580383,5,0.4450954724227323,1.0,1.0,1.0,0,0,0.0208585667248636,0.5580840467917096,-10,158,thymio-01
48,1788308210.7805748,1.5927484035491943,-0.9803374409675598,-1.3716711005856124,92.30512720271956,1.5927484035491943,0.0795068964362144,-0.9803374409675598,-0.6239851117134094,-0.29985311627388,-0.0293575040996074,0.7210193872451782,5,0.4759792251908248,1.0,1.0,1.0,0,0,0.0338385809713677,0.5578255390803201,36,204,thymio-01
49,1788308211.38947,1.6002421379089355,-0.9777709245681764,-1.4054787788176386,92.20512720271957,1.6002421379089355,0.0795167535543441,-0.9777709245681764,-0.6250295639038086,-0.2315761744976043,0.0250797979533672,0.7450379133224487,5,0.498657392102747,1.0,1.0,1.0,0,0,0.0272774044126257,0.5536493934952693,13,181,thymio-01
50,1788308211.9970872,1.6259127855300903,-0.9719532132148744,-1.4327172685284668,92.10512720271956,1.6259127855300903,0.0791139602661132,-0.9719532132148744,-0.5989947319030762,-0.0510298795998096,0.1631516814231872,0.7822933197021484,5,0.4398162342344771,1.0,1.0,1.0,0,0,0.028476296488357,0.5507423845341162,18,184,thymio-01
51,1788308212.605709,1.634529709815979,-0.9733707308769226,-1.4197121680133733,92.00512720271956,1.634529709815979,0.079341635107994,-0.9733707308769226,-0.5843199491500854,0.0166936367750167,0.2156118601560592,0.782178521156311,5,0.4311274668587674,1.0,1.0,1.0,0,0,0.034469448653051,0.549488521683013,39,205,thymio-01
52,1788308213.2145123,1.6590375900268557,-0.9841091632843018,-1.3134176313496375,91.90512720271956,1.6590375900268557,0.0790987163782119,-0.9841091632843018,-0.5106484293937683,0.2000694274902343,0.346439778804779,0.7610453367233276,5,0.399124293527046,1.0,1.0,1.0,0,0,0.0355441682703712,0.5478942660180821,44,209,thymio-01
53,1788308213.8232305,1.670593500137329,-0.99372661113739,-1.187432945142902,91.80512720271958,1.670593500137329,0.0788454115390777,-0.99372661113739,-0.4622741341590881,0.2864961624145508,0.4024009108543396,0.7364076375961304,5,0.3858682500849075,1.0,1.0,1.0,0,0,0.0292918237479851,0.5556927486534552,20,188,thymio-01
54,1788308214.4313898,1.670593500137329,-0.99372661113739,-1.187432945142902,91.70512720271958,1.670593500137329,0.0788454115390777,-0.99372661113739,-0.4622741341590881,0.2864961624145508,0.4024009108543396,0.7364076375961304,5,0.9869046716799978,1.0,1.0,1.0,0,0,0.0713991392037099,0.5266387280999738,174,333,thymio-01
55,1788308215.0397213,1.6825873851776123,-1.0141851902008057,-0.6803127601162124,91.6051272027196,1.6825873851776123,0.0786730796098709,-1.0141851902008057,-0.3749428689479828,0.419912725687027,0.4835941195487976,0.6702447533607483,5,0.9751357623812288,1.0,0.3341810955183439,1.0,0,0,0.1653300217186621,0.5902395770458668,498,500,thymio-01
56,1788308215.648428,1.6998785734176636,-1.058231234550476,0.302596977473601,91.5051272027196,1.6998785734176636,0.0775260627269744,-1.058231234550476,-0.2713645994663238,0.5400485396385193,0.546700656414032,0.5795060396194458,5,1.0,1.0,0.3054777942011819,1.0,0,0,0.0896081196687066,0.2974652787041544,273,363,thymio-01
57,1788308216.2566452,1.7247997522354126,-1.1169602870941162,0.3771400028189915,91.4051272027196,1.7247997522354126,0.0780459865927696,-1.1169602870941162,-0.2505762279033661,0.5613195896148682,0.540526807308197,0.5744237303733826,5,1.0,1.0,0.9620568477783764,1.0,0,0,0.1336663530878979,0.3423830215860785,423,500,thymio-01
58,1788308216.8650718,1.7247997522354126,-1.1169602870941162,0.3771400028189915,91.3051272027196,1.7247997522354126,0.0780459865927696,-1.1169602870941162,-0.2505762279033661,0.5613195896148682,0.540526807308197,0.5744237303733826,5,1.0,1.0,0.9620568477783764,1.0,0,0,0.1050131084651621,0.3698701555969845,317,429,thymio-01
59,1788308217.4736147,1.7504440546035769,-1.196304202079773,0.643354710104187,91.2051272027196,1.7504440546035769,0.0758026465773582,-1.196304202079773,-0.2205722033977508,0.5948430299758911,0.572396457195282,0.5194920301437378,5,1.0,1.0,0.9727349754070528,1.0,0,0,0.1003392102239143,0.2827971205780293,314,399,thymio-01
60,1788308218.0824757,1.7670608758926392,-1.303006291389465,0.7502354390044799,91.1051272027196,1.7670608758926392,0.0747516453266143,-1.303006291389465,0.1537506431341171,-0.6325300335884094,-0.591697096824646,-0.4755639433860779,5,1.0,1.0,1.0,1.0,0,0,0.0607578818596565,0.1738670201919826,190,242,thymio-01
61,1788308218.6911976,1.7670608758926392,-1.303006291389465,0.7502354390044799,91.00512720271962,1.7670608758926392,0.0747516453266143,-1.303006291389465,0.1537506431341171,-0.6325300335884094,-0.591697096824646,-0.4755639433860779,5,1.0,1.0,0.9977509362882055,1.0,0,0,0.109387788208656,0.2092384758913074,357,420,thymio-01
62,1788308219.294841,10000.0,10000.0,0.0,91.00512720271962,1.7670608758926392,0.0747516453266143,-1.303006291389465,0.1537506431341171,-0.6325300335884094,-0.591697096824646,-0.4755639433860779,5,1.0,1.0,-1.0,1.0,0,0,0.03,0.2671342750346198,66,147,thymio-01
63,1788308219.8979733,10000.0,10000.0,0.0,91.00512720271962,1.7670608758926392,0.0747516453266143,-1.303006291389465,0.1537506431341171,-0.6325300335884094,-0.591697096824646,-0.4755639433860779,5,1.0,1.0,-1.0,1.0,0,0,0.03,0.4329914896377959,41,172,thymio-01
64,1788308220.502186,10000.0,10000.0,0.0,91.00512720271962,1.7670608758926392,0.0747516453266143,-1.303006291389465,0.1537506431341171,-0.6325300335884094,-0.591697096824646,-0.4755639433860779,5,1.0,1.0,-1.0,1.0,0,0,0.03,0.5580390902004393,22,191,thymio-01
65,1788308221.1055713,10000.0,10000.0,0.0,91.00512720271962,1.7670608758926392,0.0747516453266143,-1.303006291389465,0.1537506431341171,-0.6325300335884094,-0.591697096824646,-0.4755639433860779,5,1.0,1.0,-1.0,1.0,0,0,0.03,0.5693003886655065,21,193,thymio-01
66,1788308221.7103918,10000.0,10000.0,0.0,91.00512720271962,1.7670608758926392,0.0747516453266143,-1.303006291389465,0.1537506431341171,-0.6325300335884094,-0.591697096824646,-0.4755639433860779,5,1.0,1.0,1.0,1.0,0,0,0.03,0.3604521553726063,52,161,thymio-01
67,1788308222.3138163,10000.0,10000.0,0.0,91.00512720271962,1.7670608758926392,0.0747516453266143,-1.303006291389465,0.1537506431341171,-0.6325300335884094,-0.591697096824646,-0.4755639433860779,5,1.0,1.0,1.0,1.0,0,0,0.03,0.2751541888894211,65,148,thymio-01
68,1788308222.9172704,10000.0,10000.0,0.0,91.00512720271962,1.7670608758926392,0.0747516453266143,-1.303006291389465,0.1537506431341171,-0.6325300335884094,-0.591697096824646,-0.4755639433860779,5,1.0,1.0,1.0,1.0,0,0,0.03,0.1621516000772514,82,131,thymio-01
69,1788308223.5203984,2.614063262939453,-1.3649144172668457,0.8988641349441355,91.00512720271962,2.614063262939453,0.0751077532768249,-1.3649144172668457,-0.1412891000509262,0.6759200692176819,0.5803123116493225,0.4317488968372345,5,-0.9500343724346136,1.0,0.2286212679240422,1.0,0,0,-0.0,0.2548173194880087,-38,38,thymio-01
70,1788308224.1285377,2.614063262939453,-1.3649144172668457,0.8988641349441355,90.90512720271964,2.614063262939453,0.0751077532768249,-1.3649144172668457,-0.1412891000509262,0.6759200692176819,0.5803123116493225,0.4317488968372345,5,1.0,1.0,-0.9146965268964584,1.0,0,0,0.0,0.4378411725527202,-66,66,thymio-01
71,1788308224.7322495,10000.0,10000.0,0.0,90.90512720271964,2.614063262939453,0.0751077532768249,-1.3649144172668457,-0.1412891000509262,0.6759200692176819,0.5803123116493225,0.4317488968372345,5,1.0,1.0,1.0,1.0,0,0,0.03,-0.0404771510428356,113,100,thymio-01
72,1788308225.3352218,10000.0,10000.0,0.0,90.90512720271964,2.614063262939453,0.0751077532768249,-1.3649144172668457,-0.1412891000509262,0.6759200692176819,0.5803123116493225,0.4317488968372345,5,1.0,1.0,1.0,1.0,0,0,0.03,0.2502432833434995,69,144,thymio-01
73,1788308225.9389403,10000.0,10000.0,0.0,90.90512720271964,2.614063262939453,0.0751077532768249,-1.3649144172668457,-0.1412891000509262,0.6759200692176819,0.5803123116493225,0.4317488968372345,5,1.0,1.0,1.0,1.0,0,0,0.03,0.2278809176177657,72,141,thymio-01
74,1788308226.5433457,10000.0,10000.0,0.0,90.90512720271964,2.614063262939453,0.0751077532768249,-1.3649144172668457,-0.1412891000509262,0.6759200692176819,0.5803123116493225,0.4317488968372345,5,1.0,1.0,1.0,1.0,0,0,0.03,0.2782600199257695,65,149,thymio-01
75,1788308227.1468976,10000.0,10000.0,0.0,90.90512720271964,2.614063262939453,0.0751077532768249,-1.3649144172668457,-0.1412891000509262,0.6759200692176819,0.5803123116493225,0.4317488968372345,5,1.0,1.0,1.0,1.0,0,0,0.03,0.3338158003085313,56,157,thymio-01
76,1788308227.750016,10000.0,10000.0,0.0,90.90512720271964,2.614063262939453,0.0751077532768249,-1.3649144172668457,-0.1412891000509262,0.6759200692176819,0.5803123116493225,0.4317488968372345,5,1.0,1.0,1.0,1.0,0,0,0.03,0.364813492947574,52,162,thymio-01
77,1788308228.352972,10000.0,10000.0,0.0,90.90512720271964,2.614063262939453,0.0751077532768249,-1.3649144172668457,-0.1412891000509262,0.6759200692176819,0.5803123116493225,0.4317488968372345,5,1.0,1.0,1.0,1.0,0,0,0.03,0.3877614875007008,48,165,thymio-01
78,1788308228.9574764,10000.0,10000.0,0.0,90.90512720271964,2.614063262939453,0.0751077532768249,-1.3649144172668457,-0.1412891000509262,0.6759200692176819,0.5803123116493225,0.4317488968372345,5,1.0,1.0,1.0,1.0,0,0,0.03,0.4056604057270153,45,168,thymio-01
79,1788308229.5607512,1.588534593582153,-1.3924978971481323,-1.3515535894930093,90.90512720271964,1.588534593582153,0.0734800100326538,-1.3924978971481323,0.6244624853134155,0.3183896243572235,0.0399557910859584,-0.712094247341156,5,0.4992514759179896,1.0,1.0,1.0,0,0,-0.0255488566099159,0.5840191510730914,-179,-3,thymio-01
80,1788308230.1682782,1.588534593582153,-1.3924978971481323,-1.3515535894930093,90.80512720271965,1.588534593582153,0.0734800100326538,-1.3924978971481323,0.6244624853134155,0.3183896243572235,0.0399557910859584,-0.712094247341156,5,0.4992514759179896,1.0,1.0,1.0,0,0,0.0422373618957084,0.509747935963712,73,227,thymio-01
81,1788308230.7758217,1.59275221824646,-1.3912965059280396,-1.377525322747002,90.70512720271964,1.59275221824646,0.0736121982336044,-1.3912965059280396,0.6230213642120361,0.2708974778652191,-0.001785022788681,-0.7337954640388489,5,0.9433830879123382,1.0,1.0,1.0,0,0,0.0411358032064452,0.5181768487018306,68,224,thymio-01
82,1788308231.3833416,1.6056519746780396,-1.4079666137695312,-1.4104237452885924,90.60512720271964,1.6056519746780396,0.0735227912664413,-1.4079666137695312,0.6071459650993347,0.0631578490138053,-0.168585330247879,-0.773927628993988,5,0.5281630087780824,1.0,1.0,1.0,0,0,0.0124872211856521,0.5516614698175484,-39,128,thymio-01
83,1788308231.9909737,1.631727695465088,-1.4057637453079224,-1.4432722750191045,90.50512720271963,1.631727695465088,0.0750521421432495,-1.4057637453079224,0.4815830886363983,-0.0474818460643291,-0.2010030001401901,-0.8517165184020996,5,0.5090769928153049,1.0,1.0,1.0,0,0,0.0255326878686898,0.5288717178550694,11,171,thymio-01
84,1788308232.5989408,1.6417592763900757,-1.4184690713882446,-1.3265516619752158,90.40512720271964,1.6417592763900757,0.0744392424821853,-1.4184690713882446,0.4600896537303924,-0.2285545468330383,-0.3293373584747314,-0.7922230362892151,5,0.4987338611306193,1.0,1.0,1.0,0,0,0.0255013529869033,0.5287095394646316,11,170,thymio-01
85,1788308233.2070067,1.64928138256073,-1.4359651803970337,-0.9029862815988938,90.30512720271966,1.64928138256073,0.0729223489761352,-1.4359651803970337,0.4054293632507324,-0.3832694888114929,-0.4600009620189667,-0.6907464265823364,5,0.4922307072186922,1.0,1.0,1.0,0,0,0.0340522183645336,0.5065916597563537,44,197,thymio-01
86,1788308233.814944,1.64928138256073,-1.4359651803970337,-0.9029862815988938,90.20512720271968,1.64928138256073,0.0729223489761352,-1.4359651803970337,0.4054293632507324,-0.3832694888114929,-0.4600009620189667,-0.6907464265823364,5,0.4922307072186922,1.0,1.0,1.0,0,0,0.008625240217584,0.5636775105384639,-54,116,thymio-01
87,1788308234.4231186,1.6493536233901978,-1.4361934661865234,-0.8975904652113096,90.10512720271969,1.6493536233901978,0.0728681460022926,-1.4361934661865234,0.4050658345222473,-0.3849731683731079,-0.4607939124107361,-0.6894826292991638,5,0.8616884744402444,1.0,1.0,1.0,0,0,0.0376510786606341,0.503061236269871,58,210,thymio-01
88,1788308235.032148,1.6493536233901978,-1.4361934661865234,-0.8975904652113096,90.00512720271968,1.6493536233901978,0.0728681460022926,-1.4361934661865234,0.4050658345222473,-0.3849731683731079,-0.4607939124107361,-0.6894826292991638,5,0.8336973547213302,1.0,1.0,1.0,0,0,0.0338813940813668,0.5106092141543469,43,197,thymio-01
89,1788308235.635054,10000.0,10000.0,0.0,90.00512720271968,1.6493536233901978,0.0728681460022926,-1.4361934661865234,0.4050658345222473,-0.3849731683731079,-0.4607939124107361,-0.6894826292991638,5,1.0,1.0,-1.0,1.0,0,0,0.03,0.2460955230316469,69,144,thymio-01
90,1788308236.2381463,10000.0,10000.0,0.0,90.00512720271968,1.6493536233901978,0.0728681460022926,-1.4361934661865234,0.4050658345222473,-0.3849731683731079,-0.4607939124107361,-0.6894826292991638,5,1.0,1.0,-1.0,1.0,0,0,0.03,0.5077370031272082,30,183,thymio-01
91,1788308236.841847,10000.0,10000.0,0.0,90.00512720271968,1.6493536233901978,0.0728681460022926,-1.4361934661865234,0.4050658345222473,-0.3849731683731079,-0.4607939124107361,-0.6894826292991638,5,1.0,1.0,-1.0,1.0,0,0,0.03,0.5536050876649729,23,190,thymio-01
92,1788308237.444759,10000.0,10000.0,0.0,90.00512720271968,1.6493536233901978,0.0728681460022926,-1.4361934661865234,0.4050658345222473,-0.3849731683731079,-0.4607939124107361,-0.6894826292991638,5,1.0,1.0,-1.0,1.0,0,0,0.03,0.562168258640178,22,191,thymio-01
93,1788308238.0476234,10000.0,10000.0,0.0,90.00512720271968,1.6493536233901978,0.0728681460022926,-1.4361934661865234,0.4050658345222473,-0.3849731683731079,-0.4607939124107361,-0.6894826292991638,5,1.0,1.0,-1.0,1.0,0,0,0.03,0.564403808692689,21,192,thymio-01
94,1788308238.6518507,10000.0,10000.0,0.0,90.00512720271968,1.6493536233901978,0.0728681460022926,-1.4361934661865234,0.4050658345222473,-0.3849731683731079,-0.4607939124107361,-0.6894826292991638,5,1.0,1.0,-1.0,1.0,0,0,0.03,0.56599689505907,21,192,thymio-01
95,1788308239.2564254,10000.0,10000.0,0.0,90.00512720271968,1.6493536233901978,0.0728681460022926,-1.4361934661865234,0.4050658345222473,-0.3849731683731079,-0.4607939124107361,-0.6894826292991638,5,1.0,1.0,-1.0,1.0,0,0,0.03,0.566777106017246,21,192,thymio-01
96,1788308239.8595688,10000.0,10000.0,0.0,90.00512720271968,1.6493536233901978,0.0728681460022926,-1.4361934661865234,0.4050658345222473,-0.3849731683731079,-0.4607939124107361,-0.6894826292991638,5,1.0,1.0,-1.0,1.0,0,0,0.03,0.5670785972135693,21,192,thymio-01
97,1788308240.4633858,10000.0,10000.0,0.0,90.00512720271968,1.6493536233901978,0.0728681460022926,-1.4361934661865234,0.4050658345222473,-0.3849731683731079,-0.4607939124107361,-0.6894826292991638,5,1.0,1.0,-1.0,1.0,0,0,0.03,0.5671671582801282,21,192,thymio-01
98,1788308241.0669208,10000.0,10000.0,0.0,90.00512720271968,1.6493536233901978,0.0728681460022926,-1.4361934661865234,0.4050658345222473,-0.3849731683731079,-0.4607939124107361,-0.6894826292991638,5,1.0,1.0,-1.0,1.0,0,0,0.03,0.5671809639662372,21,192,thymio-01
99,1788308241.6703296,10000.0,10000.0,0.0,90.00512720271968,1.6493536233901978,0.0728681460022926,-1.4361934661865234,0.4050658345222473,-0.3849731683731079,-0.4607939124107361,-0.6894826292991638,5,1.0,1.0,1.0,1.0,0,0,0.03,0.3647648239216744,52,162,thymio-01
100,1788308242.2737586,1.5541220903396606,-1.4288322925567627,-1.3408661865122302,90.00512720271968,1.5541220903396606,0.0734145566821098,-1.4288322925567627,0.6216570734977722,0.3269405364990234,0.0427391752600669,-0.7105109691619873,5,0.1860947306018801,1.0,1.0,1.0,0,0,0.0115942507067756,0.2758128714380731,0,83,thymio-01
101,1788308242.8813004,1.5541220903396606,-1.4288322925567627,-1.3408661865122302,89.90512720271968,1.5541220903396606,0.0734145566821098,-1.4288322925567627,0.6216570734977722,0.3269405364990234,0.0427391752600669,-0.7105109691619873,5,0.1860947306018801,1.0,1.0,1.0,0,0,0.0305471813458556,0.5267861121089591,29,188,thymio-01
102,1788308243.489062,1.567972183227539,-1.4161843061447144,-1.3797794708141693,89.80512720271969,1.567972183227539,0.0732461288571357,-1.4161843061447144,0.6243526935577393,0.2344457358121872,-0.0393479876220226,-0.7440904974937439,5,0.5999547408205355,1.0,1.0,1.0,0,0,0.0477204011220556,0.3205914075725972,121,218,thymio-01
103,1788308244.097748,1.5897912979125977,-1.41284441947937,-1.4126667844982446,89.7051272027197,1.5897912979125977,0.0737852975726127,-1.41284441947937,0.6045257449150085,0.0753779634833335,-0.1579011380672454,-0.7771319150924683,5,0.2127626322056,1.0,1.0,0.9419429768467308,0,0,-0.0036242897598552,0.5582102592617164,-97,71,thymio-01
104,1788308244.7054317,1.6187399625778198,-1.4041213989257812,-1.402589452503153,89.6051272027197,1.6187399625778198,0.0739366561174392,-1.4041213989257812,0.5845935940742493,-0.0027505203615874,-0.2164375483989715,-0.7819191813468933,5,0.2023865213466937,1.0,1.0,0.9273907639431548,0,0,0.0097152592218454,0.5563247482124266,-49,119,thymio-01
105,1788308245.3126109,1.6187399625778198,-1.4041213989257812,-1.402589452503153,89.5051272027197,1.6187399625778198,0.0739366561174392,-1.4041213989257812,0.5845935940742493,-0.0027505203615874,-0.2164375483989715,-0.7819191813468933,5,0.2023865213466937,1.0,1.0,0.9273907639431548,0,0,0.0009852098819287,0.5708722679086735,-83,90,thymio-01
106,1788308245.9203246,1.6160203218460083,-1.4146158695220947,-1.348998146607781,89.40512720271971,1.6160203218460083,0.0736167058348655,-1.4146158695220947,0.531855046749115,-0.1468724757432937,-0.3136162757873535,-0.772789478302002,5,0.6125487651360146,1.0,1.0,0.942903317454402,0,0,0.0145363614792923,0.5422756753049942,-30,134,thymio-01
107,1788308246.5283697,1.6090128421783447,-1.429550290107727,-1.012219782940179,89.30512720271972,1.6090128421783447,0.0732185840606689,-1.429550290107727,-0.4232520461082458,0.3580841720104217,0.4439904987812042,0.7039217948913574,5,-0.982279958779744,1.0,1.0,1.0,0,0,0.0,0.4610953439768649,-70,70,thymio-01
108,1788308247.1363633,1.6061294078826904,-1.4310823678970337,-0.866062016002243,89.20512720271972,1.6061294078826904,0.0731805860996246,-1.4310823678970337,-0.4002072215080261,0.3913243412971496,0.4644917249679565,0.6862557530403137,5,-0.9794173236238516,1.0,1.0,1.0,0,0,0.0,0.5132312899629884,-78,78,thymio-01
109,1788308247.7442358,1.6061294078826904,-1.4310823678970337,-0.866062016002243,89.10512720271973,1.6061294078826904,0.0731805860996246,-1.4310823678970337,-0.4002072215080261,0.3913243412971496,0.4644917249679565,0.6862557530403137,5,0.7529524227546152,1.0,1.0,1.0,0,0,0.0498251682100383,0.4965141071488053,102,252,thymio-01
110,1788308248.347087,10000.0,10000.0,0.0,89.10512720271973,1.6061294078826904,0.0731805860996246,-1.4310823678970337,-0.4002072215080261,0.3913243412971496,0.4644917249679565,0.6862557530403137,5,1.0,1.0,-1.0,1.0,0,0,0.03,0.2951043784404467,62,151,thymio-01
111,1788308248.950951,10000.0,10000.0,0.0,89.10512720271973,1.6061294078826904,0.0731805860996246,-1.4310823678970337,-0.4002072215080261,0.3913243412971496,0.4644917249679565,0.6862557530403137,5,1.0,1.0,-1.0,1.0,0,0,0.03,0.5218780489359831,28,185,thymio-01
112,1788308249.553828,10000.0,10000.0,0.0,89.10512720271973,1.6061294078826904,0.0731805860996246,-1.4310823678970337,-0.4002072215080261,0.3913243412971496,0.4644917249679565,0.6862557530403137,5,1.0,1.0,-1.0,1.0,0,0,0.03,0.5561449499913677,23,191,thymio-01
113,1788308250.1571622,10000.0,10000.0,0.0,89.10512720271973,1.6061294078826904,0.0731805860996246,-1.4310823678970337,-0.4002072215080261,0.3913243412971496,0.4644917249679565,0.6862557530403137,5,1.0,1.0,-1.0,1.0,0,0,0.03,0.561479666406246,22,191,thymio-01
114,1788308250.760922,10000.0,10000.0,0.0,89.10512720271973,1.6061294078826904,0.0731805860996246,-1.4310823678970337,-0.4002072215080261,0.3913243412971496,0.4644917249679565,0.6862557530403137,5,1.0,1.0,-1.0,1.0,0,0,0.03,0.5643282078120577,21,192,thymio-01
115,1788308251.3638628,10000.0,10000.0,0.0,89.10512720271973,1.6061294078826904,0.0731805860996246,-1.4310823678970337,-0.4002072215080261,0.3913243412971496,0.4644917249679565,0.6862557530403137,5,1.0,1.0,-1.0,1.0,0,0,0.03,0.5659805328688574,21,192,thymio-01
116,1788308251.9665778,10000.0,10000.0,0.0,89.10512720271973,1.6061294078826904,0.0731805860996246,-1.4310823678970337,-0.4002072215080261,0.3913243412971496,0.4644917249679565,0.6862557530403137,5,1.0,1.0,-1.0,1.0,0,0,0.03,0.5667182910297115,21,192,thymio-01
117,1788308252.5704024,10000.0,10000.0,0.0,89.10512720271973,1.6061294078826904,0.0731805860996246,-1.4310823678970337,-0.4002072215080261,0.3913243412971496,0.4644917249679565,0.6862557530403137,5,1.0,1.0,-1.0,1.0,0,0,0.03,0.5669622219127654,21,192,thymio-01
118,1788308253.1740816,10000.0,10000.0,0.0,89.10512720271973,1.6061294078826904,0.0731805860996246,-1.4310823678970337,-0.4002072215080261,0.3913243412971496,0.4644917249679565,0.6862557530403137,5,1.0,1.0,1.0,1.0,0,0,0.03,0.3624781368078201,52,161,thymio-01
119,1788308253.779036,10000.0,10000.0,0.0,89.10512720271973,1.6061294078826904,0.0731805860996246,-1.4310823678970337,-0.4002072215080261,0.3913243412971496,0.4644917249679565,0.6862557530403137,5,1.0,1.0,1.0,1.0,0,0,0.03,0.2751560452461901,65,148,thymio-01
120,1788308254.3819745,10000.0,10000.0,0.0,89.10512720271973,1.6061294078826904,0.0731805860996246,-1.4310823678970337,-0.4002072215080261,0.3913243412971496,0.4644917249679565,0.6862557530403137,5,1.0,1.0,1.0,1.0,0,0,0.03,0.1497509784595865,84,129,thymio-01
121,1788308254.9847214,1.4787174463272097,-1.3638355731964111,-1.2760580064652167,89.10512720271973,1.4787174463272097,0.0737874209880828,-1.3638355731964111,0.6104623079299927,0.4060728549957275,0.1205043271183967,-0.6692677736282349,5,0.795641280937931,1.0,1.0,1.0,0,0,0.0107158682561503,0.5048145454640973,-38,114,thymio-01
122,1788308255.5932584,1.485784649848938,-1.349226713180542,-1.3232145938728337,89.00512720271973,1.485784649848938,0.0738094374537468,-1.349226713180542,0.6209021210670471,0.3507578372955322,0.0646861270070076,-0.6980438828468323,5,0.7407798216490347,1.0,1.0,1.0,0,0,0.0417861947514914,0.4609826878751247,79,218,thymio-01
123,1788308256.201327,1.485784649848938,-1.349226713180542,-1.3232145938728337,88.90512720271974,1.485784649848938,0.0738094374537468,-1.349226713180542,0.6209021210670471,0.3507578372955322,0.0646861270070076,-0.6980438828468323,5,0.7407798216490347,1.0,1.0,1.0,0,0,0.0088988313775504,0.5571156837223736,-53,116,thymio-01
124,1788308256.8109543,1.4978530406951904,-1.3445802927017212,-1.3846024299520296,88.80512720271975,1.4978530406951904,0.0738323032855987,-1.3445802927017212,0.6266059279441833,0.2468701153993606,-0.0224239788949489,-0.7388622164726257,5,0.6988673147148396,1.0,1.0,1.0,0,0,0.0186500564160992,0.5522378479556288,-17,150,thymio-01
125,1788308257.418856,1.516878604888916,-1.3410896062850952,-1.411542496735633,88.70512720271975,1.516878604888916,0.0739392861723899,-1.3410896062850952,0.6090916991233826,0.0743015632033348,-0.1596704721450805,-0.7732993364334106,5,1.0,1.0,1.0,0.6381531480144547,0,0,0.12154764455624,0.3892297911466569,373,491,thymio-01
126,1788308258.02688,1.516878604888916,-1.3410896062850952,-1.411542496735633,88.60512720271976,1.516878604888916,0.0739392861723899,-1.3410896062850952,0.6090916991233826,0.0743015632033348,-0.1596704721450805,-0.7732993364334106,5,1.0,1.0,1.0,0.6381531480144547,0,0,0.0353009917911376,0.4446696040337112,58,193,thymio-01
127,1788308258.6349442,1.531766653060913,-1.347966194152832,-1.3789677690331068,88.50512720271976,1.531766653060913,0.0744106769561767,-1.347966194152832,0.571374773979187,-0.0681917741894722,-0.2680312693119049,-0.7726837396621704,5,1.0,1.0,1.0,0.6083025988306467,0,0,0.0972014854312654,0.4092641065549305,284,407,thymio-01
128,1788308259.2441218,1.6145575046539309,-1.351559281349182,-1.3147845904071356,88.40512720271977,1.6145575046539309,0.0748876556754112,-1.351559281349182,0.4690650105476379,-0.2280185669660568,-0.3381603062152862,-0.7833473682403564,5,1.0,1.0,1.0,0.5469809913003267,0,0,0.0753789588347421,0.4150632802898282,205,331,thymio-01
129,1788308259.8520234,1.6706233024597168,-1.3729604482650757,-1.183171519899322,88.30512720271977,1.6706233024597168,0.0739851146936416,-1.3729604482650757,0.4580490589141845,-0.295608252286911,-0.4038162231445312,-0.73466956615448,5,0.5412607127502986,1.0,1.0,1.0,0,0,-0.0069588098301487,0.4436351936131241,-92,42,thymio-01
130,1788308260.4599595,1.7106775045394895,-1.4015107154846191,-0.9201397024898764,88.20512720271978,1.7106775045394895,0.0728577971458435,-1.4015107154846191,0.4072806537151336,-0.3829706907272339,-0.4569729566574096,-0.6918321251869202,5,0.5543482592908446,1.0,1.0,-0.9720175331839122,0,0,0.0,0.0023522152322547,0,0,thymio-01
131,1788308261.0683656,1.7106775045394895,-1.4015107154846191,-0.9201397024898764,88.10512720271979,1.7106775045394895,0.0728577971458435,-1.4015107154846191,0.4072806537151336,-0.3829706907272339,-0.4569729566574096,-0.6918321251869202,5,0.133567020058237,1.0,1.0,1.0,0,0,0.1016291956101182,0.1173924768429274,343,379,thymio-01
132,1788308261.6726768,10000.0,10000.0,0.0,88.10512720271979,1.7106775045394895,0.0728577971458435,-1.4015107154846191,0.4072806537151336,-0.3829706907272339,-0.4569729566574096,-0.6918321251869202,5,1.0,1.0,1.0,1.0,0,0,0.03,0.3217737836774255,58,155,thymio-01
133,1788308262.2759387,10000.0,10000.0,0.0,88.10512720271979,1.7106775045394895,0.0728577971458435,-1.4015107154846191,0.4072806537151336,-0.3829706907272339,-0.4569729566574096,-0.6918321251869202,5,1.0,1.0,1.0,1.0,0,0,0.03,0.3990173675603105,46,167,thymio-01
134,1788308262.8791828,10000.0,10000.0,0.0,88.10512720271979,1.7106775045394895,0.0728577971458435,-1.4015107154846191,0.4072806537151336,-0.3829706907272339,-0.4569729566574096,-0.6918321251869202,5,1.0,1.0,1.0,1.0,0,0,0.03,0.4131459875688963,44,169,thymio-01
135,1788308263.4823515,10000.0,10000.0,0.0,88.10512720271979,1.7106775045394895,0.0728577971458435,-1.4015107154846191,0.4072806537151336,-0.3829706907272339,-0.4569729566574096,-0.6918321251869202,5,1.0,1.0,1.0,1.0,0,0,0.03,0.4393305970568222,40,173,thymio-01
136,1788308264.085348,10000.0,10000.0,0.0,88.10512720271979,1.7106775045394895,0.0728577971458435,-1.4015107154846191,0.4072806537151336,-0.3829706907272339,-0.4569729566574096,-0.6918321251869202,5,1.0,1.0,1.0,1.0,0,0,0.03,0.4485649982277112,39,174,thymio-01
137,1788308264.688742,10000.0,10000.0,0.0,88.10512720271979,1.7106775045394895,0.0728577971458435,-1.4015107154846191,0.4072806537151336,-0.3829706907272339,-0.4569729566574096,-0.6918321251869202,5,1.0,1.0,1.0,1.0,0,0,0.03,0.4462967528933236,39,174,thymio-01
138,1788308265.2919967,10000.0,10000.0,0.0,88.10512720271979,1.7106775045394895,0.0728577971458435,-1.4015107154846191,0.4072806537151336,-0.3829706907272339,-0.4569729566574096,-0.6918321251869202,5,1.0,1.0,-1.0,1.0,0,0,0.03,0.157017106795869,83,130,thymio-01
139,1788308265.895395,10000.0,10000.0,0.0,88.10512720271979,1.7106775045394895,0.0728577971458435,-1.4015107154846191,0.4072806537151336,-0.3829706907272339,-0.4569729566574096,-0.6918321251869202,5,1.0,1.0,-1.0,1.0,0,0,0.03,0.4811416226548278,34,179,thymio-01
140,1788308266.498609,10000.0,10000.0,0.0,88.10512720271979,1.7106775045394895,0.0728577971458435,-1.4015107154846191,0.4072806537151336,-0.3829706907272339,-0.4569729566574096,-0.6918321251869202,5,1.0,1.0,-1.0,1.0,0,0,0.03,0.55059519902779,23,190,thymio-01
141,1788308267.1015236,10000.0,10000.0,0.0,88.10512720271979,1.7106775045394895,0.0728577971458435,-1.4015107154846191,0.4072806537151336,-0.3829706907272339,-0.4569729566574096,-0.6918321251869202,5,1.0,1.0,-1.0,1.0,0,0,0.03,0.5654102226781986,21,192,thymio-01
142,1788308267.704656,10000.0,10000.0,0.0,88.10512720271979,1.7106775045394895,0.0728577971458435,-1.4015107154846191,0.4072806537151336,-0.3829706907272339,-0.4569729566574096,-0.6918321251869202,5,1.0,1.0,-1.0,1.0,0,0,0.03,0.5658776804520933,21,192,thymio-01
143,1788308268.3076174,10000.0,10000.0,0.0,88.10512720271979,1.7106775045394895,0.0728577971458435,-1.4015107154846191,0.4072806537151336,-0.3829706907272339,-0.4569729566574096,-0.6918321251869202,5,1.0,1.0,-1.0,1.0,0,0,0.03,0.5664527187645568,21,192,thymio-01
144,1788308268.911898,10000.0,10000.0,0.0,88.10512720271979,1.7106775045394895,0.0728577971458435,-1.4015107154846191,0.4072806537151336,-0.3829706907272339,-0.4569729566574096,-0.6918321251869202,5,1.0,1.0,1.0,1.0,0,0,0.03,0.3622572986741576,52,161,thymio-01
145,1788308269.5149477,10000.0,10000.0,0.0,88.10512720271979,1.7106775045394895,0.0728577971458435,-1.4015107154846191,0.4072806537151336,-0.3829706907272339,-0.4569729566574096,-0.6918321251869202,5,1.0,1.0,1.0,1.0,0,0,0.03,0.2833097514065542,64,149,thymio-01
146,1788308270.1181624,1.1816513538360596,1.4201462268829346,2.160514601229345,88.10512720271979,1.1816513538360596,0.0942136198282241,1.4201462268829346,0.0734080225229263,-0.6094299554824829,0.6751154661178589,-0.409176766872406,5,1.0,-0.9381192988175916,-0.9424188254104948,0.6578749391142531,0,0,0.0,-0.0786631066713116,12,-12,thymio-01
147,1788308270.7275567,1.1816513538360596,1.4201462268829346,2.160514601229345,88.00512720271979,1.1816513538360596,0.0942136198282241,1.4201462268829346,0.0734080225229263,-0.6094299554824829,0.6751154661178589,-0.409176766872406,5,1.0,-0.9381192988175916,-0.9424188254104948,0.6578749391142531,0,0,0.0,-0.4105839526721099,62,-62,thymio-01
148,1788308271.3307507,10000.0,10000.0,0.0,88.00512720271979,1.1816513538360596,0.0942136198282241,1.4201462268829346,0.0734080225229263,-0.6094299554824829,0.6751154661178589,-0.409176766872406,5,1.0,1.0,-1.0,1.0,0,0,0.03,-0.0822604973193368,119,94,thymio-01
149,1788308271.9335442,10000.0,10000.0,0.0,88.00512720271979,1.1816513538360596,0.0942136198282241,1.4201462268829346,0.0734080225229263,-0.6094299554824829,0.6751154661178589,-0.409176766872406,5,1.0,1.0,-1.0,1.0,0,0,0.03,0.2671756126554131,66,147,thymio-01
150,1788308272.5370069,10000.0,10000.0,0.0,88.00512720271979,1.1816513538360596,0.0942136198282241,1.4201462268829346,0.0734080225229263,-0.6094299554824829,0.6751154661178589,-0.409176766872406,5,1.0,1.0,-1.0,1.0,0,0,0.03,0.5337389647019442,26,187,thymio-01
151,1788308273.1399672,10000.0,10000.0,0.0,88.00512720271979,1.1816513538360596,0.0942136198282241,1.4201462268829346,0.0734080225229263,-0.6094299554824829,0.6751154661178589,-0.409176766872406,5,1.0,1.0,-1.0,1.0,0,0,0.03,0.574588152504001,20,193,thymio-01
152,1788308273.743232,10000.0,10000.0,0.0,88.00512720271979,1.1816513538360596,0.0942136198282241,1.4201462268829346,0.0734080225229263,-0.6094299554824829,0.6751154661178589,-0.409176766872406,5,1.0,1.0,-1.0,1.0,0,0,0.03,0.5906091912752052,17,196,thymio-01
153,1788308274.3463266,1.5846171379089355,-1.4255728721618652,-1.0232910691629438,88.00512720271979,1.5846171379089355,0.0731456130743026,-1.4255728721618652,0.5849477648735046,0.5114486813545227,0.2057937532663345,-0.5948994159698486,5,0.5041585570237503,1.0,1.0,1.0,0,0,0.0243585314814013,-0.1063883665111444,103,70,thymio-01
154,1788308274.9548905,1.6050300598144531,-1.3935481309890747,-1.3479145385534594,87.9051272027198,1.6050300598144531,0.0733155757188797,-1.3935481309890747,0.6250375509262085,0.3199823498725891,0.0398882552981376,-0.7108784914016724,5,0.2834807846846694,1.0,1.0,0.4192955309055544,0,0,0.0255633025142592,0.3531551442268614,38,144,thymio-01
155,1788308275.563514,1.612132906913757,-1.3767820596694946,-1.3608387853555295,87.8051272027198,1.612132906913757,0.0734415873885154,-1.3767820596694946,0.6263203620910645,0.3027631640434265,0.0267132837325334,-0.7178745269775391,5,0.2822809742602958,1.0,1.0,0.3460394843568952,0,0,0.0710859478122585,0.2354075363563216,217,288,thymio-01
156,1788308276.1719058,1.612132906913757,-1.3767820596694946,-1.3608387853555295,87.70512720271981,1.612132906913757,0.0734415873885154,-1.3767820596694946,0.6263203620910645,0.3027631640434265,0.0267132837325334,-0.7178745269775391,5,0.2822809742602958,1.0,1.0,0.3460394843568952,0,0,0.0449691243291801,0.3344517045467146,109,210,thymio-01
157,1788308276.7795367,1.6171523332595823,-1.3719037771224976,-1.378392719300065,87.60512720271981,1.6171523332595823,0.0734995827078819,-1.3719037771224976,0.6276153922080994,0.2699105739593506,-0.0006427656044252,-0.730237603187561,5,0.2820364251793799,1.0,1.0,0.3015471289399767,0,0,0.048786782930105,0.3804639281396972,116,231,thymio-01
158,1788308277.3879435,1.6651873588562012,-1.318211317062378,-1.4095234550302171,87.50512720271982,1.6651873588562012,0.073942631483078,-1.318211317062378,0.621351420879364,0.1507255882024765,-0.0991393402218818,-0.7624799013137817,5,0.2582400161234199,1.0,1.0,0.0616576343315871,0,0,0.0458522314682342,0.4371723701538385,97,229,thymio-01
159,1788308277.9952564,1.699562907218933,-1.3021053075790403,-1.4100963421674524,87.40512720271983,1.699562907218933,0.0745003074407577,-1.3021053075790403,0.6086786985397339,0.0452701263129711,-0.1821495145559311,-0.7708972692489624,5,0.2482413498469042,1.0,1.0,-0.0600771644293212,0,0,0.0385068608108553,0.4829068740272605,64,210,thymio-01
160,1788308278.603295,1.738763689994812,-1.300887107849121,-1.3857525907861543,87.30512720271983,1.738763689994812,0.0751617401838302,-1.300887107849121,0.5625529885292053,-0.1251502186059951,-0.2952301800251007,-0.7620437145233154,5,0.2558911993450352,1.0,1.0,-0.1474197913910149,0,0,0.0157429748661193,0.5105477315951032,-21,133,thymio-01
161,1788308279.2122068,1.7547898292541504,-1.3083467483520508,-1.3974111748568083,87.20512720271984,1.7547898292541504,0.0763256847858429,-1.3083467483520508,0.4257515072822571,-0.2427205741405487,-0.2890557050704956,-0.8223559260368347,5,0.3074707657730688,1.0,1.0,-0.1604754902398818,0,0,-0.0262162501986297,0.5372388355054245,-174,-12,thymio-01
162,1788308279.8200452,1.7547898292541504,-1.3083467483520508,-1.3974111748568083,87.10512720271984,1.7547898292541504,0.0763256847858429,-1.3083467483520508,0.4257515072822571,-0.2427205741405487,-0.2890557050704956,-0.8223559260368347,5,0.3074707657730688,1.0,1.0,-0.1604754902398818,0,0,-0.0789603911161378,0.4865236128514293,-354,-207,thymio-01
163,1788308280.428828,1.746635913848877,-1.31368088722229,-1.1396439687658346,87.00512720271985,1.746635913848877,0.0751644745469093,-1.31368088722229,0.4374224543571472,-0.3342128396034241,-0.4140119254589081,-0.7249535322189331,5,0.3287783223659435,1.0,1.0,-0.1471772329662296,0,0,-0.0969061225650257,0.339976352148583,-396,-293,thymio-01
164,1788308281.036979,1.6978447437286377,-1.289044737815857,-0.3236549372221962,86.70771235718755,1.6978447437286377,0.0744135156273841,-1.289044737815857,0.3476154506206512,-0.4740321040153503,-0.5039412975311279,-0.6328510046005249,5,-0.1481824175223948,1.0,0.3726069298023131,1.0,0,0,-0.0017743349147464,0.0944514177702551,-21,8,thymio-01
165,1788308281.6468952,1.6978447437286377,-1.289044737815857,-0.3236549372221962,86.60771235718755,1.6978447437286377,0.0744135156273841,-1.289044737815857,0.3476154506206512,-0.4740321040153503,-0.5039412975311279,-0.6328510046005249,5,-0.1387573124786133,1.0,1.0,1.0,0,0,0.0250627806872448,0.3690775871962252,33,145,thymio-01
166,1788308282.2499597,10000.0,10000.0,0.0,86.60771235718755,1.6978447437286377,0.0744135156273841,-1.289044737815857,0.3476154506206512,-0.4740321040153503,-0.5039412975311279,-0.6328510046005249,5,1.0,1.0,-1.0,1.0,0,0,0.03,0.2430555554818458,70,143,thymio-01
167,1788308282.8534153,10000.0,10000.0,0.0,86.60771235718755,1.6978447437286377,0.0744135156273841,-1.289044737815857,0.3476154506206512,-0.4740321040153503,-0.5039412975311279,-0.6328510046005249,5,1.0,1.0,-1.0,1.0,0,0,0.03,0.4651915988530305,36,177,thymio-01
168,1788308283.4569674,1.639426827430725,-1.2406305074691772,0.7217233923376272,86.60771235718755,1.639426827430725,0.0779942274093627,-1.2406305074691772,0.1740994751453399,-0.6127215623855591,-0.5999078154563904,-0.484120100736618,5,-0.0764865420457778,1.0,0.5599391429230383,1.0,0,0,0.0400280254204989,0.06411848860568,133,152,thymio-01
169,1788308284.0660875,1.631804347038269,-1.2562075853347778,0.861746129390065,86.50771235718756,1.631804347038269,0.0759811401367187,-1.2562075853347778,0.0978256613016128,-0.6741183996200562,-0.60392165184021,-0.4138516783714294,5,1.0,0.5839718770822167,-0.0293816644232717,1.0,0,0,0.1392605405582432,0.5589315313111394,410,500,thymio-01
170,1788308284.6743748,1.6255152225494385,-1.2822612524032593,0.8889413819858758,86.40771235718756,1.6255152225494385,0.0761108547449112,-1.2822612524032593,0.0695696026086807,-0.6892400979995728,-0.6091833710670471,-0.3860101401805877,5,1.0,0.5911970871579726,0.0204124095032127,1.0,0,0,0.1383551913329785,0.5925707907198124,402,500,thymio-01
171,1788308285.2823975,1.6227422952651978,-1.29417622089386,0.904615607741862,86.30771235718757,1.6227422952651978,0.0754502341151237,-1.29417622089386,0.0657839104533195,-0.6921662092208862,-0.6127719879150391,-0.3756179809570312,5,1.0,1.0,0.057405859612913,1.0,0,0,0.0349489250090281,0.4399037943741875,58,191,thymio-01
172,1788308285.890444,1.6227422952651978,-1.29417622089386,0.904615607741862,86.20771235718757,1.6227422952651978,0.0754502341151237,-1.29417622089386,0.0657839104533195,-0.6921662092208862,-0.6127719879150391,-0.3756179809570312,5,1.0,1.0,0.057405859612913,1.0,0,0,0.0957131564287885,0.5064213669097852,264,417,thymio-01
173,1788308286.4936414,10000.0,10000.0,0.0,86.20771235718757,1.6227422952651978,0.0754502341151237,-1.29417622089386,0.0657839104533195,-0.6921662092208862,-0.6127719879150391,-0.3756179809570312,5,1.0,1.0,-1.0,1.0,0,0,0.03,0.5551550398885872,23,190,thymio-01
174,1788308287.0969646,10000.0,10000.0,0.0,86.20771235718757,1.6227422952651978,0.0754502341151237,-1.29417622089386,0.0657839104533195,-0.6921662092208862,-0.6127719879150391,-0.3756179809570312,5,1.0,1.0,-1.0,1.0,0,0,0.03,0.533363632314147,26,187,thymio-01
175,1788308287.7007115,10000.0,10000.0,0.0,86.20771235718757,1.6227422952651978,0.0754502341151237,-1.29417622089386,0.0657839104533195,-0.6921662092208862,-0.6127719879150391,-0.3756179809570312,5,1.0,1.0,-1.0,1.0,0,0,0.03,0.5584623736442612,22,191,thymio-01
176,1788308288.3045118,10000.0,10000.0,0.0,86.20771235718757,1.6227422952651978,0.0754502341151237,-1.29417622089386,0.0657839104533195,-0.6921662092208862,-0.6127719879150391,-0.3756179809570312,5,1.0,1.0,1.0,1.0,0,0,0.03,0.3495950477255347,54,159,thymio-01
177,1788308288.9082196,10000.0,10000.0,0.0,86.20771235718757,1.6227422952651978,0.0754502341151237,-1.29417622089386,0.0657839104533195,-0.6921662092208862,-0.6127719879150391,-0.3756179809570312,5,1.0,1.0,1.0,1.0,0,0,0.03,0.2956358657699799,62,151,thymio-01
178,1788308289.5117545,10000.0,10000.0,0.0,86.20771235718757,1.6227422952651978,0.0754502341151237,-1.29417622089386,0.0657839104533195,-0.6921662092208862,-0.6127719879150391,-0.3756179809570312,5,1.0,1.0,1.0,1.0,0,0,0.03,0.1506355058659122,84,129,thymio-01
179,1788308290.1146138,10000.0,10000.0,0.0,86.20771235718757,1.6227422952651978,0.0754502341151237,-1.29417622089386,0.0657839104533195,-0.6921662092208862,-0.6127719879150391,-0.3756179809570312,5,1.0,1.0,-1.0,1.0,0,0,0.03,0.2880324890865068,63,150,thymio-01
180,1788308290.717621,10000.0,10000.0,0.0,86.20771235718757,1.6227422952651978,0.0754502341151237,-1.29417622089386,0.0657839104533195,-0.6921662092208862,-0.6127719879150391,-0.3756179809570312,5,1.0,1.0,-1.0,1.0,0,0,0.03,0.479525988482537,34,179,thymio-01
181,1788308291.321447,10000.0,10000.0,0.0,86.20771235718757,1.6227422952651978,0.0754502341151237,-1.29417622089386,0.0657839104533195,-0.6921662092208862,-0.6127719879150391,-0.3756179809570312,5,1.0,1.0,-1.0,1.0,0,0,0.03,0.5599807933175709,22,191,thymio-01
182,1788308291.924503,1.4076380729675293,-1.403800129890442,-0.4692017570950568,86.20771235718757,1.4076380729675293,0.0768696814775466,-1.403800129890442,-0.5264096856117249,-0.5888018608093262,-0.3366895914077759,0.5126844048500061,5,0.6918270034556613,1.0,1.0,1.0,0,0,0.0281882801038789,-0.1284050615763816,120,81,thymio-01
183,1788308292.5324533,1.4097241163253784,-1.3801591396331787,-1.061859709157269,86.10771235718758,1.4097241163253784,0.0728013068437576,-1.3801591396331787,-0.5967757105827332,-0.4950490593910217,-0.1837577372789383,0.6041674613952637,5,0.6620038477325094,1.0,1.0,1.0,0,0,0.0248443817939012,0.4527056284267288,20,157,thymio-01
184,1788308293.1405027,1.409946322441101,-1.3474034070968628,2.087566372860317,86.00771235718759,1.409946322441101,0.0742547065019607,-1.3474034070968628,0.4422666132450104,-0.693284809589386,0.5595581531524658,0.1032040789723396,5,1.0,0.6001786192018921,1.0,1.0,0,0,0.1127227131429127,-0.3045998853716822,447,355,thymio-01
185,1788308293.748222,1.421668529510498,-1.28052818775177,-1.2607005635954536,85.90771235718759,1.421668529510498,0.074213758111,-1.28052818775177,0.6122466325759888,0.4115520715713501,0.1220556050539016,-0.6639890670776367,5,1.0,1.0,1.0,0.4687735309023959,0,0,0.101717418397668,-0.00082925043826,362,361,thymio-01
186,1788308294.356668,1.421668529510498,-1.28052818775177,-1.2607005635954536,85.8077123571876,1.421668529510498,0.074213758111,-1.28052818775177,0.6122466325759888,0.4115520715713501,0.1220556050539016,-0.6639890670776367,5,1.0,1.0,1.0,0.4687735309023959,0,0,0.0954769246756654,0.055584125643408,331,348,thymio-01
187,1788308294.964709,1.4226425886154177,-1.2070361375808716,-1.2384509855221983,85.7077123571876,1.4226425886154177,0.075368508696556,-1.2070361375808716,0.6106680035591125,0.4243110716342926,0.1319896429777145,-0.6554567813873291,5,0.3419146055413715,1.0,1.0,0.9196462320064192,0,0,-0.0070364333514817,0.3707246164556702,-81,31,thymio-01
188,1788308295.5731792,1.4269943237304688,-1.1312206983566284,-1.2672832956591382,85.60771235718761,1.4269943237304688,0.0764784291386604,-1.1312206983566284,0.6168420910835266,0.4012414515018463,0.1096261665225029,-0.6682015061378479,5,0.161441496056143,1.0,1.0,0.8439400503223129,0,0,0.0077281340874289,0.5701262186322005,-59,114,thymio-01
189,1788308296.180709,1.4269943237304688,-1.1312206983566284,-1.2672832956591382,85.50771235718761,1.4269943237304688,0.0764784291386604,-1.1312206983566284,0.6168420910835266,0.4012414515018463,0.1096261665225029,-0.6682015061378479,5,0.161441496056143,1.0,1.0,0.8439400503223129,0,0,0.0056134983004457,0.5901560074833344,-69,109,thymio-01
190,1788308296.7901397,1.4352542161941528,-1.139238357543945,-1.3642489069114032,85.40771235718762,1.4352542161941528,0.076445497572422,-1.139238357543945,0.6296591758728027,0.2828911244869232,0.0058108805678784,-0.7235110998153687,5,1.0,1.0,1.0,0.0742795279270869,0,0,0.1686169751628842,0.3008334381730304,500,500,thymio-01
191,1788308297.3975625,1.4448684453964231,-1.1505625247955322,-1.415386065406386,85.30771235718763,1.4448684453964231,0.0761902555823326,-1.1505625247955322,0.6161959171295166,0.0946205332875251,-0.1418631821870803,-0.7689113020896912,5,0.2648504767846809,1.0,1.0,-0.0129060510971984,0,0,-0.0335759766414584,0.4495037311061062,-187,-51,thymio-01
192,1788308298.0054967,1.517190933227539,-1.107856512069702,-1.3952405829228065,85.20771235718763,1.517190933227539,0.0780868455767631,-1.107856512069702,0.6137030720710754,0.0702301189303398,-0.1731690913438797,-0.7671041488647461,5,0.167376066524193,1.0,1.0,-0.1320480726667345,0,0,0.0485699172518527,0.5147006071096114,95,250,thymio-01
193,1788308298.61341,1.4984827041625977,-1.124589920043945,-1.3699225100134729,85.09070636569619,1.4984827041625977,0.0785012170672416,-1.124589920043945,0.5920823812484741,-0.0229624137282371,-0.2502586543560028,-0.7656905651092529,5,0.1672182101148609,1.0,1.0,-0.1214391236503582,0,0,0.0246208152419031,0.510882345315531,10,165,thymio-01
194,1788308299.220696,1.5302716493606567,-1.1342930793762207,-1.2722364873628698,84.9907063656962,1.5302716493606567,0.0779338255524635,-1.1342930793762207,0.5174885988235474,-0.1994201093912124,-0.367554247379303,-0.7465527653694153,5,0.1129051895745363,1.0,1.0,-0.1041455607317068,0,0,-0.0150304659211693,0.5286376994868166,-133,26,thymio-01
195,1788308299.8286474,1.527556300163269,-1.137790560722351,-1.2049273040433688,84.8907063656962,1.527556300163269,0.0785939395427703,-1.137790560722351,0.4642373323440552,-0.2686896920204162,-0.392559140920639,-0.7471190690994263,5,0.1128926029509536,1.0,1.0,-0.0940076162365853,0,0,-0.0543594957388653,0.5205594485026948,-272,-115,thymio-01
196,1788308300.4368668,1.527556300163269,-1.137790560722351,-1.2049273040433688,84.79070636569621,1.527556300163269,0.0785939395427703,-1.137790560722351,0.4642373323440552,-0.2686896920204162,-0.392559140920639,-0.7471190690994263,5,0.1128926029509536,1.0,1.0,-0.0940076162365853,0,0,-0.0811770548478184,0.4779803982258943,-361,-216,thymio-01
1,1788308182.1985676,2.65830659866333,1.3622257709503174,-2.207196041320525,100.0,2.65830659866333,0.0900409296154975,1.3622257709503174,0.6130807399749756,0.0833512544631958,-0.1778509467840194,-0.7652148604393005,5,-0.1355732704326351,1.0,1.0,1.0,0,0,0.0150869401772623,-0.6274381617690444,148,-41,thymio-07
2,1788308182.8016317,2.773552179336548,-0.1646041125059127,-2.211550493496362,100.0,2.773552179336548,0.0762675479054451,-0.1646041125059127,0.6170160174369812,0.0882270261645317,-0.171650230884552,-0.762917697429657,5,-0.720232956400253,1.0,-0.6862220879809463,-0.7416119789741313,0,0,0.0778172718624689,0.5555390249017117,193,360,thymio-07
3,1788308183.4101896,2.7800967693328857,-0.1679726690053939,-2.189964031670902,99.9,2.7800967693328857,0.0763978958129882,-0.1679726690053939,0.6363617777824402,0.1995022296905517,-0.0887863412499427,-0.7398375272750854,5,-0.7275054594742849,1.0,-0.6983039112706875,-0.7026636982039631,0,0,0.0898674275658072,0.6248824537389867,225,414,thymio-07
4,1788308184.0184388,2.7970807552337646,-0.2207638472318649,-2.21082905622549,99.8,2.7970807552337646,0.0753367245197296,-0.2207638472318649,0.6166350245475769,0.1230587437748909,-0.1444849967956543,-0.7640300393104553,5,-0.7613081552248808,1.0,-0.7734219210215192,-0.6448941951096174,0,0,-0.0135421938746746,0.5963198773122321,-138,42,thymio-07
5,1788308184.6263018,2.789514780044556,-0.2886872291564941,-2.182965230126228,99.70000000000002,2.789514780044556,0.0746538713574409,-0.2886872291564941,0.586096465587616,-0.0201727245002985,-0.2599339187145233,-0.7671495676040649,5,-0.7337536981109898,1.0,-0.8494857169393926,-0.5412663781337962,3756,0,-0.08,0.5669586146501908,-370,-199,thymio-07
6,1788308185.2338216,2.797484397888184,-0.2601267397403717,-2.039631528498969,99.60000000000002,2.797484397888184,0.0748509913682937,-0.2601267397403717,0.4985690116882324,-0.2173240482807159,-0.3940644264221191,-0.7408863306045532,5,-0.7168429208303877,1.0,-0.851351776263894,-0.5417634157201155,1918,0,-0.0,0.6017399053016093,-91,91,thymio-07
7,1788308185.8415308,2.8112504482269287,-0.2390620112419128,-1.8737311703250987,99.50000000000004,2.8112504482269287,0.0751998648047447,-0.2390620112419128,0.4452452659606933,-0.3121565282344818,-0.4460985958576202,-0.710852324962616,5,-0.7106935218788538,1.0,-0.8292569510725072,-0.5456094540399691,0,0,-0.002319352834426,0.6047028963541572,-100,83,thymio-07
8,1788308186.4496183,2.8112504482269287,-0.2390620112419128,-1.8737311703250987,99.40000000000003,2.8112504482269287,0.0751998648047447,-0.2390620112419128,0.4452452659606933,-0.3121565282344818,-0.4460985958576202,-0.710852324962616,5,-0.7106935218788538,1.0,-0.8292569510725072,-0.5456094540399691,0,0,-0.002319352834426,0.6061323455674241,-100,83,thymio-07
9,1788308187.0575194,2.8034985065460205,-0.2315144389867782,-0.903067239991166,99.30000000000004,2.8034985065460205,0.0753435119986534,-0.2315144389867782,0.3151659369468689,-0.4792320728302002,-0.5403749942779541,-0.6156312823295593,5,1.0,-0.8201106585285118,-0.6767917334114907,-0.5277531064691987,0,0,-0.0041577576357691,0.6177117742097537,-108,79,thymio-07
10,1788308187.6666644,2.800209045410156,-0.2187757343053817,-0.0716850815722254,99.20000000000005,2.800209045410156,0.0754900053143501,-0.2187757343053817,0.1296265423297882,-0.637500524520874,-0.6052848100662231,-0.4587161242961883,5,-0.4733333183547599,-0.7914165842674282,-0.6379171158576988,1.0,0,0,-0.0099252665622469,0.0780460492596835,-47,-23,thymio-07
11,1788308188.274789,2.80206036567688,-0.2127677053213119,0.1034023250438997,99.10000000000004,2.80206036567688,0.0758009031414985,-0.2127677053213119,0.0371696352958679,-0.7030268907546997,-0.6255857944488525,-0.3361756205558777,5,-0.4305293088367261,-0.4660693183110551,-0.6196110545457757,-0.7738475924991204,0,0,-0.0134566339076767,0.5967723733051785,-138,42,thymio-07
12,1788308188.8826325,2.8090453147888184,-0.214493915438652,0.1406683425624111,99.00000000000006,2.8090453147888184,0.075476124882698,-0.214493915438652,-0.0232647899538278,-0.7340702414512634,-0.6230348348617554,-0.2691231667995453,5,-0.336433216381572,-0.3940872283794445,-0.5912485973892946,-0.755000169037247,0,0,0.0510536846845673,0.5664433313204754,96,267,thymio-07
13,1788308189.490411,2.8090453147888184,-0.214493915438652,0.1406683425624111,98.90000000000006,2.8090453147888184,0.075476124882698,-0.214493915438652,-0.0232647899538278,-0.7340702414512634,-0.6230348348617554,-0.2691231667995453,5,-0.336433216381572,-0.3940872283794445,-0.5912485973892946,-0.755000169037247,0,0,0.0500787585140492,0.5283469662391279,98,258,thymio-07
14,1788308190.098228,2.8196818828582764,-0.1797027736902237,0.1591710780928719,98.80000000000008,2.8196818828582764,0.0749703049659729,-0.1797027736902237,-0.2266356348991394,-0.7789411544799805,-0.5845621824264526,-0.0131949456408619,5,-0.2345764411186153,-0.3329543100121942,-0.5440040552764993,-0.7230433228111484,0,0,0.0667101633082781,0.5303362366841126,157,317,thymio-07
15,1788308190.706305,2.8402013778686523,-0.1378038376569748,0.0668773321904439,98.70000000000007,2.8402013778686523,0.0773602947592735,-0.1378038376569748,-0.3446133434772491,-0.7591833472251892,-0.5358351469039917,0.1332787424325943,5,-0.1602846396364644,-0.2726106500035621,-0.5232163545556052,-0.6755535490772607,0,0,0.0944327987364099,0.5581807494718876,251,420,thymio-07
16,1788308191.3149962,2.906986951828003,-0.0815651789307594,-0.279479595032186,98.60000000000008,2.906986951828003,0.0774018764495849,-0.0815651789307594,-0.467223048210144,-0.7086174488067627,-0.4222834706306457,0.3181834518909454,5,1.0,-0.5711779841331982,-0.5428589038418525,-0.0292039422741617,0,0,0.1041560410821443,0.3039638068892134,324,416,thymio-07
17,1788308191.9225311,2.976755857467652,-0.0553527660667896,-0.6668597805062859,98.50000000000009,2.976755857467652,0.0766113176941871,-0.0553527660667896,-0.5202942490577698,-0.668101966381073,-0.3608476519584656,0.3907974064350128,5,1.0,-0.4466642295662973,-0.5795893296194952,0.0920922207653418,0,0,0.1097895966053507,-0.2431650255320022,427,353,thymio-07
18,1788308192.5304744,2.976755857467652,-0.0553527660667896,-0.6668597805062859,98.40000000000008,2.976755857467652,0.0766113176941871,-0.0553527660667896,-0.5202942490577698,-0.668101966381073,-0.3608476519584656,0.3907974064350128,5,1.0,-0.4466642295662973,-0.5795893296194952,0.0920922207653418,0,0,0.1888622638725814,-0.3363107076875228,500,500,thymio-07
19,1788308193.138878,3.0403106212615967,-0.0390230976045131,-0.7258828145880365,98.3000000000001,3.0403106212615967,0.0763569548726081,-0.0390230976045131,-0.5259231925010681,-0.663124144077301,-0.3517162799835205,0.3999586105346679,5,1.0,-0.3306811685822164,-0.6097357903722485,0.2073646269261049,0,0,0.1710590780981479,-0.2335112833148049,500,500,thymio-07
20,1788308193.747321,3.1762590408325195,0.0127624189481139,-0.534358915888828,98.2000000000001,3.1762590408325195,0.0762793347239494,0.0127624189481139,-0.5012625455856323,-0.67471843957901,-0.3824308812618255,0.3837154507637024,5,1.0,-0.0651391698314836,-0.6714287017177323,0.4287836364206763,0,0,0.1206283079124799,-0.1801852770980245,456,401,thymio-07
21,1788308194.3553164,3.261547088623047,0.0518349967896938,-0.4598150190291656,98.10000000000012,3.261547088623047,0.076338455080986,0.0518349967896938,-0.4934807419776916,-0.6842123866081238,-0.3923006355762481,0.3666476607322693,5,1.0,0.100771519683233,-0.7116956332213451,0.5345100156251825,0,0,0.0701586325535178,0.0815333479057331,237,262,thymio-07
22,1788308194.9634757,3.321475982666016,0.082211822271347,-0.3452383042108824,98.00000000000011,3.321475982666016,0.0742573738098144,0.082211822271347,-0.4723751246929168,-0.7045984268188477,-0.3990880250930786,0.3480395674705505,5,1.0,0.2323898527935568,-0.7586981125685348,0.6299986371737651,0,0,0.0525077100063452,-0.1486412094943812,209,164,thymio-07
23,1788308195.5715363,3.321475982666016,0.082211822271347,-0.3452383042108824,97.90000000000012,3.321475982666016,0.0742573738098144,0.082211822271347,-0.4723751246929168,-0.7045984268188477,-0.3990880250930786,0.3480395674705505,5,1.0,0.2323898527935568,-0.7586981125685348,0.6299986371737651,0,0,0.0522667277434961,-0.1329307294538148,206,166,thymio-07
24,1788308196.17934,3.390528678894043,0.1156011521816253,-0.416068524453026,97.80000000000013,3.390528678894043,0.0725262090563774,0.1156011521816253,-0.4852799475193023,-0.7087734937667847,-0.3816313147544861,0.341322660446167,5,-0.7815318705051444,0.4638189623422772,1.0,0.7863962972944227,0,0,-0.0047340069619359,0.2076910746839947,-48,15,thymio-07
25,1788308196.7870705,3.433676481246948,0.1385000646114349,-0.3254637419807658,97.70000000000012,3.433676481246948,0.0736397579312324,0.1385000646114349,-0.4824146926403045,-0.6905983686447144,-0.4299495816230774,0.3247974812984466,5,1.0,0.4397379366058438,-0.8284925131714521,0.8898119970993803,0,0,0.0078765903591642,0.5731520034028886,-59,115,thymio-07
26,1788308197.395519,3.4336256980896,0.1374389976263046,-0.3949946930840355,97.60000000000014,3.4336256980896,0.0734921544790268,0.1374389976263046,-0.4892705976963043,-0.6926641464233398,-0.4069622159004211,0.3394297361373901,5,-0.8247522616123071,0.4390110243648666,1.0,0.925278319590261,1339,0,-8.37256968452965e-05,0.4555103476819737,-69,68,thymio-07
27,1788308198.003829,3.446540355682373,0.1310638189315796,-1.3749765220201575,97.50000000000014,3.446540355682373,0.0747803151607513,0.1310638189315796,-0.5690383315086365,-0.5913183689117432,-0.2784290909767151,0.4990143775939941,5,-0.8304905889889398,0.8091204927824878,0.4352683404911295,1.0,0,0,0.0030419480447773,0.5585999967549801,-74,95,thymio-07
28,1788308198.6116257,3.45034122467041,0.1213774904608726,-2.024533634113287,97.40000000000016,3.45034122467041,0.0752425268292427,0.1213774904608726,-0.6175742149353027,-0.4421864449977875,-0.1455650180578231,0.6339432597160339,5,1.0,1.0,0.9082709715583356,-0.8317513813669697,0,0,0.0045142523268489,-0.337999316824548,67,-35,thymio-07
29,1788308199.2200243,3.45034122467041,0.1213774904608726,-2.024533634113287,97.30000000000015,3.45034122467041,0.0752425268292427,0.1213774904608726,-0.6175742149353027,-0.4421864449977875,-0.1455650180578231,0.6339432597160339,5,1.0,1.0,0.9082709715583356,-0.8317513813669697,0,0,0.0067134670644068,0.0272225039840312,20,28,thymio-07
30,1788308199.8277411,3.4527127742767334,0.117789939045906,-2.082305625787512,97.20000000000016,3.4527127742767334,0.0751324892044067,0.117789939045906,-0.6222366690635681,-0.4097729623317718,-0.1168490946292877,0.6566994190216064,5,1.0,1.0,1.0,-0.834585324875373,0,0,0.0032662119597705,0.2475525636657967,-26,49,thymio-07
31,1788308200.4372509,3.454306364059448,0.1192496567964553,-2.034339168161844,97.10000000000016,3.454306364059448,0.0750045776367187,0.1192496567964553,-0.6138062477111816,-0.4402537941932678,-0.1437840461730957,0.6393315196037292,5,1.0,1.0,1.0,-0.8432575215543394,0,0,0.0,0.500926783418039,-76,76,thymio-07
32,1788308201.0448391,3.4608731269836426,0.1125321388244628,-2.123877824909614,97.00000000000016,3.4608731269836426,0.0746426433324813,0.1125321388244628,-0.6244198083877563,-0.3875741064548492,-0.105232186615467,0.6699346899986267,5,1.0,1.0,1.0,-0.8580708727710205,0,0,0.0,0.6182257679703494,-93,93,thymio-07
33,1788308201.6537347,3.460731029510498,0.1063746884465217,-2.151822025406599,96.90000000000018,3.460731029510498,0.0747642442584037,0.1063746884465217,-0.6274333596229553,-0.3028378486633301,0.0036050346679985,0.7173588275909424,5,1.0,1.0,1.0,-0.8524183089955796,0,0,0.0,0.6244897802843811,-94,94,thymio-07
34,1788308202.261289,3.460731029510498,0.1063746884465217,-2.151822025406599,96.80000000000018,3.460731029510498,0.0747642442584037,0.1063746884465217,-0.6274333596229553,-0.3028378486633301,0.0036050346679985,0.7173588275909424,5,1.0,1.0,1.0,-0.8524183089955796,0,0,0.0,0.6257672444296131,-94,94,thymio-07
35,1788308202.8690386,3.4492671489715576,0.0927194207906723,-2.2259466777745933,96.7000000000002,3.4492671489715576,0.0750515237450599,0.0927194207906723,-0.5875058770179749,-0.0058584194630384,0.2184749543666839,0.7791478037834167,5,1.0,1.0,1.0,-0.7749450015870045,0,0,0.0253053074919719,0.6251326747422173,-4,184,thymio-07
36,1788308203.478016,3.4378345012664795,0.0890861749649047,-2.1224490143246824,96.6000000000002,3.4378345012664795,0.0756445974111557,0.0890861749649047,-0.524577260017395,0.1703766733407974,0.3515229225158691,0.7564536929130554,5,1.0,1.0,0.4824790710350299,-0.7626512354487331,0,0,0.0408375591543183,0.6259842755030685,51,240,thymio-07
37,1788308204.086263,3.414313793182373,0.0775185674428939,-1.8700392594225344,96.47112732484273,3.414313793182373,0.0749964416027069,0.0775185674428939,-0.4339474141597748,0.3348851203918457,0.442969799041748,0.7094500660896301,5,1.0,1.0,0.4318139474292228,-0.7468678525250985,0,0,0.0333455705755254,0.6158077777182362,25,211,thymio-07
38,1788308204.6946557,3.364919662475586,0.0778699815273284,-0.4241937090160506,96.20362549063526,3.364919662475586,0.0745705291628837,0.0778699815273284,-0.2757321000099182,0.5405567288398743,0.5668518543243408,0.5571797490119934,5,-0.7401602311928265,0.3673389365273227,1.0,1.0,0,0,0.0021179264510824,0.0811424902192408,-5,20,thymio-07
39,1788308205.302337,3.364919662475586,0.0778699815273284,-0.4241937090160506,96.10362549063528,3.364919662475586,0.0745705291628837,0.0778699815273284,-0.2757321000099182,0.5405567288398743,0.5668518543243408,0.5571797490119934,5,-0.7401602311928265,0.3673389365273227,1.0,1.0,0,0,0.0046321846171279,0.0286768036395048,12,21,thymio-07
40,1788308205.9101994,3.351198196411133,0.0838211849331855,-0.1970034683490591,96.00362549063529,3.351198196411133,0.0741112157702446,0.0838211849331855,-0.2089908570051193,0.5748607516288757,0.6099587082862854,0.5037939548492432,5,-0.7603952891304202,0.3164819045999032,1.0,1.0,0,0,-0.0161605468847855,0.1639860726385136,-82,-33,thymio-07
41,1788308206.5193782,3.3487918376922607,0.0871980264782905,-0.1618482049521334,95.90362549063528,3.3487918376922607,0.074734054505825,0.0871980264782905,-0.2060691267251968,0.588888943195343,0.6008374094963074,0.4997396767139435,5,-0.8124754092377552,0.2437226462383521,1.0,1.0,0,0,-0.0056924427432112,0.2851118015948818,-63,23,thymio-07
42,1788308207.1267252,3.3542401790618896,0.0862728804349899,-0.068791365048106,95.80362549063528,3.3542401790618896,0.0741350576281547,0.0862728804349899,-0.1366791576147079,0.6153650283813477,0.634374737739563,0.4474521577358246,5,-0.7740564941104369,0.2369815839899065,1.0,1.0,0,0,-0.0134146446838021,0.1571580944780284,-71,-24,thymio-07
43,1788308207.7344108,3.356331348419189,0.0863904356956482,0.136746366912464,95.70362549063528,3.356331348419189,0.0728653743863105,0.0863904356956482,-0.1698734164237976,0.6547056436538696,0.6185654401779175,0.3998503983020782,5,-0.7762628778414646,0.2378757564839082,1.0,1.0,0,0,-0.0129711615538655,0.1170611552510755,-64,-28,thymio-07
44,1788308208.3417346,3.356331348419189,0.0863904356956482,0.136746366912464,95.6036254906353,3.356331348419189,0.0728653743863105,0.0863904356956482,-0.1698734164237976,0.6547056436538696,0.6185654401779175,0.3998503983020782,5,-0.7762628778414646,1.0,1.0,1.0,0,0,-0.0129711615538655,0.2185082599782647,-79,-13,thymio-07
45,1788308208.9510703,3.37386417388916,0.0805268287658691,0.0983263613598026,95.5036254906353,3.37386417388916,0.0735618323087692,0.0805268287658691,-0.0407767258584499,0.6981571316719055,0.6288134455680847,0.3398640751838684,5,-0.7682759464593314,0.1760703021211602,1.0,1.0,0,0,-0.0145765347616744,0.2213289791167794,-85,-18,thymio-07
46,1788308209.559068,3.377286434173584,0.0784012898802757,0.098574721434403,95.4036254906353,3.377286434173584,0.0736867263913154,0.0784012898802757,-0.0238658189773559,0.7035137414932251,0.6302585601806641,0.3275254964828491,5,-0.761407716357952,0.1748517775387739,1.0,1.0,0,0,-0.0159570490120516,0.186528008797307,-85,-29,thymio-07
47,1788308210.1670475,3.390765428543091,0.0690846517682075,0.1633470481387422,95.30362549063533,3.390765428543091,0.0741328820586204,0.0690846517682075,0.0324839651584625,0.7360416650772095,0.6302722096443176,0.2448356747627258,5,-0.8028247353003739,0.1785825245899668,1.0,1.0,0,0,-0.0076322282046248,0.1566102996297297,-51,-3,thymio-07
48,1788308210.7754164,3.4005560874938965,0.0565536171197891,0.1548399569446177,95.20362549063532,3.4005560874938965,0.0733305141329765,0.0565536171197891,0.0792948454618454,0.7633053660392761,0.606147825717926,0.2089550495147705,5,-0.753153699166228,0.2201141903797738,1.0,1.0,0,0,-0.0176161064675881,0.1936343896309995,-92,-33,thymio-07
49,1788308211.3832994,3.4029266834259038,0.0533718019723892,0.1456816974434938,95.10362549063532,3.4029266834259038,0.0730533823370933,0.0533718019723892,0.1049942746758461,0.7574244737625122,0.6171678900718689,0.1854408979415893,5,-0.7615257579467395,0.2361987430910377,1.0,1.0,0,0,-0.0159333226527053,0.195443554124916,-86,-27,thymio-07
50,1788308211.9921846,3.4105327129364014,0.0368229411542415,0.1501412541701361,95.00362549063532,3.4105327129364014,0.0728591457009315,0.0368229411542415,0.1574112623929977,0.7685774564743042,0.6083030700683594,0.1203235015273094,5,-0.8088717460929766,0.3030856153400592,1.0,1.0,2486,0,-0.08,0.1832373822817145,-312,-257,thymio-07
51,1788308212.6009145,3.4131245613098145,0.0290829911828041,0.1468253037148188,94.90362549063532,3.4131245613098145,0.0727135315537452,0.0290829911828041,0.1777239143848419,0.7668642997741699,0.60906583070755,0.096809834241867,5,-0.8157012458689773,0.2963959653104633,1.0,1.0,0,0,-0.0050440495803355,0.1770161861766121,-45,9,thymio-07
52,1788308213.208356,3.418281078338623,-0.0256973523646593,0.1400972302636312,94.80362549063534,3.418281078338623,0.0722031965851783,-0.0256973523646593,0.213124617934227,0.7774235010147095,0.5895544290542603,0.0511493645608425,5,-0.7104989267085724,0.309151759792043,1.0,0.99340285931082,0,0,-0.0261897157315769,0.4848172795254834,-166,-20,thymio-07
53,1788308213.81654,3.420278549194336,-0.0314537808299064,0.1329843251108733,94.70362549063536,3.420278549194336,0.0723209977149963,-0.0314537808299064,0.2501877546310425,0.7889705896377563,0.5611384510993958,-0.0074349748902022,5,-0.7171595231699106,0.3042623382647744,1.0,0.9869046716799978,0,0,-0.0248509358428479,0.2952887169549708,-133,-44,thymio-07
54,1788308214.424687,3.420278549194336,-0.0314537808299064,0.1329843251108733,94.60362549063537,3.420278549194336,0.0723209977149963,-0.0314537808299064,0.2501877546310425,0.7889705896377563,0.5611384510993958,-0.0074349748902022,5,-0.7171595231699106,1.0,1.0,0.9869046716799978,0,0,-0.0248509358428479,0.2686368162154622,-129,-48,thymio-07
55,1788308215.032769,3.418353319168091,-0.0511758215725421,0.0439142233320013,94.50362549063536,3.418353319168091,0.0732518434524536,-0.0511758215725421,0.3477008938789367,0.766193151473999,0.5259533524513245,-0.1241983771324157,5,-0.7532407359201707,0.4202916382194046,1.0,0.9751357623812288,0,0,-0.0175986120800456,0.3779499113877653,-120,-5,thymio-07
56,1788308215.6405897,3.4106359481811523,-0.0723806917667388,-0.0316975172196265,94.40362549063536,3.4106359481811523,0.0723961070179939,-0.0723806917667388,0.4033572971820831,0.7372118234634399,0.4996237456798553,-0.2102327197790146,5,-0.7760687345151427,0.3978460898430658,1.0,0.9646619618538684,0,0,-0.0130101843624563,0.3328780978459403,-96,4,thymio-07
57,1788308216.2486424,3.4051105976104736,-0.0850613340735435,-0.1916064067713696,94.30362549063535,3.4051105976104736,0.0722881704568862,-0.0850613340735435,0.4490090608596802,0.7188847661018372,0.4398284554481506,-0.2968947291374206,5,-0.7764998757287467,1.0,1.0,0.9620568477783764,0,0,-0.0129235249785219,0.2402033916257113,-82,-10,thymio-07
58,1788308216.856611,3.4051105976104736,-0.0850613340735435,-0.1916064067713696,94.20362549063536,3.4051105976104736,0.0722881704568862,-0.0850613340735435,0.4490090608596802,0.7188847661018372,0.4398284554481506,-0.2968947291374206,5,-0.7764998757287467,1.0,1.0,0.9620568477783764,0,0,-0.0129235249785219,0.3588957585650962,-100,8,thymio-07
59,1788308217.4647925,3.3989436626434326,-0.0948749259114265,-0.5456712125208325,94.10362549063538,3.3989436626434326,0.0723162516951561,-0.0948749259114265,0.4979115724563598,0.6838241219520569,0.3670492470264435,-0.3869671523571014,5,-0.7779324458318329,0.9727349754070528,1.0,1.0,0,0,-0.0126355783878015,0.5022818895091445,-121,31,thymio-07
60,1788308218.0727074,3.3878366947174072,-0.1033618971705436,-1.2627595525085993,94.0036254906354,3.3878366947174072,0.0729432478547096,-0.1033618971705436,0.547248125076294,0.6048505902290344,0.2986252605915069,-0.4954777956008911,5,1.0,1.0,1.0,-0.7906774139037767,0,0,0.0219629548293618,0.3985728667298363,18,138,thymio-07
61,1788308218.6812918,3.38178825378418,-0.1098281145095825,-1.864085858165598,93.9036254906354,3.38178825378418,0.0738257318735122,-0.1098281145095825,0.6069648861885071,0.5001912713050842,0.1971677094697952,-0.5852583646774292,5,1.0,1.0,0.9977509362882055,-0.7837354423429697,0,0,0.0275745951747638,0.5154863296345611,20,176,thymio-07
62,1788308219.2906008,3.38178825378418,-0.1098281145095825,-1.864085858165598,93.8036254906354,3.38178825378418,0.0738257318735122,-0.1098281145095825,0.6069648861885071,0.5001912713050842,0.1971677094697952,-0.5852583646774292,5,1.0,1.0,1.0,-0.780554307894483,0,0,0.0159895392023544,0.6151756399579216,-36,150,thymio-07
63,1788308219.898496,3.405484437942505,-0.1366384327411651,-2.158406914842689,93.7036254906354,3.405484437942505,0.0737803280353546,-0.1366384327411651,0.6324551701545715,0.3226242065429687,0.0296561829745769,-0.703586995601654,5,1.0,1.0,1.0,-0.7508707175869335,0,0,0.0334782144845083,0.6233817647096482,25,213,thymio-07
64,1788308220.5070765,3.409628391265869,-0.1618047356605529,-2.2028265789966186,93.6036254906354,3.409628391265869,0.0739857703447341,-0.1618047356605529,0.6268996596336365,0.1623540669679641,-0.1158777475357055,-0.7531336545944214,5,1.0,1.0,1.0,-0.725605225436186,0,0,0.0490641887089459,0.6219655371913759,80,268,thymio-07
65,1788308221.1156428,3.3958075046539307,-0.2069882601499557,-2.184910140621691,93.48077652602706,3.3958075046539307,0.0733104795217514,-0.2069882601499557,0.5562822818756104,-0.0839104577898979,-0.2886211574077606,-0.7747302651405334,5,1.0,1.0,1.0,-0.6878250511506581,0,0,0.0690302445476278,0.6207420038273951,152,339,thymio-07
66,1788308221.7238288,3.3658640384674072,-0.2427037507295608,-2.0507214009597026,93.2962844411272,3.3658640384674072,0.0733673721551895,-0.2427037507295608,0.4964833557605743,-0.2231869399547577,-0.3905988335609436,-0.742377519607544,5,1.0,1.0,0.3562113168348502,-0.6660686431855534,0,0,0.1009920519369882,0.6234305308587883,265,453,thymio-07
67,1788308222.3317945,3.3658640384674072,-0.2427037507295608,-2.0507214009597026,93.19628444112722,3.3658640384674072,0.0733673721551895,-0.2427037507295608,0.4964833557605743,-0.2231869399547577,-0.3905988335609436,-0.742377519607544,5,1.0,1.0,0.3562113168348502,-0.6660686431855534,0,0,0.0792475404443939,0.6211008993506503,188,375,thymio-07
68,1788308222.939972,3.298842191696167,-0.2799520492553711,-1.5836219288548852,92.80595346367215,3.298842191696167,0.072967030107975,-0.2799520492553711,0.4078357517719269,-0.3760296106338501,-0.4964649379253387,-0.6676783561706543,5,1.0,1.0,0.283859947727894,-0.649092330614634,0,0,0.0607956165780434,0.5623693608055689,131,301,thymio-07
69,1788308223.5476506,3.211752653121948,-0.2844467163085937,-0.4031870245937572,92.30762128829691,3.211752653121948,0.0731255188584327,-0.2844467163085937,0.253947913646698,-0.5442304611206055,-0.5768757462501526,-0.5536588430404663,5,-0.6609315110461844,0.1883741699139935,1.0,1.0,0,0,0.0045610101865509,0.0884299344470904,3,30,thymio-07
70,1788308224.1562667,3.1695802211761475,-0.26529461145401,-0.0391677016141303,92.0823532255232,3.1695802211761475,0.0733933821320533,-0.26529461145401,0.1499453037977218,-0.6340370178222656,-0.6076663732528687,-0.4541531503200531,5,-0.6954265655061309,0.1542230548190604,1.0,1.0,0,0,0.0203687599653319,-0.0747260962742723,84,61,thymio-07
71,1788308224.7644143,3.164017915725708,-0.2611545026302337,-0.0304024978327612,91.9823532255232,3.164017915725708,0.0736459419131279,-0.2611545026302337,0.1250084191560745,-0.6435046195983887,-0.6132021546363831,-0.4407470524311065,5,-0.7250710356417565,0.1461178384480117,1.0,1.0,0,0,-0.0232607218360069,0.3348454180076825,-133,-32,thymio-07
72,1788308225.37368,3.164017915725708,-0.2611545026302337,-0.0304024978327612,91.88235322552322,3.164017915725708,0.0736459419131279,-0.2611545026302337,0.1250084191560745,-0.6435046195983887,-0.6132021546363831,-0.4407470524311065,5,-0.7250710356417565,0.1461178384480117,1.0,1.0,0,0,-0.0232607218360069,0.1877437338980787,-111,-54,thymio-07
73,1788308225.9818892,3.159573793411255,-0.2560520470142364,0.0444023477043984,91.78235322552322,3.159573793411255,0.073518231511116,-0.2560520470142364,0.0950938314199447,-0.6668015718460083,-0.6234859228134155,-0.3969865143299103,5,-0.784693528473168,0.0897549505000183,1.0,1.0,3508,0,-0.08,0.1809603983964157,-312,-257,thymio-07
74,1788308226.5898674,3.174602031707764,-0.2649081647396087,0.1082434826121003,91.68235322552324,3.174602031707764,0.0734374895691871,-0.2649081647396087,0.0484818443655967,-0.6963550448417664,-0.6303954124450684,-0.3396187424659729,5,-0.8365281860278141,0.0757970426184211,1.0,1.0,1645,0,-0.0008578346084093,0.1608465716639827,-27,21,thymio-07
75,1788308227.198091,3.216843366622925,-0.3092125654220581,0.1196150863817999,91.58235322552324,3.216843366622925,0.073229469358921,-0.3092125654220581,0.0081979865208268,-0.7159759998321533,-0.6274967789649963,-0.305874228477478,5,-0.7559377289344129,-0.0252044352093596,1.0,1.0,0,0,-0.017056516484183,0.1929811915004116,-90,-31,thymio-07
76,1788308227.805935,3.216843366622925,-0.3092125654220581,0.1196150863817999,91.48235322552324,3.216843366622925,0.073229469358921,-0.3092125654220581,0.0081979865208268,-0.7159759998321533,-0.6274967789649963,-0.305874228477478,5,-0.7559377289344129,-0.0252044352093596,1.0,1.0,0,0,-0.017056516484183,0.1604668775531864,-85,-36,thymio-07
77,1788308228.4140396,3.2208962440490723,-0.3109524846076965,0.1587965499181245,91.38235322552325,3.2208962440490723,0.0730969458818435,-0.3109524846076965,-0.0286065991967916,-0.7296041250228882,-0.6360218524932861,-0.2496712058782577,5,-0.7547681776365938,-0.0617624777956788,1.0,1.0,0,0,-0.0172915962950446,0.1617598917285301,-86,-37,thymio-07
78,1788308229.023157,3.23189115524292,-0.3245627582073211,0.1546334557148623,91.28235322552324,3.23189115524292,0.0726325288414955,-0.3245627582073211,-0.088853545486927,-0.7491079568862915,-0.6267555952072144,-0.1952428668737411,5,-0.7512217218560077,-0.2196541695773771,1.0,1.0,0,0,-0.0180044339069424,0.2601827037013904,-103,-25,thymio-07
79,1788308229.6310966,3.240394592285156,-0.3410796523094177,0.161571323036191,91.18235322552326,3.240394592285156,0.0728534534573555,-0.3410796523094177,-0.1366069316864013,-0.7621811032295227,-0.6177799701690674,-0.1369912177324295,5,-0.7422782088426377,-0.2373507654300696,1.0,0.948349613665036,0,0,-0.0198020800226298,0.520179973409751,-149,8,thymio-07
80,1788308230.2388372,3.240394592285156,-0.3410796523094177,0.161571323036191,91.08235322552326,3.240394592285156,0.0728534534573555,-0.3410796523094177,-0.1366069316864013,-0.7621811032295227,-0.6177799701690674,-0.1369912177324295,5,-0.7422782088426377,-0.2373507654300696,1.0,0.948349613665036,0,0,-0.0198020800226298,0.2789291709089689,-112,-28,thymio-07
81,1788308230.84662,3.243605852127075,-0.3476098179817199,0.1587421754832187,90.98235322552328,3.243605852127075,0.0728001445531845,-0.3476098179817199,-0.1682484447956085,-0.7662044167518616,-0.6121136546134949,-0.0997005701065063,5,-0.7388503497171777,1.0,1.0,0.9433830879123382,0,0,-0.0204910797068472,0.2155919783685412,-105,-40,thymio-07
82,1788308231.4548757,3.251033306121826,-0.3711877763271332,0.1076788977601461,90.88235322552327,3.251033306121826,0.072380356490612,-0.3711877763271332,-0.3084424138069153,-0.7736716866493225,-0.5452854037284851,0.0946540161967277,5,-0.7343507246473908,-0.2218944665853255,1.0,0.9351098076610248,0,0,-0.0213955043458744,0.3926005830555946,-135,-17,thymio-07
83,1788308232.0631266,3.247209072113037,-0.3849885761737823,0.0640707202096204,90.78235322552328,3.247209072113037,0.0723372101783752,-0.3849885761737823,-0.345743715763092,-0.7638624310493469,-0.5264801383018494,0.1406914889812469,5,-0.7329216835986856,-0.1817296018504868,1.0,0.9014511488832684,0,0,-0.0216827415966642,0.3173837514626387,-125,-29,thymio-07
84,1788308232.671913,3.2432971000671387,-0.3989998996257782,-0.0393715822597386,90.68235322552329,3.2432971000671387,0.0720224007964134,-0.3989998996257782,-0.4044593870639801,-0.7425847053527832,-0.4783137738704681,0.2370582073926925,5,-0.7299748496200729,-0.1805573818974962,1.0,0.8890386211110195,0,0,-0.0222750552263653,0.3777627323123135,-136,-22,thymio-07
85,1788308233.2794452,3.231831312179565,-0.4180063605308532,-0.311165486035343,90.58235322552328,3.231831312179565,0.072589673101902,-0.4180063605308532,-0.477997750043869,-0.6963658332824707,-0.4278625547885895,0.3217554092407226,5,-0.724290037573366,-0.1952581978573316,1.0,1.0,0,0,-0.0234177024477534,0.5065516307979127,-160,-7,thymio-07
86,1788308233.888351,3.231831312179565,-0.4180063605308532,-0.311165486035343,90.4823532255233,3.231831312179565,0.072589673101902,-0.4180063605308532,-0.477997750043869,-0.6963658332824707,-0.4278625547885895,0.3217554092407226,5,-0.724290037573366,-0.1952581978573316,1.0,1.0,0,0,-0.0234177024477534,0.5276700207638066,-163,-4,thymio-07
87,1788308234.496519,3.22391414642334,-0.4255557358264923,-0.5564210558078226,90.3823532255233,3.22391414642334,0.0726961940526962,-0.4255557358264923,-0.5057526230812073,-0.6730220913887024,-0.3805817663669586,0.3826398551464081,5,1.0,0.8616884744402444,1.0,-0.721209873851076,0,0,0.0609406916640907,0.2553967357472931,178,255,thymio-07
88,1788308235.104591,3.1992831230163574,-0.439261645078659,-1.7407975663449056,90.25048289454168,3.1992831230163574,0.0723916813731193,-0.439261645078659,-0.5909500122070312,-0.5332702398300171,-0.2070263624191284,0.5688067078590393,5,1.0,0.8336973547213302,1.0,-0.7114874521974135,0,0,-0.0575704201776938,0.6105633404036812,-297,-112,thymio-07
89,1788308235.7124698,3.1992831230163574,-0.439261645078659,-1.7407975663449056,90.1504828945417,3.1992831230163574,0.0723916813731193,-0.439261645078659,-0.5909500122070312,-0.5332702398300171,-0.2070263624191284,0.5688067078590393,5,1.0,1.0,1.0,-0.7114874521974135,0,0,-0.0221842542534527,0.4678103960757141,-149,-8,thymio-07
90,1788308236.3206522,3.2264912128448486,-0.4516790509223938,-2.036356759496208,90.0504828945417,3.2264912128448486,0.0717157050967216,-0.4516790509223938,-0.6266162395477295,-0.4244029223918915,-0.1176916733384132,0.6429486870765686,5,1.0,-0.675088855523881,1.0,1.0,0,0,0.0839094893099122,0.3577137489755329,244,352,thymio-07
91,1788308236.9286816,3.197571039199829,-0.438037246465683,-2.1629038340820497,89.89956193480437,3.197571039199829,0.07228534668684,-0.438037246465683,-0.6365874409675598,-0.2689838409423828,0.0335506126284599,0.7219962477684021,5,1.0,-0.6796158653417794,1.0,1.0,0,0,-0.0060182436827662,0.5472666684033365,-104,61,thymio-07
92,1788308237.537865,3.2026867866516118,-0.4472333788871765,-2.1658844711141483,89.79956193480437,3.2026867866516118,0.0720457732677459,-0.4472333788871765,-0.6383100152015686,-0.2628602087497711,0.0380175523459911,0.7225092649459839,5,1.0,-0.6644487879661525,1.0,1.0,0,0,0.0354457936188033,0.5822258894827544,38,214,thymio-07
93,1788308238.146063,3.2026867866516118,-0.4472333788871765,-2.1658844711141483,89.69956193480438,3.2026867866516118,0.0720457732677459,-0.4472333788871765,-0.6383100152015686,-0.2628602087497711,0.0380175523459911,0.7225092649459839,5,1.0,-0.6644487879661525,1.0,1.0,0,0,0.0354457936188033,0.6042344861671662,35,217,thymio-07
94,1788308238.7543397,3.207520008087158,-0.5105579495429993,-2.186615521891313,89.59956193480438,3.207520008087158,0.0721133425831794,-0.5105579495429993,-0.5727100372314453,0.0353350713849067,0.2639988660812378,0.775280237197876,5,1.0,-0.5505380489409354,1.0,1.0,0,0,0.05,0.6046115686593346,86,269,thymio-07
95,1788308239.36269,3.179145097732544,-0.5432380437850952,-1.9807164653395697,89.42881797539441,3.179145097732544,0.0713939368724823,-0.5432380437850952,-0.4811029434204101,0.2364050149917602,0.4144864380359649,0.7354276180267334,5,1.0,-0.4913143397938754,1.0,1.0,0,0,0.05,0.5848903184895752,89,266,thymio-07
96,1788308239.971068,3.140566349029541,-0.5608640313148499,-1.5968201356059923,89.21231743464693,3.140566349029541,0.0716507658362388,-0.5608640313148499,-0.4071700870990753,0.3762457072734833,0.4933716058731079,0.6702508330345154,5,1.0,1.0,1.0,-0.4550590685164571,0,0,0.1358037863422229,0.6064899314059237,391,500,thymio-07
97,1788308240.579441,3.06484055519104,-0.5621557235717773,-0.5388513955396896,88.78923426692477,3.06484055519104,0.071165919303894,-0.5621557235717773,-0.2728622853755951,0.5201033353805542,0.571678638458252,0.5729067921638489,5,1.0,1.0,1.0,-0.4288182715138807,0,0,0.0849009774168341,0.3675580838094511,246,357,thymio-07
98,1788308241.187678,3.06484055519104,-0.5621557235717773,-0.5388513955396896,88.68923426692477,3.06484055519104,0.071165919303894,-0.5621557235717773,-0.2728622853755951,0.5201033353805542,0.571678638458252,0.5729067921638489,5,1.0,1.0,1.0,-0.4288182715138807,0,0,0.1126226791201313,0.2549349961804495,362,439,thymio-07
99,1788308241.7958302,2.9717962741851807,-0.5426216125488281,-0.1927514655268951,88.15379277926289,2.9717962741851807,0.0722373723983764,-0.5426216125488281,-0.1970951110124588,0.5916839241981506,0.5934422612190247,0.5088122487068176,5,-0.4035755661105539,0.0634625852363861,1.0,1.0,0,0,-0.0032432835462677,0.2649898883170596,-52,28,thymio-07
100,1788308242.4038086,2.895034074783325,-0.5075110793113708,-0.054188402159589,87.69549147854542,2.895034074783325,0.0723632872104644,-0.5075110793113708,-0.1445259600877761,0.6299675107002258,0.6127640604972839,0.454723596572876,5,-0.3793484562356745,0.0522687199591485,1.0,0.6188286355675481,0,0,-0.1153361874432482,0.5147770437567484,-488,-332,thymio-07
101,1788308243.0114334,2.8919591903686523,-0.5037282109260559,0.0445557698211498,87.59549147854543,2.8919591903686523,0.0728707164525985,-0.5037282109260559,-0.095078557729721,0.6663477420806885,0.6242180466651917,0.3966013491153717,5,-0.2994801349558289,0.0555482803486055,1.0,0.5999547408205355,0,0,-0.0340989916951482,0.26108407140038,-161,-82,thymio-07
102,1788308243.6204836,2.8919591903686523,-0.5037282109260559,0.0445557698211498,87.49549147854543,2.8919591903686523,0.0728707164525985,-0.5037282109260559,-0.095078557729721,0.6663477420806885,0.6242180466651917,0.3966013491153717,5,-0.2994801349558289,1.0,1.0,0.5999547408205355,0,0,0.0223053866601513,0.4611430728956269,10,149,thymio-07
103,1788308244.2285137,2.9501004219055176,-0.5514894127845764,0.1235058429026749,87.39549147854544,2.9501004219055176,0.0720938667654991,-0.5514894127845764,-0.0080598928034305,0.7136290073394775,0.6319678425788879,0.3021348118782043,5,-0.1268366921871055,-0.0292497381813806,1.0,0.6020745196903288,0,0,0.1563746405532118,0.5778686458317832,468,500,thymio-07
104,1788308244.8368163,2.952928304672241,-0.5389883518218994,0.1685287966636708,87.29549147854544,2.952928304672241,0.0722978040575981,-0.5389883518218994,0.0968478247523307,0.7624802589416504,0.614322304725647,0.1784731447696685,5,-0.0473023112217682,-0.0359831007633636,1.0,0.5822190007343808,0,0,0.1835704792306064,0.5437948271934923,500,500,thymio-07
105,1788308245.4442077,2.933513879776001,-0.4709038436412811,0.1619772083747497,87.12928913494605,2.933513879776001,0.0728286355733871,-0.4709038436412811,0.1127269640564918,0.7625381946563721,0.615297794342041,0.1650363653898239,5,-0.0743124188339537,0.0289582941639749,1.0,0.6125487651360146,0,0,0.1867914235845253,0.5253645909768483,500,500,thymio-07
106,1788308246.051823,2.8888635635375977,-0.3341849744319916,0.1555054223731895,86.77094445157539,2.8888635635375977,0.0737686529755592,-0.3341849744319916,0.0987366586923599,0.7555518746376038,0.6206607818603516,0.1848585903644561,5,-0.14562709288073,1.0,1.0,0.6593691168538616,0,0,0.1929459495667704,0.5728152205006526,500,500,thymio-07
107,1788308246.65928,2.84466290473938,-0.2247281372547149,0.1552608543075146,86.46095900865642,2.84466290473938,0.0753294602036476,-0.2247281372547149,0.07778812199831,0.7533050179481506,0.6191073656082153,0.2078142315149307,5,-0.2340568721088342,1.0,1.0,0.7000624805396536,0,0,0.1942624072896477,0.586423279919736,500,500,thymio-07
108,1788308247.2671297,2.84466290473938,-0.2247281372547149,0.1552608543075146,86.36095900865642,2.84466290473938,0.0753294602036476,-0.2247281372547149,0.07778812199831,0.7533050179481506,0.6191073656082153,0.2078142315149307,5,-0.2340568721088342,1.0,1.0,0.7203447049756351,0,0,0.1938256290195589,0.6017804686472369,500,500,thymio-07
109,1788308247.8762624,2.804753541946411,-0.1399791091680526,0.1290145821593054,86.08853153528051,2.804753541946411,0.0761603340506553,-0.1399791091680526,0.0666743069887161,0.7478899359703064,0.6163559556007385,0.2373194545507431,5,-0.3391003647847221,1.0,1.0,1.0,0,0,0.1572398703927273,0.4719352287332349,487,500,thymio-07
110,1788308248.4843462,2.73919939994812,-0.0200242735445499,0.1333339331753249,85.68178571859976,2.73919939994812,0.0784149542450904,-0.0200242735445499,0.038491029292345,0.7443503737449646,0.6127650141716003,0.2626405656337738,5,-0.4942325357346273,1.0,1.0,1.0,0,0,0.156516878313906,0.4938075610966096,482,500,thymio-07
111,1788308249.0934637,2.6907105445861816,0.0595549046993255,0.1242272145543581,85.42126457137054,2.6907105445861816,0.0796043574810028,0.0595549046993255,0.0372822545468807,0.7335201501846313,0.6242867708206177,0.2661284506320953,5,-0.5965593843456933,1.0,1.0,1.0,0,0,0.1423232844252963,0.4674671599174819,435,500,thymio-07
112,1788308249.70222,2.6907105445861816,0.0595549046993255,0.1242272145543581,85.32126457137055,2.6907105445861816,0.0796043574810028,0.0595549046993255,0.0372822545468807,0.7335201501846313,0.6242867708206177,0.2661284506320953,5,-0.5965593843456933,1.0,1.0,1.0,0,0,0.1252935599376341,0.4139686932107848,383,500,thymio-07
113,1788308250.310828,2.6512792110443115,0.1265758574008941,0.1224033669570139,85.1073666295845,2.6512792110443115,0.0797761529684066,0.1265758574008941,0.0353349298238754,0.7286863923072815,0.6294347047805786,0.2675436735153198,5,-0.6458604320468275,1.0,1.0,1.0,0,0,-0.0391820531585876,0.3255922952533405,-188,-90,thymio-07
114,1788308250.9195616,2.5997419357299805,0.2226061075925827,0.1498430899452389,84.73041334157686,2.5997419357299805,0.0811771899461746,0.2226061075925827,0.0657534450292587,0.7449697256088257,0.6254311203956604,0.2225588709115982,5,-0.7008853470084725,1.0,1.0,1.0,0,0,-0.028122045251297,0.1528987549669987,-123,-77,thymio-07
115,1788308251.528337,2.587409257888794,0.2616485953330993,0.1563339301911974,84.62637694195955,2.587409257888794,0.0823540687561035,0.2616485953330993,0.1288953274488449,0.7622876763343811,0.6162177920341492,0.1502639949321746,5,-0.6891326142523236,1.0,1.0,1.0,0,0,-0.0304843445352829,0.1490872325985892,-131,-86,thymio-07
116,1788308252.136028,2.5942816734313965,0.2378907352685928,0.1575797051767167,84.52637694195955,2.5942816734313965,0.0816705524921417,0.2378907352685928,0.174992024898529,0.7674800157546997,0.6098677515983582,0.0917257070541381,5,-0.6345759099908269,1.0,1.0,1.0,0,0,-0.0414502420918437,0.2384808601223415,-183,-111,thymio-07
117,1788308252.744799,2.597668409347534,0.1918040364980697,0.1494704271244615,84.42637694195956,2.597668409347534,0.0811662301421165,0.1918040364980697,0.232891246676445,0.7745715379714966,0.5879004001617432,0.0131820579990744,5,-0.5770819916118508,0.7647566461407111,1.0,1.0,0,0,-0.05,0.4324086548361343,-243,-112,thymio-07
118,1788308253.352641,2.5945262908935547,0.1545471549034118,0.1114382068552815,84.32637694195957,2.5945262908935547,0.0816415548324585,0.1545471549034118,0.3081006705760956,0.7614604234695435,0.5637584924697876,-0.0861881226301193,5,-0.541820534200087,1.0,1.0,1.0,0,0,-0.05,0.0928225063292819,-192,-164,thymio-07
119,1788308253.9611464,2.5945262908935547,0.1545471549034118,0.1114382068552815,84.22637694195957,2.5945262908935547,0.0816415548324585,0.1545471549034118,0.3081006705760956,0.7614604234695435,0.5637584924697876,-0.0861881226301193,5,-0.541820534200087,1.0,1.0,1.0,0,0,-0.05,0.4225111647462882,-241,-114,thymio-07
120,1788308254.5697122,2.584252119064331,0.1272339820861816,0.0751981794685408,84.12637694195958,2.584252119064331,0.0816314667463302,0.1272339820861816,0.3377017974853515,0.7588477730751038,0.5435115098953247,-0.1212557405233383,5,-0.5216554889070566,1.0,1.0,1.0,0,0,-0.05,0.2511001412873315,-216,-140,thymio-07
121,1788308255.1782472,2.560875177383423,0.0803202837705612,-0.0582275258607221,83.95889259933101,2.560875177383423,0.0818890035152435,0.0803202837705612,0.4115750193595886,0.7384992241859436,0.4806055724620819,-0.2329018861055374,5,-0.5174842415915042,0.795641280937931,1.0,0.8494770337645061,0,0,-0.05,0.3073628664872425,-224,-131,thymio-07
122,1788308255.786683,2.53312349319458,0.0521207228302955,-0.1968773998197917,83.78247191659797,2.53312349319458,0.0811040252447128,0.0521207228302955,0.4542232453823089,0.7090532779693604,0.4469721615314483,-0.301895260810852,5,-0.5238846405225084,0.7407798216490347,1.0,0.8499434567018798,0,0,-0.05,0.3147179877632037,-225,-130,thymio-07
123,1788308256.3951173,2.5075793266296387,0.0322045981884002,-0.3901319325478614,83.63848660442372,2.5075793266296387,0.0811770111322403,0.0322045981884002,0.4911527335643768,0.6881725788116455,0.4142076075077057,-0.3370751142501831,5,-0.5103018149242209,0.6988673147148396,1.0,0.8596106767266556,0,0,-0.05,0.3960565229865336,-237,-118,thymio-07
124,1788308257.0033216,2.5075793266296387,0.0322045981884002,-0.3901319325478614,83.53848660442372,2.5075793266296387,0.0811770111322403,0.0322045981884002,0.4911527335643768,0.6881725788116455,0.4142076075077057,-0.3370751142501831,5,-0.5103018149242209,0.6988673147148396,1.0,0.8596106767266556,0,0,-0.05,0.3402675193699367,-229,-126,thymio-07
125,1788308257.611632,2.460275173187256,0.0081513645127415,-1.0797670990908657,83.27673552151057,2.460275173187256,0.0812704935669899,0.0081513645127415,0.5464395880699158,0.6171926259994507,0.3290882110595703,-0.4606279134750366,5,-0.5186054161435081,0.6381531480144547,1.0,0.8435929227835111,0,0,-0.05,0.5964793811397636,-268,-88,thymio-07
126,1788308258.2200773,2.4206702709198,0.0020036743953824,-1.5717880740060433,83.06253980759521,2.4206702709198,0.0815967321395874,0.0020036743953824,0.5764541625976562,0.5640755295753479,0.2581554055213928,-0.5318602323532104,5,1.0,1.0,0.6083025988306467,-0.5753243801811924,0,0,-0.05,0.4066373092605561,-239,-116,thymio-07
127,1788308258.8283553,2.35988450050354,0.0128560466691851,-2.0654810801773587,82.76641202539054,2.35988450050354,0.0814025551080703,0.0128560466691851,0.6284815073013306,0.4048675000667572,0.0980943739414215,-0.6568644642829895,5,1.0,0.7757708230600311,0.5469809913003267,-0.6841266378593958,0,0,-0.0314905457902614,0.5772588074327726,-199,-25,thymio-07
128,1788308259.4366622,2.336728811264038,0.0254680514335632,-2.179598421673385,82.61121369341978,2.336728811264038,0.081723153591156,0.0254680514335632,0.6372581124305725,0.2928831577301025,0.0072282855398952,-0.71278977394104,5,1.0,0.751580038551311,0.5412607127502986,-0.7332999851964218,0,0,-0.0216067029755192,0.6178962716129967,-170,17,thymio-07
129,1788308260.0442965,2.336728811264038,0.0254680514335632,-2.179598421673385,82.51121369341979,2.336728811264038,0.081723153591156,0.0254680514335632,0.6372581124305725,0.2928831577301025,0.0072282855398952,-0.71278977394104,5,1.0,0.751580038551311,0.5412607127502986,-0.7332999851964218,0,0,0.0413220149804636,0.6207923684221737,53,241,thymio-07
130,1788308260.6529934,2.322474718093872,0.0358212105929851,-2.213312694951709,82.4112136934198,2.322474718093872,0.081671230494976,0.0358212105929851,0.6278148293495178,0.1613713800907135,-0.1098770201206207,-0.7534818053245544,5,1.0,0.733574122104069,0.5323891018743954,-0.7651018294689678,0,0,0.0315061788013941,0.6217729218976931,18,206,thymio-07
131,1788308261.2618306,2.305325746536255,0.0041446518152952,-2.162247571757895,82.28000970260022,2.305325746536255,0.0814442858099937,0.0041446518152952,0.5655947923660278,-0.070580817759037,-0.296061247587204,-0.7664650082588196,5,0.5669258408647648,0.7491770705674698,0.5186679561085006,-0.769271973253554,0,0,0.0199063993683769,0.5883876202524811,-18,160,thymio-07
132,1788308261.8704383,2.285398006439209,-0.0154716167598962,-2.03429277449977,82.1413179481191,2.285398006439209,0.081771582365036,-0.0154716167598962,0.489090085029602,-0.2295612394809723,-0.3956974744796753,-0.742641270160675,5,0.5280492686805456,0.7524510846524866,1.0,-0.7600102644446505,0,0,0.0087283893949042,0.4179768378037484,-32,94,thymio-07
133,1788308262.4790907,2.2655999660491943,-0.0227377638220787,-1.6959429117529758,82.02292380816354,2.2655999660491943,0.0814225077629089,-0.0227377638220787,0.4128099083900451,-0.366259753704071,-0.4757234156131744,-0.6849300265312195,5,1.0,1.0,0.5153325570640652,-0.762183296473002,0,0,0.0330064118850782,0.6194690004507903,24,211,thymio-07
134,1788308263.0878208,2.252476692199707,-0.0203571841120719,-1.0678200806109055,81.92292380816355,2.252476692199707,0.0817819610238075,-0.0203571841120719,0.3354256451129913,-0.4559893012046814,-0.5326209664344788,-0.629188597202301,5,-0.7775001229386773,1.0,0.5197284690476947,0.7375843381989247,0,0,0.0013563954285123,0.0669735150356284,-5,15,thymio-07
135,1788308263.6954048,2.252476692199707,-0.0203571841120719,-1.0678200806109055,81.82292380816355,2.252476692199707,0.0817819610238075,-0.0203571841120719,0.3354256451129913,-0.4559893012046814,-0.5326209664344788,-0.629188597202301,5,-0.7775001229386773,1.0,0.5197284690476947,0.7375843381989247,0,0,0.0087320892681268,0.4784984993943476,-41,103,thymio-07
136,1788308264.304047,2.2280266284942627,-0.0123735219240188,-0.2963928166122498,81.6904409779609,2.2280266284942627,0.0820747539401054,-0.0123735219240188,0.2245492935180664,-0.5649757385253906,-0.5885687470436096,-0.5328854322433472,5,-0.7964346494349339,0.5109786646909402,1.0,0.7172400319750218,0,0,-0.0089166354635782,0.3870295239332347,-90,27,thymio-07
137,1788308264.9120023,2.2280266284942627,-0.0123735219240188,-0.2963928166122498,81.59044097796091,2.2280266284942627,0.0820747539401054,-0.0123735219240188,0.2245492935180664,-0.5649757385253906,-0.5885687470436096,-0.5328854322433472,5,-0.7964346494349339,0.5109786646909402,1.0,0.7172400319750218,0,0,-0.0089166354635782,0.5187419638904675,-110,47,thymio-07
138,1788308265.515375,10000.0,10000.0,0.0,81.59044097796091,2.2280266284942627,0.0820747539401054,-0.0123735219240188,0.2245492935180664,-0.5649757385253906,-0.5885687470436096,-0.5328854322433472,5,1.0,1.0,-1.0,1.0,0,0,-0.03,-0.2590345424929368,-67,-146,thymio-07
139,1788308266.118661,10000.0,10000.0,0.0,81.59044097796091,2.2280266284942627,0.0820747539401054,-0.0123735219240188,0.2245492935180664,-0.5649757385253906,-0.5885687470436096,-0.5328854322433472,5,1.0,1.0,-1.0,1.0,1482,0,-0.03,0.4422060724117062,-173,-40,thymio-07
140,1788308266.7224667,10000.0,10000.0,0.0,81.59044097796091,2.2280266284942627,0.0820747539401054,-0.0123735219240188,0.2245492935180664,-0.5649757385253906,-0.5885687470436096,-0.5328854322433472,5,1.0,1.0,-1.0,1.0,0,0,0.03,0.5590402802406448,22,191,thymio-07
141,1788308267.325717,10000.0,10000.0,0.0,81.59044097796091,2.2280266284942627,0.0820747539401054,-0.0123735219240188,0.2245492935180664,-0.5649757385253906,-0.5885687470436096,-0.5328854322433472,5,1.0,1.0,-1.0,1.0,0,0,0.03,0.5788809702529081,19,194,thymio-07
142,1788308267.9289813,10000.0,10000.0,0.0,81.59044097796091,2.2280266284942627,0.0820747539401054,-0.0123735219240188,0.2245492935180664,-0.5649757385253906,-0.5885687470436096,-0.5328854322433472,5,1.0,1.0,-1.0,1.0,2550,0,-0.08,0.5785068539173644,-372,-197,thymio-07
143,1788308268.5321026,10000.0,10000.0,0.0,81.59044097796091,2.2280266284942627,0.0820747539401054,-0.0123735219240188,0.2245492935180664,-0.5649757385253906,-0.5885687470436096,-0.5328854322433472,5,1.0,1.0,-1.0,1.0,0,0,0.03,0.5726666271485655,20,193,thymio-07
144,1788308269.13562,2.218769788742065,-0.000877566402778,0.004192404472918,81.59044097796091,2.218769788742065,0.0824833512306213,-0.000877566402778,0.1023979783058166,-0.6576332449913025,-0.6185994744300842,-0.4175738096237182,5,0.7040565493621911,0.5225900328872353,-0.7720055707526869,1.0,0,0,0.0097711447563963,0.4018039753333768,-26,95,thymio-07
145,1788308269.7432206,2.2759249210357666,-0.0182249117642641,-0.4745180147580603,81.49044097796092,2.2759249210357666,0.0813373699784278,-0.0182249117642641,-0.4966787993907928,-0.6752535700798035,-0.3974784016609192,0.3733012676239013,5,-0.786368973523902,1.0,1.0,0.7983120039575566,0,0,0.0044602584109791,0.052053610002978,8,24,thymio-07
146,1788308270.350484,2.2759249210357666,-0.0182249117642641,-0.4745180147580603,81.39044097796092,2.2759249210357666,0.0813373699784278,-0.0182249117642641,-0.4966787993907928,-0.6752535700798035,-0.3974784016609192,0.3733012676239013,5,-0.786368973523902,1.0,1.0,0.7983120039575566,0,0,0.0118503350788075,0.4912285411232967,-32,116,thymio-07
147,1788308270.9536924,10000.0,10000.0,0.0,81.39044097796092,2.2759249210357666,0.0813373699784278,-0.0182249117642641,-0.4966787993907928,-0.6752535700798035,-0.3974784016609192,0.3733012676239013,5,1.0,1.0,-1.0,1.0,0,0,0.03,0.4228577270136577,43,170,thymio-07
148,1788308271.557209,10000.0,10000.0,0.0,81.39044097796092,2.2759249210357666,0.0813373699784278,-0.0182249117642641,-0.4966787993907928,-0.6752535700798035,-0.3974784016609192,0.3733012676239013,5,1.0,1.0,-1.0,1.0,0,0,0.03,0.5453631579351327,24,189,thymio-07
149,1788308272.160749,10000.0,10000.0,0.0,81.39044097796092,2.2759249210357666,0.0813373699784278,-0.0182249117642641,-0.4966787993907928,-0.6752535700798035,-0.3974784016609192,0.3733012676239013,5,1.0,1.0,-1.0,1.0,0,0,0.03,0.5662707380767154,21,192,thymio-07
150,1788308272.7637155,10000.0,10000.0,0.0,81.39044097796092,2.2759249210357666,0.0813373699784278,-0.0182249117642641,-0.4966787993907928,-0.6752535700798035,-0.3974784016609192,0.3733012676239013,5,1.0,1.0,-1.0,1.0,0,0,0.03,0.5673961279882238,21,192,thymio-07
151,1788308273.3669963,2.2892098426818848,-0.0193777922540903,-0.9716472988256472,81.39044097796092,2.2892098426818848,0.0816373899579048,-0.0193777922540903,-0.5375913977622986,-0.632705569267273,-0.3306212425231933,0.4487414360046386,5,1.0,1.0,1.0,-0.7585613287419901,0,0,0.0459127203567366,0.590547908559127,74,252,thymio-07
152,1788308273.975695,2.2892098426818848,-0.0193777922540903,-0.9716472988256472,81.29044097796093,2.2892098426818848,0.0816373899579048,-0.0193777922540903,-0.5375913977622986,-0.632705569267273,-0.3306212425231933,0.4487414360046386,5,1.0,1.0,1.0,-0.7585613287419901,0,0,0.0251634086681691,0.4544306220117038,21,158,thymio-07
153,1788308274.5834448,2.3493359088897705,-0.1215868070721626,-2.207475945717432,81.19044097796093,2.3493359088897705,0.0802633613348007,-0.1215868070721626,-0.6000156402587891,-0.0297418627887964,0.2152204811573028,0.7699199914932251,5,1.0,-0.553949956178398,0.5041585570237503,1.0,0,0,0.0762424662906729,-0.1184576169815118,289,253,thymio-07
154,1788308275.1912951,2.326645612716675,-0.1631558537483215,-2.1074795119005647,81.055740480352,2.326645612716675,0.0802418515086174,-0.1631558537483215,-0.5223169326782227,0.1750111281871795,0.3594270646572113,0.7532386183738708,5,0.3892849936472466,1.0,0.4192955309055544,-0.4171567092894422,0,0,0.155544673817593,0.0925687701213934,500,500,thymio-07
155,1788308275.7997315,2.2966554164886475,-0.2099852710962295,-2.111491530141973,80.8707316236164,2.2966554164886475,0.0802659317851066,-0.2099852710962295,-0.5262801647186279,0.1573372930288314,0.351417601108551,0.758142352104187,5,0.3230914998337457,1.0,0.3460394843568952,-0.3203148212213977,0,0,0.1408194923937052,0.4070642958429432,439,500,thymio-07
156,1788308276.407686,2.277775526046753,-0.2429287880659103,-2.12101274890969,80.7278987092762,2.277775526046753,0.0799130350351333,-0.2429287880659103,-0.5293476581573486,0.1520439386367797,0.3458037078380584,0.7596668004989624,5,0.2857196965164017,1.0,0.3015471289399767,-0.2671214714670976,0,0,0.1558897118402163,0.5954001672689949,464,500,thymio-07
157,1788308277.016148,2.1915171146392822,-0.3900985717773437,-2.1134648040083346,80.17012621239554,2.1915171146392822,0.0791698545217514,-0.3900985717773437,-0.5236425399780273,0.1703502386808395,0.3552245199680328,0.7553772330284119,5,0.151379723724494,1.0,0.0616576343315871,-0.0292947093822152,0,0,0.0868598476214087,0.5848747648473007,220,397,thymio-07
158,1788308277.6252265,2.1915171146392822,-0.3900985717773437,-2.1134648040083346,80.07012621239555,2.1915171146392822,0.0791698545217514,-0.3900985717773437,-0.5236425399780273,0.1703502386808395,0.3552245199680328,0.7553772330284119,5,0.151379723724494,1.0,0.0616576343315871,-0.0292947093822152,0,0,0.0867181788100548,0.581402023707378,220,396,thymio-07
159,1788308278.233007,2.1344010829925537,-0.4635187983512878,-1.9976294292283563,79.69193266235929,2.1344010829925537,0.0787208676338195,-0.4635187983512878,-0.4781931340694427,0.2532394826412201,0.411209374666214,0.7335584163665771,5,0.1095585619867676,1.0,-0.0600771644293212,0.0429880214070015,0,0,0.0663177165023741,0.5361833326632149,155,317,thymio-07
160,1788308278.841978,2.047010660171509,-0.5014098286628723,-1.208384635389442,79.154782106902,2.047010660171509,0.0787729918956756,-0.5014098286628723,-0.3583402633666992,0.4398573338985443,0.5229554176330566,0.6361095905303955,5,1.0,1.0,-0.1474197913910149,0.0364216847306866,0,0,0.0833294213977298,0.4143832213715485,234,359,thymio-07
161,1788308279.4506614,1.9829741716384888,-0.4960666596889496,-0.3294618484011851,78.76986617229598,1.9829741716384888,0.0788902044296264,-0.4960666596889496,-0.2488943487405777,0.5548213720321655,0.581606924533844,0.5403317213058472,5,0.1165415760418104,-0.1604754902398818,0.2133583080608574,1.0,0,0,0.014915017446156,0.186070028514577,25,81,thymio-07
162,1788308280.058731,1.9338312149047847,-0.4772863388061523,-0.0891735991980651,78.47271379133646,1.9338312149047847,0.079850748181343,-0.4772863388061523,-0.1779982894659042,0.6104136109352112,0.6086033582687378,0.4746722877025604,5,0.1769925266764327,-0.1471772329662296,0.2704346139823002,1.0,0,0,0.0774195252693243,0.016268639302436,273,278,thymio-07
163,1788308280.6662903,1.8973652124404907,-0.4565431773662567,0.0125150561870905,78.25026742048816,1.8973652124404907,0.0799184888601303,-0.4565431773662567,-0.1376595646142959,0.6469355225563049,0.6137264370918274,0.4311196506023407,5,0.2734835468837835,-0.1481824175223948,0.3121628433758785,1.0,0,0,0.1116249859323304,0.0143166425034537,394,399,thymio-07
164,1788308281.2736497,1.8973652124404907,-0.4565431773662567,0.0125150561870905,78.15026742048816,1.8973652124404907,0.0799184888601303,-0.4565431773662567,-0.1376595646142959,0.6469355225563049,0.6137264370918274,0.4311196506023407,5,0.2734835468837835,-0.1481824175223948,1.0,1.0,0,0,0.1028364174099606,-0.0247309591828558,369,362,thymio-07
165,1788308281.881189,1.8715260028839111,-0.4411003291606903,-0.0030911045874963,78.00726661122162,1.8715260028839111,0.0805699527263641,-0.4411003291606903,-0.1245202049612999,0.6463015675544739,0.6185503602027893,0.4291671514511108,5,0.3024902432198855,1.0,1.0,1.0,0,0,0.0754157501521108,0.1013171711600768,253,283,thymio-07
166,1788308282.4894283,1.7777374982833862,-0.3800514638423919,0.0260044183994958,77.47296582271078,1.7777374982833862,0.0823216810822486,-0.3800514638423919,-0.1085305884480476,0.6619881391525269,0.6154904365539551,0.4137201011180877,5,0.3948782396999135,1.0,1.0,1.0,0,0,0.0325272651186796,0.296068288106649,71,160,thymio-07
167,1788308283.097339,1.6963962316513062,-0.3142495453357696,0.0983751130056544,76.95806875268651,1.6963962316513062,0.0840936079621315,-0.3142495453357696,-0.0415396243333816,0.7021303176879883,0.6227750182151794,0.342693567276001,5,0.4834107539185324,-0.0764865420457778,0.7273186125585243,1.0,0,0,0.064431993570039,0.220230102499182,196,262,thymio-07
168,1788308283.7068677,1.6753647327423096,-0.2817092537879944,0.1275154777476301,76.81590236982231,1.6753647327423096,0.0846858918666839,-0.2817092537879944,0.0154815223067998,0.7251461148262024,0.6279615759849548,0.2821130156517029,5,0.4520053252918934,-0.0293816644232717,0.7954159705403827,1.0,0,0,0.0031551514298794,0.3627089652624519,-44,66,thymio-07
169,1788308284.315141,1.6753647327423096,-0.2817092537879944,0.1275154777476301,76.71590236982232,1.6753647327423096,0.0846858918666839,-0.2817092537879944,0.0154815223067998,0.7251461148262024,0.6279615759849548,0.2821130156517029,5,0.4520053252918934,-0.0293816644232717,0.7954159705403827,1.0,0,0,0.0201032195238518,0.3443892881936944,19,123,thymio-07
170,1788308284.923679,1.6646990776062012,-0.257495641708374,0.1446729529802075,76.61590236982232,1.6646990776062012,0.0849227756261825,-0.257495641708374,0.0723859742283821,0.7416809797286987,0.6300547122955322,0.2184048742055893,5,0.8089787948727827,0.0204124095032127,0.4463690060034375,1.0,0,0,0.1511788315556824,0.4026263755008735,476,500,thymio-07
171,1788308285.5317502,1.6673824787139893,-0.232421338558197,0.1538833265571204,76.51590236982233,1.6673824787139893,0.0848095715045929,-0.232421338558197,0.1904682070016861,0.773695707321167,0.5998201966285706,0.0730257555842399,5,0.7891773512948648,0.057405859612913,0.4416050922606356,1.0,0,0,0.108310151017086,0.2101438307778099,353,417,thymio-07
172,1788308286.1396587,1.6673824787139893,-0.232421338558197,0.1538833265571204,76.41590236982233,1.6673824787139893,0.0848095715045929,-0.232421338558197,0.1904682070016861,0.773695707321167,0.5998201966285706,0.0730257555842399,5,0.7891773512948648,0.057405859612913,0.4416050922606356,1.0,0,0,0.1135383105191542,0.1831068415276792,376,431,thymio-07
173,1788308286.7477655,1.6650547981262207,-0.1426175534725189,0.1521898368304657,76.31471268333308,1.6650547981262207,0.0850070565938949,-0.1426175534725189,0.1998782902956009,0.7685539722442627,0.6045805811882019,0.0620944015681743,5,0.7103782010316531,1.0,0.3728522684724471,1.0,0,0,0.1216630819152996,0.0331850578535099,427,437,thymio-07
174,1788308287.356382,1.6752468347549438,-0.0384688191115856,0.1316304256009584,76.21471268333309,1.6752468347549438,0.0853292793035507,-0.0384688191115856,0.2485891282558441,0.7708790302276611,0.5864540338516235,0.0045418171212077,5,0.6314620514669753,1.0,0.2698464810979628,1.0,0,0,0.0774499491105145,0.3456543527382353,223,327,thymio-07
175,1788308287.9646552,1.6752468347549438,-0.0384688191115856,0.1316304256009584,76.1147126833331,1.6752468347549438,0.0853292793035507,-0.0384688191115856,0.2485891282558441,0.7708790302276611,0.5864540338516235,0.0045418171212077,5,0.6314620514669753,1.0,0.2698464810979628,1.0,0,0,0.0899199768669663,0.4332715742188354,254,385,thymio-07
176,1788308288.5725844,1.707630634307861,0.1036489605903625,0.1207328114538128,76.0147126833331,1.707630634307861,0.0859180390834808,0.1036489605903625,0.2849119305610657,0.7728275060653687,0.5645187497138977,-0.0536785870790481,5,0.5038671024644414,1.0,0.0738637677451481,1.0,0,0,0.0529740548567472,0.4741401151206638,117,260,thymio-07
177,1788308289.1802511,1.7597633600234983,0.1880291253328323,-0.0090877809430747,75.91471268333311,1.7597633600234983,0.0864170044660568,0.1880291253328323,0.3906554579734802,0.7482771873474121,0.4950864911079407,-0.2058129906654358,5,0.452554968113245,1.0,-0.0720653306046824,1.0,0,0,0.0630082976315662,0.5001880621328352,148,299,thymio-07
178,1788308289.787929,1.7998870611190796,0.2148665487766266,-0.2843405975291557,75.81471268333311,1.7998870611190796,0.0866474136710167,0.2148665487766266,0.4694507420063019,0.7009910345077515,0.4254493415355682,-0.3274455070495605,5,-0.1781996863728912,1.0,1.0,0.4476631862074223,0,0,0.0337279380117435,-0.0636058117139316,129,110,thymio-07
179,1788308290.3960044,1.830358862876892,0.2255583256483078,-0.6524240712969513,75.71471268333312,1.830358862876892,0.0862435176968574,0.2255583256483078,0.5149149894714355,0.6599059700965881,0.3718742430210113,-0.4013680219650268,5,-0.2407039401120756,1.0,1.0,0.460788141201832,0,0,0.0232331467565228,0.4887840996530672,9,156,thymio-07
180,1788308291.004141,1.8811137676239011,0.2332645058631897,-1.1888262421078553,75.61471268333312,1.8811137676239011,0.0861966013908386,0.2332645058631897,0.5527121424674988,0.6092298030853271,0.311535120010376,-0.4757039546966553,5,-0.3942145144100349,1.0,1.0,0.4755942360319385,0,0,-0.0344689525720168,0.5522040043477477,-206,-39,thymio-07
181,1788308291.6128414,1.886167407035828,0.2277582138776779,-1.7953526390520131,75.51471268333313,1.886167407035828,0.086267314851284,0.2277582138776779,0.6010470390319824,0.5184381604194641,0.2119617909193039,-0.5701198577880859,5,1.0,1.0,0.6918270034556613,-0.4664916379951819,0,0,0.1332094441648579,0.5552282227178379,389,500,thymio-07
182,1788308292.220477,1.886167407035828,0.2277582138776779,-1.7953526390520131,75.41471268333314,1.886167407035828,0.086267314851284,0.2277582138776779,0.6010470390319824,0.5184381604194641,0.2119617909193039,-0.5701198577880859,5,1.0,1.0,0.6918270034556613,-0.4664916379951819,0,0,0.1147109620088408,0.5751200770289869,321,494,thymio-07
183,1788308292.8281405,1.898473143577576,0.2170486748218536,-1.9718979145568516,75.31471268333314,1.898473143577576,0.0861247852444648,0.2170486748218536,0.6182389259338379,0.4593944847583771,0.1514334231615066,-0.6195202469825745,5,1.0,0.4954200857388706,0.6620038477325094,-0.5089085505505402,0,0,0.1180703631833462,0.5908705872304666,330,500,thymio-07
184,1788308293.4361362,1.987349510192871,0.1535452604293823,-2.118234818103712,75.21471268333315,1.987349510192871,0.0854250788688659,0.1535452604293823,0.6348586678504944,0.3607357144355774,0.0601816326379776,-0.6805897355079651,5,1.0,0.5964293360378536,0.6001786192018921,-0.5204977984527519,0,0,0.1147789314278194,0.6136913251922526,315,500,thymio-07
185,1788308294.0453696,2.051929235458374,0.0542729273438453,-2.2018561869790587,75.11471268333315,2.051929235458374,0.0838807672262191,0.0542729273438453,0.6335260272026062,0.2146355807781219,-0.066439002752304,-0.7403797507286072,5,1.0,0.7157237429698788,0.4687735309023959,-0.4254741041629811,0,0,0.121896665964619,0.6207321479998286,339,500,thymio-07
186,1788308294.653735,2.051929235458374,0.0542729273438453,-2.2018561869790587,75.01471268333316,2.051929235458374,0.0838807672262191,0.0542729273438453,0.6335260272026062,0.2146355807781219,-0.066439002752304,-0.7403797507286072,5,1.0,0.7157237429698788,0.4687735309023959,-0.4254741041629811,0,0,0.1230561615104898,0.6229396718761075,343,500,thymio-07
187,1788308295.2632282,2.0710105895996094,-0.0244939140975475,-2.2195315358692973,74.91471268333316,2.0710105895996094,0.0826689451932907,-0.0244939140975475,0.62192702293396,0.1115225479006767,-0.1483485996723175,-0.7607643008232117,5,1.0,0.7931046405590609,0.3419146055413715,-0.3455363333894128,0,0,0.1091763480224997,0.6188280951447026,294,481,thymio-07
188,1788308295.871624,2.0598416328430176,-0.1504180580377578,-2.1928007031088352,74.73360068280356,2.0598416328430176,0.0818361043930053,-0.1504180580377578,0.5784205198287964,-0.0319325476884841,-0.2598828375339508,-0.7725743055343628,5,1.0,0.8948799025062475,0.161441496056143,-0.2160002000000483,0,0,0.1021503900865675,0.6116145901309926,271,455,thymio-07
189,1788308296.4807813,2.021347045898437,-0.232518270611763,-2.1129079014924588,74.42744247379622,2.021347045898437,0.0816316604614257,-0.232518270611763,0.5206887722015381,-0.1677936911582946,-0.3530742526054382,-0.7589908242225647,5,1.0,0.949216009496436,0.0742795279270869,-0.1255145793463662,0,0,0.0983840257874745,0.6030827903987263,258,441,thymio-07
190,1788308297.0890405,1.944271683692932,-0.293405145406723,-1.726396698397485,73.89114119781802,1.944271683692932,0.0821460038423538,-0.293405145406723,0.4143186807632446,-0.3443936109542846,-0.4719196557998657,-0.6978716850280762,5,1.0,1.0,-0.0129060510971984,-0.0402166044123523,0,0,0.0698535391893959,0.5086284157569045,171,325,thymio-07
191,1788308297.6970022,1.871144771575928,-0.3106053173542022,-0.9040556564582918,73.44844394876975,1.871144771575928,0.0827809199690818,-0.3106053173542022,0.3158474564552307,-0.4766128361225128,-0.542708158493042,-0.6152628660202026,5,1.0,-0.1320480726667345,0.3445436114313318,0.0216435751482726,0,0,0.0525062597489193,0.3954063715754191,127,246,thymio-07
192,1788308298.3046422,1.871144771575928,-0.3106053173542022,-0.9040556564582918,73.34844394876976,1.871144771575928,0.0827809199690818,-0.3106053173542022,0.3158474564552307,-0.4766128361225128,-0.542708158493042,-0.6152628660202026,5,1.0,-0.1320480726667345,0.3445436114313318,0.0216435751482726,0,0,0.1182639205070692,0.4855333986161572,347,494,thymio-07
193,1788308298.9130757,1.827471613883972,-0.3052160739898681,-0.3503798830942117,73.0876151355273,1.827471613883972,0.0827240720391273,-0.3052160739898681,0.2334055006504058,-0.5522689819335938,-0.5883963108062744,-0.5425040125846863,5,0.0573861415835632,-0.1214391236503582,0.3549235319438009,1.0,0,0,0.0215380689236098,0.178152470698229,50,103,thymio-07
194,1788308299.5210695,1.730278730392456,-0.2564559876918793,0.0148480372935297,72.48539638306875,1.730278730392456,0.0841435045003891,-0.2564559876918793,0.1088440492749214,-0.6594182252883911,-0.6153265833854675,-0.417963832616806,5,0.096278968877711,-0.1041455607317068,1.0,1.0,0,0,0.1008752426167371,0.0151586093979985,356,361,thymio-07
195,1788308300.12892,1.7211341857910156,-0.2480835616588592,0.0378587670459791,72.38539638306875,1.7211341857910156,0.0842687264084816,-0.2480835616588592,0.0849300771951675,-0.6692214608192444,-0.624103307723999,-0.3942393958568573,5,0.1227243198486882,-0.0940076162365853,1.0,1.0,0,0,0.0198815353967644,0.4729125930577004,-1,142,thymio-07
