tick,timestamp,x,y,heading,battery,raw_x,raw_y,raw_z,qx,qy,qz,qw,front_d,back_d,ir_front_max,ir_rear_max,v,w,left,right,hostname
1,1788220810.178884,10000.0,10000.0,0.0,100.0,,,,,,,,1.0,1.0,0,0,-9.184850993605149e-18,0.6283185307179586,-95,95,thymio-08
2,1788220810.7939267,2.7281603813171387,-0.498479425907135,0.4367981886488268,100.0,2.7281603813171387,0.0804851129651069,-0.498479425907135,0.2225233763456344,0.7908272743225098,0.5701400637626648,0.0039861584082245,-0.7098807166569178,1.0,0,0,-0.1052559038078381,0.6283185307179586,-469,-279,thymio-08
3,1788220811.4037192,2.7215776443481445,-0.4876032769680023,0.3188863742415715,99.9,2.7215776443481445,0.0797540694475174,-0.4876032769680023,0.3404251635074615,0.7685547471046448,0.5289510488510132,-0.1168127134442329,-0.715410171101708,1.0,0,0,-0.1008102224342267,0.6283185307179586,-453,-263,thymio-08
4,1788220812.01163,2.737776517868042,-0.5013483762741089,0.3113142788998346,99.8,2.737776517868042,0.0798724144697189,-0.5013483762741089,0.3593122065067291,0.7606810927391052,0.5152533054351807,-0.1636246889829635,-0.711343212513203,1.0,0,0,-0.0260200142848462,0.6283185307179586,-187,2,thymio-08
5,1788220812.6201582,2.737776517868042,-0.5013483762741089,0.3113142788998346,99.70000000000002,2.737776517868042,0.0798724144697189,-0.5013483762741089,0.3593122065067291,0.7606810927391052,0.5152533054351807,-0.1636246889829635,-0.711343212513203,1.0,0,0,-0.0260200142848462,0.6283185307179586,-187,2,thymio-08
6,1788220813.2281797,2.799170017242432,-0.5858163833618164,-0.5991313286926601,99.60000000000002,2.799170017242432,0.0800612941384315,-0.5858163833618164,0.5292623043060303,0.638247549533844,0.3495391309261322,-0.4362843036651611,-0.4727025872295645,1.0,0,0,-0.0276493917035981,-0.6283185307179586,-3,-193,thymio-08
7,1788220813.836092,2.8034260272979736,-0.5927907228469849,-1.4205611722344522,99.50000000000004,2.8034260272979736,0.0801727622747421,-0.5927907228469849,0.579864501953125,0.5451735258102417,0.2557747662067413,-0.5487462282180786,-0.4562729145180707,1.0,0,0,-0.027255380761216,-0.6283185307179586,-2,-192,thymio-08
8,1788220814.444001,2.8034260272979736,-0.5927907228469849,-1.4205611722344522,99.40000000000003,2.8034260272979736,0.0801727622747421,-0.5927907228469849,0.579864501953125,0.5451735258102417,0.2557747662067413,-0.5487462282180786,-0.4562729145180707,1.0,0,0,0.109021523044864,-0.6283185307179586,482,292,thymio-08
9,1788220815.052878,2.789151906967163,-0.6412604451179504,-0.2330287974584362,99.28419195744024,2.789151906967163,0.0792422816157341,-0.6412604451179504,0.5020120143890381,0.6827039122581482,0.3882828056812286,-0.3621267676353454,-0.6740966799699823,1.0,0,0,-0.1340262693041341,-0.6283185307179586,-381,-500,thymio-08
10,1788220815.6620317,2.761113166809082,-0.6116877198219299,0.2549541113240603,99.14112696301216,2.761113166809082,0.0793787688016891,-0.6116877198219299,0.3918221294879913,0.7482525706291199,0.4899249672889709,-0.2157938927412033,-0.7178948147804222,1.0,0,0,-0.0988125689165405,0.6283185307179586,-446,-256,thymio-08
11,1788220816.272124,2.825273036956787,-0.686784029006958,0.223475599924388,99.04112696301218,2.825273036956787,0.0788460373878479,-0.686784029006958,0.4071463346481323,0.7385124564170837,0.4807685017585754,-0.2401935756206512,-0.6202969360502362,1.0,0,0,-0.0443203158539025,-0.6283185307179586,-63,-252,thymio-08
12,1788220816.880262,2.825273036956787,-0.686784029006958,0.223475599924388,98.94112696301218,2.825273036956787,0.0788460373878479,-0.686784029006958,0.4071463346481323,0.7385124564170837,0.4807685017585754,-0.2401935756206512,-0.6202969360502362,1.0,0,0,-0.0443203158539025,-0.6283185307179586,-63,-252,thymio-08
13,1788220817.489311,2.8505547046661377,-0.7300286293029785,0.2669271302258531,98.8411269630122,2.8505547046661377,0.0778080821037292,-0.7300286293029785,0.3778253197669983,0.7594571113586426,0.4987161755561828,-0.1781995594501495,-0.5699737882456659,1.0,0,0,-0.05,0.1493079700720989,-200,-155,thymio-08
14,1788220818.0976732,2.917170524597168,-0.7767354846000671,0.4315430943608969,98.7411269630122,2.917170524597168,0.0775055587291717,-0.7767354846000671,0.2123834937810897,0.7800557613372803,0.5878708362579346,0.0285335164517164,-0.5113369094683857,1.0,0,0,-0.05,0.6283185307179586,-273,-83,thymio-08
15,1788220818.7060416,2.948271989822388,-0.7841861844062805,0.3862102793137278,98.6411269630122,2.948271989822388,0.0769091323018074,-0.7841861844062805,0.2956971228122711,0.7690207958221436,0.5617551207542419,-0.074843630194664,-0.494738943175717,1.0,0,0,-0.2,0.581176521879979,-500,-500,thymio-08
16,1788220819.3141944,2.948271989822388,-0.7841861844062805,0.3862102793137278,98.5411269630122,2.948271989822388,0.0769091323018074,-0.7841861844062805,0.2956971228122711,0.7690207958221436,0.5617551207542419,-0.074843630194664,-0.494738943175717,1.0,0,0,-0.2,0.581176521879979,-500,-500,thymio-08
17,1788220819.9221272,3.017402172088623,-0.8408660292625427,0.3367492592740202,98.4411269630122,3.017402172088623,0.0766179859638214,-0.8408660292625427,0.3480364680290222,0.757678210735321,0.5313986539840698,-0.1496995240449905,-0.4184583908277257,1.0,0,0,-0.1176974836557772,0.6283185307179586,-500,-323,thymio-08
18,1788220820.5310946,3.1130542755126958,-0.9306039810180664,0.2782025598216031,98.3411269630122,3.1130542755126958,0.0758807435631752,-0.9306039810180664,0.3808138072490692,0.7529157996177673,0.4975058734416961,-0.2014612555503845,-0.2924743672158374,1.0,0,0,0.1550290589817671,0.6283185307179586,456,500,thymio-08
19,1788220821.1395228,3.1130542755126958,-0.9306039810180664,0.2782025598216031,98.24112696301222,3.1130542755126958,0.0758807435631752,-0.9306039810180664,0.3808138072490692,0.7529157996177673,0.4975058734416961,-0.2014612555503845,-0.2924743672158374,1.0,0,0,0.1550290589817671,0.6283185307179586,456,500,thymio-08
20,1788220821.747891,3.0956084728240967,-0.9006015062332153,0.1767602418247253,98.12905924832052,3.0956084728240967,0.0763006582856178,-0.9006015062332153,0.4200089275836944,0.7371483445167542,0.4801488220691681,-0.2228498756885528,-0.3162181145049009,1.0,0,0,0.0856318179177546,0.6283185307179586,209,399,thymio-08
21,1788220822.3557048,3.0379226207733154,-0.788286030292511,-0.0355628025418317,97.75971308211832,3.0379226207733154,0.0769617035984993,-0.788286030292511,0.4738801717758178,0.7067927718162537,0.4235668480396271,-0.3106006681919098,-0.4358587986037405,1.0,0,0,-0.2,0.3203610319302767,-500,-500,thymio-08
22,1788220822.9637024,3.0379226207733154,-0.788286030292511,-0.0355628025418317,97.65971308211832,3.0379226207733154,0.0769617035984993,-0.788286030292511,0.4738801717758178,0.7067927718162537,0.4235668480396271,-0.3106006681919098,-0.4358587986037405,1.0,0,0,-0.2,0.3203610319302767,-500,-500,thymio-08
23,1788220823.5712802,3.034745931625366,-0.7762988209724426,-0.5096406486009508,97.55971308211832,3.034745931625366,0.0769031196832656,-0.7762988209724426,0.5244110226631165,0.6496728658676147,0.3553683161735534,-0.4202758073806762,-0.396942790337437,1.0,0,0,-0.2,-0.6283185307179586,-500,-500,thymio-08
24,1788220824.1795497,3.034745931625366,-0.7762988209724426,-0.5096406486009508,97.45971308211833,3.034745931625366,0.0769031196832656,-0.7762988209724426,0.5244110226631165,0.6496728658676147,0.3553683161735534,-0.4202758073806762,-0.396942790337437,1.0,0,0,-0.2,-0.6283185307179586,-500,-500,thymio-08
25,1788220824.783177,10000.0,10000.0,0.0,97.45971308211833,3.034745931625366,0.0769031196832656,-0.7762988209724426,0.5244110226631165,0.6496728658676147,0.3553683161735534,-0.4202758073806762,1.0,1.0,0,0,-9.184850993605149e-18,0.6283185307179586,-95,95,thymio-08
26,1788220825.3861833,3.0421109199523926,-0.9195658564567566,-0.5157262545150876,97.45971308211833,3.0421109199523926,0.0752239003777504,-0.9195658564567566,0.5215319395065308,0.6469138860702515,0.3565044999122619,-0.4270964562892914,-0.252946508426529,1.0,0,0,0.0019986276749564,0.6283185307179586,-88,102,thymio-08
27,1788220825.9944842,3.058793783187866,-1.067131280899048,-1.33300620123565,97.35971308211832,3.058793783187866,0.0738697946071624,-1.067131280899048,0.6010213494300842,0.5564215183258057,0.223559632897377,-0.5283839702606201,1.0,1.0,0,0,-0.1224623493519796,0.6283185307179586,-500,-340,thymio-08
28,1788220826.6027477,3.058793783187866,-1.067131280899048,-1.33300620123565,97.25971308211834,3.058793783187866,0.0738697946071624,-1.067131280899048,0.6010213494300842,0.5564215183258057,0.223559632897377,-0.5283839702606201,1.0,1.0,0,0,-0.1224623493519796,0.6283185307179586,-500,-340,thymio-08
29,1788220827.2058077,10000.0,10000.0,0.0,97.25971308211834,3.058793783187866,0.0738697946071624,-1.067131280899048,0.6010213494300842,0.5564215183258057,0.223559632897377,-0.5283839702606201,1.0,1.0,0,0,-9.184850993605149e-18,0.6283185307179586,-95,95,thymio-08
30,1788220827.8091755,3.0274465084075928,-1.1048039197921753,-1.736540843933309,97.25971308211834,3.0274465084075928,0.0745827183127403,-1.1048039197921753,0.6355063319206238,0.4178770780563354,0.0795666128396987,-0.6443443894386292,1.0,1.0,0,0,-0.1944297043404081,0.6283185307179586,-500,-500,thymio-08
31,1788220828.4173872,3.0274465084075928,-1.1048039197921753,-1.736540843933309,97.15971308211834,3.0274465084075928,0.0745827183127403,-1.1048039197921753,0.6355063319206238,0.4178770780563354,0.0795666128396987,-0.6443443894386292,1.0,1.0,0,0,-0.1944297043404081,0.6283185307179586,-500,-500,thymio-08
32,1788220829.0209303,10000.0,10000.0,0.0,97.15971308211834,3.0274465084075928,0.0745827183127403,-1.1048039197921753,0.6355063319206238,0.4178770780563354,0.0795666128396987,-0.6443443894386292,1.0,1.0,0,0,-9.184850993605149e-18,0.6283185307179586,-95,95,thymio-08
33,1788220829.6244118,10000.0,10000.0,0.0,97.15971308211834,3.0274465084075928,0.0745827183127403,-1.1048039197921753,0.6355063319206238,0.4178770780563354,0.0795666128396987,-0.6443443894386292,1.0,1.0,0,0,-9.184850993605149e-18,0.6283185307179586,-95,95,thymio-08
34,1788220830.2280402,10000.0,10000.0,0.0,97.15971308211834,3.0274465084075928,0.0745827183127403,-1.1048039197921753,0.6355063319206238,0.4178770780563354,0.0795666128396987,-0.6443443894386292,1.0,1.0,0,0,-9.184850993605149e-18,0.6283185307179586,-95,95,thymio-08
35,1788220830.8318324,10000.0,10000.0,0.0,97.15971308211834,3.0274465084075928,0.0745827183127403,-1.1048039197921753,0.6355063319206238,0.4178770780563354,0.0795666128396987,-0.6443443894386292,1.0,1.0,0,0,-9.184850993605149e-18,0.6283185307179586,-95,95,thymio-08
36,1788220831.4366417,2.8120715618133545,-1.171737551689148,-1.967331924715021,97.15971308211834,2.8120715618133545,0.0760730877518653,-1.171737551689148,0.6134060025215149,0.0921477824449539,-0.15571890771389,-0.7687610387802124,1.0,-0.2442109808061026,0,0,-0.1805658521415955,0.6283185307179586,-500,-500,thymio-08
37,1788220832.0442832,2.826970338821411,-1.210119605064392,-1.0314669779031016,97.05971308211836,2.826970338821411,0.0754141360521316,-1.210119605064392,0.3545982539653778,-0.4350849390029907,-0.5104393362998962,-0.6514697670936584,0.0130331001973493,1.0,0,0,-0.0241598498926472,0.6283185307179586,-181,9,thymio-08
38,1788220832.6535685,2.8240108489990234,-1.1369112730026243,-0.6597775475324235,96.95971308211836,2.8240108489990234,0.0758157074451446,-1.1369112730026243,0.3158293068408966,-0.4750047922134399,-0.5407232642173767,-0.618256151676178,-0.1284715899208635,1.0,0,0,0.061184573231694,0.6283185307179586,123,312,thymio-08
39,1788220833.26225,2.8240108489990234,-1.1369112730026243,-0.6597775475324235,96.85971308211836,2.8240108489990234,0.0758157074451446,-1.1369112730026243,0.3158293068408966,-0.4750047922134399,-0.5407232642173767,-0.618256151676178,-0.1284715899208635,1.0,0,0,0.061184573231694,0.6283185307179586,123,312,thymio-08
40,1788220833.870818,2.7913053035736084,-1.1698487997055054,0.2895823896010085,96.65167244938098,2.7913053035736084,0.0762926116585731,-1.1698487997055054,0.1382809579372406,-0.6542035341262817,-0.6060400009155273,-0.4308267831802368,-0.2274349026634551,1.0,0,0,0.1977861832419073,0.6283185307179586,500,500,thymio-08
41,1788220834.6972306,2.735867977142334,-1.200857162475586,0.416783316319373,96.34269965377224,2.735867977142334,0.0763062760233879,-1.200857162475586,-0.0101198870688676,-0.7307451963424683,-0.6255679726600647,-0.2730821967124939,-0.1315091501464901,1.0,0,0,0.1996571350097656,0.370833493059727,500,500,thymio-08
42,1788220835.305112,2.603914499282837,-1.2437517642974854,0.4282565005037702,95.52423608183436,2.603914499282837,0.0764445215463638,-1.2437517642974854,-0.038740687072277,-0.742286205291748,-0.6243141293525696,-0.2402961105108261,-5.057443062239653e-05,1.0,0,0,0.1630790228000011,0.2413404741360179,500,500,thymio-08
43,1788220835.9132996,2.603914499282837,-1.2437517642974854,0.4282565005037702,95.42423608183437,2.603914499282837,0.0764445215463638,-1.2437517642974854,-0.038740687072277,-0.742286205291748,-0.6243141293525696,-0.2402961105108261,-5.057443062239653e-05,1.0,0,0,0.1630790228000011,0.2413404741360179,500,500,thymio-08
44,1788220836.5213118,2.5650880336761475,-1.2543716430664062,0.4338524227727154,95.19161501134144,2.5650880336761475,0.0764083191752433,-1.2543716430664062,-0.0439445227384567,-0.7448315024375916,-0.6241858601570129,-0.2317045480012893,0.0344630581685556,1.0,0,0,0.1447021266679572,0.6283185307179586,419,500,thymio-08
45,1788220837.1288607,2.5650880336761475,-1.2543716430664062,0.4338524227727154,95.09161501134145,2.5650880336761475,0.0764083191752433,-1.2543716430664062,-0.0439445227384567,-0.7448315024375916,-0.6241858601570129,-0.2317045480012893,0.0428265763742461,1.0,0,0,0.1448334555538301,0.6283185307179586,420,500,thymio-08
46,1788220837.7321649,10000.0,10000.0,0.0,95.09161501134145,2.5650880336761475,0.0764083191752433,-1.2543716430664062,-0.0439445227384567,-0.7448315024375916,-0.6241858601570129,-0.2317045480012893,1.0,1.0,0,0,-9.184850993605149e-18,0.6283185307179586,-95,95,thymio-08
47,1788220838.3355718,10000.0,10000.0,0.0,95.09161501134145,2.5650880336761475,0.0764083191752433,-1.2543716430664062,-0.0439445227384567,-0.7448315024375916,-0.6241858601570129,-0.2317045480012893,1.0,1.0,0,0,-9.184850993605149e-18,0.6283185307179586,-95,95,thymio-08
48,1788220838.9385386,2.1644115447998047,-1.2773910760879517,0.3045850385651998,95.09161501134145,2.1644115447998047,0.0756679475307464,-1.2773910760879517,-0.2888273894786834,-0.7774455547332764,-0.558535099029541,-0.0139968255534768,0.3064143932927319,1.0,0,0,0.0,0.6283185307179586,-95,95,thymio-08
49,1788220839.5472329,2.1544225215911865,-1.2586551904678345,0.1917395397871768,94.99161501134144,2.1544225215911865,0.0779230445623397,-1.2586551904678345,-0.4162619113922119,-0.7372507452964783,-0.4728278219699859,0.2441747933626175,0.2820626204226777,1.0,0,0,0.0851350888748039,0.6283185307179586,208,397,thymio-08
50,1788220840.155693,2.154441595077514,-1.205784559249878,-0.715038403224356,94.89161501134144,2.154441595077514,0.0788246095180511,-1.205784559249878,-0.5400133728981018,-0.6294452548027039,-0.3344014585018158,0.4476158916950226,0.1567609891260883,1.0,0,0,0.029969248260081,0.6283185307179586,12,201,thymio-08
51,1788220840.7634392,2.154441595077514,-1.205784559249878,-0.715038403224356,94.79161501134143,2.154441595077514,0.0788246095180511,-1.205784559249878,-0.5400133728981018,-0.6294452548027039,-0.3344014585018158,0.4476158916950226,0.1567609891260883,1.0,0,0,0.029969248260081,0.6283185307179586,12,201,thymio-08
52,1788220841.371542,2.1739792823791504,-1.1543337106704712,-1.5604964979505829,94.69161501134144,2.1739792823791504,0.0805389881134033,-1.1543337106704712,-0.6164331436157227,-0.5045157670974731,-0.1896912753582,0.5740134119987488,0.1025648504390055,1.0,0,0,-0.0627667399711302,0.6283185307179586,-318,-128,thymio-08
53,1788220841.979988,2.19580078125,-1.138659119606018,-1.9250232158936131,94.59161501134146,2.19580078125,0.0802702233195304,-1.138659119606018,-0.6334149837493896,-0.2876202166080475,-0.0060018422082066,0.7183482050895691,1.0,1.0,0,0,-0.1055155707535571,0.6283185307179586,-470,-280,thymio-08
54,1788220842.587669,2.19580078125,-1.138659119606018,-1.9250232158936131,94.49161501134148,2.19580078125,0.0802702233195304,-1.138659119606018,-0.6334149837493896,-0.2876202166080475,-0.0060018422082066,0.7183482050895691,1.0,1.0,0,0,-0.1055155707535571,0.6283185307179586,-470,-280,thymio-08
55,1788220843.196069,2.13903284072876,-1.1553807258605957,-1.9804775438181643,94.14904169078764,2.13903284072876,0.0803616046905517,-1.1553807258605957,-0.6237626671791077,-0.1502058207988739,0.0994807556271553,0.7605669498443604,1.0,1.0,0,0,-0.113146357087199,0.5584292679583722,-486,-318,thymio-08
56,1788220843.8046768,2.073915243148804,-1.1540961265563965,-1.9806619356005324,93.75769298605724,2.073915243148804,0.0810303315520286,-1.1540961265563965,-0.6050930619239807,-0.0510995648801326,0.1778185665607452,0.7743590474128723,1.0,1.0,0,0,-0.1141832131450135,0.4466029466188047,-473,-338,thymio-08
57,1788220844.4137628,2.073915243148804,-1.1540961265563965,-1.9806619356005324,93.65769298605726,2.073915243148804,0.0810303315520286,-1.1540961265563965,-0.6050930619239807,-0.0510995648801326,0.1778185665607452,0.7743590474128723,1.0,1.0,0,0,-0.1141832131450135,0.4466029466188047,-473,-338,thymio-08
58,1788220845.022432,1.9448845386505127,-1.1031509637832642,-1.8923652424278472,92.77050272712243,1.9448845386505127,0.0818501263856887,-1.1031509637832642,-0.5492441654205322,0.0996659323573112,0.3095044493675232,0.7698081731796265,1.0,1.0,0,0,-0.1067085706560377,0.4153571193972374,-442,-316,thymio-08
59,1788220845.6312232,1.876304268836975,-1.049063205718994,-1.843622904458501,92.33909539818995,1.876304268836975,0.0830903425812721,-1.049063205718994,-0.5196239352226257,0.1666167080402374,0.3542525172233581,0.7594307065010071,1.0,1.0,0,0,-0.1013844016169329,0.4081729297801306,-422,-299,thymio-08
60,1788220846.239529,1.876304268836975,-1.049063205718994,-1.843622904458501,92.23909539818996,1.876304268836975,0.0830903425812721,-1.049063205718994,-0.5196239352226257,0.1666167080402374,0.3542525172233581,0.7594307065010071,1.0,1.0,0,0,-0.1013844016169329,0.4081729297801306,-422,-299,thymio-08
61,1788220846.8485143,1.8083585500717163,-0.9677335023880004,-1.759687844338884,91.79232785073962,1.8083585500717163,0.0831480547785759,-0.9677335023880004,-0.4764463901519775,0.2651907801628113,0.4037837982177734,0.7345960736274719,0.746420993713244,1.0,0,0,-0.0943672225600171,0.4392475553164864,-402,-269,thymio-08
62,1788220847.4560184,1.7616732120513916,-0.8703023791313171,-1.4670526212319208,91.4522158769413,1.7616732120513916,0.0848526656627655,-0.8703023791313171,-0.4122861921787262,0.3613201081752777,0.4677532911300659,0.6933072209358215,0.1538967552774865,1.0,0,0,-0.0732206110858569,0.6283185307179586,-355,-165,thymio-08
63,1788220848.0643291,1.7469836473464966,-0.8051537871360779,-0.8227373888198759,91.32157013786905,1.7469836473464966,0.0859598144888877,-0.8051537871360779,-0.3454073965549469,0.4618073105812073,0.5250102281570435,0.6259329319000244,0.101078059157849,1.0,0,0,-0.0145363492537348,0.6283185307179586,-147,43,thymio-08
64,1788220848.672685,1.7469836473464966,-0.8051537871360779,-0.8227373888198759,91.22157013786904,1.7469836473464966,0.0859598144888877,-0.8051537871360779,-0.3454073965549469,0.4618073105812073,0.5250102281570435,0.6259329319000244,0.101078059157849,1.0,0,0,-0.0145363492537348,0.6283185307179586,-147,43,thymio-08
65,1788220849.2811258,1.7450982332229614,-0.7731941938400269,0.1501560028803954,91.12157013786904,1.7450982332229614,0.085951380431652,-0.7731941938400269,-0.1985944211483001,0.6056398153305054,0.5936623215675354,0.4912492632865906,1.0,1.0,0,0,0.069519351152691,0.5952324399435458,157,337,thymio-08
66,1788220849.8892698,1.7396416664123535,-0.7708004117012024,0.3728772516956029,91.02157013786903,1.7396416664123535,0.0856780931353569,-0.7708004117012024,-0.0657450333237648,0.6948280334472656,0.6225710511207581,0.3539729714393616,1.0,1.0,0,0,0.0837560996250514,0.4464289782719961,230,365,thymio-08
67,1788220850.497029,1.7396416664123535,-0.7708004117012024,0.3728772516956029,90.92157013786904,1.7396416664123535,0.0856780931353569,-0.7708004117012024,-0.0657450333237648,0.6948280334472656,0.6225710511207581,0.3539729714393616,1.0,1.0,0,0,0.0837560996250514,0.4464289782719961,230,365,thymio-08
68,1788220851.1064358,1.669125199317932,-0.7842156291007996,0.4209649436036158,90.53546759057151,1.669125199317932,0.0859617069363594,-0.7842156291007996,0.1119342967867851,0.7601776719093323,0.6170379519462585,0.1698963493108749,1.0,1.0,0,0,0.086865339608934,0.4980222841712322,233,384,thymio-08
69,1788220851.7149014,1.5580227375030518,-0.7560014128684998,0.3961563597485948,89.85345950474562,1.5580227375030518,0.0874451249837875,-0.7560014128684998,0.2643676400184631,0.7745004296302795,0.5741435289382935,-0.0248593166470527,1.0,1.0,0,0,0.0845171396928032,0.5735440283016626,214,387,thymio-08
70,1788220852.3225334,1.5580227375030518,-0.7560014128684998,0.3961563597485948,89.75345950474562,1.5580227375030518,0.0874451249837875,-0.7560014128684998,0.2643676400184631,0.7745004296302795,0.5741435289382935,-0.0248593166470527,1.0,1.0,0,0,0.0845171396928032,0.5735440283016626,214,387,thymio-08
71,1788220852.929908,1.4692623615264893,-0.6674989461898804,0.1998114681659357,89.12129796636,1.4692623615264893,0.088536150753498,-0.6674989461898804,0.414793461561203,0.7358636260032654,0.4704458117485046,-0.2552095651626587,1.0,1.0,0,0,0.0714232785312204,0.6283185307179586,159,349,thymio-08
72,1788220853.537537,1.4501326084136963,-0.5590366125106812,-0.7637637655015741,88.91716791091784,1.4501326084136963,0.0898166894912719,-0.5590366125106812,0.5461597442626953,0.6281602382659912,0.3226729333400726,-0.4505625069141388,-0.167355865442222,1.0,0,0,-0.0206890105569778,0.6283185307179586,-168,21,thymio-08
73,1788220854.145077,1.4501326084136963,-0.5590366125106812,-0.7637637655015741,88.81716791091785,1.4501326084136963,0.0898166894912719,-0.5590366125106812,0.5461597442626953,0.6281602382659912,0.3226729333400726,-0.4505625069141388,-0.167355865442222,1.0,0,0,-0.0206890105569778,0.6283185307179586,-168,21,thymio-08
74,1788220854.753348,1.4538954496383667,-0.5408565998077393,-1.0297753184049174,88.71716791091785,1.4538954496383667,0.0896365940570831,-0.5408565998077393,0.5554442405700684,0.6000058054924011,0.2961539030075073,-0.4937283992767334,-0.2173379858027894,1.0,0,0,-0.0531343997754886,0.6283185307179586,-284,-94,thymio-08
75,1788220855.3618777,1.468002438545227,-0.5214321613311768,-1.8424675196551696,88.61716791091786,1.468002438545227,0.0906212404370307,-0.5214321613311768,0.6367101073265076,0.3615603148937225,0.0543768666684627,-0.6789090633392334,0.5878389728773168,1.0,0,0,-0.118743714078565,-0.3428098131648007,-370,-474,thymio-08
76,1788220855.9701252,1.433769464492798,-0.5354461669921875,-1.9457053347393976,88.41089643889016,1.433769464492798,0.0900265276432037,-0.5354461669921875,0.6222533583641052,0.1510240286588668,-0.1212683171033859,-0.7584764361381531,0.6352369808900207,1.0,0,0,-0.1135062377389017,-0.3625462332605585,-349,-458,thymio-08
77,1788220856.5779674,1.433769464492798,-0.5354461669921875,-1.9457053347393976,88.31089643889017,1.433769464492798,0.0900265276432037,-0.5354461669921875,0.6222533583641052,0.1510240286588668,-0.1212683171033859,-0.7584764361381531,0.6352369808900207,1.0,0,0,-0.1135062377389017,-0.3625462332605585,-349,-458,thymio-08
78,1788220857.187176,1.3718754053115845,-0.5394966006278992,-1.9448008004794144,87.93921970332264,1.3718754053115845,0.0903062596917152,-0.5394966006278992,0.626376748085022,0.191132441163063,-0.0854618772864341,-0.7508774399757385,0.7015838946750292,1.0,0,0,-0.1120511265621429,-0.1944369818122741,-369,-427,thymio-08
79,1788220857.7950735,1.21411395072937,-0.5927110910415649,-1.84236776449187,86.84731974550596,1.21411395072937,0.0906011387705802,-0.5927110910415649,0.6392016410827637,0.3558360934257507,0.0463362596929073,-0.680187463760376,0.8682513607078368,1.0,0,0,-0.1139414605105642,0.1083135054319921,-421,-388,thymio-08
80,1788220858.402556,1.1470651626586914,-0.6412733793258667,-1.8223041812660343,86.42836652708813,1.1470651626586914,0.0908211767673492,-0.6412733793258667,0.629574716091156,0.3946583271026611,0.0948430597782135,-0.6624842882156372,0.919971592363596,1.0,0,0,-0.1151898538291562,0.155938006368075,-433,-386,thymio-08
81,1788220859.0102894,1.1470651626586914,-0.6412733793258667,-1.8223041812660343,86.32836652708814,1.1470651626586914,0.0908211767673492,-0.6412733793258667,0.629574716091156,0.3946583271026611,0.0948430597782135,-0.6624842882156372,0.919971592363596,1.0,0,0,-0.1151898538291562,0.155938006368075,-433,-386,thymio-08
82,1788220859.6185515,1.0989941358566284,-0.6831240057945251,-1.799845721925101,86.02552924187232,1.0989941358566284,0.0904857888817787,-0.6831240057945251,0.6332718729972839,0.3967896401882171,0.0842951089143753,-0.6591047644615173,0.936553303958843,1.0,0,0,-0.1181504140836069,0.1569709960991456,-444,-396,thymio-08
83,1788220860.226853,0.9903886318206788,-0.7712116241455078,-1.8175843846136748,85.3933545426768,0.9903886318206788,0.0903796032071113,-0.7712116241455078,0.6332846283912659,0.3787162005901336,0.0631265193223953,-0.6719669699668884,0.9581769918313798,1.0,0,0,-0.119463904427747,0.204477285368635,-455,-394,thymio-08
84,1788220860.8352962,0.9048221111297609,-0.831098198890686,-1.846349233803144,84.9049496275018,0.9048221111297609,0.0908001586794853,-0.831098198890686,0.6366125345230103,0.3557332456111908,0.0475197695195674,-0.6825835704803467,0.9314476849751558,1.0,0,0,-0.1229233959838788,0.1778086185592473,-464,-410,thymio-08
85,1788220861.4428391,0.9048221111297609,-0.831098198890686,-1.846349233803144,84.8049496275018,0.9048221111297609,0.0908001586794853,-0.831098198890686,0.6366125345230103,0.3557332456111908,0.0475197695195674,-0.6825835704803467,0.9314476849751558,1.0,0,0,-0.1229233959838788,0.1778086185592473,-464,-410,thymio-08
86,1788220862.050588,0.8277139067649841,-0.8792475461959839,-1.8682195366265464,84.27577260969534,0.8277139067649841,0.0912907198071479,-0.8792475461959839,0.6319999098777771,0.3385144472122192,0.0339923165738582,-0.6962964534759521,0.8481823098229526,1.0,0,0,-0.127503060973839,0.1473025853652976,-475,-431,thymio-08
87,1788220862.65851,0.6538617014884949,-0.9729790091514589,-1.9033700852417264,83.16712892733766,0.6538617014884949,0.0930725634098053,-0.9729790091514589,0.6356865763664246,0.3139548897743225,0.026083443313837,-0.7047373056411743,0.9292210615341152,1.0,0,0,-0.129268760981952,0.0528061673325778,-467,-451,thymio-08
88,1788220863.266842,0.6538617014884949,-0.9729790091514589,-1.9033700852417264,83.06712892733766,0.6538617014884949,0.0930725634098053,-0.9729790091514589,0.6356865763664246,0.3139548897743225,0.026083443313837,-0.7047373056411743,0.9292210615341152,1.0,0,0,-0.129268760981952,0.0528061673325778,-467,-451,thymio-08
89,1788220863.8744664,0.5416985154151917,-1.028256058692932,-2.001193962446792,82.43282128525871,0.5416985154151917,0.0960544645786285,-1.028256058692932,0.6052722930908203,0.2612249255180359,0.0157580822706222,-0.7517703771591187,1.0,1.0,0,0,-0.1307425370325926,-0.0905206209604444,-451,-478,thymio-08
90,1788220864.4828055,0.4956082105636596,-1.0534886121749878,-1.9731974277138784,82.17705851993955,0.4956082105636596,0.0953108519315719,-1.0534886121749878,0.6229072213172913,0.2739730775356293,0.018226433545351,-0.7325252890586853,1.0,1.0,0,0,-0.1317106160342447,-0.0616128028688668,-459,-477,thymio-08
91,1788220865.091937,0.4818421900272369,-1.0621801614761353,-1.8742882147098503,82.07705851993956,0.4818421900272369,0.0938657894730568,-1.0621801614761353,0.6337705850601196,0.3343932330608368,0.0332633331418037,-0.6967134475708008,1.0,1.0,0,0,-0.1349714952427141,0.0908589668605358,-493,-466,thymio-08
92,1788220865.699871,0.4818421900272369,-1.0621801614761353,-1.8742882147098503,81.97705851993956,0.4818421900272369,0.0938657894730568,-1.0621801614761353,0.6337705850601196,0.3343932330608368,0.0332633331418037,-0.6967134475708008,1.0,1.0,0,0,-0.1349714952427141,0.0908589668605358,-493,-466,thymio-08
93,1788220866.30452,10000.0,10000.0,0.0,81.97705851993956,0.4818421900272369,0.0938657894730568,-1.0621801614761353,0.6337705850601196,0.3343932330608368,0.0332633331418037,-0.6967134475708008,1.0,1.0,0,0,-9.184850993605149e-18,0.6283185307179586,-95,95,thymio-08
94,1788220866.9083056,10000.0,10000.0,0.0,81.97705851993956,0.4818421900272369,0.0938657894730568,-1.0621801614761353,0.6337705850601196,0.3343932330608368,0.0332633331418037,-0.6967134475708008,1.0,1.0,0,0,-9.184850993605149e-18,0.6283185307179586,-95,95,thymio-08
95,1788220867.511348,10000.0,10000.0,0.0,81.97705851993956,0.4818421900272369,0.0938657894730568,-1.0621801614761353,0.6337705850601196,0.3343932330608368,0.0332633331418037,-0.6967134475708008,1.0,1.0,0,0,-9.184850993605149e-18,0.6283185307179586,-95,95,thymio-08
96,1788220868.1143932,10000.0,10000.0,0.0,81.97705851993956,0.4818421900272369,0.0938657894730568,-1.0621801614761353,0.6337705850601196,0.3343932330608368,0.0332633331418037,-0.6967134475708008,1.0,1.0,0,0,-9.184850993605149e-18,0.6283185307179586,-95,95,thymio-08
97,1788220868.7178538,10000.0,10000.0,0.0,81.97705851993956,0.4818421900272369,0.0938657894730568,-1.0621801614761353,0.6337705850601196,0.3343932330608368,0.0332633331418037,-0.6967134475708008,1.0,1.0,0,0,-9.184850993605149e-18,0.6283185307179586,-95,95,thymio-08
98,1788220869.3212457,10000.0,10000.0,0.0,81.97705851993956,0.4818421900272369,0.0938657894730568,-1.0621801614761353,0.6337705850601196,0.3343932330608368,0.0332633331418037,-0.6967134475708008,1.0,1.0,0,0,-9.184850993605149e-18,0.6283185307179586,-95,95,thymio-08
99,1788220869.9243288,0.2094361186027526,-1.304541826248169,-1.5584771100570256,81.97705851993956,0.2094361186027526,0.0914486870169639,-1.304541826248169,0.4224964678287506,-0.3840874433517456,-0.4488739371299743,-0.6873759627342224,1.0,1.0,0,0,-0.1169274293097137,0.3473517054115962,-468,-363,thymio-08
100,1788220870.5320077,0.2049598693847656,-1.3103384971618652,-0.2747504168461581,81.87705851993957,0.2049598693847656,0.0923784524202346,-1.3103384971618652,0.3056473731994629,-0.5351681113243103,-0.538505494594574,-0.5746187567710876,0.3369014019454337,1.0,0,0,-0.0081013696749571,0.6283185307179586,-124,66,thymio-08
101,1788220871.1397128,0.217871680855751,-1.25703227519989,0.1930358817980826,81.77705851993957,0.217871680855751,0.0937616452574729,-1.25703227519989,0.2070995271205902,-0.6174284815788269,-0.5804164409637451,-0.4888850748538971,0.3339291387240117,1.0,0,0,0.0525014658430706,0.6283185307179586,92,281,thymio-08
102,1788220871.7473135,0.217871680855751,-1.25703227519989,0.1930358817980826,81.67705851993958,0.217871680855751,0.0937616452574729,-1.25703227519989,0.2070995271205902,-0.6174284815788269,-0.5804164409637451,-0.4888850748538971,0.3339291387240117,1.0,0,0,0.0525014658430706,0.6283185307179586,92,281,thymio-08
103,1788220872.3556154,0.2083264887332916,-1.2605444192886353,0.2967248171956598,81.57705851993958,0.2083264887332916,0.0944887548685073,-1.2605444192886353,0.1151706576347351,-0.6579018831253052,-0.6193187832832336,-0.4127287864685058,0.3663609684672526,1.0,0,0,0.0632322948421442,0.6283185307179586,130,320,thymio-08
104,1788220872.9645193,0.2083264887332916,-1.2605444192886353,0.2967248171956598,81.47705851993959,0.2083264887332916,0.0944887548685073,-1.2605444192886353,0.1151706576347351,-0.6579018831253052,-0.6193187832832336,-0.4127287864685058,0.4043550256870702,1.0,0,0,0.0614273779577713,0.6283185307179586,123,313,thymio-08
105,1788220873.5677383,10000.0,10000.0,0.0,81.47705851993959,0.2083264887332916,0.0944887548685073,-1.2605444192886353,0.1151706576347351,-0.6579018831253052,-0.6193187832832336,-0.4127287864685058,1.0,1.0,0,0,-9.184850993605149e-18,0.6283185307179586,-95,95,thymio-08
106,1788220874.1725512,0.0331023856997489,-1.2432284355163574,0.3487461631721271,81.47705851993959,0.0331023856997489,0.0939612314105033,-1.2432284355163574,-0.3324325978755951,-0.7685120105743408,-0.5312841534614563,0.1289000213146209,0.367844104633676,1.0,0,0,0.0716387775400439,0.6283185307179586,160,349,thymio-08
107,1788220874.780544,0.0213379506021738,-1.218347430229187,0.0494498138082861,81.3770585199396,0.0213379506021738,0.0935034081339836,-1.218347430229187,-0.4533028304576874,-0.7264313101768494,-0.4355299770832062,0.2777188718318939,0.3907585452602937,1.0,0,0,0.0324770407127883,0.6283185307179586,21,210,thymio-08
108,1788220875.3885806,0.0213379506021738,-1.218347430229187,0.0494498138082861,81.2770585199396,0.0213379506021738,0.0935034081339836,-1.218347430229187,-0.4533028304576874,-0.7264313101768494,-0.4355299770832062,0.2777188718318939,0.3907585452602937,1.0,0,0,0.0324770407127883,0.6283185307179586,21,210,thymio-08
109,1788220875.9962025,0.0242532491683959,-1.1282089948654177,-1.3952886377995457,81.1770585199396,0.0242532491683959,0.0966322720050811,-1.1282089948654177,-0.5937460064888,-0.5457085371017456,-0.2431201338768005,0.539036750793457,0.9227961562277642,1.0,0,0,-0.1477426990151054,0.5045683428949217,-500,-449,thymio-08
110,1788220876.604281,0.0482944548130035,-1.0986452102661133,-1.7426007175720757,81.07705851993961,0.0482944548130035,0.0975212752819061,-1.0986452102661133,-0.6418638825416565,-0.4242843985557556,-0.1079001799225807,0.6295642256736755,0.876978632896422,0.4935458110519157,0,0,-0.1547249471147226,-0.0596069707923396,-500,-500,thymio-08
111,1788220877.2123697,0.0482944548130035,-1.0986452102661133,-1.7426007175720757,80.97705851993962,0.0482944548130035,0.0975212752819061,-1.0986452102661133,-0.6418638825416565,-0.4242843985557556,-0.1079001799225807,0.6295642256736755,0.876978632896422,0.4935458110519157,0,0,-0.1547249471147226,-0.0596069707923396,-500,-500,thymio-08
112,1788220877.8157146,10000.0,10000.0,0.0,80.97705851993962,0.0482944548130035,0.0975212752819061,-1.0986452102661133,-0.6418638825416565,-0.4242843985557556,-0.1079001799225807,0.6295642256736755,1.0,1.0,0,0,-9.184850993605149e-18,0.6283185307179586,-95,95,thymio-08
113,1788220878.4187036,10000.0,10000.0,0.0,80.97705851993962,0.0482944548130035,0.0975212752819061,-1.0986452102661133,-0.6418638825416565,-0.4242843985557556,-0.1079001799225807,0.6295642256736755,1.0,1.0,0,0,-9.184850993605149e-18,0.6283185307179586,-95,95,thymio-08
114,1788220879.0216436,-0.1362253576517105,-1.2454229593276978,-1.7520241699397632,80.97705851993962,-0.1362253576517105,0.09768096357584,-1.2454229593276978,-0.6622500419616699,-0.3865596354007721,-0.0464347824454307,0.6401877999305725,1.0,0.6672353069478607,0,0,-0.138380214400708,-0.1169453950794224,-474,-500,thymio-08
115,1788220879.629452,-0.1362253576517105,-1.2454229593276978,-1.7520241699397632,80.87705851993962,-0.1362253576517105,0.09768096357584,-1.2454229593276978,-0.6622500419616699,-0.3865596354007721,-0.0464347824454307,0.6401877999305725,1.0,0.6672353069478607,0,0,-0.138380214400708,-0.1169453950794224,-474,-500,thymio-08
116,1788220880.2327466,10000.0,10000.0,0.0,80.87705851993962,-0.1362253576517105,0.09768096357584,-1.2454229593276978,-0.6622500419616699,-0.3865596354007721,-0.0464347824454307,0.6401877999305725,1.0,1.0,0,0,-9.184850993605149e-18,0.6283185307179586,-95,95,thymio-08
117,1788220880.83587,10000.0,10000.0,0.0,80.87705851993962,-0.1362253576517105,0.09768096357584,-1.2454229593276978,-0.6622500419616699,-0.3865596354007721,-0.0464347824454307,0.6401877999305725,1.0,1.0,0,0,-9.184850993605149e-18,0.6283185307179586,-95,95,thymio-08
118,1788220881.4408092,10000.0,10000.0,0.0,80.87705851993962,-0.1362253576517105,0.09768096357584,-1.2454229593276978,-0.6622500419616699,-0.3865596354007721,-0.0464347824454307,0.6401877999305725,1.0,1.0,0,0,-9.184850993605149e-18,0.6283185307179586,-95,95,thymio-08
119,1788220882.0440764,10000.0,10000.0,0.0,80.87705851993962,-0.1362253576517105,0.09768096357584,-1.2454229593276978,-0.6622500419616699,-0.3865596354007721,-0.0464347824454307,0.6401877999305725,1.0,1.0,0,0,-9.184850993605149e-18,0.6283185307179586,-95,95,thymio-08
120,1788220882.6468902,-0.2621507346630096,-1.2596324682235718,-1.7992099123048453,80.87705851993962,-0.2621507346630096,0.0941967740654945,-1.2596324682235718,-0.4870685338973999,0.2568177282810211,0.3920148313045501,0.7369758486747742,0.6599042084306226,0.9926643795982876,0,0,-0.1237491202643218,-0.2021092817391433,-409,-470,thymio-08
121,1788220883.2550504,-0.2629063725471496,-1.2475591897964478,-0.6872437391974024,80.77705851993963,-0.2629063725471496,0.0948528721928596,-1.2475591897964478,-0.3272002041339874,0.4749008119106293,0.5354734659194946,0.6169906258583069,0.5120098747917827,1.0,0,0,-0.0690343529694399,0.6283185307179586,-340,-150,thymio-08
122,1788220883.862558,-0.2629063725471496,-1.2475591897964478,-0.6872437391974024,80.67705851993964,-0.2629063725471496,0.0948528721928596,-1.2475591897964478,-0.3272002041339874,0.4749008119106293,0.5354734659194946,0.6169906258583069,0.5120098747917827,1.0,0,0,-0.0690343529694399,0.6283185307179586,-340,-150,thymio-08
123,1788220884.4703329,-0.2587140798568725,-1.1754732131958008,-0.0880095300877954,80.57705851993964,-0.2587140798568725,0.0964766591787338,-1.1754732131958008,-0.2734554708003998,0.5520936846733093,0.5665594935417175,0.5471975207328796,1.0,1.0,0,0,0.0024933821580437,0.6283185307179586,-86,104,thymio-08
124,1788220885.0792065,-0.2453971058130264,-1.1425127983093262,0.2300441267097972,80.47705851993965,-0.2453971058130264,0.096239373087883,-1.1425127983093262,-0.1759543865919113,0.627517580986023,0.60036700963974,0.4634881317615509,1.0,1.0,0,0,0.0449986365224311,0.6283185307179586,65,255,thymio-08
125,1788220885.688374,-0.2493127882480621,-1.134658932685852,0.4168258436589127,80.37705851993965,-0.2493127882480621,0.098815307021141,-1.134658932685852,-0.0725825279951095,0.6923950910568237,0.636436402797699,0.3320686519145965,1.0,1.0,0,0,0.0695686690975391,0.6283185307179586,152,342,thymio-08
126,1788220886.296007,-0.2493127882480621,-1.134658932685852,0.4168258436589127,80.27705851993966,-0.2493127882480621,0.098815307021141,-1.134658932685852,-0.0725825279951095,0.6923950910568237,0.636436402797699,0.3320686519145965,1.0,1.0,0,0,0.0698902677254591,0.6283185307179586,153,343,thymio-08
127,1788220886.8989532,10000.0,10000.0,0.0,80.27705851993966,-0.2493127882480621,0.098815307021141,-1.134658932685852,-0.0725825279951095,0.6923950910568237,0.636436402797699,0.3320686519145965,1.0,1.0,0,0,-9.184850993605149e-18,0.6283185307179586,-95,95,thymio-08
128,1788220887.50185,10000.0,10000.0,0.0,80.27705851993966,-0.2493127882480621,0.098815307021141,-1.134658932685852,-0.0725825279951095,0.6923950910568237,0.636436402797699,0.3320686519145965,1.0,1.0,0,0,-9.184850993605149e-18,0.6283185307179586,-95,95,thymio-08
129,1788220888.106287,-0.4051131904125213,-1.062016248703003,-0.0471617968083206,80.27705851993966,-0.4051131904125213,0.0967404916882515,-1.062016248703003,0.4709713757038116,0.7010595202445984,0.4141438007354736,-0.3393911719322204,1.0,1.0,0,0,0.0098269365891586,0.6283185307179586,-60,130,thymio-08
130,1788220888.713798,-0.4051131904125213,-1.062016248703003,-0.0471617968083206,80.17705851993966,-0.4051131904125213,0.0967404916882515,-1.062016248703003,0.4709713757038116,0.7010595202445984,0.4141438007354736,-0.3393911719322204,1.0,1.0,0,0,0.0098269365891586,0.6283185307179586,-60,130,thymio-08
131,1788220889.3218057,-0.4016494750976562,-1.0466903448104858,-0.9799792176604862,80.07705851993967,-0.4016494750976562,0.0984623357653617,-1.0466903448104858,0.5696922540664673,0.6035715937614441,0.2995651662349701,-0.4705453813076019,0.2002420743836628,1.0,0,0,-0.0927581475312541,0.6283185307179586,-424,-235,thymio-08
132,1788220889.9295444,-0.3748770654201507,-1.0207138061523438,-1.8855672206427232,79.97705851993967,-0.3748770654201507,0.0991353020071983,-1.0207138061523438,0.6339992880821228,0.3670060634613037,0.0947504192590713,-0.6740725636482239,0.0064994146501151,0.9996336262901556,0,0,-0.1096876366847292,-0.1293334966456675,-370,-409,thymio-08
133,1788220890.5384536,-0.3748770654201507,-1.0207138061523438,-1.8855672206427232,79.87705851993968,-0.3748770654201507,0.0991353020071983,-1.0207138061523438,0.6339992880821228,0.3670060634613037,0.0947504192590713,-0.6740725636482239,-0.0792142101748303,1.0,0,0,-0.1062295898209089,-0.1093021126094586,-361,-394,thymio-08
134,1788220891.1416483,10000.0,10000.0,0.0,79.87705851993968,-0.3748770654201507,0.0991353020071983,-1.0207138061523438,0.6339992880821228,0.3670060634613037,0.0947504192590713,-0.6740725636482239,1.0,1.0,0,0,-9.184850993605149e-18,0.6283185307179586,-95,95,thymio-08
135,1788220891.7464826,10000.0,10000.0,0.0,79.87705851993968,-0.3748770654201507,0.0991353020071983,-1.0207138061523438,0.6339992880821228,0.3670060634613037,0.0947504192590713,-0.6740725636482239,1.0,1.0,0,0,-9.184850993605149e-18,0.6283185307179586,-95,95,thymio-08
136,1788220892.349673,10000.0,10000.0,0.0,79.87705851993968,-0.3748770654201507,0.0991353020071983,-1.0207138061523438,0.6339992880821228,0.3670060634613037,0.0947504192590713,-0.6740725636482239,1.0,1.0,0,0,-9.184850993605149e-18,0.6283185307179586,-95,95,thymio-08
137,1788220892.9528537,10000.0,10000.0,0.0,79.87705851993968,-0.3748770654201507,0.0991353020071983,-1.0207138061523438,0.6339992880821228,0.3670060634613037,0.0947504192590713,-0.6740725636482239,1.0,1.0,0,0,-9.184850993605149e-18,0.6283185307179586,-95,95,thymio-08
138,1788220893.5559533,10000.0,10000.0,0.0,79.87705851993968,-0.3748770654201507,0.0991353020071983,-1.0207138061523438,0.6339992880821228,0.3670060634613037,0.0947504192590713,-0.6740725636482239,1.0,1.0,0,0,-9.184850993605149e-18,0.6283185307179586,-95,95,thymio-08
139,1788220894.15954,-0.5172249674797058,-1.1485446691513062,-1.7634122591384227,79.87705851993968,-0.5172249674797058,0.095288835465908,-1.1485446691513062,0.4742059409618377,-0.2787775993347168,-0.4049833714962005,-0.7303425669670105,1.0,1.0,0,0,-0.1282690351126017,0.1043008116388261,-472,-440,thymio-08
140,1788220894.7680738,-0.5172249674797058,-1.1485446691513062,-1.7634122591384227,79.77705851993969,-0.5172249674797058,0.095288835465908,-1.1485446691513062,0.4742059409618377,-0.2787775993347168,-0.4049833714962005,-0.7303425669670105,1.0,1.0,0,0,-0.1282690351126017,0.1043008116388261,-472,-440,thymio-08
141,1788220895.3758905,-0.5191863179206848,-1.1617826223373413,-1.1886143256096275,79.67705851993969,-0.5191863179206848,0.095905065536499,-1.1617826223373413,0.3788737952709198,-0.4125250279903412,-0.499772846698761,-0.6606852412223816,-0.1766602807156657,1.0,0,0,-0.0981416137004904,0.6283185307179586,-444,-254,thymio-08
142,1788220895.9840565,-0.5294977426528931,-1.0209773778915403,-1.115100360210428,79.47879979986428,-0.5294977426528931,0.0973243117332458,-1.0209773778915403,0.3727439939975738,-0.4266372621059418,-0.5044987201690674,-0.6515548229217529,-0.2663208537842753,1.0,0,0,-0.1161904315891148,0.6283185307179586,-500,-318,thymio-08
143,1788220896.5925353,-0.5266609787940979,-0.9239320158958436,-0.2147115634967429,79.37879979986428,-0.5266609787940979,0.099054142832756,-0.9239320158958436,0.2777730822563171,-0.5333508849143982,-0.5644844174385071,-0.5654523372650146,1.0,1.0,0,0,-0.1162648095790226,0.6283185307179586,-500,-318,thymio-08
144,1788220897.200284,-0.5266609787940979,-0.9239320158958436,-0.2147115634967429,79.27879979986429,-0.5266609787940979,0.099054142832756,-0.9239320158958436,0.2777730822563171,-0.5333508849143982,-0.5644844174385071,-0.5654523372650146,1.0,1.0,0,0,-0.1162648095790226,0.6283185307179586,-500,-318,thymio-08
145,1788220897.8087518,-0.4850125014781952,-0.825035035610199,0.3101805465366105,79.1787997998643,-0.4850125014781952,0.1013530194759368,-0.825035035610199,0.2050718963146209,-0.6299225091934204,-0.5984970927238464,-0.4504934847354889,0.8370565553033253,1.0,0,0,0.2,0.6283185307179586,500,500,thymio-08
146,1788220898.4185398,-0.4464356303215027,-0.7720809578895569,0.3320826952798348,79.0787997998643,-0.4464356303215027,0.1019841805100441,-0.7720809578895569,0.09671251475811,-0.665584146976471,-0.6320133209228516,-0.384972333908081,0.8566539923650558,1.0,0,0,0.2,0.6283185307179586,500,500,thymio-08
147,1788220899.0271802,-0.4464356303215027,-0.7720809578895569,0.3320826952798348,78.9787997998643,-0.4464356303215027,0.1019841805100441,-0.7720809578895569,0.09671251475811,-0.665584146976471,-0.6320133209228516,-0.384972333908081,0.8566539923650558,1.0,0,0,0.2,0.6283185307179586,500,500,thymio-08
148,1788220899.6349545,-0.5526233911514282,-0.8514233231544495,0.3667462521699032,78.3050703046442,-0.5526233911514282,0.1013402193784713,-0.8514233231544495,0.0670479238033294,-0.6830881237983704,-0.6364949345588684,-0.3518088459968567,0.8235869810571932,1.0,0,0,0.0737534625763877,0.6283185307179586,167,357,thymio-08
149,1788220900.242798,-0.5526233911514282,-0.8514233231544495,0.3667462521699032,78.20507030464421,-0.5526233911514282,0.1013402193784713,-0.8514233231544495,0.0670479238033294,-0.6830881237983704,-0.6364949345588684,-0.3518088459968567,0.8235869810571932,1.0,0,0,0.0737534625763877,0.6283185307179586,167,357,thymio-08
150,1788220900.8514583,-0.6477286219596863,-0.9124114513397216,0.4001026408935293,77.60962921834556,-0.6477286219596863,0.1013330593705177,-0.9124114513397216,0.0386583134531974,-0.7017207145690918,-0.6369473934173584,-0.3168464004993438,0.7440918070308566,1.0,0,0,0.0675074606835737,0.6283185307179586,145,335,thymio-08
151,1788220901.4592197,-0.6477286219596863,-0.9124114513397216,0.4001026408935293,77.50962921834557,-0.6477286219596863,0.1013330593705177,-0.9124114513397216,0.0386583134531974,-0.7017207145690918,-0.6369473934173584,-0.3168464004993438,0.744384892538684,1.0,0,0,0.0689790267774018,0.6283185307179586,150,340,thymio-08
152,1788220902.0687091,-0.8141927719116211,-0.8881620168685913,0.3712883964134201,76.47163620082218,-0.8141927719116211,0.0991748422384262,-0.8881620168685913,-0.3059861660003662,-0.7792506814002991,-0.5389910936355591,0.0928946882486343,0.6257082952570228,1.0,0,0,0.0655718065702659,0.6283185307179586,138,328,thymio-08
153,1788220902.6769722,-0.8141927719116211,-0.8881620168685913,0.3712883964134201,76.37163620082218,-0.8141927719116211,0.0991748422384262,-0.8881620168685913,-0.3059861660003662,-0.7792506814002991,-0.5389910936355591,0.0928946882486343,0.6257082952570228,1.0,0,0,0.0655718065702659,0.6283185307179586,138,328,thymio-08
154,1788220903.2858765,-0.8661192059516907,-0.7831282615661621,-0.2858834811045425,76.02492000386128,-0.8661192059516907,0.1015972271561622,-0.7831282615661621,-0.4965238869190216,-0.6646401882171631,-0.3835756182670593,0.4056935906410217,1.0,1.0,0,0,-0.011580385313829,0.6283185307179586,-136,54,thymio-08
155,1788220903.8942218,-0.8550847172737122,-0.7192493677139282,-1.3883234573875514,75.92492000386129,-0.8550847172737122,0.1023929789662361,-0.7192493677139282,-0.5763811469078064,-0.5505327582359314,-0.2644705176353454,0.542912483215332,-0.1979153103997739,1.0,0,0,-0.1132794641755801,0.3728448852569709,-459,-346,thymio-08
156,1788220904.5021667,-0.8550847172737122,-0.7192493677139282,-1.3883234573875514,75.8249200038613,-0.8550847172737122,0.1023929789662361,-0.7192493677139282,-0.5763811469078064,-0.5505327582359314,-0.2644705176353454,0.542912483215332,-0.1979153103997739,1.0,0,0,-0.1132794641755801,0.3728448852569709,-459,-346,thymio-08
157,1788220905.110126,-0.8500358462333679,-0.7124237418174744,-1.6721775069231697,75.7249200038613,-0.8500358462333679,0.1030738428235054,-0.7124237418174744,-0.6137359142303467,-0.4789239764213562,-0.1892521530389785,0.5984510779380798,-0.3104149300448511,0.4943296750346349,0,0,-0.1694563474542124,0.0099928997361916,-500,-500,thymio-08
158,1788220905.717682,-0.8500358462333679,-0.7124237418174744,-1.6721775069231697,75.6249200038613,-0.8500358462333679,0.1030738428235054,-0.7124237418174744,-0.6137359142303467,-0.4789239764213562,-0.1892521530389785,0.5984510779380798,-0.4299792901803673,0.50038988592695,0,0,-0.2,0.1701105987158718,-500,-500,thymio-08
159,1788220906.321937,10000.0,10000.0,0.0,75.6249200038613,-0.8500358462333679,0.1030738428235054,-0.7124237418174744,-0.6137359142303467,-0.4789239764213562,-0.1892521530389785,0.5984510779380798,1.0,1.0,0,0,-9.184850993605149e-18,0.6283185307179586,-95,95,thymio-08
160,1788220906.9253,10000.0,10000.0,0.0,75.6249200038613,-0.8500358462333679,0.1030738428235054,-0.7124237418174744,-0.6137359142303467,-0.4789239764213562,-0.1892521530389785,0.5984510779380798,1.0,1.0,0,0,-9.184850993605149e-18,0.6283185307179586,-95,95,thymio-08
161,1788220907.529002,0.4866425395011902,0.5012503862380981,-2.877121482696337,75.6249200038613,0.4866425395011902,0.1091804355382919,0.5012503862380981,0.6992193460464478,-0.4185583591461181,0.2950896322727203,0.4988219439983368,1.0,-0.994166189283938,0,0,0.0,-0.6283185307179586,95,-95,thymio-08
162,1788220908.1385207,0.4866425395011902,0.5012503862380981,-2.877121482696337,75.52492000386131,0.4866425395011902,0.1091804355382919,0.5012503862380981,0.6992193460464478,-0.4185583591461181,0.2950896322727203,0.4988219439983368,1.0,1.0,0,0,-0.0,0.6283185307179586,-95,95,thymio-08
163,1788220908.7421343,10000.0,10000.0,0.0,75.52492000386131,0.4866425395011902,0.1091804355382919,0.5012503862380981,0.6992193460464478,-0.4185583591461181,0.2950896322727203,0.4988219439983368,1.0,1.0,0,0,-9.184850993605149e-18,0.6283185307179586,-95,95,thymio-08
164,1788220909.345267,10000.0,10000.0,0.0,75.52492000386131,0.4866425395011902,0.1091804355382919,0.5012503862380981,0.6992193460464478,-0.4185583591461181,0.2950896322727203,0.4988219439983368,1.0,1.0,0,0,-9.184850993605149e-18,0.6283185307179586,-95,95,thymio-08
165,1788220909.9485323,10000.0,10000.0,0.0,75.52492000386131,0.4866425395011902,0.1091804355382919,0.5012503862380981,0.6992193460464478,-0.4185583591461181,0.2950896322727203,0.4988219439983368,1.0,1.0,0,0,-9.184850993605149e-18,0.6283185307179586,-95,95,thymio-08
166,1788220910.5519493,10000.0,10000.0,0.0,75.52492000386131,0.4866425395011902,0.1091804355382919,0.5012503862380981,0.6992193460464478,-0.4185583591461181,0.2950896322727203,0.4988219439983368,1.0,1.0,0,0,-9.184850993605149e-18,0.6283185307179586,-95,95,thymio-08
167,1788220911.156001,-1.0517644882202148,-0.9488332271575928,-1.6335052598873747,75.52492000386131,-1.0517644882202148,0.1012829691171646,-0.9488332271575928,-0.4491312503814697,0.3088459968566894,0.4403954446315765,0.7134053707122803,1.0,0.4799067624914002,0,0,-0.1712418686755099,-0.6283185307179586,-500,-500,thymio-08
168,1788220911.7639396,-1.055354118347168,-0.9629620313644408,-0.8817335629799015,75.42492000386132,-1.055354118347168,0.101588949561119,-0.9629620313644408,-0.3482915461063385,0.4528017342090606,0.5227856636047363,0.6327391862869263,-0.5871518157752245,1.0,0,0,-0.2,-0.6283185307179586,-500,-500,thymio-08
169,1788220912.3721116,-1.041196346282959,-0.8833920359611511,-0.3730710305527176,75.32492000386132,-1.041196346282959,0.1024866700172424,-0.8833920359611511,-0.2967909574508667,0.509461522102356,0.5577053427696228,0.5842336416244507,-0.5360516575769645,1.0,0,0,-0.2,0.6283185307179586,-500,-500,thymio-08
170,1788220912.980138,-1.041196346282959,-0.8833920359611511,-0.3730710305527176,75.22492000386133,-1.041196346282959,0.1024866700172424,-0.8833920359611511,-0.2967909574508667,0.509461522102356,0.5577053427696228,0.5842336416244507,-0.5360516575769645,1.0,0,0,-0.05,0.6283185307179586,-273,-83,thymio-08
171,1788220913.5883026,-1.0182291269302368,-0.7796651721000671,-0.3885510836349652,75.12492000386133,-1.0182291269302368,0.1028250753879547,-0.7796651721000671,-0.2999567687511444,0.5095137357711792,0.553882896900177,0.5862042307853699,-0.5248372367425213,1.0,0,0,-0.05,0.6283185307179586,-273,-83,thymio-08
172,1788220914.196152,-1.0039191246032717,-0.7023941874504089,-0.0039575363360149,75.02492000386134,-1.0039191246032717,0.1032967269420623,-0.7023941874504089,-0.2230674922466278,0.5677181482315063,0.5926768779754639,0.5259954929351807,0.5947920221488914,1.0,0,0,-0.05,0.6283185307179586,-273,-83,thymio-08
173,1788220914.803789,-0.9881170392036438,-0.6729254126548767,0.3336802834508297,74.92492000386135,-0.9881170392036438,0.103282518684864,-0.6729254126548767,-0.0785803198814392,0.6776225566864014,0.626434862613678,0.3771369755268097,0.339348859820737,1.0,0,0,-0.05,0.6283185307179586,-273,-83,thymio-08
174,1788220915.4123805,-0.9881170392036438,-0.6729254126548767,0.3336802834508297,74.82492000386135,-0.9881170392036438,0.103282518684864,-0.6729254126548767,-0.0785803198814392,0.6776225566864014,0.626434862613678,0.3771369755268097,0.339348859820737,1.0,0,0,-0.2,0.6283185307179586,-500,-500,thymio-08
175,1788220916.0154636,10000.0,10000.0,0.0,74.82492000386135,-0.9881170392036438,0.103282518684864,-0.6729254126548767,-0.0785803198814392,0.6776225566864014,0.626434862613678,0.3771369755268097,1.0,1.0,0,0,-9.184850993605149e-18,0.6283185307179586,-95,95,thymio-08
176,1788220916.6193829,10000.0,10000.0,0.0,74.82492000386135,-0.9881170392036438,0.103282518684864,-0.6729254126548767,-0.0785803198814392,0.6776225566864014,0.626434862613678,0.3771369755268097,1.0,1.0,0,0,-9.184850993605149e-18,0.6283185307179586,-95,95,thymio-08
177,1788220917.222386,10000.0,10000.0,0.0,74.82492000386135,-0.9881170392036438,0.103282518684864,-0.6729254126548767,-0.0785803198814392,0.6776225566864014,0.626434862613678,0.3771369755268097,1.0,1.0,0,0,-9.184850993605149e-18,0.6283185307179586,-95,95,thymio-08
178,1788220917.8252573,-0.869907557964325,-0.6443130373954773,0.3492680179183627,74.82492000386135,-0.869907557964325,0.1010900810360908,-0.6443130373954773,-0.3108177781105041,-0.7786710858345032,-0.5391117930412292,0.0801385939121246,0.0935304504291714,1.0,0,0,-0.0314446419446207,0.6283185307179586,-207,-17,thymio-08
179,1788220918.43395,-0.8741207122802734,-0.6248245239257812,-0.1502344972644493,74.72492000386136,-0.8741207122802734,0.1023875921964645,-0.6248245239257812,-0.4757401645183563,-0.6725143194198608,-0.3978926837444305,0.4038282036781311,-0.4300369208463781,1.0,0,0,-0.1916046549440606,0.6283185307179586,-500,-500,thymio-08
180,1788220919.0418146,-0.8741207122802734,-0.6248245239257812,-0.1502344972644493,74.62492000386136,-0.8741207122802734,0.1023875921964645,-0.6248245239257812,-0.4757401645183563,-0.6725143194198608,-0.3978926837444305,0.4038282036781311,-0.4300369208463781,1.0,0,0,-0.1916046549440606,0.6283185307179586,-500,-500,thymio-08
181,1788220919.6448932,10000.0,10000.0,0.0,74.62492000386136,-0.8741207122802734,0.1023875921964645,-0.6248245239257812,-0.4757401645183563,-0.6725143194198608,-0.3978926837444305,0.4038282036781311,1.0,1.0,0,0,-9.184850993605149e-18,0.6283185307179586,-95,95,thymio-08
182,1788220920.248845,-0.8789327144622803,-0.6915110945701599,-1.0843149151128315,74.62492000386136,-0.8789327144622803,0.102428488433361,-0.6915110945701599,-0.5591191053390503,-0.5906991362571716,-0.2994943559169769,0.4987620115280151,-0.3111774344915482,1.0,0,0,-0.1490619695820882,0.6283185307179586,-500,-435,thymio-08
183,1788220920.857425,-0.8911314606666565,-0.7904066443443298,-1.5804837286878377,74.47230144273568,-0.8911314606666565,0.1027548313140869,-0.7904066443443298,-0.6086816787719727,-0.5045644044876099,-0.2075275629758834,0.5760674476623535,1.0,0.4783716580629293,0,0,-0.1581990896758726,0.6283185307179586,-500,-467,thymio-08
184,1788220921.466056,-0.922707736492157,-0.8465712070465088,-1.6578234906577656,74.26954795582007,-0.922707736492157,0.1022890731692314,-0.8465712070465088,-0.6069554686546326,-0.4859835505485534,-0.1925546526908874,0.5986216068267822,1.0,0.5357080089387471,0,0,-0.1632336428790532,0.6283185307179586,-500,-485,thymio-08
185,1788220922.074051,-0.922707736492157,-0.8465712070465088,-1.6578234906577656,74.16954795582008,-0.922707736492157,0.1022890731692314,-0.8465712070465088,-0.6069554686546326,-0.4859835505485534,-0.1925546526908874,0.5986216068267822,1.0,0.5357080089387471,0,0,-0.1632336428790532,0.6283185307179586,-500,-485,thymio-08
186,1788220922.6833107,-1.0219630002975464,-1.0005980730056765,-1.6476609754488585,73.53821462358502,-1.0219630002975464,0.1020723134279251,-1.0005980730056765,-0.6116690039634705,-0.485150009393692,-0.1845017671585083,0.5970339775085449,1.0,0.563706025701159,0,0,-0.1568639918691957,0.6283185307179586,-500,-462,thymio-08
187,1788220923.2914684,-1.0850820541381836,-1.1001577377319336,-1.6380691488545736,73.10439146419357,-1.0850820541381836,0.101283960044384,-1.1001577377319336,-0.6099721789360046,-0.4886316061019897,-0.1871577650308609,0.595100998878479,1.0,1.0,0,0,-0.1544122911317954,0.6283185307179586,-500,-454,thymio-08
188,1788220923.8998857,-1.1369497776031494,-1.181771159172058,-1.6748639737728488,72.71580721842614,-1.1369497776031494,0.1005622595548629,-1.181771159172058,-0.6076518893241882,-0.4807484447956085,-0.1878541558980941,0.603614866733551,1.0,1.0,0,0,-0.155856495817217,0.5362321966564957,-500,-473,thymio-08
189,1788220924.50782,-1.1369497776031494,-1.181771159172058,-1.6748639737728488,72.61580721842614,-1.1369497776031494,0.1005622595548629,-1.181771159172058,-0.6076518893241882,-0.4807484447956085,-0.1878541558980941,0.603614866733551,1.0,1.0,0,0,-0.155856495817217,0.5362321966564957,-500,-473,thymio-08
190,1788220925.1160705,-1.1965842247009275,-1.2731651067733765,-1.6520211524187451,72.20861563762567,-1.1965842247009275,0.0999552458524704,-1.2731651067733765,-0.6096532344818115,-0.4847066104412079,-0.182968869805336,0.5999207496643066,1.0,1.0,0,0,-0.1315649181761975,0.4861449926254884,-500,-394,thymio-08
191,1788220925.7240756,-1.2496052980422974,-1.355154275894165,-1.6802350707715612,71.84670397859443,-1.2496052980422974,0.0999956354498863,-1.355154275894165,-0.6063591837882996,-0.4803095757961273,-0.1896392703056335,0.6047050356864929,1.0,1.0,0,0,-0.1060934770463806,0.3685129551276622,-433,-321,thymio-08
192,1788220926.3336189,-1.3251497745513916,-1.4622267484664917,-1.7874406516893155,71.28654612068257,-1.3251497745513916,0.100342072546482,-1.4622267484664917,-0.6223337650299072,-0.4275214374065399,-0.1349613815546035,0.6416475772857666,1.0,1.0,0,0,-0.0731094357938347,0.1345625728832256,-280,-239,thymio-08
193,1788220926.941805,-1.3251497745513916,-1.4622267484664917,-1.7874406516893155,71.18654612068258,-1.3251497745513916,0.100342072546482,-1.4622267484664917,-0.6223337650299072,-0.4275214374065399,-0.1349613815546035,0.6416475772857666,1.0,1.0,0,0,-0.0731094357938347,0.1345625728832256,-280,-239,thymio-08
194,1788220927.5507865,-1.391626238822937,-1.5273958444595337,-1.8370816809188375,70.76023822576619,-1.391626238822937,0.1005556806921958,-1.5273958444595337,-0.6283419728279114,-0.3898658156394958,-0.0958130657672882,0.6663414239883423,1.0,1.0,0,0,-0.0524946091452301,0.0277334303337996,-191,-182,thymio-08
195,1788220928.1594758,-1.4348763227462769,-1.5641200542449951,-1.8365356690744787,70.48881423047808,-1.4348763227462769,0.1006454899907112,-1.5641200542449951,-0.6305065155029297,-0.3823605179786682,-0.0825626328587532,0.6704069375991821,1.0,1.0,0,0,-0.0408851971337239,0.0252484267577111,-149,-141,thymio-08
1,1788220981.98819,3.626314878463745,-0.1118058264255523,-1.5733109296840089,100.0,3.626314878463745,0.0722843706607818,-0.1118058264255523,-0.6205095052719116,-0.3289434909820556,-0.1629397422075271,0.6929754018783569,1.0,-0.4613675476182394,0,0,0.2,-0.1977944029235331,500,500,thymio-09
2,1788220982.59127,3.037192821502685,-0.3841071724891662,-2.5384740186448305,100.0,3.037192821502685,0.0693343132734298,-0.3841071724891662,-0.7441210746765137,0.3658412396907806,0.0790443941950798,-0.5533498525619507,1.0,-0.7107062489682479,0,0,0.1045921758295286,0.6283185307179586,277,467,thymio-09
3,1788220983.1992216,3.1098968982696533,-0.3621372878551483,-2.531598743087003,99.9,3.1098968982696533,0.0694897547364234,-0.3621372878551483,-0.7463201284408569,0.3676362633705139,0.0680923014879226,-0.5506480932235718,1.0,-0.7101145731114391,0,0,0.105067883218403,-0.6283185307179586,468,278,thymio-09
4,1788220983.8071363,3.1098968982696533,-0.3621372878551483,-2.531598743087003,99.8,3.1098968982696533,0.0694897547364234,-0.3621372878551483,-0.7463201284408569,0.3676362633705139,0.0680923014879226,-0.5506480932235718,1.0,-0.7101145731114391,0,0,0.0262669708046007,-0.6283185307179586,188,-2,thymio-09
5,1788220984.4146297,3.141443490982056,-0.3576462268829345,-2.5191361671868977,99.70000000000002,3.141443490982056,0.0691130086779594,-0.3576462268829345,-0.7394736409187317,0.3390773832798004,0.1117401197552681,-0.5707184076309204,1.0,-0.7176174803868618,0,0,0.0247588864422407,-0.6283185307179586,183,-7,thymio-09
6,1788220985.023771,3.2597968578338623,-0.3237994909286499,-2.588164010530738,99.60000000000002,3.2597968578338623,0.0709456950426101,-0.3237994909286499,-0.7554137706756592,0.4348217248916626,-0.0632721707224845,-0.4860830903053283,1.0,-0.7784401467606745,0,0,0.0125335305011044,0.6283185307179586,-50,139,thymio-09
7,1788220985.6317725,3.265821933746338,-0.3015984296798706,-1.454814032404519,99.50000000000004,3.265821933746338,0.0727928802371025,-0.3015984296798706,-0.5743328928947449,-0.4462939798831939,-0.2679246664047241,0.6318068504333496,1.0,-0.4562729145180707,0,0,0.0084509784226497,-0.6283185307179586,125,-65,thymio-09
8,1788220986.2411397,3.265821933746338,-0.3015984296798706,-1.454814032404519,99.40000000000003,3.265821933746338,0.0727928802371025,-0.3015984296798706,-0.5743328928947449,-0.4462939798831939,-0.2679246664047241,0.6318068504333496,1.0,-0.4562729145180707,0,0,0.0338039136905988,-0.6283185307179586,215,25,thymio-09
9,1788220986.8496149,3.2737820148468018,-0.2915908992290497,-2.686562094226248,99.30000000000004,3.2737820148468018,0.0744564309716224,-0.2915908992290497,0.7364135980606079,-0.4814065098762512,0.2097115963697433,0.426572173833847,1.0,-0.805926567881374,3127,0,-0.08,0.6283185307179586,-379,-189,thymio-09
10,1788220987.4580455,3.2635955810546875,-0.2658165991306305,2.929080593774241,99.20000000000005,3.2635955810546875,0.0735339000821113,-0.2658165991306305,0.6595619916915894,-0.5739785432815552,0.401508092880249,0.272613376379013,-0.3930222587106835,1.0,0,0,0.006323104508819,0.6283185307179586,-72,117,thymio-09
11,1788220988.0663557,3.2635955810546875,-0.2658165991306305,2.929080593774241,99.10000000000004,3.2635955810546875,0.0735339000821113,-0.2658165991306305,0.6595619916915894,-0.5739785432815552,0.401508092880249,0.272613376379013,-0.3930222587106835,1.0,0,0,0.006323104508819,0.6283185307179586,-72,117,thymio-09
12,1788220988.674955,3.2696621417999268,-0.3106956779956817,-1.4073091321243691,99.00000000000006,3.2696621417999268,0.0728495419025421,-0.3106956779956817,-0.5637081265449524,-0.4690327048301697,-0.2934240102767944,0.6133056282997131,1.0,-0.423829636697845,0,0,0.0650356570199139,-0.6283185307179586,326,136,thymio-09
13,1788220989.2830927,3.280306577682495,-0.3177755773067474,-1.4829783554040272,98.90000000000006,3.280306577682495,0.0749573111534118,-0.3177755773067474,-0.6202572584152222,-0.3624549806118011,-0.1544978320598602,0.6782609224319458,1.0,-0.4074468121301547,0,0,0.0729069524380833,-0.6283185307179586,354,164,thymio-09
14,1788220989.891365,3.322105646133423,-0.2571535408496856,-1.3501406125386453,98.80000000000008,3.322105646133423,0.0736824199557304,-0.2571535408496856,-0.5696408152580261,-0.4742985069751739,-0.280052125453949,0.6100172400474548,1.0,-0.3719723298123248,0,0,0.0362088244222794,-0.6283185307179586,224,34,thymio-09
15,1788220990.4994287,3.322105646133423,-0.2571535408496856,-1.3501406125386453,98.70000000000007,3.322105646133423,0.0736824199557304,-0.2571535408496856,-0.5696408152580261,-0.4742985069751739,-0.280052125453949,0.6100172400474548,1.0,-0.3719723298123248,0,0,0.0362088244222794,-0.6283185307179586,224,34,thymio-09
16,1788220991.1075954,3.322841167449951,-0.2147358208894729,-0.4208347930391412,98.60000000000008,3.322841167449951,0.0731333494186401,-0.2147358208894729,-0.4965535998344421,-0.5741007924079895,-0.3953144550323486,0.5172709822654724,1.0,-0.3217930700562105,2824,0,-0.08,-0.6283185307179586,-189,-379,thymio-09
17,1788220991.7159843,3.299906015396118,-0.1784953474998474,1.0590130086284315,98.50000000000009,3.299906015396118,0.0722025036811828,-0.1784953474998474,-0.3636648952960968,-0.6875026822090149,-0.5151843428611755,0.3601015210151672,-0.8432948135908874,1.0,0,0,-0.0,-0.6283185307179586,95,-95,thymio-09
18,1788220992.3253083,3.299906015396118,-0.1784953474998474,1.0590130086284315,98.40000000000008,3.299906015396118,0.0722025036811828,-0.1784953474998474,-0.3636648952960968,-0.6875026822090149,-0.5151843428611755,0.3601015210151672,-0.8432948135908874,1.0,0,0,-0.0,-0.6283185307179586,95,-95,thymio-09
19,1788220992.933718,3.3100624084472656,-0.2244682013988495,1.1287081359258426,98.3000000000001,3.3100624084472656,0.0734942480921745,-0.2244682013988495,0.2536205351352691,0.7532110214233398,0.5743730664253235,-0.1960753053426742,-0.8190921450929805,1.0,0,0,-0.0043624788363109,-0.6283185307179586,79,-110,thymio-09
20,1788220993.5426712,3.300870895385742,-0.2398320287466049,1.1695449584472364,98.2000000000001,3.300870895385742,0.0725094527006149,-0.2398320287466049,0.0853129476308822,0.7806920409202576,0.6188598871231079,0.0159425623714923,-0.8128691394853909,1.0,0,0,-0.0056133029634364,0.6283185307179586,-115,75,thymio-09
21,1788220994.150871,3.3025691509246826,-0.2507906556129455,1.137387237072053,98.10000000000012,3.3025691509246826,0.0737296044826507,-0.2507906556129455,-0.0116889122873544,0.7602697610855103,0.6304464340209961,0.1561750173568725,-0.7952994143449224,1.0,0,0,-0.0091448177166706,0.6283185307179586,-127,62,thymio-09
22,1788220994.7589197,3.3025691509246826,-0.2507906556129455,1.137387237072053,98.00000000000011,3.3025691509246826,0.0737296044826507,-0.2507906556129455,-0.0116889122873544,0.7602697610855103,0.6304464340209961,0.1561750173568725,-0.7952994143449224,1.0,0,0,-0.0091448177166706,0.6283185307179586,-127,62,thymio-09
23,1788220995.3680449,3.3118278980255127,-0.2372724264860153,1.16163472738128,97.90000000000012,3.3118278980255127,0.0732018128037452,-0.2372724264860153,0.1267956793308258,0.7753676176071167,0.6178521513938904,-0.0314100868999958,-0.7958145086407997,1.0,0,0,-0.0090412837631992,0.6283185307179586,-127,63,thymio-09
24,1788220995.9758282,3.3118278980255127,-0.2372724264860153,1.16163472738128,97.80000000000013,3.3118278980255127,0.0732018128037452,-0.2372724264860153,0.1267956793308258,0.7753676176071167,0.6178521513938904,-0.0314100868999958,-0.7958145086407997,1.0,0,0,-0.0090412837631992,0.6283185307179586,-127,63,thymio-09
25,1788220996.5797482,10000.0,10000.0,0.0,97.80000000000013,3.3118278980255127,0.0732018128037452,-0.2372724264860153,0.1267956793308258,0.7753676176071167,0.6178521513938904,-0.0314100868999958,1.0,1.0,0,0,-0.03,0.6283185307179586,-201,-12,thymio-09
26,1788220997.1840844,3.3330533504486084,-0.2274414002895355,0.9851837913015248,97.80000000000013,3.3330533504486084,0.0759138017892837,-0.2274414002895355,0.3392927944660187,0.7333152890205383,0.5294216871261597,-0.2585380375385284,-0.7857086884418385,1.0,0,0,-0.0110725536231904,-0.6283185307179586,56,-134,thymio-09
27,1788220997.79195,3.3330533504486084,-0.2274414002895355,0.9851837913015248,97.70000000000012,3.3330533504486084,0.0759138017892837,-0.2274414002895355,0.3392927944660187,0.7333152890205383,0.5294216871261597,-0.2585380375385284,-0.7857086884418385,1.0,0,0,-0.0442902144927618,-0.6283185307179586,-62,-252,thymio-09
28,1788220998.3998911,3.3662102222442627,-0.2623592019081116,-1.332238798801169,97.60000000000014,3.3662102222442627,0.0729425996541976,-0.2623592019081116,0.5636299252510071,0.482444554567337,0.2894370853900909,-0.6048097014427185,1.0,-0.3520300002154094,0,0,0.0592008514403024,-0.6283185307179586,305,115,thymio-09
29,1788220999.008527,3.3662102222442627,-0.2623592019081116,-1.332238798801169,97.50000000000014,3.3662102222442627,0.0729425996541976,-0.2623592019081116,0.5636299252510071,0.482444554567337,0.2894370853900909,-0.6048097014427185,1.0,-0.3520300002154094,1759,0,0.0592008514403024,-0.6283185307179586,305,115,thymio-09
30,1788220999.6120226,10000.0,10000.0,0.0,97.50000000000014,3.3662102222442627,0.0729425996541976,-0.2623592019081116,0.5636299252510071,0.482444554567337,0.2894370853900909,-0.6048097014427185,1.0,1.0,4344,0,-0.08,0.6283185307179586,-379,-189,thymio-09
31,1788221000.2156155,10000.0,10000.0,0.0,97.50000000000014,3.3662102222442627,0.0729425996541976,-0.2623592019081116,0.5636299252510071,0.482444554567337,0.2894370853900909,-0.6048097014427185,1.0,1.0,2347,0,-0.08,0.6283185307179586,-379,-189,thymio-09
32,1788221000.819206,3.3458187580108643,-0.2844761908054352,0.517715636475168,97.50000000000014,3.3458187580108643,0.0725567415356636,-0.2844761908054352,0.4610383212566376,0.6282342672348022,0.4414084851741791,-0.4448863565921783,-0.7803260523255308,1.0,0,0,-0.0486178539302732,-0.6283185307179586,-78,-268,thymio-09
33,1788221001.4273365,3.3458187580108643,-0.2844761908054352,0.517715636475168,97.40000000000016,3.3458187580108643,0.0725567415356636,-0.2844761908054352,0.4610383212566376,0.6282342672348022,0.4414084851741791,-0.4448863565921783,-0.7803260523255308,1.0,0,0,-0.0486178539302732,-0.6283185307179586,-78,-268,thymio-09
34,1788221002.0310402,10000.0,10000.0,0.0,97.40000000000016,3.3458187580108643,0.0725567415356636,-0.2844761908054352,0.4610383212566376,0.6282342672348022,0.4414084851741791,-0.4448863565921783,1.0,1.0,0,0,-9.184850993605149e-18,0.6283185307179586,-95,95,thymio-09
35,1788221002.6339822,10000.0,10000.0,0.0,97.40000000000016,3.3458187580108643,0.0725567415356636,-0.2844761908054352,0.4610383212566376,0.6282342672348022,0.4414084851741791,-0.4448863565921783,1.0,1.0,0,0,-9.184850993605149e-18,0.6283185307179586,-95,95,thymio-09
36,1788221003.2373743,3.326486349105835,-0.2943566143512726,-1.6686290234892818,97.40000000000016,3.326486349105835,0.0516535565257072,-0.2943566143512726,0.899511992931366,-0.0206397343426942,0.4002141058444977,0.1740144491195678,1.0,-0.4803975191985609,0,0,0.0585211849291812,-0.6283185307179586,303,113,thymio-09
37,1788221003.8454113,3.3871543407440186,-0.3599914014339447,1.0590505955081326,97.30000000000015,3.3871543407440186,0.073190726339817,-0.3599914014339447,-0.3375272154808044,-0.7168105244636536,-0.5238284468650818,0.312828779220581,-0.6897500235640034,1.0,0,0,-0.1214409810545412,0.6283185307179586,-500,-337,thymio-09
38,1788221004.4529765,3.3871543407440186,-0.3599914014339447,1.0590505955081326,97.20000000000016,3.3871543407440186,0.073190726339817,-0.3599914014339447,-0.3375272154808044,-0.7168105244636536,-0.5238284468650818,0.312828779220581,-0.6897500235640034,1.0,0,0,-0.1214409810545412,0.6283185307179586,-500,-337,thymio-09
39,1788221005.0610476,3.374922513961792,-0.3216739296913147,0.9303020485044708,97.10000000000016,3.374922513961792,0.0727497339248657,-0.3216739296913147,-0.3798916637897491,-0.702860951423645,-0.5186581611633301,0.3044053614139557,-0.6634140867047222,1.0,0,0,-0.0356537685723508,0.6283185307179586,-222,-32,thymio-09
40,1788221005.6695783,3.367105007171631,-0.3335015475749969,2.125116641439611,97.00000000000016,3.367105007171631,0.0912133306264877,-0.3335015475749969,0.1341709494590759,-0.8147457838058472,-0.2626668512821197,0.499192863702774,-0.4043174882032551,1.0,0,0,-0.05,0.6283185307179586,-273,-83,thymio-09
41,1788221006.3454232,3.367105007171631,-0.3335015475749969,2.125116641439611,96.90000000000018,3.367105007171631,0.0912133306264877,-0.3335015475749969,0.1341709494590759,-0.8147457838058472,-0.2626668512821197,0.499192863702774,-0.4043174882032551,1.0,0,0,-0.05,0.6283185307179586,-273,-83,thymio-09
42,1788221006.949233,10000.0,10000.0,0.0,96.90000000000018,3.367105007171631,0.0912133306264877,-0.3335015475749969,0.1341709494590759,-0.8147457838058472,-0.2626668512821197,0.499192863702774,1.0,1.0,0,0,-0.03,0.6283185307179586,-201,-12,thymio-09
43,1788221007.5530753,3.4340639114379883,-0.5209916830062866,-1.2580896119164162,96.90000000000018,3.4340639114379883,0.0693293511867523,-0.5209916830062866,0.5570970177650452,0.4835292398929596,0.1958816349506378,-0.6461213827133179,1.0,-0.3075205336063819,0,0,-0.1623246704987384,-0.407003086073665,-500,-500,thymio-09
44,1788221008.161601,3.4340639114379883,-0.5209916830062866,-1.2580896119164162,96.80000000000018,3.4340639114379883,0.0693293511867523,-0.5209916830062866,0.5570970177650452,0.4835292398929596,0.1958816349506378,-0.6461213827133179,1.0,-0.2826945548245515,0,0,-0.1330953248876602,-0.6283185307179586,-378,-500,thymio-09
45,1788221008.7650127,10000.0,10000.0,0.0,96.80000000000018,3.4340639114379883,0.0693293511867523,-0.5209916830062866,0.5570970177650452,0.4835292398929596,0.1958816349506378,-0.6461213827133179,1.0,1.0,0,0,-9.184850993605149e-18,0.6283185307179586,-95,95,thymio-09
46,1788221009.368815,10000.0,10000.0,0.0,96.80000000000018,3.4340639114379883,0.0693293511867523,-0.5209916830062866,0.5570970177650452,0.4835292398929596,0.1958816349506378,-0.6461213827133179,1.0,1.0,0,0,-9.184850993605149e-18,0.6283185307179586,-95,95,thymio-09
47,1788221009.9725978,2.2755937576293945,-1.2823625802993774,-2.3148671967395167,96.80000000000018,2.2755937576293945,0.0407817550003528,-1.2823625802993774,0.3390907943248749,-0.0464334189891815,-0.2444742321968078,0.90724515914917,1.0,1.0,0,0,-0.1170237079824479,-0.0427445025070931,-409,-422,thymio-09
48,1788221010.5811088,2.2755937576293945,-1.2823625802993774,-2.3148671967395167,96.7000000000002,2.2755937576293945,0.0407817550003528,-1.2823625802993774,0.3390907943248749,-0.0464334189891815,-0.2444742321968078,0.90724515914917,1.0,-0.8892603905047116,0,0,0.0,0.6283185307179586,-95,95,thymio-09
49,1788221011.1840272,10000.0,10000.0,0.0,96.7000000000002,2.2755937576293945,0.0407817550003528,-1.2823625802993774,0.3390907943248749,-0.0464334189891815,-0.2444742321968078,0.90724515914917,1.0,1.0,0,0,-9.184850993605149e-18,0.6283185307179586,-95,95,thymio-09
50,1788221011.7866888,10000.0,10000.0,0.0,96.7000000000002,2.2755937576293945,0.0407817550003528,-1.2823625802993774,0.3390907943248749,-0.0464334189891815,-0.2444742321968078,0.90724515914917,1.0,1.0,0,0,-9.184850993605149e-18,0.6283185307179586,-95,95,thymio-09
51,1788221012.3903491,3.1389291286468506,-0.5874847173690796,-1.3170571452565276,96.7000000000002,3.1389291286468506,0.0714147016406059,-0.5874847173690796,0.4756609201431274,-0.4031704664230346,-0.4235396087169647,-0.6571259498596191,1.0,0.1567609891260883,0,0,-0.2,-0.6283185307179586,-500,-500,thymio-09
52,1788221012.9983032,3.1389291286468506,-0.5874847173690796,-1.3170571452565276,96.6000000000002,3.1389291286468506,0.0714147016406059,-0.5874847173690796,0.4756609201431274,-0.4031704664230346,-0.4235396087169647,-0.6571259498596191,1.0,0.1567609891260883,0,0,-0.2,-0.6283185307179586,-500,-500,thymio-09
53,1788221013.6066222,3.124180555343628,-0.584286630153656,0.3439037670454654,96.5000000000002,3.124180555343628,0.0720309317111969,-0.584286630153656,0.3689873218536377,-0.5392382740974426,-0.5172710418701172,-0.5527216792106628,-0.4811888999879508,1.0,0,0,-0.2,0.6283185307179586,-500,-500,thymio-09
54,1788221014.214569,3.1597790718078613,-0.4326277375221252,0.594666562001068,96.4000000000002,3.1597790718078613,0.0729810744524002,-0.4326277375221252,0.3386233448982239,-0.5637412071228027,-0.5349605083465576,-0.530421793460846,-0.5196064313861556,1.0,0,0,-0.2,0.6283185307179586,-500,-500,thymio-09
55,1788221014.8232763,3.187818765640259,-0.3392621278762817,0.666721208179657,96.3000000000002,3.187818765640259,0.0740020498633384,-0.3392621278762817,0.3332909643650055,-0.572181224822998,-0.5378071665763855,-0.5218135714530945,-0.534980861696784,1.0,0,0,-0.2,0.6283185307179586,-500,-500,thymio-09
56,1788221015.4313848,3.187818765640259,-0.3392621278762817,0.666721208179657,96.20000000000022,3.187818765640259,0.0740020498633384,-0.3392621278762817,0.3332909643650055,-0.572181224822998,-0.5378071665763855,-0.5218135714530945,-0.534980861696784,1.0,0,0,-0.05,0.6283185307179586,-273,-83,thymio-09
57,1788221016.0398705,3.215830087661743,-0.254191130399704,0.6690757772488056,96.10000000000022,3.215830087661743,0.0740440413355827,-0.254191130399704,0.3242551386356354,-0.574889600276947,-0.5422033667564392,-0.5199771523475647,-0.5298726670212557,1.0,0,0,-0.05,-0.1412800369021853,-156,-199,thymio-09
58,1788221016.6478915,3.2514710426330566,-0.1355635672807693,1.0512674105058375,96.00000000000024,3.2514710426330566,0.0738741010427475,-0.1355635672807693,0.2311040312051773,-0.6664811372756958,-0.5851404666900635,-0.4000056684017181,-0.5328362308542061,1.0,0,0,-0.05,-0.6283185307179586,-83,-273,thymio-09
59,1788221017.2559216,3.2514710426330566,-0.1355635672807693,1.0512674105058375,95.90000000000023,3.2514710426330566,0.0738741010427475,-0.1355635672807693,0.2311040312051773,-0.6664811372756958,-0.5851404666900635,-0.4000056684017181,-0.5328362308542061,1.0,0,0,-0.05,-0.6283185307179586,-83,-273,thymio-09
60,1788221017.864032,3.280625104904175,-0.1066150739789009,0.9840121591746877,95.80000000000024,3.280625104904175,0.0741235464811325,-0.1066150739789009,0.2727690041065216,-0.6350761651992798,-0.5690999031066895,-0.4454220235347748,-0.5169500112454566,1.0,0,0,-0.05,-0.6283185307179586,-83,-273,thymio-09
61,1788221018.471752,3.3121609687805176,-0.0626695901155471,-0.4659548357832159,95.70000000000024,3.3121609687805176,0.0740841403603553,-0.0626695901155471,0.4095368385314941,-0.4943554103374481,-0.486346036195755,-0.5927561521530151,-0.2956521976971207,0.746420993713244,0,0,-0.05,-0.6283185307179586,-83,-273,thymio-09
62,1788221019.0802028,3.3121609687805176,-0.0626695901155471,-0.4659548357832159,95.60000000000024,3.3121609687805176,0.0740841403603553,-0.0626695901155471,0.4095368385314941,-0.4943554103374481,-0.486346036195755,-0.5927561521530151,-0.2956521976971207,0.746420993713244,0,0,-0.05,-0.6283185307179586,-83,-273,thymio-09
63,1788221019.6881928,3.3143303394317627,-0.0081400386989116,-1.5247715158015405,95.50000000000026,3.3143303394317627,0.0754504427313804,-0.0081400386989116,0.5219839811325073,-0.3041945099830627,-0.3424496054649353,-0.719532310962677,1.0,-0.5345662217433229,0,0,-0.05,0.6283185307179586,-273,-83,thymio-09
64,1788221020.2962885,3.297764301300049,0.0312062855809927,-1.5993873059211454,95.40000000000026,3.297764301300049,0.0744902640581131,0.0312062855809927,0.6025421619415283,-0.1299839913845062,-0.2308731228113174,-0.752824604511261,1.0,-0.577521354465248,0,0,0.2,0.6283185307179586,500,500,thymio-09
65,1788221020.9039233,3.253175735473633,0.0489508099853992,-1.581991914639346,95.24670432593008,3.253175735473633,0.0748508870601654,0.0489508099853992,0.5487148761749268,-0.227908119559288,-0.2836063206195831,-0.7526867985725403,1.0,-0.6513439556389529,0,0,0.0380798649165704,0.6283185307179586,40,230,thymio-09
66,1788221021.5120573,3.253175735473633,0.0489508099853992,-1.581991914639346,95.14670432593007,3.253175735473633,0.0748508870601654,0.0489508099853992,0.5487148761749268,-0.227908119559288,-0.2836063206195831,-0.7526867985725403,1.0,-0.6513439556389529,0,0,0.0380798649165704,0.6283185307179586,40,230,thymio-09
67,1788221022.1261194,3.3044118881225586,-0.0021203830838203,-1.562631041969281,95.0467043259301,3.3044118881225586,0.0750459805130958,-0.0021203830838203,0.5559994578361511,-0.2189489156007766,-0.2912851870059967,-0.7470468878746033,1.0,-0.6504230647754006,0,0,0.0382649639801444,0.6283185307179586,41,231,thymio-09
68,1788221022.7358563,3.3111391067504883,-0.0368257984519004,-1.1493234215044708,94.9467043259301,3.3111391067504883,0.0769264325499534,-0.0368257984519004,0.4585211873054504,-0.3779613077640533,-0.4458183646202087,-0.6694397926330566,1.0,-0.6688272119380321,0,0,0.0345657304004555,-0.6283185307179586,218,28,thymio-09
69,1788221023.3434682,3.3111391067504883,-0.0368257984519004,-1.1493234215044708,94.8467043259301,3.3111391067504883,0.0769264325499534,-0.0368257984519004,0.4585211873054504,-0.3779613077640533,-0.4458183646202087,-0.6694397926330566,1.0,-0.6688272119380321,0,0,0.0345657304004555,-0.6283185307179586,218,28,thymio-09
70,1788221023.9517353,3.2953712940216064,-0.0782193839550018,0.3863381743212892,94.74670432593012,3.2953712940216064,0.0750494077801704,-0.0782193839550018,0.3513455092906952,-0.5447292923927307,-0.5247607827186584,-0.5517720580101013,-0.4172608359901308,1.0,0,0,0.034135731006676,-0.6283185307179586,216,26,thymio-09
71,1788221024.56016,3.325031518936157,-0.1222912594676017,-1.4795249930201966,94.64670432593012,3.325031518936157,0.0732493326067924,-0.1222912594676017,0.5185903310775757,-0.3285525441169739,-0.3729020059108734,-0.6957452297210693,1.0,-0.6366625658446727,0,0,0.0410308242652207,-0.6283185307179586,241,51,thymio-09
72,1788221025.1687891,3.3695409297943115,-0.1402728855609893,-1.6482116485830136,94.54670432593012,3.3695409297943115,0.07249765843153,-0.1402728855609893,0.5984786152839661,-0.1104920580983161,-0.1864388585090637,-0.7712687849998474,1.0,-0.5973485561525018,0,0,0.0489329402133471,-0.6283185307179586,269,79,thymio-09
73,1788221025.776544,3.3695409297943115,-0.1402728855609893,-1.6482116485830136,94.44670432593011,3.3695409297943115,0.07249765843153,-0.1402728855609893,0.5984786152839661,-0.1104920580983161,-0.1864388585090637,-0.7712687849998474,1.0,-0.5973485561525018,0,0,0.0489329402133471,-0.6283185307179586,269,79,thymio-09
74,1788221026.3846257,3.3933780193328857,-0.1387731730937957,-1.6386469311317169,94.34670432593012,3.3933780193328857,0.0735832154750824,-0.1387731730937957,0.6207978129386902,-0.0031646266579627,-0.1162937059998512,-0.775290846824646,1.0,-0.5565151164813003,0,0,0.05,-0.6283185307179586,273,83,thymio-09
75,1788221026.9926224,3.4620137214660645,-0.1014798283576965,-1.6257854809185304,94.24670432593014,3.4620137214660645,0.0727251395583152,-0.1014798283576965,0.6240241527557373,0.2787949740886688,0.1326472759246826,-0.7178245186805725,1.0,-0.5600410916923275,0,0,0.05,0.6283185307179586,83,273,thymio-09
76,1788221027.601287,3.4926040172576904,-0.0684057101607322,-1.5959577715502251,94.14670432593014,3.4926040172576904,0.0724890083074569,-0.0684057101607322,0.6170786619186401,0.3291707336902618,0.1756058186292648,-0.692837119102478,1.0,-0.5142499588773448,0,0,0.05,0.6283185307179586,83,273,thymio-09
77,1788221028.2089572,3.4926040172576904,-0.0684057101607322,-1.5959577715502251,94.04670432593016,3.4926040172576904,0.0724890083074569,-0.0684057101607322,0.6170786619186401,0.3291707336902618,0.1756058186292648,-0.692837119102478,1.0,-0.5142499588773448,0,0,0.05,0.6283185307179586,83,273,thymio-09
78,1788221028.8165803,3.51846694946289,-0.0629361644387245,-1.6395892056840675,93.94670432593016,3.51846694946289,0.0724959149956703,-0.0629361644387245,0.6346994042396545,0.2313438653945922,0.0927926003932952,-0.7314548492431641,1.0,-0.4664140989539466,0,0,0.05,0.6283185307179586,83,273,thymio-09
79,1788221029.4248972,3.5826542377471924,-0.0815752744674682,-1.65525227686649,93.84670432593016,3.5826542377471924,0.0736089944839477,-0.0815752744674682,0.6337178349494934,-0.0468781106173992,-0.142464131116867,-0.7588860988616943,1.0,-0.3651762760283639,1889,0,0.05,0.6283185307179586,83,273,thymio-09
80,1788221030.0340188,3.6065309047698975,-0.1081226617097854,-2.5322472636016102,93.74670432593015,3.6065309047698975,0.0722139775753021,-0.1081226617097854,-0.6455637812614441,0.0197081584483385,0.4197384119033813,-0.637713611125946,1.0,0.3598013354535754,1822,0,0.05,-0.6283185307179586,273,83,thymio-09
81,1788221030.642593,3.6065309047698975,-0.1081226617097854,-2.5322472636016102,93.64670432593016,3.6065309047698975,0.0722139775753021,-0.1081226617097854,-0.6455637812614441,0.0197081584483385,0.4197384119033813,-0.637713611125946,1.0,0.3598013354535754,2672,0,-0.08,-0.6283185307179586,-189,-379,thymio-09
82,1788221031.2509315,3.631406307220459,-0.1403079032897949,-2.575674874718891,93.54670432593018,3.631406307220459,0.0720093995332717,-0.1403079032897949,-0.6251083612442017,-0.0162051878869533,0.4537831246852875,-0.6348683834075928,1.0,0.3920789846650865,2465,0,-0.08,-0.6283185307179586,-189,-379,thymio-09
83,1788221031.8597918,3.624227523803711,-0.1264609396457672,-1.6356209663072725,93.44670432593018,3.624227523803711,0.0725909024477005,-0.1264609396457672,-0.611254096031189,0.0785112306475639,0.1737983226776123,0.7681137323379517,1.0,-0.1756932866761521,0,0,-0.2,-0.1543064385894541,-500,-500,thymio-09
84,1788221032.4672976,3.624227523803711,-0.1264609396457672,-1.6356209663072725,93.3467043259302,3.624227523803711,0.0725909024477005,-0.1264609396457672,-0.611254096031189,0.0785112306475639,0.1737983226776123,0.7681137323379517,1.0,-0.1756932866761521,0,0,-0.2,-0.1543064385894541,-500,-500,thymio-09
85,1788221033.0755086,3.560321092605591,-0.1005313172936439,-1.6265325162581707,93.0001360533802,3.560321092605591,0.0737801268696785,-0.1005313172936439,0.6385272145271301,0.0930245146155357,-0.0464584156870842,-0.7625426054000854,1.0,-0.0954942359653985,0,0,-0.2,-0.1656436783408593,-500,-500,thymio-09
86,1788221033.6832554,3.560321092605591,-0.1005313172936439,-1.6265325162581707,92.9001360533802,3.560321092605591,0.0737801268696785,-0.1005313172936439,0.6385272145271301,0.0930245146155357,-0.0464584156870842,-0.7625426054000854,1.0,-0.0954942359653985,0,0,-0.2,-0.1656436783408593,-500,-500,thymio-09
87,1788221034.2911165,3.3791186809539795,-0.1024656444787979,-1.592199093467079,91.91138186725586,3.3791186809539795,0.0753497406840324,-0.1024656444787979,0.630343496799469,0.0960012227296829,-0.0667207241058349,-0.7674629092216492,1.0,-0.1089984025377538,0,0,-0.2,-0.1216467316256036,-500,-500,thymio-09
88,1788221034.8994098,3.232531785964966,-0.1000910624861717,-1.5913124559679963,91.12152213770176,3.232531785964966,0.0763875916600227,-0.1000910624861717,0.6288992166519165,0.082413911819458,-0.0786665827035904,-0.7690938115119934,1.0,-0.173764783143099,0,0,-0.1962904611248325,-0.0961848848385874,-500,-500,thymio-09
89,1788221035.5073256,3.1132588386535645,-0.094817616045475,-1.621830507704614,90.59954641858216,3.1132588386535645,0.0768621489405632,-0.094817616045475,-0.6416400074958801,-0.0639573112130165,0.0741645693778991,0.760728120803833,1.0,-0.2683127071760829,0,0,-0.1736271367441384,-0.0065890413022695,-500,-500,thymio-09
90,1788221036.115199,3.1132588386535645,-0.094817616045475,-1.621830507704614,90.49954641858216,3.1132588386535645,0.0768621489405632,-0.094817616045475,-0.6416400074958801,-0.0639573112130165,0.0741645693778991,0.760728120803833,1.0,-0.2683127071760829,0,0,-0.1736271367441384,-0.0065890413022695,-500,-500,thymio-09
91,1788221036.724669,3.060444593429565,-0.0919058099389076,-1.6560852394014387,90.2743908545086,3.060444593429565,0.0763792395591735,-0.0919058099389076,-0.6377816200256348,-0.0486485920846462,0.0647226944565773,0.7659497261047363,1.0,-0.3002152091984704,0,0,-0.1570509732054656,0.057109215855901,-500,-500,thymio-09
92,1788221037.332212,2.961700201034546,-0.0858055055141449,-1.6528325293973634,89.81963680948206,2.961700201034546,0.0769993811845779,-0.0858055055141449,-0.638420581817627,-0.0424370691180229,0.0719950944185257,0.7651371955871582,1.0,-0.4150060023462288,0,0,-0.0097757479241013,0.6283185307179586,-130,60,thymio-09
93,1788221037.9399707,2.8154468536376958,-0.0717225298285484,-1.6549063899043337,89.29523712572731,2.8154468536376958,0.0787584036588668,-0.0717225298285484,-0.6378151178359985,-0.033461358398199,0.0780525505542755,0.7654933333396912,1.0,1.0,0,0,0.2,0.6283185307179586,500,500,thymio-09
94,1788221038.547829,2.8154468536376958,-0.0717225298285484,-1.6549063899043337,89.19523712572732,2.8154468536376958,0.0787584036588668,-0.0717225298285484,-0.6378151178359985,-0.033461358398199,0.0780525505542755,0.7654933333396912,1.0,1.0,0,0,0.2,0.6283185307179586,500,500,thymio-09
95,1788221039.156621,2.783899545669556,-0.0834705904126167,-1.6312340499331166,89.07712496326228,2.783899545669556,0.0777362287044525,-0.0834705904126167,0.6105384230613708,-0.1053450182080268,-0.1965974867343902,-0.7599307894706726,1.0,1.0,0,0,0.1977438147754401,0.6283185307179586,500,500,thymio-09
96,1788221039.7643106,2.873663902282715,-0.1263986974954605,-1.5974696381343236,88.97712496326228,2.873663902282715,0.0761962458491325,-0.1263986974954605,0.609957754611969,-0.0937007069587707,-0.2076559513807296,-0.7589800357818604,1.0,-0.5859862258214037,0,0,0.2,0.6283185307179586,500,500,thymio-09
97,1788221040.3720696,2.873663902282715,-0.1263986974954605,-1.5974696381343236,88.87712496326229,2.873663902282715,0.0761962458491325,-0.1263986974954605,0.609957754611969,-0.0937007069587707,-0.2076559513807296,-0.7589800357818604,1.0,-0.5859862258214037,0,0,0.2,0.6283185307179586,500,500,thymio-09
98,1788221040.9804127,3.022634983062744,-0.1934687346220016,-1.8887368724807785,88.7771249632623,3.022634983062744,0.0836181640625,-0.1934687346220016,0.4731233119964599,-0.1290424019098281,-0.0308545995503664,-0.8709480166435242,1.0,-0.5098094588073679,0,0,0.05,0.6283185307179586,83,273,thymio-09
99,1788221041.5883822,3.0901687145233154,-0.2243121266365051,-1.601774289492214,88.6771249632623,3.0901687145233154,0.0743215307593345,-0.2243121266365051,0.6197338104248047,-0.0773715898394584,-0.1958121061325073,-0.7560431957244873,1.0,-0.3412763251136245,0,0,0.05,0.2159168387374842,145,210,thymio-09
100,1788221042.1963289,3.0901687145233154,-0.2243121266365051,-1.601774289492214,88.5771249632623,3.0901687145233154,0.0743215307593345,-0.2243121266365051,0.6197338104248047,-0.0773715898394584,-0.1958121061325073,-0.7560431957244873,1.0,-0.3412763251136245,0,0,0.05,0.2159168387374842,145,210,thymio-09
101,1788221042.806194,3.1936583518981934,-0.2920006811618805,-1.55614479840285,88.47712496326231,3.1936583518981934,0.0735676065087318,-0.2920006811618805,0.5652890205383301,-0.224304050207138,-0.3035162091255188,-0.7334943413734436,1.0,-0.1597976271402252,0,0,0.05,0.1276985685313065,158,197,thymio-09
102,1788221043.4143944,3.221496820449829,-0.3373135030269623,-1.5072930088846153,88.37712496326232,3.221496820449829,0.0730701014399528,-0.3373135030269623,0.5357496738433838,-0.2922015786170959,-0.3521048724651336,-0.709656834602356,1.0,-0.0480795697416427,0,0,-0.198872232061579,0.1838490962694378,-500,-500,thymio-09
103,1788221044.0223317,3.221496820449829,-0.3373135030269623,-1.5072930088846153,88.27712496326232,3.221496820449829,0.0730701014399528,-0.3373135030269623,0.5357496738433838,-0.2922015786170959,-0.3521048724651336,-0.709656834602356,1.0,-0.0480795697416427,0,0,-0.198872232061579,0.1838490962694378,-500,-500,thymio-09
104,1788221044.6305275,3.239043712615967,-0.3709704279899597,-1.4621540334454894,88.17712496326233,3.239043712615967,0.0729701071977615,-0.3709704279899597,0.5175676941871643,-0.3226582109928131,-0.3750925660133362,-0.698083758354187,1.0,0.0192770519317124,0,0,-0.1949209022190696,0.2686664064854156,-500,-500,thymio-09
105,1788221045.2389426,3.1927266120910645,-0.2796749770641327,-1.421575180779013,87.90257897501448,3.1927266120910645,0.0738984197378158,-0.2796749770641327,0.5060158967971802,-0.3418168723583221,-0.3911228477954864,-0.6885725855827332,1.0,0.082553790609833,0,0,-0.1882286344259654,0.3222755560711693,-500,-500,thymio-09
106,1788221045.847512,3.1299760341644287,-0.1458060294389724,-1.4821213946649514,87.46514167727713,3.1299760341644287,0.0757381916046142,-0.1458060294389724,0.5122247934341431,-0.3570936620235443,-0.3843819499015808,-0.679970920085907,1.0,0.1804891310828786,0,0,-0.1810972757890176,0.2236686344540563,-500,-500,thymio-09
107,1788221046.4553287,3.1299760341644287,-0.1458060294389724,-1.4821213946649514,87.36514167727714,3.1299760341644287,0.0757381916046142,-0.1458060294389724,0.5122247934341431,-0.3570936620235443,-0.3843819499015808,-0.679970920085907,1.0,0.1804891310828786,0,0,-0.1810972757890176,0.2236686344540563,-500,-500,thymio-09
108,1788221047.0626166,3.089454412460327,-0.0517314970493316,-1.460886863950643,87.07751859619532,3.089454412460327,0.0761825069785118,-0.0517314970493316,0.4983843266963959,-0.3608720898628235,-0.3819605112075805,-0.6895583271980286,1.0,0.2513330468023507,0,0,-0.1746996280461016,0.2949129132963215,-500,-500,thymio-09
109,1788221047.670688,3.0286571979522705,0.0917281731963157,-1.431193452540765,86.63104174370427,3.0286571979522705,0.0785761326551437,0.0917281731963157,0.490169882774353,-0.3734157085418701,-0.391402393579483,-0.6834459900856018,1.0,0.3249999161759083,0,0,-0.1665626777153894,0.4095623168968842,-500,-500,thymio-09
110,1788221048.278905,3.0286571979522705,0.0917281731963157,-1.431193452540765,86.53104174370428,3.0286571979522705,0.0785761326551437,0.0917281731963157,0.490169882774353,-0.3734157085418701,-0.391402393579483,-0.6834459900856018,1.0,0.3249999161759083,0,0,-0.1665626777153894,0.4095623168968842,-500,-500,thymio-09
111,1788221048.887802,2.9778048992156982,0.2251310348510742,-1.4299026028988704,86.13611359379945,2.9778048992156982,0.0797777399420738,0.2251310348510742,0.4929604232311249,-0.3779874742031097,-0.3965666890144348,-0.6759071946144104,1.0,0.3465719222471213,0,0,-0.1610472516777736,0.4673894290238234,-500,-500,thymio-09
112,1788221049.4968364,2.939592123031616,0.3303739428520202,-1.4072592692171757,85.83567083092215,2.939592123031616,0.079910472035408,0.3303739428520202,0.4966708421707153,-0.372590571641922,-0.403837114572525,-0.6718705892562866,1.0,0.3502693659053588,0,0,-0.1548626668942276,0.5371308460036975,-500,-469,thymio-09
113,1788221050.104414,2.917482376098633,0.3906165659427643,-1.4257784319257416,85.64895625657766,2.917482376098633,0.0809041336178779,0.3906165659427643,0.4875945448875427,-0.3869301378726959,-0.3977758288383484,-0.6740259528160095,1.0,0.3947013025285639,0,0,-0.1505844045195579,0.5282570402553523,-500,-455,thymio-09
114,1788221050.7129176,2.878668785095215,0.5017977356910706,-1.4066992334596151,85.33902670635433,2.878668785095215,0.081888660788536,0.5017977356910706,0.4835755527019501,-0.3953028321266174,-0.4038576185703277,-0.6684231162071228,1.0,0.5430131776712994,0,0,-0.1390130763081538,0.5849732809275376,-500,-406,thymio-09
115,1788221051.3207283,2.878668785095215,0.5017977356910706,-1.4066992334596151,85.23902670635434,2.878668785095215,0.081888660788536,0.5017977356910706,0.4835755527019501,-0.3953028321266174,-0.4038576185703277,-0.6684231162071228,1.0,0.5430131776712994,0,0,-0.1390130763081538,0.5849732809275376,-500,-406,thymio-09
116,1788221051.9284077,2.8378348350524902,0.6326172947883606,-1.289371580681976,84.92236364228926,2.8378348350524902,0.0827404037117958,0.6326172947883606,0.4639743268489837,-0.4383165240287781,-0.4307443499565124,-0.6380171179771423,1.0,0.7483215005831438,0,0,-0.1290789737512645,0.6283185307179586,-500,-364,thymio-09
117,1788221052.5362885,2.819121122360229,0.7653316259384155,-0.5472257856193057,84.69640317040798,2.819121122360229,0.0838033780455589,0.7653316259384155,0.417945384979248,-0.4992911517620086,-0.4776113033294678,-0.5898452401161194,-0.3411826945048918,0.965442565207476,0,0,-0.1287867053786327,0.6283185307179586,-500,-363,thymio-09
118,1788221053.1445472,2.819121122360229,0.7653316259384155,-0.5472257856193057,84.59640317040798,2.819121122360229,0.0838033780455589,0.7653316259384155,0.417945384979248,-0.4992911517620086,-0.4776113033294678,-0.5898452401161194,-0.3411826945048918,0.965442565207476,0,0,-0.1287867053786327,0.6283185307179586,-500,-363,thymio-09
119,1788221053.7531023,2.8253278732299805,0.8705771565437317,0.6693494611736686,84.49640317040799,2.8253278732299805,0.0846164971590042,0.8705771565437317,0.3540258407592773,-0.5693262815475464,-0.5214917659759521,-0.5278064012527466,1.0,1.0,0,0,-0.0226473016138596,0.6283185307179586,-175,14,thymio-09
120,1788221054.360848,2.853111982345581,0.9607318639755248,0.9845070821893848,84.39640317040799,2.853111982345581,0.0853279381990432,0.9607318639755248,0.2950190901756286,-0.6257025599479675,-0.5573778748512268,-0.4591186642646789,1.0,1.0,0,0,0.17570725440979,0.6283185307179586,500,500,thymio-09
121,1788221054.9682963,2.853111982345581,0.9607318639755248,0.9845070821893848,84.296403170408,2.853111982345581,0.0853279381990432,0.9607318639755248,0.2950190901756286,-0.6257025599479675,-0.5573778748512268,-0.4591186642646789,1.0,1.0,0,0,0.17570725440979,0.6283185307179586,500,500,thymio-09
122,1788221055.577502,2.829231977462769,0.9790049195289612,1.0974193789967357,84.14876373693266,2.829231977462769,0.0854733139276504,0.9790049195289612,0.1611357778310775,-0.7036525011062622,-0.611336350440979,-0.3243090212345123,1.0,1.0,0,0,0.1683980321884155,0.6283185307179586,500,500,thymio-09
123,1788221056.1851027,2.742338180541992,0.9085490703582764,1.1000653470582762,83.59759839780375,2.742338180541992,0.0857572332024574,0.9085490703582764,0.1693468689918518,-0.7003618478775024,-0.610088050365448,-0.3295564651489258,1.0,1.0,0,0,0.1965803718566894,0.6283185307179586,500,500,thymio-09
124,1788221056.79318,2.677356243133545,0.8535610437393188,1.1009026300376965,83.22353400816108,2.677356243133545,0.0859447196125984,0.8535610437393188,0.1773593723773956,-0.6972694396972656,-0.6078639626502991,-0.3359472155570984,1.0,1.0,0,0,0.1781576250673329,0.6283185307179586,500,500,thymio-09
125,1788221057.4027998,2.582144498825073,0.7697559595108032,1.0850865768688092,82.6136707532866,2.582144498825073,0.086243137717247,0.7697559595108032,0.1805136501789093,-0.6952214241027832,-0.6024411916732788,-0.3480613529682159,1.0,1.0,0,0,0.1280710152951915,0.5461485356119093,373,500,thymio-09
126,1788221058.0107586,2.582144498825073,0.7697559595108032,1.0850865768688092,82.5136707532866,2.582144498825073,0.086243137717247,0.7697559595108032,0.1805136501789093,-0.6952214241027832,-0.6024411916732788,-0.3480613529682159,1.0,1.0,0,0,0.1280710152951915,0.5461485356119093,373,500,thymio-09
127,1788221058.619249,2.51407790184021,0.7141391634941101,1.1066288813778016,82.08435738416371,2.51407790184021,0.0866979286074638,0.7141391634941101,0.1582359224557876,-0.7081705927848816,-0.6098113059997559,-0.3187256157398224,1.0,1.0,0,0,0.1214443208217311,0.3084230231201245,385,478,thymio-09
128,1788221059.2266967,2.4237067699432373,0.6695566177368164,1.121410627903825,81.52604707007694,2.4237067699432373,0.0872044712305069,0.6695566177368164,0.0816058963537216,-0.7380168437957764,-0.6256845593452454,-0.2391456663608551,1.0,1.0,0,0,0.119478958270096,0.2630236741440446,385,464,thymio-09
129,1788221059.835986,2.2958388328552246,0.6371859312057495,1.1473844729942169,80.80955118072565,2.2958388328552246,0.0877464339137077,0.6371859312057495,0.0197885613888502,-0.7546696662902832,-0.6369112730026245,-0.1562891602516174,1.0,1.0,0,0,0.1204627571422496,0.2921658004997335,384,472,thymio-09
130,1788221060.444419,2.2958388328552246,0.6371859312057495,1.1473844729942169,80.70955118072565,2.2958388328552246,0.0877464339137077,0.6371859312057495,0.0197885613888502,-0.7546696662902832,-0.6369112730026245,-0.1562891602516174,1.0,1.0,0,0,0.1204627571422496,0.2921658004997335,384,472,thymio-09
131,1788221061.0519464,2.2135133743286133,0.6295430660247803,1.1558468105127089,80.25798259567095,2.2135133743286133,0.0885478854179382,0.6295430660247803,-0.0165852457284927,-0.7605269551277161,-0.6398123502731323,-0.1093797907233238,1.0,1.0,0,0,0.1216645583010074,0.332390423253352,382,482,thymio-09
132,1788221061.660839,2.0641157627105717,0.6407232284545898,1.138974166992455,79.41866824348959,2.0641157627105717,0.0894671604037284,0.6407232284545898,-0.0918843224644661,-0.7756326794624329,-0.6236093640327454,-0.0325988456606864,1.0,1.0,0,0,0.1240600757261617,0.4640756619729938,371,500,thymio-09
133,1788221062.26928,2.0641157627105717,0.6407232284545898,1.138974166992455,79.3186682434896,2.0641157627105717,0.0894671604037284,0.6407232284545898,-0.0918843224644661,-0.7756326794624329,-0.6236093640327454,-0.0325988456606864,1.0,1.0,0,0,0.1240600757261617,0.4640756619729938,371,500,thymio-09
134,1788221062.877266,1.9893386363983157,0.6610568165779114,1.1244194034987078,78.81654521021194,1.9893386363983157,0.0902023240923881,0.6610568165779114,0.1400343477725982,0.7761416435241699,0.6145130395889282,-0.0191928930580616,1.0,1.0,0,0,0.1215763353083557,0.4802697171122548,359,500,thymio-09
135,1788221063.4855168,1.8681129217147827,0.7328645586967468,1.1006350412110466,78.0539641075568,1.8681129217147827,0.0908279344439506,0.7328645586967468,0.2457603961229324,0.7548717856407166,0.5879155993461609,-0.1553248912096023,1.0,1.0,0,0,0.1188979719697493,0.5328232512688607,342,500,thymio-09
136,1788221064.0937445,1.8681129217147827,0.7328645586967468,1.1006350412110466,77.9539641075568,1.8681129217147827,0.0908279344439506,0.7328645586967468,0.2457603961229324,0.7548717856407166,0.5879155993461609,-0.1553248912096023,1.0,1.0,0,0,0.1188979719697493,0.5328232512688607,342,500,thymio-09
137,1788221064.701697,1.8186910152435305,0.7805969715118408,1.0666549872690938,77.66702343282972,1.8186910152435305,0.0921371728181839,0.7805969715118408,0.2884295284748077,0.7475331425666809,0.5602434277534485,-0.2100714743137359,1.0,1.0,0,0,0.1161911734086501,0.5769821695415216,326,500,thymio-09
138,1788221065.3101635,1.7386329174041748,0.908417284488678,0.9127546166324692,77.11261746162826,1.7386329174041748,0.0935675278306007,0.908417284488678,0.395123541355133,0.687199592590332,0.5082712769508362,-0.3365926146507263,1.0,1.0,0,0,0.1022813557971351,0.6283185307179586,269,458,thymio-09
139,1788221065.9187794,1.7386329174041748,0.908417284488678,0.9127546166324692,77.01261746162827,1.7386329174041748,0.0935675278306007,0.908417284488678,0.395123541355133,0.687199592590332,0.5082712769508362,-0.3365926146507263,1.0,1.0,0,0,0.1022813557971351,0.6283185307179586,269,458,thymio-09
140,1788221066.527429,1.7259156703948977,1.003408908843994,0.3507804505684637,76.84631745215361,1.7259156703948977,0.093918576836586,1.003408908843994,0.4730594456195831,0.6176760196685791,0.4282787442207336,-0.4596394300460815,1.0,1.0,0,0,0.0367834280193075,0.6283185307179586,36,226,thymio-09
141,1788221067.1356528,1.740356683731079,1.067190170288086,-0.9520114231794928,76.74631745215362,1.740356683731079,0.0939820781350135,1.067190170288086,0.5387915968894958,0.5404953360557556,0.3485493659973144,-0.5441340804100037,0.2960941044052338,1.0,0,0,-0.0663086311299648,0.6283185307179586,-330,-141,thymio-09
142,1788221067.7438412,1.7802106142044067,1.1264045238494873,-1.4667862935882852,76.64631745215362,1.7802106142044067,0.094430074095726,1.1264045238494873,0.6007349491119385,0.4166207909584045,0.2359887659549713,-0.6401983499526978,0.2391256227044693,1.0,0,0,-0.0653807929065587,0.1559557094319644,-256,-209,thymio-09
143,1788221068.352803,1.7802106142044067,1.1264045238494873,-1.4667862935882852,76.54631745215363,1.7802106142044067,0.094430074095726,1.1264045238494873,0.6007349491119385,0.4166207909584045,0.2359887659549713,-0.6401983499526978,0.2391256227044693,1.0,0,0,-0.0653807929065587,0.1559557094319644,-256,-209,thymio-09
144,1788221068.961388,1.7480056285858154,1.0843803882598877,-1.577467901193958,76.33425593035703,1.7480056285858154,0.094264768064022,1.0843803882598877,0.6275332570075989,0.3172580301761627,0.1540974229574203,-0.6941205859184265,0.2790889279423165,1.0,0,0,-0.0773476378668032,0.0321538369444259,-280,-270,thymio-09
145,1788221069.5695844,1.6899319887161257,1.0423402786254885,-1.5806170742842856,75.97249149356125,1.6899319887161257,0.0944240912795066,1.0423402786254885,0.6280502080917358,0.2696096301078796,0.0940514877438545,-0.7238909006118774,0.346738452654266,1.0,0,0,-0.0920842977816518,0.0031388924629998,-328,-327,thymio-09
146,1788221070.1775632,1.6899319887161257,1.0423402786254885,-1.5806170742842856,75.87249149356126,1.6899319887161257,0.0944240912795066,1.0423402786254885,0.6280502080917358,0.2696096301078796,0.0940514877438545,-0.7238909006118774,0.346738452654266,1.0,0,0,-0.0920842977816518,0.0031388924629998,-328,-327,thymio-09
147,1788221070.7857387,1.608317494392395,1.0004783868789673,-1.589138612062119,75.41517917389277,1.608317494392395,0.0941005200147628,1.0004783868789673,0.6364688277244568,0.2518657445907593,0.0831477269530296,-0.7242634892463684,0.4444572959661343,1.0,0,0,-0.1071107346733791,-0.0286138749657361,-376,-385,thymio-09
148,1788221071.3942752,1.5269299745559692,0.9621390700340272,-1.587909497535897,74.86184011143867,1.5269299745559692,0.0940512120723724,0.9621390700340272,0.6357795596122742,0.2429827451705932,0.0718751698732376,-0.7290937900543213,0.5436879486988215,1.0,0,0,-0.1212844854264124,-0.0501771182039804,-423,-439,thymio-09
149,1788221072.0026822,1.5269299745559692,0.9621390700340272,-1.587909497535897,74.76184011143867,1.5269299745559692,0.0940512120723724,0.9621390700340272,0.6357795596122742,0.2429827451705932,0.0718751698732376,-0.7290937900543213,0.5436879486988215,1.0,0,0,-0.1212844854264124,-0.0501771182039804,-423,-439,thymio-09
150,1788221072.611463,1.4406425952911377,0.9235772490501404,-1.595938820171834,74.23120748759823,1.4406425952911377,0.0941281765699386,0.9235772490501404,0.6332947015762329,0.242481529712677,0.0755549892783165,-0.7310485243797302,0.6458018958813614,1.0,0,0,-0.1355105228261725,-0.0833009914975771,-469,-494,thymio-09
151,1788221073.220178,1.299845576286316,0.8592348098754883,-1.595518507990592,73.34848106159856,1.299845576286316,0.0951797887682914,0.8592348098754883,0.6396417617797852,0.2431992441415786,0.078959971666336,-0.724898636341095,0.804951066578359,1.0,0,0,-0.147744651738007,-0.127119710745483,-500,-500,thymio-09
152,1788221073.829057,1.299845576286316,0.8592348098754883,-1.595518507990592,73.24848106159857,1.299845576286316,0.0951797887682914,0.8592348098754883,0.6396417617797852,0.2431992441415786,0.078959971666336,-0.724898636341095,0.804951066578359,1.0,0,0,-0.1441373800703914,-0.0926379119794962,-498,-500,thymio-09
153,1788221074.4374514,1.2063597440719604,0.8148398399353027,-1.569646948927205,72.72401550818725,1.2063597440719604,0.0952663198113441,0.8148398399353027,0.6327370405197144,0.2572051882743835,0.0745019167661666,-0.7265940308570862,0.9058704169321674,1.0,0,0,-0.1507424119410651,-0.1109171993136171,-500,-500,thymio-09
154,1788221075.045142,1.074622631072998,0.7540136575698853,-1.601429402428841,71.90037593776778,1.074622631072998,0.0954787284135818,0.7540136575698853,0.6319884061813354,0.2431062459945678,0.0793040990829467,-0.7315742373466492,1.0,1.0,0,0,-0.1529689335057702,-0.1696977530882684,-500,-500,thymio-09
155,1788221075.6531086,1.074622631072998,0.7540136575698853,-1.601429402428841,71.80037593776778,1.074622631072998,0.0954787284135818,0.7540136575698853,0.6319884061813354,0.2431062459945678,0.0793040990829467,-0.7315742373466492,1.0,1.0,0,0,-0.1529689335057702,-0.1696977530882684,-500,-500,thymio-09
156,1788221076.261164,0.9870725870132446,0.7139829993247986,-1.6173576958339853,71.26137239083226,0.9870725870132446,0.0964972600340843,0.7139829993247986,0.6284945011138916,0.2415970414876938,0.0865463986992836,-0.7342582941055298,1.0,1.0,0,0,-0.154599891161454,-0.2039150821957003,-500,-500,thymio-09
157,1788221076.8695772,0.8849966526031494,0.6706472635269165,-1.5800856141785138,70.6311496557001,0.8849966526031494,0.097239539027214,0.6706472635269165,0.6366447806358337,0.2359241247177124,0.0591599866747856,-0.7317946553230286,1.0,1.0,0,0,-0.1572242947440566,-0.1568998298987732,-500,-500,thymio-09
158,1788221077.4777124,0.8849966526031494,0.6706472635269165,-1.5800856141785138,70.5311496557001,0.8849966526031494,0.097239539027214,0.6706472635269165,0.6366447806358337,0.2359241247177124,0.0591599866747856,-0.7317946553230286,1.0,1.0,0,0,-0.1572242947440566,-0.1568998298987732,-500,-500,thymio-09
159,1788221078.0855613,0.7683505415916443,0.6215928196907043,-1.6180695692565137,69.87394430192877,0.7683505415916443,0.0970211029052734,0.6215928196907043,0.6306579113006592,0.229723110795021,0.0751153230667114,-0.7374656796455383,1.0,1.0,0,0,-0.1554514591535476,-0.1774577886721639,-500,-500,thymio-09
160,1788221078.6942596,0.6238598823547363,0.5638740658760071,-1.6194377514931149,68.97273655396165,0.6238598823547363,0.0984890311956405,0.5638740658760071,0.6402347683906555,0.2229272276163101,0.0727010443806648,-0.7315172553062439,1.0,1.0,0,0,-0.1578053629639876,-0.1892705349473317,-500,-500,thymio-09
161,1788221079.302237,0.4851437211036682,0.5069185495376587,-1.605255832564307,68.10929851375516,0.4851437211036682,0.0985198840498924,0.5069185495376587,0.6352829337120056,0.243363082408905,0.0836408361792564,-0.7281444072723389,1.0,1.0,0,0,-0.0,0.6283185307179586,-95,95,thymio-09
162,1788221079.9100416,0.4851437211036682,0.5069185495376587,-1.605255832564307,68.00929851375517,0.4851437211036682,0.0985198840498924,0.5069185495376587,0.6352829337120056,0.243363082408905,0.0836408361792564,-0.7281444072723389,1.0,1.0,0,0,-0.0,0.6283185307179586,-95,95,thymio-09
163,1788221080.5173104,0.4139233529567718,0.4745280146598816,-1.5914819947260426,67.57490488401065,0.4139233529567718,0.0991686433553695,0.4745280146598816,0.6353891491889954,0.2418482899665832,0.0728137716650962,-0.7297179698944092,1.0,1.0,0,0,-0.1628855538753724,-0.1643919896460297,-500,-500,thymio-09
164,1788221081.1247115,0.4106356501579284,0.4544430673122406,-1.629123253238911,67.47490488401066,0.4106356501579284,0.0991356596350669,0.4544430673122406,-0.6252557635307312,0.0111156236380338,0.129055380821228,0.7695950865745544,1.0,1.0,0,0,-0.1637512057166705,-0.2160753616791635,-500,-500,thymio-09
165,1788221081.732783,0.4106356501579284,0.4544430673122406,-1.629123253238911,67.37490488401066,0.4106356501579284,0.0991356596350669,0.4544430673122406,-0.6252557635307312,0.0111156236380338,0.129055380821228,0.7695950865745544,1.0,1.0,0,0,-0.1637512057166705,-0.2160753616791635,-500,-500,thymio-09
166,1788221082.34084,0.3541892766952514,0.4710187911987304,-1.6323951592563304,67.03555078179954,0.3541892766952514,0.1002299785614013,0.4710187911987304,-0.6171876192092896,0.0654035583138465,0.1673411577939987,0.7660280466079712,1.0,1.0,0,0,-0.1656403415797855,-0.2345221887517813,-500,-500,thymio-09
167,1788221082.948991,0.2090440094470977,0.5314615964889526,-1.6496470304277064,66.15034059594824,0.2090440094470977,0.0998838320374488,0.5314615964889526,0.6201941967010498,-0.08827755600214,-0.1753549128770828,-0.7594847679138184,1.0,1.0,0,0,-0.171733751696063,-0.3795642759570469,-500,-500,thymio-09
168,1788221083.556284,0.1271755844354629,0.5699459910392761,-2.4835302064246414,65.71396807359922,0.1271755844354629,0.1004386320710182,0.5699459910392761,-0.6786468625068665,0.1210277080535888,0.3305693566799164,-0.6446042656898499,1.0,1.0,0,0,-0.0865851542403063,-0.6283185307179586,-213,-403,thymio-09
169,1788221084.1641655,0.1271755844354629,0.5699459910392761,-2.4835302064246414,65.61396807359922,0.1271755844354629,0.1004386320710182,0.5699459910392761,-0.6786468625068665,0.1210277080535888,0.3305693566799164,-0.6446042656898499,1.0,1.0,0,0,-0.0865851542403063,-0.6283185307179586,-213,-403,thymio-09
170,1788221084.7723055,0.0126142166554927,0.622113049030304,-2.4165144904068967,64.97470644722526,0.0126142166554927,0.1043557897210121,0.622113049030304,0.6963225603103638,-0.1148266568779945,-0.2979194819927215,0.6428015232086182,1.0,1.0,0,0,-0.0935215354334853,-0.6283185307179586,-237,-427,thymio-09
171,1788221085.3797712,-0.0516559556126594,0.6465308666229248,-1.6300794413530617,64.62433138613531,-0.0516559556126594,0.1048515811562538,0.6465308666229248,0.629223108291626,0.0864182561635971,-0.0503444634377956,-0.770763099193573,1.0,1.0,0,0,-0.1828284261361913,-0.5583747651849478,-500,-500,thymio-09
172,1788221085.987689,-0.1317755877971649,0.6423081755638123,-1.587813111441549,64.15329905918209,-0.1317755877971649,0.105856642127037,0.6423081755638123,-0.6312691569328308,-0.2600651383399963,-0.0892406180500984,0.7251906991004944,1.0,1.0,0,0,-0.1875303518794419,-0.5605260644949109,-500,-500,thymio-09
173,1788221086.5956335,-0.1317755877971649,0.6423081755638123,-1.587813111441549,64.0532990591821,-0.1317755877971649,0.105856642127037,0.6423081755638123,-0.6312691569328308,-0.2600651383399963,-0.0892406180500984,0.7251906991004944,1.0,1.0,0,0,-0.1875303518794419,-0.5605260644949109,-500,-500,thymio-09
174,1788221087.2040248,-0.2331082373857498,0.583025336265564,-1.584255691806392,63.51110519456847,-0.2331082373857498,0.1054587215185165,0.583025336265564,-0.6251988410949707,-0.3100181519985199,-0.1465936005115509,0.7010888457298279,1.0,0.8876462008951049,0,0,-0.1945932432635352,-0.6283185307179586,-500,-500,thymio-09
175,1788221087.812662,-0.3622551560401916,0.4939495325088501,-1.520051882027261,62.72282417226727,-0.3622551560401916,0.1063974797725677,0.4939495325088501,-0.6280009150505066,-0.3186521232128143,-0.1170363798737526,0.7002700567245483,1.0,0.7364472170667371,0,0,-0.1859009883577963,-0.3360029497451103,-500,-500,thymio-09
176,1788221088.4205554,-0.4645719528198242,0.4251951277256012,-1.5254287622044846,62.15080139327359,-0.4645719528198242,0.105688601732254,0.4251951277256012,-0.6238771677017212,-0.3291521668434143,-0.1331786215305328,0.6962037682533264,1.0,0.6605024682865634,0,0,-0.13721235559078,0.6283185307179586,-500,-393,thymio-09
177,1788221089.028977,-0.4645719528198242,0.4251951277256012,-1.5254287622044846,62.05080139327359,-0.4645719528198242,0.105688601732254,0.4251951277256012,-0.6238771677017212,-0.3291521668434143,-0.1331786215305328,0.6962037682533264,1.0,0.6605024682865634,0,0,-0.13721235559078,0.6283185307179586,-500,-393,thymio-09
178,1788221089.6367474,-0.5084109306335449,0.3935294449329376,-1.497205844392719,61.78236991423787,-0.5084109306335449,0.1065296977758407,0.3935294449329376,-0.625320553779602,-0.3382838070392608,-0.1286141276359558,0.6913731098175049,1.0,0.6069457513163654,0,0,-0.1105035903954952,0.6283185307179586,-488,-298,thymio-09
179,1788221090.2440438,-0.6683973670005798,0.2938635647296905,-1.585737867862898,60.89646169476814,-0.6683973670005798,0.1040788441896438,0.2938635647296905,-0.6450673341751099,-0.1985509246587753,-0.0261724796146154,0.7374148964881897,1.0,0.4084453379304107,0,0,-0.2,0.6283185307179586,-500,-500,thymio-09
180,1788221090.8518944,-0.6683973670005798,0.2938635647296905,-1.585737867862898,60.79646169476814,-0.6683973670005798,0.1040788441896438,0.2938635647296905,-0.6450673341751099,-0.1985509246587753,-0.0261724796146154,0.7374148964881897,1.0,0.4084453379304107,0,0,-0.2,0.6283185307179586,-500,-500,thymio-09
181,1788221091.455307,10000.0,10000.0,0.0,60.79646169476814,-0.6683973670005798,0.1040788441896438,0.2938635647296905,-0.6450673341751099,-0.1985509246587753,-0.0261724796146154,0.7374148964881897,1.0,1.0,0,0,-9.184850993605149e-18,0.6283185307179586,-95,95,thymio-09
182,1788221092.059497,10000.0,10000.0,0.0,60.79646169476814,-0.6683973670005798,0.1040788441896438,0.2938635647296905,-0.6450673341751099,-0.1985509246587753,-0.0261724796146154,0.7374148964881897,1.0,1.0,0,0,-9.184850993605149e-18,0.6283185307179586,-95,95,thymio-09
183,1788221092.6627874,-0.9164314270019532,0.2664999961853027,-2.52150195618983,60.79646169476814,-0.9164314270019532,0.1100431010127067,0.2664999961853027,0.5910868644714355,-0.1449542492628097,-0.3212659060955047,0.7255293130874634,-0.693379504293943,1.0,0,0,-0.1185228785476698,-0.6283185307179586,-326,-500,thymio-09
184,1788221093.2705407,-0.9164314270019532,0.2664999961853027,-2.52150195618983,60.69646169476814,-0.9164314270019532,0.1100431010127067,0.2664999961853027,0.5910868644714355,-0.1449542492628097,-0.3212659060955047,0.7255293130874634,-0.693379504293943,1.0,0,0,-0.1185228785476698,-0.6283185307179586,-326,-500,thymio-09
185,1788221093.8784518,-0.9260106086730956,0.260533332824707,-2.4951589682806734,60.59646169476814,-0.9260106086730956,0.1049599945545196,0.260533332824707,0.6376041769981384,0.006455167196691,-0.4133562743663788,0.6500430107116699,-0.7254835767527565,1.0,0,0,-0.0231778010726959,-0.6283185307179586,13,-177,thymio-09
186,1788221094.4863634,-1.0211076736450195,0.3468644618988037,-1.654265395420367,60.07300308600947,-1.0211076736450195,0.1039361357688903,0.3468644618988037,-0.6134008765220642,0.1208376958966255,0.1958689093589782,0.7554951310157776,-0.5472792302831577,0.1054582137129882,0,0,-0.05,0.6283185307179586,-273,-83,thymio-09
187,1788221095.0952992,-1.0479185581207275,0.3665558099746704,-2.377376390178508,59.94737589592018,-1.0479185581207275,0.1064809337258338,0.3665558099746704,-0.7264810800552368,0.1656869500875473,0.2280536144971847,-0.6267094016075134,-0.5208002265587255,1.0,0,0,-0.05,-0.6283185307179586,-83,-273,thymio-09
188,1788221095.7034526,-1.0818991661071775,0.3689928650856018,-2.3870867064631742,59.79582164594556,-1.0818991661071775,0.108164370059967,0.3689928650856018,-0.695781409740448,0.084460899233818,0.3053922653198242,-0.6445852518081665,-0.5112047529022836,1.0,0,0,-0.05,-0.6283185307179586,-83,-273,thymio-09
189,1788221096.3113484,-1.0818991661071775,0.3689928650856018,-2.3870867064631742,59.69582164594556,-1.0818991661071775,0.108164370059967,0.3689928650856018,-0.695781409740448,0.084460899233818,0.3053922653198242,-0.6445852518081665,-0.5112047529022836,1.0,0,0,-0.05,-0.6283185307179586,-83,-273,thymio-09
190,1788221096.9202433,-1.1204298734664917,0.3904773294925689,-1.5945482326551204,59.4750281874642,-1.1204298734664917,0.1073119565844535,0.3904773294925689,0.6393069624900818,0.1094835549592971,-0.0530335195362567,-0.7592676877975464,1.0,-0.0101917859432806,0,0,-0.05,0.6283185307179586,-273,-83,thymio-09
191,1788221097.5276935,-1.1447489261627195,0.3904328048229217,-1.624370132415665,59.33989108844429,-1.1447489261627195,0.1058400347828865,0.3904328048229217,0.6398463249206543,0.1339499652385711,-0.0116185033693909,-0.756649911403656,-0.4734416226964693,-0.0203378125443363,0,0,-0.05,0.6283185307179586,-273,-83,thymio-09
192,1788221098.1349733,-1.1447489261627195,0.3904328048229217,-1.624370132415665,59.23989108844429,-1.1447489261627195,0.1058400347828865,0.3904328048229217,0.6398463249206543,0.1339499652385711,-0.0116185033693909,-0.756649911403656,-0.4734416226964693,-0.0203378125443363,0,0,-0.05,0.6283185307179586,-273,-83,thymio-09
193,1788221098.7432182,-1.2027626037597656,0.3797580897808075,-1.634853862226194,58.98705506688528,-1.2027626037597656,0.1060769855976104,0.3797580897808075,0.6206257939338684,-0.0458205938339233,-0.1515771746635437,-0.7679509520530701,-0.362494380696386,-0.0798036452136635,0,0,-0.2,0.0388956684462645,-500,-500,thymio-09
194,1788221099.351365,-1.2620596885681152,0.3985242545604706,-1.568673624263835,58.726591796146856,-1.2620596885681152,0.1068151444196701,0.3985242545604706,0.5495791435241699,-0.2753499150276184,-0.3234602510929107,-0.7193877100944519,-0.24569903529044,-0.1211207998339974,0,0,-0.1767473427552554,-0.4934301367983425,-500,-500,thymio-09
195,1788221099.9593666,-1.3119555711746216,0.4696850776672363,-1.535834525685233,58.36988713020917,-1.3119555711746216,0.108352318406105,0.4696850776672363,0.5302804112434387,-0.3128060400485992,-0.3497844636440277,-0.7061204314231873,1.0,-0.1918068663315896,0,0,-0.1602377137737054,-0.6283185307179586,-474,-500,thymio-09
1,1788220807.261964,10000.0,10000.0,0.0,100.0,,,,,,,,1.0,1.0,0,0,-9.184850993605149e-18,0.6283185307179586,-95,95,thymio-11
2,1788220807.8942516,2.990422248840332,-0.0971535369753837,0.912485233762414,100.0,2.990422248840332,0.0872609466314315,-0.0971535369753837,0.1105369925498962,0.7914281487464905,0.5746099948883057,0.1767667531967163,-0.7147985824154042,-0.7107062489682479,0,0,-0.101301939738015,-0.6283185307179586,-265,-455,thymio-11
3,1788220808.5105836,2.9949984550476074,-0.0944166406989097,0.9127262284627252,99.9,2.9949984550476074,0.0862037017941474,-0.0944166406989097,0.2106908410787582,0.8144522309303284,0.5397557616233826,0.0306715574115514,-0.7049859219208576,-0.7101145731114391,0,0,-0.105067883218403,-0.6283185307179586,-278,-468,thymio-11
4,1788220809.1188293,3.0131707191467285,-0.1044953316450119,0.9102940382244372,99.8,3.0131707191467285,0.0859637856483459,-0.1044953316450119,0.2075390368700027,0.8135052919387817,0.5418895483016968,0.0386324934661388,-0.6755931877173194,-0.7176174803868618,0,0,-0.0247588864422407,-0.6283185307179586,7,-183,thymio-11
5,1788220809.727326,3.0131707191467285,-0.1044953316450119,0.9102940382244372,99.70000000000002,3.0131707191467285,0.0859637856483459,-0.1044953316450119,0.2075390368700027,0.8135052919387817,0.5418895483016968,0.0386324934661388,-0.6755931877173194,-0.7176174803868618,0,0,-0.0247588864422407,-0.6283185307179586,7,-183,thymio-11
6,1788220810.335938,3.128788471221924,-0.1437503695487976,0.8488851243611144,99.60000000000002,3.128788471221924,0.0863745808601379,-0.1437503695487976,0.0019447685917839,0.744978129863739,0.5804108381271362,0.3288270533084869,-0.5455016803695132,-0.7784401467606745,0,0,-0.0125335305011044,-0.6283185307179586,50,-139,thymio-11
7,1788220810.9443638,3.1426823139190674,-0.1411500722169876,0.6993385079940917,99.50000000000004,3.1426823139190674,0.0861625745892524,-0.1411500722169876,-0.0959650427103042,0.6695688962936401,0.5816690921783447,0.4518066644668579,1.0,-0.798751351131096,0,0,-0.0084509784226497,-0.6283185307179586,65,-125,thymio-11
8,1788220811.5521178,3.1579627990722656,-0.1346578150987625,-0.4364956070219192,99.40000000000003,3.1579627990722656,0.085725225508213,-0.1346578150987625,-0.3008831441402435,0.4709601104259491,0.4957787692546844,0.6647324562072754,1.0,-0.5103548153601332,1845,0,0.0070087598558438,0.6283185307179586,-70,120,thymio-11
9,1788220812.1600068,3.1579627990722656,-0.1346578150987625,-0.4364956070219192,99.30000000000004,3.1579627990722656,0.085725225508213,-0.1346578150987625,-0.3008831441402435,0.4709601104259491,0.4957787692546844,0.6647324562072754,1.0,-0.5103548153601332,2751,0,-0.08,0.6283185307179586,-379,-189,thymio-11
10,1788220812.7697067,3.157321691513061,-0.1358259320259094,-0.3237997354792106,99.20000000000005,3.157321691513061,0.0856841877102851,-0.1358259320259094,-0.2884871959686279,0.4856513440608978,0.5031421184539795,0.6540382504463196,1.0,-0.3838669411789748,0,0,0.0015807761272047,0.6283185307179586,-89,100,thymio-11
11,1788220813.3779895,3.182988405227661,-0.0855052396655082,0.6176340311703954,99.10000000000004,3.182988405227661,0.0861084908246994,-0.0855052396655082,0.1164212301373481,-0.6460976600646973,-0.5766139626502991,-0.4863335788249969,1.0,-0.7599058992289627,0,0,0.0162589142549784,-0.6283185307179586,153,-37,thymio-11
12,1788220813.9858437,3.182988405227661,-0.0855052396655082,0.6176340311703954,99.00000000000006,3.182988405227661,0.0861084908246994,-0.0855052396655082,0.1164212301373481,-0.6460976600646973,-0.5766139626502991,-0.4863335788249969,1.0,-0.7599058992289627,0,0,0.0650356570199139,-0.6283185307179586,326,136,thymio-11
13,1788220814.5939746,3.17730975151062,-0.0887345671653747,0.6388029285741621,98.90000000000006,3.17730975151062,0.0858521312475204,-0.0887345671653747,0.1120464354753494,-0.655825674533844,-0.5707606673240662,-0.4812179505825043,1.0,-0.7501157307984038,0,0,0.0182267381095208,-0.6283185307179586,160,-30,thymio-11
14,1788220815.2029982,3.150186061859131,-0.1450119018554687,-0.6980886156609705,98.79342564509206,3.150186061859131,0.0855621024966239,-0.1450119018554687,0.3322773277759552,-0.4318575263023376,-0.4773428738117218,-0.6893726587295532,1.0,-0.4775409064022509,0,0,0.0090522061055698,0.6283185307179586,-63,127,thymio-11
15,1788220815.81152,3.1488289833068848,-0.1577928066253662,-0.7643156960959399,98.69342564509206,3.1488289833068848,0.0861272141337394,-0.1577928066253662,0.3404800593852997,-0.4133765697479248,-0.4745966792106628,-0.6985350251197815,1.0,-0.5538140884874878,0,0,0.004618436396833,0.6283185307179586,-78,111,thymio-11
16,1788220816.4191866,3.1488289833068848,-0.1577928066253662,-0.7643156960959399,98.59342564509208,3.1488289833068848,0.0861272141337394,-0.1577928066253662,0.3404800593852997,-0.4133765697479248,-0.4745966792106628,-0.6985350251197815,1.0,-0.5538140884874878,0,0,0.004618436396833,0.6283185307179586,-78,111,thymio-11
17,1788220817.026837,3.1437392234802246,-0.1581329405307769,0.3856425380689829,98.49342564509207,3.1437392234802246,0.0854760333895683,-0.1581329405307769,0.1845441311597824,-0.5863673090934753,-0.5575037598609924,-0.5579484701156616,1.0,-0.309130560335492,0,0,0.0,0.6283185307179586,-95,95,thymio-11
18,1788220817.634633,3.142967939376831,-0.1528079956769943,0.8171020095022934,98.39342564509208,3.142967939376831,0.0861285701394081,-0.1528079956769943,-0.0081439036875963,-0.7414897084236145,-0.5773292183876038,-0.3417861759662628,1.0,-0.8190921450929805,0,0,0.0174499153452437,0.6283185307179586,-33,157,thymio-11
19,1788220818.2426982,3.142967939376831,-0.1528079956769943,0.8171020095022934,98.29342564509209,3.142967939376831,0.0861285701394081,-0.1528079956769943,-0.0081439036875963,-0.7414897084236145,-0.5773292183876038,-0.3417861759662628,1.0,-0.8190921450929805,0,0,0.0174499153452437,0.6283185307179586,-33,157,thymio-11
20,1788220818.8523238,3.137519359588623,-0.1466371268033981,0.8814836339523398,98.19342564509208,3.137519359588623,0.0855879113078117,-0.1466371268033981,-0.1653663069009781,-0.8047411441802979,-0.5550128817558289,-0.1304081827402115,1.0,-0.8128691394853909,0,0,0.0056133029634364,0.6283185307179586,-75,115,thymio-11
21,1788220819.460587,3.132514715194702,-0.1350154876708984,0.7960245123476088,98.0934256450921,3.132514715194702,0.0853296518325805,-0.1350154876708984,-0.3387040197849273,-0.7940484285354614,-0.4877690076828003,0.1298002302646637,1.0,-0.7952994143449224,0,0,0.0091448177166706,0.6283185307179586,-62,127,thymio-11
22,1788220820.0685368,3.132514715194702,-0.1350154876708984,0.7960245123476088,97.9934256450921,3.132514715194702,0.0853296518325805,-0.1350154876708984,-0.3387040197849273,-0.7940484285354614,-0.4877690076828003,0.1298002302646637,1.0,-0.7952994143449224,0,0,0.0091448177166706,0.6283185307179586,-62,127,thymio-11
23,1788220820.6769211,3.135608434677124,-0.132123127579689,0.4925320894892291,97.89342564509212,3.135608434677124,0.08616753667593,-0.132123127579689,-0.4482720494270324,-0.7406538724899292,-0.3866714835166931,0.3177564740180969,1.0,-0.7958145086407997,0,0,0.0090412837631992,0.6283185307179586,-63,127,thymio-11
24,1788220821.2847004,3.135608434677124,-0.132123127579689,0.4925320894892291,97.79342564509211,3.135608434677124,0.08616753667593,-0.132123127579689,-0.4482720494270324,-0.7406538724899292,-0.3866714835166931,0.3177564740180969,1.0,-0.7958145086407997,0,0,0.0090412837631992,0.6283185307179586,-63,127,thymio-11
25,1788220821.888245,10000.0,10000.0,0.0,97.79342564509211,3.135608434677124,0.08616753667593,-0.132123127579689,-0.4482720494270324,-0.7406538724899292,-0.3866714835166931,0.3177564740180969,1.0,1.0,0,0,0.03,0.6283185307179586,12,201,thymio-11
26,1788220822.4923537,3.1415579319000244,-0.1288988888263702,-0.7613957916209411,97.79342564509211,3.1415579319000244,0.08623918145895,-0.1288988888263702,-0.5511401295661926,-0.5853518843650818,-0.2212603986263275,0.5519526600837708,1.0,-0.5352941766814656,0,0,0.0110725536231904,0.6283185307179586,-56,134,thymio-11
27,1788220823.1002383,3.169053554534912,-0.1363205313682556,-1.419124464274589,97.69342564509212,3.169053554534912,0.0863542407751083,-0.1363205313682556,-0.5744401812553406,-0.1476620435714721,0.1484277844429016,0.7913177609443665,-0.7671631200991263,-0.5333593128263687,0,0,0.0148002128600756,0.6283185307179586,-42,147,thymio-11
28,1788220823.708107,3.169053554534912,-0.1363205313682556,-1.419124464274589,97.59342564509213,3.169053554534912,0.0863542407751083,-0.1363205313682556,-0.5744401812553406,-0.1476620435714721,0.1484277844429016,0.7913177609443665,-0.7671631200991263,-0.5333593128263687,0,0,0.0148002128600756,0.6283185307179586,-42,147,thymio-11
29,1788220824.3131,10000.0,10000.0,0.0,97.59342564509213,3.169053554534912,0.0863542407751083,-0.1363205313682556,-0.5744401812553406,-0.1476620435714721,0.1484277844429016,0.7913177609443665,1.0,1.0,1936,0,0.03,0.6283185307179586,12,201,thymio-11
30,1788220824.9167156,3.1738436222076416,-0.1460385918617248,-1.352948461386616,97.59342564509213,3.1738436222076416,0.0855281054973602,-0.1460385918617248,-0.4865883886814117,0.1432900428771972,0.3315936923027038,0.7954529523849487,1.0,-0.565240692159831,2697,0,-0.08,0.6283185307179586,-379,-189,thymio-11
31,1788220825.5250244,3.1738436222076416,-0.1460385918617248,-1.352948461386616,97.49342564509212,3.1738436222076416,0.0855281054973602,-0.1460385918617248,-0.4865883886814117,0.1432900428771972,0.3315936923027038,0.7954529523849487,1.0,-0.565240692159831,0,0,0.0121544634825683,0.6283185307179586,-52,138,thymio-11
32,1788220826.1282756,10000.0,10000.0,0.0,97.49342564509212,3.1738436222076416,0.0855281054973602,-0.1460385918617248,-0.4865883886814117,0.1432900428771972,0.3315936923027038,0.7954529523849487,1.0,1.0,0,0,-9.184850993605149e-18,0.6283185307179586,-95,95,thymio-11
33,1788220826.731958,10000.0,10000.0,0.0,97.49342564509212,3.1738436222076416,0.0855281054973602,-0.1460385918617248,-0.4865883886814117,0.1432900428771972,0.3315936923027038,0.7954529523849487,1.0,1.0,0,0,-9.184850993605149e-18,0.6283185307179586,-95,95,thymio-11
34,1788220827.3353574,10000.0,10000.0,0.0,97.49342564509212,3.1738436222076416,0.0855281054973602,-0.1460385918617248,-0.4865883886814117,0.1432900428771972,0.3315936923027038,0.7954529523849487,1.0,1.0,0,0,-9.184850993605149e-18,0.6283185307179586,-95,95,thymio-11
35,1788220827.938632,10000.0,10000.0,0.0,97.49342564509212,3.1738436222076416,0.0855281054973602,-0.1460385918617248,-0.4865883886814117,0.1432900428771972,0.3315936923027038,0.7954529523849487,1.0,1.0,0,0,-9.184850993605149e-18,0.6283185307179586,-95,95,thymio-11
36,1788220828.5425088,3.18035626411438,-0.1126821488142013,0.7506866563092256,97.49342564509212,3.18035626411438,0.0865070298314094,-0.1126821488142013,-0.0760197043418884,0.6867434978485107,0.5867297053337097,0.4223182201385498,1.0,-0.7680084764562422,0,0,0.0585211849291812,-0.6283185307179586,303,113,thymio-11
37,1788220829.1501882,3.2021279335021973,-0.1090228110551834,0.8171277006010436,97.39342564509214,3.2021279335021973,0.085605040192604,-0.1090228110551834,0.3288998007774353,0.7980828285217285,0.4877828955650329,-0.130217358469963,1.0,-0.6897500235640034,0,0,0.1214409810545412,-0.6283185307179586,500,337,thymio-11
38,1788220829.7588694,3.1570868492126465,-0.0628816708922386,0.9089642065463072,97.21010509518108,3.1570868492126465,0.0857230871915817,-0.0628816708922386,0.21597421169281,0.8098456263542175,0.5447985529899597,0.0264528729021549,1.0,-0.6634140867047222,0,0,0.0356537685723508,-0.6283185307179586,222,32,thymio-11
39,1788220830.366579,3.1570868492126465,-0.0628816708922386,0.9089642065463072,97.11010509518108,3.1570868492126465,0.0857230871915817,-0.0628816708922386,0.21597421169281,0.8098456263542175,0.5447985529899597,0.0264528729021549,1.0,-0.6634140867047222,0,0,0.0356537685723508,-0.6283185307179586,222,32,thymio-11
40,1788220830.975188,3.0729501247406006,-0.0288565065711736,0.8676234220525814,96.82323415764134,3.0729501247406006,0.0882215723395347,-0.0288565065711736,-0.0576276406645774,-0.7680577635765076,-0.5791761875152588,-0.2670608758926391,1.0,-0.5786264128187493,0,0,0.05,-0.6283185307179586,273,83,thymio-11
41,1788220831.584174,3.0393545627593994,-0.0386562123894691,0.730728395397064,96.71173814954864,3.0393545627593994,0.0878213420510292,-0.0386562123894691,0.0752225220203399,-0.6868962049484253,-0.5791618824005127,-0.4325352907180786,1.0,-0.5613371861848402,0,0,0.0451152774574504,-0.6283185307179586,255,65,thymio-11
42,1788220832.1924531,3.0393545627593994,-0.0386562123894691,0.730728395397064,96.61173814954864,3.0393545627593994,0.0878213420510292,-0.0386562123894691,0.0752225220203399,-0.6868962049484253,-0.5791618824005127,-0.4325352907180786,1.0,1.0,0,0,0.0439661160027389,-0.6283185307179586,251,61,thymio-11
43,1788220832.8005242,2.9921696186065674,-0.0895900353789329,-0.2071578242073712,96.44450962890176,2.9921696186065674,0.0870377495884895,-0.0895900353789329,-0.2817808389663696,0.4953896999359131,0.5155009031295776,0.6398808360099792,1.0,-0.7396228418283057,0,0,0.0813432351700421,-0.6283185307179586,384,194,thymio-11
44,1788220833.408898,2.9848954677581787,-0.1333424001932144,-1.090824190651127,96.34450962890176,2.9848954677581787,0.0873476639389991,-0.1333424001932144,-0.3974347412586212,0.3267741501331329,0.4325352609157562,0.7403902411460876,1.0,-0.765095648336572,0,0,0.060863098737396,-0.6283185307179586,311,121,thymio-11
45,1788220834.0171912,2.9848954677581787,-0.1333424001932144,-1.090824190651127,96.24450962890177,2.9848954677581787,0.0873476639389991,-0.1333424001932144,-0.3974347412586212,0.3267741501331329,0.4325352609157562,0.7403902411460876,1.0,-0.765095648336572,0,0,0.015215774684349,-0.6283185307179586,149,-41,thymio-11
46,1788220834.6259522,2.9889960289001465,-0.1584149897098541,-1.197910680607909,96.14450962890176,2.9889960289001465,0.0865129232406616,-0.1584149897098541,0.4363265633583069,-0.2585780620574951,-0.4089266955852508,-0.7586405873298645,1.0,-0.7697782430866792,0,0,0.0142745731395774,-0.6283185307179586,146,-44,thymio-11
47,1788220835.233918,3.050323247909546,-0.2416947335004806,-1.423510833346251,96.04450962890178,3.050323247909546,0.0861626416444778,-0.2416947335004806,-0.5798656940460205,-0.1603651940822601,0.135641872882843,0.7871721982955933,1.0,-0.7281761579498822,0,0,0.0226365922520736,-0.6283185307179586,175,-14,thymio-11
48,1788220835.8414578,3.065060377120972,-0.2401441037654876,-1.375766683713165,95.94450962890178,3.065060377120972,0.0859455838799476,-0.2401441037654876,0.5886300802230835,0.3170557916164398,-0.0155172059312462,-0.7434713244438171,1.0,-0.6881853103453,0,0,0.0306747526205947,-0.6283185307179586,204,14,thymio-11
49,1788220836.4495256,3.092113971710205,-0.223842516541481,-1.0812681553192642,95.8445096289018,3.092113971710205,0.0850559622049331,-0.223842516541481,0.5681182146072388,0.5152483582496643,0.1484952270984649,-0.6242675185203552,1.0,0.3895131482585383,0,0,0.1540989105168781,-0.6283185307179586,500,453,thymio-11
50,1788220837.058089,3.092113971710205,-0.223842516541481,-1.0812681553192642,95.7445096289018,3.092113971710205,0.0850559622049331,-0.223842516541481,0.5681182146072388,0.5152483582496643,0.1484952270984649,-0.6242675185203552,1.0,0.3895131482585383,0,0,0.1540989105168781,-0.6283185307179586,500,453,thymio-11
51,1788220837.6664915,3.1402270793914795,-0.1531583964824676,-0.5753816056179728,95.6445096289018,3.1402270793914795,0.0864799544215202,-0.1531583964824676,0.5358545780181885,0.6126697063446045,0.2473757266998291,-0.5256433486938477,1.0,-0.5678325768207186,0,0,0.1806707738032587,-0.6283185307179586,500,500,thymio-11
52,1788220838.2744176,3.196572780609131,-0.0679314211010932,-0.5132114160873327,95.5445096289018,3.196572780609131,0.087032176554203,-0.0679314211010932,0.5316538214683533,0.6203224658966064,0.25540491938591,-0.5170229077339172,1.0,-0.4811888999879508,0,0,0.2,-0.6283185307179586,500,500,thymio-11
53,1788220838.8827708,3.196572780609131,-0.0679314211010932,-0.5132114160873327,95.4445096289018,3.196572780609131,0.087032176554203,-0.0679314211010932,0.5316538214683533,0.6203224658966064,0.25540491938591,-0.5170229077339172,1.0,-0.4811888999879508,0,0,0.2,-0.6283185307179586,500,500,thymio-11
54,1788220839.4913027,3.284684658050537,0.0692522674798965,-0.4746591701249918,95.34450962890182,3.284684658050537,0.0873017311096191,0.0692522674798965,0.521317720413208,0.6284415125846863,0.2516213357448578,-0.5195919871330261,1.0,-0.4853836148102157,0,0,0.2,0.0710734781422148,500,500,thymio-11
55,1788220840.0996125,3.334667921066284,0.1570937186479568,-0.3787217189758012,95.24450962890182,3.334667921066284,0.0881037339568138,0.1570937186479568,0.5153853893280029,0.633207380771637,0.2793394327163696,-0.5053670406341553,1.0,-0.4849520170699535,0,0,0.2,0.6283185307179586,500,500,thymio-11
56,1788220840.7081895,3.334667921066284,0.1570937186479568,-0.3787217189758012,95.14450962890184,3.334667921066284,0.0881037339568138,0.1570937186479568,0.5153853893280029,0.633207380771637,0.2793394327163696,-0.5053670406341553,1.0,-0.4849520170699535,0,0,0.2,0.6283185307179586,500,500,thymio-11
57,1788220841.3168578,3.3740291595458984,0.234332874417305,-0.382422357484498,95.04450962890184,3.3740291595458984,0.0893770381808281,0.234332874417305,0.5198396444320679,0.6378418207168579,0.2643313109874725,-0.5030443072319031,1.0,-0.4890543391830471,0,0,0.2,0.6283185307179586,500,500,thymio-11
58,1788220841.9252906,3.459289312362671,0.3959910273551941,-0.2993240165815054,94.94450962890184,3.459289312362671,0.0900342464447021,0.3959910273551941,0.5121284127235413,0.6423958539962769,0.2845896780490875,-0.4940252006053924,1.0,-0.4321042334587986,0,0,0.1345587275183781,0.6283185307179586,383,500,thymio-11
59,1788220842.5332348,3.459289312362671,0.3959910273551941,-0.2993240165815054,94.84450962890185,3.459289312362671,0.0900342464447021,0.3959910273551941,0.5121284127235413,0.6423958539962769,0.2845896780490875,-0.4940252006053924,1.0,-0.4321042334587986,0,0,0.1345587275183781,0.6283185307179586,383,500,thymio-11
60,1788220843.1410916,3.5012245178222656,0.4937350153923034,-0.1884225672316111,94.74450962890184,3.5012245178222656,0.0892817825078964,0.4937350153923034,0.5109937787055969,0.6571877598762512,0.2890141010284424,-0.4727161228656769,1.0,-0.3635850681093759,0,0,-0.0337793647329363,0.6283185307179586,-215,-25,thymio-11
61,1788220843.7489934,3.5642426013946533,0.5987940430641174,-0.6626160544222088,94.64450962890186,3.5642426013946533,0.0890840217471122,0.5987940430641174,0.5375980734825134,0.6009082794189453,0.2409662157297134,-0.5402155518531799,1.0,-0.2956521976971207,0,0,-0.1891426886727587,0.6283185307179586,-500,-500,thymio-11
62,1788220844.3579507,3.5327248573303223,0.580634593963623,-1.2713578521671596,94.49080323763272,3.5327248573303223,0.0897122472524643,0.580634593963623,0.5832579135894775,0.4439308643341064,0.111289381980896,-0.6710814833641052,1.0,-0.0508276737084293,0,0,-0.1773470997661035,0.6283185307179586,-500,-500,thymio-11
63,1788220844.9661129,3.5327248573303223,0.580634593963623,-1.2713578521671596,94.39080323763272,3.5327248573303223,0.0897122472524643,0.580634593963623,0.5832579135894775,0.4439308643341064,0.111289381980896,-0.6710814833641052,1.0,-0.0508276737084293,0,0,-0.1773470997661035,0.6283185307179586,-500,-500,thymio-11
64,1788220845.5753827,3.436318635940552,0.5352626442909241,-1.2746674208553102,93.82731090819584,3.436318635940552,0.0915842056274414,0.5352626442909241,-0.5861412882804871,-0.4314660131931305,-0.0886535793542862,0.6800118684768677,1.0,-0.1702863845248394,0,0,0.0526282874715763,0.6283185307179586,92,282,thymio-11
65,1788220846.1835203,3.322519302368164,0.4872578382492065,-1.2931575041549035,93.1603640110351,3.322519302368164,0.091026671230793,0.4872578382492065,-0.589239239692688,-0.4191304445266723,-0.0800975635647773,0.686083972454071,1.0,-0.3060581918031811,0,0,0.2,0.6283185307179586,500,500,thymio-11
66,1788220846.7912695,3.3563995361328125,0.4920527338981628,-1.4013606708566089,93.0603640110351,3.3563995361328125,0.0905598849058151,0.4920527338981628,0.5952557325363159,0.3020792603492737,-0.0135786999017,-0.7444692850112915,1.0,-0.3175993140790073,0,0,0.0210928459939029,0.6283185307179586,-20,170,thymio-11
67,1788220847.4005055,3.3563995361328125,0.4920527338981628,-1.4013606708566089,92.96036401103513,3.3563995361328125,0.0905598849058151,0.4920527338981628,0.5952557325363159,0.3020792603492737,-0.0135786999017,-0.7444692850112915,1.0,-0.3175993140790073,0,0,0.0210928459939029,0.6283185307179586,-20,170,thymio-11
68,1788220848.0082424,3.441372871398926,0.4929452538490295,-1.3914522924767847,92.86036401103512,3.441372871398926,0.0900848507881164,0.4929452538490295,0.5896151661872864,0.2597575485706329,-0.0669480487704277,-0.7618384957313538,1.0,-0.3116755366868928,0,0,-0.0262020039479794,0.6283185307179586,-188,2,thymio-11
69,1788220848.616813,3.454038381576538,0.4855305850505829,-1.4094755426096397,92.76036401103512,3.454038381576538,0.0872444286942482,0.4855305850505829,-0.5335917472839355,-0.0273610688745975,0.2314801067113876,0.8129872679710388,1.0,-0.302201208998699,0,0,-0.0972625805582957,0.6283185307179586,-440,-251,thymio-11
70,1788220849.2247908,3.454038381576538,0.4855305850505829,-1.4094755426096397,92.66036401103511,3.454038381576538,0.0872444286942482,0.4855305850505829,-0.5335917472839355,-0.0273610688745975,0.2314801067113876,0.8129872679710388,1.0,-0.302201208998699,0,0,-0.0972625805582957,0.6283185307179586,-440,-251,thymio-11
71,1788220849.8329873,3.4145781993865967,0.5552499890327454,-1.280325902306537,92.39658891479516,3.4145781993865967,0.0907589644193649,0.5552499890327454,-0.4484829902648926,0.2614076435565948,0.3846601247787475,0.7632599472999573,1.0,-0.2442930810846892,0,0,-0.1964657205346835,0.3378557605639836,-500,-500,thymio-11
72,1788220850.4407165,3.4213643074035645,0.6774886846542358,-0.8240347779435133,92.29658891479517,3.4213643074035645,0.0910313203930854,0.6774886846542358,0.34924978017807,-0.4058800339698791,-0.4673770070075989,-0.7034520506858826,1.0,-0.1846746204396153,0,0,-0.2,0.6283185307179586,-500,-500,thymio-11
73,1788220851.0480895,3.4213643074035645,0.6774886846542358,-0.8240347779435133,92.19658891479516,3.4213643074035645,0.0910313203930854,0.6774886846542358,0.34924978017807,-0.4058800339698791,-0.4673770070075989,-0.7034520506858826,1.0,-0.1846746204396153,0,0,-0.2,0.6283185307179586,-500,-500,thymio-11
74,1788220851.6556048,3.43344521522522,0.7315917611122131,-0.8308824837618562,92.09658891479518,3.43344521522522,0.0917618796229362,0.7315917611122131,0.3535430431365967,-0.4080677330493927,-0.4665640294551849,-0.7005755305290222,1.0,-0.1330480681037653,0,0,-0.2,0.5693420937556336,-500,-500,thymio-11
75,1788220852.2635293,3.4761416912078857,0.9044718742370604,-0.760320971846522,91.99658891479518,3.4761416912078857,0.0939127951860427,0.9044718742370604,-0.3494059443473816,0.4102567136287689,0.4794729351997375,0.692611575126648,1.0,0.001045678610325,0,0,-0.1932251365046188,0.6283185307179586,-500,-500,thymio-11
76,1788220852.8718903,3.5070083141326904,1.0128233432769775,-0.7182662945037177,91.8965889147952,3.5070083141326904,0.0947246700525283,1.0128233432769775,0.3411823213100433,-0.4333788752555847,-0.4750808179378509,-0.6856206655502319,1.0,0.0759452709362669,0,0,-0.1351659745055012,0.6283185307179586,-500,-385,thymio-11
77,1788220853.4808097,3.5070083141326904,1.0128233432769775,-0.7182662945037177,91.7965889147952,3.5070083141326904,0.0947246700525283,1.0128233432769775,0.3411823213100433,-0.4333788752555847,-0.4750808179378509,-0.6856206655502319,1.0,0.0759452709362669,0,0,-0.1351659745055012,0.6283185307179586,-500,-385,thymio-11
78,1788220854.0890882,3.5293428897857666,1.0792735815048218,-0.5235910255460476,91.6965889147952,3.5293428897857666,0.0953703597187995,1.0792735815048218,-0.3203981518745422,0.4526189565658569,0.4959582686424255,0.6682114005088806,1.0,0.1365786311051522,0,0,-0.0934747052416153,0.6283185307179586,-427,-237,thymio-11
79,1788220854.697464,3.611963033676148,1.220968246459961,0.2579354475184146,91.5965889147952,3.611963033676148,0.0954307094216346,1.220968246459961,0.2185075879096985,-0.5614417195320129,-0.5453982949256897,-0.5827334523200989,1.0,0.2963912644589255,0,0,-0.0022842173845828,0.6283185307179586,-103,87,thymio-11
80,1788220855.3053873,3.64684009552002,1.257883071899414,0.6286573286557111,91.4965889147952,3.64684009552002,0.0979701578617096,1.257883071899414,0.1313722282648086,-0.6516895294189453,-0.5599554181098938,-0.494461327791214,1.0,0.3598013354535754,0,2068,0.08,0.6283185307179586,189,379,thymio-11
81,1788220855.9133775,3.64684009552002,1.257883071899414,0.6286573286557111,91.39658891479522,3.64684009552002,0.0979701578617096,1.257883071899414,0.1313722282648086,-0.6516895294189453,-0.5599554181098938,-0.494461327791214,1.0,0.3598013354535754,0,1319,0.0167540567319765,0.6283185307179586,-35,154,thymio-11
82,1788220856.5211115,3.635101318359375,1.2587265968322754,0.8366018020032602,91.29658891479522,3.635101318359375,0.0963790193200111,1.2587265968322754,0.0077715781517326,-0.7300554513931274,-0.5938024520874023,-0.3381677865982055,1.0,1.0,0,0,0.0255314601622919,0.6283185307179586,-4,186,thymio-11
83,1788220857.1283286,3.6002907752990723,1.26596999168396,0.9025304713405228,91.10832232465955,3.6002907752990723,0.0973072350025177,1.26596999168396,-0.1500945538282394,-0.797444224357605,-0.5689472556114197,-0.1336171180009842,1.0,1.0,0,0,0.0265428572143925,0.6283185307179586,-1,189,thymio-11
84,1788220857.7365742,3.6002907752990723,1.26596999168396,0.9025304713405228,91.00832232465956,3.6002907752990723,0.0973072350025177,1.26596999168396,-0.1500945538282394,-0.797444224357605,-0.5689472556114197,-0.1336171180009842,1.0,1.0,0,0,0.0265428572143925,0.6283185307179586,-1,189,thymio-11
85,1788220858.344523,3.590848445892334,1.2790064811706543,0.8430722510011295,90.90832232465957,3.590848445892334,0.0975542217493057,1.2790064811706543,-0.2961213290691376,-0.8089256882667542,-0.5025513172149658,0.0734409689903259,1.0,1.0,0,0,0.0223490248936291,0.6283185307179586,-15,174,thymio-11
86,1788220858.951711,3.592567205429077,1.3053382635116575,0.3224331873457742,90.80832232465956,3.592567205429077,0.0981044322252273,1.3053382635116575,-0.4719165563583374,-0.7140316367149353,-0.3547454476356506,0.3763100504875183,1.0,0.4168092488987189,0,0,0.0033565543440837,0.6283185307179586,-83,107,thymio-11
87,1788220859.5605602,3.592567205429077,1.3053382635116575,0.3224331873457742,90.70832232465958,3.592567205429077,0.0981044322252273,1.3053382635116575,-0.4719165563583374,-0.7140316367149353,-0.3547454476356506,0.3763100504875183,1.0,0.4168092488987189,1352,0,0.0033565543440837,0.6283185307179586,-83,107,thymio-11
88,1788220860.1685126,3.5981075763702397,1.3077607154846191,-0.9701746968297464,90.60832232465958,3.5981075763702397,0.0977412909269332,1.3077607154846191,-0.5643969178199768,-0.5444439649581909,-0.1721742302179336,0.5961484909057617,1.0,0.4473054238966973,1715,0,-0.0283682425246232,0.6283185307179586,-196,-6,thymio-11
89,1788220860.7772725,3.5902135372161865,1.300785779953003,-1.3266116816699107,90.5083223246596,3.5902135372161865,0.0975473970174789,1.300785779953003,0.5857154130935669,0.3563897609710693,0.0002260171750094,-0.7279586791992188,1.0,1.0,1712,0,-0.032729006536189,0.0981114235476831,-131,-101,thymio-11
90,1788220861.3852017,3.574274063110352,1.2991677522659302,-1.4026668402774771,90.4083223246596,3.574274063110352,0.096993550658226,1.2991677522659302,0.5873271822929382,0.2539483606815338,-0.0660698562860488,-0.7656316757202148,1.0,1.0,1128,0,-0.0333788420090385,-0.0223053380978342,-115,-122,thymio-11
91,1788220861.99292,3.574274063110352,1.2991677522659302,-1.4026668402774771,90.3083223246596,3.574274063110352,0.096993550658226,1.2991677522659302,0.5873271822929382,0.2539483606815338,-0.0660698562860488,-0.7656316757202148,1.0,1.0,0,0,-0.0333788420090385,-0.0223053380978342,-115,-122,thymio-11
92,1788220862.6013308,3.547127246856689,1.3044936656951904,-1.426970062059766,90.14681920351669,3.547127246856689,0.097551092505455,1.3044936656951904,0.5926268100738525,0.1850481927394867,-0.112190268933773,-0.7758633494377136,1.0,1.0,0,0,-0.0317728793590997,-0.0555241955424725,-105,-121,thymio-11
93,1788220863.2095342,3.509077310562134,1.3160628080368042,-1.420457163061224,89.91859004563501,3.509077310562134,0.0969866961240768,1.3160628080368042,0.6117441654205322,0.2054788619279861,-0.0956828370690345,-0.7578867673873901,1.0,1.0,0,0,-0.0280304706808762,-0.0297752336665495,-95,-104,thymio-11
94,1788220863.8178108,3.509077310562134,1.3160628080368042,-1.420457163061224,89.81859004563502,3.509077310562134,0.0969866961240768,1.3160628080368042,0.6117441654205322,0.2054788619279861,-0.0956828370690345,-0.7578867673873901,1.0,1.0,0,0,-0.0280304706808762,-0.0297752336665495,-95,-104,thymio-11
95,1788220864.4262774,3.4717607498168945,1.3248802423477173,-1.4135673155604684,89.59547618738839,3.4717607498168945,0.0974866524338722,1.3248802423477173,0.5993879437446594,0.2371838241815567,-0.0725226029753685,-0.7610639929771423,1.0,1.0,0,0,-0.0250842781964339,-0.0207080072035721,-86,-92,thymio-11
96,1788220865.0336862,3.4480321407318115,1.3290190696716309,-1.3968146832170525,89.45457199883442,3.4480321407318115,0.0979460924863815,1.3290190696716309,0.5988277196884155,0.2501904368400574,-0.0707315281033515,-0.7575005888938904,1.0,1.0,0,0,-0.0236619954268052,-0.0112341942313487,-82,-86,thymio-11
97,1788220865.642954,3.4480321407318115,1.3290190696716309,-1.3968146832170525,89.35457199883443,3.4480321407318115,0.0979460924863815,1.3290190696716309,0.5988277196884155,0.2501904368400574,-0.0707315281033515,-0.7575005888938904,1.0,1.0,0,0,-0.0236619954268052,-0.0112341942313487,-82,-86,thymio-11
98,1788220866.2514343,3.413179397583008,1.3332850933074951,-1.3926091691459108,89.14706820499384,3.413179397583008,0.0992346405982971,1.3332850933074951,0.592441201210022,0.2541826069355011,-0.0710233822464943,-0.761157214641571,1.0,1.0,0,0,-0.0221302147470713,-0.0329555483961042,-74,-84,thymio-11
99,1788220866.8605173,3.3808839321136475,1.3379353284835815,-1.419196666590281,88.95487015522643,3.3808839321136475,0.0990976318717002,1.3379353284835815,-0.5945440530776978,-0.2573686242103576,0.0502164289355278,0.7601033449172974,1.0,1.0,0,0,-0.0201554752880003,-0.0552056250710712,-63,-80,thymio-11
100,1788220867.4681296,3.3568310737609863,1.3408228158950806,-1.400648414912803,88.81221471914623,3.3568310737609863,0.0986269637942314,1.3408228158950806,-0.5983713269233704,-0.275946706533432,0.0418918840587139,0.7510327696800232,1.0,1.0,0,0,-0.0188401884406362,-0.0009114789506452,-67,-67,thymio-11
101,1788220868.0759573,3.3568310737609863,1.3408228158950806,-1.400648414912803,88.71221471914623,3.3568310737609863,0.0986269637942314,1.3408228158950806,-0.5983713269233704,-0.275946706533432,0.0418918840587139,0.7510327696800232,1.0,1.0,0,0,-0.0188401884406362,-0.0009114789506452,-67,-67,thymio-11
102,1788220868.6844072,3.3347530364990234,1.3428661823272705,-1.3780087030725086,88.58142677934558,3.3347530364990234,0.0978210866451263,1.3428661823272705,-0.5933096408843994,-0.294982761144638,0.0375968888401985,0.7480343580245972,1.0,1.0,0,0,-0.0179637504639531,0.0565673745342806,-72,-55,thymio-11
103,1788220869.2929015,3.31865668296814,1.3435503244400024,-1.3672603608459826,88.48142677934558,3.31865668296814,0.0976415053009986,1.3435503244400024,-0.5918211340904236,-0.2996405661106109,0.039935003966093,0.7472406029701233,1.0,1.0,0,0,-0.017633185544709,0.085392776912281,-76,-50,thymio-11
104,1788220869.9015057,3.31865668296814,1.3435503244400024,-1.3672603608459826,88.38142677934559,3.31865668296814,0.0976415053009986,1.3435503244400024,-0.5918211340904236,-0.2996405661106109,0.039935003966093,0.7472406029701233,1.0,1.0,0,0,-0.017633185544709,0.085392776912281,-76,-50,thymio-11
105,1788220870.509235,3.29878830909729,1.344161033630371,-1.3898837549043908,88.263895609424,3.29878830909729,0.0980345383286476,1.344161033630371,-0.5954934358596802,-0.2756373882293701,0.0500952899456024,0.7529290914535522,1.0,1.0,0,0,-0.0175207780836078,0.0330436157720956,-67,-57,thymio-11
106,1788220871.1180372,3.274752140045166,1.3462915420532229,-1.41696603025366,88.12141833339035,3.274752140045166,0.0981418639421463,1.3462915420532229,-0.5966739654541016,-0.2365363836288452,0.071558229625225,0.7634854912757874,1.0,1.0,0,0,-0.0170092209374389,-0.0436829781599233,-54,-67,thymio-11
107,1788220871.727041,3.2589898109436035,1.349385142326355,-1.3853006501414922,88.02141833339036,3.2589898109436035,0.0972945913672447,1.349385142326355,-0.5977584719657898,-0.2408708930015564,0.0874964818358421,0.7596120834350586,1.0,1.0,0,0,-0.0161941726875147,-0.0230162212439302,-54,-61,thymio-11
108,1788220872.33459,3.2589898109436035,1.349385142326355,-1.3853006501414922,87.92141833339036,3.2589898109436035,0.0972945913672447,1.349385142326355,-0.5977584719657898,-0.2408708930015564,0.0874964818358421,0.7596120834350586,1.0,1.0,0,0,-0.0161941726875147,-0.0230162212439302,-54,-61,thymio-11
109,1788220872.9426596,3.237495183944702,1.352904200553894,-1.3968686049151198,87.79391827606533,3.237495183944702,0.0977298021316528,1.352904200553894,-0.5954387187957764,-0.2597469389438629,0.0619786418974399,0.7577222585678101,1.0,1.0,0,0,-0.0153961656854523,-0.0981951124650262,-40,-70,thymio-11
110,1788220873.5509105,3.217893600463867,1.355663180351257,-1.3960883653552691,87.66522087836708,3.217893600463867,0.0978821143507957,1.355663180351257,-0.5990984439849854,-0.2854185700416565,0.0343885868787765,0.7472848892211914,1.0,1.0,0,0,-0.0148944301548384,-0.1612043212967159,-29,-77,thymio-11
111,1788220874.1591077,3.217893600463867,1.355663180351257,-1.3960883653552691,87.56522087836709,3.217893600463867,0.0978821143507957,1.355663180351257,-0.5990984439849854,-0.2854185700416565,0.0343885868787765,0.7472848892211914,1.0,1.0,0,0,-0.0148944301548384,-0.1612043212967159,-29,-77,thymio-11
112,1788220874.7668855,3.2044618129730225,1.3570034503936768,-1.3803138376544737,87.46522087836709,3.2044618129730225,0.0974567234516143,1.3570034503936768,-0.6007099747657776,-0.3309021890163421,-0.0098956562578678,0.7277041673660278,1.0,1.0,0,0,-0.0148487747021902,-0.1857387245625306,-25,-81,thymio-11
113,1788220875.3759134,3.1966922283172607,1.356716513633728,-1.3568592663704648,87.3652208783671,3.1966922283172607,0.0974186956882476,1.356716513633728,-0.5979257822036743,-0.3611359894275665,-0.0339886099100112,0.7147799730300903,1.0,1.0,0,0,-0.0152001042459985,-0.1669796112035857,-29,-79,thymio-11
114,1788220875.984543,3.1833479404449463,1.3544278144836426,-1.294576285669145,87.2652208783671,3.1833479404449463,0.0992333889007568,1.3544278144836426,-0.5794858336448669,-0.4159013330936432,-0.0671357288956642,0.6976497173309326,1.0,1.0,0,0,-0.0164210556075222,-0.0640004679517848,-49,-68,thymio-11
115,1788220876.592633,3.1833479404449463,1.3544278144836426,-1.294576285669145,87.16522087836711,3.1833479404449463,0.0992333889007568,1.3544278144836426,-0.5794858336448669,-0.4159013330936432,-0.0671357288956642,0.6976497173309326,1.0,1.0,0,0,-0.0164210556075222,-0.0640004679517848,-49,-68,thymio-11
116,1788220877.200889,3.1678953170776367,1.3487619161605835,-1.1728150019688566,87.06522087836711,3.1678953170776367,0.0975762829184532,1.3487619161605835,-0.5850387811660767,-0.4738469123840332,-0.1097292676568031,0.6489670872688293,1.0,-0.215378220817222,0,0,-0.0178643689592058,0.265989810566609,-104,-23,thymio-11
117,1788220877.8099127,3.1498708724975586,1.3389134407043457,-1.190908663724108,86.95906919807558,3.1498708724975586,0.0975145474076271,1.3389134407043457,-0.5847249627113342,-0.4802339375019073,-0.1483668833971023,0.636756956577301,1.0,-0.3411826945048918,0,0,-0.0137303570905074,0.6283185307179586,-144,46,thymio-11
118,1788220878.4183674,3.130202531814575,1.327204346656799,-1.2999862534309052,86.84816671351211,3.130202531814575,0.0989147201180458,1.327204346656799,-0.594299852848053,-0.3919934630393982,-0.0398460067808628,0.7011142373085022,1.0,-0.4536806444992757,0,0,0.0192480391593181,0.6283185307179586,-26,163,thymio-11
119,1788220879.0269382,3.130202531814575,1.327204346656799,-1.2999862534309052,86.74816671351212,3.130202531814575,0.0989147201180458,1.327204346656799,-0.594299852848053,-0.3919934630393982,-0.0398460067808628,0.7011142373085022,1.0,-0.4536806444992757,0,0,0.0192480391593181,0.6283185307179586,-26,163,thymio-11
120,1788220879.634908,3.1252281665802,1.321309208869934,-1.4182989114683555,86.64816671351213,3.1252281665802,0.098245769739151,1.321309208869934,-0.5946512222290039,-0.1940559893846511,0.1096879094839096,0.7724642157554626,1.0,-0.5505138374488011,0,0,0.0314763164520263,0.6283185307179586,17,207,thymio-11
121,1788220880.242844,3.134531021118164,1.303200602531433,-1.3693797652387656,86.54816671351213,3.134531021118164,0.0979654788970947,1.303200602531433,-0.4990998804569244,0.1402748525142669,0.3269612193107605,0.790138304233551,1.0,-0.5568950257536429,0,0,0.0387197589874267,0.6283185307179586,43,232,thymio-11
122,1788220880.8509953,3.134531021118164,1.303200602531433,-1.3693797652387656,86.44816671351214,3.134531021118164,0.0979654788970947,1.303200602531433,-0.4990998804569244,0.1402748525142669,0.3269612193107605,0.790138304233551,1.0,-0.5568950257536429,0,0,0.0096799397468566,0.6283185307179586,-60,129,thymio-11
123,1788220881.458784,3.13427996635437,1.2759974002838137,-1.0604821560195243,86.34816671351214,3.13427996635437,0.0980440527200698,1.2759974002838137,-0.3983502388000488,0.3358475267887115,0.4414911270141601,0.7304854989051819,1.0,-0.4654237411082113,0,0,0.0124002599716186,0.6283185307179586,-51,139,thymio-11
124,1788220882.066066,3.1309776306152344,1.2723430395126345,-0.4459779923010667,86.24816671351215,3.1309776306152344,0.0977009236812591,1.2723430395126345,-0.3114911913871765,0.4640928208827972,0.5006498098373413,0.6610150933265686,1.0,-0.3856974582130446,0,0,0.0127656960487365,0.6283185307179586,-50,140,thymio-11
125,1788220882.6742706,3.124943733215332,1.2730529308319092,0.6012994963898985,86.14816671351215,3.124943733215332,0.0967875197529792,1.2730529308319092,-0.1457576155662536,0.6345653533935547,0.570015549659729,0.5011624693870544,1.0,1.0,0,0,0.012694706916809,0.6283185307179586,-50,140,thymio-11
126,1788220883.2818782,3.1202495098114014,1.2752386331558228,0.8433459985880867,86.04816671351216,3.1202495098114014,0.0981040447950363,1.2752386331558228,-0.0292219389230012,0.7299041748046875,0.5834931135177612,0.3548548519611358,1.0,1.0,0,0,0.0292912597560955,0.6283185307179586,9,199,thymio-11
127,1788220883.889516,3.1202495098114014,1.2752386331558228,0.8433459985880867,85.94816671351217,3.1202495098114014,0.0981040447950363,1.2752386331558228,-0.0292219389230012,0.7299041748046875,0.5834931135177612,0.3548548519611358,1.0,1.0,0,0,0.0292912597560955,0.6283185307179586,9,199,thymio-11
128,1788220884.498939,3.110895872116089,1.2829729318618774,0.913629532328935,85.84816671351217,3.110895872116089,0.0979049503803253,1.2829729318618774,0.1313921958208084,0.7976739406585693,0.5692542195320129,0.1496734768152237,1.0,1.0,0,0,0.0302619285178624,0.6283185307179586,13,202,thymio-11
129,1788220885.1073248,3.098381519317627,1.301266074180603,0.8154276496628983,85.74816671351218,3.098381519317627,0.0979847833514213,1.301266074180603,0.320923238992691,0.8060351014137268,0.4848665595054626,-0.1105448380112648,1.0,1.0,0,0,0.0227268543632145,0.6283185307179586,-14,176,thymio-11
130,1788220885.7155025,3.098381519317627,1.301266074180603,0.8154276496628983,85.64816671351218,3.098381519317627,0.0979847833514213,1.301266074180603,0.320923238992691,0.8060351014137268,0.4848665595054626,-0.1105448380112648,1.0,1.0,0,0,0.0227268543632145,0.6283185307179586,-14,176,thymio-11
131,1788220886.3236802,3.09692645072937,1.3175771236419678,0.6447243641483378,85.54816671351219,3.09692645072937,0.0987087041139602,1.3175771236419678,0.4102035462856293,0.7634776830673218,0.41554656624794,-0.2759636044502258,1.0,1.0,0,0,0.0147412972421853,0.6283185307179586,-43,147,thymio-11
132,1788220886.931899,3.1063947677612305,1.3354607820510864,-0.5546607799694891,85.4481667135122,3.1063947677612305,0.0980122610926628,1.3354607820510864,0.5478865504264832,0.614590048789978,0.2434862703084945,-0.5126538276672363,1.0,0.2463677750265471,0,0,-0.0142236302801326,0.6283185307179586,-145,44,thymio-11
133,1788220887.5405238,3.1090903282165527,1.334104061126709,-1.105974141975822,85.3481667135122,3.1090903282165527,0.0981311276555061,1.334104061126709,0.5822852253913879,0.4988048076629638,0.1268412768840789,-0.629324197769165,1.0,0.2999597089504224,0,0,-0.0217885069768576,0.6283185307179586,-172,17,thymio-11
134,1788220888.148612,3.1090903282165527,1.334104061126709,-1.105974141975822,85.2481667135122,3.1090903282165527,0.0981311276555061,1.334104061126709,0.5822852253913879,0.4988048076629638,0.1268412768840789,-0.629324197769165,1.0,0.2999597089504224,0,0,-0.0217885069768576,0.6283185307179586,-172,17,thymio-11
135,1788220888.7563424,3.0791378021240234,1.3244974613189695,-1.429134432976431,85.07371124957537,3.0791378021240234,0.0976096242666244,1.3244974613189695,0.5950789451599121,0.2271694093942642,-0.0729729980230331,-0.7674309015274048,1.0,0.3411114748801307,0,0,-0.026623455339053,0.12184506184436,-113,-76,thymio-11
136,1788220889.3650784,3.0595359802246094,1.3291963338851929,-1.4207738624537174,84.96310645068657,3.0595359802246094,0.0979856327176094,1.3291963338851929,0.564632773399353,0.0778450220823288,-0.1968051791191101,-0.7977454662322998,1.0,0.3499585354153487,0,0,-0.0249366060284364,0.1484207327588274,-111,-66,thymio-11
137,1788220889.9731362,3.0595359802246094,1.3291963338851929,-1.4207738624537174,84.86310645068657,3.0595359802246094,0.0979856327176094,1.3291963338851929,0.564632773399353,0.0778450220823288,-0.1968051791191101,-0.7977454662322998,1.0,0.3499585354153487,0,0,-0.0249366060284364,0.1484207327588274,-111,-66,thymio-11
138,1788220890.582182,3.028455972671509,1.3551697731018066,-1.3928204118434668,84.67847088723806,3.028455972671509,0.0982868149876594,1.3551697731018066,0.5335828065872192,-0.0189243704080581,-0.2664621770381927,-0.802452027797699,1.0,0.3582112514263329,0,0,-0.01575218403538,0.2215856282746663,-89,-23,thymio-11
139,1788220891.191985,3.0125949382781982,1.372875094413757,-1.400285197543403,84.57847088723807,3.0125949382781982,0.0994438305497169,1.372875094413757,0.5294851064682007,-0.0679173693060875,-0.287224531173706,-0.7953206896781921,1.0,0.3320141988266389,0,0,-0.0096200755250549,0.2222076395903193,-68,-1,thymio-11
140,1788220891.8000002,3.0125949382781982,1.372875094413757,-1.400285197543403,84.47847088723807,3.0125949382781982,0.0994438305497169,1.372875094413757,0.5294851064682007,-0.0679173693060875,-0.287224531173706,-0.7953206896781921,1.0,0.3320141988266389,0,0,-0.0096200755250549,0.2222076395903193,-68,-1,thymio-11
141,1788220892.408614,3.0037646293640137,1.384208917617798,-1.3850082493035063,84.37847088723808,3.0037646293640137,0.0996188297867775,1.384208917617798,0.5093064308166504,-0.1239644661545753,-0.3158105909824371,-0.7908878326416016,1.0,0.2960941044052338,0,0,-0.0056499919661547,0.2581524166042218,-59,19,thymio-11
142,1788220893.0171754,2.995267152786255,1.399282932281494,-1.2805111074982674,84.27847088723809,2.995267152786255,0.100139245390892,1.399282932281494,0.4597441256046295,-0.2238050103187561,-0.3798322975635528,-0.7708916664123535,1.0,0.2391256227044693,0,0,-0.0002557801712081,0.45339765717905,-69,68,thymio-11
143,1788220893.6251752,2.991436243057251,1.4104944467544556,-1.0896346749586598,84.17847088723809,2.991436243057251,0.1000944226980209,1.4104944467544556,0.4048358798027038,-0.3277350068092346,-0.4361255466938019,-0.733820378780365,1.0,0.2790889279423165,0,0,-0.0,0.6283185307179586,-95,95,thymio-11
144,1788220894.233334,2.991436243057251,1.4104944467544556,-1.0896346749586598,84.0784708872381,2.991436243057251,0.1000944226980209,1.4104944467544556,0.4048358798027038,-0.3277350068092346,-0.4361255466938019,-0.733820378780365,1.0,0.2790889279423165,0,0,-0.0,0.6283185307179586,-95,95,thymio-11
145,1788220894.8415742,2.989405870437622,1.420830011367798,-0.020237241981349,83.9784708872381,2.989405870437622,0.0989520549774169,1.420830011367798,0.2639102339744568,-0.523332417011261,-0.5220740437507629,-0.6196074485778809,1.0,1.0,0,0,-0.0,0.6283185307179586,-95,95,thymio-11
146,1788220895.4498937,2.994457721710205,1.4317426681518557,0.7653736965145113,83.87847088723811,2.994457721710205,0.0998020097613334,1.4317426681518557,0.067866675555706,-0.6956959366798401,-0.5831886529922485,-0.4138746857643127,1.0,1.0,0,0,0.0,0.6283185307179586,-95,95,thymio-11
147,1788220896.0577395,2.994457721710205,1.4317426681518557,0.7653736965145113,83.77847088723811,2.994457721710205,0.0998020097613334,1.4317426681518557,0.067866675555706,-0.6956959366798401,-0.5831886529922485,-0.4138746857643127,1.0,1.0,0,0,0.0,0.6283185307179586,-95,95,thymio-11
148,1788220896.665548,3.003864526748657,1.4370349645614624,0.91235503180293,83.67847088723812,3.003864526748657,0.1001943796873092,1.4370349645614624,-0.1076778098940849,-0.7885282039642334,-0.578155517578125,-0.1799027621746063,1.0,1.0,0,0,0.0,0.6283185307179586,-95,95,thymio-11
149,1788220897.274665,3.003864526748657,1.4370349645614624,0.91235503180293,83.57847088723813,3.003864526748657,0.1001943796873092,1.4370349645614624,-0.1076778098940849,-0.7885282039642334,-0.578155517578125,-0.1799027621746063,1.0,1.0,0,0,0.0,0.6283185307179586,-95,95,thymio-11
150,1788220897.8829648,3.013404369354248,1.4356696605682373,0.883925716676278,83.47847088723813,3.013404369354248,0.0998370349407196,1.4356696605682373,-0.2602331638336181,-0.8150115609169006,-0.5164045691490173,0.0368967503309249,1.0,1.0,0,0,0.0,0.6283185307179586,-95,95,thymio-11
151,1788220898.4909854,3.0234198570251465,1.424743413925171,0.4706455615326601,83.37847088723814,3.0234198570251465,0.1002087220549583,1.424743413925171,-0.4450700283050537,-0.7368994951248169,-0.3703154027462005,0.3489391207695007,1.0,1.0,0,0,0.0,0.6283185307179586,-95,95,thymio-11
152,1788220899.0989587,3.024790048599243,1.4165602922439575,-0.4840107941939662,83.27847088723814,3.024790048599243,0.099270150065422,1.4165602922439575,-0.5254116654396057,-0.6223970651626587,-0.2654272317886352,0.5158613920211792,1.0,0.9058704169321674,0,0,-0.0,0.6283185307179586,-95,95,thymio-11
153,1788220899.7068558,3.024790048599243,1.4165602922439575,-0.4840107941939662,83.17847088723815,3.024790048599243,0.099270150065422,1.4165602922439575,-0.5254116654396057,-0.6223970651626587,-0.2654272317886352,0.5158613920211792,1.0,0.9058704169321674,0,0,-0.0,0.6283185307179586,-95,95,thymio-11
154,1788220900.314477,3.020143508911133,1.4057600498199463,-1.2886257359517497,83.07847088723815,3.020143508911133,0.099040113389492,1.4057600498199463,-0.5898580551147461,-0.4094890058040619,-0.0589575842022895,0.6934769749641418,1.0,1.0,0,0,-0.0,0.4135446555256252,-62,62,thymio-11
155,1788220900.922659,3.0137569904327397,1.4009795188903809,-1.430125496201952,82.97847088723816,3.0137569904327397,0.0994491726160049,1.4009795188903809,-0.5993283987045288,-0.2308914363384246,0.0679237395524978,0.763466477394104,1.0,1.0,0,0,-0.0,0.1937833400220827,-29,29,thymio-11
156,1788220901.530855,3.0137569904327397,1.4009795188903809,-1.430125496201952,82.87847088723817,3.0137569904327397,0.0994491726160049,1.4009795188903809,-0.5993283987045288,-0.2308914363384246,0.0679237395524978,0.763466477394104,1.0,1.0,0,0,-0.0,0.1937833400220827,-29,29,thymio-11
157,1788220902.1387937,3.0082833766937256,1.4005117416381836,-1.4398840185224058,82.77847088723817,3.0082833766937256,0.0991299077868461,1.4005117416381836,-0.5694758892059326,-0.1073843538761138,0.1653729379177093,0.7980085611343384,1.0,1.0,0,0,-0.0,0.1802646634431639,-27,27,thymio-11
158,1788220902.7464898,3.004894495010376,1.4009090662002563,-1.4286534768459074,82.67847088723818,3.004894495010376,0.0990137010812759,1.4009090662002563,-0.5471246242523193,-0.0262169577181339,0.2230937331914901,0.8063476085662842,1.0,1.0,0,0,-0.0,0.1995749359423215,-30,30,thymio-11
159,1788220903.3616989,3.004894495010376,1.4009090662002563,-1.4286534768459074,82.57847088723818,3.004894495010376,0.0990137010812759,1.4009090662002563,-0.5471246242523193,-0.0262169577181339,0.2230937331914901,0.8063476085662842,1.0,1.0,0,0,-0.0,0.1995749359423215,-30,30,thymio-11
160,1788220903.9713192,3.001453399658203,1.4019174575805664,-1.4128074257696357,82.47847088723819,3.001453399658203,0.0998437702655792,1.4019174575805664,-0.5293061137199402,0.0787540897727012,0.2861740589141845,0.7948189377784729,1.0,1.0,0,0,-0.0,0.2258427393017802,-34,34,thymio-11
161,1788220904.5786624,2.997823715209961,1.4036450386047363,-1.317226460067353,82.3784708872382,2.997823715209961,0.1001317426562309,1.4036450386047363,-0.47792449593544,0.1685365885496139,0.3542134463787079,0.7859494090080261,1.0,1.0,0,0,-0.0,0.3676257082709172,-56,56,thymio-11
162,1788220905.1862571,2.995703220367432,1.4056460857391355,-1.2679905890775625,82.2784708872382,2.995703220367432,0.1000717058777809,1.4056460857391355,-0.4541315138339996,0.2360129356384277,0.3856082260608673,0.767703652381897,1.0,1.0,0,0,-0.0,0.4433048921003906,-67,67,thymio-11
163,1788220905.7945628,2.995703220367432,1.4056460857391355,-1.2679905890775625,82.1784708872382,2.995703220367432,0.1000717058777809,1.4056460857391355,-0.4541315138339996,0.2360129356384277,0.3856082260608673,0.767703652381897,1.0,1.0,0,0,-0.0,0.4453796403795169,-67,67,thymio-11
164,1788220906.4027834,2.991837739944458,1.4132927656173706,-0.6836429982837711,82.07847088723821,2.991837739944458,0.0996786504983902,1.4132927656173706,-0.3444209396839142,0.4100646674633026,0.4942293465137481,0.6848055720329285,1.0,1.0,0,0,-0.0,0.6283185307179586,-95,95,thymio-11
165,1788220907.0114083,2.9907538890838623,1.4181196689605713,-0.0872697402733893,81.97847088723822,2.9907538890838623,0.0992139503359794,1.4181196689605713,-0.2739655673503876,0.5143791437149048,0.5181685090065002,0.6259859204292297,1.0,1.0,0,0,-0.0,0.6283185307179586,-95,95,thymio-11
166,1788220907.6192482,2.9907538890838623,1.4181196689605713,-0.0872697402733893,81.87847088723822,2.9907538890838623,0.0992139503359794,1.4181196689605713,-0.2739655673503876,0.5143791437149048,0.5181685090065002,0.6259859204292297,1.0,1.0,0,0,-0.0,0.6283185307179586,-95,95,thymio-11
167,1788220908.227435,2.995458602905273,1.4294859170913696,0.7761710207664776,81.77847088723823,2.995458602905273,0.1002214476466178,1.4294859170913696,-0.0538893155753612,0.6963820457458496,0.5957996845245361,0.3964477181434631,1.0,1.0,0,0,0.0,0.6283185307179586,-95,95,thymio-11
168,1788220908.8360386,3.0022101402282715,1.4334635734558103,0.9044326496635424,81.67847088723823,3.0022101402282715,0.1001200899481773,1.4334635734558103,0.0661028549075126,0.7756819725036621,0.5828773379325867,0.2328134924173355,1.0,1.0,0,0,0.0,0.6283185307179586,-95,95,thymio-11
169,1788220909.4446323,3.013448715209961,1.4331331253051758,0.9051428662578171,81.57847088723824,3.013448715209961,0.0994749218225479,1.4331331253051758,0.2413448095321655,0.8171179294586182,0.5231228470802307,-0.0203356854617595,1.0,1.0,0,0,0.0,0.6283185307179586,-95,95,thymio-11
170,1788220910.0534134,3.013448715209961,1.4331331253051758,0.9051428662578171,81.47847088723825,3.013448715209961,0.0994749218225479,1.4331331253051758,0.2413448095321655,0.8171179294586182,0.5231228470802307,-0.0203356854617595,1.0,1.0,0,0,0.0,0.6283185307179586,-95,95,thymio-11
171,1788220910.6623871,3.0213441848754883,1.4269534349441528,0.7458449194889369,81.37847088723825,3.0213441848754883,0.100379355251789,1.4269534349441528,0.3717206120491028,0.7877689003944397,0.4386930763721466,-0.2208899706602096,1.0,1.0,0,0,0.0,0.6283185307179586,-95,95,thymio-11
172,1788220911.2707877,3.0256056785583496,1.4182933568954468,0.1418312385111724,81.27847088723826,3.0256056785583496,0.0994010716676712,1.4182933568954468,0.4852966666221618,0.6872057318687439,0.3324751853942871,-0.4262578189373016,1.0,1.0,0,0,0.0,0.6283185307179586,-95,95,thymio-11
173,1788220911.8793635,3.0249340534210205,1.4079618453979492,-1.037958972274478,81.17847088723826,3.0249340534210205,0.0997664257884025,1.4079618453979492,0.5645464658737183,0.5258167386054993,0.1420370191335678,-0.6201850771903992,1.0,1.0,0,0,-0.0,0.6283185307179586,-95,95,thymio-11
174,1788220912.487342,3.0249340534210205,1.4079618453979492,-1.037958972274478,81.07847088723827,3.0249340534210205,0.0997664257884025,1.4079618453979492,0.5645464658737183,0.5258167386054993,0.1420370191335678,-0.6201850771903992,1.0,1.0,0,0,-0.0,0.6283185307179586,-95,95,thymio-11
175,1788220913.095212,3.0152294635772705,1.399172306060791,-1.3959152262659529,80.97847088723827,3.0152294635772705,0.0991998314857482,1.399172306060791,0.5959160327911377,0.2660349905490875,-0.0560613945126533,-0.7556233406066895,1.0,1.0,0,0,-0.0002445207949989,0.2609865793478556,-40,39,thymio-11
176,1788220913.704491,3.00597620010376,1.3983677625656128,-1.4198034388262148,80.87847088723828,3.00597620010376,0.0991816520690918,1.3983677625656128,0.5597387552261353,0.0665860548615455,-0.2044014781713485,-0.8002992868423462,1.0,1.0,0,0,-0.0004840998564633,0.2256296963389912,-36,32,thymio-11
177,1788220914.3118052,3.00597620010376,1.3983677625656128,-1.4198034388262148,80.77847088723829,3.00597620010376,0.0991816520690918,1.3983677625656128,0.5597387552261353,0.0665860548615455,-0.2044014781713485,-0.8002992868423462,1.0,1.0,0,0,-0.0004840998564633,0.2256296963389912,-36,32,thymio-11
178,1788220914.9201682,3.002274751663208,1.3993040323257446,-1.436261171223803,80.67847088723829,3.002274751663208,0.0995305478572845,1.3993040323257446,0.5388292074203491,-0.0409679785370826,-0.2559828758239746,-0.8015345931053162,1.0,1.0,0,0,-0.0002069036287793,0.2011945222790553,-31,30,thymio-11
179,1788220915.528831,2.998194932937622,1.401294469833374,-1.3527560073763258,80.5784708872383,2.998194932937622,0.1000244468450546,1.401294469833374,0.4968510866165161,-0.1380808651447296,-0.3331426084041595,-0.7893598079681396,1.0,1.0,0,0,-0.0,0.3244751369779718,-49,49,thymio-11
180,1788220916.138105,2.998194932937622,1.401294469833374,-1.3527560073763258,80.4784708872383,2.998194932937622,0.1000244468450546,1.401294469833374,0.4968510866165161,-0.1380808651447296,-0.3331426084041595,-0.7893598079681396,1.0,1.0,0,0,-0.0,0.3244751369779718,-49,49,thymio-11
181,1788220916.7410834,10000.0,10000.0,0.0,80.4784708872383,2.998194932937622,0.1000244468450546,1.401294469833374,0.4968510866165161,-0.1380808651447296,-0.3331426084041595,-0.7893598079681396,1.0,1.0,0,0,-9.184850993605149e-18,0.6283185307179586,-95,95,thymio-11
182,1788220917.3443246,2.994682788848877,1.4042365550994873,-1.2464810349523376,80.4784708872383,2.994682788848877,0.099943421781063,1.4042365550994873,0.4447632133960724,-0.2551915943622589,-0.3941925168037414,-0.7626762986183167,1.0,1.0,0,0,-0.0,0.4779897703123663,-72,72,thymio-11
183,1788220917.9522734,2.990003824234009,1.4156699180603027,-0.1058766585148558,80.37847088723831,2.990003824234009,0.0988966971635818,1.4156699180603027,0.2730859220027923,-0.5024886131286621,-0.5280355215072632,-0.627780020236969,1.0,1.0,0,0,-0.0,0.6283185307179586,-95,95,thymio-11
184,1788220918.5600889,2.9907522201538086,1.4202057123184204,0.4197252247739489,80.27847088723831,2.9907522201538086,0.0996435359120369,1.4202057123184204,0.2002855986356735,-0.5875348448753357,-0.5566715002059937,-0.5520917177200317,1.0,1.0,0,0,0.0,0.6283185307179586,-95,95,thymio-11
185,1788220919.1679077,2.9907522201538086,1.4202057123184204,0.4197252247739489,80.17847088723832,2.9907522201538086,0.0996435359120369,1.4202057123184204,0.2002855986356735,-0.5875348448753357,-0.5566715002059937,-0.5520917177200317,1.0,1.0,0,0,0.0,0.6283185307179586,-95,95,thymio-11
186,1788220919.776331,3.002746820449829,1.431410789489746,0.8887129619831846,80.07847088723832,3.002746820449829,0.1002551242709159,1.431410789489746,-0.0638998001813888,-0.7744715809822083,-0.5789655447006226,-0.2467985600233078,1.0,1.0,0,0,0.0,0.6283185307179586,-95,95,thymio-11
187,1788220920.3841825,3.0129261016845703,1.4320718050003052,0.8784905499423719,79.97847088723833,3.0129261016845703,0.0986978709697723,1.4320718050003052,-0.2298604100942611,-0.8153382539749146,-0.5306039452552795,-0.0291059128940105,1.0,1.0,0,0,0.0,0.6283185307179586,-95,95,thymio-11
188,1788220920.9930444,3.020349264144897,1.4270141124725342,0.8202082289991628,79.87847088723834,3.020349264144897,0.1002635359764099,1.4270141124725342,-0.3377326428890228,-0.7972381114959717,-0.468691736459732,0.1751463413238525,1.0,1.0,0,0,0.0,0.6283185307179586,-95,95,thymio-11
189,1788220921.601037,3.020349264144897,1.4270141124725342,0.8202082289991628,79.77847088723834,3.020349264144897,0.1002635359764099,1.4270141124725342,-0.3377326428890228,-0.7972381114959717,-0.468691736459732,0.1751463413238525,1.0,1.0,0,0,0.0,0.6283185307179586,-95,95,thymio-11
190,1788220922.209782,3.0258266925811768,1.4194415807724,0.4138825075069383,79.67847088723835,3.0258266925811768,0.100223034620285,1.4194415807724,-0.4535143673419952,-0.7243373990058899,-0.363099068403244,0.3712399899959564,1.0,1.0,0,0,0.0,0.6283185307179586,-95,95,thymio-11
191,1788220922.817824,3.0273683071136475,1.412109136581421,-0.5814190409182696,79.57847088723835,3.0273683071136475,0.0986476242542266,1.412109136581421,-0.5460617542266846,-0.606578528881073,-0.260236918926239,0.5159029364585876,1.0,1.0,0,0,-0.0,0.6283185307179586,-95,95,thymio-11
192,1788220923.4268596,3.0214507579803467,1.4005640745162964,-1.310749854654978,79.47847088723836,3.0214507579803467,0.0986591503024101,1.4005640745162964,-0.594940185546875,-0.3906351327896118,-0.0457158535718917,0.7009711861610413,1.0,1.0,0,0,-0.0,0.3856881927372231,-58,58,thymio-11
193,1788220924.0345016,3.0214507579803467,1.4005640745162964,-1.310749854654978,79.37847088723836,3.0214507579803467,0.0986591503024101,1.4005640745162964,-0.594940185546875,-0.3906351327896118,-0.0457158535718917,0.7009711861610413,1.0,1.0,0,0,-0.0,0.3856881927372231,-58,58,thymio-11
194,1788220924.642327,3.0140011310577397,1.3968018293380735,-1.4375702952563734,79.27847088723837,3.0140011310577397,0.0989403948187828,1.3968018293380735,-0.5857290625572205,-0.2051606476306915,0.0892144590616226,0.7790194749832153,1.0,1.0,0,0,-0.0009509490514106,0.1992484086659144,-33,27,thymio-11
195,1788220925.2506063,3.008866310119629,1.396893858909607,-1.4263504275629362,79.17847088723838,3.008866310119629,0.0990205928683281,1.396893858909607,-0.5672299861907959,-0.1033679619431495,0.1762546300888061,0.7978091835975647,1.0,1.0,0,0,-0.0009221379509052,0.2159161823618602,-36,29,thymio-11
1,1788307210.1822526,10000.0,10000.0,0.0,100.0,,,,,,,,1.0,1.0,0,0,-9.184850993605149e-18,0.6283185307179586,-95,95,thymio-01
2,1788307210.797166,2.719660758972168,-0.0031136721372604,0.9731644879079208,100.0,2.719660758972168,0.078769601881504,-0.0031136721372604,-0.0364264100790023,-0.7326358556747437,-0.6289452910423279,-0.2575767934322357,1.0,-0.7147985824154042,0,0,0.0819376557872038,-0.6283185307179586,386,196,thymio-01
3,1788307211.4069028,2.7170886993408203,0.0088886488229036,1.009287532425466,99.9,2.7170886993408203,0.0788165107369422,0.0088886488229036,-0.1475627869367599,-0.7652101516723633,-0.6161345839500427,-0.1142668947577476,1.0,-0.7049859219208576,0,0,0.085240707678892,-0.6283185307179586,398,208,thymio-01
4,1788307212.014789,2.7022008895874023,-0.0065536461770534,1.0096022450452915,99.8,2.7022008895874023,0.0785029456019401,-0.0065536461770534,-0.1245031729340553,-0.7615007758140564,-0.6200520992279053,-0.1419541239738464,1.0,-0.6755931877173194,0,0,0.0172601657466525,-0.6283185307179586,156,-34,thymio-01
5,1788307212.623178,2.7022008895874023,-0.0065536461770534,1.0096022450452915,99.70000000000002,2.7022008895874023,0.0785029456019401,-0.0065536461770534,-0.1245031729340553,-0.7615007758140564,-0.6200520992279053,-0.1419541239738464,1.0,-0.6755931877173194,0,0,0.0172601657466525,-0.6283185307179586,156,-34,thymio-01
6,1788307213.2304826,2.672661066055298,-0.1195147708058357,-2.448338755791683,99.45395812558914,2.672661066055298,0.0768240392208099,-0.1195147708058357,0.585480809211731,0.0950004085898399,-0.4445898234844208,0.6712131500244141,-0.8118706394178553,1.0,0,0,0.005814001477011,0.6283185307179586,-74,116,thymio-01
7,1788307213.8384807,2.6865363121032715,-0.1333167105913162,-2.2945003929009697,99.35395812558914,2.6865363121032715,0.0767676308751106,-0.1333167105913162,-0.6593560576438904,0.0182716082781553,0.3278753459453583,-0.6763235926628113,-0.5460564599720301,1.0,0,0,0.0046831589042773,0.6283185307179586,-78,112,thymio-01
8,1788307214.446249,2.6865363121032715,-0.1333167105913162,-2.2945003929009697,99.25395812558916,2.6865363121032715,0.0767676308751106,-0.1333167105913162,-0.6593560576438904,0.0182716082781553,0.3278753459453583,-0.6763235926628113,-0.5460564599720301,1.0,0,0,-0.0046831589042773,0.6283185307179586,-112,78,thymio-01
9,1788307215.0549896,2.676161527633667,-0.1356859505176544,-2.481588041277935,99.15395812558916,2.676161527633667,0.0763899311423301,-0.1356859505176544,-0.5717819929122925,-0.1155832931399345,0.4614399671554565,-0.668415367603302,-0.80962987032162,1.0,0,0,-0.0062643960653543,0.6283185307179586,-117,73,thymio-01
10,1788307215.6626894,2.665532112121582,-0.1202967017889022,1.015938816713902,99.05395812558916,2.665532112121582,0.0770184621214866,-0.1202967017889022,0.0317846946418285,0.7414295673370361,0.6275231242179871,0.2355560660362243,1.0,-0.5104132324297066,0,0,-0.0114170995394603,-0.6283185307179586,54,-135,thymio-01
11,1788307216.2706518,2.668398857116699,-0.1050246283411979,0.9993858627131296,98.95395812558915,2.668398857116699,0.0769794806838035,-0.1050246283411979,0.139135792851448,0.7670145034790039,0.6121928095817566,0.1324763000011444,1.0,-0.48760236880769,0,0,-0.0131435291820079,-0.6283185307179586,48,-142,thymio-01
12,1788307216.879266,2.668398857116699,-0.1050246283411979,0.9993858627131296,98.85395812558916,2.668398857116699,0.0769794806838035,-0.1050246283411979,0.139135792851448,0.7670145034790039,0.6121928095817566,0.1324763000011444,1.0,-0.48760236880769,0,0,0.0525741167280318,-0.6283185307179586,282,92,thymio-01
13,1788307217.4874492,2.675804853439331,-0.1114680394530296,1.0062548107011686,98.75395812558918,2.675804853439331,0.0771144405007362,-0.1114680394530296,0.0147982370108366,0.734403133392334,0.6278936862945557,0.2572600245475769,1.0,-0.5004777178291877,0,0,0.0493784364078422,-0.6283185307179586,270,81,thymio-01
14,1788307218.0951529,2.695946216583252,-0.1777988225221634,-2.3567317095127054,98.65395812558918,2.695946216583252,0.0768197551369667,-0.1777988225221634,-0.6291755437850952,-0.0317133069038391,0.3851737380027771,-0.6743690371513367,-0.3719723298123248,1.0,0,0,-0.0142156548754282,0.6283185307179586,-145,44,thymio-01
15,1788307218.7033231,2.695946216583252,-0.1777988225221634,-2.3567317095127054,98.5539581255892,2.695946216583252,0.0768197551369667,-0.1777988225221634,-0.6291755437850952,-0.0317133069038391,0.3851737380027771,-0.6743690371513367,-0.3719723298123248,1.0,1849,0,-0.0142156548754282,0.6283185307179586,-145,44,thymio-01
16,1788307219.311345,2.7015209197998047,-0.1893072426319122,0.6260207304392216,98.4539581255892,2.7015209197998047,0.0766947343945503,-0.1893072426319122,-0.2176790535449981,0.5794256925582886,0.5942690372467041,0.5135427713394165,1.0,-0.3591799964904499,0,0,0.0078570328302477,-0.6283185307179586,123,-67,thymio-01
17,1788307219.919768,2.6857593059539795,-0.1634284406900406,0.9712007313200282,98.3539581255892,2.6857593059539795,0.0760382935404777,-0.1634284406900406,0.0272004194557666,-0.7133437395095825,-0.6268399357795715,-0.3122061192989349,1.0,-0.5442681276278372,0,0,0.031521358598736,-0.6283185307179586,207,17,thymio-01
18,1788307220.5282426,2.7011098861694336,-0.1937557756900787,-2.3766222910382777,98.2539581255892,2.7011098861694336,0.0760472193360328,-0.1937557756900787,0.619377076625824,0.0404220931231975,-0.3967486619949341,0.676260769367218,-0.3933069466688093,1.0,0,0,-0.0120560744874054,0.6283185307179586,-138,52,thymio-01
19,1788307221.1358454,2.7011098861694336,-0.1937557756900787,-2.3766222910382777,98.1539581255892,2.7011098861694336,0.0760472193360328,-0.1937557756900787,0.619377076625824,0.0404220931231975,-0.3967486619949341,0.676260769367218,-0.3933069466688093,1.0,1757,0,-0.0120560744874054,0.6283185307179586,-138,52,thymio-01
20,1788307221.7437038,2.6983139514923096,-0.1934734433889389,-2.430979298806073,98.05395812558922,2.6983139514923096,0.0755879655480384,-0.1934734433889389,-0.5888552665710449,-0.094188243150711,0.4379272162914276,-0.6727539300918579,-0.3986690100272944,1.0,0,0,-0.0097008549471665,0.6283185307179586,-129,60,thymio-01
21,1788307222.35115,2.68774676322937,-0.1661813855171203,0.9844199694258436,97.95395812558922,2.68774676322937,0.0758725702762603,-0.1661813855171203,0.0240516420453786,0.7347638607025146,0.6247701644897461,0.2630700170993805,1.0,-0.5563596543346527,0,0,0.0343264155685059,-0.6283185307179586,217,27,thymio-01
22,1788307222.958891,2.68774676322937,-0.1661813855171203,0.9844199694258436,97.85395812558924,2.68774676322937,0.0758725702762603,-0.1661813855171203,0.0240516420453786,0.7347638607025146,0.6247701644897461,0.2630700170993805,1.0,-0.5563596543346527,0,0,0.0343264155685059,-0.6283185307179586,217,27,thymio-01
23,1788307223.566512,2.680746555328369,-0.1726003587245941,0.9722962117649204,97.75395812558924,2.680746555328369,0.0764475241303443,-0.1726003587245941,0.046330664306879,0.737503170967102,0.6257195472717285,0.2498354464769363,1.0,-0.545612615844508,0,0,0.0102538763359834,-0.6283185307179586,131,-58,thymio-01
24,1788307224.1736767,2.680746555328369,-0.1726003587245941,0.9722962117649204,97.65395812558924,2.680746555328369,0.0764475241303443,-0.1726003587245941,0.046330664306879,0.737503170967102,0.6257195472717285,0.2498354464769363,1.0,-0.545612615844508,0,0,0.0102538763359834,-0.6283185307179586,131,-58,thymio-01
25,1788307224.777245,10000.0,10000.0,0.0,97.65395812558924,2.680746555328369,0.0764475241303443,-0.1726003587245941,0.046330664306879,0.737503170967102,0.6257195472717285,0.2498354464769363,1.0,1.0,0,0,0.03,0.6283185307179586,12,201,thymio-01
26,1788307225.3818765,2.6837856769561768,-0.2214244455099105,0.8292815789281445,97.65395812558924,2.6837856769561768,0.0756942182779312,-0.2214244455099105,-0.1509237587451934,0.640303373336792,0.6080581545829773,0.444408506155014,1.0,-0.3539347727960212,0,0,0.0038802053572521,-0.6283185307179586,109,-81,thymio-01
27,1788307225.9902172,2.6837856769561768,-0.2214244455099105,0.8292815789281445,97.55395812558923,2.6837856769561768,0.0756942182779312,-0.2214244455099105,-0.1509237587451934,0.640303373336792,0.6080581545829773,0.444408506155014,1.0,-0.3539347727960212,0,0,0.0155208214290087,-0.6283185307179586,150,-40,thymio-01
28,1788307226.599336,2.715055465698242,-0.2538885772228241,0.1609807808986674,97.45395812558924,2.715055465698242,0.0752067565917968,-0.2538885772228241,-0.2997073829174042,0.5021063685417175,0.5588570237159729,0.5879996418952942,1.0,-0.806899643663041,0,0,0.0272526864949149,-0.6283185307179586,192,2,thymio-01
29,1788307227.2073698,2.715055465698242,-0.2538885772228241,0.1609807808986674,97.35395812558926,2.715055465698242,0.0752067565917968,-0.2538885772228241,-0.2997073829174042,0.5021063685417175,0.5588570237159729,0.5879996418952942,1.0,-0.806899643663041,0,0,0.0272526864949149,-0.6283185307179586,192,2,thymio-01
30,1788307227.8112438,10000.0,10000.0,0.0,97.35395812558926,2.715055465698242,0.0752067565917968,-0.2538885772228241,-0.2997073829174042,0.5021063685417175,0.5588570237159729,0.5879996418952942,1.0,1.0,0,0,-9.184850993605149e-18,0.6283185307179586,-95,95,thymio-01
31,1788307228.414205,10000.0,10000.0,0.0,97.35395812558926,2.715055465698242,0.0752067565917968,-0.2538885772228241,-0.2997073829174042,0.5021063685417175,0.5588570237159729,0.5879996418952942,1.0,1.0,0,0,-9.184850993605149e-18,0.6283185307179586,-95,95,thymio-01
32,1788307229.0190148,2.7501888275146484,-0.252936452627182,-1.1444695263733258,97.35395812558926,2.7501888275146484,0.0750419273972511,-0.252936452627182,-0.4855837523937225,0.2516604959964752,0.4208258092403412,0.723727285861969,-0.565240692159831,-0.7579535241803287,0,0,0.0666053665590157,0.6283185307179586,142,332,thymio-01
33,1788307229.627052,2.7501888275146484,-0.252936452627182,-1.1444695263733258,97.25395812558926,2.7501888275146484,0.0750419273972511,-0.252936452627182,-0.4855837523937225,0.2516604959964752,0.4208258092403412,0.723727285861969,-0.565240692159831,-0.7579535241803287,0,0,0.0666053665590157,0.6283185307179586,142,332,thymio-01
34,1788307230.2301855,10000.0,10000.0,0.0,97.25395812558926,2.7501888275146484,0.0750419273972511,-0.252936452627182,-0.4855837523937225,0.2516604959964752,0.4208258092403412,0.723727285861969,1.0,1.0,0,0,-9.184850993605149e-18,0.6283185307179586,-95,95,thymio-01
35,1788307230.8335602,10000.0,10000.0,0.0,97.25395812558926,2.7501888275146484,0.0750419273972511,-0.252936452627182,-0.4855837523937225,0.2516604959964752,0.4208258092403412,0.723727285861969,1.0,1.0,0,0,-9.184850993605149e-18,0.6283185307179586,-95,95,thymio-01
36,1788307231.4370682,2.80525803565979,-0.2625069618225097,-0.9825567070926152,97.25395812558926,2.80525803565979,0.0743036344647407,-0.2625069618225097,-0.4423629343509674,0.3225254416465759,0.4611175656318664,0.6983286738395691,-0.5980959705075101,-0.6075684357851125,0,0,-0.0671816829852705,0.6283185307179586,-334,-144,thymio-01
37,1788307232.044797,2.81420373916626,-0.2937300205230713,0.9209931948325014,97.15395812558928,2.81420373916626,0.0735931023955345,-0.2937300205230713,0.0816203206777572,-0.6842486262321472,-0.6203360557556152,-0.3746001422405243,1.0,-0.4261000808084051,0,0,0.1351957315143624,-0.6283185307179586,500,385,thymio-01
38,1788307232.6523015,2.81420373916626,-0.2937300205230713,0.9209931948325014,97.05395812558928,2.81420373916626,0.0735931023955345,-0.2937300205230713,0.0816203206777572,-0.6842486262321472,-0.6203360557556152,-0.3746001422405243,1.0,-0.4261000808084051,0,0,0.1351957315143624,-0.6283185307179586,500,385,thymio-01
39,1788307233.2604103,2.813201904296875,-0.2610919177532196,0.9663427755495436,96.95395812558928,2.813201904296875,0.0745699629187583,-0.2610919177532196,-0.0323177799582481,-0.7313161492347717,-0.627250075340271,-0.2658753097057342,1.0,-0.4378327627244128,0,0,-0.1417990319061363,-0.6283185307179586,-409,-500,thymio-01
40,1788307233.8678508,2.7714757919311523,-0.3936741352081299,0.9330537629573143,96.64871594232883,2.7714757919311523,0.0732032060623169,-0.3936741352081299,0.0784583762288093,-0.6903480887413025,-0.6174372434616089,-0.3688293397426605,-0.7562784893846578,-0.4043174882032551,0,0,-0.0679520945347351,-0.6283185307179586,-147,-336,thymio-01
41,1788307234.4755542,2.7714757919311523,-0.3936741352081299,0.9330537629573143,96.54871594232884,2.7714757919311523,0.0732032060623169,-0.3936741352081299,0.0784583762288093,-0.6903480887413025,-0.6174372434616089,-0.3688293397426605,-0.7562784893846578,-0.4043174882032551,0,0,-0.0679520945347351,-0.6283185307179586,-147,-336,thymio-01
42,1788307235.0833356,2.786188125610352,-0.3294755816459656,0.8956827170385333,96.44871594232886,2.786188125610352,0.0736105367541313,-0.3294755816459656,0.0918790847063064,-0.675413191318512,-0.6180961728096008,-0.3915767669677734,-0.7581317721657405,1.0,0,0,-0.0166155137946861,0.6283185307179586,-154,36,thymio-01
43,1788307235.6925876,2.790437936782837,-0.2562641203403473,0.3641275715146848,96.34871594232888,2.790437936782837,0.0746139362454414,-0.2562641203403473,0.2704213559627533,-0.5305377840995789,-0.5730999708175659,-0.5629906058311462,-0.7535955891649895,-5.057443062239653e-05,0,0,-0.0175272865778371,0.6283185307179586,-157,33,thymio-01
44,1788307236.300217,2.772089719772339,-0.2355527132749557,-2.4373839991748403,96.24871594232889,2.772089719772339,0.0749887228012085,-0.2355527132749557,0.5937527418136597,0.0849059969186782,-0.4386595785617828,0.6691984534263611,-0.2826945548245515,-0.7678155389229983,0,0,-0.0146690766764773,-0.6283185307179586,43,-147,thymio-01
45,1788307236.9085622,2.772089719772339,-0.2355527132749557,-2.4373839991748403,96.14871594232888,2.772089719772339,0.0749887228012085,-0.2355527132749557,0.5937527418136597,0.0849059969186782,-0.4386595785617828,0.6691984534263611,1.0,-0.7678155389229983,0,0,-0.0146690766764773,-0.6283185307179586,43,-147,thymio-01
46,1788307237.516395,2.7677483558654785,-0.226111888885498,0.8885461440473001,96.04871594232888,2.7677483558654785,0.0744269341230392,-0.226111888885498,0.1199188157916069,-0.6646296381950378,-0.6128077507019043,-0.4103091359138489,-0.7753012811939104,1.0,0,0,-0.052657769920096,0.6283185307179586,-282,-92,thymio-01
47,1788307238.1245148,2.779348611831665,-0.2070295214653015,0.5282033051367048,95.94871594232887,2.779348611831665,0.0751620605587959,-0.2070295214653015,-0.2452208399772644,0.558551013469696,0.5835164785385132,0.5360932350158691,-0.7776846732173808,1.0,0,0,-0.0507415227332258,0.6283185307179586,-275,-85,thymio-01
48,1788307238.7334654,2.7604541778564453,-0.1665358245372772,-2.47721748932529,95.84415779497748,2.7604541778564453,0.0753167048096656,-0.1665358245372772,-0.5717226266860962,-0.1198686063289642,0.4612300992012024,-0.667855978012085,-0.6881853103453,-0.8233062456308711,0,0,-0.0035154446281948,0.6283185307179586,-107,82,thymio-01
49,1788307239.341746,2.7604541778564453,-0.1665358245372772,-2.47721748932529,95.7441577949775,2.7604541778564453,0.0753167048096656,-0.1665358245372772,-0.5717226266860962,-0.1198686063289642,0.4612300992012024,-0.667855978012085,-0.6881853103453,-0.8233062456308711,0,0,-0.0035154446281948,0.6283185307179586,-107,82,thymio-01
50,1788307239.9498453,2.7554521560668945,-0.1189508959650993,1.0054740317458537,95.6441577949775,2.7554521560668945,0.0761117413640022,-0.1189508959650993,0.0052557936869561,0.7330658435821533,0.6255605816841125,0.2669472992420196,-0.8641990478316998,-0.6491307083123405,1476,0,-0.0,-0.6283185307179586,95,-95,thymio-01
51,1788307240.5573468,2.756868362426758,-0.1094844117760658,1.005320168366179,95.54415779497752,2.756868362426758,0.0770517662167549,-0.1094844117760658,0.1477275639772415,0.7686017751693726,0.6113100647926331,0.1171667054295539,-0.868666248324814,-0.6160811271103748,0,0,-0.0,-0.6283185307179586,95,-95,thymio-01
52,1788307241.165403,2.756868362426758,-0.1094844117760658,1.005320168366179,95.44415779497751,2.756868362426758,0.0770517662167549,-0.1094844117760658,0.1477275639772415,0.7686017751693726,0.6113100647926331,0.1171667054295539,-0.868666248324814,-0.6160811271103748,0,0,-0.0,-0.6283185307179586,95,-95,thymio-01
53,1788307241.773893,2.7614521980285645,-0.1198288574814796,1.0110365977143871,95.34415779497752,2.7614521980285645,0.0762673020362854,-0.1198288574814796,0.0249916352331638,0.7397523522377014,0.6260006427764893,0.245489627122879,-0.8641380657643845,-0.5639755293965901,0,0,-0.0,0.6283185307179586,-95,95,thymio-01
54,1788307242.381194,2.7791378498077397,-0.1356365084648132,-2.3742930775277,95.24415779497753,2.7791378498077397,0.0761346220970153,-0.1356365084648132,-0.6196457743644714,-0.0458551086485385,0.3988206684589386,-0.6744468808174133,-0.5196064313861556,-0.819408082381705,0,0,-0.0042989754412772,0.6283185307179586,-110,80,thymio-01
55,1788307242.9900146,2.7707290649414062,-0.1284379959106445,0.90529007079651,95.14415779497752,2.7707290649414062,0.0756198838353157,-0.1284379959106445,-0.1125180646777153,0.66875821352005,0.6175228357315063,0.3984566926956177,-0.8290133084527466,-0.534980861696784,0,0,-0.0023683250009979,-0.6283185307179586,86,-103,thymio-01
56,1788307243.5992951,2.7707290649414062,-0.1284379959106445,0.90529007079651,95.04415779497754,2.7707290649414062,0.0756198838353157,-0.1284379959106445,-0.1125180646777153,0.66875821352005,0.6175228357315063,0.3984566926956177,-0.8290133084527466,-0.534980861696784,0,0,-0.0023683250009979,-0.6283185307179586,86,-103,thymio-01
57,1788307244.2070034,2.7635645866394043,-0.1174748241901397,0.9724111795655884,94.94415779497754,2.7635645866394043,0.0769865587353706,-0.1174748241901397,0.0071835974231362,0.7217810153961182,0.6317558288574219,0.2826042771339416,-0.8297282612112215,-0.5298726670212557,0,0,-0.0022246194965444,-0.6283185307179586,87,-103,thymio-01
58,1788307244.8151033,2.78201675415039,-0.1290417462587356,0.5806845932075033,94.84415779497756,2.78201675415039,0.0764868259429931,-0.1290417462587356,-0.2261358499526977,0.5733946561813354,0.5859016180038452,0.526118278503418,-0.7976193303973176,1.0,0,0,-0.0086785145901391,-0.6283185307179586,64,-126,thymio-01
59,1788307245.4230573,2.78201675415039,-0.1290417462587356,0.5806845932075033,94.74415779497755,2.78201675415039,0.0764868259429931,-0.1290417462587356,-0.2261358499526977,0.5733946561813354,0.5859016180038452,0.526118278503418,-0.7976193303973176,1.0,0,0,-0.0086785145901391,-0.6283185307179586,64,-126,thymio-01
60,1788307246.0308087,2.7956020832061768,-0.127331405878067,-0.4422028036072913,94.64415779497756,2.7956020832061768,0.0759216919541359,-0.127331405878067,-0.3672990798950195,0.429071307182312,0.519558846950531,0.6411302089691162,-0.0646625808912156,0.2953290171931573,0,0,0.0432555769828754,-0.6283185307179586,249,59,thymio-01
61,1788307246.6391532,2.805782556533813,-0.1113607436418533,-2.303037163977158,94.54415779497756,2.805782556533813,0.0750376135110855,-0.1113607436418533,-0.737396240234375,0.3429845869541168,-0.0367383770644664,-0.5807397961616516,1.0,-0.77294374464969,0,0,0.0545532293016492,0.6283185307179586,99,289,thymio-01
62,1788307247.247251,2.805782556533813,-0.1113607436418533,-2.303037163977158,94.44415779497756,2.805782556533813,0.0750376135110855,-0.1113607436418533,-0.737396240234375,0.3429845869541168,-0.0367383770644664,-0.5807397961616516,1.0,-0.77294374464969,0,0,0.0545532293016492,0.6283185307179586,99,289,thymio-01
63,1788307247.855111,2.853667974472046,-0.0893218666315078,-1.3965068723501477,94.34415779497758,2.853667974472046,0.0753138065338134,-0.0893218666315078,0.5830614566802979,-0.0444185771048069,-0.2466978281736374,-0.7727914452552795,-0.5345662217433229,-0.7098359773192289,0,0,0.0263229685588349,-0.6283185307179586,188,-1,thymio-01
64,1788307248.4633937,2.893118143081665,-0.0973979011178016,-1.2264217499142396,94.24415779497758,2.893118143081665,0.0749457851052284,-0.0973979011178016,-0.4936376810073852,0.2062924355268478,0.3787301480770111,0.7552012801170349,-0.577521354465248,-0.6546773633427205,0,0,0.0374098499681131,-0.6283185307179586,228,38,thymio-01
65,1788307249.0709436,2.9316442012786865,-0.0903228744864463,-1.3792265824513226,94.1441577949776,2.9316442012786865,0.0753268226981163,-0.0903228744864463,0.5707592368125916,-0.0733226314187049,-0.2708067595958709,-0.771700382232666,-0.6513439556389529,-0.5916143089449813,0,0,0.0380798649165704,-0.6283185307179586,230,40,thymio-01
66,1788307249.6796677,2.9316442012786865,-0.0903228744864463,-1.3792265824513226,94.0441577949776,2.9316442012786865,0.0753268226981163,-0.0903228744864463,0.5707592368125916,-0.0733226314187049,-0.2708067595958709,-0.771700382232666,-0.6513439556389529,-0.5916143089449813,0,0,0.0380798649165704,-0.6283185307179586,230,40,thymio-01
67,1788307250.2875392,2.95912504196167,-0.0669750124216079,-1.409549947694402,93.9441577949776,2.95912504196167,0.0749716758728027,-0.0669750124216079,0.6142533421516418,0.0794014409184455,-0.1573101282119751,-0.769182562828064,-0.6504230647754006,-0.4805765929431367,0,0,-0.0382649639801444,-0.6283185307179586,-41,-231,thymio-01
68,1788307250.8950517,2.978672742843628,-0.0213007070124149,2.522407971621883,93.8441577949776,2.978672742843628,0.0766187012195587,-0.0213007070124149,-0.5697134733200073,0.6100393533706665,-0.4774497747421264,-0.2744453549385071,0.5080303504348114,-0.3116755366868928,0,0,-0.0345657304004555,-0.6283185307179586,-28,-218,thymio-01
69,1788307251.5030406,2.978672742843628,-0.0213007070124149,2.522407971621883,93.7441577949776,2.978672742843628,0.0766187012195587,-0.0213007070124149,-0.5697134733200073,0.6100393533706665,-0.4774497747421264,-0.2744453549385071,0.5080303504348114,-0.3116755366868928,0,0,-0.0345657304004555,-0.6283185307179586,-28,-218,thymio-01
70,1788307252.1108303,2.969587802886963,-0.0215317327529191,-1.1205594872166014,93.64415779497762,2.969587802886963,0.0761115849018096,-0.0215317327529191,0.6099960207939148,0.4706246256828308,0.1644075512886047,-0.6159443259239197,-0.6709665124045967,-0.214567282272246,0,0,-0.034135731006676,0.6283185307179586,-216,-26,thymio-01
71,1788307252.7183015,2.9656925201416016,-0.057383507490158,0.1223619858876894,93.54415779497762,2.9656925201416016,0.0757822543382644,-0.057383507490158,0.5205715894699097,0.6554125547409058,0.3630247116088867,-0.4094542562961578,-0.2442930810846892,1.0,0,0,0.1641232970608831,0.6283185307179586,488,500,thymio-01
72,1788307253.3266733,2.977245092391968,-0.0409879609942436,-0.7514270255257083,93.44415779497764,2.977245092391968,0.0750060230493545,-0.0409879609942436,0.578866720199585,0.5604759454727173,0.2608236968517303,-0.5317434668540955,-0.1595422579965899,0.6045672986805313,0,0,-0.1957317608533885,0.6283185307179586,-500,-500,thymio-01
73,1788307253.934726,2.977245092391968,-0.0409879609942436,-0.7514270255257083,93.34415779497763,2.977245092391968,0.0750060230493545,-0.0409879609942436,0.578866720199585,0.5604759454727173,0.2608236968517303,-0.5317434668540955,-0.1595422579965899,0.6045672986805313,0,0,-0.1957317608533885,0.6283185307179586,-500,-500,thymio-01
74,1788307254.5425065,2.9653022289276123,-0.0146697284653782,-0.7194176387534874,93.24415779497764,2.9653022289276123,0.0756803750991821,-0.0146697284653782,0.5815480351448059,0.5652748346328735,0.2572881281375885,-0.5254228711128235,-0.123437825955609,0.5924200652997476,0,0,-0.2,0.6283185307179586,-500,-500,thymio-01
75,1788307255.150514,3.0271670818328857,-0.1815592795610427,-0.9329998830209524,93.14415779497764,3.0271670818328857,0.0748973190784454,-0.1815592795610427,0.5982873439788818,0.5250219106674194,0.2205411791801452,-0.5637074112892151,-0.5600410916923275,0.5878389728773168,0,0,-0.2,0.6283185307179586,-500,-500,thymio-01
76,1788307255.7588718,3.059218168258667,-0.2931171655654907,-1.05265915938996,93.04415779497764,3.059218168258667,0.07271508872509,-0.2931171655654907,0.598606288433075,0.4975710809230804,0.191819742321968,-0.5977447032928467,-0.5142499588773448,0.6352369808900207,0,0,-0.2,0.6283185307179586,-500,-500,thymio-01
77,1788307256.3666778,3.059218168258667,-0.2931171655654907,-1.05265915938996,92.94415779497766,3.059218168258667,0.07271508872509,-0.2931171655654907,0.598606288433075,0.4975710809230804,0.191819742321968,-0.5977447032928467,-0.5142499588773448,0.6352369808900207,0,0,-0.05,0.6283185307179586,-273,-83,thymio-01
78,1788307256.97518,3.0726161003112797,-0.3609046041965484,-1.0922381190364283,92.84415779497766,3.0726161003112797,0.0719681680202484,-0.3609046041965484,0.6004742980003357,0.4851799011230469,0.1787478774785995,-0.6099838614463806,-0.4664140989539466,0.7015838946750292,0,0,-0.05,0.6132791851494367,-270,-85,thymio-01
79,1788307257.5833237,3.0886309146881104,-0.4852858185768127,-1.3201736200370655,92.74415779497768,3.0886309146881104,0.0713118985295295,-0.4852858185768127,0.6341083645820618,0.3019602596759796,0.0009044667240232,-0.7118467092514038,-0.3651762760283639,0.5515147312330071,0,0,-0.05,0.3186947961808598,-226,-130,thymio-01
80,1788307258.1910746,3.0731918811798096,-0.5260264873504639,-1.3639984425021336,92.6356892768902,3.0731918811798096,0.0705948323011398,-0.5260264873504639,0.6260782480239868,0.1837901622056961,-0.0986566171050071,-0.7513415217399597,-0.3258061226237518,0.6087972832961828,0,0,-0.05,0.4465065474547249,-245,-110,thymio-01
81,1788307258.7987158,3.0731918811798096,-0.5260264873504639,-1.3639984425021336,92.5356892768902,3.0731918811798096,0.0705948323011398,-0.5260264873504639,0.6260782480239868,0.1837901622056961,-0.0986566171050071,-0.7513415217399597,-0.3258061226237518,0.6087972832961828,0,0,-0.1869395683189876,0.4465065474547249,-500,-500,thymio-01
82,1788307259.4068782,3.041616916656494,-0.5645846724510193,-1.3676775247580286,92.34199388288864,3.041616916656494,0.0702875554561615,-0.5645846724510193,0.611768901348114,0.0758529156446456,-0.1857816278934478,-0.765160322189331,-0.2770733049387255,0.658565786870599,0,0,-0.1504015113989656,0.5917505781049035,-500,-445,thymio-01
83,1788307260.014168,2.951766014099121,-0.6102882623672485,-1.3634807940037637,91.82998724353268,2.951766014099121,0.0702287852764129,-0.6102882623672485,0.5858646035194397,-0.0059959474019706,-0.2415037155151367,-0.7735649347305298,-0.1756932866761521,0.6805504139846805,0,0,-0.121270145542621,0.6283185307179586,-500,-336,thymio-01
84,1788307260.622131,2.951766014099121,-0.6102882623672485,-1.3634807940037637,91.72998724353268,2.951766014099121,0.0702287852764129,-0.6102882623672485,0.5858646035194397,-0.0059959474019706,-0.2415037155151367,-0.7735649347305298,-0.1756932866761521,0.6805504139846805,0,0,-0.121270145542621,0.6283185307179586,-500,-336,thymio-01
85,1788307261.2295914,2.837642908096313,-0.6519555449485779,-1.3328477965204522,91.20337681584954,2.837642908096313,0.0713723748922348,-0.6519555449485779,0.56328946352005,-0.0858385637402534,-0.3006477952003479,-0.7648187279701233,-0.0954942359653985,0.697418433229726,0,0,-0.1161641112471392,0.6283185307179586,-500,-318,thymio-01
86,1788307261.83773,2.837642908096313,-0.6519555449485779,-1.3328477965204522,91.10337681584954,2.837642908096313,0.0713723748922348,-0.6519555449485779,0.56328946352005,-0.0858385637402534,-0.3006477952003479,-0.7648187279701233,-0.0954942359653985,0.697418433229726,0,0,-0.1161641112471392,0.6283185307179586,-500,-318,thymio-01
87,1788307262.445959,2.671006679534912,-0.6505714058876038,-1.0333711477645129,90.03099451420572,2.671006679534912,0.0732830688357353,-0.6505714058876038,0.4524063766002655,-0.2992021441459656,-0.4498571753501892,-0.7095316648483276,-0.1089984025377538,0.8481823098229526,0,0,-0.0901945040296584,0.6283185307179586,-415,-226,thymio-01
88,1788307263.0538752,2.5514721870422363,-0.5751343965530396,-0.0193831892123874,89.33626538188884,2.5514721870422363,0.0744541734457016,-0.5751343965530396,0.3175102472305298,-0.4842615127563476,-0.543316125869751,-0.607853353023529,1.0,1.0,0,0,0.0372344288680714,0.6283185307179586,37,227,thymio-01
89,1788307263.6620274,2.5062601566314697,-0.5098910331726074,-2.411144341205774,89.0592857996661,2.5062601566314697,0.0756956562399864,-0.5098910331726074,0.6027163863182068,0.0757171809673309,-0.4259091913700104,0.6705231070518494,1.0,0.7104738289505472,0,0,-0.1183915823693541,-0.6283185307179586,-326,-500,thymio-01
90,1788307264.2696962,2.5062601566314697,-0.5098910331726074,-2.411144341205774,88.9592857996661,2.5062601566314697,0.0756956562399864,-0.5098910331726074,0.6027163863182068,0.0757171809673309,-0.4259091913700104,0.6705231070518494,1.0,0.7104738289505472,0,0,-0.1183915823693541,-0.6283185307179586,-326,-500,thymio-01
91,1788307264.8775697,2.501082420349121,-0.5181943774223328,0.8628501446864298,88.85928579966611,2.501082420349121,0.0755440816283226,-0.5181943774223328,0.1162382736802101,-0.6591042280197144,-0.6150302886962891,-0.4169029295444488,0.7514421956448345,1.0,0,0,0.1343889083948666,0.6283185307179586,383,500,thymio-01
92,1788307265.486348,2.506446361541748,-0.4578171372413635,-2.499483530055061,88.75928579966612,2.506446361541748,0.0758590698242187,-0.4578171372413635,0.5693384408950806,0.1180454194545745,-0.4687134921550751,0.6650012731552124,1.0,0.8217052229694597,0,0,-0.0987807559247786,-0.6283185307179586,-256,-446,thymio-01
93,1788307266.0948014,2.512600898742676,-0.4245438277721405,0.6949405476897943,88.65928579966612,2.512600898742676,0.0765076205134391,-0.4245438277721405,-0.1921558678150177,0.5984036922454834,0.6016994118690491,0.4928966164588928,0.959671537672367,1.0,0,0,-0.0926340435377187,0.6283185307179586,-424,-234,thymio-01
94,1788307266.7032957,2.512600898742676,-0.4245438277721405,0.6949405476897943,88.55928579966613,2.512600898742676,0.0765076205134391,-0.4245438277721405,-0.1921558678150177,0.5984036922454834,0.6016994118690491,0.4928966164588928,0.959671537672367,1.0,0,0,-0.0960856774089496,0.6283185307179586,-436,-247,thymio-01
95,1788307267.311034,2.5012028217315674,-0.3765199482440948,0.7192251001110184,88.45928579966613,2.5012028217315674,0.0769416913390159,-0.3765199482440948,0.1929297447204589,-0.604758620262146,-0.5985446572303772,-0.4886609017848968,1.0,1.0,0,0,-0.1271231399187969,0.6283185307179586,-500,-357,thymio-01
96,1788307267.9191651,2.4911704063415527,-0.2901805341243744,0.90847904502235,88.32823164014928,2.4911704063415527,0.0776857137680053,-0.2901805341243744,-0.0545225776731967,0.6890880465507507,0.6254504919052124,0.3619347512722015,1.0,1.0,0,0,0.2,0.6283185307179586,500,500,thymio-01
97,1788307268.527582,2.4911704063415527,-0.2901805341243744,0.90847904502235,88.22823164014929,2.4911704063415527,0.0776857137680053,-0.2901805341243744,-0.0545225776731967,0.6890880465507507,0.6254504919052124,0.3619347512722015,1.0,1.0,0,0,0.2,0.6283185307179586,500,500,thymio-01
98,1788307269.1361098,2.5300886631011963,-0.183785542845726,1.0003793831237404,88.1282316401493,2.5300886631011963,0.0775756984949112,-0.183785542845726,0.0759225040674209,0.7504801750183105,0.6245719194412231,0.2022998034954071,1.0,-0.5098094588073679,0,0,0.2,0.6283185307179586,500,500,thymio-01
99,1788307269.743441,2.434629201889038,-0.3166963458061218,0.9970500185890554,87.5049180135616,2.434629201889038,0.0780115947127342,-0.3166963458061218,0.0580183863639831,0.7451115846633911,0.6260301470756531,0.2225510329008102,1.0,-0.3412763251136245,0,0,0.1659460282610363,0.6283185307179586,495,500,thymio-01
100,1788307270.35249,2.434629201889038,-0.3166963458061218,0.9970500185890554,87.40491801356161,2.434629201889038,0.0780115947127342,-0.3166963458061218,0.0580183863639831,0.7451115846633911,0.6260301470756531,0.2225510329008102,1.0,-0.3412763251136245,0,0,0.1659460282610363,0.6283185307179586,495,500,thymio-01
101,1788307270.9604568,2.36025071144104,-0.4278269708156585,1.0075867770953213,86.94560240723656,2.36025071144104,0.0770931094884872,-0.4278269708156585,0.0455928444862365,0.7450374960899353,0.6251307725906372,0.2281490266323089,1.0,-0.1597976271402252,0,0,0.0987894128840988,0.4401311348686771,285,417,thymio-01
102,1788307271.569271,2.2873082160949707,-0.5435374975204468,0.980578220472621,86.45643837423842,2.2873082160949707,0.0767745971679687,-0.5435374975204468,0.0430874451994895,0.739993155002594,0.6236532330513,0.2482144087553024,1.0,1.0,0,0,0.0995011092109184,0.4585272234009268,284,423,thymio-01
103,1788307272.1779344,2.2873082160949707,-0.5435374975204468,0.980578220472621,86.35643837423842,2.2873082160949707,0.0767745971679687,-0.5435374975204468,0.0430874451994895,0.739993155002594,0.6236532330513,0.2482144087553024,1.0,1.0,0,0,0.0995011092109184,0.4585272234009268,284,423,thymio-01
104,1788307272.786062,2.2391817569732666,-0.5937191843986511,0.997398600717033,86.09141299790258,2.2391817569732666,0.0765635073184967,-0.5937191843986511,0.1183037534356117,0.7617419362068176,0.6169213056564331,0.1586241424083709,1.0,1.0,0,0,0.1028327484094307,0.4734652801626511,294,437,thymio-01
105,1788307273.3937635,2.1647863388061523,-0.6360596418380737,0.9865632249385864,85.69783096819376,2.1647863388061523,0.0767986550927162,-0.6360596418380737,0.2155643999576568,0.7711868286132812,0.5976719856262207,0.0398904681205749,1.0,1.0,0,0,0.1093073412380391,0.4926076829532023,314,463,thymio-01
106,1788307274.002079,2.058112144470215,-0.6543655395507812,0.9217969321246996,85.1468939225809,2.058112144470215,0.0777576342225074,-0.6543655395507812,0.3313272297382355,0.75959712266922,0.5474509000778198,-0.1163281947374343,1.0,1.0,0,0,0.1123410909614509,0.5907934202414116,310,488,thymio-01
107,1788307274.6114173,2.058112144470215,-0.6543655395507812,0.9217969321246996,85.0468939225809,2.058112144470215,0.0777576342225074,-0.6543655395507812,0.3313272297382355,0.75959712266922,0.5474509000778198,-0.1163281947374343,1.0,1.0,0,0,0.1123410909614509,0.5907934202414116,310,488,thymio-01
108,1788307275.21946,1.9786443710327148,-0.6413355469703674,0.813458588895505,84.64069297388353,1.9786443710327148,0.0780779421329498,-0.6413355469703674,0.4008261859416961,0.7395896315574646,0.4903682470321655,-0.2277821749448776,1.0,1.0,0,0,0.1083774978116213,0.6283185307179586,290,480,thymio-01
109,1788307275.8278034,1.8755911588668823,-0.5743526220321655,0.1747085596521067,84.08776635375645,1.8755911588668823,0.0790823996067047,-0.5743526220321655,0.5165021419525146,0.6555379629135132,0.3753879070281982,-0.403211385011673,1.0,1.0,0,0,0.0413836770383565,0.6283185307179586,52,242,thymio-01
110,1788307276.435999,1.8755911588668823,-0.5743526220321655,0.1747085596521067,83.98776635375646,1.8755911588668823,0.0790823996067047,-0.5743526220321655,0.5165021419525146,0.6555379629135132,0.3753879070281982,-0.403211385011673,1.0,1.0,0,0,0.0413836770383565,0.6283185307179586,52,242,thymio-01
111,1788307277.0442748,1.8392972946166992,-0.5064660310745239,-0.877218287087496,83.7375286001129,1.8392972946166992,0.0801519453525543,-0.5064660310745239,0.5926931500434875,0.537422239780426,0.2324275821447372,-0.5530547499656677,0.3465719222471213,0.876978632896422,0,0,-0.0939019420102419,0.6283185307179586,-429,-239,thymio-01
112,1788307277.6529157,1.8490803241729736,-0.4772703051567077,-1.2592382189564382,83.6375286001129,1.8490803241729736,0.07999037951231,-0.4772703051567077,0.6329032778739929,0.3889677822589874,0.0926062986254692,-0.6629945039749146,0.3502693659053588,0.8954992803559492,0,0,-0.1248621948018038,0.6091014339015244,-500,-352,thymio-01
113,1788307278.2613628,1.8454720973968504,-0.5124261975288391,-1.325431969697724,83.5375286001129,1.8454720973968504,0.0799153447151184,-0.5124261975288391,0.6397806406021118,0.3181240260601043,0.0290584824979305,-0.6990231871604919,0.3947013025285639,1.0,0,0,-0.1159613060624947,0.5283654639543064,-492,-332,thymio-01
114,1788307278.8700323,1.7985458374023438,-0.6108983159065247,-1.3855511143368109,83.165536270239,1.7985458374023438,0.0796404331922531,-0.6108983159065247,0.6329870820045471,0.1789910942316055,-0.0881125330924987,-0.7480145692825317,0.5430131776712994,1.0,0,0,-0.1358653910130928,0.4285810853671605,-500,-418,thymio-01
115,1788307279.4786046,1.7985458374023438,-0.6108983159065247,-1.3855511143368109,83.06553627023901,1.7985458374023438,0.0796404331922531,-0.6108983159065247,0.6329870820045471,0.1789910942316055,-0.0881125330924987,-0.7480145692825317,0.5430131776712994,1.0,0,0,-0.1358653910130928,0.4285810853671605,-500,-418,thymio-01
116,1788307280.086729,1.6952462196350098,-0.7022092938423157,-1.382082001716167,82.40184271012293,1.6952462196350098,0.0801913738250732,-0.7022092938423157,0.6107540726661682,0.0269833467900753,-0.2127165645360946,-0.7622355222702026,0.7483215005831438,1.0,0,0,-0.131386680800057,0.4149595915451555,-500,-404,thymio-01
117,1788307280.6961615,1.5614216327667236,-0.7577844858169556,-1.3569022290157124,81.56705174170756,1.5614216327667236,0.0816043689846992,-0.7577844858169556,0.5683895349502563,-0.0655669420957565,-0.2776342630386352,-0.7717211842536926,0.965442565207476,1.0,0,0,-0.134044686794809,0.4197126517166754,-500,-413,thymio-01
118,1788307281.3040476,1.5614216327667236,-0.7577844858169556,-1.3569022290157124,81.46705174170756,1.5614216327667236,0.0816043689846992,-0.7577844858169556,0.5683895349502563,-0.0655669420957565,-0.2776342630386352,-0.7717211842536926,0.965442565207476,1.0,0,0,-0.134044686794809,0.4197126517166754,-500,-413,thymio-01
119,1788307281.9122305,1.443499207496643,-0.7775524854660034,-1.2887545006979393,80.81071171788872,1.443499207496643,0.0819681212306022,-0.7775524854660034,0.5373022556304932,-0.1492812633514404,-0.3461702466011047,-0.7544451951980591,1.0,1.0,0,0,-0.1329510112049408,0.4933536008169315,-500,-398,thymio-01
120,1788307282.5200577,1.3332221508026123,-0.7720988392829895,-1.2125817589910757,80.0750655450074,1.3332221508026123,0.0822827890515327,-0.7720988392829895,0.5026493668556213,-0.2180489897727966,-0.3927688896656036,-0.7386005520820618,1.0,0.6599042084306226,0,0,-0.147602062146482,0.5921514326855958,-500,-435,thymio-01
121,1788307283.1277063,1.3332221508026123,-0.7720988392829895,-1.2125817589910757,79.97506554500741,1.3332221508026123,0.0822827890515327,-0.7720988392829895,0.5026493668556213,-0.2180489897727966,-0.3927688896656036,-0.7386005520820618,1.0,0.6599042084306226,0,0,-0.147602062146482,0.5921514326855958,-500,-435,thymio-01
122,1788307283.7354755,1.161530613899231,-0.7183408737182617,-0.9591301305612268,78.94447013477853,1.161530613899231,0.0826589316129684,-0.7183408737182617,0.431861400604248,-0.3309780359268188,-0.4626065194606781,-0.6999604105949402,1.0,0.5120098747917827,0,0,-0.1335455979881286,0.6283185307179586,-500,-380,thymio-01
123,1788307284.344158,1.062525749206543,-0.6582747101783752,-0.7173659000499306,78.42025177442792,1.062525749206543,0.0832205265760421,-0.6582747101783752,0.3912626206874847,-0.3890997171401977,-0.4931254982948303,-0.6725639700889587,1.0,0.4118028456534444,0,0,-0.1103154672608821,0.6283185307179586,-487,-297,thymio-01
124,1788307284.9522183,0.9977230429649352,-0.6029995679855347,-0.2339375385186279,78.05105300800787,0.9977230429649352,0.0837140530347824,-0.6029995679855347,0.3365101218223572,-0.4587610363960266,-0.5300699472427368,-0.628748893737793,1.0,1.0,0,0,-0.0422859594816689,0.6283185307179586,-245,-55,thymio-01
125,1788307285.5604565,0.9378998279571532,-0.5214110016822815,0.660056193515691,77.66059415107776,0.9378998279571532,0.0858206674456596,-0.5214110016822815,-0.1921058744192123,0.5783411860466003,0.6210945844650269,0.4928066730499267,1.0,1.0,0,0,0.0975688698474261,0.6283185307179586,252,442,thymio-01
126,1788307286.1680834,0.9378998279571532,-0.5214110016822815,0.660056193515691,77.56059415107777,0.9378998279571532,0.0858206674456596,-0.5214110016822815,-0.1921058744192123,0.5783411860466003,0.6210945844650269,0.4928066730499267,1.0,1.0,0,0,0.0975688698474261,0.6283185307179586,252,442,thymio-01
127,1788307286.7765355,0.9263912439346312,-0.519545316696167,0.8144789458468531,77.46059415107777,0.9263912439346312,0.0865474045276641,-0.519545316696167,-0.0994545221328735,0.6454948782920837,0.6295735239982605,0.4208116829395294,1.0,1.0,0,0,0.1069620371957654,0.6283185307179586,285,475,thymio-01
128,1788307287.3854506,0.8993328809738159,-0.5882668495178223,0.94752064686136,77.25333979331151,0.8993328809738159,0.0851574167609214,-0.5882668495178223,0.0132301012054085,0.7147186398506165,0.6361472606658936,0.2903774082660675,1.0,1.0,0,0,0.1180449870252535,0.6283185307179586,325,500,thymio-01
129,1788307287.9932754,0.8214004635810852,-0.661614179611206,1.0105762371599614,76.83562346354188,0.8214004635810852,0.0852981656789779,-0.661614179611206,0.1601819694042205,0.7568232417106628,0.6260926127433777,0.0978187322616577,1.0,1.0,0,0,0.147777618636081,0.6283185307179586,430,500,thymio-01
130,1788307288.600857,0.8214004635810852,-0.661614179611206,1.0105762371599614,76.73562346354188,0.8214004635810852,0.0852981656789779,-0.661614179611206,0.1601819694042205,0.7568232417106628,0.6260926127433777,0.0978187322616577,1.0,1.0,0,0,0.147777618636081,0.6283185307179586,430,500,thymio-01
131,1788307289.208629,0.7516027092933655,-0.6930913329124451,0.9936654572921952,76.34271968705205,0.7516027092933655,0.0856269299983978,-0.6930913329124451,0.2365866154432296,0.762651801109314,0.6019719243049622,0.0043387743644416,1.0,1.0,0,0,0.1499393285323881,0.6283185307179586,438,500,thymio-01
132,1788307289.8160286,0.5975847840309143,-0.7422990798950195,0.9639387995186776,75.49333376540478,0.5975847840309143,0.0862545520067215,-0.7422990798950195,0.2816505432128906,0.7611669898033142,0.5823490023612976,-0.0465553663671016,1.0,1.0,0,0,0.1564374200929329,0.6283185307179586,461,500,thymio-01
133,1788307290.4239757,0.5975847840309143,-0.7422990798950195,0.9639387995186776,75.39333376540479,0.5975847840309143,0.0862545520067215,-0.7422990798950195,0.2816505432128906,0.7611669898033142,0.5823490023612976,-0.0465553663671016,1.0,1.0,0,0,0.1564374200929329,0.6283185307179586,461,500,thymio-01
134,1788307291.0319152,0.5129348635673523,-0.7596848607063293,0.9516339581705092,74.87936510192225,0.5129348635673523,0.0860694050788879,-0.7596848607063293,0.3002070188522339,0.7642878890037537,0.5657557249069214,-0.0752344578504562,1.0,1.0,0,0,0.1244769737651291,0.6283185307179586,347,500,thymio-01
135,1788307291.640197,0.3731141984462738,-0.7782225012779236,0.915072713474096,74.09572020603606,0.3731141984462738,0.0879552364349365,-0.7782225012779236,0.328707218170166,0.7628160715103149,0.546839714050293,-0.1050213426351547,1.0,1.0,0,0,0.1227093294751023,0.6283185307179586,341,500,thymio-01
136,1788307292.248305,0.3731141984462738,-0.7782225012779236,0.915072713474096,73.99572020603607,0.3731141984462738,0.0879552364349365,-0.7782225012779236,0.328707218170166,0.7628160715103149,0.546839714050293,-0.1050213426351547,1.0,1.0,0,0,0.1227093294751023,0.6283185307179586,341,500,thymio-01
137,1788307292.85694,0.2884503006935119,-0.7735446691513062,0.8826913413770985,73.48330228361617,0.2884503006935119,0.089036650955677,-0.7735446691513062,0.3675550520420074,0.7564555406570435,0.5042502284049988,-0.1959852576255798,1.0,1.0,0,0,0.1202222701982649,0.6283185307179586,332,500,thymio-01
138,1788307293.466998,0.1527491211891174,-0.7067689299583435,0.3746412599716051,72.542852966531,0.1527491211891174,0.0901801586151123,-0.7067689299583435,0.4925300478935241,0.6786086559295654,0.3953348994255066,-0.374986469745636,1.0,1.0,0,0,0.0627696143803241,0.6283185307179586,128,318,thymio-01
139,1788307294.0753646,0.1527491211891174,-0.7067689299583435,0.3746412599716051,72.442852966531,0.1527491211891174,0.0901801586151123,-0.7067689299583435,0.4925300478935241,0.6786086559295654,0.3953348994255066,-0.374986469745636,1.0,1.0,0,0,0.0627696143803241,0.6283185307179586,128,318,thymio-01
140,1788307294.6839623,0.0982231646776199,-0.6406925320625305,-0.3745482466654,72.06375810018525,0.0982231646776199,0.0901999697089195,-0.6406925320625305,0.5542542934417725,0.612980842590332,0.293908953666687,-0.480285495519638,1.0,-0.2060411031081073,0,0,-0.0874639504219183,0.6283185307179586,-406,-216,thymio-01
141,1788307295.2922025,0.0914761126041412,-0.603413999080658,-1.0036796614876589,71.96375810018526,0.0914761126041412,0.0904796943068504,-0.603413999080658,0.6004945039749146,0.509554922580719,0.2129084914922714,-0.5782994031906128,1.0,-0.1766602807156657,0,0,-0.1728047379023253,0.6283185307179586,-500,-500,thymio-01
142,1788307295.9012394,0.0942341089248657,-0.6277344822883606,-1.315325727666754,71.86375810018527,0.0942341089248657,0.0905589833855629,-0.6277344822883606,-0.6402111053466797,-0.3143426477909088,-0.0167454797774553,0.7007410526275635,1.0,-0.2663208537842753,0,0,-0.1687512651963553,0.3774674032557789,-500,-500,thymio-01
143,1788307296.5093243,0.0942341089248657,-0.6277344822883606,-1.315325727666754,71.76375810018527,0.0942341089248657,0.0905589833855629,-0.6277344822883606,-0.6402111053466797,-0.3143426477909088,-0.0167454797774553,0.7007410526275635,1.0,-0.2663208537842753,0,0,-0.1687512651963553,0.3774674032557789,-500,-500,thymio-01
144,1788307297.118153,0.0416955165565013,-0.7527240514755249,-1.326096874699925,71.44289000472959,0.0416955165565013,0.0894370451569557,-0.7527240514755249,-0.6368672251701355,-0.2766692042350769,0.0252000149339437,0.719179630279541,1.0,-0.4093697343696212,0,0,0.0362300623696032,0.5253918300950136,49,208,thymio-01
145,1788307297.7257853,-0.0257759112864732,-0.8751674294471741,-1.3838177093552797,71.18301816444392,-0.0257759112864732,0.0891110375523567,-0.8751674294471741,-0.5890457630157471,-0.243687093257904,0.0368865691125392,0.7695979475975037,1.0,-0.5403335040751824,0,0,0.2,-0.6283185307179586,500,500,thymio-01
146,1788307298.3340511,-0.0257759112864732,-0.8751674294471741,-1.3838177093552797,71.08301816444393,-0.0257759112864732,0.0891110375523567,-0.8751674294471741,-0.5890457630157471,-0.243687093257904,0.0368865691125392,0.7695979475975037,1.0,-0.5403335040751824,0,0,0.2,-0.6283185307179586,500,500,thymio-01
147,1788307298.9428072,0.0146611910313367,-0.8379315137863159,-1.38739270921269,70.98301816444393,0.0146611910313367,0.0881687775254249,-0.8379315137863159,0.6307395100593567,0.1619714200496673,-0.1027227267622947,-0.7519181966781616,1.0,-0.5365420495626672,0,0,0.05,-0.6283185307179586,273,83,thymio-01
148,1788307299.5513976,0.1010756492614746,-0.7408536076545715,-1.3852298223820312,70.88301816444394,0.1010756492614746,0.0884761661291122,-0.7408536076545715,0.6332823634147644,0.1750716269016266,-0.0919262990355491,-0.7482333183288574,1.0,-0.3403141928562496,0,0,0.05,0.3562967160233043,124,231,thymio-01
149,1788307300.1606512,0.1010756492614746,-0.7408536076545715,-1.3852298223820312,70.78301816444394,0.1010756492614746,0.0884761661291122,-0.7408536076545715,0.6332823634147644,0.1750716269016266,-0.0919262990355491,-0.7482333183288574,1.0,-0.3403141928562496,0,0,0.05,0.3562967160233043,124,231,thymio-01
150,1788307300.768994,0.1217356771230697,-0.6899755001068115,-1.325403364226986,70.68301816444395,0.1217356771230697,0.0894981250166893,-0.6899755001068115,0.6402232050895691,0.2954597473144531,-0.0012152795679867,-0.7090954780578613,1.0,-0.2030148514181522,0,0,0.05,0.4449555428861011,110,245,thymio-01
151,1788307301.3775702,0.162862479686737,-0.6450114250183105,-1.378440057497602,70.58301816444396,0.162862479686737,0.0898964032530784,-0.6450114250183105,0.6344286203384399,0.1525361388921737,-0.1166946664452552,-0.7487425804138184,0.876218888888538,-0.1506888785023883,0,0,-0.1949652421948488,0.3400203405936429,-500,-500,thymio-01
152,1788307301.9861023,0.162862479686737,-0.6450114250183105,-1.378440057497602,70.48301816444396,0.162862479686737,0.0898964032530784,-0.6450114250183105,0.6344286203384399,0.1525361388921737,-0.1166946664452552,-0.7487425804138184,0.876218888888538,1.0,0,0,-0.1437748533259729,0.4050122742908358,-500,-450,thymio-01
153,1788307302.5946524,0.173187717795372,-0.6418011784553528,-1.3823428832430236,70.38301816444397,0.173187717795372,0.0891159251332283,-0.6418011784553528,0.6102608442306519,0.057598553597927,-0.1902269273996353,-0.7668623328208923,0.7769616276837206,0.0125882241406038,0,0,-0.1914229980327295,0.3860871272174653,-500,-500,thymio-01
154,1788307303.2024431,0.0436267852783203,-0.7144524455070496,-1.451725732813622,69.90553597348865,0.0436267852783203,0.091668352484703,-0.7144524455070496,0.4800564050674438,0.0053499503992497,-0.1694922000169754,-0.8606913685798645,1.0,-0.0922045341176799,0,0,-0.1987481823410581,0.3421777978727965,-500,-500,thymio-01
155,1788307303.8100052,0.0436267852783203,-0.7144524455070496,-1.451725732813622,69.80553597348866,0.0436267852783203,0.091668352484703,-0.7144524455070496,0.4800564050674438,0.0053499503992497,-0.1694922000169754,-0.8606913685798645,1.0,-0.0922045341176799,0,0,-0.1987481823410581,0.3421777978727965,-500,-500,thymio-01
156,1788307304.417843,-0.0496158562600612,-0.7510179877281189,-1.3758442194195617,69.35843495386887,-0.0496158562600612,0.090363048017025,-0.7510179877281189,0.5808307528495789,-0.0389846116304397,-0.2543546259403229,-0.7722821831703186,0.7857719012010418,-0.1979153103997739,0,0,-0.1883817845142763,0.5437805604364007,-500,-500,thymio-01
157,1788307305.0258553,-0.1606429666280746,-0.7833616733551025,-1.367445860020004,68.8571193512244,-0.1606429666280746,0.0912032648921012,-0.7833616733551025,0.5688540935516357,-0.0780399292707443,-0.2794481217861175,-0.7695607542991638,0.7820404397339322,-0.3104149300448511,0,0,-0.1377781122418868,0.4360282669737449,-500,-424,thymio-01
158,1788307305.6336896,-0.1606429666280746,-0.7833616733551025,-1.367445860020004,68.7571193512244,-0.1606429666280746,0.0912032648921012,-0.7833616733551025,0.5688540935516357,-0.0780399292707443,-0.2794481217861175,-0.7695607542991638,0.7820404397339322,-0.3104149300448511,0,0,-0.1377781122418868,0.4360282669737449,-500,-424,thymio-01
159,1788307306.2429252,-0.2845081388950348,-0.8038533926010132,-1.302451053266516,68.06627169622863,-0.2845081388950348,0.0934705361723899,-0.8038533926010132,0.5640050768852234,-0.094670370221138,-0.3216700851917267,-0.7546285390853882,0.7633032048785029,1.0,0,0,-0.1404622917353307,0.5574560524735153,-500,-415,thymio-01
160,1788307306.851858,-0.4356030225753784,-0.8135665655136108,-1.219586668197194,67.21701519533798,-0.4356030225753784,0.0942101180553436,-0.8135665655136108,0.5208254456520081,-0.1663319021463394,-0.3784955739974975,-0.7468705773353577,0.7291128596279215,1.0,0,0,-0.1356064371590802,0.6283185307179586,-500,-387,thymio-01
161,1788307307.4600637,-0.5830634236335754,-0.7915366888046265,-1.0777928935094394,66.38793612954548,-0.5830634236335754,0.0929818004369735,-0.7915366888046265,0.4691552817821502,-0.273671418428421,-0.4405266344547272,-0.7147961854934692,0.669617724190382,1.0,0,0,-0.1082595469168866,0.6283185307179586,-480,-290,thymio-01
162,1788307308.067997,-0.5830634236335754,-0.7915366888046265,-1.0777928935094394,66.28793612954549,-0.5830634236335754,0.0929818004369735,-0.7915366888046265,0.4691552817821502,-0.273671418428421,-0.4405266344547272,-0.7147961854934692,0.669617724190382,1.0,0,0,-0.1082595469168866,0.6283185307179586,-480,-290,thymio-01
163,1788307308.676224,-0.6572858691215515,-0.7631742358207703,-0.8543279537311319,65.83522651790884,-0.6572858691215515,0.0933715179562568,-0.7631742358207703,-0.4232608079910278,0.3461511433124542,0.4844470620155334,0.6828914880752563,0.6287423740594833,1.0,0,0,-0.1000888961617705,0.6283185307179586,-451,-261,thymio-01
164,1788307309.2849677,-0.7642754316329956,-0.6707485914230347,0.3219863343488289,65.14840128391788,-0.7642754316329956,0.094480313360691,-0.6707485914230347,0.2699980735778808,-0.5240184664726257,-0.5729662775993347,-0.5693991184234619,0.5537914419527752,1.0,0,0,0.0708793093458781,0.6283185307179586,157,347,thymio-01
165,1788307309.8926728,-0.7642754316329956,-0.6707485914230347,0.3219863343488289,65.04840128391788,-0.7642754316329956,0.094480313360691,-0.6707485914230347,0.2699980735778808,-0.5240184664726257,-0.5729662775993347,-0.5693991184234619,0.5537914419527752,1.0,0,0,0.0708793093458781,0.6283185307179586,157,347,thymio-01
166,1788307310.4999874,-0.7951949238777161,-0.6076598763465881,-2.398549056455363,64.85062948781322,-0.7951949238777161,0.0958547592163086,-0.6076598763465881,0.6107812523841858,0.0786985382437706,-0.4250922203063965,0.6633622646331787,1.0,0.4610825503860773,0,0,-0.1244759311254124,-0.6283185307179586,-347,-500,thymio-01
167,1788307311.1076264,-0.8152303695678711,-0.6590630412101746,-2.825357990371975,64.72035345446432,-0.8152303695678711,0.0945540815591812,-0.6590630412101746,-0.4796775877475738,-0.236936330795288,0.5584022998809814,-0.6340011954307556,1.0,0.4822775841773445,0,0,-0.1712418686755099,0.6283185307179586,-500,-500,thymio-01
168,1788307311.715781,-0.8045063018798828,-0.6324658989906311,-2.985508547616225,64.62035345446432,-0.8045063018798828,0.0959008261561393,-0.6324658989906311,-0.4609303176403045,-0.2653283774852752,0.5878133177757263,-0.609606146812439,1.0,1.0,0,0,-0.2,0.6283185307179586,-500,-500,thymio-01
169,1788307312.3245585,-0.8045063018798828,-0.6324658989906311,-2.985508547616225,64.52035345446433,-0.8045063018798828,0.0959008261561393,-0.6324658989906311,-0.4609303176403045,-0.2653283774852752,0.5878133177757263,-0.609606146812439,1.0,1.0,0,0,-0.2,0.6283185307179586,-500,-500,thymio-01
170,1788307312.93327,-0.7547078132629395,-0.5155194401741028,0.9681845967361388,64.42035345446433,-0.7547078132629395,0.0961110740900039,-0.5155194401741028,-0.015834579244256,-0.7234606742858887,-0.6318240761756897,-0.2777629196643829,0.4607107776768506,1.0,0,0,0.0759668564232696,-0.6283185307179586,365,175,thymio-01
171,1788307313.541223,-0.7028696537017822,-0.4210686087608337,3.0820993542239403,64.32035345446434,-0.7028696537017822,0.0963921770453453,-0.4210686087608337,0.4197773039340973,0.3096600770950317,-0.6118401885032654,0.5946000814437866,-0.5248372367425213,0.244317464613571,0,0,-0.2,0.6283185307179586,-500,-500,thymio-01
172,1788307314.1491928,-0.6867297291755676,-0.3992144465446472,-2.918460373411614,64.22035345446434,-0.6867297291755676,0.0961348786950111,-0.3992144465446472,-0.4637194573879242,-0.2505213618278503,0.5757891535758972,-0.6250362396240234,1.0,0.1742741589585177,0,0,-0.2,0.6283185307179586,-500,-500,thymio-01
173,1788307314.7565684,-0.6867297291755676,-0.3992144465446472,-2.918460373411614,64.12035345446435,-0.6867297291755676,0.0961348786950111,-0.3992144465446472,-0.4637194573879242,-0.2505213618278503,0.5757891535758972,-0.6250362396240234,1.0,0.1742741589585177,0,0,-0.2,0.6283185307179586,-500,-500,thymio-01
174,1788307315.364986,-0.6592928767204285,-0.3260680139064789,0.9591620178072412,64.02035345446436,-0.6592928767204285,0.0968489199876785,-0.3260680139064789,-0.0007456084131263,0.713273286819458,0.6356910467147827,0.2951908409595489,0.4765124086720793,1.0,0,0,0.0030137338498889,-0.6283185307179586,106,-84,thymio-01
175,1788307315.9733007,-0.5959916710853577,-0.1858973652124405,-3.1328012728093557,63.92035345446436,-0.5959916710853577,0.0967844426631927,-0.1858973652124405,-0.4302522540092468,-0.2981431484222412,0.6039682030677795,-0.601012647151947,-0.3778439386165129,-0.2846715284472269,0,0,-0.0976605496359827,-0.6283185307179586,-252,-442,thymio-01
176,1788307316.5815864,-0.5852321982383728,-0.1780051589012146,-2.676031188984992,63.82035345446435,-0.5852321982383728,0.0969794914126396,-0.1780051589012146,0.5202082991600037,0.1939521133899688,-0.5294204354286194,0.6414670348167419,1.0,-0.3879104816394851,0,0,0.0176507022842567,-0.6283185307179586,158,-32,thymio-01
177,1788307317.1895905,-0.5852321982383728,-0.1780051589012146,-2.676031188984992,63.72035345446435,-0.5852321982383728,0.0969794914126396,-0.1780051589012146,0.5202082991600037,0.1939521133899688,-0.5294204354286194,0.6414670348167419,1.0,-0.3879104816394851,0,0,0.0176507022842567,-0.6283185307179586,158,-32,thymio-01
178,1788307317.7972198,-0.5681275725364685,-0.1450695246458053,0.6596730703772526,63.62035345446435,-0.5681275725364685,0.0969212353229522,-0.1450695246458053,0.1912575662136078,-0.5931586027145386,-0.5998572111129761,-0.5017518401145935,-0.4607966466330012,1.0,0,0,-0.1103036681349727,0.6283185307179586,-487,-297,thymio-01
179,1788307318.4065256,-0.5517200827598572,-0.1513559967279434,-0.3617197096157785,63.52035345446435,-0.5517200827598572,0.0966239497065544,-0.1513559967279434,0.3558134734630584,-0.4382791817188263,-0.5255728960037231,-0.6364600658416748,-0.5420354943980957,-0.4300369208463781,0,0,-0.2,-0.6283185307179586,-500,-500,thymio-01
180,1788307319.0146782,-0.5517200827598572,-0.1513559967279434,-0.3617197096157785,63.42035345446435,-0.5517200827598572,0.0966239497065544,-0.1513559967279434,0.3558134734630584,-0.4382791817188263,-0.5255728960037231,-0.6364600658416748,-0.5420354943980957,-0.4300369208463781,0,0,-0.2,-0.6283185307179586,-500,-500,thymio-01
181,1788307319.6179535,10000.0,10000.0,0.0,63.42035345446435,-0.5517200827598572,0.0966239497065544,-0.1513559967279434,0.3558134734630584,-0.4382791817188263,-0.5255728960037231,-0.6364600658416748,1.0,1.0,0,0,-9.184850993605149e-18,0.6283185307179586,-95,95,thymio-01
182,1788307320.221832,-0.630174994468689,-0.045482650399208,-2.299793698156372,63.42035345446435,-0.630174994468689,0.0980842038989067,-0.045482650399208,0.663477897644043,-0.0227909665554761,-0.3289855420589447,0.671599805355072,1.0,0.4505382951350423,0,0,-0.1341705212120055,-0.6283185307179586,-382,-500,thymio-01
183,1788307320.8300426,-0.6869058609008789,0.0608871206641197,-2.491960387021095,63.13298578992183,-0.6869058609008789,0.0995246767997741,0.0608871206641197,0.5709692239761353,0.1227638572454452,-0.4680773615837097,0.6631943583488464,1.0,-0.693379504293943,0,0,0.1185228785476698,0.6283185307179586,326,500,thymio-01
184,1788307321.4382048,-0.6869058609008789,0.0608871206641197,-2.491960387021095,63.032985789921824,-0.6869058609008789,0.0995246767997741,0.0608871206641197,0.5709692239761353,0.1227638572454452,-0.4680773615837097,0.6631943583488464,1.0,-0.693379504293943,0,0,0.1185228785476698,0.6283185307179586,326,500,thymio-01
185,1788307322.0473423,-0.686011552810669,0.1244627758860588,-2.513974820848603,62.93298578992182,-0.686011552810669,0.1001102849841117,0.1244627758860588,-0.5677931904792786,-0.1320457011461258,0.4788194000720978,-0.6564348936080933,1.0,-0.7254835767527565,0,0,0.0231778010726959,0.6283185307179586,-13,177,thymio-01
186,1788307322.6556077,-0.7187340259552002,0.006892466917634,-2.9828573780639966,62.70697856948146,-0.7187340259552002,0.0994065850973129,0.006892466917634,0.462091863155365,0.2636603713035583,-0.5878496170043945,0.6094154715538025,0.0468990508867745,-0.5472792302831577,0,0,0.05,0.6283185307179586,83,273,thymio-01
187,1788307323.2631643,-0.7382907867431641,-0.0023142634890973,1.0028857233939208,62.59824085075661,-0.7382907867431641,0.0989433377981185,-0.0023142634890973,0.1362134218215942,0.7602667808532715,0.6210768818855286,0.1330564320087433,-0.5208002265587255,1.0,0,0,0.05,0.6283185307179586,83,273,thymio-01
188,1788307323.871976,-0.7676244974136353,-0.0085616437718272,1.0046559345132238,62.45826820838417,-0.7676244974136353,0.0982393324375152,-0.0085616437718272,-0.241461381316185,-0.77049320936203,-0.5897164344787598,0.0164735037833452,-0.5112047529022836,1.0,0,0,0.05,0.6283185307179586,83,273,thymio-01
189,1788307324.4811988,-0.7676244974136353,-0.0085616437718272,1.0046559345132238,62.35826820838417,-0.7676244974136353,0.0982393324375152,-0.0085616437718272,-0.241461381316185,-0.77049320936203,-0.5897164344787598,0.0164735037833452,-0.5112047529022836,1.0,0,0,-0.05,0.6283185307179586,-273,-83,thymio-01
190,1788307325.089498,-0.8065499067306519,-0.000470892060548,0.8575628750823201,62.1837076305979,-0.8065499067306519,0.1000876501202583,-0.000470892060548,-0.3769462406635284,-0.7493110299110413,-0.5131345391273499,0.1820368766784668,-0.5011350271012657,1.0,0,0,-0.05,0.6283185307179586,-273,-83,thymio-01
191,1788307325.6975422,-0.786149799823761,0.0012670815922319,0.5812052476890015,62.0837076305979,-0.786149799823761,0.0991215109825134,0.0012670815922319,-0.4629015922546386,-0.7059640884399414,-0.4286309778690338,0.32188880443573,-0.4734416226964693,1.0,0,0,-0.05,0.6283185307179586,-273,-83,thymio-01
192,1788307326.305519,-0.786149799823761,0.0012670815922319,0.5812052476890015,61.9837076305979,-0.786149799823761,0.0991215109825134,0.0012670815922319,-0.4629015922546386,-0.7059640884399414,-0.4286309778690338,0.32188880443573,-0.4734416226964693,1.0,0,0,-0.05,0.6283185307179586,-273,-83,thymio-01
193,1788307326.9135633,-0.7212935090065002,-0.042941827327013,-0.7530723694324726,61.8837076305979,-0.7212935090065002,0.0987328737974166,-0.042941827327013,-0.5774034261703491,-0.5619481801986694,-0.2525144815444946,0.5357760190963745,1.0,0.5347309861449299,0,0,-0.136194107775947,0.5230417439948907,-500,-405,thymio-01
194,1788307327.5214128,-0.6983556151390076,-0.108340211212635,2.251354350942877,61.783707630597895,-0.6983556151390076,0.0976006612181663,-0.108340211212635,-0.5161062479019165,0.6453746557235718,-0.5327167510986328,-0.1825891882181167,0.5714914742813997,1.0,0,0,0.1567508408676504,-0.6283185307179586,500,462,thymio-01
195,1788307328.129716,-0.7151305079460144,-0.1894317716360092,2.4203391186268712,61.61903684655216,-0.7151305079460144,0.0977889001369476,-0.1894317716360092,-0.5546095967292786,0.6212396621704102,-0.4960193336009979,-0.2458339780569076,0.5439894047124312,1.0,0,0,0.1262710705268414,-0.6283185307179586,500,354,thymio-01
1,1788307210.1807778,10000.0,10000.0,0.0,100.0,,,,,,,,1.0,1.0,0,0,-9.184850993605149e-18,0.6283185307179586,-95,95,thymio-07
2,1788307210.7954416,2.599920749664306,-0.2366252839565277,-0.531298062216627,100.0,2.599920749664306,0.0773218050599098,-0.2366252839565277,-0.249969407916069,0.5324248671531677,0.5657294988632202,0.5779181122779846,-0.7388835127024828,1.0,0,0,-0.0819376557872038,0.6283185307179586,-386,-196,thymio-07
3,1788307211.4047318,2.5980875492095947,-0.2296236157417297,-0.0996283014187389,99.9,2.5980875492095947,0.0772735774517059,-0.2296236157417297,-0.1352018862962722,0.6285673379898071,0.6060028076171875,0.468384712934494,-0.7347752392053581,-0.715410171101708,0,0,-0.085240707678892,0.6283185307179586,-398,-208,thymio-07
4,1788307212.0123076,2.6169230937957764,-0.2376202940940857,-0.0079883932961219,99.8,2.6169230937957764,0.0770100131630897,-0.2376202940940857,-0.0938152149319648,0.6586282253265381,0.6183823943138123,0.418343037366867,-0.7549245485241167,-0.711343212513203,0,0,-0.0172601657466525,0.6283185307179586,-156,34,thymio-07
5,1788307212.6205094,2.6169230937957764,-0.2376202940940857,-0.0079883932961219,99.70000000000002,2.6169230937957764,0.0770100131630897,-0.2376202940940857,-0.0938152149319648,0.6586282253265381,0.6183823943138123,0.418343037366867,-0.7549245485241167,-0.711343212513203,0,0,-0.0172601657466525,0.6283185307179586,-156,34,thymio-07
6,1788307213.229609,2.691635131835937,-0.3076303005218506,0.1435886620846655,99.60000000000002,2.691635131835937,0.0748558342456817,-0.3076303005218506,0.1872071921825409,0.7735109925270081,0.5993601679801941,0.086032249033451,-0.8118706394178553,-0.703236857196029,0,0,-0.005814001477011,0.6283185307179586,-116,74,thymio-07
7,1788307213.8374617,2.696559429168701,-0.3164584338665008,0.104341463015547,99.50000000000004,2.696559429168701,0.0746956393122673,-0.3164584338665008,0.2922891974449157,0.7762778401374817,0.55577152967453,-0.0554782561957836,-0.8174967218692668,-0.7051971106407164,0,0,-0.0046831589042773,0.6283185307179586,-112,78,thymio-07
8,1788307214.4456503,2.696559429168701,-0.3164584338665008,0.104341463015547,99.40000000000003,2.696559429168701,0.0746956393122673,-0.3164584338665008,0.2922891974449157,0.7762778401374817,0.55577152967453,-0.0554782561957836,-0.8174967218692668,-0.7051971106407164,0,0,-0.0046831589042773,0.6283185307179586,-112,78,thymio-07
9,1788307215.0541968,2.704151153564453,-0.3249494731426239,-0.2802156790659316,99.30000000000004,2.704151153564453,0.0744146257638931,-0.3249494731426239,0.4676472544670105,0.7078346014022827,0.4228443205356598,-0.3185576498508453,-0.80962987032162,-0.6740966799699823,0,0,-0.0062643960653543,-0.6283185307179586,73,-117,thymio-07
10,1788307215.6625185,2.707387685775757,-0.3333089649677276,-1.4530085513409934,99.20000000000005,2.707387685775757,0.0751752033829689,-0.3333089649677276,0.563978910446167,0.5803804993629456,0.2817481458187103,-0.5154651403427124,-0.5110789999577781,1.0,0,0,-0.0114170995394603,-0.6283185307179586,54,-135,thymio-07
11,1788307216.270926,2.690920114517212,-0.3296159207820892,-0.2881344074309511,99.10000000000004,2.690920114517212,0.0747390612959861,-0.3296159207820892,0.4664838910102844,0.7115959525108337,0.4152075946331024,-0.3219109773635864,-0.7754053274526967,-0.6202969360502362,0,0,-0.0131435291820079,-0.6283185307179586,48,-142,thymio-07
12,1788307216.8793645,2.690920114517212,-0.3296159207820892,-0.2881344074309511,99.00000000000006,2.690920114517212,0.0747390612959861,-0.3296159207820892,0.4664838910102844,0.7115959525108337,0.4152075946331024,-0.3219109773635864,-0.7754053274526967,-0.6202969360502362,0,0,-0.0131435291820079,-0.6283185307179586,48,-142,thymio-07
13,1788307217.487234,2.6794629096984863,-0.3331609070301056,0.0098303083512951,98.90000000000006,2.6794629096984863,0.0751738771796226,-0.3331609070301056,0.3725909888744354,0.7612559199333191,0.5036205649375916,-0.16742704808712,-0.7793800542191016,-0.5699737882456659,0,0,-0.0123446091019605,0.6283185307179586,-139,51,thymio-07
14,1788307218.0954406,2.668235540390014,-0.3533953428268432,0.1339475339890921,98.80000000000008,2.668235540390014,0.0758316442370414,-0.3533953428268432,0.2424299865961074,0.7704693675041199,0.5894402861595154,0.0128362858667969,-0.8231148571201141,-0.5113369094683857,0,0,-0.003553913718857,0.6283185307179586,-108,82,thymio-07
15,1788307218.7037678,2.668235540390014,-0.3533953428268432,0.1339475339890921,98.70000000000007,2.668235540390014,0.0758316442370414,-0.3533953428268432,0.2424299865961074,0.7704693675041199,0.5894402861595154,0.0128362858667969,-0.8231148571201141,-0.5113369094683857,1308,0,-0.003553913718857,0.6283185307179586,-108,82,thymio-07
16,1788307219.312487,2.6739485263824463,-0.3568752408027649,0.0342308325935625,98.60000000000008,2.6739485263824463,0.0752130597829818,-0.3568752408027649,0.3606536388397217,0.7636889815330505,0.5121765732765198,-0.1561515629291534,-0.8310235910071545,-0.494738943175717,0,0,-0.0019642582075619,0.6283185307179586,-102,88,thymio-07
17,1788307219.9204006,2.681227445602417,-0.3627786338329315,-0.4830594364529696,98.50000000000009,2.681227445602417,0.0748858526349067,-0.3627786338329315,0.4950955212116241,0.6748237609863281,0.3935210108757019,-0.3803085088729858,-0.801590350001572,1.0,0,0,-0.007880339649684,-0.6283185307179586,67,-123,thymio-07
18,1788307220.5278375,2.678964138031006,-0.3674195408821106,-1.0498637278177043,98.40000000000008,2.678964138031006,0.075229711830616,-0.3674195408821106,0.535775899887085,0.6226009130477905,0.3275642395019531,-0.4669197499752044,-0.4913119437956197,1.0,0,0,-0.0030140186218513,-0.6283185307179586,84,-106,thymio-07
19,1788307221.1367953,2.678964138031006,-0.3674195408821106,-1.0498637278177043,98.3000000000001,2.678964138031006,0.075229711830616,-0.3674195408821106,0.535775899887085,0.6226009130477905,0.3275642395019531,-0.4669197499752044,-0.4913119437956197,1.0,1206,0,-0.0030140186218513,-0.6283185307179586,84,-106,thymio-07
20,1788307221.7453015,2.6677303314208984,-0.3628606498241424,-0.1345081937225485,98.2000000000001,2.6677303314208984,0.0750997215509414,-0.3628606498241424,0.4332414865493774,0.7319900393486023,0.4524979591369629,-0.2678396999835968,-0.8287302799164595,1.0,0,0,-0.0097008549471665,0.6283185307179586,-129,60,thymio-07
21,1788307222.3540285,2.6585254669189453,-0.366974264383316,0.0672123690973318,98.10000000000012,2.6585254669189453,0.075571484863758,-0.366974264383316,0.3415317833423614,0.765795886516571,0.5283697247505188,-0.1331849545240402,-0.7981014731735001,-0.4358587986037405,0,0,-0.0343264155685059,0.6283185307179586,-217,-27,thymio-07
22,1788307222.9617696,2.6585254669189453,-0.366974264383316,0.0672123690973318,98.00000000000011,2.6585254669189453,0.075571484863758,-0.366974264383316,0.3415317833423614,0.765795886516571,0.5283697247505188,-0.1331849545240402,-0.7981014731735001,-0.4358587986037405,0,0,-0.0085816038921264,0.6283185307179586,-125,64,thymio-07
23,1788307223.5690794,2.6554043292999268,-0.3823443055152893,-0.2604220436045872,97.90000000000012,2.6554043292999268,0.0753111466765403,-0.3823443055152893,0.4637434482574463,0.7064810991287231,0.4268151819705963,-0.3219553828239441,-0.7897817097712264,1.0,0,0,-0.0102538763359834,-0.6283185307179586,58,-131,thymio-07
24,1788307224.1769044,2.6554043292999268,-0.3823443055152893,-0.2604220436045872,97.80000000000013,2.6554043292999268,0.0753111466765403,-0.3823443055152893,0.4637434482574463,0.7064810991287231,0.4268151819705963,-0.3219553828239441,-0.7897817097712264,1.0,0,0,-0.0102538763359834,-0.6283185307179586,58,-131,thymio-07
25,1788307224.7801728,10000.0,10000.0,0.0,97.80000000000013,2.6554043292999268,0.0753111466765403,-0.3823443055152893,0.4637434482574463,0.7064810991287231,0.4268151819705963,-0.3219553828239441,1.0,1.0,0,0,-0.03,0.6283185307179586,-201,-12,thymio-07
26,1788307225.383349,2.6431093215942383,-0.3961532711982727,-1.194458684167322,97.80000000000013,2.6431093215942383,0.0755081176757812,-0.3961532711982727,0.5483241081237793,0.6113139986991882,0.3058342933654785,-0.4817690253257751,-0.4372380658373664,1.0,0,0,-0.0155208214290087,-0.6283185307179586,40,-150,thymio-07
27,1788307225.991366,2.6431093215942383,-0.3961532711982727,-1.194458684167322,97.70000000000012,2.6431093215942383,0.0755081176757812,-0.3961532711982727,0.5483241081237793,0.6113139986991882,0.3058342933654785,-0.4817690253257751,-0.4372380658373664,1.0,0,0,-0.0155208214290087,-0.6283185307179586,40,-150,thymio-07
28,1788307226.5997913,2.6037280559539795,-0.412846952676773,-0.3619372490833652,97.43670421429329,2.6037280559539795,0.0746994093060493,-0.412846952676773,0.4775669574737549,0.7062517404556274,0.3978551626205444,-0.3388947546482086,-0.806899643663041,1.0,0,0,-0.0272526864949149,0.6283185307179586,-192,-2,thymio-07
29,1788307227.2072463,2.6037280559539795,-0.412846952676773,-0.3619372490833652,97.33670421429328,2.6037280559539795,0.0746994093060493,-0.412846952676773,0.4775669574737549,0.7062517404556274,0.3978551626205444,-0.3388947546482086,-0.806899643663041,1.0,0,0,-0.0272526864949149,0.6283185307179586,-192,-2,thymio-07
30,1788307227.815061,2.5806803703308105,-0.4274091124534607,0.0920761619259997,97.18121720685878,2.5806803703308105,0.0759441331028938,-0.4274091124534607,0.309116780757904,0.7759537100791931,0.5437917113304138,-0.0814457163214683,1.0,-0.1925793366146192,0,0,-0.0666053665590157,0.6283185307179586,-332,-142,thymio-07
31,1788307228.423421,2.5806803703308105,-0.4274091124534607,0.0920761619259997,97.08121720685878,2.5806803703308105,0.0759441331028938,-0.4274091124534607,0.309116780757904,0.7759537100791931,0.5437917113304138,-0.0814457163214683,1.0,-0.1925793366146192,0,0,-0.0666053665590157,0.6283185307179586,-332,-142,thymio-07
32,1788307229.0272453,10000.0,10000.0,0.0,97.08121720685878,2.5806803703308105,0.0759441331028938,-0.4274091124534607,0.309116780757904,0.7759537100791931,0.5437917113304138,-0.0814457163214683,1.0,1.0,0,0,-9.184850993605149e-18,0.6283185307179586,-95,95,thymio-07
33,1788307229.6310978,10000.0,10000.0,0.0,97.08121720685878,2.5806803703308105,0.0759441331028938,-0.4274091124534607,0.309116780757904,0.7759537100791931,0.5437917113304138,-0.0814457163214683,1.0,1.0,0,0,-9.184850993605149e-18,0.6283185307179586,-95,95,thymio-07
34,1788307230.234735,10000.0,10000.0,0.0,97.08121720685878,2.5806803703308105,0.0759441331028938,-0.4274091124534607,0.309116780757904,0.7759537100791931,0.5437917113304138,-0.0814457163214683,1.0,1.0,0,0,-9.184850993605149e-18,0.6283185307179586,-95,95,thymio-07
35,1788307230.838331,10000.0,10000.0,0.0,97.08121720685878,2.5806803703308105,0.0759441331028938,-0.4274091124534607,0.309116780757904,0.7759537100791931,0.5437917113304138,-0.0814457163214683,1.0,1.0,0,0,-9.184850993605149e-18,0.6283185307179586,-95,95,thymio-07
36,1788307231.441857,2.481574296951294,-0.4878405928611755,-2.038283676080344,97.08121720685878,2.481574296951294,0.0762866884469986,-0.4878405928611755,0.6155945658683777,0.434222400188446,0.1325348764657974,-0.644149661064148,-0.2442109808061026,1.0,0,0,-0.1875149776287695,-0.6283185307179586,-500,-500,thymio-07
37,1788307232.049183,2.4680697917938232,-0.5025928020477295,-2.152304482771668,96.9812172068588,2.4680697917938232,0.0766135677695274,-0.5025928020477295,0.5467357039451599,-0.0990555360913276,-0.3107160925865173,-0.77118319272995,-0.2105972926421002,1.0,0,0,-0.1954141577901294,-0.6283185307179586,-500,-500,thymio-07
38,1788307232.6568696,2.4680697917938232,-0.5025928020477295,-2.152304482771668,96.8812172068588,2.4680697917938232,0.0766135677695274,-0.5025928020477295,0.5467357039451599,-0.0990555360913276,-0.3107160925865173,-0.77118319272995,-0.2105972926421002,1.0,0,0,-0.1954141577901294,-0.6283185307179586,-500,-500,thymio-07
39,1788307233.2644403,2.506878137588501,-0.4021681249141693,-2.1505685772681336,96.7812172068588,2.506878137588501,0.0768850296735763,-0.4021681249141693,0.5355856418609619,-0.1184639185667038,-0.3176512122154236,-0.7734417915344238,-0.2037185440221198,1.0,0,0,-0.1417990319061363,-0.6283185307179586,-409,-500,thymio-07
40,1788307233.8849237,2.562195301055908,-0.2664053738117218,-2.131029756497426,96.6812172068588,2.562195301055908,0.0768925175070762,-0.2664053738117218,0.5310379266738892,-0.1206389367580413,-0.3267747759819031,-0.7724397778511047,-0.7562784893846578,1.0,0,0,-0.0679520945347351,-0.6283185307179586,-147,-336,thymio-07
41,1788307234.4929557,2.596311569213867,-0.1777073442935943,-2.176875563774626,96.5812172068588,2.596311569213867,0.0773933604359626,-0.1777073442935943,0.5454460382461548,-0.0807191431522369,-0.2877526879310608,-0.7830527424812317,-0.7581317721657405,1.0,0,0,-0.0664620551787446,0.6283185307179586,-331,-141,thymio-07
42,1788307235.101524,2.596311569213867,-0.1777073442935943,-2.176875563774626,96.48121720685882,2.596311569213867,0.0773933604359626,-0.1777073442935943,0.5454460382461548,-0.0807191431522369,-0.2877526879310608,-0.7830527424812317,-0.7581317721657405,1.0,0,0,-0.0166155137946861,0.6283185307179586,-154,36,thymio-07
43,1788307235.709663,2.604055404663086,-0.0932139605283737,-2.180806649817894,96.38121720685882,2.604055404663086,0.0779009759426117,-0.0932139605283737,0.5619772672653198,-0.0531579293310642,-0.2749593257904053,-0.7783015370368958,-0.7535955891649895,1.0,0,0,-0.0175272865778371,0.6283185307179586,-157,33,thymio-07
44,1788307236.3173735,2.6033260822296143,-0.0744040161371231,-2.073593849610249,96.28121720685884,2.6033260822296143,0.0788970217108726,-0.0744040161371231,0.4898993372917175,-0.2279349863529205,-0.3798296153545379,-0.7508487105369568,-0.7678155389229983,1.0,0,0,-0.0146690766764773,0.6283185307179586,-147,43,thymio-07
45,1788307236.9259968,2.6033260822296143,-0.0744040161371231,-2.073593849610249,96.18121720685885,2.6033260822296143,0.0788970217108726,-0.0744040161371231,0.4898993372917175,-0.2279349863529205,-0.3798296153545379,-0.7508487105369568,-0.7678155389229983,1.0,0,0,-0.0146690766764773,0.6283185307179586,-147,43,thymio-07
46,1788307237.533749,2.604485034942627,-0.0700966343283653,-1.944684458810482,96.08121720685884,2.604485034942627,0.0784840956330299,-0.0700966343283653,0.4551407694816589,-0.2848798632621765,-0.4252289235591888,-0.7286088466644287,-0.7753012811939104,1.0,0,0,-0.013164442480024,0.6283185307179586,-142,48,thymio-07
47,1788307238.1432152,2.619204044342041,-0.0512306168675422,-0.0617583529322351,95.98121720685884,2.619204044342041,0.078963465988636,-0.0512306168675422,0.1573906540870666,-0.6293371915817261,-0.6022467613220215,-0.4652544260025024,1.0,0.2718247209646007,0,0,-0.0126853806833064,0.6283185307179586,-140,50,thymio-07
48,1788307238.750547,2.627497911453247,-0.048823032528162,0.0864419148147255,95.88121720685884,2.627497911453247,0.0789077281951904,-0.048823032528162,0.0203344095498323,-0.7131991386413574,-0.6143264770507812,-0.3369519114494324,1.0,-0.8233062456308711,0,0,-0.0035154446281948,0.6283185307179586,-107,82,thymio-07
49,1788307239.3587255,2.627497911453247,-0.048823032528162,0.0864419148147255,95.78121720685886,2.627497911453247,0.0789077281951904,-0.048823032528162,0.0203344095498323,-0.7131991386413574,-0.6143264770507812,-0.3369519114494324,1.0,-0.8233062456308711,0,0,-0.0035154446281948,0.6283185307179586,-107,82,thymio-07
50,1788307239.9666686,2.6378045082092285,-0.049771349877119,0.1348666460637648,95.68121720685886,2.6378045082092285,0.0785048678517341,-0.049771349877119,-0.1565421819686889,-0.7720877528190613,-0.6012827754020691,-0.1335449665784835,1.0,0.2954667071312855,0,0,0.0,0.6283185307179586,-95,95,thymio-07
51,1788307240.5754712,2.6434438228607178,-0.0419837087392807,0.0960777826421783,95.58121720685888,2.6434438228607178,0.0793980211019516,-0.0419837087392807,-0.2936613857746124,-0.7778338193893433,-0.5532763004302979,0.0512154437601566,1.0,-0.2667287478662365,0,0,0.0,0.6283185307179586,-95,95,thymio-07
52,1788307241.183813,2.649676561355591,-0.0414087176322937,-0.0777526740505178,95.48121720685889,2.649676561355591,0.079560175538063,-0.0414087176322937,-0.4138329923152923,-0.7444645762443542,-0.4693353772163391,0.2328927516937255,1.0,0.2043048537609468,3851,0,-0.08,0.6283185307179586,-379,-189,thymio-07
53,1788307241.792755,2.649676561355591,-0.0414087176322937,-0.0777526740505178,95.38121720685888,2.649676561355591,0.079560175538063,-0.0414087176322937,-0.4138329923152923,-0.7444645762443542,-0.4693353772163391,0.2328927516937255,1.0,0.2043048537609468,1516,0,0.0,0.6283185307179586,-95,95,thymio-07
54,1788307242.400681,2.613000631332397,-0.0625693127512931,-1.248634804100998,95.15732602426397,2.613000631332397,0.0782123729586601,-0.0625693127512931,-0.5593196749687195,-0.6054837703704834,-0.2971113920211792,0.4819499254226684,-0.819408082381705,1.0,0,0,-0.0171959017651091,0.6283185307179586,-156,34,thymio-07
55,1788307243.0087366,2.609462261199951,-0.0690868198871612,-1.88532342769021,95.05732602426396,2.609462261199951,0.0782470256090164,-0.0690868198871612,-0.6079798340797424,-0.4904223084449768,-0.1659846305847168,0.6019099354743958,-0.8290133084527466,1.0,1504,0,-0.0094733000039917,0.6283185307179586,-129,61,thymio-07
56,1788307243.616625,2.609462261199951,-0.0690868198871612,-1.88532342769021,94.95732602426398,2.609462261199951,0.0782470256090164,-0.0690868198871612,-0.6079798340797424,-0.4904223084449768,-0.1659846305847168,0.6019099354743958,-0.8290133084527466,1.0,0,0,-0.0023683250009979,0.6283185307179586,-103,86,thymio-07
57,1788307244.225385,2.599236249923706,-0.0697326809167862,-2.156220216217524,94.85732602426398,2.599236249923706,0.0792116075754165,-0.0697326809167862,-0.6212682723999023,-0.3426468074321747,-0.0507150813937187,0.7028847336769104,-0.8297282612112215,1.0,0,0,-0.0022246194965444,-0.6283185307179586,87,-103,thymio-07
58,1788307244.833886,2.586449146270752,-0.0731682330369949,-2.215022765085592,94.757326024264,2.586449146270752,0.0790572538971901,-0.0731682330369949,-0.5996039509773254,-0.035759262740612,0.20644111931324,0.7723848819732666,-0.7976193303973176,1.0,0,0,-0.0086785145901391,-0.6283185307179586,64,-126,thymio-07
59,1788307245.4428518,2.586449146270752,-0.0731682330369949,-2.215022765085592,94.657326024264,2.586449146270752,0.0790572538971901,-0.0731682330369949,-0.5996039509773254,-0.035759262740612,0.20644111931324,0.7723848819732666,-0.7976193303973176,1.0,0,0,-0.0086785145901391,-0.6283185307179586,64,-126,thymio-07
60,1788307246.0506165,2.5906906127929688,-0.0653876587748527,-2.2017206933767017,94.557326024264,2.5906906127929688,0.0792951583862304,-0.0653876587748527,-0.6275020837783813,-0.2037537097930908,0.078338086605072,0.7473879456520081,-0.786995551016324,1.0,0,0,-0.0108138942457188,-0.6283185307179586,56,-133,thymio-07
61,1788307246.659877,2.586820602416992,-0.0471187010407447,-2.0184350028701257,94.457326024264,2.586820602416992,0.0790229588747024,-0.0471187010407447,-0.6069599390029907,-0.4445541799068451,-0.132697656750679,0.6452616453170776,-0.77294374464969,1.0,0,0,-0.0136383073254123,-0.6283185307179586,46,-143,thymio-07
62,1788307247.267673,2.566994428634644,-0.0358663275837898,-0.8740461477624715,94.3481371646473,2.566994428634644,0.0802131369709968,-0.0358663275837898,-0.5318927764892578,-0.6460634469985962,-0.3349074423313141,0.4330464601516723,-0.2558705881155938,0.1538967552774865,0,0,-0.0263229685588349,0.6283185307179586,-188,1,thymio-07
63,1788307247.875857,2.566994428634644,-0.0358663275837898,-0.8740461477624715,94.2481371646473,2.566994428634644,0.0802131369709968,-0.0358663275837898,-0.5318927764892578,-0.6460634469985962,-0.3349074423313141,0.4330464601516723,-0.2558705881155938,0.1538967552774865,0,0,-0.0263229685588349,0.6283185307179586,-188,1,thymio-07
64,1788307248.4837627,2.5502026081085205,-0.0439926795661449,-0.9103754420253772,94.14813716464732,2.5502026081085205,0.0797890350222587,-0.0439926795661449,-0.5287681818008423,-0.6355726718902588,-0.3414253294467926,0.4470797479152679,-0.2524035894640102,0.101078059157849,0,0,-0.1496393998724526,0.6283185307179586,-500,-437,thymio-07
65,1788307249.0926137,2.5230679512023926,-0.0513834506273269,-1.873063604312202,93.99062389379964,2.5230679512023926,0.0799106210470199,-0.0513834506273269,-0.6078085899353027,-0.4950921237468719,-0.1757267713546753,0.5954601168632507,-0.5916143089449813,1.0,0,0,-0.2,-0.6283185307179586,-500,-500,thymio-07
66,1788307249.7000089,2.5230679512023926,-0.0513834506273269,-1.873063604312202,93.89062389379966,2.5230679512023926,0.0799106210470199,-0.0513834506273269,-0.6078085899353027,-0.4950921237468719,-0.1757267713546753,0.5954601168632507,-0.5916143089449813,1.0,0,0,-0.2,-0.6283185307179586,-500,-500,thymio-07
67,1788307250.3078592,2.438993215560913,-0.0226093642413616,-1.941269485480055,93.44645704859744,2.438993215560913,0.0806135535240173,-0.0226093642413616,-0.6092972755432129,-0.471873939037323,-0.1509826183319091,0.6191092133522034,-0.4805765929431367,1.0,0,0,-0.2,-0.6283185307179586,-500,-500,thymio-07
68,1788307250.9155395,2.325838565826416,0.0207630209624767,-1.9726768423263823,92.81851321786262,2.325838565826416,0.0812403410673141,0.0207630209624767,-0.6058378219604492,-0.4659376144409179,-0.1562953740358352,0.625647246837616,-0.3490667575096949,1.0,0,0,-0.126004117454933,-0.6283185307179586,-353,-500,thymio-07
69,1788307251.5234234,2.325838565826416,0.0207630209624767,-1.9726768423263823,92.71851321786262,2.325838565826416,0.0812403410673141,0.0207630209624767,-0.6058378219604492,-0.4659376144409179,-0.1562953740358352,0.625647246837616,-0.3490667575096949,1.0,0,0,-0.126004117454933,-0.6283185307179586,-353,-500,thymio-07
70,1788307252.1314297,2.1863088607788086,0.0762594789266586,-1.94528353883184,91.84735744902278,2.1863088607788086,0.0832036212086677,0.0762594789266586,-0.6074286699295044,-0.4730291068553924,-0.1570480763912201,0.6185546517372131,-0.214567282272246,1.0,0,0,-0.046587050766256,-0.6108966907374398,-73,-258,thymio-07
71,1788307252.7397316,2.0447561740875244,0.1075673997402191,-1.5405483419485957,90.97032444512392,2.0447561740875244,0.0847192853689193,0.1075673997402191,-0.5732232928276062,-0.5711266994476318,-0.2511396110057831,0.5311858654022217,-0.0690625989244876,1.0,0,0,-0.0754612888641695,-0.4631827460802742,-198,-338,thymio-07
72,1788307253.3472738,1.9724549055099487,0.0947416126728057,-0.3537601541854211,90.5454002149195,1.9724549055099487,0.0844800546765327,0.0947416126728057,-0.4753295183181762,-0.7018934488296509,-0.4008828103542328,0.3474197387695312,1.0,-0.167355865442222,0,0,-0.0702597105059668,0.6283185307179586,-345,-155,thymio-07
73,1788307253.9553635,1.9724549055099487,0.0947416126728057,-0.3537601541854211,90.4454002149195,1.9724549055099487,0.0844800546765327,0.0947416126728057,-0.4753295183181762,-0.7018934488296509,-0.4008828103542328,0.3474197387695312,1.0,-0.167355865442222,0,0,-0.0702597105059668,0.6283185307179586,-345,-155,thymio-07
74,1788307254.5635884,1.944077491760254,0.0743037909269332,-0.31351216284214,90.27504060941176,1.944077491760254,0.0841761007905006,0.0743037909269332,-0.4703556299209595,-0.7073383927345276,-0.4098445177078247,0.3323635160923004,1.0,-0.2173379858027894,0,0,-0.0582197778697865,0.6283185307179586,-302,-112,thymio-07
75,1788307255.171081,1.8573497533798216,0.0424631722271442,-1.730125539393998,89.75842913500789,1.8573497533798216,0.0843408107757568,0.0424631722271442,-0.591399073600769,-0.5352131724357605,-0.2128460556268692,0.5643497705459595,0.1851488298611776,1.0,0,0,-0.0746684140586271,-0.0344624353437974,-260,-271,thymio-07
76,1788307255.7794752,1.8032182455062864,0.0590763017535209,-1.979900243383561,89.44067691459084,1.8032182455062864,0.0849532634019851,0.0590763017535209,-0.6081319451332092,-0.4579294919967651,-0.1389009654521942,0.6333898305892944,0.2979549516964845,1.0,0,0,-0.0837232228502509,-0.407869584736564,-236,-359,thymio-07
77,1788307256.388687,1.8032182455062864,0.0590763017535209,-1.979900243383561,89.34067691459084,1.8032182455062864,0.0849532634019851,0.0590763017535209,-0.6081319451332092,-0.4579294919967651,-0.1389009654521942,0.6333898305892944,0.2979549516964845,1.0,0,0,-0.0837232228502509,-0.407869584736564,-236,-359,thymio-07
78,1788307256.99623,1.7638850212097168,0.0749174654483795,-1.9184752812167436,89.10972999278964,1.7638850212097168,0.085584208369255,0.0749174654483795,-0.6020673513412476,-0.4831037223339081,-0.1595499664545059,0.6153613924980164,0.372527774965983,1.0,0,0,-0.0963252943069431,-0.5766166600176202,-255,-429,thymio-07
79,1788307257.604117,1.6397331953048706,0.090930737555027,-1.0589073790785593,88.36757945791116,1.6397331953048706,0.0862394571304321,0.090930737555027,-0.5412906408309937,-0.6242448091506958,-0.321395069360733,0.4626317024230957,0.9408598502575318,-0.1987004125511274,0,0,-0.1409500220525045,0.2892057612571365,-500,-457,thymio-07
80,1788307258.212556,1.568803071975708,0.0664176046848297,-0.5068297528091987,87.93632846281592,1.568803071975708,0.0867469832301139,0.0664176046848297,-0.4960893988609314,-0.6792054772377014,-0.3828516602516174,0.3820992112159729,1.0,-0.1802725675304647,0,0,-0.1093260156107305,0.6283185307179586,-483,-294,thymio-07
81,1788307258.8204083,1.568803071975708,0.0664176046848297,-0.5068297528091987,87.83632846281593,1.568803071975708,0.0867469832301139,0.0664176046848297,-0.4960893988609314,-0.6792054772377014,-0.3828516602516174,0.3820992112159729,1.0,-0.1802725675304647,0,0,-0.1093260156107305,0.6283185307179586,-483,-294,thymio-07
82,1788307259.4288025,1.4824687242507937,0.0248850546777248,-0.8160791862645675,87.35846469427781,1.4824687242507937,0.0873504728078842,0.0248850546777248,-0.5243020057678223,-0.6489402055740356,-0.3448473215103149,0.4301910698413849,1.0,-0.1988167523427007,0,0,-0.1334955698445355,0.6283185307179586,-500,-379,thymio-07
83,1788307260.037294,1.3802883625030518,0.0085984701290726,-1.6918958467436245,86.79960707928193,1.3802883625030518,0.0877510458230972,0.0085984701290726,-0.5831528306007385,-0.5455840826034546,-0.209738627076149,0.5641636252403259,0.6805504139846805,1.0,0,0,-0.1380822727717748,-0.6283185307179586,-396,-500,thymio-07
84,1788307260.6456418,1.3802883625030518,0.0085984701290726,-1.6918958467436245,86.69960707928193,1.3802883625030518,0.0877510458230972,0.0085984701290726,-0.5831528306007385,-0.5455840826034546,-0.209738627076149,0.5641636252403259,0.6805504139846805,1.0,0,0,-0.1380822727717748,-0.6283185307179586,-396,-500,thymio-07
85,1788307261.2537165,1.2750805616378784,0.0325242392718791,-1.8999750865604896,85.98709182014443,1.2750805616378784,0.0885954797267913,0.0325242392718791,-0.5964539051055908,-0.4909015595912933,-0.1626146584749221,0.6138525009155273,0.697418433229726,1.0,0,0,-0.1190301368036496,-0.6283185307179586,-328,-500,thymio-07
86,1788307261.8640451,1.1160532236099243,0.0650316774845123,-1.580322445329001,84.99639819951628,1.1160532236099243,0.0894741863012313,0.0650316774845123,-0.5718945264816284,-0.5666190385818481,-0.2409910559654235,0.5420358180999756,0.7031989415549031,1.0,0,0,-0.138059431592328,-0.551801586618551,-407,-500,thymio-07
87,1788307262.4730656,1.1160532236099243,0.0650316774845123,-1.580322445329001,84.89639819951628,1.1160532236099243,0.0894741863012313,0.0650316774845123,-0.5718945264816284,-0.5666190385818481,-0.2409910559654235,0.5420358180999756,0.7031989415549031,1.0,0,0,-0.138059431592328,-0.551801586618551,-407,-500,thymio-07
88,1788307263.0814538,0.9797483086586,0.0506735295057296,-0.9796575336657812,84.05594619102219,0.9797483086586,0.0899476632475853,0.0506735295057296,-0.5345686674118042,-0.6376131772994995,-0.3189347386360168,0.4538353085517883,1.0,0.0689302672169591,0,0,-0.1408563116740994,0.3621596960117824,-500,-446,thymio-07
89,1788307263.6897838,0.8694974780082703,0.0155221410095691,-0.7595415496480822,83.30537176416868,0.8694974780082703,0.0905595123767852,0.0155221410095691,-0.5212764143943787,-0.6610831618309021,-0.3422587215900421,0.4172517359256744,1.0,0.0885977281751364,0,0,-0.130913373730421,0.6283185307179586,-500,-370,thymio-07
90,1788307264.2981284,0.8185017108917236,-0.0012571401894092,-0.8592405946589681,82.99772543567236,0.8185017108917236,0.0903328582644462,-0.0012571401894092,-0.5276881456375122,-0.6499428153038025,-0.3319059312343597,0.4346930384635925,1.0,0.0951835586982379,0,0,-0.1368808470682489,0.5649000704807567,-500,-401,thymio-07
91,1788307264.906072,0.8185017108917236,-0.0012571401894092,-0.8592405946589681,82.89772543567237,0.8185017108917236,0.0903328582644462,-0.0012571401894092,-0.5276881456375122,-0.6499428153038025,-0.3319059312343597,0.4346930384635925,1.0,0.0951835586982379,0,0,-0.1368808470682489,0.5649000704807567,-500,-401,thymio-07
92,1788307265.5141964,0.7282436490058899,-0.0220716875046491,-1.358488387376157,82.39923977870446,0.7282436490058899,0.0911554247140884,-0.0220716875046491,-0.5621684193611145,-0.5967366099357605,-0.2731287777423858,0.5032621026039124,0.8217052229694597,1.0,0,0,-0.1464003237216107,-0.1761389039115515,-494,-500,thymio-07
93,1788307266.1222365,0.5853198170661926,-0.0190819911658763,-1.7849929688471609,81.51671562479666,0.5853198170661926,0.0919398441910743,-0.0190819911658763,-0.5955215096473694,-0.5220124125480652,-0.1944968253374099,0.5788161158561707,0.959671537672367,1.0,0,0,-0.1221252546979124,-0.6283185307179586,-339,-500,thymio-07
94,1788307266.7299566,0.5853198170661926,-0.0190819911658763,-1.7849929688471609,81.41671562479667,0.5853198170661926,0.0919398441910743,-0.0190819911658763,-0.5955215096473694,-0.5220124125480652,-0.1944968253374099,0.5788161158561707,0.959671537672367,1.0,0,0,-0.1275496104426193,-0.3029992882637842,-407,-499,thymio-07
95,1788307267.337999,0.4450044333934784,0.0179011933505535,-1.8536059986079316,80.626594056381,0.4450044333934784,0.0938222110271453,0.0179011933505535,-0.5984148979187012,-0.5050848722457886,-0.1872239857912063,0.5930734872817993,1.0,1.0,0,0,-0.1278416209720136,-0.3932488323779408,-395,-500,thymio-07
96,1788307267.946792,0.3527551293373108,0.0314153283834457,-1.5843018541392142,80.11818166631548,0.3527551293373108,0.0952027738094329,0.0314153283834457,-0.5751283168792725,-0.5641826391220093,-0.2468730956315994,0.5384971499443054,1.0,1.0,0,0,-0.1357827771703744,-0.0347509950095702,-477,-488,thymio-07
97,1788307268.5545073,0.3527551293373108,0.0314153283834457,-1.5843018541392142,80.01818166631548,0.3527551293373108,0.0952027738094329,0.0314153283834457,-0.5751283168792725,-0.5641826391220093,-0.2468730956315994,0.5384971499443054,1.0,1.0,0,0,-0.1357827771703744,-0.0347509950095702,-477,-488,thymio-07
98,1788307269.161735,0.1988468617200851,0.0244636945426464,-1.2319736206861391,79.06409193273886,0.1988468617200851,0.0976703017950058,0.0244636945426464,-0.5464316606521606,-0.6105520725250244,-0.2949325144290924,0.4915826618671417,1.0,1.0,0,0,-0.1314347257175744,0.4533226015337567,-500,-399,thymio-07
99,1788307269.7700498,0.0393612310290336,0.0042106797918677,-1.277879048253702,78.16401868548002,0.0393612310290336,0.0981779843568801,0.0042106797918677,-0.5526512861251831,-0.6065717339515686,-0.2850894629955292,0.4953496754169464,1.0,1.0,0,0,-0.1428116572125329,0.1045331881359603,-500,-492,thymio-07
100,1788307270.377585,-0.083762913942337,0.0018589914543554,-1.659134652843114,77.47913814630554,-0.083762913942337,0.0986795276403427,0.0018589914543554,-0.5794523358345032,-0.5519275069236755,-0.2299510091543197,0.5538353323936462,1.0,1.0,0,0,-0.1346962693580924,-0.4181815997037553,-415,-500,thymio-07
101,1788307270.9854047,-0.083762913942337,0.0018589914543554,-1.659134652843114,77.37913814630555,-0.083762913942337,0.0986795276403427,0.0018589914543554,-0.5794523358345032,-0.5519275069236755,-0.2299510091543197,0.5538353323936462,1.0,1.0,0,0,-0.1346962693580924,-0.4181815997037553,-415,-500,thymio-07
102,1788307271.5937457,-0.2117632925510406,0.0128570469096302,-1.560441713266122,76.66543245925043,-0.2117632925510406,0.0989498794078826,0.0128570469096302,-0.5727280974388123,-0.5695831775665283,-0.2411735951900482,0.5379524827003479,1.0,1.0,0,0,-0.1355397852009435,-0.2779700452509243,-440,-500,thymio-07
103,1788307272.2019937,-0.3082098066806793,0.011795412749052,-1.359712448464682,76.01661011825993,-0.3082098066806793,0.0991329997777938,0.011795412749052,-0.5524722337722778,-0.5992058515548706,-0.2708924412727356,0.5121952891349792,1.0,1.0,0,0,-0.1372290091727707,0.0166196500834716,-490,-485,thymio-07
104,1788307272.8099065,-0.3082098066806793,0.011795412749052,-1.359712448464682,75.91661011825994,-0.3082098066806793,0.0991329997777938,0.011795412749052,-0.5524722337722778,-0.5992058515548706,-0.2708924412727356,0.5121952891349792,1.0,1.0,0,0,-0.1372290091727707,0.0166196500834716,-490,-485,thymio-07
105,1788307273.4181502,-0.425255686044693,0.0006288842996582,-1.2631415887626474,75.26645612598675,-0.425255686044693,0.0987490266561508,0.0006288842996582,-0.5520712733268738,-0.6113642454147339,-0.2773355841636657,0.4945060014724731,1.0,1.0,0,0,-0.1388535780104612,0.429151954430222,-500,-429,thymio-07
106,1788307274.0263877,-0.5764312744140625,-0.0110665298998355,-1.473573080729685,74.41658171433,-0.5764312744140625,0.0981726571917533,-0.0110665298998355,-0.5618341565132141,-0.5821627378463745,-0.2638410627841949,0.525182843208313,1.0,1.0,0,0,-0.1350631342035504,-0.1308451679280879,-460,-500,thymio-07
107,1788307274.6338866,-0.5764312744140625,-0.0110665298998355,-1.473573080729685,74.31658171433,-0.5764312744140625,0.0981726571917533,-0.0110665298998355,-0.5618341565132141,-0.5821627378463745,-0.2638410627841949,0.525182843208313,1.0,1.0,0,0,-0.1350631342035504,-0.1308451679280879,-460,-500,thymio-07
108,1788307275.2424428,-0.6788555979728699,-0.0086661605164408,-1.733033200547779,73.75107825306185,-0.6788555979728699,0.0996565520763397,-0.0086661605164408,-0.5771077275276184,-0.539448082447052,-0.2377237230539322,0.565181314945221,1.0,1.0,0,0,-0.1264984651335578,-0.4533925347949749,-381,-500,thymio-07
109,1788307275.8553166,-0.837306022644043,0.0050719850696623,-1.639441945308195,72.76685666315598,-0.837306022644043,0.0996403619647026,0.0050719850696623,-0.5758002400398254,-0.5558842420578003,-0.2380791008472442,0.5502409934997559,1.0,1.0,0,0,-0.1284349024099877,-0.3028161954596418,-411,-500,thymio-07
110,1788307276.46376,-0.9723604321479796,0.0019479249604046,-1.2088037025709686,72.01236593792363,-0.9723604321479796,0.0999632403254509,0.0019479249604046,-0.5465811491012573,-0.6129657626152039,-0.297088086605072,0.4870942831039428,1.0,1.0,0,0,-0.1283618955094537,0.3007767962429375,-500,-411,thymio-07
111,1788307277.0714376,-0.9723604321479796,0.0019479249604046,-1.2088037025709686,71.91236593792364,-0.9723604321479796,0.0999632403254509,0.0019479249604046,-0.5465811491012573,-0.6129657626152039,-0.297088086605072,0.4870942831039428,1.0,1.0,0,0,-0.1283618955094537,0.3007767962429375,-500,-411,thymio-07
112,1788307277.6800342,-1.0794594287872314,-0.0141993109136819,-1.3999960959853697,71.31887149456476,-1.0794594287872314,0.0995126366615295,-0.0141993109136819,-0.5605772733688354,-0.5906109809875488,-0.2746577560901642,0.5113657712936401,1.0,1.0,0,0,-0.1444558165196958,0.2435314822711521,-500,-476,thymio-07
113,1788307278.2884111,-1.142518401145935,-0.0159119330346584,-1.624910024209378,70.9756407442612,-1.142518401145935,0.0991223901510238,-0.0159119330346584,-0.5728848576545715,-0.5588780641555786,-0.2420521974563598,0.5485152006149292,1.0,1.0,0,0,-0.1497804316692759,-0.0811309367413983,-500,-500,thymio-07
114,1788307278.896319,-1.2616077661514282,-0.0040309056639671,-1.7508862856639715,70.16783572711262,-1.2616077661514282,0.1000994965434074,-0.0040309056639671,-0.5870328545570374,-0.5328277945518494,-0.2153450101613998,0.5701873302459717,0.6672353069478607,1.0,0,0,-0.1339290636528572,-0.3733331664382814,-419,-500,thymio-07
115,1788307279.5042243,-1.2616077661514282,-0.0040309056639671,-1.7508862856639715,70.06783572711262,-1.2616077661514282,0.1000994965434074,-0.0040309056639671,-0.5870328545570374,-0.5328277945518494,-0.2153450101613998,0.5701873302459717,0.6672353069478607,1.0,0,0,-0.1339290636528572,-0.3733331664382814,-419,-500,thymio-07
116,1788307280.1118374,-1.4024335145950315,0.0211329385638237,-1.7497278662808942,69.2772744395811,-1.4024335145950315,0.101942591369152,0.0211329385638237,-0.5890043377876282,-0.5322570204734802,-0.2092123478651046,0.5709699392318726,1.0,1.0,0,0,-0.1476051625799958,-0.2669674099460457,-484,-500,thymio-07
117,1788307280.7203536,-1.5424983501434326,0.0371484942734241,-1.6181413014583357,68.49250518893365,-1.5424983501434326,0.1033197864890098,0.0371484942734241,-0.5783810019493103,-0.5583827495574951,-0.2401980608701706,0.5440487861633301,1.0,1.0,0,0,-0.149831915404033,-0.0709909334765264,-500,-500,thymio-07
118,1788307281.328375,-1.5424983501434326,0.0371484942734241,-1.6181413014583357,68.39250518893365,-1.5424983501434326,0.1033197864890098,0.0371484942734241,-0.5783810019493103,-0.5583827495574951,-0.2401980608701706,0.5440487861633301,1.0,1.0,0,0,-0.149831915404033,-0.0709909334765264,-500,-500,thymio-07
119,1788307281.9369688,-1.660698652267456,0.0447335317730903,-1.6775354019143025,67.59131172316725,-1.660698652267456,0.104937233030796,0.0447335317730903,-0.5847360491752625,-0.5468558073043823,-0.2295692861080169,0.5534713864326477,1.0,1.0,0,0,-0.1491463187157401,-0.1598047601114764,-500,-500,thymio-07
120,1788307282.5446258,-1.7704230546951294,0.0578015223145484,-1.7406475563432169,66.92079109849675,-1.7704230546951294,0.1062815263867378,0.0578015223145484,-0.5921201109886169,-0.5328900218009949,-0.2125804871320724,0.5658901929855347,0.9926643795982876,1.0,0,0,-0.1386995246766375,-0.3093663387171995,-446,-500,thymio-07
121,1788307283.1525967,-1.7704230546951294,0.0578015223145484,-1.7406475563432169,66.82079109849676,-1.7704230546951294,0.1062815263867378,0.0578015223145484,-0.5921201109886169,-0.5328900218009949,-0.2125804871320724,0.5658901929855347,0.9926643795982876,1.0,0,0,-0.1386995246766375,-0.3093663387171995,-446,-500,thymio-07
122,1788307283.7608123,-1.9494332075119016,0.0927569270133972,-1.799913158329697,65.69824802558337,-1.9494332075119016,0.1075126081705093,0.0927569270133972,-0.5929693579673767,-0.5202279686927795,-0.200982317328453,0.5808238983154297,1.0,1.0,0,1104,-0.1381567172601108,-0.3782102394199695,-434,-500,thymio-07
123,1788307284.3693438,-2.059755325317383,0.1118320822715759,-1.7330690226641052,64.95100523121864,-2.059755325317383,0.1088403835892677,0.1118320822715759,-0.5969720482826233,-0.5324200391769409,-0.2223802804946899,0.5574049353599548,1.0,1.0,0,4277,0.08,-0.2783081246283999,326,242,thymio-07
124,1788307284.977805,-2.1174817085266118,0.120130218565464,-1.7338742446648632,64.60439083999827,-2.1174817085266118,0.1095862388610839,0.120130218565464,-0.5995016694068909,-0.5311875343322754,-0.2268586307764053,0.5540512204170227,1.0,1.0,0,2213,0.08,-0.2756269628505279,326,243,thymio-07
125,1788307285.586252,-2.058046817779541,0.1193360090255737,-1.5013476575059903,64.50439083999828,-2.058046817779541,0.1089266017079353,0.1193360090255737,-0.5765312910079956,-0.5740397572517395,-0.2633945643901825,0.5183756947517395,1.0,1.0,0,0,-0.1431914019532019,0.0524155728870801,-500,-500,thymio-07
126,1788307286.1940663,-2.058046817779541,0.1193360090255737,-1.5013476575059903,64.40439083999829,-2.058046817779541,0.1089266017079353,0.1193360090255737,-0.5765312910079956,-0.5740397572517395,-0.2633945643901825,0.5183756947517395,1.0,1.0,0,1928,-0.1431914019532019,0.0524155728870801,-500,-500,thymio-07
127,1788307286.802697,-2.0417160987854004,0.1203721240162849,-1.360458344044017,64.30439083999829,-2.0417160987854004,0.1084256321191787,0.1203721240162849,-0.5588652491569519,-0.5946686863899231,-0.2817671000957489,0.504624605178833,1.0,1.0,0,2864,0.08,0.3131856682685684,237,332,thymio-07
128,1788307287.410667,-2.1086721420288086,0.1158676519989967,-1.4774261131830506,63.90159618373177,-2.1086721420288086,0.1096225827932357,0.1158676519989967,-0.5798318386077881,-0.5744286775588989,-0.2741173207759857,0.5086123943328857,1.0,1.0,0,1933,-0.1493466251244113,0.1398519087994733,-500,-500,thymio-07
129,1788307288.0184546,-2.071779727935791,0.1135517656803131,-1.788430968207654,63.80159618373177,-2.071779727935791,0.1090785712003707,0.1135517656803131,-0.5991011261940002,-0.5204105377197266,-0.2053137570619583,0.5727975368499756,1.0,1.0,0,3228,0.08,-0.3647732108210784,339,229,thymio-07
130,1788307288.6261053,-2.071779727935791,0.1135517656803131,-1.788430968207654,63.701596183731766,-2.071779727935791,0.1090785712003707,0.1135517656803131,-0.5991011261940002,-0.5204105377197266,-0.2053137570619583,0.5727975368499756,1.0,1.0,0,2349,0.08,-0.3647732108210784,339,229,thymio-07
131,1788307289.233668,-2.115642786026001,0.1196423396468162,-1.7659227746073372,63.43952766585217,-2.115642786026001,0.1089409291744232,0.1196423396468162,-0.5996642112731934,-0.5249797105789185,-0.2119528204202652,0.5655750036239624,1.0,1.0,0,0,-0.1347009246163434,-0.3318276795660952,-428,-500,thymio-07
132,1788307289.8419795,-2.02516770362854,0.1260907799005508,-1.1552233541792352,63.33952766585217,-2.02516770362854,0.1087338551878929,0.1260907799005508,-0.5487059354782104,-0.6153634786605835,-0.3093269467353821,0.4738843739032745,1.0,1.0,0,1547,-0.1284808370260452,0.4858331599901944,-500,-383,thymio-07
133,1788307290.4496565,-2.02516770362854,0.1260907799005508,-1.1552233541792352,63.239527665852165,-2.02516770362854,0.1087338551878929,0.1260907799005508,-0.5487059354782104,-0.6153634786605835,-0.3093269467353821,0.4738843739032745,1.0,1.0,0,2605,0.08,0.4858331599901944,211,358,thymio-07
134,1788307291.0578003,-2.104243516921997,0.110166996717453,-1.089975425348822,62.760396284443885,-2.104243516921997,0.1093094497919082,0.110166996717453,-0.546791136264801,-0.6197232007980347,-0.320844441652298,0.4626246988773346,1.0,1.0,0,1850,-0.1299525742007195,0.6283185307179586,-500,-367,thymio-07
135,1788307291.6663194,-2.067171573638916,0.110576219856739,-1.6240727437969968,62.66039628444389,-2.067171573638916,0.1088047847151756,0.110576219856739,-0.5820808410644531,-0.5557891726493835,-0.2435501962900161,0.5412611365318298,1.0,1.0,0,3355,0.08,-0.0950105723355655,299,270,thymio-07
136,1788307292.2741632,-2.067171573638916,0.110576219856739,-1.6240727437969968,62.56039628444388,-2.067171573638916,0.1088047847151756,0.110576219856739,-0.5820808410644531,-0.5557891726493835,-0.2435501962900161,0.5412611365318298,1.0,1.0,0,2015,0.08,-0.0950105723355655,299,270,thymio-07
137,1788307292.8823354,-2.1117231845855717,0.1134470328688621,-1.8057839827852449,62.2944847116949,-2.1117231845855717,0.1090873628854751,0.1134470328688621,-0.6048762798309326,-0.5143889784812927,-0.2038412392139434,0.5726931095123291,1.0,1.0,0,0,-0.1405042952589495,-0.3556709925289338,-446,-500,thymio-07
138,1788307293.490739,-2.0213255882263184,0.102800965309143,-1.746131615067575,62.1944847116949,-2.0213255882263184,0.1082116067409515,0.102800965309143,-0.5879993438720703,-0.5333783626556396,-0.2157302349805832,0.5685287117958069,1.0,1.0,0,1773,-0.1406826106830993,-0.2745094004116558,-458,-500,thymio-07
139,1788307294.0983057,-2.098874568939209,0.1092023700475692,-1.6393109806058543,61.726147174295534,-2.098874568939209,0.1094946190714836,0.1092023700475692,-0.5927130579948425,-0.5500364303588867,-0.2393886893987655,0.5374423265457153,1.0,1.0,0,3109,0.08,-0.1803187434903206,311,257,thymio-07
140,1788307294.7061875,-2.098874568939209,0.1092023700475692,-1.6393109806058543,61.62614717429553,-2.098874568939209,0.1094946190714836,0.1092023700475692,-0.5927130579948425,-0.5500364303588867,-0.2393886893987655,0.5374423265457153,1.0,1.0,0,1938,-0.1341618085246003,-0.1803187434903206,-449,-500,thymio-07
141,1788307295.3146987,-2.1094672679901123,0.1114910244941711,-1.7342578789434326,61.52614717429553,-2.1094672679901123,0.1103773638606071,0.1114910244941711,-0.592566728591919,-0.5332574248313904,-0.2392340302467346,0.5543180108070374,1.0,1.0,0,2585,0.08,-0.3049345576649058,330,238,thymio-07
142,1788307295.9233944,-2.110759973526001,0.1110485196113586,-1.627176070925386,61.42614717429553,-2.110759973526001,0.1087887585163116,0.1110485196113586,-0.5873827934265137,-0.5536147356033325,-0.2424283772706985,0.5382571816444397,0.9350286581666134,1.0,0,1925,-0.1331295512112501,-0.1653106047039199,-448,-498,thymio-07
143,1788307296.531196,-2.110759973526001,0.1110485196113586,-1.627176070925386,61.32614717429553,-2.110759973526001,0.1087887585163116,0.1110485196113586,-0.5873827934265137,-0.5536147356033325,-0.2424283772706985,0.5382571816444397,0.9350286581666134,1.0,0,2704,0.08,-0.1653106047039199,309,259,thymio-07
144,1788307297.1388474,-2.0897645950317383,0.1127372458577156,-1.3514990165180762,61.22614717429553,-2.0897645950317383,0.1091508120298385,0.1127372458577156,-0.5638196468353271,-0.5933248996734619,-0.2870079576969147,0.4976941645145416,1.0,1.0,0,1609,-0.1315385528107487,0.1926331630715701,-496,-438,thymio-07
145,1788307297.7473106,-2.071497678756714,0.1192497238516807,-1.1593236949726786,61.126147174295525,-2.071497678756714,0.1089360043406486,0.1192497238516807,-0.5483872294425964,-0.6163710355758667,-0.305637389421463,0.4753358364105224,1.0,1.0,0,2602,0.08,0.4342818243621088,219,350,thymio-07
146,1788307298.354987,-2.089604377746582,0.1120674088597297,-1.483162016100122,61.01773965397795,-2.089604377746582,0.1093813776969909,0.1120674088597297,-0.5727786421775818,-0.5765732526779175,-0.2693981528282165,0.5166358351707458,0.8566539923650558,1.0,0,1669,-0.1322866155147174,0.0247037173663854,-474,-466,thymio-07
147,1788307298.962882,-2.089604377746582,0.1120674088597297,-1.483162016100122,60.91773965397795,-2.089604377746582,0.1093813776969909,0.1120674088597297,-0.5727786421775818,-0.5765732526779175,-0.2693981528282165,0.5166358351707458,0.8566539923650558,1.0,0,3133,0.08,0.0247037173663854,281,288,thymio-07
148,1788307299.5702028,-2.1105170249938965,0.113861471414566,-1.7561291349653705,60.79391868376318,-2.1105170249938965,0.1094411388039588,0.113861471414566,-0.59919673204422,-0.5270984172821045,-0.2238909900188446,0.5594671964645386,0.8235869810571932,1.0,0,1921,-0.1281518435195753,-0.3377468897263022,-404,-500,thymio-07
149,1788307300.177841,-2.1105170249938965,0.113861471414566,-1.7561291349653705,60.69391868376318,-2.1105170249938965,0.1094411388039588,0.113861471414566,-0.59919673204422,-0.5270984172821045,-0.2238909900188446,0.5594671964645386,0.8235869810571932,1.0,0,2969,0.08,-0.3377468897263022,335,233,thymio-07
150,1788307300.7854698,-2.0699691772460938,0.1120799556374549,-1.7700554765777712,60.59391868376318,-2.0699691772460938,0.1094779521226883,0.1120799556374549,-0.5994987487792969,-0.5242803692817688,-0.2209380567073822,0.5629544854164124,0.7440918070308566,1.0,0,1755,-0.1261619171086001,-0.3705711303146106,-392,-500,thymio-07
151,1788307301.3932989,-2.065835475921631,0.1182953268289566,-1.4108167307443016,60.49391868376318,-2.065835475921631,0.1095280796289444,0.1182953268289566,-0.5758590698242188,-0.5822876691818237,-0.2860561609268188,0.4974930584430694,1.0,1.0,0,2557,0.08,0.09834724303134,269,299,thymio-07
152,1788307302.001073,-2.065835475921631,0.1182953268289566,-1.4108167307443016,60.393918683763175,-2.065835475921631,0.1095280796289444,0.1182953268289566,-0.5758590698242188,-0.5822876691818237,-0.2860561609268188,0.4974930584430694,1.0,1.0,0,1669,-0.142054574143905,0.2067877557046108,-500,-474,thymio-07
153,1788307302.609156,-2.104043483734131,0.1146878972649574,-1.2189824386122203,60.16628592579114,-2.104043483734131,0.1094104126095771,0.1146878972649574,-0.5558355450630188,-0.6054214239120483,-0.3095315396785736,0.4782279729843139,1.0,1.0,0,2714,0.08,0.3208616812602179,236,333,thymio-07
154,1788307303.2177384,-2.112560272216797,0.1139817535877227,-1.39167164364478,60.06628592579114,-2.112560272216797,0.1081275045871734,0.1139817535877227,-0.5651264786720276,-0.5923292636871338,-0.2687912881374359,0.5074735879898071,1.0,1.0,0,1759,-0.1265392707061021,0.0755388299143051,-461,-438,thymio-07
155,1788307303.8256345,-2.0623655319213867,0.116279661655426,-1.7035758618557075,59.96628592579114,-2.0623655319213867,0.1093503609299659,0.116279661655426,-0.5982550978660583,-0.5360167026519775,-0.2474853843450546,0.5417822003364563,0.4609038190960883,1.0,0,3096,0.08,-0.3301231382310614,334,234,thymio-07
156,1788307304.433658,-2.0623655319213867,0.116279661655426,-1.7035758618557075,59.86628592579114,-2.0623655319213867,0.1093503609299659,0.116279661655426,-0.5982550978660583,-0.5360167026519775,-0.2474853843450546,0.5417822003364563,0.4609038190960883,1.0,0,1769,-0.1193290356411025,-0.3301231382310614,-374,-474,thymio-07
157,1788307305.0428948,-2.102348804473877,0.1165029555559158,-1.6679991744782792,59.62810543364569,-2.102348804473877,0.1090074107050895,0.1165029555559158,-0.591325044631958,-0.5463734269142151,-0.2277909964323043,0.547651469707489,0.4943296750346349,1.0,0,2715,0.08,-0.281161874199944,327,242,thymio-07
158,1788307305.6507125,-2.1103274822235107,0.1154668182134628,-1.3730090831307669,59.52810543364569,-2.1103274822235107,0.1086134910583496,0.1154668182134628,-0.5639292597770691,-0.5936545729637146,-0.2751471102237701,0.5038374662399292,0.50038988592695,1.0,0,1701,-0.1194459844479202,0.0739006896273284,-436,-413,thymio-07
159,1788307306.2584767,-2.1103274822235107,0.1154668182134628,-1.3730090831307669,59.42810543364569,-2.1103274822235107,0.1086134910583496,0.1154668182134628,-0.5639292597770691,-0.5936545729637146,-0.2751471102237701,0.5038374662399292,1.0,1.0,0,2413,0.08,0.2314419876946886,249,319,thymio-07
160,1788307306.8669517,-2.0953176021575928,0.1189617663621902,-1.0886347830080276,59.32810543364569,-2.0953176021575928,0.1093601435422897,0.1189617663621902,-0.5459851622581482,-0.6208376288414001,-0.3190085887908935,0.4633513689041137,1.0,1.0,0,1761,-0.1220412318896002,0.5787939107314343,-500,-346,thymio-07
161,1788307307.475287,-2.0725882053375244,0.1224300935864448,-1.427103647496565,59.22810543364569,-2.0725882053375244,0.1095054149627685,0.1224300935864448,-0.5768048763275146,-0.5803792476654053,-0.2834611535072326,0.5001057982444763,0.7388808743002033,1.0,0,2807,0.08,0.1166502669218545,267,302,thymio-07
162,1788307308.0833735,-2.1109626293182373,0.1178113594651222,-1.6124390778912674,58.99936157146502,-2.1109626293182373,0.1090029776096344,0.1178113594651222,-0.5821585655212402,-0.5585998296737671,-0.2356547266244888,0.5417789816856384,0.6913408549180249,1.0,0,1915,-0.1250391599621563,-0.1230540723445912,-426,-463,thymio-07
163,1788307308.6914976,-2.1109626293182373,0.1178113594651222,-1.6124390778912674,58.89936157146502,-2.1109626293182373,0.1090029776096344,0.1178113594651222,-0.5821585655212402,-0.5585998296737671,-0.2356547266244888,0.5417789816856384,0.6913408549180249,1.0,0,3020,0.08,-0.1324619790858537,304,264,thymio-07
164,1788307309.2993808,-2.111360788345337,0.1190817207098007,-1.6988408191564055,58.79936157146502,-2.111360788345337,0.1089600697159767,0.1190817207098007,-0.5919556617736816,-0.5403696894645691,-0.2304086089134216,0.5518162250518799,0.5537914419527752,1.0,0,1865,-0.1245335816260369,-0.2579002484434812,-404,-481,thymio-07
165,1788307309.907432,-2.070741653442383,0.1197628006339073,-1.6172921198745147,58.69936157146502,-2.070741653442383,0.1091826632618904,0.1197628006339073,-0.5843453407287598,-0.556208610534668,-0.2432704269886016,0.5385090112686157,0.4610825503860773,1.0,0,2722,0.08,-0.166848578305396,309,259,thymio-07
166,1788307310.5167866,-2.070741653442383,0.1197628006339073,-1.6172921198745147,58.59936157146502,-2.070741653442383,0.1091826632618904,0.1197628006339073,-0.5843453407287598,-0.556208610534668,-0.2432704269886016,0.5385090112686157,0.4610825503860773,1.0,0,1706,-0.1225243368607742,-0.166848578305396,-410,-461,thymio-07
167,1788307311.1245503,-2.0834381580352783,0.1224881336092948,-1.40644520341046,58.499361571465016,-2.0834381580352783,0.1092825680971145,0.1224881336092948,-0.566611647605896,-0.5867359638214111,-0.2803453207015991,0.5060620307922363,0.4822775841773445,1.0,0,2583,0.08,-0.0965430906037821,299,270,thymio-07
168,1788307311.7333136,-2.106874942779541,0.1189802438020706,-1.3013929765552794,58.36029731010764,-2.106874942779541,0.1088403239846229,0.1189802438020706,-0.558462917804718,-0.6013352870941162,-0.2876732051372528,0.4937197864055633,1.0,1.0,0,1506,-0.1104917280023632,0.0368127677618222,-398,-387,thymio-07
169,1788307312.3409631,-2.0747170448303223,0.1268524974584579,-1.2104686802463318,58.26029731010764,-2.0747170448303223,0.1091447100043296,0.1268524974584579,-0.5539848208427429,-0.607881486415863,-0.3070055544376373,0.4788825511932373,1.0,1.0,0,2589,0.08,0.1185419145993109,266,302,thymio-07
170,1788307312.948585,-2.0747170448303223,0.1268524974584579,-1.2104686802463318,58.16029731010764,-2.0747170448303223,0.1091447100043296,0.1268524974584579,-0.5539848208427429,-0.607881486415863,-0.3070055544376373,0.4788825511932373,1.0,1.0,0,1673,-0.1046199385369987,0.1185419145993109,-390,-354,thymio-07
171,1788307313.5565472,-2.101618528366089,0.1210769191384315,-1.2558799221322243,58.00016732417917,-2.101618528366089,0.1091790795326232,0.1210769191384315,-0.5549145340919495,-0.6055572628974915,-0.2959487438201904,0.4876318275928497,0.492676672696563,1.0,0,2811,0.08,0.0918282821723922,270,298,thymio-07
172,1788307314.165874,-2.107612371444702,0.1210940778255462,-1.488760901874155,57.90016732417917,-2.107612371444702,0.1092598736286163,0.1210940778255462,-0.5759503245353699,-0.5758315324783325,-0.2648770809173584,0.5162745714187622,0.3702008127429663,1.0,0,1693,-0.0984656288505934,-0.1368026975792096,-329,-371,thymio-07
173,1788307314.7733736,-2.107612371444702,0.1210940778255462,-1.488760901874155,57.80016732417917,-2.107612371444702,0.1092598736286163,0.1210940778255462,-0.5759503245353699,-0.5758315324783325,-0.2648770809173584,0.5162745714187622,0.3702008127429663,1.0,0,2732,0.08,-0.1368026975792096,305,264,thymio-07
174,1788307315.381552,-2.073586940765381,0.1230606809258461,-1.6186784877591571,57.70016732417917,-2.073586940765381,0.109060950577259,0.1230606809258461,-0.5816522836685181,-0.5568509101867676,-0.2434139549732208,0.540691614151001,0.339348859820737,1.0,0,1598,-0.090975689014148,-0.2577146916721775,-284,-362,thymio-07
175,1788307315.989256,-2.068775177001953,0.1288930624723434,-1.360029229548818,57.60016732417917,-2.068775177001953,0.1089783012866973,0.1288930624723434,-0.5634073615074158,-0.5936528444290161,-0.2821426093578338,0.5005437135696411,0.4985564429640738,1.0,0,2288,0.08,0.0016028810475411,284,284,thymio-07
176,1788307316.597917,-2.1057491302490234,0.1227921918034553,-1.1744006125793165,57.37964655698773,-2.1057491302490234,0.1096804365515708,0.1227921918034553,-0.5554325580596924,-0.6118642687797546,-0.3094283640384674,0.4705007970333099,0.5422727608634261,1.0,0,1498,-0.1040010820694664,0.4253587350301276,-434,-305,thymio-07
177,1788307317.2068298,-2.1057491302490234,0.1227921918034553,-1.1744006125793165,57.27964655698773,-2.1057491302490234,0.1096804365515708,0.1227921918034553,-0.5554325580596924,-0.6118642687797546,-0.3094283640384674,0.4705007970333099,0.5422727608634261,1.0,0,2797,0.08,0.4253587350301276,220,348,thymio-07
178,1788307317.8147013,-2.100867509841919,0.1247470155358314,-1.4222516827043297,57.17964655698773,-2.100867509841919,0.1092934384942054,0.1247470155358314,-0.571647047996521,-0.5840159058570862,-0.2773257791996002,0.505208432674408,0.4442318260337312,1.0,0,1915,-0.0910887436247112,-1.3973315472981527e-05,-324,-324,thymio-07
179,1788307318.4223282,-2.0734028816223145,0.1219201162457466,-1.8274766597924297,57.079646556987726,-2.0734028816223145,0.1090918108820915,0.1219201162457466,-0.5977304577827454,-0.5114893913269043,-0.1893538981676101,0.5875729918479919,0.4057364360635667,1.0,0,2577,0.08,-0.3452718843769223,336,232,thymio-07
180,1788307319.0300615,-2.0734028816223145,0.1219201162457466,-1.8274766597924297,56.97964655698773,-2.0734028816223145,0.1090918108820915,0.1219201162457466,-0.5977304577827454,-0.5114893913269043,-0.1893538981676101,0.5875729918479919,0.4057364360635667,1.0,0,1941,-0.0747617824126979,-0.3452718843769223,-213,-318,thymio-07
181,1788307319.633488,10000.0,10000.0,0.0,56.97964655698773,-2.0734028816223145,0.1090918108820915,0.1219201162457466,-0.5977304577827454,-0.5114893913269043,-0.1893538981676101,0.5875729918479919,1.0,1.0,0,2383,0.08,0.6283185307179586,189,379,thymio-07
182,1788307320.236847,-2.077683448791504,0.1273578405380249,-1.6489762638216718,56.97964655698773,-2.077683448791504,0.1093284785747528,0.1273578405380249,-0.587303638458252,-0.5501443147659302,-0.2400551736354828,0.5429450273513794,0.4445176282679413,1.0,0,1842,-0.1039024849339596,-0.2494316926538996,-332,-407,thymio-07
183,1788307320.845293,-2.0603444576263428,0.1263453364372253,-1.8045149170516217,56.87964655698772,-2.0603444576263428,0.1087310761213302,0.1263453364372253,-0.6010239720344543,-0.5163174271583557,-0.2061923444271087,0.5741701126098633,0.1467334042141017,1.0,0,2812,0.08,-0.2522158723508313,322,246,thymio-07
184,1788307321.4533236,-2.1163926124572754,0.1317735463380813,-1.661948164279653,56.5436202412305,-2.1163926124572754,0.109451413154602,0.1317735463380813,-0.5914873480796814,-0.5465929508209229,-0.2382485717535019,0.5427860617637634,0.1913686752482142,1.0,0,1926,-0.0696379141238343,-0.1591529280399243,-223,-271,thymio-07
185,1788307322.0612023,-2.1163926124572754,0.1317735463380813,-1.661948164279653,56.4436202412305,-2.1163926124572754,0.109451413154602,0.1317735463380813,-0.5914873480796814,-0.5465929508209229,-0.2382485717535019,0.5427860617637634,0.1913686752482142,1.0,0,2463,0.08,-0.1591529280399243,308,260,thymio-07
186,1788307322.6690264,-2.1111655235290527,0.1322422921657562,-1.350032583152602,56.3436202412305,-2.1111655235290527,0.1089163497090339,0.1322422921657562,-0.5638877153396606,-0.595561146736145,-0.2802619338035583,0.498789370059967,0.1054582137129882,1.0,0,1496,-0.067199842490618,0.0619078769318817,-248,-229,thymio-07
187,1788307323.276749,-2.0756964683532715,0.1405719518661499,-1.1846670778385904,56.243620241230495,-2.0756964683532715,0.1094003245234489,0.1405719518661499,-0.5513784289360046,-0.6138080358505249,-0.3022148907184601,0.4773757755756378,0.0470934437627232,1.0,0,1841,-0.0612726232746845,0.1576904316078838,-242,-194,thymio-07
188,1788307323.8846166,-2.111133575439453,0.1331287920475006,-1.294491494428481,56.03208528209535,-2.111133575439453,0.1104467585682869,0.1331287920475006,-0.5639022588729858,-0.5953971147537231,-0.3047877252101898,0.4843770563602447,0.050661146438852,1.0,0,2553,0.08,0.1062797285801266,268,300,thymio-07
189,1788307324.4920907,-2.111133575439453,0.1331287920475006,-1.294491494428481,55.93208528209535,-2.111133575439453,0.1104467585682869,0.1331287920475006,-0.5639022588729858,-0.5953971147537231,-0.3047877252101898,0.4843770563602447,0.050661146438852,1.0,0,1668,-0.0642674134037938,0.1062797285801266,-244,-212,thymio-07
190,1788307325.0999022,-2.0826923847198486,0.1383010894060135,-1.28195554774734,55.83208528209535,-2.0826923847198486,0.1094545349478721,0.1383010894060135,-0.5566511750221252,-0.6022721529006958,-0.2940170466899872,0.4908786118030548,-0.0101917859432806,1.0,0,1936,-0.0588537067680211,0.1170256491166324,-227,-191,thymio-07
191,1788307325.7078807,-2.095853567123413,0.1359542459249496,-1.3571658706530465,55.73208528209535,-2.095853567123413,0.1093521863222122,0.1359542459249496,-0.5624848008155823,-0.5938321352005005,-0.283586323261261,0.5005528330802917,-0.0203378125443363,1.0,0,2769,0.08,0.0918520299449027,270,298,thymio-07
192,1788307326.3157709,-2.095853567123413,0.1359542459249496,-1.3571658706530465,55.63208528209535,-2.095853567123413,0.1093521863222122,0.1359542459249496,-0.5624848008155823,-0.5938321352005005,-0.283586323261261,0.5005528330802917,-0.0203378125443363,1.0,0,1780,-0.0617666269234244,0.0918520299449027,-233,-206,thymio-07
193,1788307326.9237006,-2.094691514968872,0.1353957951068878,-1.4506365783942674,55.53208528209535,-2.094691514968872,0.1092909350991249,0.1353957951068878,-0.5703783631324768,-0.5821536779403687,-0.2691154778003692,0.5131690502166748,-0.0798036452136635,1.0,0,2226,0.08,0.0492606123546097,277,292,thymio-07
194,1788307327.531746,-2.1052730083465576,0.1355346292257309,-1.6254333647712174,55.43208528209534,-2.1052730083465576,0.109423816204071,0.1355346292257309,-0.5847120881080627,-0.5545263886451721,-0.2448953986167907,0.5391090512275696,-0.1211207998339974,1.0,0,1587,-0.0685760366857282,-0.0529497571770751,-236,-252,thymio-07
195,1788307328.1394768,-2.0523641109466557,0.1357398331165313,-1.6339050463753764,55.33208528209534,-2.0523641109466557,0.108950026333332,0.1357398331165313,-0.5870969891548157,-0.5529018640518188,-0.2391940802335739,0.5407428741455078,-0.1918068663315896,1.0,0,2228,0.08,-0.0522248108331133,292,276,thymio-07
