tick,timestamp,x,y,heading,battery,raw_x,raw_y,raw_z,qx,qy,qz,qw,front_d,back_d,ir_front_max,ir_rear_max,v,w,left,right,hostname
1,1788222304.9131827,-0.1195386350154876,-1.7065855264663696,-1.6659353635734204,100.0,-0.1195386350154876,0.092258982360363,-1.7065855264663696,0.6239486932754517,0.4727500081062317,0.1707867681980133,-0.5983538627624512,1.0,1.0,0,0,-0.0,-0.466586677200942,70,-70,thymio-08
2,1788222305.517647,2.676254749298096,-0.1489660739898681,-1.859434912080897,100.0,2.676254749298096,0.08404541015625,-0.1489660739898681,-0.5090427398681641,0.2464458346366882,0.3762660026550293,0.7338691353797913,-0.6393899960808342,1.0,0,0,-0.0963724201348446,-0.6283185307179586,-248,-437,thymio-08
3,1788222306.125296,2.6744484901428223,-0.138308972120285,-1.9381431115754388,99.9,2.6744484901428223,0.0825860500335693,-0.138308972120285,-0.5498189330101013,0.1387595683336258,0.3075048625469208,0.7641242146492004,-0.6471397278464226,1.0,0,0,-0.0465567710009112,-0.6283185307179586,-71,-260,thymio-08
4,1788222306.733039,2.6744484901428223,-0.138308972120285,-1.9381431115754388,99.8,2.6744484901428223,0.0825860500335693,-0.138308972120285,-0.5498189330101013,0.1387595683336258,0.3075048625469208,0.7641242146492004,-0.6471397278464226,1.0,0,0,-0.0116391927502278,-0.6283185307179586,54,-136,thymio-08
5,1788222307.3412075,2.588690996170044,-0.0882912576198577,-1.9625712096341144,99.26737555315886,2.588690996170044,0.0856422558426857,-0.0882912576198577,-0.6192973256111145,-0.0907230973243713,0.1600571572780609,0.7632968425750732,-0.514639671309468,1.0,0,0,-0.0074794769978851,-0.6283185307179586,68,-121,thymio-08
6,1788222307.9497323,2.5565896034240723,-0.0841021090745925,-1.934253601058669,99.07640437460331,2.5565896034240723,0.0856901034712791,-0.0841021090745925,-0.6405124068260193,-0.2340265214443206,0.0468004904687404,0.7299213409423828,-0.52452731641856,1.0,0,0,-0.0155625882461224,-0.6283185307179586,40,-150,thymio-08
7,1788222308.5584235,2.51775336265564,-0.1023899242281913,-1.4354987869139175,98.84106007825004,2.51775336265564,0.0853894725441932,-0.1023899242281913,-0.6040576696395874,-0.5360397100448608,-0.2243169397115707,0.5453968048095703,-0.719517364309902,1.0,0,0,-0.0243770097737096,0.6283185307179586,-181,8,thymio-08
8,1788222309.1664965,2.51775336265564,-0.1023899242281913,-1.4354987869139175,98.74106007825004,2.51775336265564,0.0853894725441932,-0.1023899242281913,-0.6040576696395874,-0.5360397100448608,-0.2243169397115707,0.5453968048095703,-0.719517364309902,1.0,0,0,-0.0243770097737096,0.6283185307179586,-181,8,thymio-08
9,1788222309.7744708,2.512282371520996,-0.1174116432666778,-1.6266635243764953,98.64106007825004,2.512282371520996,0.0860675051808357,-0.1174116432666778,-0.604162335395813,-0.4969830513000488,-0.2144633382558822,0.5848087668418884,-0.7051165675729176,1.0,0,0,-0.0272715699178435,0.6283185307179586,-192,-2,thymio-08
10,1788222310.3833055,2.5117032527923584,-0.1295675933361053,-1.9137919633509808,98.54106007825006,2.5117032527923584,0.0852940753102302,-0.1295675933361053,-0.6332374811172485,-0.3356199264526367,-0.0633402168750763,0.6945197582244873,-0.70434480141581,1.0,0,0,-0.0274266949154221,-0.6283185307179586,-3,-192,thymio-08
11,1788222310.9912715,2.5117032527923584,-0.1295675933361053,-1.9137919633509808,98.44106007825006,2.5117032527923584,0.0852940753102302,-0.1295675933361053,-0.6332374811172485,-0.3356199264526367,-0.0633402168750763,0.6945197582244873,-0.70434480141581,1.0,0,0,-0.0274266949154221,-0.6283185307179586,-3,-192,thymio-08
12,1788222311.6001234,2.5037240982055664,-0.1368046700954437,-1.9582886678490443,98.34106007825008,2.5037240982055664,0.0853446796536445,-0.1368046700954437,-0.6315857172012329,-0.2222869843244552,0.0450986996293067,0.7413867115974426,-0.7038157213183325,1.0,0,0,-0.0275330400150151,-0.6283185307179586,-3,-193,thymio-08
13,1788222312.2078116,2.454366445541382,-0.1586095094680786,-1.6077334951828184,98.04146684965806,2.454366445541382,0.0854977667331695,-0.1586095094680786,-0.627342700958252,-0.4837561547756195,-0.1538064032793045,0.5905630588531494,-0.6727429252020963,1.0,0,0,-0.0337786720343786,0.6283185307179586,-215,-25,thymio-08
14,1788222312.8154702,2.454366445541382,-0.1586095094680786,-1.6077334951828184,97.94146684965808,2.454366445541382,0.0854977667331695,-0.1586095094680786,-0.627342700958252,-0.4837561547756195,-0.1538064032793045,0.5905630588531494,-0.6727429252020963,1.0,0,0,-0.0337786720343786,0.6283185307179586,-215,-25,thymio-08
15,1788222313.423606,2.432220458984375,-0.1963769942522049,-1.1402906621800235,97.77452168316668,2.432220458984375,0.085761472582817,-0.1963769942522049,-0.5621427893638611,-0.5818988680839539,-0.3014187514781952,0.5045155882835388,-0.67011588455604,1.0,0,0,-0.0327392735913906,0.6283185307179586,-211,-21,thymio-08
16,1788222314.0318067,2.430096387863159,-0.2212615013122558,-1.8290851254518952,97.67452168316667,2.430096387863159,0.0856226831674575,-0.2212615013122558,-0.6250529289245605,-0.4080981314182281,-0.1254131942987442,0.6534802317619324,-0.6954288947446767,1.0,0,0,-0.0292187921563199,-0.6283185307179586,-9,-199,thymio-08
17,1788222314.6392665,2.4168403148651123,-0.236441358923912,-1.9318037165581088,97.57452168316668,2.4168403148651123,0.0855296701192855,-0.236441358923912,-0.639514684677124,-0.2797746062278747,-0.0035053007304668,0.7160550951957703,-0.6950541654252387,1.0,0,0,-0.029294112749527,-0.6283185307179586,-9,-199,thymio-08
18,1788222315.2469077,2.371241807937622,-0.2640185356140136,-1.51038210507902,97.29466567645636,2.371241807937622,0.0854016542434692,-0.2640185356140136,-0.6193195581436157,-0.5148515701293945,-0.1911434829235077,0.561102032661438,-0.6756118487643752,1.0,0,0,-0.0332020183983606,0.6283185307179586,-213,-23,thymio-08
19,1788222315.854191,2.371241807937622,-0.2640185356140136,-1.51038210507902,97.19466567645637,2.371241807937622,0.0854016542434692,-0.2640185356140136,-0.6193195581436157,-0.5148515701293945,-0.1911434829235077,0.561102032661438,-0.6756118487643752,1.0,0,0,-0.0332020183983606,0.6283185307179586,-213,-23,thymio-08
20,1788222316.4626205,2.36140251159668,-0.2862765789031982,-1.718582554643258,97.09466567645636,2.36140251159668,0.0860235542058944,-0.2862765789031982,-0.6346091628074646,-0.446485698223114,-0.1427148580551147,0.6144545078277588,-0.6844492106487272,1.0,0,0,-0.0314257086596058,0.6283185307179586,-207,-17,thymio-08
21,1788222317.0698805,2.3551342487335205,-0.3001540601253509,-1.9108207495747047,96.99466567645638,2.3551342487335205,0.0849797502160072,-0.3001540601253509,-0.6425288915634155,-0.3158542513847351,-0.0375670976936817,0.6971237659454346,-0.6945252428072424,1.0,0,0,-0.0294004261957442,-0.6283185307179586,-10,-199,thymio-08
22,1788222317.677698,2.3357837200164795,-0.309186190366745,-1.9680742103448212,96.8782236652128,2.3357837200164795,0.0846826210618019,-0.309186190366745,-0.6367278099060059,-0.1904015690088272,0.069194495677948,0.7440007328987122,-0.6946864277970177,1.0,0,0,-0.0293680280127994,-0.6283185307179586,-9,-199,thymio-08
23,1788222318.2855911,2.3357837200164795,-0.309186190366745,-1.9680742103448212,96.7782236652128,2.3357837200164795,0.0846826210618019,-0.309186190366745,-0.6367278099060059,-0.1904015690088272,0.069194495677948,0.7440007328987122,-0.6946864277970177,1.0,0,0,-0.0293680280127994,-0.6283185307179586,-9,-199,thymio-08
24,1788222318.893894,2.2904889583587646,-0.3221327066421509,-1.7980517583548332,96.50608607481128,2.2904889583587646,0.0854014158248901,-0.3221327066421509,-0.63875412940979,-0.4024572968482971,-0.1001702770590782,0.6480642557144165,-0.6650681659810305,1.0,0,0,-0.0353212986378128,-0.6283185307179586,-31,-220,thymio-08
25,1788222319.5016563,2.254575490951538,-0.3693447411060333,-0.890495837818801,96.2891402218499,2.254575490951538,0.0847761034965515,-0.3693447411060333,-0.5451826453208923,-0.6076022982597351,-0.3275614082813263,0.4757087826728821,-0.6321735750086781,1.0,0,0,-0.0419331114232557,0.6283185307179586,-244,-54,thymio-08
26,1788222320.1098263,2.25126051902771,-0.396118551492691,-0.1963254878440792,96.18914022184993,2.25126051902771,0.0850356146693229,-0.396118551492691,-0.4924748837947845,-0.6752073764801025,-0.397970050573349,0.3783958554267883,1.0,1.0,0,0,-0.0429766604085794,0.6283185307179586,-248,-58,thymio-08
27,1788222320.7188792,2.25126051902771,-0.396118551492691,-0.1963254878440792,96.08914022184992,2.25126051902771,0.0850356146693229,-0.396118551492691,-0.4924748837947845,-0.6752073764801025,-0.397970050573349,0.3783958554267883,1.0,1.0,0,0,-0.0429766604085794,0.6283185307179586,-248,-58,thymio-08
28,1788222321.3269875,2.2580788135528564,-0.4181611537933349,-0.8514875296999289,95.98914022184992,2.2580788135528564,0.0847370103001594,-0.4181611537933349,-0.5452227592468262,-0.6129120588302612,-0.3275026679039001,0.4688421487808227,-0.6310997447152357,1.0,0,0,-0.1685958052489505,0.6283185307179586,-500,-500,thymio-08
29,1788222321.9349842,2.250490188598633,-0.4594844579696655,-1.7034766374046832,95.88914022184991,2.250490188598633,0.0845804587006568,-0.4594844579696655,-0.6375737190246582,-0.4386091828346252,-0.1056371107697486,0.6244698166847229,-0.623052299983635,1.0,0,0,-0.1750659508131574,-0.6283185307179586,-500,-500,thymio-08
30,1788222322.542682,2.250490188598633,-0.4594844579696655,-1.7034766374046832,95.78914022184992,2.250490188598633,0.0845804587006568,-0.4594844579696655,-0.6375737190246582,-0.4386091828346252,-0.1056371107697486,0.6244698166847229,-0.623052299983635,1.0,0,0,-0.0437664877032893,-0.6283185307179586,-61,-250,thymio-08
31,1788222323.1504817,2.167384624481201,-0.5293201208114624,-1.8328590270548195,95.26110745761017,2.167384624481201,0.0833194628357887,-0.5293201208114624,-0.6244506239891052,-0.390094518661499,-0.0896076038479805,0.6707147359848022,-0.5373171677774436,1.0,0,0,-0.05,-0.6283185307179586,-83,-273,thymio-08
32,1788222323.7585049,2.089050769805908,-0.5962634086608887,-1.6040675865241596,94.71261406801612,2.089050769805908,0.0843188241124153,-0.5962634086608887,-0.6123679876327515,-0.4970547258853912,-0.1991774588823318,0.5816102623939514,-0.4490312475209904,1.0,0,0,-0.05,-0.6283185307179586,-83,-273,thymio-08
33,1788222324.3674643,2.067967176437378,-0.6429456472396851,-0.8181911498339183,94.5441859841763,2.067967176437378,0.0840567797422409,-0.6429456472396851,-0.5521724224090576,-0.6162276864051819,-0.3296011388301849,0.4546780288219452,-0.4225114960610373,1.0,0,0,-0.05,0.6283185307179586,-273,-83,thymio-08
34,1788222324.9754329,2.067967176437378,-0.6429456472396851,-0.8181911498339183,94.4441859841763,2.067967176437378,0.0840567797422409,-0.6429456472396851,-0.5521724224090576,-0.6162276864051819,-0.3296011388301849,0.4546780288219452,-0.4225114960610373,1.0,0,0,-0.2,0.6283185307179586,-500,-500,thymio-08
35,1788222325.5839138,2.0804238319396973,-0.7209268808364868,-0.4689159681780293,94.3441859841763,2.0804238319396973,0.0829732045531272,-0.7209268808364868,-0.5242780447006226,-0.6503325700759888,-0.365606427192688,0.4105264842510223,-0.4281399646369787,1.0,0,0,-0.1858930942965079,0.6283185307179586,-500,-500,thymio-08
36,1788222326.1932726,2.083127975463867,-0.8248819708824158,-0.5804894933128755,94.24418598417633,2.083127975463867,0.0824804604053497,-0.8248819708824158,-0.5326382517814636,-0.6378045678138733,-0.355941504240036,0.427560031414032,-0.3881047597413011,1.0,0,0,-0.0868010074134077,0.6283185307179586,-403,-214,thymio-08
37,1788222326.80205,2.083127975463867,-0.8248819708824158,-0.5804894933128755,94.14418598417632,2.083127975463867,0.0824804604053497,-0.8248819708824158,-0.5326382517814636,-0.6378045678138733,-0.355941504240036,0.427560031414032,-0.3881047597413011,1.0,0,0,-0.0868010074134077,0.6283185307179586,-403,-214,thymio-08
38,1788222327.4106214,2.0859713554382324,-0.9105350971221924,-0.7867389818153763,94.04418598417632,2.0859713554382324,0.082909882068634,-0.9105350971221924,-0.563402533531189,-0.6202046275138855,-0.3305519819259643,0.4343492686748504,-0.3467091828651825,1.0,0,0,-0.0264019136445759,0.6283185307179586,-189,1,thymio-08
39,1788222328.018366,2.0630619525909424,-0.9997682571411132,-1.644136335367974,93.82461090287246,2.0630619525909424,0.0830101817846298,-0.9997682571411132,-0.6300389170646667,-0.4747079610824585,-0.1640349328517913,0.5922802090644836,0.0246989350444684,1.0,0,0,-0.0854571775330291,0.2054464593768556,-335,-273,thymio-08
40,1788222328.6270409,2.0600454807281494,-1.0097635984420776,-1.8884867483361216,93.72461090287248,2.0600454807281494,0.0828352198004722,-1.0097635984420776,-0.6401489973068237,-0.3390470743179321,-0.0544040277600288,0.6872384548187256,0.075724868779619,1.0,0,0,-0.1183200032023122,-0.6283185307179586,-326,-500,thymio-08
41,1788222329.23505,2.0600454807281494,-1.0097635984420776,-1.8884867483361216,93.62461090287248,2.0600454807281494,0.0828352198004722,-1.0097635984420776,-0.6401489973068237,-0.3390470743179321,-0.0544040277600288,0.6872384548187256,0.075724868779619,1.0,0,0,-0.1183200032023122,-0.6283185307179586,-326,-500,thymio-08
42,1788222329.8433323,1.97122323513031,-1.0617902278900146,-1.869023729240292,93.0722652314768,1.97122323513031,0.0834938734769821,-1.0617902278900146,-0.6401554942131042,-0.3573663234710693,-0.0697731226682663,0.6764776110649109,0.2333533512199923,1.0,0,0,-0.1074938729785641,-0.6283185307179586,-287,-477,thymio-08
43,1788222330.4512954,1.8779566287994385,-1.1589683294296265,-1.5142536287444366,92.46480118312472,1.8779566287994385,0.0828604325652122,-1.1589683294296265,-0.6103700399398804,-0.5180755257606506,-0.2081586718559265,0.5618863105773926,0.043667144589671,1.0,0,0,-0.0614663127708726,0.5365570873778323,-299,-137,thymio-08
44,1788222331.0591328,1.8779566287994385,-1.1589683294296265,-1.5142536287444366,92.36480118312473,1.8779566287994385,0.0828604325652122,-1.1589683294296265,-0.6103700399398804,-0.5180755257606506,-0.2081586718559265,0.5618863105773926,0.043667144589671,1.0,0,0,-0.0614663127708726,0.5365570873778323,-299,-137,thymio-08
45,1788222331.666692,1.861136794090271,-1.1943293809890747,-1.281365794455421,92.25245073759096,1.861136794090271,0.0821468457579612,-1.1943293809890747,-0.5861156582832336,-0.5643612146377563,-0.2627649009227752,0.518574595451355,-0.2754988273660844,1.0,0,0,-0.0379493961581897,0.6283185307179586,-230,-40,thymio-08
46,1788222332.274648,1.8359428644180296,-1.2834457159042358,-1.6348415968082666,92.03573345690565,1.8359428644180296,0.0825079604983329,-1.2834457159042358,-0.6282444596290588,-0.4776762127876282,-0.1625048071146011,0.5922216773033142,0.0041962911248585,1.0,0,0,-0.048999379158161,0.6283185307179586,-269,-79,thymio-08
47,1788222332.8840387,1.8149455785751345,-1.3144868612289429,-1.9942826744669264,91.89500622064766,1.8149455785751345,0.0808038413524627,-1.3144868612289429,-0.6298612356185913,-0.2635538876056671,-0.0231804549694061,0.7302581071853638,0.4730207993479642,1.0,0,0,-0.0649599317977187,0.3917013437014609,-290,-172,thymio-08
48,1788222333.49179,1.8149455785751345,-1.3144868612289429,-1.9942826744669264,91.79500622064766,1.8149455785751345,0.0808038413524627,-1.3144868612289429,-0.6298612356185913,-0.2635538876056671,-0.0231804549694061,0.7302581071853638,0.4730207993479642,1.0,0,0,-0.0649599317977187,0.3917013437014609,-290,-172,thymio-08
49,1788222334.100777,1.755005955696106,-1.3287311792373655,-1.9577001775089784,91.39501061321415,1.755005955696106,0.0803479850292205,-1.3287311792373655,-0.6157260537147522,-0.1093353703618049,0.1482880413532257,0.7661188244819641,0.5393903203925261,1.0,0,0,-0.0674624828658474,0.3500854240635388,-293,-187,thymio-08
50,1788222334.709271,1.7233247756958008,-1.3252419233322144,-1.9536400799706128,91.2066441207066,1.7233247756958008,0.0804609432816505,-1.3252419233322144,-0.5989835262298584,-0.0416146665811538,0.2003049105405807,0.7741867303848267,0.5685306863670907,1.0,0,0,-0.0683230117316875,0.3552667027784204,-296,-189,thymio-08
51,1788222335.3170862,1.6527869701385498,-1.300037145614624,-1.908853161255831,90.77756234751013,1.6527869701385498,0.0810227543115615,-1.300037145614624,-0.5634792447090149,0.0718659162521362,0.290148377418518,0.7701561450958252,1.0,1.0,0,0,-0.089129756693708,0.0933319180729881,-331,-303,thymio-08
52,1788222335.9249165,1.6527869701385498,-1.300037145614624,-1.908853161255831,90.67756234751012,1.6527869701385498,0.0810227543115615,-1.300037145614624,-0.5634792447090149,0.0718659162521362,0.290148377418518,0.7701561450958252,1.0,1.0,0,0,-0.089129756693708,0.0933319180729881,-331,-303,thymio-08
53,1788222336.5332882,1.591530680656433,-1.255208134651184,-1.9218731941849183,90.25565481217372,1.591530680656433,0.0830399096012115,-1.255208134651184,-0.5588299632072449,0.1348896920680999,0.317262053489685,0.7542272806167603,1.0,1.0,0,0,-0.0825615574107176,-0.6283185307179586,-198,-388,thymio-08
54,1788222337.1410236,1.4957308769226074,-1.1832445859909058,-1.8731362089809216,89.74416828954988,1.4957308769226074,0.0832106620073318,-1.1832445859909058,-0.5868680477142334,0.0024873265065252,0.2745482623577118,0.7617106437683105,-0.2658393107081588,1.0,0,0,-0.0494480363052124,-0.6283185307179586,-81,-271,thymio-08
55,1788222337.7489257,1.4957308769226074,-1.1832445859909058,-1.8731362089809216,89.64416828954988,1.4957308769226074,0.0832106620073318,-1.1832445859909058,-0.5868680477142334,0.0024873265065252,0.2745482623577118,0.7617106437683105,-0.2658393107081588,1.0,0,0,-0.0494480363052124,-0.6283185307179586,-81,-271,thymio-08
56,1788222338.3570137,1.424143671989441,-1.1629400253295898,-1.9382741522887832,89.23407364757975,1.424143671989441,0.0832389295101165,-1.1629400253295898,-0.6316389441490173,-0.1881799101829528,0.0917689874768257,0.7464576363563538,-0.3012511600278911,1.0,0,0,-0.0325741434597904,-0.6283185307179586,-21,-211,thymio-08
57,1788222338.966436,1.3822969198226929,-1.1688870191574097,-1.9056903555567344,88.99810329919696,1.3822969198226929,0.0847766324877739,-1.1688870191574097,-0.646731972694397,-0.3091997504234314,-0.0266611017286777,0.6967227458953857,-0.3112708467267442,1.0,0,0,-0.0743217208636323,-0.6283185307179586,-169,-359,thymio-08
58,1788222339.5744443,1.3822969198226929,-1.1688870191574097,-1.9056903555567344,88.89810329919696,1.3822969198226929,0.0847766324877739,-1.1688870191574097,-0.646731972694397,-0.3091997504234314,-0.0266611017286777,0.6967227458953857,-0.3112708467267442,1.0,0,0,-0.0743217208636323,-0.6283185307179586,-169,-359,thymio-08
59,1788222340.182724,1.318289041519165,-1.2380106449127195,-1.208173038243856,88.52345525675175,1.318289041519165,0.0826454684138298,-1.2380106449127195,-0.5697361826896667,-0.5761606693267822,-0.2812515795230865,0.514137327671051,-0.9663925018834312,1.0,0,0,-0.0,-0.6283185307179586,95,-95,thymio-08
60,1788222340.790505,1.3085670471191406,-1.3088202476501465,-0.1469800922992563,88.40440275198249,1.3085670471191406,0.0818224996328353,-1.3088202476501465,-0.4854252934455871,-0.6796227097511292,-0.404214084148407,0.3729428350925445,-0.9760998719382148,1.0,0,0,-0.0,-0.6283185307179586,95,-95,thymio-08
61,1788222341.3993132,1.3085670471191406,-1.3088202476501465,-0.1469800922992563,88.3044027519825,1.3085670471191406,0.0818224996328353,-1.3088202476501465,-0.4854252934455871,-0.6796227097511292,-0.404214084148407,0.3729428350925445,-0.9760998719382148,1.0,0,0,-0.0,-0.6283185307179586,95,-95,thymio-08
62,1788222342.0073118,1.3142088651657104,-1.3420864343643188,0.3580062590154935,88.2044027519825,1.3142088651657104,0.0815616995096206,-1.3420864343643188,-0.3319256901741028,-0.7627703547477722,-0.5393379926681519,0.1308485567569732,-0.0665680481940261,1.0,0,0,-0.0357913565635681,0.6283185307179586,-222,-32,thymio-08
63,1788222342.6156132,1.3142088651657104,-1.3420864343643188,0.3580062590154935,88.1044027519825,1.3142088651657104,0.0815616995096206,-1.3420864343643188,-0.3319256901741028,-0.7627703547477722,-0.5393379926681519,0.1308485567569732,-0.0646018965581937,1.0,0,0,-0.0357913565635681,0.6283185307179586,-222,-32,thymio-08
64,1788222343.218782,10000.0,10000.0,0.0,88.1044027519825,1.3142088651657104,0.0815616995096206,-1.3420864343643188,-0.3319256901741028,-0.7627703547477722,-0.5393379926681519,0.1308485567569732,1.0,1.0,0,0,-0.03,0.6283185307179586,-201,-12,thymio-08
65,1788222343.8220036,10000.0,10000.0,0.0,88.1044027519825,1.3142088651657104,0.0815616995096206,-1.3420864343643188,-0.3319256901741028,-0.7627703547477722,-0.5393379926681519,0.1308485567569732,1.0,1.0,0,0,-9.184850993605149e-18,0.6283185307179586,-95,95,thymio-08
66,1788222344.425737,1.3757431507110596,-1.3663352727890017,0.0736336568940347,88.1044027519825,1.3757431507110596,0.0811274349689483,-1.3663352727890017,-0.451143205165863,-0.7195181846618652,-0.4480703473091125,0.2792783379554748,-0.2501915566776267,1.0,0,0,0.0571271724374891,0.6283185307179586,108,298,thymio-08
67,1788222345.0341578,1.3757431507110596,-1.3663352727890017,0.0736336568940347,88.00440275198251,1.3757431507110596,0.0811274349689483,-1.3663352727890017,-0.451143205165863,-0.7195181846618652,-0.4480703473091125,0.2792783379554748,-0.2501915566776267,1.0,0,0,0.0571271724374891,0.6283185307179586,108,298,thymio-08
68,1788222345.6422036,1.3887453079223633,-1.3169620037078855,-1.3460065486788269,87.90440275198252,1.3887453079223633,0.0820351392030716,-1.3169620037078855,-0.5754408836364746,-0.5574223399162292,-0.2642362117767334,0.5369611978530884,1.0,-0.9839859409931078,0,0,0.0,-0.6283185307179586,95,-95,thymio-08
69,1788222346.25035,1.4296720027923584,-1.267673373222351,-1.7740459493690162,87.80440275198252,1.4296720027923584,0.0827763602137565,-1.267673373222351,-0.6330821514129639,-0.4161734580993652,-0.1060210987925529,0.6440234184265137,1.0,-0.0151577312741918,0,0,0.0,0.6283185307179586,-95,95,thymio-08
70,1788222346.8587024,1.4296720027923584,-1.267673373222351,-1.7740459493690162,87.70440275198253,1.4296720027923584,0.0827763602137565,-1.267673373222351,-0.6330821514129639,-0.4161734580993652,-0.1060210987925529,0.6440234184265137,1.0,-0.0151577312741918,0,0,0.0,0.6283185307179586,-95,95,thymio-08
71,1788222347.466695,1.4219614267349243,-1.2680010795593262,-1.5276556293918957,87.60440275198253,1.4219614267349243,0.0833796858787536,-1.2680010795593262,-0.6218289136886597,-0.5100842714309692,-0.1929800808429718,0.5620512366294861,1.0,1.0,0,0,-0.1727995681762695,-0.6283185307179586,-500,-500,thymio-08
72,1788222348.0744438,1.435619235038757,-1.2646232843399048,-1.8120051483959003,87.50440275198254,1.435619235038757,0.0826832801103591,-1.2646232843399048,-0.6406534910202026,-0.376995712518692,-0.0609911866486072,0.666121244430542,1.0,-0.9786939826554896,0,0,0.0,-0.6283185307179586,95,-95,thymio-08
73,1788222348.682758,1.435619235038757,-1.2646232843399048,-1.8120051483959003,87.40440275198254,1.435619235038757,0.0826832801103591,-1.2646232843399048,-0.6406534910202026,-0.376995712518692,-0.0609911866486072,0.666121244430542,1.0,-0.9786939826554896,0,0,0.0,-0.6283185307179586,95,-95,thymio-08
74,1788222349.2912288,1.3675130605697632,-1.288341760635376,-1.9559468597262453,87.00177641128238,1.3675130605697632,0.082557089626789,-1.288341760635376,-0.6327934265136719,-0.2637083530426025,0.0015143796335905,0.7280303239822388,1.0,-0.059495872738249,0,0,-0.115956055340584,-0.6283185307179586,-317,-500,thymio-08
75,1788222349.8996134,1.3412364721298218,-1.3014529943466189,-1.4657341826520311,86.8471581773786,1.3412364721298218,0.0832264944911003,-1.3014529943466189,-0.6066686511039734,-0.5291436314582825,-0.2270431518554687,0.5480981469154358,-0.9766989947896964,-0.0579464221640492,0,0,-0.0,0.6283185307179586,-95,95,thymio-08
76,1788222350.5085862,1.3158851861953735,-1.3710132837295532,-1.0574098237024705,86.6319525469534,1.3158851861953735,0.0826496034860611,-1.3710132837295532,-0.5848860144615173,-0.5961483120918274,-0.2784943282604217,0.474295824766159,-0.9919697246877308,1.0,0,0,-0.0,-0.6283185307179586,95,-95,thymio-08
77,1788222351.1164143,1.3158851861953735,-1.3710132837295532,-1.0574098237024705,86.5319525469534,1.3158851861953735,0.0826496034860611,-1.3710132837295532,-0.5848860144615173,-0.5961483120918274,-0.2784943282604217,0.474295824766159,-0.9919697246877308,1.0,0,0,-0.0,-0.6283185307179586,95,-95,thymio-08
78,1788222351.724727,1.322137475013733,-1.3638020753860474,-1.5039868578481324,86.43195254695341,1.322137475013733,0.082564003765583,-1.3638020753860474,-0.6115590333938599,-0.5197793841362,-0.2089306861162185,0.5587244629859924,-0.9952255804309024,0.0089454151483465,0,0,-0.0,0.6283185307179586,-95,95,thymio-08
79,1788222352.332404,1.310741901397705,-1.3833303451538086,-0.2618454948699669,86.33195254695342,1.310741901397705,0.0821409225463867,-1.3833303451538086,-0.5220943093299866,-0.691338062286377,-0.3888554871082306,0.3134656250476837,-0.7206753073050369,-0.9773412149484528,0,0,-0.0,0.6283185307179586,-95,95,thymio-08
80,1788222352.9413805,1.3138195276260376,-1.374530792236328,-0.7375743097942982,86.23195254695342,1.3138195276260376,0.081583172082901,-1.374530792236328,-0.5423674583435059,-0.6277350783348083,-0.331224262714386,0.4495295286178589,-0.7394895301083964,-0.9725931585612644,0,0,-0.0,0.6283185307179586,-95,95,thymio-08
81,1788222353.549132,1.3138195276260376,-1.374530792236328,-0.7375743097942982,86.13195254695343,1.3138195276260376,0.081583172082901,-1.374530792236328,-0.5423674583435059,-0.6277350783348083,-0.331224262714386,0.4495295286178589,-0.7394895301083964,-0.9725931585612644,0,0,-0.0,0.6283185307179586,-95,95,thymio-08
82,1788222354.1585524,1.3235152959823608,-1.3641701936721802,-1.7607278715065673,86.03195254695343,1.3235152959823608,0.0808172896504402,-1.3641701936721802,-0.5814527869224548,-0.4777275323867798,-0.2158820182085037,0.622160792350769,-0.9674821086409436,0.0301196145412361,0,0,-0.0,0.6283185307179586,-95,95,thymio-08
83,1788222354.76826,1.3430556058883667,-1.3590272665023804,-1.9911263650161213,85.93195254695344,1.3430556058883667,0.0822453796863555,-1.3590272665023804,-0.6328838467597961,-0.2518783211708069,-0.0089406324550509,0.732076108455658,1.0,0.0566668433613146,0,0,-0.0,0.6283185307179586,-95,95,thymio-08
84,1788222355.3769443,1.3632330894470217,-1.3709077835083008,-1.9336942009159728,85.83195254695345,1.3632330894470217,0.0809761807322502,-1.3709077835083008,-0.58006352186203,0.0156813487410545,0.2469663172960281,0.7760722637176514,-0.791936521509794,0.0894100810179097,0,0,-0.0098207591765313,-0.6283185307179586,60,-130,thymio-08
85,1788222355.9850278,1.3632855415344238,-1.3719178438186646,-1.9333168944672476,85.73195254695345,1.3632855415344238,0.0807445347309112,-1.3719178438186646,-0.5642086267471313,0.0691877007484436,0.2756334245204925,0.7751824259757996,-0.7879805590288556,0.089824658471864,0,0,-0.0424636305408001,-0.6283185307179586,-56,-246,thymio-08
86,1788222356.5931249,1.3632855415344238,-1.3719178438186646,-1.9333168944672476,85.63195254695346,1.3632855415344238,0.0807445347309112,-1.3719178438186646,-0.5642086267471313,0.0691877007484436,0.2756334245204925,0.7751824259757996,-0.7879805590288556,1.0,0,0,-0.0106159076352,-0.6283185307179586,57,-133,thymio-08
87,1788222357.201722,1.3249948024749756,-1.3555171489715576,-1.960062823076372,85.40062601188745,1.3249948024749756,0.0812723040580749,-1.3555171489715576,-0.6188565492630005,-0.1489301770925521,0.1140743046998977,0.7627735733985901,-0.7597258382425441,1.0,0,0,-0.0162951065132486,-0.6283185307179586,37,-153,thymio-08
88,1788222357.8099408,1.2910380363464355,-1.3538978099822998,-1.9107536809708368,85.24034642018762,1.2910380363464355,0.0832441374659538,-1.3538978099822998,-0.6403489708900452,-0.3230833113193512,-0.0467266514897346,0.6952604055404663,-0.7354996547319028,0.114347833537111,0,0,-0.0211645693988875,-0.6283185307179586,20,-170,thymio-08
89,1788222358.4179418,1.2910380363464355,-1.3538978099822998,-1.9107536809708368,85.14034642018763,1.2910380363464355,0.0832441374659538,-1.3538978099822998,-0.6403489708900452,-0.3230833113193512,-0.0467266514897346,0.6952604055404663,-0.7354996547319028,0.114347833537111,0,0,-0.0211645693988875,-0.6283185307179586,20,-170,thymio-08
90,1788222359.0255573,1.2587448358535769,-1.378347873687744,-1.4087257454185922,84.99778765829699,1.2587448358535769,0.0832548514008522,-1.378347873687744,-0.598872184753418,-0.5413585901260376,-0.2448664605617523,0.5369575023651123,-0.973721516688612,0.101026369471241,0,0,-0.0,0.6283185307179586,-95,95,thymio-08
91,1788222359.633239,1.2483752965927124,-1.4201639890670776,-0.256905894331398,84.89778765829699,1.2483752965927124,0.0821801945567131,-1.4201639890670776,-0.5281521081924438,-0.7008797526359558,-0.3893634080886841,0.279677003622055,-0.954451107384987,-0.9815726789812002,0,0,-0.0,0.6283185307179586,-95,95,thymio-08
92,1788222360.2415397,1.2528995275497437,-1.4097353219985962,-0.5941654012813187,84.797787658297,1.2528995275497437,0.0861060693860054,-1.4097353219985962,-0.4466573297977447,-0.6688833832740784,-0.2787115573883056,0.5247973799705505,1.0,-0.977168877740346,0,0,-0.0,0.6283185307179586,-95,95,thymio-08
93,1788222360.8493557,1.2528995275497437,-1.4097353219985962,-0.5941654012813187,84.697787658297,1.2528995275497437,0.0861060693860054,-1.4097353219985962,-0.4466573297977447,-0.6688833832740784,-0.2787115573883056,0.5247973799705505,1.0,-0.977168877740346,0,0,-0.0,0.6283185307179586,-95,95,thymio-08
94,1788222361.4532795,10000.0,10000.0,0.0,84.697787658297,1.2528995275497437,0.0861060693860054,-1.4097353219985962,-0.4466573297977447,-0.6688833832740784,-0.2787115573883056,0.5247973799705505,1.0,1.0,0,0,-9.184850993605149e-18,0.6283185307179586,-95,95,thymio-08
95,1788222362.0564406,10000.0,10000.0,0.0,84.697787658297,1.2528995275497437,0.0861060693860054,-1.4097353219985962,-0.4466573297977447,-0.6688833832740784,-0.2787115573883056,0.5247973799705505,1.0,1.0,0,0,-9.184850993605149e-18,0.6283185307179586,-95,95,thymio-08
96,1788222362.6606786,10000.0,10000.0,0.0,84.697787658297,1.2528995275497437,0.0861060693860054,-1.4097353219985962,-0.4466573297977447,-0.6688833832740784,-0.2787115573883056,0.5247973799705505,1.0,1.0,0,0,-9.184850993605149e-18,0.6283185307179586,-95,95,thymio-08
97,1788222363.2639534,1.2641407251358032,-1.3972408771514893,-1.753124170840413,84.697787658297,1.2641407251358032,0.081960491836071,-1.3972408771514893,-0.6035012602806091,-0.4619530141353607,-0.1850727945566177,0.6230039000511169,-0.9804024596539848,0.1577993347846109,0,0,-0.0,0.6283185307179586,-95,95,thymio-08
98,1788222363.8715267,1.2641407251358032,-1.3972408771514893,-1.753124170840413,84.59778765829701,1.2641407251358032,0.081960491836071,-1.3972408771514893,-0.6035012602806091,-0.4619530141353607,-0.1850727945566177,0.6230039000511169,-0.9804024596539848,0.1577993347846109,0,0,-0.0,0.6283185307179586,-95,95,thymio-08
99,1788222364.4745488,10000.0,10000.0,0.0,84.59778765829701,1.2641407251358032,0.081960491836071,-1.3972408771514893,-0.6035012602806091,-0.4619530141353607,-0.1850727945566177,0.6230039000511169,1.0,1.0,0,0,-9.184850993605149e-18,0.6283185307179586,-95,95,thymio-08
100,1788222365.0778165,10000.0,10000.0,0.0,84.59778765829701,1.2641407251358032,0.081960491836071,-1.3972408771514893,-0.6035012602806091,-0.4619530141353607,-0.1850727945566177,0.6230039000511169,1.0,1.0,0,0,-9.184850993605149e-18,0.6283185307179586,-95,95,thymio-08
101,1788222365.681157,10000.0,10000.0,0.0,84.59778765829701,1.2641407251358032,0.081960491836071,-1.3972408771514893,-0.6035012602806091,-0.4619530141353607,-0.1850727945566177,0.6230039000511169,1.0,1.0,0,0,-9.184850993605149e-18,0.6283185307179586,-95,95,thymio-08
102,1788222366.2861824,10000.0,10000.0,0.0,84.59778765829701,1.2641407251358032,0.081960491836071,-1.3972408771514893,-0.6035012602806091,-0.4619530141353607,-0.1850727945566177,0.6230039000511169,1.0,1.0,0,0,-9.184850993605149e-18,0.6283185307179586,-95,95,thymio-08
103,1788222366.890207,10000.0,10000.0,0.0,84.59778765829701,1.2641407251358032,0.081960491836071,-1.3972408771514893,-0.6035012602806091,-0.4619530141353607,-0.1850727945566177,0.6230039000511169,1.0,1.0,0,0,-9.184850993605149e-18,0.6283185307179586,-95,95,thymio-08
104,1788222367.493811,10000.0,10000.0,0.0,84.59778765829701,1.2641407251358032,0.081960491836071,-1.3972408771514893,-0.6035012602806091,-0.4619530141353607,-0.1850727945566177,0.6230039000511169,1.0,1.0,0,0,-9.184850993605149e-18,0.6283185307179586,-95,95,thymio-08
105,1788222368.098724,1.3118373155593872,-1.4327003955841064,-1.4891126201385043,84.59778765829701,1.3118373155593872,0.0809584781527519,-1.4327003955841064,-0.4216379821300506,0.3667520880699157,0.4660659730434418,0.6859278082847595,-0.6944273011052169,0.2150498269931082,0,0,-0.1069198417663574,0.6283185307179586,-475,-285,thymio-08
106,1788222368.7066207,1.3118373155593872,-1.4327003955841064,-1.4891126201385043,84.49778765829701,1.3118373155593872,0.0809584781527519,-1.4327003955841064,-0.4216379821300506,0.3667520880699157,0.4660659730434418,0.6859278082847595,-0.6944273011052169,0.2150498269931082,0,0,-0.1069198417663574,0.6283185307179586,-475,-285,thymio-08
107,1788222369.314618,1.2608400583267212,-1.4876892566680908,-0.6829272842966669,84.18599478151167,1.2608400583267212,0.0817102268338203,-1.4876892566680908,0.5387672185897827,0.6298243403434753,0.3424850702285766,-0.4424424767494201,1.0,-0.9824192731984815,0,0,0.0,0.6283185307179586,-95,95,thymio-08
108,1788222369.922332,1.2608400583267212,-1.4876892566680908,-0.6829272842966669,84.08599478151167,1.2608400583267212,0.0817102268338203,-1.4876892566680908,0.5387672185897827,0.6298243403434753,0.3424850702285766,-0.4424424767494201,1.0,-0.9824192731984815,0,0,0.0,0.6283185307179586,-95,95,thymio-08
109,1788222370.5300949,1.2643206119537354,-1.539612889289856,-1.688819646023402,83.98599478151168,1.2643206119537354,0.0806847438216209,-1.539612889289856,0.5939704179763794,0.4864237606525421,0.2047045975923538,-0.6071961522102356,-0.9764529348846716,0.3442407632363817,0,0,-0.0,0.6283185307179586,-95,95,thymio-08
110,1788222371.1381352,1.2693952322006226,-1.53538978099823,-1.7433561694776207,83.88599478151168,1.2693952322006226,0.0830586031079292,-1.53538978099823,0.6476715803146362,0.4205746352672577,0.1051103249192237,-0.6265704035758972,-0.977269180227859,0.4487146504201158,0,0,-0.0,0.6283185307179586,-95,95,thymio-08
111,1788222371.746738,1.2693952322006226,-1.53538978099823,-1.7433561694776207,83.78599478151169,1.2693952322006226,0.0830586031079292,-1.53538978099823,0.6476715803146362,0.4205746352672577,0.1051103249192237,-0.6265704035758972,-0.5593026589950575,0.4487146504201158,0,0,-0.0164610219001769,0.6283185307179586,-153,36,thymio-08
112,1788222372.3561788,1.28645122051239,-1.5351804494857788,-1.9639580296064163,83.6859947815117,1.28645122051239,0.0824336782097816,-1.5351804494857788,0.6435889601707458,0.2231449335813522,-0.0374627485871315,-0.7311608791351318,-0.5729180116785916,0.4281029978314847,0,0,-0.0164819550514221,-0.6283185307179586,36,-153,thymio-08
113,1788222372.9644997,1.28645122051239,-1.5351804494857788,-1.9639580296064163,83.5859947815117,1.28645122051239,0.0824336782097816,-1.5351804494857788,0.6435889601707458,0.2231449335813522,-0.0374627485871315,-0.7311608791351318,-0.5720993367259993,0.4023005052630279,0,0,-0.0164819550514221,-0.6283185307179586,36,-153,thymio-08
114,1788222373.567708,1.6998224258422852,-1.6815470457077026,1.3599739071147772,83.5859947815117,1.6998224258422852,0.0812921524047851,-1.6815470457077026,-0.4275371432304382,0.6608577966690063,-0.5867420434951782,-0.1902968436479568,0.8382794844259505,1.0,0,0,-0.0,-0.6283185307179586,95,-95,thymio-08
115,1788222374.175653,1.6998224258422852,-1.6815470457077026,1.3599739071147772,83.4859947815117,1.6998224258422852,0.0812921524047851,-1.6815470457077026,-0.4275371432304382,0.6608577966690063,-0.5867420434951782,-0.1902968436479568,1.0,1.0,0,0,-0.0,-0.6283185307179586,95,-95,thymio-08
116,1788222374.7802725,1.252554178237915,-1.518701672554016,-1.9563089573858887,83.4859947815117,1.252554178237915,0.0827598348259925,-1.518701672554016,0.6438729763031006,0.2382804751396179,-0.0262607503682374,-0.7266088724136353,-0.5368839618127115,1.0,0,0,-0.0725193309783935,-0.6283185307179586,-163,-353,thymio-08
117,1788222375.388463,1.2242591381072998,-1.5323779582977295,-1.6479638720920065,83.31500037465605,1.2242591381072998,0.0821593329310417,-1.5323779582977295,0.6235433220863342,0.4760913252830505,0.1622247993946075,-0.5985098481178284,-0.5163828362483547,1.0,0,0,-0.0670488166809081,0.6283185307179586,-333,-143,thymio-08
118,1788222375.996686,1.198190450668335,-1.5772099494934082,-1.3667979430467885,83.13467532058954,1.198190450668335,0.0817643329501152,-1.5772099494934082,0.5920616388320923,0.5508514642715454,0.2464526891708374,-0.5341225862503052,-0.9630368068940852,1.0,0,0,-0.0,-0.6283185307179586,95,-95,thymio-08
119,1788222376.6048791,1.198190450668335,-1.5772099494934082,-1.3667979430467885,83.03467532058954,1.198190450668335,0.0817643329501152,-1.5772099494934082,0.5920616388320923,0.5508514642715454,0.2464526891708374,-0.5341225862503052,-0.9630368068940852,1.0,0,0,-0.0,-0.6283185307179586,95,-95,thymio-08
120,1788222377.2129424,1.1801496744155884,-1.6124346256256104,-1.5611542945897856,82.92114078238137,1.1801496744155884,0.0814972519874572,-1.6124346256256104,0.6052035093307495,0.5103861689567566,0.2113691866397857,-0.5731995105743408,-0.4916999488790269,0.3069456962447408,0,0,-0.0,-0.6283185307179586,95,-95,thymio-08
121,1788222377.8214216,1.1659406423568726,-1.6372432708740234,-0.002875089742933,82.82114078238138,1.1659406423568726,0.0812450945377349,-1.6372432708740234,0.4690748155117035,0.7011799216270447,0.4342071115970611,-0.3158793747425079,-0.9647277498787308,1.0,0,0,-0.0,0.6283185307179586,-95,95,thymio-08
122,1788222378.429697,1.1659406423568726,-1.6372432708740234,-0.002875089742933,82.72114078238138,1.1659406423568726,0.0812450945377349,-1.6372432708740234,0.4690748155117035,0.7011799216270447,0.4342071115970611,-0.3158793747425079,-0.9647277498787308,1.0,0,0,-0.0,0.6283185307179586,-95,95,thymio-08
123,1788222379.0382855,1.1679182052612305,-1.6438771486282349,0.1512209077113371,82.62114078238139,1.1679182052612305,0.0798206701874733,-1.6438771486282349,0.4253639578819275,0.7404377460479736,0.4682275354862213,-0.2271131575107574,1.0,1.0,0,0,0.01882191706391,0.6283185307179586,-28,162,thymio-08
124,1788222379.6467853,1.1803271770477295,-1.6108732223510742,-1.4430342551204545,82.5211407823814,1.1803271770477295,0.0840508043766021,-1.6108732223510742,0.5018720030784607,0.5716410279273987,0.2170704752206802,-0.6117446422576904,-0.4890529059582191,0.2132809160500066,0,0,-0.0356507110595702,0.6283185307179586,-222,-32,thymio-08
125,1788222380.25475,1.1803271770477295,-1.6108732223510742,-1.4430342551204545,82.4211407823814,1.1803271770477295,0.0840508043766021,-1.6108732223510742,0.5018720030784607,0.5716410279273987,0.2170704752206802,-0.6117446422576904,-0.4890529059582191,0.2132809160500066,0,0,-0.0356507110595702,0.6283185307179586,-222,-32,thymio-08
126,1788222380.863423,1.187309503555298,-1.599969744682312,-1.6393490821974042,82.3211407823814,1.187309503555298,0.082176998257637,-1.599969744682312,0.6246784329414368,0.479304552078247,0.1700432300567627,-0.5925617814064026,1.0,-0.9837809260364035,0,0,0.0,-0.6283185307179586,95,-95,thymio-08
127,1788222381.4717352,1.1770730018615725,-1.6185970306396484,-1.9480456032462912,82.22114078238141,1.1770730018615725,0.0825081169605255,-1.6185970306396484,0.6454044580459595,0.2608997225761413,-0.0057073282077908,-0.7178801894187927,-0.9783823608358538,0.3564340473924718,0,0,-0.0,-0.6283185307179586,95,-95,thymio-08
128,1788222382.0794785,1.146144986152649,-1.6228148937225342,-1.8068016061617544,82.04757138932294,1.146144986152649,0.0835518762469291,-1.6228148937225342,0.6471408605575562,0.3988469839096069,0.107744961977005,-0.6407191157341003,-0.4628374687086615,0.3344348156299792,0,0,-0.0308740425109863,-0.6283185307179586,-15,-205,thymio-08
129,1788222382.687637,1.146144986152649,-1.6228148937225342,-1.8068016061617544,81.94757138932295,1.146144986152649,0.0835518762469291,-1.6228148937225342,0.6471408605575562,0.3988469839096069,0.107744961977005,-0.6407191157341003,-0.4628374687086615,0.3344348156299792,0,0,-0.0308740425109863,-0.6283185307179586,-15,-205,thymio-08
130,1788222383.2964883,1.1279146671295166,-1.6491479873657229,-1.13490299149953,81.82894597430999,1.1279146671295166,0.0815321430563926,-1.6491479873657229,0.5841367840766907,0.5853873491287231,0.2738784253597259,-0.4910158216953277,1.0,1.0,0,0,-0.0,-0.6283185307179586,95,-95,thymio-08
131,1788222383.905161,1.121115803718567,-1.7010289430618286,0.1276268913695579,81.72894597431,1.121115803718567,0.080870546400547,-1.7010289430618286,0.4395862817764282,0.7205357551574707,0.4642107784748077,-0.2685153484344482,-0.9602625477400384,1.0,0,0,-0.0,-0.6283185307179586,95,-95,thymio-08
132,1788222384.5138805,1.121115803718567,-1.7010289430618286,0.1276268913695579,81.62894597431,1.121115803718567,0.080870546400547,-1.7010289430618286,0.4395862817764282,0.7205357551574707,0.4642107784748077,-0.2685153484344482,-0.9602625477400384,1.0,0,0,-0.0,-0.6283185307179586,95,-95,thymio-08
133,1788222385.121793,1.1219379901885986,-1.70536470413208,0.2194183068872379,81.52894597431,1.1219379901885986,0.0806939080357551,-1.70536470413208,0.4091155529022217,0.736049234867096,0.4881698787212372,-0.2292299270629882,1.0,1.0,0,0,0.0,0.6283185307179586,-95,95,thymio-08
134,1788222385.7312725,1.1219379901885986,-1.70536470413208,0.2194183068872379,81.42894597431001,1.1219379901885986,0.0806939080357551,-1.70536470413208,0.4091155529022217,0.736049234867096,0.4881698787212372,-0.2292299270629882,1.0,1.0,0,0,0.0,0.6283185307179586,-95,95,thymio-08
135,1788222386.3362803,10000.0,10000.0,0.0,81.42894597431001,1.1219379901885986,0.0806939080357551,-1.70536470413208,0.4091155529022217,0.736049234867096,0.4881698787212372,-0.2292299270629882,1.0,1.0,0,0,-9.184850993605149e-18,0.6283185307179586,-95,95,thymio-08
136,1788222386.939443,10000.0,10000.0,0.0,81.42894597431001,1.1219379901885986,0.0806939080357551,-1.70536470413208,0.4091155529022217,0.736049234867096,0.4881698787212372,-0.2292299270629882,1.0,1.0,0,0,-9.184850993605149e-18,0.6283185307179586,-95,95,thymio-08
137,1788222387.5443134,1.1255868673324585,-1.6935017108917236,-0.3035138008238784,81.42894597431001,1.1255868673324585,0.0809932127594947,-1.6935017108917236,0.5198003053665161,0.677771806716919,0.3830408155918121,-0.3517284989356994,1.0,1.0,0,0,-0.002257882288607,0.6283185307179586,-103,87,thymio-08
138,1788222388.152244,1.1255868673324585,-1.6935017108917236,-0.3035138008238784,81.32894597431002,1.1255868673324585,0.0809932127594947,-1.6935017108917236,0.5198003053665161,0.677771806716919,0.3830408155918121,-0.3517284989356994,1.0,1.0,0,0,-0.002257882288607,0.6283185307179586,-103,87,thymio-08
139,1788222388.7604215,1.1324055194854736,-1.6824926137924194,-1.3033227309817697,81.22894597431002,1.1324055194854736,0.0806770622730255,-1.6824926137924194,0.5707379579544067,0.5642420053482056,0.2709998786449432,-0.5314586758613586,-0.4479639295426533,1.0,0,0,0.0,-0.6283185307179586,95,-95,thymio-08
140,1788222389.3682122,1.139803409576416,-1.673693060874939,-1.779821126954674,81.12894597431003,1.139803409576416,0.0832753106951713,-1.673693060874939,0.6469557285308838,0.4129980802536011,0.1184226125478744,-0.6299659013748169,-0.4484955968750965,-0.9769437139960652,0,0,0.0,0.6283185307179586,-95,95,thymio-08
141,1788222389.9764073,1.139803409576416,-1.673693060874939,-1.779821126954674,81.02894597431003,1.139803409576416,0.0832753106951713,-1.673693060874939,0.6469557285308838,0.4129980802536011,0.1184226125478744,-0.6299659013748169,-0.4484955968750965,1.0,0,0,0.0,0.6283185307179586,-95,95,thymio-08
142,1788222390.5847273,1.1365803480148315,-1.6787958145141602,-1.5774565722576577,80.92894597431004,1.1365803480148315,0.0818387642502784,-1.6787958145141602,0.6271817088127136,0.4945174753665924,0.1735961437225341,-0.5761597752571106,-0.4428905989561887,1.0,0,0,0.0,0.6283185307179586,-95,95,thymio-08
143,1788222391.1936345,1.155289649963379,-1.6742721796035769,-1.9458889694762207,80.82894597431005,1.155289649963379,0.0818810537457466,-1.6742721796035769,0.6440523862838745,0.2703762054443359,0.0036163853947073,-0.7155977487564087,-0.4544251955414582,-0.9732165165745408,0,0,0.0,0.6283185307179586,-95,95,thymio-08
144,1788222391.8021889,1.158921718597412,-1.673556566238403,-1.9600639429476276,80.72894597431005,1.158921718597412,0.0820202976465225,-1.673556566238403,0.6448649168014526,0.2305418848991394,-0.0318638458847999,-0.728000283241272,-0.4108385486883813,-0.9701941353963666,0,0,0.0,0.6283185307179586,-95,95,thymio-08
145,1788222392.4100862,1.158921718597412,-1.673556566238403,-1.9600639429476276,80.62894597431006,1.158921718597412,0.0820202976465225,-1.673556566238403,0.6448649168014526,0.2305418848991394,-0.0318638458847999,-0.728000283241272,-0.4108385486883813,1.0,0,0,-0.0105773735046386,-0.6283185307179586,57,-132,thymio-08
146,1788222393.0136812,10000.0,10000.0,0.0,80.62894597431006,1.158921718597412,0.0820202976465225,-1.673556566238403,0.6448649168014526,0.2305418848991394,-0.0318638458847999,-0.728000283241272,1.0,1.0,0,0,-9.184850993605149e-18,0.6283185307179586,-95,95,thymio-08
147,1788222393.616874,10000.0,10000.0,0.0,80.62894597431006,1.158921718597412,0.0820202976465225,-1.673556566238403,0.6448649168014526,0.2305418848991394,-0.0318638458847999,-0.728000283241272,1.0,1.0,0,0,-9.184850993605149e-18,0.6283185307179586,-95,95,thymio-08
148,1788222394.2205043,10000.0,10000.0,0.0,80.62894597431006,1.158921718597412,0.0820202976465225,-1.673556566238403,0.6448649168014526,0.2305418848991394,-0.0318638458847999,-0.728000283241272,1.0,1.0,0,0,-9.184850993605149e-18,0.6283185307179586,-95,95,thymio-08
149,1788222394.8247108,1.179504156112671,-1.702070951461792,-1.593094345123339,80.62894597431006,1.179504156112671,0.0805901363492012,-1.702070951461792,0.4491599202156067,-0.3141243755817413,-0.4528611302375793,-0.7032055258750916,0.6876954789639829,1.0,0,0,-0.0,0.0406302270021659,-6,6,thymio-08
150,1788222395.4320257,1.1708261966705322,-1.7219109535217283,-0.2027239892447396,80.52894597431006,1.1708261966705322,0.0814139023423194,-1.7219109535217283,0.2454356998205185,-0.528258740901947,-0.5873928666114807,-0.5618484616279602,1.0,1.0,0,0,-0.0,0.6283185307179586,-95,95,thymio-08
151,1788222396.0395014,1.1678625345230105,-1.7232426404953003,0.0013121882455555,80.42894597431007,1.1678625345230105,0.0815230533480644,-1.7232426404953003,0.2303662300109863,-0.5672968626022339,-0.5903781652450562,-0.5258892178535461,1.0,-0.982727722384664,0,0,0.0,0.6283185307179586,-95,95,thymio-08
152,1788222396.6476324,1.1678625345230105,-1.7232426404953003,0.0013121882455555,80.32894597431007,1.1678625345230105,0.0815230533480644,-1.7232426404953003,0.2303662300109863,-0.5672968626022339,-0.5903781652450562,-0.5258892178535461,1.0,-0.982727722384664,0,0,0.0,0.6283185307179586,-95,95,thymio-08
153,1788222397.2520294,1.7443161010742188,-1.6319682598114014,1.3525624504831537,80.32894597431007,1.7443161010742188,0.0807819962501525,-1.6319682598114014,0.4262634813785553,-0.6619513630867004,0.5843003988265991,0.196755826473236,1.0,1.0,0,0,-0.0,-0.6283185307179586,95,-95,thymio-08
154,1788222397.8604496,1.7456320524215698,-1.6343756914138794,1.2804781100586895,80.22894597431008,1.7456320524215698,0.0801231116056442,-1.6343756914138794,0.4006223380565643,-0.6647312045097351,0.6020499467849731,0.1875369101762771,1.0,1.0,0,0,-0.0,-0.6283185307179586,95,-95,thymio-08
155,1788222398.4686823,1.7456320524215698,-1.6343756914138794,1.2804781100586895,80.12894597431008,1.7456320524215698,0.0801231116056442,-1.6343756914138794,0.4006223380565643,-0.6647312045097351,0.6020499467849731,0.1875369101762771,1.0,1.0,0,0,-0.0,-0.6283185307179586,95,-95,thymio-08
156,1788222399.0723934,1.1613458395004272,-1.728429079055786,0.3645441600982901,80.12894597431008,1.1613458395004272,0.0812234282493591,-1.728429079055786,0.1570288389921188,-0.6563436985015869,-0.6139587759971619,-0.4094014763832092,1.0,1.0,0,0,0.0,0.6283185307179586,-95,95,thymio-08
157,1788222399.6806395,1.1613458395004272,-1.728429079055786,0.3645441600982901,80.02894597431009,1.1613458395004272,0.0812234282493591,-1.728429079055786,0.1570288389921188,-0.6563436985015869,-0.6139587759971619,-0.4094014763832092,1.0,1.0,0,0,0.0,0.6283185307179586,-95,95,thymio-08
158,1788222400.2899182,1.171606183052063,-1.73349130153656,0.9318652404678732,79.9289459743101,1.171606183052063,0.0915853902697563,-1.73349130153656,0.1594249159097671,-0.7524435520172119,-0.1764746010303497,-0.6142222881317139,1.0,1.0,0,0,0.0,0.6283185307179586,-95,95,thymio-08
159,1788222400.898628,1.1609044075012207,-1.728489875793457,0.3685479309517729,79.8289459743101,1.1609044075012207,0.0812346115708351,-1.728489875793457,0.1494422703981399,-0.6593724489212036,-0.6165533661842346,-0.4034314453601837,1.0,1.0,0,0,0.0,0.6283185307179586,-95,95,thymio-08
160,1788222401.5070252,1.1609044075012207,-1.728489875793457,0.3685479309517729,79.72894597431011,1.1609044075012207,0.0812346115708351,-1.728489875793457,0.1494422703981399,-0.6593724489212036,-0.6165533661842346,-0.4034314453601837,1.0,1.0,0,0,0.0,0.6283185307179586,-95,95,thymio-08
161,1788222402.1156669,1.1484085321426392,-1.730313062667847,0.4009218407177166,79.62894597431011,1.1484085321426392,0.0814177095890045,-1.730313062667847,-0.004884467460215,-0.7149873375892639,-0.6396163105964661,-0.2822415232658386,1.0,1.0,0,0,0.0,0.6283185307179586,-95,95,thymio-08
162,1788222402.724512,1.1484085321426392,-1.730313062667847,0.4009218407177166,79.52894597431012,1.1484085321426392,0.0814177095890045,-1.730313062667847,-0.004884467460215,-0.7149873375892639,-0.6396163105964661,-0.2822415232658386,1.0,1.0,0,0,0.0,0.6283185307179586,-95,95,thymio-08
163,1788222403.3279293,10000.0,10000.0,0.0,79.52894597431012,1.1484085321426392,0.0814177095890045,-1.730313062667847,-0.004884467460215,-0.7149873375892639,-0.6396163105964661,-0.2822415232658386,1.0,1.0,0,0,-9.184850993605149e-18,0.6283185307179586,-95,95,thymio-08
164,1788222403.931419,1.1193872690200806,-1.6908799409866333,-0.2174457167866315,79.52894597431012,1.1193872690200806,0.080295018851757,-1.6908799409866333,-0.5027012825012207,-0.6871323585510254,-0.3910060226917267,0.3496497869491577,0.4789439335062071,1.0,0,0,-0.000672739931013,0.6283185307179586,-97,92,thymio-08
165,1788222404.5395634,1.135332107543945,-1.6710338592529297,-1.7603566878000816,79.42894597431012,1.135332107543945,0.0803860202431678,-1.6710338592529297,-0.6067519783973694,-0.4543780386447906,-0.1697332113981247,0.6297486424446106,-0.3882324870111449,1.0,0,0,-0.0115864562988281,-0.3346101775238221,9,-92,thymio-08
166,1788222405.1476264,1.1361160278320312,-1.6679350137710571,-1.797474447342133,79.32894597431013,1.1361160278320312,0.0828964188694953,-1.6679350137710571,-0.6432929635047913,-0.4083658456802368,-0.1185090690851211,0.6366845369338989,-0.3889114829576049,1.0,0,0,0.0,-0.6283185307179586,95,-95,thymio-08
167,1788222405.7561476,1.1361160278320312,-1.6679350137710571,-1.797474447342133,79.22894597431014,1.1361160278320312,0.0828964188694953,-1.6679350137710571,-0.6432929635047913,-0.4083658456802368,-0.1185090690851211,0.6366845369338989,-0.3889114829576049,1.0,0,0,0.0,-0.6283185307179586,95,-95,thymio-08
168,1788222406.3644314,1.1268831491470337,-1.675200581550598,-1.625552204124202,79.12894597431014,1.1268831491470337,0.0830007493495941,-1.675200581550598,-0.6543907523155212,-0.4597509205341339,-0.1149256378412246,0.5892317295074463,-0.3749631232344848,1.0,0,0,-0.0099197673797607,0.0474827629614632,-42,-28,thymio-08
169,1788222406.9727054,1.1122006177902222,-1.691285252571106,-0.8220716417484013,79.02894597431015,1.1122006177902222,0.0815911218523979,-1.691285252571106,-0.5589889883995056,-0.6179875731468201,-0.3241623044013977,0.4478186964988708,-0.3602286835827673,1.0,0,0,-0.0025578151410485,0.6283185307179586,-104,86,thymio-08
170,1788222407.580798,1.1122006177902222,-1.691285252571106,-0.8220716417484013,78.92894597431015,1.1122006177902222,0.0815911218523979,-1.691285252571106,-0.5589889883995056,-0.6179875731468201,-0.3241623044013977,0.4478186964988708,-0.3602286835827673,1.0,0,0,-0.0025578151410485,0.6283185307179586,-104,86,thymio-08
171,1788222408.188874,1.1163800954818726,-1.694140076637268,-1.310963533922532,78.82894597431016,1.1163800954818726,0.0814009010791778,-1.694140076637268,-0.5937933325767517,-0.5586876273155212,-0.2538317739963531,0.5204298496246338,-0.3677482539734686,1.0,0,0,-0.0023439693450927,0.6283185307179586,-103,87,thymio-08
172,1788222408.7973485,1.1242613792419434,-1.687408685684204,-1.7138769133595066,78.72894597431016,1.1242613792419434,0.0822922587394714,-1.687408685684204,-0.6380617618560791,-0.4453200399875641,-0.1387480795383453,0.6126306653022766,-0.3739188651065122,-0.9834202029311464,0,0,0.0,-0.6283185307179586,95,-95,thymio-08
173,1788222409.4055884,1.1360185146331787,-1.6861331462860107,-1.8862039247035465,78.62894597431017,1.1360185146331787,0.0816222056746482,-1.6861331462860107,-0.6461848020553589,-0.3129003047943115,-0.0174673553556203,0.6958688497543335,-0.3862901832036567,-0.9749478156895948,0,0,0.0,-0.6283185307179586,95,-95,thymio-08
174,1788222410.0135913,1.1360185146331787,-1.6861331462860107,-1.8862039247035465,78.52894597431018,1.1360185146331787,0.0816222056746482,-1.6861331462860107,-0.6461848020553589,-0.3129003047943115,-0.0174673553556203,0.6958688497543335,-0.3862901832036567,1.0,0,0,-0.0055467414855956,-0.6283185307179586,75,-115,thymio-08
175,1788222410.6211877,1.1343189477920532,-1.6865087747573853,-1.912509686109166,78.42894597431018,1.1343189477920532,0.081746831536293,-1.6865087747573853,-0.6435890197753906,-0.3063561618328094,-0.0260902605950832,0.700898289680481,-0.3859926719599292,1.0,0,0,-0.0053964900970458,-0.6283185307179586,76,-114,thymio-08
176,1788222411.2292378,1.1061807870864868,-1.7091729640960691,-0.7323561317711071,78.25403087726775,1.1061807870864868,0.0809443444013595,-1.7091729640960691,-0.5561731457710266,-0.6319202780723572,-0.3254663944244385,0.4306042492389679,-0.9654967582694124,1.0,0,0,-0.0,-0.6283185307179586,95,-95,thymio-08
177,1788222411.838312,1.1061807870864868,-1.7091729640960691,-0.7323561317711071,78.15403087726776,1.1061807870864868,0.0809443444013595,-1.7091729640960691,-0.5561731457710266,-0.6319202780723572,-0.3254663944244385,0.4306042492389679,-0.9654967582694124,1.0,0,0,-0.0,-0.6283185307179586,95,-95,thymio-08
178,1788222412.446504,1.1015149354934692,-1.7312707901000977,0.1684524498209634,78.05403087726776,1.1015149354934692,0.0804928615689277,-1.7312707901000977,-0.4279361367225647,-0.7252635359764099,-0.4718357920646667,0.2612174749374389,0.2998828416514716,1.0,0,0,0.0,0.6283185307179586,-95,95,thymio-08
179,1788222413.0545864,1.1015149354934692,-1.7312707901000977,0.1684524498209634,77.95403087726777,1.1015149354934692,0.0804928615689277,-1.7312707901000977,-0.4279361367225647,-0.7252635359764099,-0.4718357920646667,0.2612174749374389,0.1768799707323709,1.0,0,0,0.0,0.6283185307179586,-95,95,thymio-08
180,1788222413.657753,10000.0,10000.0,0.0,77.95403087726777,1.1015149354934692,0.0804928615689277,-1.7312707901000977,-0.4279361367225647,-0.7252635359764099,-0.4718357920646667,0.2612174749374389,1.0,1.0,0,0,-9.184850993605149e-18,0.6283185307179586,-95,95,thymio-08
181,1788222414.260787,10000.0,10000.0,0.0,77.95403087726777,1.1015149354934692,0.0804928615689277,-1.7312707901000977,-0.4279361367225647,-0.7252635359764099,-0.4718357920646667,0.2612174749374389,1.0,1.0,0,0,-9.184850993605149e-18,0.6283185307179586,-95,95,thymio-08
182,1788222414.8643386,1.105464220046997,-1.71594500541687,-0.6211571891065883,77.95403087726777,1.105464220046997,0.0810175910592079,-1.71594500541687,-0.5401697754859924,-0.6378001570701599,-0.3466549813747406,0.4257440567016601,1.0,1.0,0,0,-0.0,0.6283185307179586,-95,95,thymio-08
183,1788222415.472209,1.1158815622329712,-1.7035192251205444,-1.5839463788999133,77.85403087726777,1.1158815622329712,0.0807560458779335,-1.7035192251205444,-0.6020957231521606,-0.506889283657074,-0.212030604481697,0.5792986750602722,-0.3751823556671391,1.0,0,0,-0.0,0.3029586308820255,-46,46,thymio-08
184,1788222416.0795305,1.1158815622329712,-1.7035192251205444,-1.5839463788999133,77.75403087726778,1.1158815622329712,0.0807560458779335,-1.7035192251205444,-0.6020957231521606,-0.506889283657074,-0.212030604481697,0.5792986750602722,-0.3751823556671391,1.0,0,0,-0.0,0.3029586308820255,-46,46,thymio-08
185,1788222416.6888018,1.1215652227401731,-1.698476791381836,-1.8016787024674876,77.65403087726779,1.1215652227401731,0.082388050854206,-1.698476791381836,-0.6372619867324829,-0.4128576219081878,-0.1268988698720932,0.6382338404655457,-0.3817581806170397,-0.0644522235995195,0,0,-0.0006092834472656,-0.3910324802495618,57,-61,thymio-08
186,1788222417.2975924,1.1215652227401731,-1.698476791381836,-1.8016787024674876,77.55403087726779,1.1215652227401731,0.082388050854206,-1.698476791381836,-0.6372619867324829,-0.4128576219081878,-0.1268988698720932,0.6382338404655457,-0.3817581806170397,-0.0644522235995195,0,0,-0.0006092834472656,-0.3910324802495618,57,-61,thymio-08
187,1788222417.9059815,1.136120319366455,-1.697232007980347,-1.9385017547102,77.4540308772678,1.136120319366455,0.0817097499966621,-1.697232007980347,-0.6447325944900513,-0.2656461596488952,0.0069451699964702,0.7167313694953918,1.0,-0.1142382157279647,0,0,-0.0010550949856328,-0.3813103948975567,54,-61,thymio-08
188,1788222418.5142694,1.1330459117889404,-1.697551965713501,-1.8994495487778795,77.3540308772678,1.1330459117889404,0.0815301835536956,-1.697551965713501,-0.6440293192863464,-0.3063430488109588,-0.0169329233467578,0.7007806301116943,1.0,-0.1789487007286236,0,0,-0.0,0.6283185307179586,-95,95,thymio-08
189,1788222419.122565,1.114570379257202,-1.7043074369430542,-1.574027160723683,77.23638059948615,1.114570379257202,0.0821867957711219,-1.7043074369430542,-0.6366643905639648,-0.4903202056884765,-0.1632272154092788,0.572364866733551,-0.3746797344238115,-0.2057325405440645,0,0,-0.0,0.1600399751468731,-24,24,thymio-08
190,1788222419.7306745,1.114570379257202,-1.7043074369430542,-1.574027160723683,77.13638059948616,1.114570379257202,0.0821867957711219,-1.7043074369430542,-0.6366643905639648,-0.4903202056884765,-0.1632272154092788,0.572364866733551,-0.3746797344238115,-0.2057325405440645,0,0,-0.0,0.1600399751468731,-24,24,thymio-08
191,1788222420.33927,1.1185566186904907,-1.702426552772522,-1.767720428276696,77.03638059948617,1.1185566186904907,0.080863282084465,-1.702426552772522,-0.6194406151771545,-0.440211147069931,-0.1495855748653412,0.6325597167015076,-0.3805694244859031,1.0,0,0,-0.0,-0.606706275764279,92,-92,thymio-08
192,1788222420.9474127,1.129241108894348,-1.699605941772461,-1.894942926154444,76.93638059948617,1.129241108894348,0.0816334635019302,-1.699605941772461,-0.644587516784668,-0.3196729123592376,-0.0326232984662056,0.6937232613563538,-0.3951317674306538,1.0,0,0,-0.0001576232910156,-0.6283185307179586,94,-95,thymio-08
193,1788222421.5553007,1.129241108894348,-1.699605941772461,-1.894942926154444,76.83638059948618,1.129241108894348,0.0816334635019302,-1.699605941772461,-0.644587516784668,-0.3196729123592376,-0.0326232984662056,0.6937232613563538,-0.3951317674306538,1.0,0,0,-0.0001576232910156,-0.6283185307179586,94,-95,thymio-08
194,1788222422.1635385,1.112515568733215,-1.7071434259414673,-1.5781454644099802,76.73638059948618,1.112515568733215,0.0806813612580299,-1.7071434259414673,-0.6034971475601196,-0.5072335004806519,-0.2073971182107925,0.5792165398597717,-0.3789763206042642,-0.2005720215218496,0,0,-0.0,0.1585173284425191,-24,24,thymio-08
195,1788222422.7721584,1.1012834310531616,-1.722996950149536,-0.4661268391186581,76.63638059948619,1.1012834310531616,0.0801290348172187,-1.722996950149536,-0.5267233848571777,-0.6575763821601868,-0.3580367267131805,0.4024493992328644,1.0,-0.989196568727726,0,0,0.0,0.6283185307179586,-95,95,thymio-08
196,1788222423.3814316,1.1020822525024414,-1.7191258668899536,-0.7783390602664517,76.5363805994862,1.1020822525024414,0.0809023901820182,-1.7191258668899536,-0.5511664748191833,-0.6232544183731079,-0.327709287405014,0.4476339221000671,-0.374564233680163,-0.9853195066103548,0,0,0.0,0.6283185307179586,-95,95,thymio-08
197,1788222423.99112,1.1020822525024414,-1.7191258668899536,-0.7783390602664517,76.4363805994862,1.1020822525024414,0.0809023901820182,-1.7191258668899536,-0.5511664748191833,-0.6232544183731079,-0.327709287405014,0.4476339221000671,-0.374564233680163,1.0,0,0,-0.0,0.6283185307179586,-95,95,thymio-08
1,1788222476.7257414,0.2295483648777008,-1.148661971092224,1.1648991946577532,100.0,0.2295483648777008,0.0866992101073265,-1.148661971092224,-0.1527904868125915,-0.7667384743690491,-0.6198923587799072,0.0670876801013946,1.0,1.0,0,0,0.1444246913899341,0.1373300073010816,492,500,thymio-09
2,1788222477.3302891,3.064591884613037,-0.1657509803771972,0.9323050932903368,100.0,3.064591884613037,0.0755223259329795,-0.1657509803771972,0.3888453245162964,0.6894066333770752,0.4922188222408294,-0.3622686564922333,-0.6869192259312911,1.0,0,0,-0.1237169423512419,-0.6283185307179586,-345,-500,thymio-09
3,1788222477.9403942,3.026441812515259,-0.0951894968748092,0.8714833624660461,99.8826339344857,3.026441812515259,0.0752903372049331,-0.0951894968748092,0.4156716167926788,0.6647727489471436,0.4957233965396881,-0.3735675513744354,-0.7264808645996981,1.0,0,0,-0.0919093848618426,-0.6283185307179586,-232,-421,thymio-09
4,1788222478.548427,3.026441812515259,-0.0951894968748092,0.8714833624660461,99.7826339344857,3.026441812515259,0.0752903372049331,-0.0951894968748092,0.4156716167926788,0.6647727489471436,0.4957233965396881,-0.3735675513744354,-0.7264808645996981,1.0,0,0,-0.0229773462154606,-0.6283185307179586,13,-177,thymio-09
5,1788222479.1570427,3.067620038986206,-0.1808291226625442,1.0843216495472792,99.68263393448572,3.067620038986206,0.075482003390789,-0.1808291226625442,0.3196990191936493,0.7207959890365601,0.5490797162055969,-0.2770509421825409,-0.6291153578449185,1.0,0,0,-0.0425478130731714,-0.6283185307179586,-56,-246,thymio-09
6,1788222479.7660887,3.08435583114624,-0.2047045677900314,1.132034003891491,99.58263393448571,3.08435583114624,0.0747828558087349,-0.2047045677900314,0.2613545954227447,0.7419353723526001,0.583263635635376,-0.2025568634271621,-0.6019241624468181,1.0,0,0,-0.0380509285146705,-0.6283185307179586,-40,-230,thymio-09
7,1788222480.3748004,3.1222598552703857,-0.2352993488311767,1.235413994539602,99.48263393448572,3.1222598552703857,0.0711154192686081,-0.2352993488311767,0.0075228102505207,0.7772387862205505,0.626223623752594,0.060722641646862,-0.5751202580658485,1.0,0,0,-0.0444465732608571,-0.6283185307179586,-63,-253,thymio-09
8,1788222480.9830537,3.1222598552703857,-0.2352993488311767,1.235413994539602,99.38263393448572,3.1222598552703857,0.0711154192686081,-0.2352993488311767,0.0075228102505207,0.7772387862205505,0.626223623752594,0.060722641646862,-0.5751202580658485,1.0,0,0,-0.0444465732608571,-0.6283185307179586,-63,-253,thymio-09
9,1788222481.5918927,3.1537632942199707,-0.2372149527072906,1.1620588566597403,99.28263393448572,3.1537632942199707,0.0733165591955185,-0.2372149527072906,-0.1042496487498283,0.7386655807495117,0.6223269701004028,0.2370958179235458,-0.5628277903073458,1.0,0,0,-0.05,-0.6283185307179586,-83,-273,thymio-09
10,1788222482.2003465,3.1939361095428467,-0.2184544205665588,1.0404103154804645,99.18263393448574,3.1939361095428467,0.0732966437935829,-0.2184544205665588,-0.2618913650512695,0.6467230916023254,0.5805209875106812,0.4197113811969757,-0.5493998857713358,1.0,0,0,-0.05,-0.6283185307179586,-83,-273,thymio-09
11,1788222482.808827,3.1939361095428467,-0.2184544205665588,1.0404103154804645,99.08263393448574,3.1939361095428467,0.0732966437935829,-0.2184544205665588,-0.2618913650512695,0.6467230916023254,0.5805209875106812,0.4197113811969757,-0.5493998857713358,1.0,0,0,-0.05,-0.6283185307179586,-83,-273,thymio-09
12,1788222483.4165187,3.2149736881256104,-0.1893441975116729,0.448542095444278,98.98263393448576,3.2149736881256104,0.0738222673535347,-0.1893441975116729,-0.371650367975235,0.543480396270752,0.5218378305435181,0.5423932075500488,-0.5435127328171043,1.0,0,0,-0.05,-0.6283185307179586,-83,-273,thymio-09
13,1788222484.0243926,3.221607446670532,-0.137929692864418,-1.3508990162750385,98.88263393448575,3.221607446670532,0.0746265202760696,-0.137929692864418,-0.489885151386261,0.3704156279563904,0.4137996733188629,0.6719930768013,1.0,-0.5363786693649003,0,0,-0.05,-0.6283185307179586,-83,-273,thymio-09
14,1788222484.631635,3.221607446670532,-0.137929692864418,-1.3508990162750385,98.78263393448576,3.221607446670532,0.0746265202760696,-0.137929692864418,-0.489885151386261,0.3704156279563904,0.4137996733188629,0.6719930768013,1.0,-0.5363786693649003,0,0,-0.05,-0.6283185307179586,-83,-273,thymio-09
15,1788222485.2399669,3.202782154083252,-0.0968459695577621,-1.6600293011324472,98.68263393448576,3.202782154083252,0.0745969265699386,-0.0968459695577621,-0.5976009368896484,0.1887016743421554,0.2395068258047104,0.7415532469749451,1.0,-0.5382775657793526,0,0,-0.05,0.6283185307179586,-273,-83,thymio-09
16,1788222485.84784,3.156903028488159,-0.0658542066812515,-1.6660098895490285,98.58263393448576,3.156903028488159,0.0759099200367927,-0.0658542066812515,-0.6438528895378113,-0.0528647638857364,0.0547205321490764,0.7613569498062134,1.0,-0.5702019367965019,0,0,0.05,0.6283185307179586,83,273,thymio-09
17,1788222486.4563382,3.1146528720855717,-0.0770519897341728,-1.6703601597534403,98.48263393448578,3.1146528720855717,0.0750471130013465,-0.0770519897341728,0.6242120265960693,-0.0797028541564941,-0.1570005565881729,-0.7611555457115173,1.0,-0.6198273332190491,0,0,0.0444147060229711,0.6283185307179586,63,253,thymio-09
18,1788222487.0642238,3.1146528720855717,-0.0770519897341728,-1.6703601597534403,98.38263393448578,3.1146528720855717,0.0750471130013465,-0.0770519897341728,0.6242120265960693,-0.0797028541564941,-0.1570005565881729,-0.7611555457115173,1.0,-0.6198273332190491,0,0,0.0444147060229711,0.6283185307179586,63,253,thymio-09
19,1788222487.671836,3.142785787582397,-0.1053311750292778,-1.5962045806895535,98.2826339344858,3.142785787582397,0.0747185572981834,-0.1053311750292778,0.5596718788146973,-0.2481268495321273,-0.2972764670848846,-0.7326849102973938,1.0,-0.5948775280609714,0,0,0.0494296168597447,0.6283185307179586,81,271,thymio-09
20,1788222488.2807844,3.15287184715271,-0.139020949602127,-1.2899617923828282,98.1826339344858,3.15287184715271,0.074644349515438,-0.139020949602127,0.4759880006313324,-0.3977970778942108,-0.4286004304885864,-0.6568825244903564,1.0,-0.5839332098056764,0,0,0.05,0.6283185307179586,83,273,thymio-09
21,1788222488.888216,3.150742769241333,-0.1721467077732086,-0.1289055032138808,98.0826339344858,3.150742769241333,0.0738925337791442,-0.1721467077732086,0.3983084559440613,-0.5099684596061707,-0.4999943077564239,-0.5755766034126282,1.0,-0.5709931675537071,0,0,0.05,-0.6283185307179586,273,83,thymio-09
22,1788222489.4967372,3.150742769241333,-0.1721467077732086,-0.1289055032138808,97.9826339344858,3.150742769241333,0.0738925337791442,-0.1721467077732086,0.3983084559440613,-0.5099684596061707,-0.4999943077564239,-0.5755766034126282,1.0,-0.5709931675537071,0,0,0.05,-0.6283185307179586,273,83,thymio-09
23,1788222490.104905,3.132096529006958,-0.2141539007425308,0.8460562832564054,97.8826339344858,3.132096529006958,0.0748320370912551,-0.2141539007425308,0.3104846775531769,-0.5966532230377197,-0.5571174025535583,-0.4870570003986358,-0.5928288460307847,1.0,0,0,0.0423487104792678,-0.6283185307179586,245,56,thymio-09
24,1788222490.7125976,3.1461281776428223,-0.2664275169372558,3.0725345739338303,97.78263393448582,3.1461281776428223,0.0738818496465683,-0.2664275169372558,0.4322536885738373,0.2380873709917068,-0.6275342702865601,0.6022224426269531,-0.6474363775540681,1.0,0,0,-0.1554611524465292,0.6283185307179586,-500,-457,thymio-09
25,1788222491.3214824,3.1803948879241943,-0.2981883883476257,-1.5588215057769503,97.68263393448582,3.1803948879241943,0.0730417445302009,-0.2981883883476257,-0.552466630935669,0.2764870226383209,0.3308717906475067,0.7133438587188721,1.0,-0.6468035890418284,0,0,0.15596991441037,0.6283185307179586,459,500,thymio-09
26,1788222491.9295769,3.139192819595337,-0.2565945088863373,-1.53547746166881,97.58263393448584,3.139192819595337,0.0736148655414581,-0.2565945088863373,-0.5471431612968445,0.2872326970100403,0.3450898826122284,0.706430971622467,1.0,-0.5889400026532727,0,0,0.1396780544514694,0.6283185307179586,401,500,thymio-09
27,1788222492.5384,3.139192819595337,-0.2565945088863373,-1.53547746166881,97.48263393448585,3.139192819595337,0.0736148655414581,-0.2565945088863373,-0.5471431612968445,0.2872326970100403,0.3450898826122284,0.706430971622467,1.0,-0.5889400026532727,0,0,0.0349195136128673,0.6283185307179586,29,219,thymio-09
28,1788222493.1465826,3.1770615577697754,-0.2977217733860016,-1.5317121934756035,97.38263393448584,3.1770615577697754,0.0729606077075004,-0.2977217733860016,-0.5423682928085327,0.2903405725955963,0.3453244864940643,0.7087242007255554,1.0,-0.6931908075582702,0,0,0.0296686476807876,0.6283185307179586,11,200,thymio-09
29,1788222493.7558093,3.231868028640747,-0.3890878856182098,-1.2610261760445698,97.28263393448584,3.231868028640747,0.0725465938448906,-0.3890878856182098,-0.4709835946559906,0.4152329862117767,0.4361000061035156,0.6446494460105896,1.0,-0.7304923619907775,0,0,0.0221710352398537,0.6283185307179586,-16,174,thymio-09
30,1788222494.3642118,3.231868028640747,-0.3890878856182098,-1.2610261760445698,97.18263393448584,3.231868028640747,0.0725465938448906,-0.3890878856182098,-0.4709835946559906,0.4152329862117767,0.4361000061035156,0.6446494460105896,1.0,-0.7304923619907775,0,0,0.0221710352398537,0.6283185307179586,-16,174,thymio-09
31,1788222494.9730525,3.2184455394744877,-0.4166290462017059,0.6755322141834408,97.08263393448586,3.2184455394744877,0.0730837881565094,-0.4166290462017059,-0.3446456789970398,0.5676425695419312,0.5369923114776611,0.5202311873435974,-0.4824959347341204,1.0,0,0,-0.0691635073469071,-0.6283185307179586,-151,-341,thymio-09
32,1788222495.580863,3.1949074268341064,-0.4260791540145874,1.125712088764356,96.98263393448586,3.1949074268341064,0.0719964876770973,-0.4260791540145874,-0.1959779411554336,0.6944140195846558,0.6027367115020752,0.3407202363014221,-0.5095106633625742,1.0,0,0,-0.0730746543121853,-0.6283185307179586,-165,-355,thymio-09
33,1788222496.1884909,3.1949074268341064,-0.4260791540145874,1.125712088764356,96.88263393448588,3.1949074268341064,0.0719964876770973,-0.4260791540145874,-0.1959779411554336,0.6944140195846558,0.6027367115020752,0.3407202363014221,-0.5095106633625742,1.0,0,0,-0.0730746543121853,-0.6283185307179586,-165,-355,thymio-09
34,1788222496.7959971,3.216453790664673,-0.4065355658531189,1.1102214867334048,96.78263393448589,3.216453790664673,0.0719841495156288,-0.4065355658531189,-0.2216563075780868,0.6795595288276672,0.5945217609405518,0.3682543635368347,-0.5059893248326693,1.0,0,0,-0.0261620085080931,-0.6283185307179586,2,-188,thymio-09
35,1788222497.4043412,3.264439344406128,-0.3189782500267029,-0.534596500861376,96.68263393448588,3.264439344406128,0.0728960782289505,-0.3189782500267029,-0.4161138534545898,0.4896464049816131,0.4852029681205749,0.5930209755897522,1.0,-0.5958976322352241,0,0,-0.0492245759207199,-0.6283185307179586,-80,-270,thymio-09
36,1788222498.012887,3.269543170928955,-0.2907865643501282,-1.467129364765459,96.58263393448588,3.269543170928955,0.0730141550302505,-0.2907865643501282,-0.516735315322876,0.3359902501106262,0.3804818391799927,0.6894408464431763,1.0,-0.5530227381168301,0,0,-0.05,0.6283185307179586,-273,-83,thymio-09
37,1788222498.6206512,3.269543170928955,-0.2907865643501282,-1.467129364765459,96.48263393448588,3.269543170928955,0.0730141550302505,-0.2907865643501282,-0.516735315322876,0.3359902501106262,0.3804818391799927,0.6894408464431763,1.0,-0.5530227381168301,0,0,-0.05,0.6283185307179586,-273,-83,thymio-09
38,1788222499.228719,3.264493227005005,-0.2758876085281372,-1.5397219263212567,96.3826339344859,3.264493227005005,0.0734205543994903,-0.2758876085281372,-0.5539466738700867,0.2673244476318359,0.3341193795204162,0.7141743302345276,1.0,-0.4888225271379615,0,0,0.2,0.6283185307179586,500,500,thymio-09
39,1788222499.836641,3.199818849563598,-0.2108026593923568,-0.6481567097879273,96.2102148458618,3.199818849563598,0.0738054290413856,-0.2108026593923568,0.4198030829429626,-0.4801918864250183,-0.4818149209022522,-0.600862443447113,1.0,-0.5451638438609745,0,0,0.2,-0.6283185307179586,500,500,thymio-09
40,1788222500.4446392,3.199818849563598,-0.2108026593923568,-0.6481567097879273,96.1102148458618,3.199818849563598,0.0738054290413856,-0.2108026593923568,0.4198030829429626,-0.4801918864250183,-0.4818149209022522,-0.600862443447113,1.0,-0.5451638438609745,0,0,0.2,-0.6283185307179586,500,500,thymio-09
41,1788222501.0528643,3.21366024017334,-0.2900782227516174,-0.6961047230594772,96.0102148458618,3.21366024017334,0.0732176601886749,-0.2900782227516174,-0.425851047039032,0.4791024029254913,0.4798675179481506,0.5990316271781921,1.0,-0.599555715862103,0,0,0.0484893011117173,0.6283185307179586,77,267,thymio-09
42,1788222501.661113,3.2303061485290527,-0.425703227519989,-0.4178386298955718,95.88156610331396,3.2303061485290527,0.0726547688245773,-0.425703227519989,-0.409680038690567,0.4959012567996979,0.4893210232257843,0.5889050960540771,1.0,-0.7249588379560689,0,0,0.0232832735708301,0.6283185307179586,-12,178,thymio-09
43,1788222502.2704084,3.2201828956604004,-0.4980435967445373,0.8470054210790825,95.78156610331396,3.2201828956604004,0.0724273771047592,-0.4980435967445373,0.320849597454071,-0.5937053561210632,-0.5501397848129272,-0.4918492436408996,-0.4878059732902817,1.0,0,0,0.017076931434825,-0.6283185307179586,156,-34,thymio-09
44,1788222502.8785207,3.2201828956604004,-0.4980435967445373,0.8470054210790825,95.68156610331395,3.2201828956604004,0.0724273771047592,-0.4980435967445373,0.320849597454071,-0.5937053561210632,-0.5501397848129272,-0.4918492436408996,-0.4878059732902817,1.0,0,0,0.017076931434825,-0.6283185307179586,156,-34,thymio-09
45,1788222503.486777,3.212916851043701,-0.5024023056030273,0.999254313231308,95.58156610331396,3.212916851043701,0.0720461681485176,-0.5024023056030273,0.2735194265842438,-0.6354478001594543,-0.5728864669799805,-0.4395388960838318,-0.4842071590023383,1.0,0,0,0.0730125066446809,-0.6283185307179586,354,165,thymio-09
46,1788222504.0963776,3.2149338722229004,-0.532472550868988,0.1403059474106829,95.48156610331398,3.2149338722229004,0.0722105428576469,-0.532472550868988,0.3822507560253143,-0.5232934355735779,-0.5122061967849731,-0.5636428594589233,1.0,-0.7401560771565361,0,0,0.0809145139661449,-0.6283185307179586,382,193,thymio-09
47,1788222504.7041967,3.2149338722229004,-0.532472550868988,0.1403059474106829,95.381566103314,3.2149338722229004,0.0722105428576469,-0.532472550868988,0.3822507560253143,-0.5232934355735779,-0.5122061967849731,-0.5636428594589233,1.0,-0.7401560771565361,0,0,0.0809145139661449,-0.6283185307179586,382,193,thymio-09
48,1788222505.3123815,3.2566938400268555,-0.5900280475616455,-1.4854315802824518,95.281566103314,3.2566938400268555,0.071251168847084,-0.5900280475616455,0.5245873928070068,-0.3299703598022461,-0.3764591813087463,-0.688626229763031,1.0,-0.3684813798195069,0,0,0.0904828559790599,0.6283185307179586,227,416,thymio-09
49,1788222505.9203413,3.2666828632354736,-0.5996384024620056,-1.508341353652933,95.181566103314,3.2666828632354736,0.0713899582624435,-0.5996384024620056,0.539919376373291,-0.2967168390750885,-0.3577605485916137,-0.7017503380775452,1.0,-0.3645976143631871,0,0,0.0911719616549451,0.6283185307179586,229,419,thymio-09
50,1788222506.5283306,3.2666828632354736,-0.5996384024620056,-1.508341353652933,95.081566103314,3.2666828632354736,0.0713899582624435,-0.5996384024620056,0.539919376373291,-0.2967168390750885,-0.3577605485916137,-0.7017503380775452,1.0,-0.3028624378970947,0,0,0.0911719616549451,0.6283185307179586,229,419,thymio-09
51,1788222507.1317794,10000.0,10000.0,0.0,95.081566103314,3.2666828632354736,0.0713899582624435,-0.5996384024620056,0.539919376373291,-0.2967168390750885,-0.3577605485916137,-0.7017503380775452,1.0,1.0,0,0,-9.184850993605149e-18,0.6283185307179586,-95,95,thymio-09
52,1788222507.7350044,10000.0,10000.0,0.0,95.081566103314,3.2666828632354736,0.0713899582624435,-0.5996384024620056,0.539919376373291,-0.2967168390750885,-0.3577605485916137,-0.7017503380775452,1.0,1.0,0,0,-9.184850993605149e-18,0.6283185307179586,-95,95,thymio-09
53,1788222508.3380208,10000.0,10000.0,0.0,95.081566103314,3.2666828632354736,0.0713899582624435,-0.5996384024620056,0.539919376373291,-0.2967168390750885,-0.3577605485916137,-0.7017503380775452,1.0,1.0,0,0,-9.184850993605149e-18,0.6283185307179586,-95,95,thymio-09
54,1788222508.941434,10000.0,10000.0,0.0,95.081566103314,3.2666828632354736,0.0713899582624435,-0.5996384024620056,0.539919376373291,-0.2967168390750885,-0.3577605485916137,-0.7017503380775452,1.0,1.0,0,0,-9.184850993605149e-18,0.6283185307179586,-95,95,thymio-09
55,1788222509.5450752,10000.0,10000.0,0.0,95.081566103314,3.2666828632354736,0.0713899582624435,-0.5996384024620056,0.539919376373291,-0.2967168390750885,-0.3577605485916137,-0.7017503380775452,1.0,1.0,0,0,-9.184850993605149e-18,0.6283185307179586,-95,95,thymio-09
56,1788222510.148055,10000.0,10000.0,0.0,95.081566103314,3.2666828632354736,0.0713899582624435,-0.5996384024620056,0.539919376373291,-0.2967168390750885,-0.3577605485916137,-0.7017503380775452,1.0,1.0,0,0,-9.184850993605149e-18,0.6283185307179586,-95,95,thymio-09
57,1788222510.7518456,10000.0,10000.0,0.0,95.081566103314,3.2666828632354736,0.0713899582624435,-0.5996384024620056,0.539919376373291,-0.2967168390750885,-0.3577605485916137,-0.7017503380775452,1.0,1.0,0,0,-9.184850993605149e-18,0.6283185307179586,-95,95,thymio-09
58,1788222511.3562982,10000.0,10000.0,0.0,95.081566103314,3.2666828632354736,0.0713899582624435,-0.5996384024620056,0.539919376373291,-0.2967168390750885,-0.3577605485916137,-0.7017503380775452,1.0,1.0,0,0,-9.184850993605149e-18,0.6283185307179586,-95,95,thymio-09
59,1788222511.9596026,10000.0,10000.0,0.0,95.081566103314,3.2666828632354736,0.0713899582624435,-0.5996384024620056,0.539919376373291,-0.2967168390750885,-0.3577605485916137,-0.7017503380775452,1.0,1.0,0,0,-9.184850993605149e-18,0.6283185307179586,-95,95,thymio-09
60,1788222512.5628514,10000.0,10000.0,0.0,95.081566103314,3.2666828632354736,0.0713899582624435,-0.5996384024620056,0.539919376373291,-0.2967168390750885,-0.3577605485916137,-0.7017503380775452,1.0,1.0,0,0,-9.184850993605149e-18,0.6283185307179586,-95,95,thymio-09
61,1788222513.1661866,1.3091495037078855,-1.2848076820373535,2.0167675143757418,95.081566103314,1.3091495037078855,0.0847452878952026,-1.2848076820373535,0.317937433719635,-0.7026853561401367,0.6195983290672302,-0.1457635164260864,1.0,-0.1670349791254221,0,0,-0.0,-0.6283185307179586,95,-95,thymio-09
62,1788222513.7736995,1.3091495037078855,-1.2848076820373535,2.0167675143757418,94.981566103314,1.3091495037078855,0.0847452878952026,-1.2848076820373535,0.317937433719635,-0.7026853561401367,0.6195983290672302,-0.1457635164260864,1.0,-0.0789058779712723,0,0,-0.0,-0.6283185307179586,95,-95,thymio-09
63,1788222514.3771884,10000.0,10000.0,0.0,94.981566103314,1.3091495037078855,0.0847452878952026,-1.2848076820373535,0.317937433719635,-0.7026853561401367,0.6195983290672302,-0.1457635164260864,1.0,1.0,0,0,-9.184850993605149e-18,0.6283185307179586,-95,95,thymio-09
64,1788222514.9810474,10000.0,10000.0,0.0,94.981566103314,1.3091495037078855,0.0847452878952026,-1.2848076820373535,0.317937433719635,-0.7026853561401367,0.6195983290672302,-0.1457635164260864,1.0,1.0,0,0,-9.184850993605149e-18,0.6283185307179586,-95,95,thymio-09
65,1788222515.5847611,10000.0,10000.0,0.0,94.981566103314,1.3091495037078855,0.0847452878952026,-1.2848076820373535,0.317937433719635,-0.7026853561401367,0.6195983290672302,-0.1457635164260864,1.0,1.0,0,0,-9.184850993605149e-18,0.6283185307179586,-95,95,thymio-09
66,1788222516.1877935,10000.0,10000.0,0.0,94.981566103314,1.3091495037078855,0.0847452878952026,-1.2848076820373535,0.317937433719635,-0.7026853561401367,0.6195983290672302,-0.1457635164260864,1.0,1.0,0,0,-9.184850993605149e-18,0.6283185307179586,-95,95,thymio-09
67,1788222516.7908354,10000.0,10000.0,0.0,94.981566103314,1.3091495037078855,0.0847452878952026,-1.2848076820373535,0.317937433719635,-0.7026853561401367,0.6195983290672302,-0.1457635164260864,1.0,1.0,0,0,-9.184850993605149e-18,0.6283185307179586,-95,95,thymio-09
68,1788222517.394327,1.3813711404800415,-1.347312331199646,2.089526617625273,94.981566103314,1.3813711404800415,0.0834826529026031,-1.347312331199646,0.3745349943637848,-0.7210804224014282,0.5720891952514648,-0.1117168441414833,1.0,-0.3709001383796589,0,0,0.0,0.6283185307179586,-95,95,thymio-09
69,1788222518.0025206,1.3813711404800415,-1.347312331199646,2.089526617625273,94.881566103314,1.3813711404800415,0.0834826529026031,-1.347312331199646,0.3745349943637848,-0.7210804224014282,0.5720891952514648,-0.1117168441414833,1.0,-0.9628573992115732,0,0,0.0,0.6283185307179586,-95,95,thymio-09
70,1788222518.6055849,10000.0,10000.0,0.0,94.881566103314,1.3813711404800415,0.0834826529026031,-1.347312331199646,0.3745349943637848,-0.7210804224014282,0.5720891952514648,-0.1117168441414833,1.0,1.0,0,0,-9.184850993605149e-18,0.6283185307179586,-95,95,thymio-09
71,1788222519.2088175,10000.0,10000.0,0.0,94.881566103314,1.3813711404800415,0.0834826529026031,-1.347312331199646,0.3745349943637848,-0.7210804224014282,0.5720891952514648,-0.1117168441414833,1.0,1.0,0,0,-9.184850993605149e-18,0.6283185307179586,-95,95,thymio-09
72,1788222519.8125076,10000.0,10000.0,0.0,94.881566103314,1.3813711404800415,0.0834826529026031,-1.347312331199646,0.3745349943637848,-0.7210804224014282,0.5720891952514648,-0.1117168441414833,1.0,1.0,0,0,-9.184850993605149e-18,0.6283185307179586,-95,95,thymio-09
73,1788222520.4156618,10000.0,10000.0,0.0,94.881566103314,1.3813711404800415,0.0834826529026031,-1.347312331199646,0.3745349943637848,-0.7210804224014282,0.5720891952514648,-0.1117168441414833,1.0,1.0,0,0,-9.184850993605149e-18,0.6283185307179586,-95,95,thymio-09
74,1788222521.0188806,10000.0,10000.0,0.0,94.881566103314,1.3813711404800415,0.0834826529026031,-1.347312331199646,0.3745349943637848,-0.7210804224014282,0.5720891952514648,-0.1117168441414833,1.0,1.0,0,0,-9.184850993605149e-18,0.6283185307179586,-95,95,thymio-09
75,1788222521.6220975,10000.0,10000.0,0.0,94.881566103314,1.3813711404800415,0.0834826529026031,-1.347312331199646,0.3745349943637848,-0.7210804224014282,0.5720891952514648,-0.1117168441414833,1.0,1.0,0,0,-9.184850993605149e-18,0.6283185307179586,-95,95,thymio-09
76,1788222522.2261024,1.3197168111801147,-1.363910436630249,2.1223629655060563,94.881566103314,1.3197168111801147,0.0836450830101966,-1.363910436630249,0.3887783288955688,-0.7322383522987366,0.5480107069015503,-0.1111876294016838,-0.9919697246877308,-0.922268123751084,0,0,-0.0,-0.6283185307179586,95,-95,thymio-09
77,1788222522.8344924,1.3197168111801147,-1.363910436630249,2.1223629655060563,94.78156610331402,1.3197168111801147,0.0836450830101966,-1.363910436630249,0.3887783288955688,-0.7322383522987366,0.5480107069015503,-0.1111876294016838,-0.9919697246877308,-0.5588104676856233,0,0,-0.0,-0.6283185307179586,95,-95,thymio-09
78,1788222523.4432127,1.326935648918152,-1.363768458366394,0.692413789309192,94.68156610331404,1.326935648918152,0.0722346976399421,-1.363768458366394,-0.0976274013519287,-0.7893637418746948,-0.4760982990264892,-0.3751055896282196,0.0128185531632287,1.0,0,0,-0.0,-0.6283185307179586,95,-95,thymio-09
79,1788222524.0512345,1.3161897659301758,-1.405441164970398,2.148138326626139,94.58156610331405,1.3161897659301758,0.0851460918784141,-1.405441164970398,0.2440922856330871,-0.702700138092041,0.5835649967193604,-0.3257044553756714,1.0,-0.7106496857637635,0,0,0.0,0.6283185307179586,-95,95,thymio-09
80,1788222524.6591055,1.3161897659301758,-1.405441164970398,2.148138326626139,94.48156610331404,1.3161897659301758,0.0851460918784141,-1.405441164970398,0.2440922856330871,-0.702700138092041,0.5835649967193604,-0.3257044553756714,1.0,-0.7106496857637635,0,0,0.0,0.6283185307179586,-95,95,thymio-09
81,1788222525.267301,1.31416118144989,-1.402072548866272,2.215111895288881,94.38156610331404,1.31416118144989,0.0856169462203979,-1.402072548866272,0.300347089767456,-0.73470538854599,0.5203390717506409,-0.315034806728363,1.0,-0.7243869702501189,0,0,0.0,0.6283185307179586,-95,95,thymio-09
82,1788222525.8757348,1.31416118144989,-1.402072548866272,2.215111895288881,94.28156610331403,1.31416118144989,0.0856169462203979,-1.402072548866272,0.300347089767456,-0.73470538854599,0.5203390717506409,-0.315034806728363,1.0,-0.966845164550997,0,0,0.0,0.6283185307179586,-95,95,thymio-09
83,1788222526.4787889,10000.0,10000.0,0.0,94.28156610331403,1.31416118144989,0.0856169462203979,-1.402072548866272,0.300347089767456,-0.73470538854599,0.5203390717506409,-0.315034806728363,1.0,1.0,0,0,0.03,0.6283185307179586,12,201,thymio-09
84,1788222527.0816813,10000.0,10000.0,0.0,94.28156610331403,1.31416118144989,0.0856169462203979,-1.402072548866272,0.300347089767456,-0.73470538854599,0.5203390717506409,-0.315034806728363,1.0,1.0,0,0,0.03,0.6283185307179586,12,201,thymio-09
85,1788222527.6851504,10000.0,10000.0,0.0,94.28156610331403,1.31416118144989,0.0856169462203979,-1.402072548866272,0.300347089767456,-0.73470538854599,0.5203390717506409,-0.315034806728363,1.0,1.0,0,0,-9.184850993605149e-18,0.6283185307179586,-95,95,thymio-09
86,1788222528.289345,3.4477379322052,-0.652006208896637,0.577612987187424,94.28156610331403,3.4477379322052,0.0637889578938484,-0.652006208896637,0.2187100350856781,-0.5588553547859192,-0.6265523433685303,-0.4972713887691498,1.0,1.0,0,0,0.0864936007353403,0.6283185307179586,212,402,thymio-09
87,1788222528.8977122,3.4477379322052,-0.652006208896637,0.577612987187424,94.18156610331404,3.4477379322052,0.0637889578938484,-0.652006208896637,0.2187100350856781,-0.5588553547859192,-0.6265523433685303,-0.4972713887691498,1.0,1.0,0,0,0.0865865981864949,0.6283185307179586,213,403,thymio-09
88,1788222529.501038,10000.0,10000.0,0.0,94.18156610331404,3.4477379322052,0.0637889578938484,-0.652006208896637,0.2187100350856781,-0.5588553547859192,-0.6265523433685303,-0.4972713887691498,1.0,1.0,0,0,-9.184850993605149e-18,0.6283185307179586,-95,95,thymio-09
89,1788222530.1041164,10000.0,10000.0,0.0,94.18156610331404,3.4477379322052,0.0637889578938484,-0.652006208896637,0.2187100350856781,-0.5588553547859192,-0.6265523433685303,-0.4972713887691498,1.0,1.0,0,0,-9.184850993605149e-18,0.6283185307179586,-95,95,thymio-09
90,1788222530.7070725,1.2543140649795532,-1.3909075260162354,2.1060625246661164,94.18156610331404,1.2543140649795532,0.0844985023140907,-1.3909075260162354,0.4361913204193115,-0.7144536375999451,0.547033965587616,0.0068674930371344,1.0,-0.9867479795394573,0,0,0.0,0.6283185307179586,-95,95,thymio-09
91,1788222531.3150268,1.254934549331665,-1.4374829530715942,2.2884712182099056,94.08156610331406,1.254934549331665,0.0850277692079544,-1.4374829530715942,0.2864590585231781,-0.719174861907959,0.5083304643630981,-0.3772651255130768,1.0,-0.9451033858713346,0,0,0.0,0.6283185307179586,-95,95,thymio-09
92,1788222531.9232218,1.254934549331665,-1.4374829530715942,2.2884712182099056,93.98156610331408,1.254934549331665,0.0850277692079544,-1.4374829530715942,0.2864590585231781,-0.719174861907959,0.5083304643630981,-0.3772651255130768,1.0,-0.6507359545685132,0,0,0.0,0.6283185307179586,-95,95,thymio-09
93,1788222532.5324564,1.25200617313385,-1.4326632022857666,1.9788096321398028,93.88156610331409,1.25200617313385,0.0829263478517532,-1.4326632022857666,0.2930210828781128,-0.6789764165878296,0.6552532911300659,-0.1541842222213745,1.0,-0.659125137417661,0,0,0.0,0.6283185307179586,-95,95,thymio-09
94,1788222533.140533,1.25200617313385,-1.4326632022857666,1.9788096321398028,93.78156610331408,1.25200617313385,0.0829263478517532,-1.4326632022857666,0.2930210828781128,-0.6789764165878296,0.6552532911300659,-0.1541842222213745,1.0,-0.659125137417661,0,0,0.0,0.6283185307179586,-95,95,thymio-09
95,1788222533.7443228,10000.0,10000.0,0.0,93.78156610331408,1.25200617313385,0.0829263478517532,-1.4326632022857666,0.2930210828781128,-0.6789764165878296,0.6552532911300659,-0.1541842222213745,1.0,1.0,0,0,0.03,0.6283185307179586,12,201,thymio-09
96,1788222534.3473957,10000.0,10000.0,0.0,93.78156610331408,1.25200617313385,0.0829263478517532,-1.4326632022857666,0.2930210828781128,-0.6789764165878296,0.6552532911300659,-0.1541842222213745,1.0,1.0,0,0,-9.184850993605149e-18,0.6283185307179586,-95,95,thymio-09
97,1788222534.9504046,10000.0,10000.0,0.0,93.78156610331408,1.25200617313385,0.0829263478517532,-1.4326632022857666,0.2930210828781128,-0.6789764165878296,0.6552532911300659,-0.1541842222213745,1.0,1.0,0,0,-9.184850993605149e-18,0.6283185307179586,-95,95,thymio-09
98,1788222535.5544353,10000.0,10000.0,0.0,93.78156610331408,1.25200617313385,0.0829263478517532,-1.4326632022857666,0.2930210828781128,-0.6789764165878296,0.6552532911300659,-0.1541842222213745,1.0,1.0,0,0,-9.184850993605149e-18,0.6283185307179586,-95,95,thymio-09
99,1788222536.1576266,10000.0,10000.0,0.0,93.78156610331408,1.25200617313385,0.0829263478517532,-1.4326632022857666,0.2930210828781128,-0.6789764165878296,0.6552532911300659,-0.1541842222213745,1.0,1.0,0,0,-9.184850993605149e-18,0.6283185307179586,-95,95,thymio-09
100,1788222536.7607903,10000.0,10000.0,0.0,93.78156610331408,1.25200617313385,0.0829263478517532,-1.4326632022857666,0.2930210828781128,-0.6789764165878296,0.6552532911300659,-0.1541842222213745,1.0,1.0,0,0,-9.184850993605149e-18,0.6283185307179586,-95,95,thymio-09
101,1788222537.36463,10000.0,10000.0,0.0,93.78156610331408,1.25200617313385,0.0829263478517532,-1.4326632022857666,0.2930210828781128,-0.6789764165878296,0.6552532911300659,-0.1541842222213745,1.0,1.0,0,0,-9.184850993605149e-18,0.6283185307179586,-95,95,thymio-09
102,1788222537.9679544,10000.0,10000.0,0.0,93.78156610331408,1.25200617313385,0.0829263478517532,-1.4326632022857666,0.2930210828781128,-0.6789764165878296,0.6552532911300659,-0.1541842222213745,1.0,1.0,0,0,-9.184850993605149e-18,0.6283185307179586,-95,95,thymio-09
103,1788222538.5710454,10000.0,10000.0,0.0,93.78156610331408,1.25200617313385,0.0829263478517532,-1.4326632022857666,0.2930210828781128,-0.6789764165878296,0.6552532911300659,-0.1541842222213745,1.0,1.0,0,0,-9.184850993605149e-18,0.6283185307179586,-95,95,thymio-09
104,1788222539.174333,10000.0,10000.0,0.0,93.78156610331408,1.25200617313385,0.0829263478517532,-1.4326632022857666,0.2930210828781128,-0.6789764165878296,0.6552532911300659,-0.1541842222213745,1.0,1.0,0,0,-9.184850993605149e-18,0.6283185307179586,-95,95,thymio-09
105,1788222539.7774048,10000.0,10000.0,0.0,93.78156610331408,1.25200617313385,0.0829263478517532,-1.4326632022857666,0.2930210828781128,-0.6789764165878296,0.6552532911300659,-0.1541842222213745,1.0,1.0,0,0,-9.184850993605149e-18,0.6283185307179586,-95,95,thymio-09
106,1788222540.3806798,10000.0,10000.0,0.0,93.78156610331408,1.25200617313385,0.0829263478517532,-1.4326632022857666,0.2930210828781128,-0.6789764165878296,0.6552532911300659,-0.1541842222213745,1.0,1.0,0,0,-9.184850993605149e-18,0.6283185307179586,-95,95,thymio-09
107,1788222540.984455,10000.0,10000.0,0.0,93.78156610331408,1.25200617313385,0.0829263478517532,-1.4326632022857666,0.2930210828781128,-0.6789764165878296,0.6552532911300659,-0.1541842222213745,1.0,1.0,0,0,-9.184850993605149e-18,0.6283185307179586,-95,95,thymio-09
108,1788222541.5874677,1.2613519430160522,-1.5053504705429075,1.993729082570903,93.78156610331408,1.2613519430160522,0.0830752626061439,-1.5053504705429075,0.2833150923252105,-0.6860358119010925,0.6466427445411682,-0.1758994609117508,1.0,-0.6246882912934427,0,0,0.0,0.6283185307179586,-95,95,thymio-09
109,1788222542.1952455,1.2524354457855225,-1.5605231523513794,2.141461781128076,93.68156610331408,1.2524354457855225,0.0835029855370521,-1.5605231523513794,0.4327036142349243,-0.7356305718421936,0.520409882068634,-0.0280871819704771,1.0,-0.9760677119113894,0,0,0.0,0.6283185307179586,-95,95,thymio-09
110,1788222542.8037188,1.2524354457855225,-1.5605231523513794,2.141461781128076,93.58156610331407,1.2524354457855225,0.0835029855370521,-1.5605231523513794,0.4327036142349243,-0.7356305718421936,0.520409882068634,-0.0280871819704771,1.0,-0.9760677119113894,0,0,0.0,0.6283185307179586,-95,95,thymio-09
111,1788222543.4073665,10000.0,10000.0,0.0,93.58156610331407,1.2524354457855225,0.0835029855370521,-1.5605231523513794,0.4327036142349243,-0.7356305718421936,0.520409882068634,-0.0280871819704771,1.0,1.0,0,0,0.03,0.6283185307179586,12,201,thymio-09
112,1788222544.01095,10000.0,10000.0,0.0,93.58156610331407,1.2524354457855225,0.0835029855370521,-1.5605231523513794,0.4327036142349243,-0.7356305718421936,0.520409882068634,-0.0280871819704771,1.0,1.0,0,0,0.03,0.6283185307179586,12,201,thymio-09
113,1788222544.613991,10000.0,10000.0,0.0,93.58156610331407,1.2524354457855225,0.0835029855370521,-1.5605231523513794,0.4327036142349243,-0.7356305718421936,0.520409882068634,-0.0280871819704771,1.0,1.0,0,0,0.03,0.6283185307179586,12,201,thymio-09
114,1788222545.2173426,10000.0,10000.0,0.0,93.58156610331407,1.2524354457855225,0.0835029855370521,-1.5605231523513794,0.4327036142349243,-0.7356305718421936,0.520409882068634,-0.0280871819704771,1.0,1.0,0,0,-9.184850993605149e-18,0.6283185307179586,-95,95,thymio-09
115,1788222545.820268,3.417872905731201,-0.6268414855003357,1.0239799449937976,93.58156610331407,3.417872905731201,0.0672092512249946,-0.6268414855003357,0.1544084101915359,0.8162614107131958,0.5554242134094238,0.0371377430856227,1.0,1.0,0,0,0.137584122295116,0.6283185307179586,394,500,thymio-09
116,1788222546.4283435,3.4196701049804688,-0.612663984298706,1.1297813061016466,93.4815661033141,3.4196701049804688,0.0684337988495826,-0.612663984298706,0.2833071649074554,0.7231111526489258,0.5883848667144775,-0.2250569313764572,-0.9845634265238424,1.0,0,0,-0.0,0.6283185307179586,-95,95,thymio-09
117,1788222547.0362525,3.4196701049804688,-0.612663984298706,1.1297813061016466,93.3815661033141,3.4196701049804688,0.0684337988495826,-0.612663984298706,0.2833071649074554,0.7231111526489258,0.5883848667144775,-0.2250569313764572,-0.9845634265238424,1.0,0,0,-0.0,0.6283185307179586,-95,95,thymio-09
118,1788222547.6446817,3.3704605102539062,-0.5565924644470215,1.0837342379469312,93.0303293972739,3.3704605102539062,0.0719236657023429,-0.5565924644470215,0.3462449014186859,0.7010895609855652,0.520409882068634,-0.3431639075279236,1.0,1.0,0,0,0.1416521097416436,0.6283185307179586,408,500,thymio-09
119,1788222548.2536094,3.3547725677490234,-0.5518168210983276,2.420722377468687,92.92602732732831,3.3547725677490234,0.0902827084064483,-0.5518168210983276,-0.2075109481811523,0.7701210379600525,0.2371910959482193,-0.5546108484268188,1.0,1.0,0,0,0.1215132428131277,-0.6283185307179586,500,337,thymio-09
120,1788222548.8615897,3.3547725677490234,-0.5518168210983276,2.420722377468687,92.82602732732832,3.3547725677490234,0.0902827084064483,-0.5518168210983276,-0.2075109481811523,0.7701210379600525,0.2371910959482193,-0.5546108484268188,1.0,1.0,0,0,0.1215132428131277,-0.6283185307179586,500,337,thymio-09
121,1788222549.464841,10000.0,10000.0,0.0,92.82602732732832,3.3547725677490234,0.0902827084064483,-0.5518168210983276,-0.2075109481811523,0.7701210379600525,0.2371910959482193,-0.5546108484268188,1.0,1.0,0,0,-9.184850993605149e-18,0.6283185307179586,-95,95,thymio-09
122,1788222550.0689592,1.171018362045288,-1.6371583938598633,2.118744388326344,92.82602732732832,1.171018362045288,0.0826261192560195,-1.6371583938598633,-0.4073095023632049,0.7266324162483215,-0.5485748052597046,0.071903720498085,-0.9949468367930342,-0.4857725824226154,0,0,-0.0,0.6283185307179586,-95,95,thymio-09
123,1788222550.6774623,1.171018362045288,-1.6371583938598633,2.118744388326344,92.72602732732832,1.171018362045288,0.0826261192560195,-1.6371583938598633,-0.4073095023632049,0.7266324162483215,-0.5485748052597046,0.071903720498085,-0.9949468367930342,-0.4857725824226154,0,0,-0.0,0.6283185307179586,-95,95,thymio-09
124,1788222551.2808986,10000.0,10000.0,0.0,92.72602732732832,1.171018362045288,0.0826261192560195,-1.6371583938598633,-0.4073095023632049,0.7266324162483215,-0.5485748052597046,0.071903720498085,1.0,1.0,0,0,-9.184850993605149e-18,0.6283185307179586,-95,95,thymio-09
125,1788222551.884777,3.378211259841919,-0.340021014213562,-1.4991351788021707,92.72602732732832,3.378211259841919,0.0734390690922737,-0.340021014213562,-0.6171037554740906,-0.3740889132022857,-0.1847409009933471,0.6671665906906128,1.0,1.0,0,0,-0.1618304737854264,0.0338435762923383,-500,-500,thymio-09
126,1788222552.493229,3.381969451904297,-0.3499603271484375,-1.6675255597214294,92.62602732732832,3.381969451904297,0.0702687054872512,-0.3499603271484375,-0.6399150490760803,-0.2104126513004303,-0.0910863950848579,0.733443021774292,1.0,1.0,0,0,-0.1630579602349241,-0.2419942550753102,-500,-500,thymio-09
127,1788222553.1016796,3.381969451904297,-0.3499603271484375,-1.6675255597214294,92.52602732732834,3.381969451904297,0.0702687054872512,-0.3499603271484375,-0.6399150490760803,-0.2104126513004303,-0.0910863950848579,0.733443021774292,1.0,1.0,0,0,-0.1630579602349241,-0.2419942550753102,-500,-500,thymio-09
128,1788222553.704701,10000.0,10000.0,0.0,92.52602732732834,3.381969451904297,0.0702687054872512,-0.3499603271484375,-0.6399150490760803,-0.2104126513004303,-0.0910863950848579,0.733443021774292,1.0,1.0,0,0,-9.184850993605149e-18,0.6283185307179586,-95,95,thymio-09
129,1788222554.3076303,3.159661054611206,-0.4344170093536377,-2.526183684101915,92.52602732732834,3.159661054611206,0.0684553235769271,-0.4344170093536377,0.7352324724197388,-0.3410103023052215,-0.1156672835350036,0.5742528438568115,1.0,1.0,0,0,-0.0861955402677292,-0.6283185307179586,-211,-401,thymio-09
130,1788222554.916335,3.159661054611206,-0.4344170093536377,-2.526183684101915,92.42602732732834,3.159661054611206,0.0684553235769271,-0.4344170093536377,0.7352324724197388,-0.3410103023052215,-0.1156672835350036,0.5742528438568115,1.0,1.0,0,0,-0.0861955402677292,-0.6283185307179586,-211,-401,thymio-09
131,1788222555.5241575,3.1409220695495605,-0.4397788643836975,-2.52641069906989,92.3144779409026,3.1409220695495605,0.0684090405702591,-0.4397788643836975,0.734981894493103,-0.3417242765426636,-0.1147331967949867,0.5743365287780762,1.0,1.0,0,0,-0.0876831213131065,-0.6283185307179586,-217,-406,thymio-09
132,1788222556.13259,3.047559261322021,-0.4539734721183777,-2.552135187200469,91.74676469908908,3.047559261322021,0.06852887570858,-0.4539734721183777,0.7387703061103821,-0.3758503794670105,-0.0741162151098251,0.5544924139976501,1.0,1.0,0,0,-0.0820074414509046,-0.6283185307179586,-196,-386,thymio-09
133,1788222556.7406712,2.984813451766968,-0.4876961708068847,-2.670741839282189,91.3615070913903,2.984813451766968,0.0701664686203002,-0.4876961708068847,0.7488996982574463,-0.4685985743999481,0.0813186690211296,0.461467295885086,1.0,1.0,0,0,-0.0626747086081295,-0.6283185307179586,-128,-318,thymio-09
134,1788222557.3487368,2.945286750793457,-0.5370856523513794,-1.3923713301830027,91.10235260701104,2.945286750793457,0.0725121721625328,-0.5370856523513794,-0.559959888458252,-0.4766084849834442,-0.3095948696136474,0.602860152721405,1.0,0.6715276081771842,0,0,-0.1703185192449991,0.1464221775995152,-500,-500,thymio-09
135,1788222557.9568422,2.93051552772522,-0.60077965259552,-0.4051118228048889,90.97274928961136,2.93051552772522,0.0713355839252471,-0.60077965259552,-0.5070343613624573,-0.5719927549362183,-0.3985073566436767,0.5068849921226501,1.0,0.624634469121093,0,0,-0.0754836355845938,0.6283185307179586,-363,-173,thymio-09
136,1788222558.565094,2.93051552772522,-0.60077965259552,-0.4051118228048889,90.87274928961136,2.93051552772522,0.0713355839252471,-0.60077965259552,-0.5070343613624573,-0.5719927549362183,-0.3985073566436767,0.5068849921226501,1.0,0.624634469121093,0,0,-0.0754836355845938,0.6283185307179586,-363,-173,thymio-09
137,1788222559.173519,2.937839984893799,-0.6872929930686951,-1.18017129647485,90.77274928961135,2.937839984893799,0.0719517841935157,-0.6872929930686951,-0.5425673127174377,-0.5175464749336243,-0.3279168903827667,0.5746623873710632,1.0,0.5738326115801824,0,0,-0.1579768197356765,0.5211063453688141,-500,-483,thymio-09
138,1788222559.7816472,2.9175140857696533,-0.7656017541885376,-1.4025055470985246,90.59206418149044,2.9175140857696533,0.0693340301513671,-0.7656017541885376,-0.5696695446968079,-0.4086096584796905,-0.1338406503200531,0.7004294395446777,1.0,0.4989733802378129,0,0,-0.1782401113789585,0.1242319268099091,-500,-500,thymio-09
139,1788222560.3897352,2.9175140857696533,-0.7656017541885376,-1.4025055470985246,90.49206418149043,2.9175140857696533,0.0693340301513671,-0.7656017541885376,-0.5696695446968079,-0.4086096584796905,-0.1338406503200531,0.7004294395446777,1.0,0.4989733802378129,0,0,-0.1782401113789585,0.1242319268099091,-500,-500,thymio-09
140,1788222560.9929645,10000.0,10000.0,0.0,90.49206418149043,2.9175140857696533,0.0693340301513671,-0.7656017541885376,-0.5696695446968079,-0.4086096584796905,-0.1338406503200531,0.7004294395446777,1.0,1.0,0,0,-9.184850993605149e-18,0.6283185307179586,-95,95,thymio-09
141,1788222561.596732,1.1282284259796145,-1.6935689449310305,2.189729729542893,90.49206418149043,1.1282284259796145,0.0822150856256485,-1.6935689449310305,-0.4818459451198578,0.7077520489692688,-0.513299286365509,-0.0586120672523975,1.0,-0.9771137570447131,0,0,0.0,0.6283185307179586,-95,95,thymio-09
142,1788222562.2048502,1.1275619268417358,-1.693950653076172,2.207566904842075,90.39206418149044,1.1275619268417358,0.0823249220848083,-1.693950653076172,-0.4872772395610809,0.7126091718673706,-0.5006535053253174,-0.0639942064881324,1.0,-0.9824525154988673,0,0,0.0,0.6283185307179586,-95,95,thymio-09
143,1788222562.8125217,1.1275619268417358,-1.693950653076172,2.207566904842075,90.29206418149045,1.1275619268417358,0.0823249220848083,-1.693950653076172,-0.4872772395610809,0.7126091718673706,-0.5006535053253174,-0.0639942064881324,1.0,-0.9824525154988673,0,0,0.0,0.6283185307179586,-95,95,thymio-09
144,1788222563.4214387,1.127397537231445,-1.6940048933029177,2.2110527324208427,90.19206418149044,1.127397537231445,0.0823370516300201,-1.6940048933029177,-0.4891844689846039,0.7119724154472351,-0.4992406964302063,-0.0674729794263839,1.0,-0.9660034793785884,0,0,0.0,0.6283185307179586,-95,95,thymio-09
145,1788222564.0251367,2.706246852874756,-0.9941093921661376,-1.5400684534100222,90.19206418149044,2.706246852874756,0.0727307498455047,-0.9941093921661376,0.5504366159439087,-0.2742414474487304,-0.3363277316093445,-0.7132285237312317,1.0,0.1563353311836586,0,0,0.05,-0.2920776136374713,222,134,thymio-09
146,1788222564.6334174,2.706246852874756,-0.9941093921661376,-1.5400684534100222,90.09206418149046,2.706246852874756,0.0727307498455047,-0.9941093921661376,0.5504366159439087,-0.2742414474487304,-0.3363277316093445,-0.7132285237312317,1.0,0.1563353311836586,0,0,0.05,-0.2330923062697094,213,142,thymio-09
147,1788222565.2414122,2.693546295166016,-0.9980751872062684,-3.058310306533666,89.99206418149046,2.693546295166016,0.0733421593904495,-0.9980751872062684,-0.4677354395389557,-0.2047245651483535,0.6034368872642517,-0.6125156283378601,1.0,1.0,0,0,0.0075401756716612,-0.6283185307179586,122,-68,thymio-09
148,1788222565.8497612,2.717063665390014,-1.0366684198379517,-1.4489354877279434,89.89206418149047,2.717063665390014,0.0720759853720665,-1.0366684198379517,0.5091860890388489,-0.356980949640274,-0.3928982317447662,-0.6774401068687439,1.0,0.1475753496848706,0,0,-0.1853430995892633,0.0094035592256381,-500,-500,thymio-09
149,1788222566.457605,2.7481417655944824,-1.0568993091583252,-1.606614978218906,89.79206418149047,2.7481417655944824,0.0714948996901512,-1.0568993091583252,-0.5856730937957764,0.2023041099309921,0.2731413841247558,0.7358354926109314,1.0,0.6876954789639829,0,0,-0.1650774073763306,-0.1225769161622564,-500,-500,thymio-09
150,1788222567.0652597,2.7481417655944824,-1.0568993091583252,-1.606614978218906,89.69206418149048,2.7481417655944824,0.0714948996901512,-1.0568993091583252,-0.5856730937957764,0.2023041099309921,0.2731413841247558,0.7358354926109314,1.0,0.6876954789639829,0,0,-0.1650774073763306,-0.1225769161622564,-500,-500,thymio-09
151,1788222567.6732142,2.657123327255249,-0.9884464144706726,-1.5883140723767346,89.13331258228928,2.657123327255249,0.0725596919655799,-0.9884464144706726,-0.5721864700317383,0.2319497317075729,0.2971082329750061,0.7283740639686584,1.0,0.1218656486514435,0,0,-0.2,-0.4381180496396906,-500,-500,thymio-09
152,1788222568.2810743,2.5594053268432617,-0.9075067639350892,-1.5878965799618725,88.52745640330325,2.5594053268432617,0.0733735710382461,-0.9075067639350892,-0.5725050568580627,0.2333636730909347,0.2985788583755493,0.7270695567131042,1.0,0.0970979591924332,0,0,-0.2,-0.5166097176757055,-500,-500,thymio-09
153,1788222568.8892012,2.5594053268432617,-0.9075067639350892,-1.5878965799618725,88.42745640330325,2.5594053268432617,0.0733735710382461,-0.9075067639350892,-0.5725050568580627,0.2333636730909347,0.2985788583755493,0.7270695567131042,1.0,0.0970979591924332,0,0,-0.2,-0.5166097176757055,-500,-500,thymio-09
154,1788222569.496785,2.4830894470214844,-0.8446350693702698,-1.584522612966147,87.95888049846273,2.4830894470214844,0.0738829970359802,-0.8446350693702698,-0.5700066685676575,0.2408416867256164,0.3042918145656585,0.7242197394371033,1.0,1.0,0,0,-0.2,-0.6283185307179586,-500,-500,thymio-09
155,1788222570.1053996,2.3710079193115234,-0.7491369247436523,-1.5999428346886138,87.24053343986458,2.3710079193115234,0.0752365216612815,-0.7491369247436523,0.5730997323989868,-0.2343172430992126,-0.2935677170753479,-0.7283338308334351,1.0,1.0,0,0,-0.1990374773281026,-0.6283185307179586,-500,-500,thymio-09
156,1788222570.7131653,2.3710079193115234,-0.7491369247436523,-1.5999428346886138,87.14053343986458,2.3710079193115234,0.0752365216612815,-0.7491369247436523,0.5730997323989868,-0.2343172430992126,-0.2935677170753479,-0.7283338308334351,1.0,1.0,0,0,-0.1990374773281026,-0.6283185307179586,-500,-500,thymio-09
157,1788222571.3206537,2.23419451713562,-0.6400777697563171,-1.6115659589008666,86.33930049792556,2.23419451713562,0.0772364735603332,-0.6400777697563171,0.5790181159973145,-0.2204324156045913,-0.2805668711662292,-0.7330960631370544,1.0,1.0,0,0,-0.1801998504022412,-0.6046450078440905,-500,-500,thymio-09
158,1788222571.9282992,2.1644744873046875,-0.5887635350227356,-1.60630623850813,85.94228838884045,2.1644744873046875,0.0780105218291282,-0.5887635350227356,0.5804706811904907,-0.2072791904211044,-0.2741687893867492,-0.7381873726844788,1.0,1.0,0,0,-0.1764943460329291,-0.6057934340036705,-500,-500,thymio-09
159,1788222572.5375943,2.0682530403137207,-0.5227227210998535,-1.619163993289666,85.33757320274044,2.0682530403137207,0.0791990682482719,-0.5227227210998535,0.5882030129432678,-0.1909421235322952,-0.2590475678443908,-0.741925060749054,1.0,1.0,0,0,-0.1624022571037759,-0.2576644185844052,-500,-500,thymio-09
160,1788222573.1455493,2.0682530403137207,-0.5227227210998535,-1.619163993289666,85.23757320274045,2.0682530403137207,0.0791990682482719,-0.5227227210998535,0.5882030129432678,-0.1909421235322952,-0.2590475678443908,-0.741925060749054,1.0,1.0,0,0,-0.1624022571037759,-0.2576644185844052,-500,-500,thymio-09
161,1788222573.7535224,1.9440693855285645,-0.4470585286617279,-1.6339616525067442,84.5258450951195,1.9440693855285645,0.0808755904436111,-0.4470585286617279,0.5985944271087646,-0.1708901077508926,-0.240569993853569,-0.7447197437286377,1.0,1.0,0,0,-0.1602560610584956,-0.2916939005895822,-500,-500,thymio-09
162,1788222574.3612103,1.805134892463684,-0.3717991709709167,-1.640461929642776,83.72955624868703,1.805134892463684,0.0831971317529678,-0.3717991709709167,0.6049867868423462,-0.1467339843511581,-0.2209271490573883,-0.7507672905921936,1.0,1.0,0,0,-0.1572013302759332,-0.6283185307179586,-464,-500,thymio-09
163,1788222574.9688797,1.805134892463684,-0.3717991709709167,-1.640461929642776,83.62955624868704,1.805134892463684,0.0831971317529678,-0.3717991709709167,0.6049867868423462,-0.1467339843511581,-0.2209271490573883,-0.7507672905921936,1.0,1.0,0,0,-0.1488848586269442,-0.4256972217295925,-465,-500,thymio-09
164,1788222575.57716,1.7131370306015017,-0.3282854259014129,-1.643559805105005,83.06169380836208,1.7131370306015017,0.0842911303043365,-0.3282854259014129,0.6083869934082031,-0.1331565976142883,-0.2099440693855285,-0.7536962628364563,1.0,1.0,0,0,-0.1543945853464978,-0.6283185307179586,-454,-500,thymio-09
165,1788222576.1859336,1.5515966415405271,-0.2622269988059997,-1.6463940797289047,82.0448299786512,1.5515966415405271,0.0859000757336616,-0.2622269988059997,0.6154029965400696,-0.0979766249656677,-0.1834252476692199,-0.7602862119674683,1.0,1.0,0,0,-0.1487579438486542,-0.6103666696587715,-436,-500,thymio-09
166,1788222576.7936437,1.5515966415405271,-0.2622269988059997,-1.6463940797289047,81.9448299786512,1.5515966415405271,0.0859000757336616,-0.2622269988059997,0.6154029965400696,-0.0979766249656677,-0.1834252476692199,-0.7602862119674683,1.0,1.0,0,0,-0.1487579438486542,-0.6103666696587715,-436,-500,thymio-09
167,1788222577.401751,1.511970043182373,-0.248898833990097,-1.6366798046875226,81.70662298311558,1.511970043182373,0.0864762589335441,-0.248898833990097,0.613418698310852,-0.0896562784910202,-0.1822609305381775,-0.7631908059120178,1.0,1.0,0,0,-0.15300298953377,-0.6283185307179586,-449,-500,thymio-09
168,1788222578.010133,1.3344184160232544,-0.2041751593351364,-1.682525927626471,80.47402599366549,1.3344184160232544,0.0855166614055633,-0.2041751593351364,0.635491669178009,-0.0402452759444713,-0.1201893612742424,-0.7616332173347473,1.0,1.0,0,0,-0.1416123057528746,-0.6283185307179586,-408,-500,thymio-09
169,1788222578.618054,1.3344184160232544,-0.2041751593351364,-1.682525927626471,80.3740259936655,1.3344184160232544,0.0855166614055633,-0.2041751593351364,0.635491669178009,-0.0402452759444713,-0.1201893612742424,-0.7616332173347473,1.0,1.0,0,0,-0.1409450428354577,-0.6098803957360789,-409,-500,thymio-09
170,1788222579.2269962,1.204067587852478,-0.1902491301298141,-1.6829026445443045,79.646337726653,1.204067587852478,0.0861180126667022,-0.1902491301298141,0.6403433680534363,0.0031140907667577,-0.0851276367902755,-0.7633506059646606,1.0,1.0,0,0,-0.1384474416685822,-0.5780465590275156,-405,-500,thymio-09
171,1788222579.8359883,1.057584285736084,-0.1962024569511413,-1.6599202147793004,78.82454563394832,1.057584285736084,0.0869268998503685,-0.1962024569511413,0.6439117193222046,0.0941935926675796,-0.0231286194175481,-0.7589271664619446,1.0,1.0,0,0,-0.1368064715277752,-0.5229977447886447,-407,-500,thymio-09
172,1788222580.4447038,0.973564386367798,-0.2144549041986465,-1.7066253833829972,78.36180126077329,0.973564386367798,0.0858892947435379,-0.2144549041986465,0.6438565850257874,0.1278368979692459,0.0376616865396499,-0.7534507513046265,1.0,1.0,0,0,-0.1267780501810679,-0.6283185307179586,-356,-500,thymio-09
173,1788222581.0528543,0.9307608604431152,-0.2279495000839233,-1.702703987477339,78.07690930780703,0.9307608604431152,0.0858506709337234,-0.2279495000839233,0.6419498920440674,0.1557337045669555,0.0605377107858657,-0.7483198642730713,1.0,1.0,0,0,-0.1251449737692532,-0.6283185307179586,-350,-500,thymio-09
174,1788222581.6612723,0.9307608604431152,-0.2279495000839233,-1.702703987477339,77.97690930780703,0.9307608604431152,0.0858506709337234,-0.2279495000839233,0.6419498920440674,0.1557337045669555,0.0605377107858657,-0.7483198642730713,1.0,1.0,0,0,-0.1313441245058351,-0.569151903689554,-381,-500,thymio-09
175,1788222582.2698874,0.7887129783630371,-0.3044381737709045,-1.549855671612562,77.08080638665112,0.7887129783630371,0.0896357968449592,-0.3044381737709045,0.6283314824104309,0.3272671699523926,0.1507254540920257,-0.6894764304161072,1.0,1.0,0,0,-0.13784128197431,-0.3735203588085232,-433,-500,thymio-09
176,1788222582.8789246,0.7219575643539429,-0.3775921761989593,-1.4964026116055962,76.64711884493015,0.7219575643539429,0.0896321386098861,-0.3775921761989593,0.6002700328826904,0.4051747322082519,0.2286365777254104,-0.6505648493766785,1.0,1.0,0,0,-0.1316043586538322,-0.5956068381379774,-378,-500,thymio-09
177,1788222583.487663,0.7219575643539429,-0.3775921761989593,-1.4964026116055962,76.54711884493015,0.7219575643539429,0.0896321386098861,-0.3775921761989593,0.6002700328826904,0.4051747322082519,0.2286365777254104,-0.6505648493766785,1.0,1.0,0,0,-0.1316043586538322,-0.5956068381379774,-378,-500,thymio-09
178,1788222584.0957837,0.6547951698303223,-0.5036405324935913,-1.3734790329482205,76.08020270290962,0.6547951698303223,0.088832251727581,-0.5036405324935913,0.5702722668647766,0.4722820818424225,0.2990913391113281,-0.6019001007080078,1.0,1.0,0,0,-0.136131518390329,-0.1821867477612841,-456,-500,thymio-09
179,1788222584.703802,0.6217172741889954,-0.6501945853233337,-0.721483236587042,75.79529524911062,0.6217172741889954,0.0864875242114067,-0.6501945853233337,0.5061202049255371,0.5550633668899536,0.3933637142181396,-0.530105710029602,1.0,1.0,0,0,-0.1189738830076325,0.5836938201985876,-500,-335,thymio-09
180,1788222585.3132768,0.6217172741889954,-0.6501945853233337,-0.721483236587042,75.69529524911063,0.6217172741889954,0.0864875242114067,-0.6501945853233337,0.5061202049255371,0.5550633668899536,0.3933637142181396,-0.530105710029602,1.0,1.0,0,0,-0.102875109141335,0.6283185307179586,-460,-271,thymio-09
181,1788222585.921063,0.6230271458625793,-0.7344907522201538,-0.6225478280477459,75.59529524911063,0.6230271458625793,0.0868833661079406,-0.7344907522201538,0.5134991407394409,0.5623519420623779,0.3862520158290863,-0.5204693078994751,1.0,1.0,0,0,-0.0921045709243708,0.6283185307179586,-422,-232,thymio-09
182,1788222586.5295167,0.5984088778495789,-0.884192705154419,-1.5333251983567011,75.32681064519352,0.5984088778495789,0.0864741504192352,-0.884192705154419,0.6135089993476868,0.3692599534988403,0.1961274594068527,-0.6699163317680359,0.3729131181676013,1.0,0,0,-0.1073028888748169,-0.5550909975311731,-297,-465,thymio-09
183,1788222587.1375902,0.5984088778495789,-0.884192705154419,-1.5333251983567011,75.22681064519352,0.5984088778495789,0.0864741504192352,-0.884192705154419,0.6135089993476868,0.3692599534988403,0.1961274594068527,-0.6699163317680359,0.3729131181676013,1.0,0,0,-0.1073028888748169,-0.5550909975311731,-297,-465,thymio-09
184,1788222587.7457445,0.5500975251197815,-0.9389339685440063,-1.5831136601906708,74.92229707418412,0.5500975251197815,0.0864742919802665,-0.9389339685440063,0.6339498162269592,0.2942293286323547,0.1303343623876571,-0.7032423615455627,0.3812058082477731,1.0,0,0,-0.1001010638553512,-0.5739100226591148,-269,-442,thymio-09
185,1788222588.3553352,0.5500975251197815,-0.9389339685440063,-1.5831136601906708,74.82229707418412,0.5500975251197815,0.0864742919802665,-0.9389339685440063,0.6339498162269592,0.2942293286323547,0.1303343623876571,-0.7032423615455627,0.3812058082477731,1.0,0,0,-0.1001010638553512,-0.5739100226591148,-269,-442,thymio-09
186,1788222588.9643865,0.4740939140319824,-1.0167107582092283,-1.4207311548327275,74.29832129440007,0.4740939140319824,0.0875310450792312,-1.0167107582092283,0.5936465859413147,0.4377762377262115,0.2497461587190628,-0.6273456811904907,0.4089000100934112,1.0,0,0,-0.1024968299672772,-0.3483148102716231,-312,-417,thymio-09
187,1788222589.5732763,0.4384267926216125,-1.1443639993667605,0.1714232555640755,73.99742523355982,0.4384267926216125,0.0877131149172782,-1.1443639993667605,0.4807510077953338,0.6051666140556335,0.4176656901836395,-0.4777105450630188,1.0,-0.1142382157279647,0,0,-0.0265161122160462,0.6283185307179586,-189,1,thymio-09
188,1788222590.181571,0.4384267926216125,-1.1443639993667605,0.1714232555640755,73.89742523355983,0.4384267926216125,0.0877131149172782,-1.1443639993667605,0.4807510077953338,0.6051666140556335,0.4176656901836395,-0.4777105450630188,1.0,-0.1142382157279647,0,0,-0.0126467415084311,0.6283185307179586,-140,50,thymio-09
189,1788222590.789772,0.4564625918865204,-1.2251979112625122,0.5934004997427409,73.79742523355984,0.4564625918865204,0.0861538276076316,-1.2251979112625122,0.456107348203659,0.6282771825790405,0.4511876404285431,-0.4400722980499267,1.0,-0.1789487007286236,0,0,-0.0017514448676733,0.6283185307179586,-101,89,thymio-09
190,1788222591.3987906,0.4656556844711303,-1.2394473552703855,2.9876588740197176,73.69742523355984,0.4656556844711303,0.0860098153352737,-1.2394473552703855,0.665725827217102,-0.5802325010299683,0.3703734278678894,0.2880330979824066,1.0,1.0,0,0,0.0445420779635716,-0.6283185307179586,253,63,thymio-09
191,1788222592.0080712,0.4656556844711303,-1.2394473552703855,2.9876588740197176,73.59742523355985,0.4656556844711303,0.0860098153352737,-1.2394473552703855,0.665725827217102,-0.5802325010299683,0.3703734278678894,0.2880330979824066,1.0,1.0,0,0,0.044491338978053,-0.6283185307179586,253,63,thymio-09
192,1788222592.611647,10000.0,10000.0,0.0,73.59742523355985,0.4656556844711303,0.0860098153352737,-1.2394473552703855,0.665725827217102,-0.5802325010299683,0.3703734278678894,0.2880330979824066,1.0,1.0,0,0,-9.184850993605149e-18,0.6283185307179586,-95,95,thymio-09
193,1788222593.2148864,10000.0,10000.0,0.0,73.59742523355985,0.4656556844711303,0.0860098153352737,-1.2394473552703855,0.665725827217102,-0.5802325010299683,0.3703734278678894,0.2880330979824066,1.0,1.0,0,0,-9.184850993605149e-18,0.6283185307179586,-95,95,thymio-09
194,1788222593.8183522,0.4921107292175293,-1.196663498878479,-0.9609040989683532,73.59742523355985,0.4921107292175293,0.0867589116096496,-1.196663498878479,0.5324053764343262,0.5410819053649902,0.3538228571414947,-0.5464287400245667,1.0,1.0,0,0,-0.0972160547641736,0.2053656913203894,-376,-314,thymio-09
195,1788222594.4222064,1.1012136936187744,-1.7338541746139526,1.9672796578027116,73.59742523355985,1.1012136936187744,0.0809692218899726,-1.7338541746139526,0.3635189533233642,-0.668546736240387,0.6469703316688538,-0.0482569076120853,1.0,-0.3681706580285505,0,0,0.0,0.6283185307179586,-95,95,thymio-09
196,1788222595.030117,1.1012136936187744,-1.7338541746139526,1.9672796578027116,73.49742523355985,1.1012136936187744,0.0809692218899726,-1.7338541746139526,0.3635189533233642,-0.668546736240387,0.6469703316688538,-0.0482569076120853,1.0,-0.3681706580285505,0,0,0.0,0.6283185307179586,-95,95,thymio-09
197,1788222595.633881,10000.0,10000.0,0.0,73.49742523355985,1.1012136936187744,0.0809692218899726,-1.7338541746139526,0.3635189533233642,-0.668546736240387,0.6469703316688538,-0.0482569076120853,1.0,1.0,0,0,-9.184850993605149e-18,0.6283185307179586,-95,95,thymio-09
1,1788222301.989735,-1.701364517211914,-0.2017119973897934,-1.2803620909175824,100.0,-1.701364517211914,0.1131486296653747,-0.2017119973897934,0.586199164390564,0.4236261546611786,0.0768770053982734,-0.6862954497337341,1.0,1.0,0,0,0.0881929141047781,-0.6283185307179586,408,218,thymio-11
2,1788222302.5932822,2.853973865509033,0.0680058747529983,0.9039607268969876,100.0,2.853973865509033,0.0896639376878738,0.0680058747529983,0.0362241566181182,0.7621737718582153,0.5908924341201782,0.2619640827178955,1.0,-0.6869192259312911,0,0,0.0963724201348446,-0.6283185307179586,437,248,thymio-11
3,1788222303.2013705,2.790764570236206,0.0462988503277301,0.786985833145728,99.6690515248088,2.790764570236206,0.0894043073058128,0.0462988503277301,-0.0662087202072143,0.6987656950950623,0.5877347588539124,0.4023813903331756,1.0,-0.7264808645996981,2020,0,-0.08,-0.6283185307179586,-189,-379,thymio-11
4,1788222303.8092716,2.753670692443848,0.0200942922383546,0.435601202146628,99.49566593552844,2.753670692443848,0.088790975511074,0.0200942922383546,-0.2132448852062225,0.5912501811981201,0.5471546649932861,0.552785336971283,1.0,-0.6291153578449185,0,0,0.0074794769978851,-0.6283185307179586,121,-68,thymio-11
5,1788222304.4174638,2.753670692443848,0.0200942922383546,0.435601202146628,99.39566593552846,2.753670692443848,0.088790975511074,0.0200942922383546,-0.2132448852062225,0.5912501811981201,0.5471546649932861,0.552785336971283,1.0,-0.6291153578449185,0,0,0.0074794769978851,-0.6283185307179586,121,-68,thymio-11
6,1788222305.0251875,2.7631351947784424,0.0337703377008438,-0.3459643499448304,99.29566593552846,2.7631351947784424,0.0896374210715293,0.0337703377008438,-0.3133809268474579,0.4843370914459228,0.5016133189201355,0.6446659564971924,1.0,-0.7633702077307343,0,0,0.0155625882461224,-0.6283185307179586,150,-40,thymio-11
7,1788222305.6336703,2.774912118911743,0.0130594363436102,-1.411020977115868,99.19566593552848,2.774912118911743,0.0876614153385162,0.0130594363436102,-0.5122876167297363,0.1584585011005401,0.3200380206108093,0.7810429334640503,-0.5751202580658485,-0.719517364309902,0,0,0.0243770097737096,0.6283185307179586,-8,181,thymio-11
8,1788222306.2424097,2.774912118911743,0.0130594363436102,-1.411020977115868,99.09566593552849,2.774912118911743,0.0876614153385162,0.0130594363436102,-0.5122876167297363,0.1584585011005401,0.3200380206108093,0.7810429334640503,-0.5751202580658485,-0.719517364309902,0,0,0.0243770097737096,0.6283185307179586,-8,181,thymio-11
9,1788222306.8519096,2.7842113971710205,0.0004127176362089,-1.3909016467396564,98.99566593552848,2.7842113971710205,0.0881101414561271,0.0004127176362089,0.5048577189445496,-0.1773683279752731,-0.3349323272705078,-0.7755511999130249,-0.5628277903073458,-0.7051165675729176,0,0,0.0272715699178435,0.6283185307179586,2,192,thymio-11
10,1788222307.4613626,2.7874419689178467,-0.0188586860895156,-0.9718277972359828,98.89566593552848,2.7874419689178467,0.0885979756712913,-0.0188586860895156,0.3803624212741852,-0.3851597905158996,-0.4511990845203399,-0.7095039486885071,1.0,-0.70434480141581,0,0,0.0274266949154221,0.6283185307179586,3,192,thymio-11
11,1788222308.069178,2.7874419689178467,-0.0188586860895156,-0.9718277972359828,98.79566593552848,2.7874419689178467,0.0885979756712913,-0.0188586860895156,0.3803624212741852,-0.3851597905158996,-0.4511990845203399,-0.7095039486885071,1.0,-0.70434480141581,0,0,0.0274266949154221,0.6283185307179586,3,192,thymio-11
12,1788222308.6770985,2.7831902503967285,-0.0343193486332893,0.0292324820354799,98.6956659355285,2.7831902503967285,0.0882097706198692,-0.0343193486332893,0.2568285167217254,-0.5337634682655334,-0.5202736854553223,-0.6151837706565857,1.0,-0.625819611977741,0,0,0.0275330400150151,-0.6283185307179586,193,3,thymio-11
13,1788222309.2866776,2.764312982559204,-0.0485913902521133,0.7723839102855168,98.5956659355285,2.764312982559204,0.0884421318769455,-0.0485913902521133,0.0764497518539428,-0.6908933520317078,-0.5879222750663757,-0.4137262105941772,1.0,-0.5475546731276525,0,0,0.0337786720343786,-0.6283185307179586,215,25,thymio-11
14,1788222309.8956947,2.739431142807007,-0.0717331767082214,0.4390814132485854,98.4956659355285,2.739431142807007,0.0875890925526619,-0.0717331767082214,0.1871018260717392,-0.5977560877799988,-0.5531516671180725,-0.549275815486908,1.0,-0.6556987370818498,0,0,0.0343067072042359,-0.6283185307179586,217,27,thymio-11
15,1788222310.5035622,2.739431142807007,-0.0717331767082214,0.4390814132485854,98.39566593552853,2.739431142807007,0.0875890925526619,-0.0717331767082214,0.1871018260717392,-0.5977560877799988,-0.5531516671180725,-0.549275815486908,1.0,-0.6556987370818498,0,0,0.0343067072042359,-0.6283185307179586,217,27,thymio-11
16,1788222311.1114297,2.728325605392456,-0.1197025999426841,-0.9875122775108972,98.29566593552852,2.728325605392456,0.0878364443778991,-0.1197025999426841,0.3800556361675262,-0.3911533653736114,-0.4462552666664123,-0.709516167640686,-0.5702019367965019,-0.697960068966615,0,0,0.0287100261377103,0.6283185307179586,7,197,thymio-11
17,1788222311.7197275,2.7405288219451904,-0.154585063457489,-1.3034652961856383,98.19566593552852,2.7405288219451904,0.086998738348484,-0.154585063457489,0.4640025496482849,-0.2321969419717788,-0.3748822808265686,-0.7682770490646362,-0.6198273332190491,-0.6677828106379544,0,0,0.0208102562029164,0.6283185307179586,-21,169,thymio-11
18,1788222312.328974,2.741978645324707,-0.1769076883792877,-0.5881487808870935,98.09566593552852,2.741978645324707,0.0865729078650474,-0.1769076883792877,0.3333509564399719,-0.4364248514175415,-0.4966052770614624,-0.6721559762954712,1.0,-0.7736497507584675,0,0,0.013496400097548,0.6283185307179586,-47,143,thymio-11
19,1788222312.9370422,2.741978645324707,-0.1769076883792877,-0.5881487808870935,97.99566593552854,2.741978645324707,0.0865729078650474,-0.1769076883792877,0.3333509564399719,-0.4364248514175415,-0.4966052770614624,-0.6721559762954712,1.0,-0.7736497507584675,0,0,0.013496400097548,0.6283185307179586,-47,143,thymio-11
20,1788222313.5450256,2.737147808074951,-0.1839713752269745,0.4459147318502294,97.89566593552854,2.737147808074951,0.0868531987071037,-0.1839713752269745,0.2123069912195205,-0.5953800082206726,-0.5434913039207458,-0.5523273944854736,1.0,-0.6651648185169987,0,0,0.0103136399552635,-0.6283185307179586,132,-58,thymio-11
21,1788222314.1542406,2.7331910133361816,-0.1846430897712707,0.7559636062144426,97.79566593552856,2.7331910133361816,0.0872553139925003,-0.1846430897712707,0.074450634419918,-0.6884871125221252,-0.586973249912262,-0.4194104671478271,1.0,-0.6695532010340453,1644,0,0.0096618172697638,-0.6283185307179586,129,-61,thymio-11
22,1788222314.7622612,2.723357677459717,-0.1945853531360626,0.5022584867619635,97.69566593552857,2.723357677459717,0.0867461487650871,-0.1945853531360626,0.2004366368055343,-0.6029371619224548,-0.5545645356178284,-0.5373548865318298,1.0,-0.6650934830651372,1790,0,0.0086320581924221,-0.6283185307179586,126,-64,thymio-11
23,1788222315.3704147,2.723357677459717,-0.1945853531360626,0.5022584867619635,97.59566593552856,2.723357677459717,0.0867461487650871,-0.1945853531360626,0.2004366368055343,-0.6029371619224548,-0.5545645356178284,-0.5373548865318298,1.0,-0.6650934830651372,1526,0,0.0086320581924221,-0.6283185307179586,126,-64,thymio-11
24,1788222315.9782803,2.720104932785034,-0.2104696482419967,-0.8147537687997324,97.49566593552856,2.720104932785034,0.0868067890405654,-0.2104696482419967,0.3552473187446594,-0.4238059520721435,-0.4646505415439605,-0.6915835738182068,1.0,-0.7977170811511352,0,0,0.0086588666886218,0.6283185307179586,-64,126,thymio-11
25,1788222316.587262,2.7284069061279297,-0.2254726290702819,1.7137503294850376,97.39566593552856,2.7284069061279297,0.0857848599553108,-0.2254726290702819,-0.3172898590564728,0.583200991153717,-0.7476202249526978,-0.0163673739880323,-0.5072713627238419,-0.5444777452454599,0,0,0.0085063813415241,-0.6283185307179586,125,-65,thymio-11
26,1788222317.1957922,2.7270407676696777,-0.2283999174833297,-1.171882878649653,97.29566593552858,2.7270407676696777,0.086706206202507,-0.2283999174833297,0.4226055443286896,-0.3084048628807068,-0.4182015657424927,-0.7425621747970581,-0.5889400026532727,-0.8010004218695012,0,0,0.0079989152042302,0.6283185307179586,-66,123,thymio-11
27,1788222317.8039768,2.7270407676696777,-0.2283999174833297,-1.171882878649653,97.19566593552858,2.7270407676696777,0.086706206202507,-0.2283999174833297,0.4226055443286896,-0.3084048628807068,-0.4182015657424927,-0.7425621747970581,-0.5889400026532727,-0.8010004218695012,0,0,0.0079989152042302,0.6283185307179586,-66,123,thymio-11
28,1788222318.412804,2.731619119644165,-0.2353643029928207,-1.3392446966330174,97.0956659355286,2.731619119644165,0.0859808549284935,-0.2353643029928207,0.4845302700996399,-0.2060804665088653,-0.3605779409408569,-0.7698992490768433,-0.5524517700511287,-0.4949279703248701,0,0,-0.008139553120923,0.6283185307179586,-124,66,thymio-11
29,1788222319.0211198,2.730334520339966,-0.2393485903739929,-0.6152357175112,96.9956659355286,2.730334520339966,0.0862500518560409,-0.2393485903739929,0.3351310789585113,-0.4415033161640167,-0.4888500869274139,-0.6736375689506531,1.0,-0.794510426642264,0,0,-0.0093034042449049,0.6283185307179586,-128,62,thymio-11
30,1788222319.6289454,2.730334520339966,-0.2393485903739929,-0.6152357175112,96.8956659355286,2.730334520339966,0.0862500518560409,-0.2393485903739929,0.3351310789585113,-0.4415033161640167,-0.4888500869274139,-0.6736375689506531,1.0,-0.794510426642264,0,0,-0.0093034042449049,0.6283185307179586,-128,62,thymio-11
31,1788222320.2374334,2.73465347290039,-0.2257351130247116,0.5960866997697845,96.7956659355286,2.73465347290039,0.0861781686544418,-0.2257351130247116,0.1671736091375351,-0.6284711360931396,-0.5632447600364685,-0.5097375512123108,1.0,-0.5623926898370506,0,0,-0.0135445244007978,-0.6283185307179586,47,-143,thymio-11
32,1788222320.8454535,2.7496325969696045,-0.2146035581827163,0.8771600087221554,96.6956659355286,2.7496325969696045,0.0873690322041511,-0.2146035581827163,-0.0396870002150535,-0.760036051273346,-0.5867457985877991,-0.2765858471393585,1.0,-0.5294376601328716,0,0,0.0155198272494679,-0.6283185307179586,150,-40,thymio-11
33,1788222321.4537058,2.758674383163452,-0.2143608331680297,0.8365431024222163,96.5956659355286,2.758674383163452,0.0865584015846252,-0.2143608331680297,0.0269370544701814,-0.7267050743103027,-0.5875498652458191,-0.3549076616764068,1.0,-0.5368382685921151,0,0,0.0175582801079561,-0.6283185307179586,157,-32,thymio-11
34,1788222322.0617452,2.758674383163452,-0.2143608331680297,0.8365431024222163,96.49566593552862,2.758674383163452,0.0865584015846252,-0.2143608331680297,0.0269370544701814,-0.7267050743103027,-0.5875498652458191,-0.3549076616764068,1.0,-0.5368382685921151,0,0,0.0175582801079561,-0.6283185307179586,157,-32,thymio-11
35,1788222322.67065,2.7406153678894043,-0.2410700619220733,-0.2016354361571206,96.39566593552864,2.7406153678894043,0.0862603932619094,-0.2410700619220733,0.2913288474082947,-0.5012069344520569,-0.510115385055542,-0.6353750228881836,1.0,-0.755948586726828,0,0,0.0170543340679075,-0.6283185307179586,155,-34,thymio-11
36,1788222323.2791772,2.7424838542938232,-0.263549268245697,-1.1430780954231632,96.29566593552865,2.7424838542938232,0.0862682983279228,-0.263549268245697,0.4205746054649353,-0.3098770678043365,-0.4264818429946899,-0.7383810877799988,-0.4748630547956969,-0.7500900431234403,0,0,0.0182319013321884,0.6283185307179586,-30,160,thymio-11
37,1788222323.8873594,2.7424838542938232,-0.263549268245697,-1.1430780954231632,96.19566593552864,2.7424838542938232,0.0862682983279228,-0.263549268245697,0.4205746054649353,-0.3098770678043365,-0.4264818429946899,-0.7383810877799988,-0.4748630547956969,-0.7500900431234403,0,0,0.0182319013321884,0.6283185307179586,-30,160,thymio-11
38,1788222324.4957273,2.7507646083831787,-0.2780948281288147,-1.3202879499741162,96.09566593552864,2.7507646083831787,0.0855968743562698,-0.2780948281288147,0.4753171801567077,-0.2039685845375061,-0.3639658689498901,-0.7745962142944336,-0.4888225271379615,-0.7401811193631453,0,0,0.0202235950080078,0.6283185307179586,-23,167,thymio-11
39,1788222325.104006,2.750362634658813,-0.2941031455993652,-0.5030124674823169,95.99566593552863,2.750362634658813,0.0862476080656051,-0.2941031455993652,0.3213139176368713,-0.4574035704135895,-0.4965634346008301,-0.664051353931427,1.0,-0.6675052548661684,0,0,0.0348314437719001,-0.6283185307179586,219,29,thymio-11
40,1788222325.712851,2.7439370155334477,-0.3020630180835724,0.3891122888862766,95.89566593552864,2.7439370155334477,0.0862205103039741,-0.3020630180835724,0.2207054942846298,-0.5801581740379333,-0.5486763119697571,-0.5600535273551941,1.0,-0.4978738705995503,0,0,0.1737343624992902,-0.6283185307179586,500,500,thymio-11
41,1788222326.3213177,2.7439370155334477,-0.3020630180835724,0.3891122888862766,95.79566593552866,2.7439370155334477,0.0862205103039741,-0.3020630180835724,0.2207054942846298,-0.5801581740379333,-0.5486763119697571,-0.5600535273551941,1.0,-0.4978738705995503,0,0,0.1737343624992902,-0.6283185307179586,500,500,thymio-11
42,1788222326.9294815,2.727991342544556,-0.3759531378746032,-0.511874690763662,95.6701041298703,2.727991342544556,0.0853837430477142,-0.3759531378746032,0.3201015591621399,-0.4509965777397156,-0.4992070496082306,-0.6670302748680115,1.0,-0.5618895831267338,0,0,0.2,0.6283185307179586,500,500,thymio-11
43,1788222327.5377674,2.7056994438171387,-0.5147613883018494,-0.4422332493841265,95.47160962453982,2.7056994438171387,0.0849817097187042,-0.5147613883018494,0.3129949271678924,-0.4647813737392425,-0.5009833574295044,-0.6595667004585266,1.0,0.043667144589671,0,0,0.2,0.2989749080625608,500,500,thymio-11
44,1788222328.1459904,2.697502374649048,-0.557694673538208,-0.5221995234857744,95.37160962453984,2.697502374649048,0.0847843214869499,-0.557694673538208,0.3186316192150116,-0.4664137661457062,-0.4862232804298401,-0.6667225956916809,1.0,0.0458706113020046,0,0,0.0522716950546966,0.5648664136443946,100,271,thymio-11
45,1788222328.7555156,2.697502374649048,-0.557694673538208,-0.5221995234857744,95.27160962453983,2.697502374649048,0.0847843214869499,-0.557694673538208,0.3186316192150116,-0.4664137661457062,-0.4862232804298401,-0.6667225956916809,1.0,0.0458706113020046,0,0,0.0522716950546966,0.5648664136443946,100,271,thymio-11
46,1788222329.3641772,2.666093349456787,-0.7095383405685425,0.0049105743655042,95.08040166332074,2.666093349456787,0.0838556066155433,-0.7095383405685425,0.2678720653057098,-0.5152403116226196,-0.5360562205314636,-0.6127117276191711,1.0,1.0,0,0,-0.1709109246431888,0.6283185307179586,-500,-500,thymio-11
47,1788222329.9729,2.6412134170532227,-0.7449401021003723,0.6982004544643439,94.98040166332076,2.6412134170532227,0.0832315236330032,-0.7449401021003723,0.1412341892719268,-0.6547650694847107,-0.5726539492607117,-0.4726553559303283,-0.4029135824100825,-0.4084682291322323,0,0,0.1472159830157445,0.6283185307179586,428,500,thymio-11
48,1788222330.581111,2.6412134170532227,-0.7449401021003723,0.6982004544643439,94.88040166332075,2.6412134170532227,0.0832315236330032,-0.7449401021003723,0.1412341892719268,-0.6547650694847107,-0.5726539492607117,-0.4726553559303283,-0.4029135824100825,-0.4084682291322323,0,0,0.1472159830157445,0.6283185307179586,428,500,thymio-11
49,1788222331.1900752,2.643527030944824,-0.7391391396522522,0.7615799562431409,94.78040166332076,2.643527030944824,0.0837126076221466,-0.7391391396522522,0.1024917364120483,-0.678677499294281,-0.5852035284042358,-0.4317744374275207,-0.2401540186887747,-0.3988586006348039,0,0,0.2,0.6283185307179586,500,500,thymio-11
50,1788222331.7992718,2.587501049041748,-0.7716413140296936,0.81210448976422,94.62553252310391,2.587501049041748,0.0837405920028686,-0.7716413140296936,0.0706383809447288,-0.7006547451019287,-0.5912454128265381,-0.393093079328537,-0.2171762234640138,-0.350077301266483,0,0,0.1995670238363137,0.6283185307179586,500,500,thymio-11
51,1788222332.407928,2.4506607055664062,-0.8355618119239807,0.835328370198583,94.18240469586677,2.4506607055664062,0.0838692486286163,-0.8355618119239807,0.0414586812257766,-0.7174336314201355,-0.592709481716156,-0.3636836409568786,-0.2445616386224083,1.0,0,0,0.1583648228455237,0.6283185307179586,468,500,thymio-11
52,1788222333.015994,2.4506607055664062,-0.8355618119239807,0.835328370198583,94.08240469586676,2.4506607055664062,0.0838692486286163,-0.8355618119239807,0.0414586812257766,-0.7174336314201355,-0.592709481716156,-0.3636836409568786,-0.2445616386224083,1.0,0,0,0.1583648228455237,0.6283185307179586,468,500,thymio-11
53,1788222333.624462,2.336242914199829,-0.8818165063858032,0.8470230597513138,93.82409636750636,2.336242914199829,0.0838973969221115,-0.8818165063858032,0.0137866791337728,-0.7284128069877625,-0.5967501401901245,-0.3363243341445923,-0.2795428524640299,1.0,0,0,0.1468906566100118,0.6283185307179586,427,500,thymio-11
54,1788222334.2324202,2.183013439178467,-0.914845645427704,0.8869542525488843,93.48057987687666,2.183013439178467,0.0847799405455589,-0.914845645427704,-0.0564574375748634,-0.7637385129928589,-0.5914192795753479,-0.2524667978286743,-0.3190846013373639,1.0,0,0,0.1146215758367563,0.6283185307179586,312,500,thymio-11
55,1788222334.8401155,2.183013439178467,-0.914845645427704,0.8869542525488843,93.38057987687668,2.183013439178467,0.0847799405455589,-0.914845645427704,-0.0564574375748634,-0.7637385129928589,-0.5914192795753479,-0.2524667978286743,-0.3190846013373639,1.0,0,0,0.1146215758367563,0.6283185307179586,312,500,thymio-11
56,1788222335.4483814,2.079246282577514,-0.9099870324134828,0.9035885495548852,93.1200921741968,2.079246282577514,0.0863899439573288,-0.9099870324134828,-0.1511202305555343,-0.7926497459411621,-0.5759174823760986,-0.1311034262180328,-0.331198477927747,1.0,0,0,0.092107825802283,0.6283185307179586,232,422,thymio-11
57,1788222336.056996,2.011725664138794,-0.8809241056442261,0.8813177285813323,92.94748342257716,2.011725664138794,0.0869924873113632,-0.8809241056442261,-0.24446702003479,-0.8026286959648132,-0.5440626740455627,-0.004354563076049,-0.3132560325379108,1.0,0,0,0.1045226439589415,0.6283185307179586,276,466,thymio-11
58,1788222336.6653647,2.011725664138794,-0.8809241056442261,0.8813177285813323,92.84748342257716,2.011725664138794,0.0869924873113632,-0.8809241056442261,-0.24446702003479,-0.8026286959648132,-0.5440626740455627,-0.004354563076049,-0.3132560325379108,1.0,0,0,0.1045226439589415,0.6283185307179586,276,466,thymio-11
59,1788222337.273769,1.9363118410110476,-0.7871537208557129,0.702086835618251,92.56045402483444,1.9363118410110476,0.0879670232534408,-0.7871537208557129,-0.3979573249816894,-0.7619973421096802,-0.441688984632492,0.2567118108272552,-0.2438708841008015,1.0,0,0,0.1303163008660715,0.6283185307179586,368,500,thymio-11
60,1788222337.8821588,1.9223824739456177,-0.7149553298950195,0.3501482040900039,92.4544384059505,1.9223824739456177,0.0883712768554687,-0.7149553298950195,-0.4675195515155792,-0.7065134048461914,-0.3671684563159942,0.3839945197105407,1.0,1.0,0,0,0.0267535356503332,0.6283185307179586,0,190,thymio-11
61,1788222338.4902537,1.9223824739456177,-0.7149553298950195,0.3501482040900039,92.3544384059505,1.9223824739456177,0.0883712768554687,-0.7149553298950195,-0.4675195515155792,-0.7065134048461914,-0.3671684563159942,0.3839945197105407,1.0,1.0,0,0,0.0398062520548571,0.6283185307179586,47,236,thymio-11
62,1788222339.0975428,1.94306743144989,-0.6102205514907837,-1.0085402499962326,92.25443840595052,1.94306743144989,0.0887140482664108,-0.6102205514907837,-0.5603094100952148,-0.5400511026382446,-0.2023867070674896,0.5945065021514893,1.0,-0.0982648643793241,0,0,-0.2,0.6283185307179586,-500,-500,thymio-11
63,1788222339.7052703,1.9624203443527224,-0.596234142780304,-1.343182426408453,92.15443840595051,1.9624203443527224,0.08900997787714,-0.596234142780304,-0.5929180383682251,-0.3917604386806488,-0.0693558454513549,0.7001156210899353,1.0,-0.0592312201868017,0,0,-0.2,0.2389688710109353,-500,-500,thymio-11
64,1788222340.312574,1.9624203443527224,-0.596234142780304,-1.343182426408453,92.05443840595052,1.9624203443527224,0.08900997787714,-0.596234142780304,-0.5929180383682251,-0.3917604386806488,-0.0693558454513549,0.7001156210899353,1.0,-0.0592312201868017,0,0,-0.1946532956238932,0.5361276787932612,-500,-500,thymio-11
65,1788222340.9202604,1.835265636444092,-0.655951976776123,-1.3697158213309022,91.4273387282268,1.835265636444092,0.0894895642995834,-0.655951976776123,-0.5970657467842102,-0.35513436794281,-0.033684067428112,0.7185105681419373,1.0,-0.1123423428143817,0,0,-0.1966679189449051,0.485279580153192,-500,-500,thymio-11
66,1788222341.528424,1.7236769199371338,-0.6979110240936279,-1.398311468481512,90.91044238184396,1.7236769199371338,0.0899100452661514,-0.6979110240936279,-0.5962169766426086,-0.3327231407165527,-0.0221742056310176,0.7302938103675842,1.0,-0.1913967988447513,0,0,-0.2,0.1793629809947292,-500,-500,thymio-11
67,1788222342.1362596,1.7236769199371338,-0.6979110240936279,-1.398311468481512,90.81044238184396,1.7236769199371338,0.0899100452661514,-0.6979110240936279,-0.5962169766426086,-0.3327231407165527,-0.0221742056310176,0.7302938103675842,1.0,-0.1913967988447513,0,0,-0.2,0.1793629809947292,-500,-500,thymio-11
68,1788222342.7447505,1.5720794200897217,-0.744515061378479,-1.4190928242263976,90.10077338753013,1.5720794200897217,0.0915066823363304,-0.744515061378479,-0.5975993275642395,-0.297557920217514,0.006219832226634,0.7445103526115417,1.0,-0.2551914838980089,0,0,0.0056834939139285,0.6283185307179586,-75,115,thymio-11
69,1788222343.353147,1.459190011024475,-0.7677858471870422,-1.4157106285198222,89.59950095816488,1.459190011024475,0.0922777876257896,-0.7677858471870422,-0.5915928483009338,-0.282202661037445,0.0275994539260864,0.7547304034233093,1.0,-0.2790151000046095,0,0,0.1283700574733743,0.6283185307179586,361,500,thymio-11
70,1788222343.9619715,1.4672796726226809,-0.7716585993766785,-1.4786506403048536,89.49950095816489,1.4672796726226809,0.0922743007540702,-0.7716585993766785,-0.5831127762794495,-0.126894474029541,0.1273521184921264,0.7922492623329163,1.0,-0.2494124096645454,0,0,0.023391718372494,0.6283185307179586,-12,178,thymio-11
71,1788222344.5705574,1.4672796726226809,-0.7716585993766785,-1.4786506403048536,89.3995009581649,1.4672796726226809,0.0922743007540702,-0.7716585993766785,-0.5831127762794495,-0.126894474029541,0.1273521184921264,0.7922492623329163,1.0,-0.2494124096645454,0,0,-0.0380472838410161,0.6283185307179586,-230,-40,thymio-11
72,1788222345.1790018,1.5293036699295044,-0.7941116094589233,-1.4537122286403803,89.2995009581649,1.5293036699295044,0.0919687300920486,-0.7941116094589233,-0.5448487997055054,0.0042224391363561,0.2266030758619308,0.8073245882987976,1.0,-0.1464783882940232,0,0,0.2,0.6283185307179586,500,500,thymio-11
73,1788222345.7871122,1.5177137851715088,-0.7797542810440063,-1.2389167655784925,89.1995009581649,1.5177137851715088,0.0912872776389122,-0.7797542810440063,-0.4382755160331726,0.2639904916286468,0.3958979249000549,0.762553870677948,1.0,-0.1339948164958264,0,0,0.2,0.6283185307179586,500,500,thymio-11
74,1788222346.395234,1.5177137851715088,-0.7797542810440063,-1.2389167655784925,89.09950095816491,1.5177137851715088,0.0912872776389122,-0.7797542810440063,-0.4382755160331726,0.2639904916286468,0.3958979249000549,0.762553870677948,1.0,-0.1339948164958264,0,0,0.0942510619462735,0.6283185307179586,240,430,thymio-11
75,1788222347.0032136,1.566999435424805,-0.9312662482261658,-1.069158545770331,88.99950095816492,1.566999435424805,0.0897051244974136,-0.9312662482261658,-0.3971738815307617,0.3410686254501343,0.438298612833023,0.730629563331604,1.0,-0.5814868435883349,0,0,0.2,0.6283185307179586,500,500,thymio-11
76,1788222347.6121876,1.5644131898880005,-0.994149386882782,-0.5247415920705061,88.89950095816492,1.5644131898880005,0.0889784470200538,-0.994149386882782,-0.3249795436859131,0.456140786409378,0.4941146969795227,0.6649621725082397,1.0,-0.6365065405696286,0,0,0.1642487413820186,-0.6283185307179586,500,489,thymio-11
77,1788222348.2201734,1.5644131898880005,-0.994149386882782,-0.5247415920705061,88.79950095816493,1.5644131898880005,0.0889784470200538,-0.994149386882782,-0.3249795436859131,0.456140786409378,0.4941146969795227,0.6649621725082397,1.0,-0.5588104676856233,0,0,0.05,-0.1204460268697151,196,159,thymio-11
78,1788222348.8280928,1.5461808443069458,-1.101716160774231,-0.5247697474279756,88.65127484291732,1.5461808443069458,0.0880698934197425,-1.101716160774231,-0.3271578550338745,0.4531464874744415,0.4965398907661438,0.66413414478302,1.0,-0.6600277051978488,0,0,0.0363344312552323,-0.6283185307179586,224,34,thymio-11
79,1788222349.436963,1.5318440198898315,-1.2103612422943115,-0.7944673842309129,88.51730065323474,1.5318440198898315,0.0870122164487838,-1.2103612422943115,-0.3610250055789947,0.408822625875473,0.4765660762786865,0.6894996762275696,1.0,-0.7206753073050369,0,0,0.0241442632316875,-0.6283185307179586,181,-9,thymio-11
80,1788222350.0451202,1.5366461277008057,-1.2370740175247192,-1.1911912915584038,88.41730065323475,1.5366461277008057,0.0864477828145027,-1.2370740175247192,-0.4353955686092376,0.2823910117149353,0.4146018922328949,0.7475234866142273,1.0,-0.7394895301083964,0,0,0.0203626044482123,0.6283185307179586,-23,167,thymio-11
81,1788222350.653259,1.5366461277008057,-1.2370740175247192,-1.1911912915584038,88.31730065323475,1.5366461277008057,0.0864477828145027,-1.2370740175247192,-0.4353955686092376,0.2823910117149353,0.4146018922328949,0.7475234866142273,1.0,-0.7394895301083964,0,0,0.0203626044482123,0.6283185307179586,-23,167,thymio-11
82,1788222351.261593,1.552130103111267,-1.263931393623352,1.7546097213383698,88.21730065323476,1.552130103111267,0.085523284971714,-1.263931393623352,-0.3241088986396789,0.5884524583816528,-0.7407274842262268,-0.0002343320229556,-0.7590857992467194,1.0,0,0,0.0164237543514094,-0.6283185307179586,153,-37,thymio-11
83,1788222351.870199,1.5548789501190186,-1.2728188037872314,-1.000477155103877,88.11730065323476,1.5548789501190186,0.0860934481024742,-1.2728188037872314,0.3892897367477417,-0.3540123403072357,-0.4525549411773681,-0.7199463248252869,1.0,-0.772443601470348,0,0,0.01373883610446,-0.6283185307179586,144,-46,thymio-11
84,1788222352.4794457,1.5592427253723145,-1.2980749607086182,-1.2515770636825945,88.01730065323477,1.5592427253723145,0.0854159593582153,-1.2980749607086182,0.4510312378406524,-0.2305391728878021,-0.3893314301967621,-0.7693138122558594,1.0,-0.791936521509794,0,0,0.0098207591765313,0.6283185307179586,-60,130,thymio-11
85,1788222353.0870972,1.5669939517974854,-1.3094216585159302,1.7378523603831466,87.91730065323478,1.5669939517974854,0.0849505215883255,-1.3094216585159302,0.2998140454292297,-0.5921201109886169,0.7478340268135071,-0.0158004704862833,-0.7879805590288556,0.9824214474762848,0,0,-0.0424636305408001,-0.6283185307179586,-56,-246,thymio-11
86,1788222353.696237,1.5669939517974854,-1.3094216585159302,1.7378523603831466,87.81730065323478,1.5669939517974854,0.0849505215883255,-1.3094216585159302,0.2998140454292297,-0.5921201109886169,0.7478340268135071,-0.0158004704862833,-0.7879805590288556,0.9824214474762848,0,0,-0.0424636305408001,-0.6283185307179586,-56,-246,thymio-11
87,1788222354.3038702,1.558853268623352,-1.2953453063964844,-1.3581351951719396,87.71730065323479,1.558853268623352,0.0850269347429275,-1.2953453063964844,0.4868235290050506,-0.1729314029216766,-0.3408366739749908,-0.7854475975036621,1.0,-0.7597258382425441,0,0,0.0651804260529945,0.6283185307179586,137,326,thymio-11
88,1788222354.9125144,1.5449501276016235,-1.275218486785889,-1.4408667289840982,87.61730065323479,1.5449501276016235,0.0867582708597183,-1.275218486785889,0.5594339966773987,-0.0246179290115833,-0.2486631423234939,-0.7903127074241638,1.0,-0.7354996547319028,0,0,0.0846582775955501,0.6283185307179586,206,396,thymio-11
89,1788222355.5205266,1.5449501276016235,-1.275218486785889,-1.4408667289840982,87.5173006532348,1.5449501276016235,0.0867582708597183,-1.275218486785889,0.5594339966773987,-0.0246179290115833,-0.2486631423234939,-0.7903127074241638,1.0,-0.7354996547319028,0,0,0.0211645693988875,0.6283185307179586,-20,170,thymio-11
90,1788222356.1290078,1.581545352935791,-1.3158718347549438,-1.3594198245880855,87.4173006532348,1.581545352935791,0.084661491215229,-1.3158718347549438,0.4841166734695434,-0.1775446236133575,-0.3409715294837951,-0.7860327363014221,1.0,-0.693571752517125,0,0,0.0295920777440578,0.6283185307179586,10,200,thymio-11
91,1788222356.737357,1.5955380201339722,-1.3526445627212524,-0.8652100294089937,87.31730065323481,1.5955380201339722,0.085675910115242,-1.3526445627212524,-0.3676392138004303,0.3922514617443084,0.4691107273101806,0.7006535530090332,1.0,-0.6864137145555861,0,0,0.0310308433743272,-0.6283185307179586,205,15,thymio-11
92,1788222357.346794,1.5893315076828003,-1.3728957176208496,-0.2228153684897398,87.21730065323482,1.5893315076828003,0.0854873359203338,-1.3728957176208496,-0.2912123203277588,0.4900895953178406,0.5175514817237854,0.6380816102027893,1.0,1.0,0,0,0.032710428237915,-0.6283185307179586,211,21,thymio-11
93,1788222357.954969,1.5893315076828003,-1.3728957176208496,-0.2228153684897398,87.11730065323482,1.5893315076828003,0.0854873359203338,-1.3728957176208496,-0.2912123203277588,0.4900895953178406,0.5175514817237854,0.6380816102027893,1.0,1.0,0,0,0.1308417129516601,-0.6283185307179586,500,370,thymio-11
94,1788222358.5586257,10000.0,10000.0,0.0,87.11730065323482,1.5893315076828003,0.0854873359203338,-1.3728957176208496,-0.2912123203277588,0.4900895953178406,0.5175514817237854,0.6380816102027893,1.0,1.0,0,0,-9.184850993605149e-18,0.6283185307179586,-95,95,thymio-11
95,1788222359.1618085,10000.0,10000.0,0.0,87.11730065323482,1.5893315076828003,0.0854873359203338,-1.3728957176208496,-0.2912123203277588,0.4900895953178406,0.5175514817237854,0.6380816102027893,1.0,1.0,0,0,-9.184850993605149e-18,0.6283185307179586,-95,95,thymio-11
96,1788222359.7647865,10000.0,10000.0,0.0,87.11730065323482,1.5893315076828003,0.0854873359203338,-1.3728957176208496,-0.2912123203277588,0.4900895953178406,0.5175514817237854,0.6380816102027893,1.0,1.0,0,0,-9.184850993605149e-18,0.6283185307179586,-95,95,thymio-11
97,1788222360.3680143,1.590556502342224,-1.41015362739563,-1.1299181746336306,87.11730065323482,1.590556502342224,0.0849336832761764,-1.41015362739563,-0.4169014096260071,0.3094748556613922,0.428889513015747,0.7392377257347107,1.0,-0.6917326057967805,0,0,0.115938549041748,-0.6283185307179586,500,317,thymio-11
98,1788222360.9759452,1.590556502342224,-1.41015362739563,-1.1299181746336306,87.01730065323483,1.590556502342224,0.0849336832761764,-1.41015362739563,-0.4169014096260071,0.3094748556613922,0.428889513015747,0.7392377257347107,1.0,-0.6917326057967805,0,0,0.115938549041748,-0.6283185307179586,500,317,thymio-11
99,1788222361.579961,10000.0,10000.0,0.0,87.01730065323483,1.590556502342224,0.0849336832761764,-1.41015362739563,-0.4169014096260071,0.3094748556613922,0.428889513015747,0.7392377257347107,1.0,1.0,0,0,-9.184850993605149e-18,0.6283185307179586,-95,95,thymio-11
100,1788222362.1838484,10000.0,10000.0,0.0,87.01730065323483,1.590556502342224,0.0849336832761764,-1.41015362739563,-0.4169014096260071,0.3094748556613922,0.428889513015747,0.7392377257347107,1.0,1.0,0,0,-9.184850993605149e-18,0.6283185307179586,-95,95,thymio-11
101,1788222362.7868922,10000.0,10000.0,0.0,87.01730065323483,1.590556502342224,0.0849336832761764,-1.41015362739563,-0.4169014096260071,0.3094748556613922,0.428889513015747,0.7392377257347107,1.0,1.0,0,0,-9.184850993605149e-18,0.6283185307179586,-95,95,thymio-11
102,1788222363.3899038,10000.0,10000.0,0.0,87.01730065323483,1.590556502342224,0.0849336832761764,-1.41015362739563,-0.4169014096260071,0.3094748556613922,0.428889513015747,0.7392377257347107,1.0,1.0,0,0,-9.184850993605149e-18,0.6283185307179586,-95,95,thymio-11
103,1788222363.993182,10000.0,10000.0,0.0,87.01730065323483,1.590556502342224,0.0849336832761764,-1.41015362739563,-0.4169014096260071,0.3094748556613922,0.428889513015747,0.7392377257347107,1.0,1.0,0,0,-9.184850993605149e-18,0.6283185307179586,-95,95,thymio-11
104,1788222364.596232,10000.0,10000.0,0.0,87.01730065323483,1.590556502342224,0.0849336832761764,-1.41015362739563,-0.4169014096260071,0.3094748556613922,0.428889513015747,0.7392377257347107,1.0,1.0,0,0,-9.184850993605149e-18,0.6283185307179586,-95,95,thymio-11
105,1788222365.199939,1.607518434524536,-1.5156668424606323,0.3282388008075338,87.01730065323483,1.607518434524536,0.0845949500799179,-1.5156668424606323,-0.2171010375022888,0.5734606385231018,0.5454681515693665,0.5713796019554138,1.0,1.0,0,0,-0.073733263015747,-0.6283185307179586,-167,-357,thymio-11
106,1788222365.8075085,1.607518434524536,-1.5156668424606323,0.3282388008075338,86.91730065323483,1.607518434524536,0.0845949500799179,-1.5156668424606323,-0.2171010375022888,0.5734606385231018,0.5454681515693665,0.5713796019554138,1.0,1.0,0,0,-0.073733263015747,-0.6283185307179586,-167,-357,thymio-11
107,1788222366.4173744,1.6141853332519531,-1.6386905908584597,0.8477380520126103,86.81473929882536,1.6141853332519531,0.0822059288620948,-1.6386905908584597,0.3220514357089996,0.7885998487472534,0.5064616203308105,-0.1337523013353347,-0.6246882912934427,1.0,0,0,-0.0245237636566161,-0.6283185307179586,8,-182,thymio-11
108,1788222367.0258846,1.6141853332519531,-1.6386905908584597,0.8477380520126103,86.71473929882536,1.6141853332519531,0.0822059288620948,-1.6386905908584597,0.3220514357089996,0.7885998487472534,0.5064616203308105,-0.1337523013353347,-0.6246882912934427,1.0,0,0,-0.0245237636566161,-0.6283185307179586,8,-182,thymio-11
109,1788222367.6336474,1.6711459159851074,-1.6810928583145142,0.9054967203612369,86.61473929882537,1.6711459159851074,0.0819624736905098,-1.6810928583145142,0.1190771460533142,0.7862944006919861,0.581771194934845,0.1705988496541977,-0.5940144654451185,1.0,0,0,-0.0018907141685485,-0.6283185307179586,88,-102,thymio-11
110,1788222368.2416558,1.6870276927947998,-1.6828491687774658,0.84260962271967,86.51473929882538,1.6870276927947998,0.0816019997000694,-1.6828491687774658,-0.0001648934266995,0.7369095087051392,0.5896552205085754,0.3305618166923523,-0.5784473671325823,1.0,0,0,-0.0017150831222534,-0.6283185307179586,89,-101,thymio-11
111,1788222368.8496995,1.6881110668182373,-1.6864978075027466,0.4579505484620894,86.41473929882538,1.6881110668182373,0.0815091803669929,-1.6864978075027466,-0.1825937777757644,0.5982983708381653,0.5606073141098022,0.542603075504303,-0.5729180116785916,1.0,0,0,-0.0013502192497253,-0.6283185307179586,90,-100,thymio-11
112,1788222369.4585202,1.6881110668182373,-1.6864978075027466,0.4579505484620894,86.31473929882539,1.6881110668182373,0.0815091803669929,-1.6864978075027466,-0.1825937777757644,0.5982983708381653,0.5606073141098022,0.542603075504303,-0.5729180116785916,1.0,0,0,-0.0013502192497253,-0.6283185307179586,90,-100,thymio-11
113,1788222370.0660045,1.687060832977295,-1.691534161567688,-0.6106377248614665,86.21473929882539,1.687060832977295,0.0819463282823562,-1.691534161567688,-0.3333845734596252,0.436987817287445,0.4919744431972503,0.6751722097396851,1.0,1.0,0,0,-0.0015076642510739,0.6283185307179586,-100,90,thymio-11
114,1788222370.6743655,1.689700484275818,-1.696004033088684,1.7685936213695008,86.1147392988254,1.689700484275818,0.0807680636644363,-1.696004033088684,0.3890409469604492,-0.5845739841461182,0.7075176239013672,0.0796192064881324,0.8342681471241515,-0.9824396239231888,0,0,0.0,0.6283185307179586,-95,95,thymio-11
115,1788222371.2821426,1.689700484275818,-1.696004033088684,1.7685936213695008,86.0147392988254,1.689700484275818,0.0807680636644363,-1.696004033088684,0.3890409469604492,-0.5845739841461182,0.7075176239013672,0.0796192064881324,1.0,-0.9824396239231888,0,0,0.0,0.6283185307179586,-95,95,thymio-11
116,1788222371.8903265,1.6861209869384766,-1.6879541873931885,-0.5640923789597085,85.91473929882541,1.6861209869384766,0.081488013267517,-1.6879541873931885,0.3279105424880981,-0.4503400921821594,-0.4913579225540161,-0.6695042848587036,1.0,1.0,0,0,0.0041462553832963,-0.6283185307179586,110,-80,thymio-11
117,1788222372.4990013,1.6866915225982666,-1.6819993257522583,0.4367066025545076,85.81473929882542,1.6866915225982666,0.0819067135453224,-1.6819993257522583,0.1993541121482849,-0.5905297994613647,-0.5571413040161133,-0.5487495064735413,1.0,1.0,0,0,-0.0072002696990966,-0.6283185307179586,69,-120,thymio-11
118,1788222373.1076438,1.685484528541565,-1.687190055847168,2.3499047885714743,85.71473929882542,1.685484528541565,0.081462912261486,-1.687190055847168,-0.5788475871086121,0.5435954332351685,-0.5537033081054688,-0.2507035732269287,1.0,1.0,0,0,-0.0051239776611327,0.6283185307179586,-113,77,thymio-11
119,1788222373.7159915,1.685484528541565,-1.687190055847168,2.3499047885714743,85.61473929882543,1.685484528541565,0.081462912261486,-1.687190055847168,-0.5788475871086121,0.5435954332351685,-0.5537033081054688,-0.2507035732269287,1.0,1.0,0,0,-0.0051239776611327,0.6283185307179586,-113,77,thymio-11
120,1788222374.323722,1.6856896877288818,-1.6858402490615845,-0.8118374552008634,85.51473929882543,1.6856896877288818,0.0818907096982002,-1.6858402490615845,0.3550417423248291,-0.4127280712127685,-0.4694430530071258,-0.6951432228088379,1.0,1.0,0,0,0.0056639003753661,-0.6283185307179586,115,-75,thymio-11
121,1788222374.9315283,1.6864230632781982,-1.6750891208648682,0.3507023514444967,85.41473929882544,1.6864230632781982,0.0820350646972656,-1.6750891208648682,0.2114112973213195,-0.5802143216133118,-0.5434883832931519,-0.5685744881629944,1.0,1.0,0,0,-0.0099643516540527,-0.6283185307179586,59,-130,thymio-11
122,1788222375.540788,1.6864230632781982,-1.6750891208648682,0.3507023514444967,85.31473929882544,1.6864230632781982,0.0820350646972656,-1.6750891208648682,0.2114112973213195,-0.5802143216133118,-0.5434883832931519,-0.5685744881629944,1.0,1.0,0,0,-0.0099643516540527,-0.6283185307179586,59,-130,thymio-11
123,1788222376.149454,1.6863417625427246,-1.6802209615707395,-0.423266465594712,85.21473929882545,1.6863417625427246,0.0813562199473381,-1.6802209615707395,0.3080602884292602,-0.4736613631248474,-0.4968219399452209,-0.6587197780609131,1.0,1.0,0,0,0.005310503903318,-0.6283185307179586,114,-76,thymio-11
124,1788222376.7580426,1.6893917322158811,-1.6782335042953491,1.7334321179531251,85.11473929882546,1.6893917322158811,0.0814450234174728,-1.6782335042953491,0.3648681044578552,-0.5962293148040771,0.7112880945205688,0.0738322660326957,-0.4890529059582191,1.0,0,0,-0.0087065982818603,0.6283185307179586,-126,64,thymio-11
125,1788222377.366496,1.6893917322158811,-1.6782335042953491,1.7334321179531251,85.01473929882546,1.6893917322158811,0.0814450234174728,-1.6782335042953491,0.3648681044578552,-0.5962293148040771,0.7112880945205688,0.0738322660326957,-0.4890529059582191,1.0,0,0,-0.0087065982818603,0.6283185307179586,-126,64,thymio-11
126,1788222377.970051,1.1982508897781372,-1.6137489080429075,-1.2508295823437807,85.01473929882546,1.1982508897781372,0.0843185931444168,-1.6137489080429075,-0.5511987805366516,-0.4364783763885498,-0.0523429028689861,0.709173321723938,1.0,1.0,0,0,0.0,-0.6283185307179586,95,-95,thymio-11
127,1788222378.5787106,1.1982508897781372,-1.6137489080429075,-1.2508295823437807,84.91473929882547,1.1982508897781372,0.0843185931444168,-1.6137489080429075,-0.5511987805366516,-0.4364783763885498,-0.0523429028689861,0.709173321723938,1.0,-0.9783823608358538,0,0,0.0,-0.6283185307179586,95,-95,thymio-11
128,1788222379.182737,1.683955192565918,-1.6696808338165283,1.7197993876220998,84.91473929882547,1.683955192565918,0.0817273408174514,-1.6696808338165283,0.3136288523674011,-0.5951151847839355,0.7397943139076233,0.0133930779993534,-0.4628374687086615,0.9148954516575978,0,0,-0.0121276664733886,0.6283185307179586,-138,52,thymio-11
129,1788222379.791356,1.683955192565918,-1.6696808338165283,1.7197993876220998,84.81473929882547,1.683955192565918,0.0817273408174514,-1.6696808338165283,0.3136288523674011,-0.5951151847839355,0.7397943139076233,0.0133930779993534,-0.4628374687086615,0.9148954516575978,0,0,-0.0121276664733886,0.6283185307179586,-138,52,thymio-11
130,1788222380.395832,10000.0,10000.0,0.0,84.81473929882547,1.683955192565918,0.0817273408174514,-1.6696808338165283,0.3136288523674011,-0.5951151847839355,0.7397943139076233,0.0133930779993534,1.0,1.0,0,0,-9.184850993605149e-18,0.6283185307179586,-95,95,thymio-11
131,1788222380.9995613,1.6698342561721802,-1.651291847229004,1.9088744304601075,84.81473929882547,1.6698342561721802,0.0821447074413299,-1.651291847229004,0.4697516858577728,-0.5781111717224121,0.6517581343650818,0.1425909101963043,-0.4517731508158742,0.8162127430982722,0,0,-0.0194832611083984,0.6283185307179586,-164,26,thymio-11
132,1788222381.6080704,1.6707594394683838,-1.6371064186096191,0.099386886904691,84.71473929882548,1.6707594394683838,0.0824784934520721,-1.6371064186096191,-0.2561027407646179,0.5370243787765503,0.5305403470993042,0.6037740707397461,1.0,1.0,0,0,0.0026351283906323,-0.6283185307179586,104,-86,thymio-11
133,1788222382.215967,1.6707594394683838,-1.6371064186096191,0.099386886904691,84.61473929882548,1.6707594394683838,0.0824784934520721,-1.6371064186096191,-0.2561027407646179,0.5370243787765503,0.5305403470993042,0.6037740707397461,1.0,1.0,0,0,0.0045201484304152,-0.6283185307179586,111,-79,thymio-11
134,1788222382.8245108,1.6730997562408447,-1.634152054786682,-0.066147876903635,84.51473929882549,1.6730997562408447,0.0824353098869323,-1.634152054786682,-0.2756132483482361,0.5156551599502563,0.520442008972168,0.6223160624504089,1.0,1.0,0,0,0.0004969284993516,0.6283185307179586,-93,97,thymio-11
135,1788222383.4325848,1.6749024391174316,-1.6444909572601318,-1.102386329968616,84.4147392988255,1.6749024391174316,0.0820544436573982,-1.6444909572601318,-0.4038260877132416,0.3356231153011322,0.4319212436676025,0.7332978844642639,0.624634469121093,1.0,0,0,-0.0135320094867981,0.6283185307179586,-143,47,thymio-11
136,1788222384.0411425,1.673551082611084,-1.6377424001693726,-0.3610959208731694,84.3147392988255,1.673551082611084,0.0822939947247505,-1.6377424001693726,-0.3058556020259857,0.4809244573116302,0.5015493035316467,0.6508550643920898,0.5738326115801824,1.0,0,0,-0.0046036183616399,0.6283185307179586,-111,79,thymio-11
137,1788222384.6495707,1.6784223318099976,-1.6223970651626587,0.656744712859259,84.2147392988255,1.6784223318099976,0.0824614614248275,-1.6223970651626587,-0.1413644403219223,0.6455749273300171,0.5737321376800537,0.4838186800479889,1.0,1.0,0,0,-0.0107979625153486,-0.6283185307179586,57,-133,thymio-11
138,1788222385.2578728,1.6784223318099976,-1.6223970651626587,0.656744712859259,84.11473929882551,1.6784223318099976,0.0824614614248275,-1.6223970651626587,-0.1413644403219223,0.6455749273300171,0.5737321376800537,0.4838186800479889,1.0,1.0,0,0,-0.0107979625153486,-0.6283185307179586,57,-133,thymio-11
139,1788222385.8664222,1.6834800243377686,-1.6183383464813232,0.6885411918350823,84.01473929882552,1.6834800243377686,0.0829151347279548,-1.6183383464813232,-0.1382236927747726,0.657496452331543,0.5664591193199158,0.4771967530250549,1.0,1.0,0,0,-0.0326646614074706,-0.6283185307179586,-21,-211,thymio-11
140,1788222386.4744542,1.6901239156723022,-1.6077110767364502,-0.8757061457450743,83.91473929882552,1.6901239156723022,0.0824106708168983,-1.6077110767364502,-0.3660121560096741,0.3975393176078796,0.4646041989326477,0.7015273571014404,1.0,-0.4484955968750965,0,0,0.0369155693054199,-0.6283185307179586,226,36,thymio-11
141,1788222387.0834997,1.6916624307632446,-1.6055412292480469,-1.1863745853715972,83.81473929882553,1.6916624307632446,0.0825356468558311,-1.6055412292480469,-0.4248192608356476,0.3032545745372772,0.4140197932720184,0.7457566857337952,1.0,-0.4428905989561887,0,0,0.0377835083007812,-0.6283185307179586,229,39,thymio-11
142,1788222387.6920846,1.6916624307632446,-1.6055412292480469,-1.1863745853715972,83.71473929882553,1.6916624307632446,0.0825356468558311,-1.6055412292480469,-0.4248192608356476,0.3032545745372772,0.4140197932720184,0.7457566857337952,1.0,-0.4428905989561887,0,0,0.0377835083007812,-0.6283185307179586,229,39,thymio-11
143,1788222388.300625,1.7011497020721436,-1.6225746870040894,1.713753940376031,83.61473929882554,1.7011497020721436,0.082216553390026,-1.6225746870040894,-0.3032439053058624,0.5936989188194275,-0.7453486323356628,-0.0044879508204758,-0.4544251955414582,1.0,0,0,-0.0309701251983642,0.1922644384052677,-139,-81,thymio-11
144,1788222388.9095078,1.7507562637329102,-1.6555877923965454,-1.5035686124208711,83.51473929882555,1.7507562637329102,0.081285610795021,-1.6555877923965454,0.5681443214416504,0.0996163114905357,-0.1324997842311859,-0.8060598373413086,0.1563353311836586,-0.4108385486883813,0,0,0.0164774284083054,0.1718931714617604,33,85,thymio-11
145,1788222389.5175755,1.7507562637329102,-1.6555877923965454,-1.5035686124208711,83.41473929882555,1.7507562637329102,0.081285610795021,-1.6555877923965454,0.5681443214416504,0.0996163114905357,-0.1324997842311859,-0.8060598373413086,0.1563353311836586,-0.4108385486883813,0,0,0.0064033671344816,0.2355363779440612,-13,58,thymio-11
146,1788222390.125749,1.7428643703460691,-1.6539747714996338,-1.4625651891714682,83.31473929882556,1.7428643703460691,0.0823914855718612,-1.6539747714996338,0.5727028846740723,0.1098511070013046,-0.1499573737382888,-0.7984089851379395,0.1492431292636544,1.0,0,0,-0.0104683575332445,0.353439919273011,-91,16,thymio-11
147,1788222390.7332647,1.7428643703460691,-1.6539747714996338,-1.4625651891714682,83.21473929882556,1.7428643703460691,0.0823914855718612,-1.6539747714996338,0.5727028846740723,0.1098511070013046,-0.1499573737382888,-0.7984089851379395,0.1475753496848706,1.0,0,0,-0.01039304125091,0.3399181185941713,-88,14,thymio-11
148,1788222391.3365204,10000.0,10000.0,0.0,83.21473929882556,1.7428643703460691,0.0823914855718612,-1.6539747714996338,0.5727028846740723,0.1098511070013046,-0.1499573737382888,-0.7984089851379395,1.0,1.0,0,0,-9.184850993605149e-18,0.6283185307179586,-95,95,thymio-11
149,1788222391.9396217,10000.0,10000.0,0.0,83.21473929882556,1.7428643703460691,0.0823914855718612,-1.6539747714996338,0.5727028846740723,0.1098511070013046,-0.1499573737382888,-0.7984089851379395,1.0,1.0,0,0,-9.184850993605149e-18,0.6283185307179586,-95,95,thymio-11
150,1788222392.5442708,1.733678698539734,-1.635323405265808,0.3537185139442012,83.21473929882556,1.733678698539734,0.0790203213691711,-1.635323405265808,0.4943078160285949,0.7530529499053955,0.3731412589550018,-0.2221188992261886,1.0,1.0,0,0,-0.0077283706419586,-0.6283185307179586,67,-122,thymio-11
151,1788222393.1522691,1.7288388013839722,-1.6326615810394287,-0.6587177107934998,83.11473929882557,1.7288388013839722,0.0816340595483779,-1.6326615810394287,-0.3364325165748596,0.4381572306156158,0.4828225076198578,0.6794952154159546,0.0970979591924332,-0.4368766625516799,0,0,0.0269353675842285,-0.6283185307179586,191,1,thymio-11
152,1788222393.7603517,1.7288388013839722,-1.6326615810394287,-0.6587177107934998,83.01473929882557,1.7288388013839722,0.0816340595483779,-1.6326615810394287,-0.3364325165748596,0.4381572306156158,0.4828225076198578,0.6794952154159546,0.0970979591924332,-0.4368766625516799,0,0,0.0269353675842285,-0.6283185307179586,191,1,thymio-11
153,1788222394.3687906,1.732642650604248,-1.6431832313537598,-1.2129187746712824,82.91473929882558,1.732642650604248,0.0807206183671951,-1.6431832313537598,-0.4267106056213379,0.3123277425765991,0.4074338674545288,0.7445583343505859,-0.9838927312863418,1.0,0,0,-0.0,-0.6283185307179586,95,-95,thymio-11
154,1788222394.9771152,1.7372055053710938,-1.646043300628662,0.5366618876758591,82.81473929882559,1.7372055053710938,0.0788758099079132,-1.646043300628662,-0.4314710199832916,-0.7841421961784363,-0.4333727657794952,0.1055558398365974,1.0,1.0,0,0,-0.0,0.6283185307179586,-95,95,thymio-11
155,1788222395.5854957,1.7372055053710938,-1.646043300628662,0.5366618876758591,82.71473929882559,1.7372055053710938,0.0788758099079132,-1.646043300628662,-0.4314710199832916,-0.7841421961784363,-0.4333727657794952,0.1055558398365974,1.0,1.0,0,0,-0.0,0.6283185307179586,-95,95,thymio-11
156,1788222396.1951206,1.7594971656799316,-1.6732877492904663,1.6885263952034857,82.6147392988256,1.7594971656799316,0.0822281017899513,-1.6732877492904663,0.0297867637127637,-0.5618081092834473,0.7999307513237,-0.2087945938110351,-0.4023009100456884,1.0,0,0,-0.0018394952216342,-0.4877034125404808,67,-80,thymio-11
157,1788222396.803064,1.7594971656799316,-1.6732877492904663,1.6885263952034857,82.5147392988256,1.7594971656799316,0.0822281017899513,-1.6732877492904663,0.0297867637127637,-0.5618081092834473,0.7999307513237,-0.2087945938110351,-0.4023009100456884,1.0,0,0,-0.0018394952216342,-0.4877034125404808,67,-80,thymio-11
158,1788222397.4069517,10000.0,10000.0,0.0,82.5147392988256,1.7594971656799316,0.0822281017899513,-1.6732877492904663,0.0297867637127637,-0.5618081092834473,0.7999307513237,-0.2087945938110351,1.0,1.0,0,0,-9.184850993605149e-18,0.6283185307179586,-95,95,thymio-11
159,1788222398.0101986,10000.0,10000.0,0.0,82.5147392988256,1.7594971656799316,0.0822281017899513,-1.6732877492904663,0.0297867637127637,-0.5618081092834473,0.7999307513237,-0.2087945938110351,1.0,1.0,0,0,-9.184850993605149e-18,0.6283185307179586,-95,95,thymio-11
160,1788222398.6134164,10000.0,10000.0,0.0,82.5147392988256,1.7594971656799316,0.0822281017899513,-1.6732877492904663,0.0297867637127637,-0.5618081092834473,0.7999307513237,-0.2087945938110351,1.0,1.0,0,0,-9.184850993605149e-18,0.6283185307179586,-95,95,thymio-11
161,1788222399.2170808,10000.0,10000.0,0.0,82.5147392988256,1.7594971656799316,0.0822281017899513,-1.6732877492904663,0.0297867637127637,-0.5618081092834473,0.7999307513237,-0.2087945938110351,1.0,1.0,0,0,-9.184850993605149e-18,0.6283185307179586,-95,95,thymio-11
162,1788222399.8207407,1.7453856468200684,-1.6617538928985596,-0.8359927420788718,82.5147392988256,1.7453856468200684,0.0807918384671211,-1.6617538928985596,0.3595874905586242,-0.4028703868389129,-0.4693564772605896,-0.6986393332481384,1.0,1.0,0,0,-0.0067824208992327,0.6283185307179586,-119,71,thymio-11
163,1788222400.4294822,1.7442861795425415,-1.6539198160171509,0.2487677746049925,82.41473929882561,1.7442861795425415,0.0815557688474655,-1.6539198160171509,-0.2224999517202377,0.5595381855964661,0.5442830920219421,0.5840948224067688,0.3194032873855397,1.0,0,0,0.0043887212765608,0.4035758392446575,-45,77,thymio-11
164,1788222401.0376806,1.7442861795425415,-1.6539198160171509,0.2487677746049925,82.31473929882561,1.7442861795425415,0.0815557688474655,-1.6539198160171509,-0.2224999517202377,0.5595381855964661,0.5442830920219421,0.5840948224067688,0.3194032873855397,1.0,0,0,0.0043887212765608,0.4035758392446575,-45,77,thymio-11
165,1788222401.6466205,1.7495487928390503,-1.6436604261398315,-2.398760250399078,82.21473929882562,1.7495487928390503,0.0813986882567405,-1.6436604261398315,0.7621751427650452,-0.3870180249214172,0.248688593506813,0.4554778933525085,1.0,0.3886011064038988,0,0,-0.004891223231896,0.004458276591253,-18,-17,thymio-11
166,1788222402.2553265,1.749758005142212,-1.6431090831756592,0.8766668499512491,82.11473929882563,1.749758005142212,0.0813689306378364,-1.6431090831756592,0.0002153299574274,0.7448853850364685,0.5899420976638794,0.3116314113140106,-0.3889114829576049,1.0,0,0,-0.0052294652875298,-0.6283185307179586,76,-113,thymio-11
167,1788222402.8631225,1.749758005142212,-1.6431090831756592,0.8766668499512491,82.01473929882563,1.749758005142212,0.0813689306378364,-1.6431090831756592,0.0002153299574274,0.7448853850364685,0.5899420976638794,0.3116314113140106,-0.3889114829576049,1.0,0,0,-0.0052294652875298,-0.6283185307179586,76,-113,thymio-11
168,1788222403.4713242,1.7541875839233398,-1.6423871517181396,0.8796458320921854,81.91473929882564,1.7541875839233398,0.0812531113624572,-1.6423871517181396,0.0119441011920571,0.7501333355903625,0.5892040133476257,0.2999935150146484,-0.3749631232344848,1.0,0,0,0.0073807549887204,0.1812955070352294,-1,54,thymio-11
169,1788222404.078946,1.7535430192947388,-1.6455625295639038,-2.895968003552169,81.81473929882564,1.7535430192947388,0.08145322650671,-1.6455625295639038,0.6793007850646973,-0.4807684123516083,0.4138739109039306,0.3689452111721039,1.0,0.5478507757662119,0,0,-0.0049258822085027,-0.6283185307179586,77,-112,thymio-11
170,1788222404.6870344,1.7535430192947388,-1.6455625295639038,-2.895968003552169,81.71473929882565,1.7535430192947388,0.08145322650671,-1.6455625295639038,0.6793007850646973,-0.4807684123516083,0.4138739109039306,0.3689452111721039,1.0,0.5478507757662119,0,0,-0.0049258822085027,-0.6283185307179586,77,-112,thymio-11
171,1788222405.295169,1.7502449750900269,-1.6498117446899414,0.3248731399996378,81.61473929882565,1.7502449750900269,0.0816069021821022,-1.6498117446899414,0.2076220065355301,-0.5730119347572327,-0.5499444007873535,-0.5710617899894714,0.6021936127200904,1.0,0,0,0.0046365398255077,0.6283185307179586,-78,111,thymio-11
172,1788222405.9029765,1.7524964809417725,-1.652368426322937,-0.5597492750593434,81.51473929882566,1.7524964809417725,0.0806082934141159,-1.652368426322937,-0.3302662968635559,0.4300906658172607,0.5052918195724487,0.6712871789932251,1.0,1.0,0,0,0.0024010196306915,0.047756923406379,1,16,thymio-11
173,1788222406.5105813,1.7519240379333496,-1.653331637382507,-0.4986609477158819,81.41473929882567,1.7519240379333496,0.0806751996278762,-1.653331637382507,-0.3182498514652252,0.4614316821098327,0.4939850866794586,0.664662778377533,1.0,1.0,0,0,0.0036595507413854,-0.2068730024125225,44,-18,thymio-11
174,1788222407.1188247,1.7519240379333496,-1.653331637382507,-0.4986609477158819,81.31473929882567,1.7519240379333496,0.0806751996278762,-1.653331637382507,-0.3182498514652252,0.4614316821098327,0.4939850866794586,0.664662778377533,1.0,1.0,0,0,7.064993118714715e-05,0.4465421261045128,-67,68,thymio-11
175,1788222407.7265036,1.7505193948745728,-1.65362286567688,0.0215435818844818,81.21473929882568,1.7505193948745728,0.0809046700596809,-1.65362286567688,0.2614254057407379,-0.5298024415969849,-0.5227835178375244,-0.6145433783531189,0.64867272228916,1.0,0,0,0.0020091608109249,0.4036602262175954,-54,68,thymio-11
176,1788222408.334941,1.749321222305298,-1.6539244651794434,0.3032702780372291,81.11473929882568,1.749321222305298,0.0816022679209709,-1.6539244651794434,0.206193208694458,-0.5692786574363708,-0.5506436824798584,-0.5746283531188965,0.6302929795596119,1.0,0,0,0.0024433524580257,0.0981687517964349,-6,24,thymio-11
177,1788222408.9427483,1.749321222305298,-1.6539244651794434,0.3032702780372291,81.01473929882569,1.749321222305298,0.0816022679209709,-1.6539244651794434,0.206193208694458,-0.5692786574363708,-0.5506436824798584,-0.5746283531188965,0.6302929795596119,1.0,0,0,0.0024433524580257,0.0981687517964349,-6,24,thymio-11
178,1788222409.5519736,1.7497382164001465,-1.6524778604507446,-2.6883808296698426,80.9147392988257,1.7497382164001465,0.0811373367905616,-1.6524778604507446,0.6914329528808594,-0.4558705687522888,0.3921022415161133,0.4004479348659515,1.0,0.5791541595257186,0,0,-0.0064033679124322,-0.6283185307179586,72,-118,thymio-11
179,1788222410.1606183,1.747148513793945,-1.652698993682861,0.7663836949244822,80.8147392988257,1.747148513793945,0.0819353833794593,-1.652698993682861,0.1059027984738349,-0.6876001954078674,-0.5683964490890503,-0.4392221868038177,0.4996878676124161,1.0,0,0,0.0087499338043709,0.6283185307179586,-64,126,thymio-11
180,1788222410.7681158,1.747148513793945,-1.652698993682861,0.7663836949244822,80.7147392988257,1.747148513793945,0.0819353833794593,-1.652698993682861,0.1059027984738349,-0.6876001954078674,-0.5683964490890503,-0.4392221868038177,0.4996878676124161,1.0,0,0,0.0119589706904675,0.6283185307179586,-52,137,thymio-11
181,1788222411.3762505,1.7483147382736206,-1.653265118598938,0.4681100971567975,80.61473929882571,1.7483147382736206,0.0813337117433548,-1.653265118598938,-0.1804658323526382,0.6050248146057129,0.5537068247795105,0.5429419279098511,0.4455004495549619,1.0,0,0,0.0084225982991024,0.6283185307179586,-65,125,thymio-11
182,1788222411.984065,1.7432242631912231,-1.6543772220611572,0.8727831836449855,80.51473929882572,1.7432242631912231,0.0807493925094604,-1.6543772220611572,-0.0159786343574523,-0.7534505128860474,-0.5837134718894958,-0.302217960357666,0.3729131181676013,1.0,0,0,0.0083876302728692,0.4788250034785509,-43,102,thymio-11
183,1788222412.5926988,1.7416274547576904,-1.6510511636734009,0.8979061310478453,80.41473929882572,1.7416274547576904,0.0818094238638877,-1.6510511636734009,-0.1718181818723678,-0.8048335313796997,-0.5579202771186829,-0.1069884896278381,-0.3751823556671391,1.0,0,0,0.0072966389592834,0.3121504864713431,-21,73,thymio-11
184,1788222413.200341,1.7416274547576904,-1.6510511636734009,0.8979061310478453,80.31473929882573,1.7416274547576904,0.0818094238638877,-1.6510511636734009,-0.1718181818723678,-0.8048335313796997,-0.5579202771186829,-0.1069884896278381,-0.3751823556671391,1.0,0,0,0.0072966389592834,0.3121504864713431,-21,73,thymio-11
185,1788222413.8081398,1.740938663482666,-1.649168848991394,0.8913391603396148,80.21473929882573,1.740938663482666,0.0821835845708847,-1.649168848991394,-0.2265437543392181,-0.8121024370193481,-0.5372158288955688,-0.0238067731261253,-0.3817581806170397,1.0,0,0,0.0063382266079155,0.2416171718851716,-14,59,thymio-11
186,1788222414.416645,1.740938663482666,-1.649168848991394,0.8913391603396148,80.11473929882574,1.740938663482666,0.0821835845708847,-1.649168848991394,-0.2265437543392181,-0.8121024370193481,-0.5372158288955688,-0.0238067731261253,-0.396293474113245,1.0,0,0,0.0037514134676191,0.0250544898640201,10,17,thymio-11
187,1788222415.020017,10000.0,10000.0,0.0,80.11473929882574,1.740938663482666,0.0821835845708847,-1.649168848991394,-0.2265437543392181,-0.8121024370193481,-0.5372158288955688,-0.0238067731261253,1.0,1.0,0,0,-9.184850993605149e-18,0.6283185307179586,-95,95,thymio-11
188,1788222415.6230023,1.1348751783370972,-1.7149900197982788,-1.4170745977276922,80.11473929882574,1.1348751783370972,0.0839513167738914,-1.7149900197982788,-0.542451798915863,-0.2362183481454849,0.0833396911621093,0.8018737435340881,1.0,-0.1674192470582634,0,0,-0.0,-0.6283185307179586,95,-95,thymio-11
189,1788222416.2265916,1.7401875257492063,-1.644736886024475,-2.589625549362206,80.11473929882574,1.7401875257492063,0.080844834446907,-1.644736886024475,0.6211140155792236,0.1570807099342346,-0.5161580443382263,0.5684398412704468,1.0,0.3307657085400184,0,0,-0.0065495560065139,-0.6185925380520426,70,-117,thymio-11
190,1788222416.8347597,1.7401875257492063,-1.644736886024475,-2.589625549362206,80.01473929882575,1.7401875257492063,0.080844834446907,-1.644736886024475,0.6211140155792236,0.1570807099342346,-0.5161580443382263,0.5684398412704468,1.0,0.3307657085400184,0,0,-0.0065495560065139,-0.6185925380520426,70,-117,thymio-11
191,1788222417.4438105,1.738033652305603,-1.6408718824386597,-2.38201401881589,79.91473929882575,1.738033652305603,0.0813052803277969,-1.6408718824386597,0.6897268295288086,0.0575543083250522,-0.4045597910881042,0.5977423191070557,1.0,1.0,0,0,-0.0044230445048281,-0.2396465178359542,20,-52,thymio-11
192,1788222418.0518816,1.7342557907104492,-1.6405245065689087,0.8851650336638777,79.81473929882576,1.7342557907104492,0.0820636302232742,-1.6405245065689087,0.2025671154260635,0.8103389739990234,0.5452713370323181,0.0706861615180969,-0.3951317674306538,1.0,0,0,0.0018195802153373,-0.0534451755146055,15,-2,thymio-11
193,1788222418.659347,1.7342557907104492,-1.6405245065689087,0.8851650336638777,79.71473929882576,1.7342557907104492,0.0820636302232742,-1.6405245065689087,0.2025671154260635,0.8103389739990234,0.5452713370323181,0.0706861615180969,-0.3951317674306538,1.0,0,0,0.0018195802153373,-0.0534451755146055,15,-2,thymio-11
194,1788222419.2677045,1.7331722974777222,-1.6414016485214231,0.9033178279964202,79.61473929882577,1.7331722974777222,0.0818590894341468,-1.6414016485214231,0.1546661704778671,0.8028146028518677,0.5616634488105774,0.1268908977508545,-0.3789763206042642,1.0,0,0,0.0084983826659275,0.3001816449082324,-15,76,thymio-11
195,1788222419.8759985,1.7293514013290403,-1.6408305168151855,0.9037190702028202,79.51473929882577,1.7293514013290403,0.0819005817174911,-1.6408305168151855,0.140357106924057,0.7999802231788635,0.564793586730957,0.1460814625024795,1.0,1.0,0,0,0.0001970984894311,-0.2813913380884217,43,-42,thymio-11
196,1788222420.4844236,1.7255293130874634,-1.6390937566757202,0.8931199449413363,79.41473929882578,1.7255293130874634,0.082071915268898,-1.6390937566757202,0.1711786836385727,0.8054011464118958,0.556302547454834,0.112045869231224,1.0,1.0,0,0,-0.0011014808267261,-0.3992711337397403,56,-64,thymio-11
197,1788222421.093236,1.7255293130874634,-1.6390937566757202,0.8931199449413363,79.31473929882578,1.7255293130874634,0.082071915268898,-1.6390937566757202,0.1711786836385727,0.8054011464118958,0.556302547454834,0.112045869231224,1.0,1.0,0,0,0.0062338574446559,0.2569443912858383,-17,61,thymio-11
1,1788308704.9183488,10000.0,10000.0,0.0,100.0,0.1457223445177078,0.0878249853849411,-1.479652762413025,-0.6837942004203796,-0.1537473946809768,0.0718734562397003,0.7096629738807678,1.0,1.0,0,0,-9.184850993605149e-18,0.6283185307179586,-95,95,thymio-01
2,1788308705.521885,2.8499302864074707,-0.467054158449173,-1.1608960745141932,100.0,2.8499302864074707,0.0724508017301559,-0.467054158449173,0.6161116361618042,0.4534474313259125,0.1526244282722473,-0.6256977915763855,-0.6318902724378318,-0.6113096360678147,0,0,-0.1619304431510093,-0.6283185307179586,-480,-500,thymio-01
3,1788308706.1307032,2.859142541885376,-0.4753977358341217,-1.312542335119695,99.9,2.859142541885376,0.0722375214099884,-0.4753977358341217,0.6345067620277405,0.3302375376224518,0.0343356914818286,-0.6979723572731018,1.0,-0.6843029306551192,0,0,0.1258204437532842,-0.6283185307179586,500,352,thymio-01
4,1788308706.7401502,2.859142541885376,-0.4753977358341217,-1.312542335119695,99.8,2.859142541885376,0.0722375214099884,-0.4753977358341217,0.6345067620277405,0.3302375376224518,0.0343356914818286,-0.6979723572731018,1.0,-0.6843029306551192,0,0,0.031455110938321,-0.6283185307179586,207,17,thymio-01
5,1788308707.347899,2.843269109725952,-0.5128291845321655,-1.3073892775834053,99.69525476461432,2.843269109725952,0.0723867416381836,-0.5128291845321655,0.636346161365509,0.3324306011199951,0.0348320826888084,-0.695226788520813,-0.6012973930865798,-0.8015834341556158,3889,0,-0.08,-0.6283185307179586,-189,-379,thymio-01
6,1788308707.9557626,2.84777569770813,-0.4629837870597839,-1.2171938686529886,99.59525476461432,2.84777569770813,0.0723769292235374,-0.4629837870597839,0.6230939030647278,0.4240026772022247,0.1272894144058227,-0.644804835319519,-0.6514879178374601,-0.8406892586160444,1948,0,2.1459018175068457e-05,-0.6283185307179586,95,-95,thymio-01
7,1788308708.5639694,2.840404748916626,-0.4934846758842468,-0.5213824338944528,99.49525476461432,2.840404748916626,0.072188600897789,-0.4934846758842468,0.5596513152122498,0.5897354483604431,0.2987143397331238,-0.4997723698616028,-0.6196687897469793,1.0,0,0,0.0101531271389322,-0.6283185307179586,131,-59,thymio-01
8,1788308709.172044,2.840404748916626,-0.4934846758842468,-0.5213824338944528,99.39525476461434,2.840404748916626,0.072188600897789,-0.4934846758842468,0.5596513152122498,0.5897354483604431,0.2987143397331238,-0.4997723698616028,-0.6196687897469793,1.0,0,0,-0.0101531271389322,-0.6283185307179586,59,-131,thymio-01
9,1788308709.7796774,2.821850299835205,-0.4933909475803375,0.5181327512050649,99.29525476461434,2.821850299835205,0.0731183588504791,-0.4933909475803375,0.4788688719272613,0.6860304474830627,0.4294109940528869,-0.3400781154632568,-0.810617212724064,1.0,0,0,-0.0060659402424631,-0.6283185307179586,73,-116,thymio-01
10,1788308710.3876965,2.813603162765503,-0.5066847205162048,0.917192432074545,99.19525476461436,2.813603162765503,0.0724063515663147,-0.5066847205162048,0.331578254699707,0.7597631812095642,0.5479850769042969,-0.111929103732109,-0.8179994942491727,1.0,0,0,-0.0045821016559162,0.6283185307179586,-111,79,thymio-01
11,1788308710.9957647,2.813603162765503,-0.5066847205162048,0.917192432074545,99.09525476461437,2.813603162765503,0.0724063515663147,-0.5066847205162048,0.331578254699707,0.7597631812095642,0.5479850769042969,-0.111929103732109,-0.8179994942491727,1.0,0,0,-0.0045821016559162,0.6283185307179586,-111,79,thymio-01
12,1788308711.6045392,2.813849449157715,-0.5146113634109497,0.9769695057037024,98.99525476461436,2.813849449157715,0.072167657315731,-0.5146113634109497,0.2437610179185867,0.7711371779441833,0.5881433486938477,0.0039425110444426,-0.8186261909493636,1.0,1951,0,-0.0044561356191779,0.6283185307179586,-111,79,thymio-01
13,1788308712.211705,2.8272175788879395,-0.4989267885684967,0.8286683023483619,98.89525476461436,2.8272175788879395,0.0725165531039238,-0.4989267885684967,0.3944369554519653,0.7396009564399719,0.5048350095748901,-0.2062806040048599,-0.8236942328469502,1.0,0,0,-0.003437459197763,-0.6283185307179586,83,-107,thymio-01
14,1788308712.820548,2.8272175788879395,-0.4989267885684967,0.8286683023483619,98.79525476461436,2.8272175788879395,0.0725165531039238,-0.4989267885684967,0.3944369554519653,0.7396009564399719,0.5048350095748901,-0.2062806040048599,-0.8236942328469502,1.0,0,0,-0.003437459197763,-0.6283185307179586,83,-107,thymio-01
15,1788308713.428629,2.8461291790008545,-0.4928131103515625,0.2826419889659375,98.69525476461438,2.8461291790008545,0.072392538189888,-0.4928131103515625,0.5048763751983643,0.661742627620697,0.3917905986309051,-0.3920417129993438,-0.567773309675788,1.0,0,0,-0.0060592602038522,-0.6283185307179586,73,-116,thymio-01
16,1788308714.0364912,2.832674741744995,-0.50533127784729,0.8855915405961259,98.59525476461438,2.832674741744995,0.0725234895944595,-0.50533127784729,0.3601198196411133,0.7520303726196289,0.5299220681190491,-0.1547471135854721,-0.8118748949632206,1.0,0,0,-0.0058131461123926,-0.6283185307179586,74,-116,thymio-01
17,1788308714.6444292,2.8314151763916016,-0.5198728442192078,0.9911563791716363,98.4952547646144,2.8314151763916016,0.072077140212059,-0.5198728442192078,0.2069462388753891,0.7702381610870361,0.6012584567070007,0.048936977982521,-0.8052427444358747,1.0,0,0,-0.0071462083683891,0.6283185307179586,-120,69,thymio-01
18,1788308715.2517855,2.8314151763916016,-0.5198728442192078,0.9911563791716363,98.3952547646144,2.8314151763916016,0.072077140212059,-0.5198728442192078,0.2069462388753891,0.7702381610870361,0.6012584567070007,0.048936977982521,-0.8052427444358747,1.0,0,0,-0.0071462083683891,0.6283185307179586,-120,69,thymio-01
19,1788308715.8599448,2.836606740951538,-0.5213596820831299,1.006199368072103,98.2952547646144,2.836606740951538,0.0718800351023674,-0.5213596820831299,0.1447758227586746,0.7645789980888367,0.6164608597755432,0.1201461404561996,-0.7912216002659691,1.0,0,0,-0.0099644583465402,0.6283185307179586,-130,59,thymio-01
20,1788308716.4673746,2.8456294536590576,-0.5025153756141663,0.9460208248758324,98.1952547646144,2.8456294536590576,0.0721742063760757,-0.5025153756141663,0.2966220080852508,0.765541672706604,0.5674682259559631,-0.062778502702713,-0.782994192834471,1.0,0,0,-0.0116181672402713,0.6283185307179586,-136,54,thymio-01
21,1788308717.0758958,2.860799551010132,-0.4912467896938324,0.7893661094022701,98.0952547646144,2.860799551010132,0.0721526741981506,-0.4912467896938324,0.4111394584178924,0.7322415113449097,0.4941188991069793,-0.225018173456192,-0.7634049197173801,1.0,0,0,-0.0155556111368065,-0.6283185307179586,40,-150,thymio-01
22,1788308717.6833782,2.860799551010132,-0.4912467896938324,0.7893661094022701,97.99525476461442,2.860799551010132,0.0721526741981506,-0.4912467896938324,0.4111394584178924,0.7322415113449097,0.4941188991069793,-0.225018173456192,-0.7634049197173801,1.0,0,0,-0.0155556111368065,-0.6283185307179586,40,-150,thymio-01
23,1788308718.2914567,2.883556365966797,-0.4905974864959717,0.2842197025166455,97.89525476461442,2.883556365966797,0.0722189545631408,-0.4905974864959717,0.5050730109214783,0.6623955368995667,0.3917878866195678,-0.3906861543655395,-0.6650934830651372,1.0,0,0,-0.0226300267616162,-0.6283185307179586,14,-175,thymio-01
24,1788308718.9010875,2.8820390701293945,-0.5026565790176392,0.8014031360667957,97.79525476461444,2.8820390701293945,0.0721717700362205,-0.5026565790176392,0.406200110912323,0.7347936034202576,0.4963250458240509,-0.2207743227481842,-0.7158824749937308,1.0,0,0,-0.0251076225262601,0.6283185307179586,-184,6,thymio-01
25,1788308719.509492,2.8978004455566406,-0.5129875540733337,0.961528822209864,97.69525476461445,2.8978004455566406,0.0713628679513931,-0.5129875540733337,0.2743882536888122,0.7693697214126587,0.5757837891578674,-0.0354172065854072,-0.7038582277174725,1.0,0,0,-0.027524496228788,0.6283185307179586,-193,-3,thymio-01
26,1788308720.1187844,2.913663387298584,-0.5037624835968018,0.9070216715453174,97.59525476461444,2.913663387298584,0.0716280341148376,-0.5037624835968018,0.3419706523418426,0.7567744851112366,0.5424410700798035,-0.1269105672836303,-0.6961762279472691,1.0,0,0,-0.0290685781825989,0.6283185307179586,-198,-8,thymio-01
27,1788308720.726146,2.913663387298584,-0.5037624835968018,0.9070216715453174,97.49525476461444,2.913663387298584,0.0716280341148376,-0.5037624835968018,0.3419706523418426,0.7567744851112366,0.5424410700798035,-0.1269105672836303,-0.6961762279472691,1.0,0,0,-0.0290685781825989,0.6283185307179586,-198,-8,thymio-01
28,1788308721.3341684,2.942921638488769,-0.498355895280838,0.699472401134746,97.39525476461444,2.942921638488769,0.0709809809923172,-0.498355895280838,0.4400582015514374,0.717066764831543,0.4615629613399505,-0.2812893688678741,-0.6745507881255683,1.0,0,0,-0.0296686476807876,0.6283185307179586,-200,-11,thymio-01
29,1788308721.9435763,2.995391130447388,-0.5211530327796936,-0.7127124152181072,97.29525476461446,2.995391130447388,0.0714313760399818,-0.5211530327796936,0.5662264823913574,0.5697309970855713,0.2643853425979614,-0.5337551236152649,-0.7304923619907775,1.0,0,0,-0.0221710352398537,0.6283185307179586,-174,16,thymio-01
30,1788308722.5520003,2.995391130447388,-0.5211530327796936,-0.7127124152181072,97.19525476461446,2.995391130447388,0.0714313760399818,-0.5211530327796936,0.5662264823913574,0.5697309970855713,0.2643853425979614,-0.5337551236152649,-0.7304923619907775,1.0,0,0,-0.0221710352398537,0.6283185307179586,-174,16,thymio-01
31,1788308723.160728,3.01892638206482,-0.5613075494766235,-1.2686189784623956,97.09525476461448,3.01892638206482,0.0706569924950599,-0.5613075494766235,0.6278432011604309,0.3838379681110382,0.0856969654560089,-0.6716676950454712,-0.75477175703121,-0.5796367357415764,0,0,-0.0172908768367267,-0.6283185307179586,33,-156,thymio-01
32,1788308723.7686856,3.017629146575928,-0.6042528748512268,-1.3764999967551017,96.99525476461449,3.017629146575928,0.0701406002044677,-0.6042528748512268,0.6289343237876892,0.1509314775466919,-0.119716465473175,-0.7532126903533936,-0.7499071463778789,-0.5482939794202248,0,0,-0.0182686635780463,-0.6283185307179586,30,-160,thymio-01
33,1788308724.3769455,3.017629146575928,-0.6042528748512268,-1.3764999967551017,96.89525476461448,3.017629146575928,0.0701406002044677,-0.6042528748512268,0.6289343237876892,0.1509314775466919,-0.119716465473175,-0.7532126903533936,-0.7499071463778789,-0.5482939794202248,0,0,-0.0182686635780463,-0.6283185307179586,30,-160,thymio-01
34,1788308724.9843905,3.006873607635498,-0.6081456542015076,-1.363608208032018,96.79525476461448,3.006873607635498,0.0703057795763015,-0.6081456542015076,0.6321327686309814,0.2165143489837646,-0.0665322467684745,-0.7410149574279785,-0.7106367735915764,-0.5414950890142451,0,0,-0.0261620085080931,-0.6283185307179586,2,-188,thymio-01
35,1788308725.592584,2.984755039215088,-0.6134480834007263,-1.0654699113254456,96.69525476461448,2.984755039215088,0.070801205933094,-0.6134480834007263,0.582930326461792,0.5009231567382812,0.1885265409946441,-0.6113314628601074,-0.5958976322352241,-0.0938351427600366,0,0,-0.0492245759207199,-0.6283185307179586,-80,-270,thymio-01
36,1788308726.200919,2.978766679763794,-0.6331906914710999,-0.092544179277668,96.5952547646145,2.978766679763794,0.0704412013292312,-0.6331906914710999,0.5315670967102051,0.6291084289550781,0.3478233814239502,-0.4479708969593048,-0.5634750281888203,1.0,0,0,-0.05,-0.6283185307179586,-83,-273,thymio-01
37,1788308726.809137,2.978766679763794,-0.6331906914710999,-0.092544179277668,96.4952547646145,2.978766679763794,0.0704412013292312,-0.6331906914710999,0.5315670967102051,0.6291084289550781,0.3478233814239502,-0.4479708969593048,-0.5634750281888203,1.0,0,0,-0.05,-0.6283185307179586,-83,-273,thymio-01
38,1788308727.418843,2.995060443878174,-0.6589990258216858,0.6644672036938406,96.3952547646145,2.995060443878174,0.069605566561222,-0.6589990258216858,0.4478550255298614,0.7107926607131958,0.4495070874691009,-0.3035508394241333,-0.5497378160268982,1.0,0,0,-0.05,0.6283185307179586,-273,-83,thymio-01
39,1788308728.026627,3.0426204204559326,-0.6819641590118408,0.9456491904293848,96.29525476461453,3.0426204204559326,0.0696089342236518,-0.6819641590118408,0.3003580272197723,0.7688048481941223,0.5597865581512451,-0.0732335001230239,-0.5167714382311177,1.0,0,0,-0.05,0.6283185307179586,-273,-83,thymio-01
40,1788308728.6340995,3.0426204204559326,-0.6819641590118408,0.9456491904293848,96.19525476461452,3.0426204204559326,0.0696089342236518,-0.6819641590118408,0.3003580272197723,0.7688048481941223,0.5597865581512451,-0.0732335001230239,-0.5167714382311177,1.0,0,0,-0.05,0.6283185307179586,-273,-83,thymio-01
41,1788308729.2421343,3.0870625972747803,-0.6720942258834839,0.8170868962097,96.09525476461452,3.0870625972747803,0.0698025599122047,-0.6720942258834839,0.4010367095470428,0.7363044619560242,0.4978978633880615,-0.2216371297836303,-0.4978738705995503,1.0,0,0,-0.0484893011117173,0.6283185307179586,-267,-77,thymio-01
42,1788308729.8510342,3.154113531112671,-0.6914111375808716,0.0057226270520045,95.99525476461451,3.154113531112671,0.0693485662341117,-0.6914111375808716,0.5219610929489136,0.6387085318565369,0.3555928170681,-0.4395018219947815,-0.7249588379560689,1.0,0,0,-0.0232832735708301,0.6283185307179586,-178,12,thymio-01
43,1788308730.458462,3.1980671882629395,-0.7424296140670776,-1.1204568973644289,95.89525476461452,3.1980671882629395,0.0693223178386688,-0.7424296140670776,0.6063617467880249,0.4757826924324035,0.1807038336992263,-0.610984742641449,1.0,-0.0326669933505627,0,0,-0.017076931434825,-0.6283185307179586,34,-156,thymio-01
44,1788308731.0664356,3.1980671882629395,-0.7424296140670776,-1.1204568973644289,95.79525476461454,3.1980671882629395,0.0693223178386688,-0.7424296140670776,0.6063617467880249,0.4757826924324035,0.1807038336992263,-0.610984742641449,1.0,-0.0326669933505627,0,0,-0.0683077257393003,-0.6283185307179586,-148,-338,thymio-01
45,1788308731.674603,3.2029995918273926,-0.7534721493721008,-1.1933140354445353,95.69525476461456,3.2029995918273926,0.0706223398447036,-0.7534721493721008,0.6062927842140198,0.4360009133815765,0.1181356608867645,-0.6544893383979797,1.0,-0.4606118398994163,0,0,-0.0730125066446809,-0.6283185307179586,-165,-354,thymio-01
46,1788308732.2825203,3.1979360580444336,-0.7930619120597839,-0.977646643561178,95.59525476461457,3.1979360580444336,0.069159060716629,-0.7930619120597839,0.5807424187660217,0.5232107639312744,0.2169063091278076,-0.5847567915916443,1.0,-0.464317147386912,0,0,-0.0809145139661449,-0.6283185307179586,-193,-382,thymio-01
47,1788308732.8908298,3.1979360580444336,-0.7930619120597839,-0.977646643561178,95.49525476461456,3.1979360580444336,0.069159060716629,-0.7930619120597839,0.5807424187660217,0.5232107639312744,0.2169063091278076,-0.5847567915916443,1.0,-0.464317147386912,0,0,-0.0809145139661449,-0.6283185307179586,-193,-382,thymio-01
48,1788308733.4986644,3.2242250442504883,-0.8611946702003479,0.1451248721484708,95.39525476461456,3.2242250442504883,0.0669676512479782,-0.8611946702003479,0.5176527500152588,0.6628521084785461,0.3587095737457275,-0.4049571454524994,-0.7282551542549005,1.0,0,0,-0.0904828559790599,0.6283185307179586,-416,-227,thymio-01
49,1788308734.1074064,3.2329912185668945,-0.8715237975120544,0.3067764204635366,95.29525476461455,3.2329912185668945,0.0669387578964233,-0.8715237975120544,0.5022652745246887,0.6783908605575562,0.3815569877624511,-0.376735657453537,-0.727398057643103,1.0,0,0,-0.0911719616549451,0.6283185307179586,-419,-229,thymio-01
50,1788308734.7165606,3.2329912185668945,-0.8715237975120544,0.3067764204635366,95.19525476461456,3.2329912185668945,0.0669387578964233,-0.8715237975120544,0.5022652745246887,0.6783908605575562,0.3815569877624511,-0.376735657453537,-0.727398057643103,1.0,0,0,-0.0227929904137362,0.6283185307179586,-176,14,thymio-01
51,1788308735.3215585,10000.0,10000.0,0.0,95.19525476461456,3.2329912185668945,0.0669387578964233,-0.8715237975120544,0.5022652745246887,0.6783908605575562,0.3815569877624511,-0.376735657453537,1.0,1.0,0,0,-0.03,0.6283185307179586,-201,-12,thymio-01
52,1788308735.9250183,10000.0,10000.0,0.0,95.19525476461456,3.2329912185668945,0.0669387578964233,-0.8715237975120544,0.5022652745246887,0.6783908605575562,0.3815569877624511,-0.376735657453537,1.0,1.0,0,0,-0.03,0.6283185307179586,-201,-12,thymio-01
53,1788308736.5282211,10000.0,10000.0,0.0,95.19525476461456,3.2329912185668945,0.0669387578964233,-0.8715237975120544,0.5022652745246887,0.6783908605575562,0.3815569877624511,-0.376735657453537,1.0,1.0,0,0,-0.03,0.6283185307179586,-201,-12,thymio-01
54,1788308737.131143,10000.0,10000.0,0.0,95.19525476461456,3.2329912185668945,0.0669387578964233,-0.8715237975120544,0.5022652745246887,0.6783908605575562,0.3815569877624511,-0.376735657453537,1.0,1.0,0,0,-9.184850993605149e-18,0.6283185307179586,-95,95,thymio-01
55,1788308737.7343462,10000.0,10000.0,0.0,95.19525476461456,3.2329912185668945,0.0669387578964233,-0.8715237975120544,0.5022652745246887,0.6783908605575562,0.3815569877624511,-0.376735657453537,1.0,1.0,0,0,-9.184850993605149e-18,0.6283185307179586,-95,95,thymio-01
56,1788308738.338496,10000.0,10000.0,0.0,95.19525476461456,3.2329912185668945,0.0669387578964233,-0.8715237975120544,0.5022652745246887,0.6783908605575562,0.3815569877624511,-0.376735657453537,1.0,1.0,0,0,-9.184850993605149e-18,0.6283185307179586,-95,95,thymio-01
57,1788308738.9425423,10000.0,10000.0,0.0,95.19525476461456,3.2329912185668945,0.0669387578964233,-0.8715237975120544,0.5022652745246887,0.6783908605575562,0.3815569877624511,-0.376735657453537,1.0,1.0,0,0,-9.184850993605149e-18,0.6283185307179586,-95,95,thymio-01
58,1788308739.5462143,10000.0,10000.0,0.0,95.19525476461456,3.2329912185668945,0.0669387578964233,-0.8715237975120544,0.5022652745246887,0.6783908605575562,0.3815569877624511,-0.376735657453537,1.0,1.0,0,0,-9.184850993605149e-18,0.6283185307179586,-95,95,thymio-01
59,1788308740.149675,1.3475291728973389,-1.2211049795150757,-2.199496927977412,95.19525476461456,1.3475291728973389,0.0542253740131855,-1.2211049795150757,0.9723485112190248,-0.2188184708356857,-0.0794499814510345,-0.0185638088732957,1.0,-0.293752552356438,0,0,0.0,0.6283185307179586,-95,95,thymio-01
60,1788308740.7572608,1.3475291728973389,-1.2211049795150757,-2.199496927977412,95.09525476461458,1.3475291728973389,0.0542253740131855,-1.2211049795150757,0.9723485112190248,-0.2188184708356857,-0.0794499814510345,-0.0185638088732957,1.0,-0.293752552356438,0,0,0.0,0.6283185307179586,-95,95,thymio-01
61,1788308741.3615162,10000.0,10000.0,0.0,95.09525476461458,1.3475291728973389,0.0542253740131855,-1.2211049795150757,0.9723485112190248,-0.2188184708356857,-0.0794499814510345,-0.0185638088732957,1.0,1.0,0,0,-9.184850993605149e-18,0.6283185307179586,-95,95,thymio-01
62,1788308741.9653811,10000.0,10000.0,0.0,95.09525476461458,1.3475291728973389,0.0542253740131855,-1.2211049795150757,0.9723485112190248,-0.2188184708356857,-0.0794499814510345,-0.0185638088732957,1.0,1.0,0,0,-9.184850993605149e-18,0.6283185307179586,-95,95,thymio-01
63,1788308742.5687747,10000.0,10000.0,0.0,95.09525476461458,1.3475291728973389,0.0542253740131855,-1.2211049795150757,0.9723485112190248,-0.2188184708356857,-0.0794499814510345,-0.0185638088732957,1.0,1.0,0,0,-9.184850993605149e-18,0.6283185307179586,-95,95,thymio-01
64,1788308743.171739,10000.0,10000.0,0.0,95.09525476461458,1.3475291728973389,0.0542253740131855,-1.2211049795150757,0.9723485112190248,-0.2188184708356857,-0.0794499814510345,-0.0185638088732957,1.0,1.0,0,0,-9.184850993605149e-18,0.6283185307179586,-95,95,thymio-01
65,1788308743.7756991,10000.0,10000.0,0.0,95.09525476461458,1.3475291728973389,0.0542253740131855,-1.2211049795150757,0.9723485112190248,-0.2188184708356857,-0.0794499814510345,-0.0185638088732957,1.0,1.0,0,0,-9.184850993605149e-18,0.6283185307179586,-95,95,thymio-01
66,1788308744.3793433,10000.0,10000.0,0.0,95.09525476461458,1.3475291728973389,0.0542253740131855,-1.2211049795150757,0.9723485112190248,-0.2188184708356857,-0.0794499814510345,-0.0185638088732957,1.0,1.0,0,0,-9.184850993605149e-18,0.6283185307179586,-95,95,thymio-01
67,1788308744.9825644,10000.0,10000.0,0.0,95.09525476461458,1.3475291728973389,0.0542253740131855,-1.2211049795150757,0.9723485112190248,-0.2188184708356857,-0.0794499814510345,-0.0185638088732957,1.0,1.0,0,0,-9.184850993605149e-18,0.6283185307179586,-95,95,thymio-01
68,1788308745.585943,1.3726913928985596,-1.3158249855041504,0.9879555574778198,95.09525476461458,1.3726913928985596,0.0854705274105072,-1.3158249855041504,0.1526250094175338,0.7844790816307068,0.5879567265510559,0.1249208003282547,-0.061255083272745,-0.9839859409931078,0,0,0.0,0.6283185307179586,-95,95,thymio-01
69,1788308746.1935294,1.4125386476516724,-1.3267699480056765,-2.077734230512248,94.9952547646146,1.4125386476516724,0.0508878231048584,-1.3267699480056765,-0.9689112901687622,0.1725354194641113,0.0865686014294624,0.1547524183988571,1.0,0.0191122206194205,0,0,0.0,0.6283185307179586,-95,95,thymio-01
70,1788308746.8018486,1.4125386476516724,-1.3267699480056765,-2.077734230512248,94.8952547646146,1.4125386476516724,0.0508878231048584,-1.3267699480056765,-0.9689112901687622,0.1725354194641113,0.0865686014294624,0.1547524183988571,1.0,0.0191122206194205,0,0,0.0,-0.6283185307179586,95,-95,thymio-01
71,1788308747.4056776,10000.0,10000.0,0.0,94.8952547646146,1.4125386476516724,0.0508878231048584,-1.3267699480056765,-0.9689112901687622,0.1725354194641113,0.0865686014294624,0.1547524183988571,1.0,1.0,0,0,-9.184850993605149e-18,0.6283185307179586,-95,95,thymio-01
72,1788308748.009544,1.4180004596710205,-1.25245463848114,1.0075494390623447,94.8952547646146,1.4180004596710205,0.0817116349935531,-1.25245463848114,-0.2588841021060943,-0.7390807271003723,-0.6210275292396545,0.0326117686927318,-0.0182067566092719,-0.9786939826554896,0,0,0.0,-0.6283185307179586,95,-95,thymio-01
73,1788308748.6175632,1.4180004596710205,-1.25245463848114,1.0075494390623447,94.7952547646146,1.4180004596710205,0.0817116349935531,-1.25245463848114,-0.2588841021060943,-0.7390807271003723,-0.6210275292396545,0.0326117686927318,-0.0182067566092719,-0.9786939826554896,0,0,0.0,-0.6283185307179586,95,-95,thymio-01
74,1788308749.2215846,10000.0,10000.0,0.0,94.7952547646146,1.4180004596710205,0.0817116349935531,-1.25245463848114,-0.2588841021060943,-0.7390807271003723,-0.6210275292396545,0.0326117686927318,1.0,1.0,0,0,-9.184850993605149e-18,0.6283185307179586,-95,95,thymio-01
75,1788308749.8260098,1.364607334136963,-1.2999756336212158,-2.2050174019682407,94.7952547646146,1.364607334136963,0.0536972470581531,-1.2999756336212158,-0.9717992544174194,0.2190385907888412,0.0868332311511039,-0.0094051882624626,1.0,-0.9766989947896964,0,0,0.0,0.6283185307179586,-95,95,thymio-01
76,1788308750.4337008,1.364607334136963,-1.2999756336212158,-2.2050174019682407,94.6952547646146,1.364607334136963,0.0536972470581531,-1.2999756336212158,-0.9717992544174194,0.2190385907888412,0.0868332311511039,-0.0094051882624626,1.0,-0.0292979984813746,0,0,-0.0,0.6283185307179586,-95,95,thymio-01
77,1788308751.0369384,10000.0,10000.0,0.0,94.6952547646146,1.364607334136963,0.0536972470581531,-1.2999756336212158,-0.9717992544174194,0.2190385907888412,0.0868332311511039,-0.0094051882624626,1.0,1.0,0,0,-9.184850993605149e-18,0.6283185307179586,-95,95,thymio-01
78,1788308751.6405814,10000.0,10000.0,0.0,94.6952547646146,1.364607334136963,0.0536972470581531,-1.2999756336212158,-0.9717992544174194,0.2190385907888412,0.0868332311511039,-0.0094051882624626,1.0,1.0,0,0,-9.184850993605149e-18,0.6283185307179586,-95,95,thymio-01
79,1788308752.243837,10000.0,10000.0,0.0,94.6952547646146,1.364607334136963,0.0536972470581531,-1.2999756336212158,-0.9717992544174194,0.2190385907888412,0.0868332311511039,-0.0094051882624626,1.0,1.0,0,0,-9.184850993605149e-18,0.6283185307179586,-95,95,thymio-01
80,1788308752.846787,10000.0,10000.0,0.0,94.6952547646146,1.364607334136963,0.0536972470581531,-1.2999756336212158,-0.9717992544174194,0.2190385907888412,0.0868332311511039,-0.0094051882624626,1.0,1.0,0,0,-9.184850993605149e-18,0.6283185307179586,-95,95,thymio-01
81,1788308753.4503949,10000.0,10000.0,0.0,94.6952547646146,1.364607334136963,0.0536972470581531,-1.2999756336212158,-0.9717992544174194,0.2190385907888412,0.0868332311511039,-0.0094051882624626,1.0,1.0,0,0,-9.184850993605149e-18,0.6283185307179586,-95,95,thymio-01
82,1788308754.053776,1.3447978496551514,-1.3889707326889038,-1.9424431331174927,94.6952547646146,1.3447978496551514,0.053902581334114,-1.3889707326889038,0.9244499206542968,-0.1511768549680709,-0.2423199415206909,-0.2526242733001709,1.0,-0.9674821086409436,0,0,0.0,0.6283185307179586,-95,95,thymio-01
83,1788308754.6618216,1.3447978496551514,-1.3889707326889038,-1.9424431331174927,94.5952547646146,1.3447978496551514,0.053902581334114,-1.3889707326889038,0.9244499206542968,-0.1511768549680709,-0.2423199415206909,-0.2526242733001709,1.0,0.0698768376610916,0,0,0.0,-0.6283185307179586,95,-95,thymio-01
84,1788308755.2650754,10000.0,10000.0,0.0,94.5952547646146,1.3447978496551514,0.053902581334114,-1.3889707326889038,0.9244499206542968,-0.1511768549680709,-0.2423199415206909,-0.2526242733001709,1.0,1.0,0,0,-9.184850993605149e-18,0.6283185307179586,-95,95,thymio-01
85,1788308755.8682015,10000.0,10000.0,0.0,94.5952547646146,1.3447978496551514,0.053902581334114,-1.3889707326889038,0.9244499206542968,-0.1511768549680709,-0.2423199415206909,-0.2526242733001709,1.0,1.0,0,0,-9.184850993605149e-18,0.6283185307179586,-95,95,thymio-01
86,1788308756.4722357,10000.0,10000.0,0.0,94.5952547646146,1.3447978496551514,0.053902581334114,-1.3889707326889038,0.9244499206542968,-0.1511768549680709,-0.2423199415206909,-0.2526242733001709,1.0,1.0,0,0,-9.184850993605149e-18,0.6283185307179586,-95,95,thymio-01
87,1788308757.0753574,10000.0,10000.0,0.0,94.5952547646146,1.3447978496551514,0.053902581334114,-1.3889707326889038,0.9244499206542968,-0.1511768549680709,-0.2423199415206909,-0.2526242733001709,1.0,1.0,0,0,-9.184850993605149e-18,0.6283185307179586,-95,95,thymio-01
88,1788308757.6790943,10000.0,10000.0,0.0,94.5952547646146,1.3447978496551514,0.053902581334114,-1.3889707326889038,0.9244499206542968,-0.1511768549680709,-0.2423199415206909,-0.2526242733001709,1.0,1.0,0,0,-9.184850993605149e-18,0.6283185307179586,-95,95,thymio-01
89,1788308758.2826662,10000.0,10000.0,0.0,94.5952547646146,1.3447978496551514,0.053902581334114,-1.3889707326889038,0.9244499206542968,-0.1511768549680709,-0.2423199415206909,-0.2526242733001709,1.0,1.0,0,0,-9.184850993605149e-18,0.6283185307179586,-95,95,thymio-01
90,1788308758.8862803,1.282573938369751,-1.3897345066070557,-2.088752485070453,94.5952547646146,1.282573938369751,0.0515783131122589,-1.3897345066070557,0.9712800979614258,-0.17584228515625,-0.0902657806873321,-0.132463589310646,-0.693571752517125,-0.973721516688612,0,0,0.0,0.6283185307179586,-95,95,thymio-01
91,1788308759.4951613,1.282573938369751,-1.3897345066070557,-2.088752485070453,94.4952547646146,1.282573938369751,0.0515783131122589,-1.3897345066070557,0.9712800979614258,-0.17584228515625,-0.0902657806873321,-0.132463589310646,-0.6864137145555861,0.1860305318086916,0,0,0.0,0.6283185307179586,-95,95,thymio-01
92,1788308760.0983386,10000.0,10000.0,0.0,94.4952547646146,1.282573938369751,0.0515783131122589,-1.3897345066070557,0.9712800979614258,-0.17584228515625,-0.0902657806873321,-0.132463589310646,1.0,1.0,0,0,-9.184850993605149e-18,0.6283185307179586,-95,95,thymio-01
93,1788308760.7016337,10000.0,10000.0,0.0,94.4952547646146,1.282573938369751,0.0515783131122589,-1.3897345066070557,0.9712800979614258,-0.17584228515625,-0.0902657806873321,-0.132463589310646,1.0,1.0,0,0,-9.184850993605149e-18,0.6283185307179586,-95,95,thymio-01
94,1788308761.3055136,10000.0,10000.0,0.0,94.4952547646146,1.282573938369751,0.0515783131122589,-1.3897345066070557,0.9712800979614258,-0.17584228515625,-0.0902657806873321,-0.132463589310646,1.0,1.0,0,0,-9.184850993605149e-18,0.6283185307179586,-95,95,thymio-01
95,1788308761.9089026,10000.0,10000.0,0.0,94.4952547646146,1.282573938369751,0.0515783131122589,-1.3897345066070557,0.9712800979614258,-0.17584228515625,-0.0902657806873321,-0.132463589310646,1.0,1.0,0,0,-9.184850993605149e-18,0.6283185307179586,-95,95,thymio-01
96,1788308762.511965,10000.0,10000.0,0.0,94.4952547646146,1.282573938369751,0.0515783131122589,-1.3897345066070557,0.9712800979614258,-0.17584228515625,-0.0902657806873321,-0.132463589310646,1.0,1.0,0,0,-9.184850993605149e-18,0.6283185307179586,-95,95,thymio-01
97,1788308763.1163776,1.280756592750549,-1.40781569480896,-2.156006958775122,94.4952547646146,1.280756592750549,0.0521247647702693,-1.40781569480896,0.9729199409484864,-0.200644239783287,-0.1004460155963897,-0.0554916933178901,-0.6917326057967805,-0.9804024596539848,0,0,0.0,0.6283185307179586,-95,95,thymio-01
98,1788308763.724133,1.280756592750549,-1.40781569480896,-2.156006958775122,94.39525476461462,1.280756592750549,0.0521247647702693,-1.40781569480896,0.9729199409484864,-0.200644239783287,-0.1004460155963897,-0.0554916933178901,-0.6917326057967805,-0.9804024596539848,0,0,0.0,0.6283185307179586,-95,95,thymio-01
99,1788308764.3275585,10000.0,10000.0,0.0,94.39525476461462,1.280756592750549,0.0521247647702693,-1.40781569480896,0.9729199409484864,-0.200644239783287,-0.1004460155963897,-0.0554916933178901,1.0,1.0,0,0,-9.184850993605149e-18,0.6283185307179586,-95,95,thymio-01
100,1788308764.9306102,10000.0,10000.0,0.0,94.39525476461462,1.280756592750549,0.0521247647702693,-1.40781569480896,0.9729199409484864,-0.200644239783287,-0.1004460155963897,-0.0554916933178901,1.0,1.0,0,0,-9.184850993605149e-18,0.6283185307179586,-95,95,thymio-01
101,1788308765.5336623,10000.0,10000.0,0.0,94.39525476461462,1.280756592750549,0.0521247647702693,-1.40781569480896,0.9729199409484864,-0.200644239783287,-0.1004460155963897,-0.0554916933178901,1.0,1.0,0,0,-9.184850993605149e-18,0.6283185307179586,-95,95,thymio-01
102,1788308766.136646,10000.0,10000.0,0.0,94.39525476461462,1.280756592750549,0.0521247647702693,-1.40781569480896,0.9729199409484864,-0.200644239783287,-0.1004460155963897,-0.0554916933178901,1.0,1.0,0,0,-9.184850993605149e-18,0.6283185307179586,-95,95,thymio-01
103,1788308766.7398193,10000.0,10000.0,0.0,94.39525476461462,1.280756592750549,0.0521247647702693,-1.40781569480896,0.9729199409484864,-0.200644239783287,-0.1004460155963897,-0.0554916933178901,1.0,1.0,0,0,-9.184850993605149e-18,0.6283185307179586,-95,95,thymio-01
104,1788308767.3432114,10000.0,10000.0,0.0,94.39525476461462,1.280756592750549,0.0521247647702693,-1.40781569480896,0.9729199409484864,-0.200644239783287,-0.1004460155963897,-0.0554916933178901,1.0,1.0,0,0,-9.184850993605149e-18,0.6283185307179586,-95,95,thymio-01
105,1788308767.9461591,10000.0,10000.0,0.0,94.39525476461462,1.280756592750549,0.0521247647702693,-1.40781569480896,0.9729199409484864,-0.200644239783287,-0.1004460155963897,-0.0554916933178901,1.0,1.0,0,0,-9.184850993605149e-18,0.6283185307179586,-95,95,thymio-01
106,1788308768.5492184,10000.0,10000.0,0.0,94.39525476461462,1.280756592750549,0.0521247647702693,-1.40781569480896,0.9729199409484864,-0.200644239783287,-0.1004460155963897,-0.0554916933178901,1.0,1.0,0,0,-9.184850993605149e-18,0.6283185307179586,-95,95,thymio-01
107,1788308769.1526525,10000.0,10000.0,0.0,94.39525476461462,1.280756592750549,0.0521247647702693,-1.40781569480896,0.9729199409484864,-0.200644239783287,-0.1004460155963897,-0.0554916933178901,1.0,1.0,0,0,-9.184850993605149e-18,0.6283185307179586,-95,95,thymio-01
108,1788308769.7561116,10000.0,10000.0,0.0,94.39525476461462,1.280756592750549,0.0521247647702693,-1.40781569480896,0.9729199409484864,-0.200644239783287,-0.1004460155963897,-0.0554916933178901,1.0,1.0,0,0,-9.184850993605149e-18,0.6283185307179586,-95,95,thymio-01
109,1788308770.359327,1.2836894989013672,-1.5532095432281494,-2.0881392672879917,94.39525476461462,1.2836894989013672,0.0504383891820907,-1.5532095432281494,0.9707726836204528,-0.1757083088159561,-0.1081751212477684,-0.122577466070652,-0.5940144654451185,-0.9764529348846716,0,0,0.0,0.6283185307179586,-95,95,thymio-01
110,1788308770.966873,1.2836894989013672,-1.5532095432281494,-2.0881392672879917,94.29525476461464,1.2836894989013672,0.0504383891820907,-1.5532095432281494,0.9707726836204528,-0.1757083088159561,-0.1081751212477684,-0.122577466070652,-0.5940144654451185,-0.9764529348846716,0,0,0.0,0.6283185307179586,-95,95,thymio-01
111,1788308771.5706367,10000.0,10000.0,0.0,94.29525476461464,1.2836894989013672,0.0504383891820907,-1.5532095432281494,0.9707726836204528,-0.1757083088159561,-0.1081751212477684,-0.122577466070652,1.0,1.0,0,0,-9.184850993605149e-18,0.6283185307179586,-95,95,thymio-01
112,1788308772.173962,10000.0,10000.0,0.0,94.29525476461464,1.2836894989013672,0.0504383891820907,-1.5532095432281494,0.9707726836204528,-0.1757083088159561,-0.1081751212477684,-0.122577466070652,1.0,1.0,0,0,-9.184850993605149e-18,0.6283185307179586,-95,95,thymio-01
113,1788308772.7779207,10000.0,10000.0,0.0,94.29525476461464,1.2836894989013672,0.0504383891820907,-1.5532095432281494,0.9707726836204528,-0.1757083088159561,-0.1081751212477684,-0.122577466070652,1.0,1.0,0,0,-9.184850993605149e-18,0.6283185307179586,-95,95,thymio-01
114,1788308773.3811274,10000.0,10000.0,0.0,94.29525476461464,1.2836894989013672,0.0504383891820907,-1.5532095432281494,0.9707726836204528,-0.1757083088159561,-0.1081751212477684,-0.122577466070652,1.0,1.0,0,0,-9.184850993605149e-18,0.6283185307179586,-95,95,thymio-01
115,1788308773.984285,10000.0,10000.0,0.0,94.29525476461464,1.2836894989013672,0.0504383891820907,-1.5532095432281494,0.9707726836204528,-0.1757083088159561,-0.1081751212477684,-0.122577466070652,1.0,1.0,0,0,-9.184850993605149e-18,0.6283185307179586,-95,95,thymio-01
116,1788308774.5872664,10000.0,10000.0,0.0,94.29525476461464,1.2836894989013672,0.0504383891820907,-1.5532095432281494,0.9707726836204528,-0.1757083088159561,-0.1081751212477684,-0.122577466070652,1.0,1.0,0,0,-9.184850993605149e-18,0.6283185307179586,-95,95,thymio-01
117,1788308775.1910625,10000.0,10000.0,0.0,94.29525476461464,1.2836894989013672,0.0504383891820907,-1.5532095432281494,0.9707726836204528,-0.1757083088159561,-0.1081751212477684,-0.122577466070652,1.0,1.0,0,0,-9.184850993605149e-18,0.6283185307179586,-95,95,thymio-01
118,1788308775.7945104,10000.0,10000.0,0.0,94.29525476461464,1.2836894989013672,0.0504383891820907,-1.5532095432281494,0.9707726836204528,-0.1757083088159561,-0.1081751212477684,-0.122577466070652,1.0,1.0,0,0,-9.184850993605149e-18,0.6283185307179586,-95,95,thymio-01
119,1788308776.3979733,1.2345272302627563,-1.5694890022277832,-1.898000141211608,94.29525476461464,1.2345272302627563,0.0549473874270916,-1.5694890022277832,0.9075175523757936,-0.1475515216588974,-0.2314888685941696,-0.3178891539573669,-0.5362543305500829,-0.9630368068940852,0,0,0.0,0.6283185307179586,-95,95,thymio-01
120,1788308777.0070384,1.2345272302627563,-1.5694890022277832,-1.898000141211608,94.19525476461465,1.2345272302627563,0.0549473874270916,-1.5694890022277832,0.9075175523757936,-0.1475515216588974,-0.2314888685941696,-0.3178891539573669,-0.5362543305500829,-0.9630368068940852,0,0,0.0,0.6283185307179586,-95,95,thymio-01
121,1788308777.6152306,1.1819496154785156,-1.5861667394638062,2.196067040295232,93.92108521017126,1.1819496154785156,0.0874229744076728,-1.5861667394638062,-0.1466075032949447,-0.446608304977417,0.7532452344894409,-0.4600750505924225,1.0,1.0,0,0,-0.0,-0.6283185307179586,95,-95,thymio-01
122,1788308778.2226653,1.1675232648849487,-1.601830005645752,1.0138602484192791,93.82108521017126,1.1675232648849487,0.0824427381157875,-1.601830005645752,0.1840146631002426,0.7777749300003052,0.5978668928146362,0.0613189823925495,0.2579145854745401,-0.4785614896448226,0,0,0.0,-0.6283185307179586,95,-95,thymio-01
123,1788308778.8304024,1.1675232648849487,-1.601830005645752,1.0138602484192791,93.72108521017128,1.1675232648849487,0.0824427381157875,-1.601830005645752,0.1840146631002426,0.7777749300003052,0.5978668928146362,0.0613189823925495,0.2579145854745401,-0.4785614896448226,0,0,0.0,-0.6283185307179586,95,-95,thymio-01
124,1788308779.4341283,10000.0,10000.0,0.0,93.72108521017128,1.1675232648849487,0.0824427381157875,-1.601830005645752,0.1840146631002426,0.7777749300003052,0.5978668928146362,0.0613189823925495,1.0,1.0,0,0,-9.184850993605149e-18,0.6283185307179586,-95,95,thymio-01
125,1788308780.0375717,10000.0,10000.0,0.0,93.72108521017128,1.1675232648849487,0.0824427381157875,-1.601830005645752,0.1840146631002426,0.7777749300003052,0.5978668928146362,0.0613189823925495,1.0,1.0,0,0,-9.184850993605149e-18,0.6283185307179586,-95,95,thymio-01
126,1788308780.6408308,1.176594853401184,-1.5876859426498413,0.979555827817478,93.72108521017128,1.176594853401184,0.0841982588171958,-1.5876859426498413,0.2356976270675659,0.7872429490089417,0.5697522759437561,0.0088135031983256,0.1997487065786602,-0.9837809260364035,0,0,0.0,-0.6283185307179586,95,-95,thymio-01
127,1788308781.2491353,1.176594853401184,-1.5876859426498413,0.979555827817478,93.62108521017127,1.176594853401184,0.0841982588171958,-1.5876859426498413,0.2356976270675659,0.7872429490089417,0.5697522759437561,0.0088135031983256,1.0,-0.9837809260364035,0,0,0.0,-0.6283185307179586,95,-95,thymio-01
128,1788308781.8528438,10000.0,10000.0,0.0,93.62108521017127,1.176594853401184,0.0841982588171958,-1.5876859426498413,0.2356976270675659,0.7872429490089417,0.5697522759437561,0.0088135031983256,1.0,1.0,0,0,-9.184850993605149e-18,0.6283185307179586,-95,95,thymio-01
129,1788308782.456368,10000.0,10000.0,0.0,93.62108521017127,1.176594853401184,0.0841982588171958,-1.5876859426498413,0.2356976270675659,0.7872429490089417,0.5697522759437561,0.0088135031983256,1.0,1.0,0,0,-9.184850993605149e-18,0.6283185307179586,-95,95,thymio-01
130,1788308783.0601337,10000.0,10000.0,0.0,93.62108521017127,1.176594853401184,0.0841982588171958,-1.5876859426498413,0.2356976270675659,0.7872429490089417,0.5697522759437561,0.0088135031983256,1.0,1.0,0,0,-9.184850993605149e-18,0.6283185307179586,-95,95,thymio-01
131,1788308783.6640158,1.1328513622283936,-1.6148539781570437,0.981227039523434,93.62108521017127,1.1328513622283936,0.0840700715780258,-1.6148539781570437,0.2415363937616348,0.7882978916168213,0.5658937692642212,-0.0033035376109182,0.3509050066163732,1.0,0,0,0.0,-0.6283185307179586,95,-95,thymio-01
132,1788308784.2725322,1.106145262718201,-1.664004921913147,1.045654450266233,93.45008902417618,1.106145262718201,0.0788638517260551,-1.664004921913147,0.0480720065534114,0.7180085778236389,0.6673479080200195,0.1918323785066604,0.4471666261374796,-0.9602625477400384,0,0,0.0,-0.6283185307179586,95,-95,thymio-01
133,1788308784.8804934,1.106145262718201,-1.664004921913147,1.045654450266233,93.3500890241762,1.106145262718201,0.0788638517260551,-1.664004921913147,0.0480720065534114,0.7180085778236389,0.6673479080200195,0.1918323785066604,0.5096333703966414,-0.9559479008775408,0,0,0.0,-0.6283185307179586,95,-95,thymio-01
134,1788308785.4844265,10000.0,10000.0,0.0,93.3500890241762,1.106145262718201,0.0788638517260551,-1.664004921913147,0.0480720065534114,0.7180085778236389,0.6673479080200195,0.1918323785066604,1.0,1.0,0,0,-9.184850993605149e-18,0.6283185307179586,-95,95,thymio-01
135,1788308786.0881338,10000.0,10000.0,0.0,93.3500890241762,1.106145262718201,0.0788638517260551,-1.664004921913147,0.0480720065534114,0.7180085778236389,0.6673479080200195,0.1918323785066604,1.0,1.0,0,0,-9.184850993605149e-18,0.6283185307179586,-95,95,thymio-01
136,1788308786.6917844,10000.0,10000.0,0.0,93.3500890241762,1.106145262718201,0.0788638517260551,-1.664004921913147,0.0480720065534114,0.7180085778236389,0.6673479080200195,0.1918323785066604,1.0,1.0,0,0,-9.184850993605149e-18,0.6283185307179586,-95,95,thymio-01
137,1788308787.295572,10000.0,10000.0,0.0,93.3500890241762,1.106145262718201,0.0788638517260551,-1.664004921913147,0.0480720065534114,0.7180085778236389,0.6673479080200195,0.1918323785066604,1.0,1.0,0,0,-9.184850993605149e-18,0.6283185307179586,-95,95,thymio-01
138,1788308787.898837,10000.0,10000.0,0.0,93.3500890241762,1.106145262718201,0.0788638517260551,-1.664004921913147,0.0480720065534114,0.7180085778236389,0.6673479080200195,0.1918323785066604,1.0,1.0,0,0,-9.184850993605149e-18,0.6283185307179586,-95,95,thymio-01
139,1788308788.5024726,10000.0,10000.0,0.0,93.3500890241762,1.106145262718201,0.0788638517260551,-1.664004921913147,0.0480720065534114,0.7180085778236389,0.6673479080200195,0.1918323785066604,1.0,1.0,0,0,-9.184850993605149e-18,0.6283185307179586,-95,95,thymio-01
140,1788308789.1063998,1.1166462898254397,-1.672874927520752,0.9863606437990402,93.3500890241762,1.1166462898254397,0.0848223343491554,-1.672874927520752,-0.1261251717805862,-0.7849103212356567,-0.5850250124931335,-0.160480186343193,0.9857726833621678,-0.9816296415050276,0,0,0.0,0.6283185307179586,-95,95,thymio-01
141,1788308789.7159932,1.1166462898254397,-1.672874927520752,0.9863606437990402,93.2500890241762,1.1166462898254397,0.0848223343491554,-1.672874927520752,-0.1261251717805862,-0.7849103212356567,-0.5850250124931335,-0.160480186343193,1.0,-0.9769437139960652,0,0,0.0,0.6283185307179586,-95,95,thymio-01
142,1788308790.3190856,10000.0,10000.0,0.0,93.2500890241762,1.1166462898254397,0.0848223343491554,-1.672874927520752,-0.1261251717805862,-0.7849103212356567,-0.5850250124931335,-0.160480186343193,1.0,1.0,0,0,-9.184850993605149e-18,0.6283185307179586,-95,95,thymio-01
143,1788308790.9222777,10000.0,10000.0,0.0,93.2500890241762,1.1166462898254397,0.0848223343491554,-1.672874927520752,-0.1261251717805862,-0.7849103212356567,-0.5850250124931335,-0.160480186343193,1.0,1.0,0,0,-9.184850993605149e-18,0.6283185307179586,-95,95,thymio-01
144,1788308791.5258806,1.131077766418457,-1.6625107526779177,0.9690295338908772,93.2500890241762,1.131077766418457,0.0840484052896499,-1.6625107526779177,-0.2568773925304413,-0.790695309638977,-0.5553085803985596,0.0211481284350156,1.0,-0.9732165165745408,0,0,0.0,-0.6283185307179586,95,-95,thymio-01
145,1788308792.134173,1.131077766418457,-1.6625107526779177,0.9690295338908772,93.1500890241762,1.131077766418457,0.0840484052896499,-1.6625107526779177,-0.2568773925304413,-0.790695309638977,-0.5553085803985596,0.0211481284350156,1.0,-0.9701941353963666,0,0,0.0,0.6283185307179586,-95,95,thymio-01
146,1788308792.7376509,10000.0,10000.0,0.0,93.1500890241762,1.131077766418457,0.0840484052896499,-1.6625107526779177,-0.2568773925304413,-0.790695309638977,-0.5553085803985596,0.0211481284350156,1.0,1.0,0,0,-9.184850993605149e-18,0.6283185307179586,-95,95,thymio-01
147,1788308793.342013,10000.0,10000.0,0.0,93.1500890241762,1.131077766418457,0.0840484052896499,-1.6625107526779177,-0.2568773925304413,-0.790695309638977,-0.5553085803985596,0.0211481284350156,1.0,1.0,0,0,-9.184850993605149e-18,0.6283185307179586,-95,95,thymio-01
148,1788308793.945197,10000.0,10000.0,0.0,93.1500890241762,1.131077766418457,0.0840484052896499,-1.6625107526779177,-0.2568773925304413,-0.790695309638977,-0.5553085803985596,0.0211481284350156,1.0,1.0,0,0,-9.184850993605149e-18,0.6283185307179586,-95,95,thymio-01
149,1788308794.5483496,10000.0,10000.0,0.0,93.1500890241762,1.131077766418457,0.0840484052896499,-1.6625107526779177,-0.2568773925304413,-0.790695309638977,-0.5553085803985596,0.0211481284350156,1.0,1.0,0,0,-9.184850993605149e-18,0.6283185307179586,-95,95,thymio-01
150,1788308795.1518295,10000.0,10000.0,0.0,93.1500890241762,1.131077766418457,0.0840484052896499,-1.6625107526779177,-0.2568773925304413,-0.790695309638977,-0.5553085803985596,0.0211481284350156,1.0,1.0,0,0,-9.184850993605149e-18,0.6283185307179586,-95,95,thymio-01
151,1788308795.755172,1.1879870891571045,-1.722349762916565,-1.4560298493829449,93.1500890241762,1.1879870891571045,0.0765038654208183,-1.722349762916565,-0.7134705781936646,-0.1556739062070846,0.0524165332317352,0.6811593174934387,-0.4501617146625447,-0.9829189036650352,0,0,0.0,-0.6283185307179586,95,-95,thymio-01
152,1788308796.3642318,1.1731302738189695,-1.739782691001892,-1.4548985359684303,93.0500890241762,1.1731302738189695,0.0767126306891441,-1.739782691001892,-0.6469683647155762,0.0360235385596752,0.2239595800638198,0.7279947400093079,-0.4368766625516799,1.0,0,0,0.0,-0.6283185307179586,95,-95,thymio-01
153,1788308796.9721136,1.1731302738189695,-1.739782691001892,-1.4548985359684303,92.9500890241762,1.1731302738189695,0.0767126306891441,-1.739782691001892,-0.6469683647155762,0.0360235385596752,0.2239595800638198,0.7279947400093079,-0.4368766625516799,1.0,0,0,0.0,-0.6283185307179586,95,-95,thymio-01
154,1788308797.575996,10000.0,10000.0,0.0,92.9500890241762,1.1731302738189695,0.0767126306891441,-1.739782691001892,-0.6469683647155762,0.0360235385596752,0.2239595800638198,0.7279947400093079,1.0,1.0,0,0,-9.184850993605149e-18,0.6283185307179586,-95,95,thymio-01
155,1788308798.1805892,10000.0,10000.0,0.0,92.9500890241762,1.1731302738189695,0.0767126306891441,-1.739782691001892,-0.6469683647155762,0.0360235385596752,0.2239595800638198,0.7279947400093079,1.0,1.0,0,0,-9.184850993605149e-18,0.6283185307179586,-95,95,thymio-01
156,1788308798.7842178,10000.0,10000.0,0.0,92.9500890241762,1.1731302738189695,0.0767126306891441,-1.739782691001892,-0.6469683647155762,0.0360235385596752,0.2239595800638198,0.7279947400093079,1.0,1.0,0,0,-9.184850993605149e-18,0.6283185307179586,-95,95,thymio-01
157,1788308799.3884974,10000.0,10000.0,0.0,92.9500890241762,1.1731302738189695,0.0767126306891441,-1.739782691001892,-0.6469683647155762,0.0360235385596752,0.2239595800638198,0.7279947400093079,1.0,1.0,0,0,-9.184850993605149e-18,0.6283185307179586,-95,95,thymio-01
158,1788308799.991856,-2.0616672039031982,-1.0208309888839722,-2.224706171811702,92.9500890241762,-2.0616672039031982,0.1031987592577934,-1.0208309888839722,-0.7614952325820923,0.2850238680839538,-0.0094969784840941,-0.5820620059967041,-0.9948406116181892,1.0,0,0,-0.0,-0.6283185307179586,95,-95,thymio-01
159,1788308800.600196,-2.0616672039031982,-1.0208309888839722,-2.224706171811702,92.8500890241762,-2.0616672039031982,0.1031987592577934,-1.0208309888839722,-0.7614952325820923,0.2850238680839538,-0.0094969784840941,-0.5820620059967041,-0.9903977433414828,1.0,0,0,-0.0,-0.6283185307179586,95,-95,thymio-01
160,1788308801.204088,10000.0,10000.0,0.0,92.8500890241762,-2.0616672039031982,0.1031987592577934,-1.0208309888839722,-0.7614952325820923,0.2850238680839538,-0.0094969784840941,-0.5820620059967041,1.0,1.0,0,0,-9.184850993605149e-18,0.6283185307179586,-95,95,thymio-01
161,1788308801.808818,10000.0,10000.0,0.0,92.8500890241762,-2.0616672039031982,0.1031987592577934,-1.0208309888839722,-0.7614952325820923,0.2850238680839538,-0.0094969784840941,-0.5820620059967041,1.0,1.0,0,0,-9.184850993605149e-18,0.6283185307179586,-95,95,thymio-01
162,1788308802.412408,-2.0695960521698,-1.041736721992493,-2.40053167573975,92.8500890241762,-2.0695960521698,0.1011339575052261,-1.041736721992493,-0.7269411087036133,0.4263783693313598,-0.2679208815097809,-0.4668795168399811,1.0,1.0,0,0,-0.0,-0.6283185307179586,95,-95,thymio-01
163,1788308803.0207071,-2.0695960521698,-1.041736721992493,-2.40053167573975,92.75008902417622,-2.0695960521698,0.1011339575052261,-1.041736721992493,-0.7269411087036133,0.4263783693313598,-0.2679208815097809,-0.4668795168399811,1.0,1.0,0,0,-0.0,-0.6283185307179586,95,-95,thymio-01
164,1788308803.6294274,-2.059448719024658,-1.0405353307724,-2.298616585464748,92.65008902417622,-2.059448719024658,0.1021191626787185,-1.0405353307724,-0.7497918605804443,0.3788988590240478,-0.1677632182836532,-0.515852153301239,1.0,1.0,0,0,-0.0,-0.6283185307179586,95,-95,thymio-01
165,1788308804.2374375,-2.059448719024658,-1.0405353307724,-2.298616585464748,92.55008902417624,-2.059448719024658,0.1021191626787185,-1.0405353307724,-0.7497918605804443,0.3788988590240478,-0.1677632182836532,-0.515852153301239,1.0,1.0,0,0,-0.0,-0.6283185307179586,95,-95,thymio-01
166,1788308804.8410647,10000.0,10000.0,0.0,92.55008902417624,-2.059448719024658,0.1021191626787185,-1.0405353307724,-0.7497918605804443,0.3788988590240478,-0.1677632182836532,-0.515852153301239,1.0,1.0,0,0,-9.184850993605149e-18,0.6283185307179586,-95,95,thymio-01
167,1788308805.4446497,1.130866289138794,-1.6543874740600586,0.9639798373826453,92.55008902417624,1.130866289138794,0.0815856382250785,-1.6543874740600586,0.2961163222789764,0.7531915307044983,0.5832149982452393,-0.0698431506752967,1.0,-0.985543155255736,0,0,0.0,-0.6283185307179586,95,-95,thymio-01
168,1788308806.0528038,1.130866289138794,-1.6543874740600586,0.9639798373826453,92.45008902417624,1.130866289138794,0.0815856382250785,-1.6543874740600586,0.2961163222789764,0.7531915307044983,0.5832149982452393,-0.0698431506752967,1.0,-0.3796648750840655,0,0,0.0,-0.6283185307179586,95,-95,thymio-01
169,1788308806.656586,10000.0,10000.0,0.0,92.45008902417624,1.130866289138794,0.0815856382250785,-1.6543874740600586,0.2961163222789764,0.7531915307044983,0.5832149982452393,-0.0698431506752967,1.0,1.0,0,0,-9.184850993605149e-18,0.6283185307179586,-95,95,thymio-01
170,1788308807.2599795,10000.0,10000.0,0.0,92.45008902417624,1.130866289138794,0.0815856382250785,-1.6543874740600586,0.2961163222789764,0.7531915307044983,0.5832149982452393,-0.0698431506752967,1.0,1.0,0,0,-9.184850993605149e-18,0.6283185307179586,-95,95,thymio-01
171,1788308807.8638792,10000.0,10000.0,0.0,92.45008902417624,1.130866289138794,0.0815856382250785,-1.6543874740600586,0.2961163222789764,0.7531915307044983,0.5832149982452393,-0.0698431506752967,1.0,1.0,0,0,-9.184850993605149e-18,0.6283185307179586,-95,95,thymio-01
172,1788308808.467788,1.1136634349822998,-1.6745506525039673,0.9749876431919412,92.45008902417624,1.1136634349822998,0.0842638686299324,-1.6745506525039673,0.2380627393722534,0.794658362865448,0.5583982467651367,0.0059704622253775,1.0,-0.9834202029311464,0,0,0.0,-0.6283185307179586,95,-95,thymio-01
173,1788308809.0756197,1.1136634349822998,-1.6745506525039673,0.9749876431919412,92.35008902417624,1.1136634349822998,0.0842638686299324,-1.6745506525039673,0.2380627393722534,0.794658362865448,0.5583982467651367,0.0059704622253775,1.0,-0.9834202029311464,0,0,0.0,-0.6283185307179586,95,-95,thymio-01
174,1788308809.678808,10000.0,10000.0,0.0,92.35008902417624,1.1136634349822998,0.0842638686299324,-1.6745506525039673,0.2380627393722534,0.794658362865448,0.5583982467651367,0.0059704622253775,1.0,1.0,0,0,-9.184850993605149e-18,0.6283185307179586,-95,95,thymio-01
175,1788308810.2829747,10000.0,10000.0,0.0,92.35008902417624,1.1136634349822998,0.0842638686299324,-1.6745506525039673,0.2380627393722534,0.794658362865448,0.5583982467651367,0.0059704622253775,1.0,1.0,0,0,-9.184850993605149e-18,0.6283185307179586,-95,95,thymio-01
176,1788308810.885914,10000.0,10000.0,0.0,92.35008902417624,1.1136634349822998,0.0842638686299324,-1.6745506525039673,0.2380627393722534,0.794658362865448,0.5583982467651367,0.0059704622253775,1.0,1.0,0,0,-9.184850993605149e-18,0.6283185307179586,-95,95,thymio-01
177,1788308811.4903817,1.1135613918304443,-1.6752917766571045,0.9581028360485532,92.35008902417624,1.1135613918304443,0.0853578671813011,-1.6752917766571045,0.2599087059497833,0.8055005669593811,0.5319882035255432,-0.0245948024094104,0.348755323611623,-0.3670459730182085,0,0,0.0,-0.6283185307179586,95,-95,thymio-01
178,1788308812.0981376,1.1135613918304443,-1.6752917766571045,0.9581028360485532,92.25008902417623,1.1135613918304443,0.0853578671813011,-1.6752917766571045,0.2599087059497833,0.8055005669593811,0.5319882035255432,-0.0245948024094104,0.2520058743221094,-0.3665813356330061,0,0,0.0,-0.6283185307179586,95,-95,thymio-01
179,1788308812.7017355,10000.0,10000.0,0.0,92.25008902417623,1.1135613918304443,0.0853578671813011,-1.6752917766571045,0.2599087059497833,0.8055005669593811,0.5319882035255432,-0.0245948024094104,1.0,1.0,0,0,-9.184850993605149e-18,0.6283185307179586,-95,95,thymio-01
180,1788308813.3055155,10000.0,10000.0,0.0,92.25008902417623,1.1135613918304443,0.0853578671813011,-1.6752917766571045,0.2599087059497833,0.8055005669593811,0.5319882035255432,-0.0245948024094104,1.0,1.0,0,0,-9.184850993605149e-18,0.6283185307179586,-95,95,thymio-01
181,1788308813.9089437,10000.0,10000.0,0.0,92.25008902417623,1.1135613918304443,0.0853578671813011,-1.6752917766571045,0.2599087059497833,0.8055005669593811,0.5319882035255432,-0.0245948024094104,1.0,1.0,0,0,-9.184850993605149e-18,0.6283185307179586,-95,95,thymio-01
182,1788308814.5124066,10000.0,10000.0,0.0,92.25008902417623,1.1135613918304443,0.0853578671813011,-1.6752917766571045,0.2599087059497833,0.8055005669593811,0.5319882035255432,-0.0245948024094104,1.0,1.0,0,0,-9.184850993605149e-18,0.6283185307179586,-95,95,thymio-01
183,1788308815.115814,10000.0,10000.0,0.0,92.25008902417623,1.1135613918304443,0.0853578671813011,-1.6752917766571045,0.2599087059497833,0.8055005669593811,0.5319882035255432,-0.0245948024094104,1.0,1.0,0,0,-9.184850993605149e-18,0.6283185307179586,-95,95,thymio-01
184,1788308815.7200189,10000.0,10000.0,0.0,92.25008902417623,1.1135613918304443,0.0853578671813011,-1.6752917766571045,0.2599087059497833,0.8055005669593811,0.5319882035255432,-0.0245948024094104,1.0,1.0,0,0,-9.184850993605149e-18,0.6283185307179586,-95,95,thymio-01
185,1788308816.3236206,10000.0,10000.0,0.0,92.25008902417623,1.1135613918304443,0.0853578671813011,-1.6752917766571045,0.2599087059497833,0.8055005669593811,0.5319882035255432,-0.0245948024094104,1.0,1.0,0,0,-9.184850993605149e-18,0.6283185307179586,-95,95,thymio-01
186,1788308816.927169,10000.0,10000.0,0.0,92.25008902417623,1.1135613918304443,0.0853578671813011,-1.6752917766571045,0.2599087059497833,0.8055005669593811,0.5319882035255432,-0.0245948024094104,1.0,1.0,0,0,-9.184850993605149e-18,0.6283185307179586,-95,95,thymio-01
187,1788308817.53055,10000.0,10000.0,0.0,92.25008902417623,1.1135613918304443,0.0853578671813011,-1.6752917766571045,0.2599087059497833,0.8055005669593811,0.5319882035255432,-0.0245948024094104,1.0,1.0,0,0,-9.184850993605149e-18,0.6283185307179586,-95,95,thymio-01
188,1788308818.1355038,10000.0,10000.0,0.0,92.25008902417623,1.1135613918304443,0.0853578671813011,-1.6752917766571045,0.2599087059497833,0.8055005669593811,0.5319882035255432,-0.0245948024094104,1.0,1.0,0,0,-9.184850993605149e-18,0.6283185307179586,-95,95,thymio-01
189,1788308818.7390654,-2.0613975524902344,-1.015519380569458,-2.2406703931340406,92.25008902417623,-2.0613975524902344,0.1036327257752418,-1.015519380569458,-0.7600892782211304,0.2927221655845642,-0.0083538144826889,-0.580093264579773,-0.9967954906679944,1.0,0,0,-0.0,-0.6283185307179586,95,-95,thymio-01
190,1788308819.3473473,-2.0613975524902344,-1.015519380569458,-2.2406703931340406,92.15008902417624,-2.0613975524902344,0.1036327257752418,-1.015519380569458,-0.7600892782211304,0.2927221655845642,-0.0083538144826889,-0.580093264579773,-0.9967954906679944,1.0,0,0,-0.0,-0.6283185307179586,95,-95,thymio-01
191,1788308819.95568,-2.0610461235046387,-1.01482355594635,-2.2361980106723243,92.05008902417626,-2.0610461235046387,0.1034097373485565,-1.01482355594635,-0.7609940767288208,0.2940524220466614,-0.0155279599130153,-0.5780831575393677,-0.9565937712466908,1.0,0,0,-0.0,-0.6283185307179586,95,-95,thymio-01
192,1788308820.563574,-2.0610461235046387,-1.01482355594635,-2.2361980106723243,91.95008902417626,-2.0610461235046387,0.1034097373485565,-1.01482355594635,-0.7609940767288208,0.2940524220466614,-0.0155279599130153,-0.5780831575393677,1.0,1.0,0,0,-0.0,-0.6283185307179586,95,-95,thymio-01
193,1788308821.1668117,10000.0,10000.0,0.0,91.95008902417626,-2.0610461235046387,0.1034097373485565,-1.01482355594635,-0.7609940767288208,0.2940524220466614,-0.0155279599130153,-0.5780831575393677,1.0,1.0,0,0,-0.03,0.6283185307179586,-201,-12,thymio-01
194,1788308821.770682,10000.0,10000.0,0.0,91.95008902417626,-2.0610461235046387,0.1034097373485565,-1.01482355594635,-0.7609940767288208,0.2940524220466614,-0.0155279599130153,-0.5780831575393677,1.0,1.0,0,0,-0.03,0.6283185307179586,-201,-12,thymio-01
195,1788308822.373917,10000.0,10000.0,0.0,91.95008902417626,-2.0610461235046387,0.1034097373485565,-1.01482355594635,-0.7609940767288208,0.2940524220466614,-0.0155279599130153,-0.5780831575393677,1.0,1.0,0,0,-9.184850993605149e-18,0.6283185307179586,-95,95,thymio-01
196,1788308822.9779725,10000.0,10000.0,0.0,91.95008902417626,-2.0610461235046387,0.1034097373485565,-1.01482355594635,-0.7609940767288208,0.2940524220466614,-0.0155279599130153,-0.5780831575393677,1.0,1.0,0,0,-9.184850993605149e-18,0.6283185307179586,-95,95,thymio-01
197,1788308823.581823,10000.0,10000.0,0.0,91.95008902417626,-2.0610461235046387,0.1034097373485565,-1.01482355594635,-0.7609940767288208,0.2940524220466614,-0.0155279599130153,-0.5780831575393677,1.0,1.0,0,0,-9.184850993605149e-18,0.6283185307179586,-95,95,thymio-01
198,1788308824.1854997,10000.0,10000.0,0.0,91.95008902417626,-2.0610461235046387,0.1034097373485565,-1.01482355594635,-0.7609940767288208,0.2940524220466614,-0.0155279599130153,-0.5780831575393677,1.0,1.0,0,0,-9.184850993605149e-18,0.6283185307179586,-95,95,thymio-01
1,1788308704.9096444,-2.123415946960449,0.1428349316120147,-1.980835033605928,100.0,-2.123415946960449,0.1098784878849983,0.1428349316120147,-0.6173214316368103,-0.463219553232193,-0.1756893545389175,0.6111261248588562,-0.4578803534433079,1.0,0,0,-0.2,0.4520433660242681,-500,-500,thymio-07
2,1788308705.5138404,2.4678709506988525,-0.3856573402881622,-0.3982335337403895,100.0,2.4678709506988525,0.0770643502473831,-0.3856573402881622,0.2395271956920623,-0.5589702725410461,-0.5638115406036377,-0.5588341951370239,-0.6862174215992876,1.0,0,0,-0.1242811930341727,0.6283185307179586,-500,-347,thymio-07
3,1788308706.1218524,2.553008794784546,-0.3920556306838989,-0.325518058379612,99.9,2.553008794784546,0.076092816889286,-0.3920556306838989,0.2212369441986084,-0.5740025639533997,-0.5691530704498291,-0.5455639958381653,-0.7200901708079633,1.0,0,0,-0.0970475026703974,0.6283185307179586,-440,-250,thymio-07
4,1788308706.7299082,2.553008794784546,-0.3920556306838989,-0.325518058379612,99.8,2.553008794784546,0.076092816889286,-0.3920556306838989,0.2212369441986084,-0.5740025639533997,-0.5691530704498291,-0.5455639958381653,-0.7200901708079633,1.0,0,0,-0.0242618756675993,0.6283185307179586,-181,9,thymio-07
5,1788308707.3380983,2.667034387588501,-0.4195278882980346,0.0310588641446121,99.70000000000002,2.667034387588501,0.0747308433055877,-0.4195278882980346,0.0869321748614311,-0.6799941062927246,-0.6039634943008423,-0.4065450727939605,-0.6613180398311934,1.0,0,3256,0.08,0.6283185307179586,189,379,thymio-07
6,1788308707.946084,2.690615177154541,-0.4324073791503906,0.1032421187770142,99.60000000000002,2.690615177154541,0.0745816603302955,-0.4324073791503906,0.0289416871964931,-0.7060138583183289,-0.6257051229476929,-0.3304542899131775,-0.6286551492618961,1.0,0,0,-2.1459018175068457e-05,0.6283185307179586,-95,95,thymio-07
7,1788308708.5538864,2.6622345447540283,-0.3808901309967041,0.158130998717052,99.39502182821508,2.6622345447540283,0.0753800794482231,-0.3808901309967041,-0.1460155993700027,-0.7816095948219299,-0.5926157236099243,-0.1287339478731155,-0.6878139348807757,1.0,0,0,-0.0101531271389322,0.6283185307179586,-131,59,thymio-07
8,1788308709.1619556,2.6622345447540283,-0.3808901309967041,0.158130998717052,99.2950218282151,2.6622345447540283,0.0753800794482231,-0.3808901309967041,-0.1460155993700027,-0.7816095948219299,-0.5926157236099243,-0.1287339478731155,-0.6878139348807757,1.0,0,0,-0.0101531271389322,0.6283185307179586,-131,59,thymio-07
9,1788308709.7724545,2.668374300003052,-0.3808275759220123,0.1175085776659758,99.1950218282151,2.668374300003052,0.0747789219021797,-0.3808275759220123,-0.2895231246948242,-0.7823181748390198,-0.5473468899726868,0.0675735920667648,-0.6953328010107198,1.0,0,0,-0.0060659402424631,0.6283185307179586,-116,73,thymio-07
10,1788308710.3800857,2.673837900161743,-0.3886935114860534,-0.1728805016766248,99.09502182821512,2.673837900161743,0.074615977704525,-0.3886935114860534,-0.4436884522438049,-0.7210971117019653,-0.4405446648597717,0.2984627187252044,-0.6958511752513279,1.0,0,0,-0.0045821016559162,0.6283185307179586,-111,79,thymio-07
11,1788308710.9933574,2.673837900161743,-0.3886935114860534,-0.1728805016766248,98.99502182821512,2.673837900161743,0.074615977704525,-0.3886935114860534,-0.4436884522438049,-0.7210971117019653,-0.4405446648597717,0.2984627187252044,-0.6958511752513279,1.0,0,0,-0.0045821016559162,0.6283185307179586,-111,79,thymio-07
12,1788308711.60192,2.676398754119873,-0.3948885500431061,-1.0038031551269109,98.89502182821512,2.676398754119873,0.0744038671255111,-0.3948885500431061,-0.5270333290100098,-0.6345016360282898,-0.3174181580543518,0.4678559899330139,-0.625819611977741,1.0,0,0,-0.0044561356191779,0.6283185307179586,-111,79,thymio-07
13,1788308712.2106974,2.6774415969848637,-0.4042563438415527,-2.0078609030679235,98.79502182821513,2.6774415969848637,0.0743499770760536,-0.4042563438415527,-0.6036694645881653,-0.4535980522632599,-0.1456018984317779,0.6392433643341064,-0.8236942328469502,-0.6698302789756289,0,0,-0.003437459197763,0.6283185307179586,-107,83,thymio-07
14,1788308712.8191116,2.6774415969848637,-0.4042563438415527,-2.0078609030679235,98.69502182821512,2.6774415969848637,0.0743499770760536,-0.4042563438415527,-0.6036694645881653,-0.4535980522632599,-0.1456018984317779,0.6392433643341064,-0.8236942328469502,-0.6698302789756289,0,0,-0.003437459197763,0.6283185307179586,-107,83,thymio-07
15,1788308713.4273877,2.674067735671997,-0.4115263223648071,-2.1926849773437675,98.59502182821514,2.674067735671997,0.0744399726390838,-0.4115263223648071,-0.6197488903999329,-0.246623009443283,0.0430357232689857,0.7437986135482788,-0.8106504467470036,-0.6779140617343746,0,0,-0.0060592602038522,-0.6283185307179586,73,-116,thymio-07
16,1788308714.03551,2.665663003921509,-0.4167145192623138,-2.207514785104441,98.49502182821514,2.665663003921509,0.0743359923362732,-0.4167145192623138,-0.5654700398445129,0.0313259661197662,0.2481384426355362,0.7859324216842651,-0.8118748949632206,-0.6954288947446767,0,0,-0.0058131461123926,-0.6283185307179586,74,-116,thymio-07
17,1788308714.6434777,2.670071601867676,-0.4090626835823059,-2.21551343188672,98.39502182821516,2.670071601867676,0.0750772729516029,-0.4090626835823059,-0.5954602360725403,-0.1003692746162414,0.1590697914361953,0.7810570001602173,-0.8052427444358747,-0.6950541654252387,0,0,-0.0071462083683891,-0.6283185307179586,69,-120,thymio-07
18,1788308715.251575,2.670071601867676,-0.4090626835823059,-2.21551343188672,98.29502182821516,2.670071601867676,0.0750772729516029,-0.4090626835823059,-0.5954602360725403,-0.1003692746162414,0.1590697914361953,0.7810570001602173,-0.8052427444358747,-0.6950541654252387,0,0,-0.0071462083683891,-0.6283185307179586,69,-120,thymio-07
19,1788308715.8622491,2.670682668685913,-0.3929283916950226,-2.163700107998017,98.19502182821516,2.670682668685913,0.0746536031365394,-0.3929283916950226,-0.61650550365448,-0.3462229669094085,-0.0584345795214176,0.7047241926193237,-0.7912216002659691,-0.6756118487643752,0,0,-0.0099644583465402,-0.6283185307179586,59,-130,thymio-07
20,1788308716.471379,2.663626909255981,-0.3823542892932892,-1.8419487082776185,98.09502182821517,2.663626909255981,0.0749738812446594,-0.3823542892932892,-0.5866547226905823,-0.5141679048538208,-0.2039743959903717,0.5914913415908813,-0.782994192834471,-0.6844492106487272,0,0,-0.0103136399552635,-0.6283185307179586,58,-132,thymio-07
21,1788308717.0795412,2.652448892593384,-0.3766675293445587,-1.005673371919145,97.99502182821516,2.652448892593384,0.0748111233115196,-0.3766675293445587,-0.5304515957832336,-0.635355532169342,-0.3152759075164795,0.4642688632011413,-0.7927272772648564,1.0,1335,0,-0.0096618172697638,-0.6283185307179586,61,-129,thymio-07
22,1788308717.6879904,2.652448892593384,-0.3766675293445587,-1.005673371919145,97.89502182821518,2.652448892593384,0.0748111233115196,-0.3766675293445587,-0.5304515957832336,-0.635355532169342,-0.3152759075164795,0.4642688632011413,-0.7927272772648564,1.0,1724,0,-0.0096618172697638,-0.6283185307179586,61,-129,thymio-07
23,1788308718.2971504,2.634925127029419,-0.3774891197681427,-0.0749675753840244,97.79502182821518,2.634925127029419,0.0748946666717529,-0.3774891197681427,-0.4150454401969909,-0.7403714060783386,-0.4637435972690582,0.2540265023708343,-0.7978504567541185,1.0,0,0,-0.0086320581924221,0.6283185307179586,-126,64,thymio-07
24,1788308718.9053557,2.6206345558166504,-0.3877666592597961,0.1358435027587821,97.6950218282152,2.6206345558166504,0.0751631036400795,-0.3877666592597961,-0.2626098692417145,-0.7869163751602173,-0.557438313961029,0.0325766317546367,-0.7977170811511352,1.0,0,0,-0.0086588666886218,0.6283185307179586,-126,64,thymio-07
25,1788308719.5138876,2.62309193611145,-0.3984695374965668,0.086086824034854,97.5950218282152,2.62309193611145,0.0753527879714965,-0.3984695374965668,-0.3229629099369049,-0.7767904996871948,-0.5286861062049866,0.1130598932504654,-0.7984757147187854,1.0,0,0,-0.0085063813415241,0.6283185307179586,-125,65,thymio-07
26,1788308720.1224873,2.6261112689971924,-0.4010587334632873,-0.0305195028874787,97.4950218282152,2.6261112689971924,0.0749158337712287,-0.4010587334632873,-0.3958356380462646,-0.7534165382385254,-0.4748227894306183,0.2241004854440689,-0.8010004218695012,1.0,0,0,-0.0079989152042302,0.6283185307179586,-123,66,thymio-07
27,1788308720.7317894,2.6261112689971924,-0.4010587334632873,-0.0305195028874787,97.3950218282152,2.6261112689971924,0.0749158337712287,-0.4010587334632873,-0.3958356380462646,-0.7534165382385254,-0.4748227894306183,0.2241004854440689,-0.8010004218695012,1.0,0,0,-0.0079989152042302,0.6283185307179586,-123,66,thymio-07
28,1788308721.339995,2.6286745071411133,-0.4076489508152008,-0.4768963693973123,97.2950218282152,2.6286745071411133,0.0752743333578109,-0.4076489508152008,-0.4888521730899811,-0.6800563335418701,-0.3854212462902069,0.3872951865196228,-0.8003007307416765,1.0,0,0,-0.008139553120923,0.6283185307179586,-124,66,thymio-07
29,1788308721.9489958,2.627065420150757,-0.4181914627552032,-1.941767226912304,97.19502182821522,2.627065420150757,0.0749376490712165,-0.4181914627552032,-0.6013016700744629,-0.4791867136955261,-0.168274238705635,0.616847038269043,-0.6194567543364113,-0.623052299983635,0,0,-0.0093034042449049,-0.6283185307179586,62,-128,thymio-07
30,1788308722.5568445,2.627065420150757,-0.4181914627552032,-1.941767226912304,97.09502182821522,2.627065420150757,0.0749376490712165,-0.4181914627552032,-0.6013016700744629,-0.4791867136955261,-0.168274238705635,0.616847038269043,-0.6194567543364113,-0.623052299983635,0,0,-0.0093034042449049,-0.6283185307179586,62,-128,thymio-07
31,1788308723.165954,2.6199333667755127,-0.4224503636360168,-2.168436648595464,96.99502182821524,2.6199333667755127,0.0753595829010009,-0.4224503636360168,-0.6228001713752747,-0.3137856125831604,-0.0199325829744339,0.7164226174354553,-0.5796367357415764,1.0,0,0,-0.0135445244007978,-0.6283185307179586,47,-143,thymio-07
32,1788308723.7742012,2.6091384887695312,-0.4062145054340362,-1.8058233983676768,96.89502182821523,2.6091384887695312,0.075583703815937,-0.4062145054340362,-0.5838270783424377,-0.5231183767318726,-0.2095446139574051,0.5844521522521973,-0.5482939794202248,-0.4490312475209904,0,0,-0.0155198272494679,-0.6283185307179586,40,-150,thymio-07
33,1788308724.3824768,2.5953898429870605,-0.4007441401481628,-0.8911355158452707,96.79502182821524,2.5953898429870605,0.0753793939948082,-0.4007441401481628,-0.5189133286476135,-0.6403508186340332,-0.3368500769138336,0.455205351114273,-0.7534413924977303,-0.4225114960610373,0,0,-0.0175582801079561,-0.6283185307179586,32,-157,thymio-07
34,1788308724.990113,2.5953898429870605,-0.4007441401481628,-0.8911355158452707,96.69502182821525,2.5953898429870605,0.0753793939948082,-0.4007441401481628,-0.5189133286476135,-0.6403508186340332,-0.3368500769138336,0.455205351114273,-0.7534413924977303,-0.4225114960610373,0,0,-0.0175582801079561,-0.6283185307179586,32,-157,thymio-07
35,1788308725.598517,2.5656871795654297,-0.4129953980445862,0.0660220396351971,96.57484054170116,2.5656871795654297,0.0760137513279914,-0.4129953980445862,-0.3363074064254761,-0.7725746035575867,-0.524060845375061,0.1240406408905983,1.0,1.0,0,0,-0.0170543340679075,0.6283185307179586,-155,34,thymio-07
36,1788308726.2073092,2.5565106868743896,-0.4323541224002838,0.148526958156379,96.47484054170116,2.5565106868743896,0.0753679126501083,-0.4323541224002838,-0.2192688286304474,-0.7847298979759216,-0.5788478851318359,-0.0324848406016826,1.0,1.0,0,0,-0.0729276053287539,0.6283185307179586,-354,-164,thymio-07
37,1788308726.8156009,2.5565106868743896,-0.4323541224002838,0.148526958156379,96.37484054170118,2.5565106868743896,0.0753679126501083,-0.4323541224002838,-0.2192688286304474,-0.7847298979759216,-0.5788478851318359,-0.0324848406016826,1.0,1.0,0,0,-0.0729276053287539,0.6283185307179586,-354,-164,thymio-07
38,1788308727.4241726,2.557270050048828,-0.4534300863742828,0.0766255592345164,96.27484054170118,2.557270050048828,0.0758042261004448,-0.4534300863742828,-0.3285494446754455,-0.7775291204452515,-0.5227262377738953,0.1194196492433548,1.0,1.0,0,0,-0.0808943800320312,0.6283185307179586,-382,-193,thymio-07
39,1788308728.0316124,2.508340120315552,-0.524507462978363,-0.4621662996279374,95.9685171677188,2.508340120315552,0.0755383148789405,-0.524507462978363,-0.4865150153636932,-0.6842114329338074,-0.3846235573291778,0.3836959302425384,-0.6675052548661684,-0.3519756064898582,0,0,-0.1393257750876006,0.6283185307179586,-500,-400,thymio-07
40,1788308728.639814,2.457384824752808,-0.5473047494888306,-1.242887008882239,95.68149979644085,2.457384824752808,0.0758270025253295,-0.5473047494888306,-0.5482538342475891,-0.6097663640975952,-0.2921774983406067,0.4921737909317016,-0.6247085043541167,-0.3933230100298336,0,0,-0.1737343624992902,-0.6283185307179586,-500,-500,thymio-07
41,1788308729.2479775,2.457384824752808,-0.5473047494888306,-1.242887008882239,95.58149979644084,2.457384824752808,0.0758270025253295,-0.5473047494888306,-0.5482538342475891,-0.6097663640975952,-0.2921774983406067,0.4921737909317016,-0.6247085043541167,-0.3933230100298336,0,0,-0.0434335906248225,-0.6283185307179586,-59,-249,thymio-07
42,1788308729.856025,2.326643705368042,-0.5570194721221924,-1.5737860550049114,94.79887775594412,2.326643705368042,0.0769069865345954,-0.5570194721221924,-0.5659529566764832,-0.5686681270599365,-0.247295394539833,0.5432852506637573,-0.5618895831267338,1.0,0,0,-0.05,-0.6283185307179586,-83,-273,thymio-07
43,1788308730.4643512,2.2436892986297607,-0.5572898983955383,-0.6265503619295392,94.31080626417366,2.2436892986297607,0.077064961194992,-0.5572898983955383,-0.50030517578125,-0.6691684126853943,-0.3599269688129425,0.415163904428482,1.0,-0.2993884928851492,0,0,-0.05,0.6283185307179586,-273,-83,thymio-07
44,1788308731.0727296,2.2436892986297607,-0.5572898983955383,-0.6265503619295392,94.21080626417368,2.2436892986297607,0.077064961194992,-0.5572898983955383,-0.50030517578125,-0.6691684126853943,-0.3599269688129425,0.415163904428482,1.0,-0.2993884928851492,0,0,-0.05,0.6283185307179586,-273,-83,thymio-07
45,1788308731.6802173,2.225911855697632,-0.5641680955886841,-0.3000951631252802,94.10731465837088,2.225911855697632,0.0772285386919975,-0.5641680955886841,-0.4656602442264557,-0.7059386968612671,-0.409402459859848,0.3423459827899933,1.0,-0.2754988273660844,0,0,-0.2,0.6283185307179586,-500,-500,thymio-07
46,1788308732.288241,2.168593645095825,-0.6057829260826111,-1.1282211465451637,93.7132302487036,2.168593645095825,0.077313631772995,-0.6057829260826111,-0.5364902019500732,-0.6220383644104004,-0.3051649034023285,0.4817894995212555,-0.494324538406301,-0.2488495339202083,0,0,-0.2,0.6283185307179586,-500,-500,thymio-07
47,1788308732.8958623,2.056633710861206,-0.609467625617981,-1.6364559634885127,93.10006444644964,2.056633710861206,0.0780503749847412,-0.609467625617981,-0.5738970637321472,-0.5564557313919067,-0.2438221573829651,0.5491356253623962,-0.4029135824100825,1.0,0,0,-0.2,-0.1282888558622691,-500,-500,thymio-07
48,1788308733.5043108,2.056633710861206,-0.609467625617981,-1.6364559634885127,93.00006444644964,2.056633710861206,0.0780503749847412,-0.609467625617981,-0.5738970637321472,-0.5564557313919067,-0.2438221573829651,0.5491356253623962,-0.4029135824100825,1.0,0,0,-0.2,-0.1282888558622691,-500,-500,thymio-07
49,1788308734.1124156,1.89342737197876,-0.5959451794624329,-1.7781395784646192,91.9846899976129,1.89342737197876,0.0793722346425056,-0.5959451794624329,-0.5837675929069519,-0.5288083553314209,-0.2150729149580001,0.5773395299911499,-0.2401540186887747,1.0,0,0,-0.0553603205277226,-0.5249781789773826,-117,-276,thymio-07
50,1788308734.721278,1.8230624198913572,-0.5856571793556213,-1.7939097372705486,91.60440407729396,1.8230624198913572,0.0797638148069381,-0.5856571793556213,-0.5870753526687622,-0.5238871574401855,-0.2024735510349273,0.5830001831054688,-0.2171762234640138,1.0,0,0,-0.0523748189540517,-0.5621087950603086,-101,-271,thymio-07
51,1788308735.329285,1.736918330192566,-0.5767567157745361,-0.927432188507928,91.13661684043385,1.736918330192566,0.080503411591053,-0.5767567157745361,-0.5260315537452698,-0.6398714184761047,-0.3290917873382568,0.4533806443214416,1.0,1.0,0,0,-0.1148781257365025,0.4792967432484731,-481,-336,thymio-07
52,1788308735.9367683,1.736918330192566,-0.5767567157745361,-0.927432188507928,91.03661684043384,1.736918330192566,0.080503411591053,-0.5767567157745361,-0.5260315537452698,-0.6398714184761047,-0.3290917873382568,0.4533806443214416,1.0,1.0,0,0,-0.1148781257365025,0.4792967432484731,-481,-336,thymio-07
53,1788308736.5458865,1.66487717628479,-0.6106521487236023,-0.6871678769661775,90.6402244984171,1.66487717628479,0.08120609074831,-0.6106521487236023,-0.5108111500740051,-0.6638184189796448,-0.35496386885643,0.4152323603630066,1.0,-0.3545116891510541,0,0,-0.0405646299128485,0.6283185307179586,-239,-49,thymio-07
54,1788308737.154041,1.5557684898376465,-0.6412444710731506,-1.7113391734476546,90.0780657706784,1.5557684898376465,0.0822407230734825,-0.6412444710731506,-0.58351069688797,-0.5414610505104065,-0.2236592322587967,0.5624159574508667,-0.3190846013373639,1.0,0,0,-0.1740080693140737,0.6283185307179586,-500,-500,thymio-07
55,1788308737.7619402,1.5557684898376465,-0.6412444710731506,-1.7113391734476546,89.97806577067841,1.5557684898376465,0.0822407230734825,-0.6412444710731506,-0.58351069688797,-0.5414610505104065,-0.2236592322587967,0.5624159574508667,-0.3190846013373639,1.0,0,0,-0.1740080693140737,0.6283185307179586,-500,-500,thymio-07
56,1788308738.370607,1.4732885360717771,-0.6191351413726807,-1.9529452907980664,89.55736776184362,1.4732885360717771,0.0823397040367126,-0.6191351413726807,-0.6025432348251343,-0.4718043208122253,-0.1520258486270904,0.6254842281341553,-0.331198477927747,1.0,0,0,-0.2,0.6283185307179586,-500,-500,thymio-07
57,1788308738.9792182,1.3869415521621704,-0.5876834988594055,-1.9571160890141508,89.08335406241343,1.3869415521621704,0.0834435001015663,-0.5876834988594055,-0.6023061275482178,-0.46684730052948,-0.1377448886632919,0.6326984167098999,-0.3132560325379108,1.0,0,0,-0.2,0.6283185307179586,-500,-500,thymio-07
58,1788308739.58703,1.3869415521621704,-0.5876834988594055,-1.9571160890141508,88.98335406241344,1.3869415521621704,0.0834435001015663,-0.5876834988594055,-0.6023061275482178,-0.46684730052948,-0.1377448886632919,0.6326984167098999,-0.3132560325379108,1.0,0,0,-0.2,0.6283185307179586,-500,-500,thymio-07
59,1788308740.1957417,1.2241110801696775,-0.522138774394989,-1.966321006351729,87.85080887043281,1.2241110801696775,0.0835653468966484,-0.522138774394989,-0.6047812700271606,-0.4535672962665558,-0.1082738116383552,0.6455951929092407,-0.2438708841008015,1.0,0,0,-0.0927079390548649,-0.6283185307179586,-235,-424,thymio-07
60,1788308740.804736,1.1365734338760376,-0.4798201024532318,-2.0444631450937414,87.31090778960554,1.1365734338760376,0.0845212116837501,-0.4798201024532318,-0.6126464009284973,-0.4234559834003448,-0.1072826460003852,0.6586653590202332,-0.1838463974580637,1.0,0,0,0.0023688590377144,-0.6283185307179586,103,-86,thymio-07
61,1788308741.4147933,1.1365734338760376,-0.4798201024532318,-2.0444631450937414,87.21090778960554,1.1365734338760376,0.0845212116837501,-0.4798201024532318,-0.6126464009284973,-0.4234559834003448,-0.1072826460003852,0.6586653590202332,-0.1838463974580637,1.0,0,0,-0.0232046722028627,-0.6283185307179586,12,-177,thymio-07
62,1788308742.0234897,1.0527315139770508,-0.4411649405956268,-1.1455118245574456,86.74264698775305,1.0527315139770508,0.0854100137948989,-0.4411649405956268,-0.5411046743392944,-0.6230090856552124,-0.2960591912269592,0.4810555279254913,-0.0982648643793241,1.0,0,0,-0.1006823668377499,-0.2074237376529852,-326,-389,thymio-07
63,1788308742.6313543,1.028903603553772,-0.4463509321212768,-0.2116166207902434,86.61424468622894,1.028903603553772,0.0858388692140579,-0.4463509321212768,-0.4499607384204864,-0.715863823890686,-0.4267801940441131,0.3208319544792175,1.0,-0.0646018965581937,0,0,-0.074371034402321,0.6283185307179586,-359,-169,thymio-07
64,1788308743.2392368,1.028903603553772,-0.4463509321212768,-0.2116166207902434,86.51424468622895,1.028903603553772,0.0858388692140579,-0.4463509321212768,-0.4499607384204864,-0.715863823890686,-0.4267801940441131,0.3208319544792175,1.0,1.0,0,0,-0.0287610368287889,0.6283185307179586,-197,-7,thymio-07
65,1788308743.8486369,0.9540778398513794,-0.516871988773346,-0.3230524593371027,86.03504212376087,0.9540778398513794,0.085636980831623,-0.516871988773346,-0.4680168032646179,-0.7006814479827881,-0.4046684503555298,0.3553156852722168,1.0,1.0,0,0,-0.0388273265972467,0.6283185307179586,-233,-43,thymio-07
66,1788308744.4568777,0.9272066354751588,-0.5365760922431946,-1.376710980220344,85.86925622574695,0.9272066354751588,0.0858619734644889,-0.5365760922431946,-0.5504001379013062,-0.5965877771377563,-0.2732543051242828,0.5162121057510376,-0.1913967988447513,1.0,0,0,-0.0880979757149476,-0.3925123522134908,-254,-372,thymio-07
67,1788308745.0651762,0.9272066354751588,-0.5365760922431946,-1.376710980220344,85.76925622574696,0.9272066354751588,0.0858619734644889,-0.5365760922431946,-0.5504001379013062,-0.5965877771377563,-0.2732543051242828,0.5162121057510376,-0.1913967988447513,1.0,0,0,-0.0880979757149476,-0.3925123522134908,-254,-372,thymio-07
68,1788308745.67396,0.8560168743133545,-0.5264430046081543,-1.766947234636607,85.29366090069502,0.8560168743133545,0.0861559361219406,-0.5264430046081543,-0.5786643624305725,-0.53280109167099,-0.2083179354667663,0.5812695026397705,-0.2551914838980089,1.0,0,0,-0.0087101510050535,-0.6283185307179586,64,-126,thymio-07
69,1788308746.28269,0.7769822478294373,-0.5236076712608337,-1.2104165004623864,84.81632165206922,0.7769822478294373,0.0868047028779983,-0.5236076712608337,-0.5460842847824097,-0.6140287518501282,-0.2938570082187652,0.4882712960243225,-0.2790151000046095,1.0,0,0,-0.0815700051337469,-0.6283185307179586,-195,-385,thymio-07
70,1788308746.8910987,0.7769822478294373,-0.5236076712608337,-1.2104165004623864,84.71632165206923,0.7769822478294373,0.0868047028779983,-0.5236076712608337,-0.5460842847824097,-0.6140287518501282,-0.2938570082187652,0.4882712960243225,-0.2790151000046095,1.0,0,0,-0.0946990132095875,-0.5182025840923845,-258,-415,thymio-07
71,1788308747.499979,0.7537057995796204,-0.5270324349403381,-0.3305656351205051,84.56328574738939,0.7537057995796204,0.0864677429199218,-0.5270324349403381,-0.4691974222660064,-0.7036275267601013,-0.4016336798667907,0.3513581156730652,1.0,1.0,0,0,-0.0729755811449727,0.6283185307179586,-354,-164,thymio-07
72,1788308748.1082146,0.6997199058532715,-0.5759531259536743,0.0518744316524513,84.22124131754966,0.6997199058532715,0.0871701687574386,-0.5759531259536743,-0.3644495010375976,-0.7609845399856567,-0.4976513385772705,0.2010533660650253,1.0,-0.0182067566092719,0,0,-0.0802901659440832,0.3097717488021727,-332,-239,thymio-07
73,1788308748.7162917,0.6997199058532715,-0.5759531259536743,0.0518744316524513,84.12124131754966,0.6997199058532715,0.0871701687574386,-0.5759531259536743,-0.3644495010375976,-0.7609845399856567,-0.4976513385772705,0.2010533660650253,1.0,-0.0182067566092719,0,0,-0.0802901659440832,0.3097717488021727,-332,-239,thymio-07
74,1788308749.3252883,0.6546228528022766,-0.6676943898200989,-0.0173850393166561,83.7949870689211,0.6546228528022766,0.0864444300532341,-0.6676943898200989,-0.3987390398979187,-0.7427541017532349,-0.4761470258235931,0.2502149641513824,1.0,1.0,0,0,-0.042176231189574,0.5769866343743938,-237,-63,thymio-07
75,1788308749.934054,0.574775755405426,-0.7456654906272888,-0.3266927897458349,83.28090028719268,0.574775755405426,0.0863411799073219,-0.7456654906272888,-0.4680058360099792,-0.7004833221435547,-0.4031719863414764,0.3574159145355224,1.0,1.0,0,0,-0.0711950454487751,-0.0648634970998038,-243,-263,thymio-07
76,1788308750.5419457,0.5520680546760559,-0.7600789070129395,-1.013943831849045,83.14226141054723,0.5520680546760559,0.0860273316502571,-0.7600789070129395,-0.5321925282478333,-0.6308149099349976,-0.3217727839946747,0.4640106856822967,0.0338838337178013,1.0,0,0,-0.0379064955897287,-0.6283185307179586,-40,-230,thymio-07
77,1788308751.1498911,0.5520680546760559,-0.7600789070129395,-1.013943831849045,83.04226141054724,0.5520680546760559,0.0860273316502571,-0.7600789070129395,-0.5321925282478333,-0.6308149099349976,-0.3217727839946747,0.4640106856822967,0.0338838337178013,1.0,0,0,-0.0591357280256055,-0.506906010027415,-134,-287,thymio-07
78,1788308751.7575805,0.4962398409843445,-0.775525689125061,-0.6490713381288966,82.73710925762717,0.4962398409843445,0.0867658630013465,-0.775525689125061,-0.5072506666183472,-0.6673257946968079,-0.3597048819065094,0.4098602831363678,1.0,1.0,0,0,-0.0726255787357205,-0.198560144359418,-228,-288,thymio-07
79,1788308752.3656354,0.439167857170105,-0.8179306983947754,0.0319677117574568,82.41313340009242,0.439167857170105,0.0867457762360572,-0.8179306983947754,-0.363327145576477,-0.7651922702789307,-0.5040959119796753,0.1684089303016662,1.0,1.0,0,0,-0.0643112135229452,0.3574855560948013,-282,-175,thymio-07
80,1788308752.9734936,0.4165562391281128,-0.8612803220748901,0.0830574879257506,82.23846443686247,0.4165562391281128,0.0865805074572563,-0.8612803220748901,-0.3290140926837921,-0.7722978591918945,-0.529560923576355,0.1219474449753761,1.0,1.0,0,0,-0.0576481213938907,0.3625105657903384,-260,-150,thymio-07
81,1788308753.5808496,0.4165562391281128,-0.8612803220748901,0.0830574879257506,82.13846443686248,0.4165562391281128,0.0865805074572563,-0.8612803220748901,-0.3290140926837921,-0.7722978591918945,-0.529560923576355,0.1219474449753761,1.0,1.0,0,0,-0.0576481213938907,0.3625105657903384,-260,-150,thymio-07
82,1788308754.1886046,0.38545623421669,-0.9261866211891174,-0.0395719824213505,81.91290673420681,0.38545623421669,0.0874891877174377,-0.9261866211891174,-0.3961348831653595,-0.7586609125137329,-0.4560331702232361,0.244017407298088,1.0,1.0,0,0,-0.0516040247090592,0.2795676534163021,-226,-141,thymio-07
83,1788308754.7964418,0.3599531352519989,-0.9574706554412842,-0.1781675371709972,81.7468970714361,0.3599531352519989,0.087033674120903,-0.9574706554412842,-0.4418953955173492,-0.7215753793716431,-0.4310942888259887,0.3133929669857025,1.0,1.0,0,0,-0.0495924092837904,0.2303590623137374,-211,-141,thymio-07
84,1788308755.405358,0.3433748185634613,-0.9726600646972656,-0.2886545593945246,81.64304323995488,0.3433748185634613,0.0883749946951866,-0.9726600646972656,-0.4679188430309295,-0.6879062056541443,-0.4243483543395996,0.3574429750442505,1.0,1.0,0,0,-0.0454658500410233,0.6283185307179586,-256,-67,thymio-07
85,1788308756.013173,0.3433748185634613,-0.9726600646972656,-0.2886545593945246,81.54304323995488,0.3433748185634613,0.0883749946951866,-0.9726600646972656,-0.4679188430309295,-0.6879062056541443,-0.4243483543395996,0.3574429750442505,1.0,1.0,0,0,-0.0457519159664744,0.6283185307179586,-257,-68,thymio-07
86,1788308756.6167614,10000.0,10000.0,0.0,81.54304323995488,0.3433748185634613,0.0883749946951866,-0.9726600646972656,-0.4679188430309295,-0.6879062056541443,-0.4243483543395996,0.3574429750442505,1.0,1.0,0,0,-9.184850993605149e-18,0.6283185307179586,-95,95,thymio-07
87,1788308757.219876,10000.0,10000.0,0.0,81.54304323995488,0.3433748185634613,0.0883749946951866,-0.9726600646972656,-0.4679188430309295,-0.6879062056541443,-0.4243483543395996,0.3574429750442505,1.0,1.0,0,0,-9.184850993605149e-18,0.6283185307179586,-95,95,thymio-07
88,1788308757.8231325,0.2228363007307052,-1.0174978971481323,-2.195347919652727,81.54304323995488,0.2228363007307052,0.0886771827936172,-1.0174978971481323,-0.6370272636413574,-0.2568979561328888,0.0250237621366977,0.7263426184654236,0.114347833537111,1.0,0,0,-0.0547430803929791,-0.6210335887665275,-101,-288,thymio-07
89,1788308758.431413,0.2228363007307052,-1.0174978971481323,-2.195347919652727,81.44304323995489,0.2228363007307052,0.0886771827936172,-1.0174978971481323,-0.6370272636413574,-0.2568979561328888,0.0250237621366977,0.7263426184654236,0.114347833537111,1.0,0,0,-0.0547430803929791,-0.6210335887665275,-101,-288,thymio-07
90,1788308759.040347,0.2164158374071121,-1.0069152116775513,-2.202531255746203,81.3430432399549,0.2164158374071121,0.0873064249753952,-1.0069152116775513,-0.6119486689567566,-0.2038156986236572,0.0804084315896034,0.7599425315856934,0.101026369471241,1.0,0,0,0.0268078765256976,-0.4186181106772214,158,32,thymio-07
91,1788308759.6484244,0.1737608611583709,-0.9523515701293944,-1.9839457594594847,81.06210692176141,0.1737608611583709,0.0877508074045181,-0.9523515701293944,-0.6008893847465515,-0.4584833979606628,-0.1343935877084732,0.6408300995826721,0.1661948973081883,1.0,0,0,0.0013569220451432,-0.5577591741881182,89,-79,thymio-07
92,1788308760.2567573,0.186444416642189,-0.9525436162948608,-1.8053446310215144,80.96210692176142,0.186444416642189,0.0882681831717491,-0.9525436162948608,-0.5785581469535828,-0.5247050523757935,-0.1990835070610046,0.5918791890144348,0.1545508040209855,1.0,0,0,-0.0438705249354306,-0.5037771150958167,-80,-232,thymio-07
93,1788308760.8648646,0.186444416642189,-0.9525436162948608,-1.8053446310215144,80.86210692176142,0.186444416642189,0.0882681831717491,-0.9525436162948608,-0.5785581469535828,-0.5247050523757935,-0.1990835070610046,0.5918791890144348,0.1545508040209855,1.0,0,0,-0.0438705249354306,-0.5037771150958167,-80,-232,thymio-07
94,1788308761.4686427,10000.0,10000.0,0.0,80.86210692176142,0.186444416642189,0.0882681831717491,-0.9525436162948608,-0.5785581469535828,-0.5247050523757935,-0.1990835070610046,0.5918791890144348,1.0,1.0,0,0,-9.184850993605149e-18,0.6283185307179586,-95,95,thymio-07
95,1788308762.072099,10000.0,10000.0,0.0,80.86210692176142,0.186444416642189,0.0882681831717491,-0.9525436162948608,-0.5785581469535828,-0.5247050523757935,-0.1990835070610046,0.5918791890144348,1.0,1.0,0,0,-9.184850993605149e-18,0.6283185307179586,-95,95,thymio-07
96,1788308762.6753929,10000.0,10000.0,0.0,80.86210692176142,0.186444416642189,0.0882681831717491,-0.9525436162948608,-0.5785581469535828,-0.5247050523757935,-0.1990835070610046,0.5918791890144348,1.0,1.0,0,0,-9.184850993605149e-18,0.6283185307179586,-95,95,thymio-07
97,1788308763.2794578,0.1901568174362182,-0.9494726657867432,-1.592009563130851,80.86210692176142,0.1901568174362182,0.0925009697675705,-0.9494726657867432,-0.6017023324966431,-0.5483509302139282,-0.2820426821708679,0.5076588988304138,0.1577993347846109,1.0,0,0,-0.0545865221097088,-0.3874822949878961,-135,-252,thymio-07
98,1788308763.8878016,0.1901568174362182,-0.9494726657867432,-1.592009563130851,80.76210692176143,0.1901568174362182,0.0925009697675705,-0.9494726657867432,-0.6017023324966431,-0.5483509302139282,-0.2820426821708679,0.5076588988304138,0.1577993347846109,1.0,0,0,-0.0545865221097088,-0.3874822949878961,-135,-252,thymio-07
99,1788308764.4913182,10000.0,10000.0,0.0,80.76210692176143,0.1901568174362182,0.0925009697675705,-0.9494726657867432,-0.6017023324966431,-0.5483509302139282,-0.2820426821708679,0.5076588988304138,1.0,1.0,0,0,-9.184850993605149e-18,0.6283185307179586,-95,95,thymio-07
100,1788308765.094541,10000.0,10000.0,0.0,80.76210692176143,0.1901568174362182,0.0925009697675705,-0.9494726657867432,-0.6017023324966431,-0.5483509302139282,-0.2820426821708679,0.5076588988304138,1.0,1.0,0,0,-9.184850993605149e-18,0.6283185307179586,-95,95,thymio-07
101,1788308765.6978042,10000.0,10000.0,0.0,80.76210692176143,0.1901568174362182,0.0925009697675705,-0.9494726657867432,-0.6017023324966431,-0.5483509302139282,-0.2820426821708679,0.5076588988304138,1.0,1.0,0,0,-9.184850993605149e-18,0.6283185307179586,-95,95,thymio-07
102,1788308766.3017073,10000.0,10000.0,0.0,80.76210692176143,0.1901568174362182,0.0925009697675705,-0.9494726657867432,-0.6017023324966431,-0.5483509302139282,-0.2820426821708679,0.5076588988304138,1.0,1.0,0,0,-9.184850993605149e-18,0.6283185307179586,-95,95,thymio-07
103,1788308766.905157,10000.0,10000.0,0.0,80.76210692176143,0.1901568174362182,0.0925009697675705,-0.9494726657867432,-0.6017023324966431,-0.5483509302139282,-0.2820426821708679,0.5076588988304138,1.0,1.0,0,0,-9.184850993605149e-18,0.6283185307179586,-95,95,thymio-07
104,1788308767.5083656,10000.0,10000.0,0.0,80.76210692176143,0.1901568174362182,0.0925009697675705,-0.9494726657867432,-0.6017023324966431,-0.5483509302139282,-0.2820426821708679,0.5076588988304138,1.0,1.0,0,0,-9.184850993605149e-18,0.6283185307179586,-95,95,thymio-07
105,1788308768.111376,10000.0,10000.0,0.0,80.76210692176143,0.1901568174362182,0.0925009697675705,-0.9494726657867432,-0.6017023324966431,-0.5483509302139282,-0.2820426821708679,0.5076588988304138,1.0,1.0,0,0,-9.184850993605149e-18,0.6283185307179586,-95,95,thymio-07
106,1788308768.7148392,0.1655815690755844,-1.0116965770721436,0.3033594033074895,80.76210692176143,0.1655815690755844,0.0614041239023208,-1.0116965770721436,-0.1666856557130813,-0.3480674922466278,0.9202768802642822,0.0644619688391685,1.0,1.0,0,0,0.0098214430677578,0.6283185307179586,-60,130,thymio-07
107,1788308769.3225763,0.0397017113864421,-1.0026113986968994,1.556058796930305,79.90660724432595,0.0397017113864421,0.0910985767841339,-1.0026113986968994,-0.5716124773025513,0.5529773831367493,-0.5560073852539062,-0.2415180951356887,1.0,0.3074185346831388,0,0,0.077131010216571,0.3041940285115034,228,320,thymio-07
108,1788308769.9308188,0.0397017113864421,-1.0026113986968994,1.556058796930305,79.80660724432596,0.0397017113864421,0.0910985767841339,-1.0026113986968994,-0.5716124773025513,0.5529773831367493,-0.5560073852539062,-0.2415180951356887,1.0,0.3074185346831388,0,0,0.077131010216571,0.3041940285115034,228,320,thymio-07
109,1788308770.5389636,0.0265202056616544,-0.9983658194541932,-0.4737096503458713,79.70660724432597,0.0265202056616544,0.0917698368430137,-0.9983658194541932,0.254282146692276,-0.5316478610038757,-0.5779225826263428,-0.5645323395729065,1.0,1.0,0,0,-0.0625654936030774,0.3275600222102488,-272,-173,thymio-07
110,1788308771.1480186,-0.0741540193557739,-0.9744176268577576,-0.0441265331173252,79.09122543874852,-0.0741540193557739,0.0893878415226936,-0.9744176268577576,0.1483263373374939,-0.6422059535980225,-0.5939143896102905,-0.4613420665264129,1.0,1.0,0,0,-0.0363769950961772,0.6283185307179586,-224,-34,thymio-07
111,1788308771.7559533,-0.0741540193557739,-0.9744176268577576,-0.0441265331173252,78.99122543874853,-0.0741540193557739,0.0893878415226936,-0.9744176268577576,0.1483263373374939,-0.6422059535980225,-0.5939143896102905,-0.4613420665264129,1.0,1.0,0,0,-0.0191282169314565,0.6283185307179586,-163,27,thymio-07
112,1788308772.3641975,-0.0407273471355438,-0.9888097047805786,0.1559025508569567,78.89122543874853,-0.0407273471355438,0.0879144147038459,-0.9888097047805786,0.0629038363695144,-0.7133210301399231,-0.613223135471344,-0.3334269821643829,1.0,1.0,0,0,0.0034894679037468,0.6283185307179586,-82,107,thymio-07
113,1788308772.9723768,-0.0187874380499124,-1.0036615133285522,0.1682998442349967,78.79122543874854,-0.0187874380499124,0.0882105678319931,-1.0036615133285522,-0.0878354236483573,-0.7607859969139099,-0.6147435903549194,-0.1886263191699981,1.0,1.0,0,0,0.0041703690639042,0.6283185307179586,-80,110,thymio-07
114,1788308773.5804758,-0.0187874380499124,-1.0036615133285522,0.1682998442349967,78.69122543874855,-0.0187874380499124,0.0882105678319931,-1.0036615133285522,-0.0878354236483573,-0.7607859969139099,-0.6147435903549194,-0.1886263191699981,1.0,1.0,0,0,0.0112015020778595,0.6283185307179586,-55,135,thymio-07
115,1788308774.1841962,10000.0,10000.0,0.0,78.69122543874855,-0.0187874380499124,0.0882105678319931,-1.0036615133285522,-0.0878354236483573,-0.7607859969139099,-0.6147435903549194,-0.1886263191699981,1.0,1.0,0,0,-9.184850993605149e-18,0.6283185307179586,-95,95,thymio-07
116,1788308774.7877097,3.412546396255493,-0.5988824963569641,-0.8384912371492037,78.69122543874855,3.412546396255493,0.0674660950899124,-0.5988824963569641,-0.0531211718916893,-0.0819175839424133,-0.7644663453102112,-0.6372276544570923,1.0,1.0,0,0,0.0,0.6283185307179586,-95,95,thymio-07
117,1788308775.3960133,3.412546396255493,-0.5988824963569641,-0.8384912371492037,78.59122543874855,3.412546396255493,0.0674660950899124,-0.5988824963569641,-0.0531211718916893,-0.0819175839424133,-0.7644663453102112,-0.6372276544570923,1.0,1.0,0,0,0.0,-0.6283185307179586,95,-95,thymio-07
118,1788308775.999406,10000.0,10000.0,0.0,78.59122543874855,3.412546396255493,0.0674660950899124,-0.5988824963569641,-0.0531211718916893,-0.0819175839424133,-0.7644663453102112,-0.6372276544570923,1.0,1.0,0,0,-9.184850993605149e-18,0.6283185307179586,-95,95,thymio-07
119,1788308776.603309,10000.0,10000.0,0.0,78.59122543874855,3.412546396255493,0.0674660950899124,-0.5988824963569641,-0.0531211718916893,-0.0819175839424133,-0.7644663453102112,-0.6372276544570923,1.0,1.0,0,0,-9.184850993605149e-18,0.6283185307179586,-95,95,thymio-07
120,1788308777.206943,0.0214062612503767,-0.9939327836036682,1.459800455885213,78.59122543874855,0.0214062612503767,0.090162493288517,-0.9939327836036682,0.3714647591114044,0.3853862285614013,-0.7038857340812683,0.466943621635437,1.0,0.2964383490082496,0,0,0.0771783881109064,0.4317753138920434,209,339,thymio-07
121,1788308777.8154547,0.04202451556921,-1.0261002779006958,-2.14221155557713,78.49122543874856,0.04202451556921,0.0879832804203033,-1.0261002779006958,-0.6167468428611755,-0.3136852085590362,0.0010018200846388,0.7219583988189697,0.2579145854745401,1.0,0,0,-0.0128696245363133,-0.6283185307179586,49,-141,thymio-07
122,1788308778.422869,0.04202451556921,-1.0261002779006958,-2.14221155557713,78.39122543874856,0.04202451556921,0.0879832804203033,-1.0261002779006958,-0.6167468428611755,-0.3136852085590362,0.0010018200846388,0.7219583988189697,0.2579145854745401,1.0,0,0,-0.0128696245363133,-0.6283185307179586,49,-141,thymio-07
123,1788308779.0306263,0.0583902932703495,-1.0495729446411133,-2.156958486447667,78.29122543874857,0.0583902932703495,0.0878757908940315,-1.0495729446411133,-0.6154210567474365,-0.2845586240291595,0.0266671925783157,0.7345558404922485,0.2524077647243978,1.0,0,0,-0.0760710746113334,-0.6283185307179586,-175,-365,thymio-07
124,1788308779.639213,0.0583902932703495,-1.0495729446411133,-2.156958486447667,78.19122543874857,0.0583902932703495,0.0878757908940315,-1.0495729446411133,-0.6154210567474365,-0.2845586240291595,0.0266671925783157,0.7345558404922485,0.2524077647243978,1.0,0,0,-0.0760710746113334,-0.6283185307179586,-175,-365,thymio-07
125,1788308780.248075,0.0909214988350868,-1.063147783279419,0.287378499043442,78.09122543874858,0.0909214988350868,0.0606089755892753,-1.063147783279419,-0.1500110924243927,-0.3483532071113586,0.921804904937744,0.0801401659846305,1.0,1.0,0,0,0.007833214627465,0.6283185307179586,-67,123,thymio-07
126,1788308780.8567843,0.0909214988350868,-1.063147783279419,0.287378499043442,77.99122543874859,0.0909214988350868,0.0606089755892753,-1.063147783279419,-0.1500110924243927,-0.3483532071113586,0.921804904937744,0.0801401659846305,1.0,1.0,0,0,-0.0308303615427909,0.6283185307179586,-204,-15,thymio-07
127,1788308781.464851,-0.0538071207702159,-1.0326852798461914,-3.094576127136204,77.17673765036712,-0.0538071207702159,0.062174342572689,-1.0326852798461914,-0.2380266636610031,-0.4035133123397827,0.2832922041416168,-0.8368189930915833,1.0,1.0,0,0,0.03242100030026,-0.6283185307179586,210,20,thymio-07
128,1788308782.0728078,-0.0650620087981224,-1.0470149517059326,-1.459829167595607,77.07673765036712,-0.0650620087981224,0.088381603360176,-1.0470149517059326,-0.5700833797454834,-0.5808079242706299,-0.269317090511322,0.5149130821228027,0.3344348156299792,1.0,0,0,-0.1121377509976808,-0.0470853676438546,-391,-406,thymio-07
129,1788308782.6805608,-0.0650620087981224,-1.0470149517059326,-1.459829167595607,76.97673765036713,-0.0650620087981224,0.088381603360176,-1.0470149517059326,-0.5700833797454834,-0.5808079242706299,-0.269317090511322,0.5149130821228027,0.3344348156299792,1.0,0,0,-0.1121377509976808,-0.0470853676438546,-391,-406,thymio-07
130,1788308783.2887764,-0.1034989729523658,-1.053892970085144,-0.9980543309951876,76.74728284107802,-0.1034989729523658,0.089423693716526,-1.053892970085144,-0.5450667142868042,-0.634210467338562,-0.3203156888484955,0.445058673620224,1.0,1.0,0,0,-0.0957746042801273,0.3298559414630809,-390,-290,thymio-07
131,1788308783.8967338,-0.2301250994205474,-1.089837670326233,-0.9864476866722578,75.96481974360071,-0.2301250994205474,0.0886508524417877,-1.089837670326233,-0.5283843874931335,-0.6393985152244568,-0.313045471906662,0.4625820517539978,1.0,1.0,0,0,-0.0921503813285834,0.3407842116341938,-379,-276,thymio-07
132,1788308784.5049338,-0.2301250994205474,-1.089837670326233,-0.9864476866722578,75.86481974360072,-0.2301250994205474,0.0886508524417877,-1.089837670326233,-0.5283843874931335,-0.6393985152244568,-0.313045471906662,0.4625820517539978,1.0,1.0,0,0,-0.0921503813285834,0.3407842116341938,-379,-276,thymio-07
133,1788308785.1142907,-0.304124504327774,-1.1045596599578855,-1.4647524678791506,75.41727378898211,-0.304124504327774,0.0887063294649124,-1.1045596599578855,-0.5608165264129639,-0.5852983593940735,-0.2564169764518738,0.5264608860015869,0.5397574928137989,1.0,0,0,-0.1213174480461916,0.020531158868238,-434,-428,thymio-07
134,1788308785.7227497,-0.3807747364044189,-1.1025291681289673,-1.8638109859673508,74.95474300136847,-0.3807747364044189,0.0886485129594802,-1.1025291681289673,-0.5817359089851379,-0.510891318321228,-0.1970274448394775,0.6014595031738281,0.6110667192867889,1.0,0,0,-0.1157692931855903,-0.4462178739495019,-344,-479,thymio-07
135,1788308786.3305209,-0.4827293455600738,-1.0788109302520752,-1.879060610013964,74.3313806371231,-0.4827293455600738,0.0893327072262764,-1.0788109302520752,-0.5875097513198853,-0.5033100843429565,-0.1835301518440246,0.6064882874488831,1.0,1.0,0,0,-0.1349790726386152,-0.4509812339074047,-411,-500,thymio-07
136,1788308786.9393177,-0.5749949216842651,-1.0656323432922363,-1.599989515279221,73.82292395877542,-0.5749949216842651,0.0904930680990219,-1.0656323432922363,-0.5688452124595642,-0.5626262426376343,-0.2546953856945038,0.5431363582611084,1.0,1.0,0,0,-0.1429759431331625,-0.0593445606001326,-499,-500,thymio-07
137,1788308787.5474038,-0.6968353390693665,-1.0721876621246338,-1.4068967398527932,73.07591175014642,-0.6968353390693665,0.0915907397866249,-1.0721876621246338,-0.5577627420425415,-0.5889177322387695,-0.2797877192497253,0.5136101841926575,0.915843811236602,1.0,0,0,-0.131756299097781,0.1647422695928863,-493,-443,thymio-07
138,1788308788.15493,-0.6968353390693665,-1.0721876621246338,-1.4068967398527932,72.97591175014642,-0.6968353390693665,0.0915907397866249,-1.0721876621246338,-0.5577627420425415,-0.5889177322387695,-0.2797877192497253,0.5136101841926575,0.915843811236602,1.0,0,0,-0.131756299097781,0.1647422695928863,-493,-443,thymio-07
139,1788308788.7631285,-0.7884958386421204,-1.0785197019577026,-1.5007834385934975,72.41971452126012,-0.7884958386421204,0.0921530947089195,-1.0785197019577026,-0.5655046105384827,-0.5787051320075989,-0.2557737529277801,0.5290412902832031,0.9857726833621678,1.0,0,0,-0.1243791668833808,0.0112651728848197,-444,-440,thymio-07
140,1788308789.3719327,-0.9649081826210022,-1.0725092887878418,-1.736835667169804,71.31767749361262,-0.9649081826210022,0.0939843133091926,-1.0725092887878418,-0.5854144096374512,-0.5360251069068909,-0.2245089262723922,0.5652989745140076,1.0,1.0,0,0,-0.1180401353749995,-0.2790200444646521,-377,-462,thymio-07
141,1788308789.9798377,-0.9649081826210022,-1.0725092887878418,-1.736835667169804,71.21767749361263,-0.9649081826210022,0.0939843133091926,-1.0725092887878418,-0.5854144096374512,-0.5360251069068909,-0.2245089262723922,0.5652989745140076,1.0,1.0,0,0,-0.1266155118736485,-0.2691353659604562,-409,-491,thymio-07
142,1788308790.5875614,-1.0162523984909058,-1.0668126344680786,-1.6927194756786894,70.91028441732706,-1.0162523984909058,0.0943290293216705,-1.0668126344680786,-0.5794535279273987,-0.5461288690567017,-0.2277909815311432,0.5604357719421387,1.0,1.0,0,0,-0.1289246578127703,-0.2106938706043181,-426,-490,thymio-07
143,1788308791.196098,-1.144206166267395,-1.0664875507354736,-1.339544411028854,70.12431058680725,-1.144206166267395,0.0945811420679092,-1.0664875507354736,-0.5558650493621826,-0.5986126065254211,-0.280590683221817,0.5039304494857788,1.0,1.0,0,0,-0.1246313984921383,0.2319899033428932,-478,-408,thymio-07
144,1788308791.8045044,-1.304150938987732,-1.0931289196014404,-1.2517297039779522,69.12869092739321,-1.304150938987732,0.0952722877264022,-1.0931289196014404,-0.5496688485145569,-0.6082146763801575,-0.292447566986084,0.4923551380634308,1.0,1.0,0,0,-0.1327429454398839,0.4111852394881455,-500,-410,thymio-07
145,1788308792.412285,-1.304150938987732,-1.0931289196014404,-1.2517297039779522,69.02869092739321,-1.304150938987732,0.0952722877264022,-1.0931289196014404,-0.5496688485145569,-0.6082146763801575,-0.292447566986084,0.4923551380634308,1.0,1.0,0,0,-0.137669480671223,0.4413054832603704,-500,-423,thymio-07
146,1788308793.020822,-1.4006452560424805,-1.1028015613555908,-1.561029890899814,68.44192199389578,-1.4006452560424805,0.0967853963375091,-1.1028015613555908,-0.5734182000160217,-0.5674173831939697,-0.2537209987640381,0.5337178707122803,1.0,1.0,0,0,-0.1499928463116051,0.014649420955086,-500,-500,thymio-07
147,1788308793.6291697,-1.5056625604629517,-1.096886396408081,-1.7927394387826638,67.80179024972453,-1.5056625604629517,0.0979628711938858,-1.096886396408081,-0.5902000665664673,-0.5232618451118469,-0.2109783440828323,0.5773639678955078,1.0,1.0,0,0,-0.1463207343991568,-0.3301882319058963,-470,-500,thymio-07
148,1788308794.237303,-1.5056625604629517,-1.096886396408081,-1.7927394387826638,67.70179024972454,-1.5056625604629517,0.0979628711938858,-1.096886396408081,-0.5902000665664673,-0.5232618451118469,-0.2109783440828323,0.5773639678955078,1.0,1.0,0,0,-0.1463207343991568,-0.3301882319058963,-470,-500,thymio-07
149,1788308794.8457625,-1.6690927743911743,-1.067210078239441,-1.811671384536743,66.6828319757592,-1.6690927743911743,0.1000842675566673,-1.067210078239441,-0.5939520597457886,-0.5171051025390625,-0.1972051560878753,0.5838950872421265,1.0,1.0,0,0,-0.1419547657231613,-0.3570266125447419,-450,-500,thymio-07
150,1788308795.4544628,-1.7966948747634888,-1.0451232194900513,-1.7692226822144,65.89721687023776,-1.7966948747634888,0.1012666746973991,-1.0451232194900513,-0.588414192199707,-0.5286799669265747,-0.2120419591665268,0.5738505125045776,1.0,1.0,0,0,-0.1470566998696021,-0.2956902134771755,-478,-500,thymio-07
151,1788308796.0638564,-1.9277734756469729,-1.0316177606582642,-1.6660185849001514,65.09048219901887,-1.9277734756469729,0.1023144870996475,-1.0316177606582642,-0.5801687836647034,-0.5500209331512451,-0.2361710667610168,0.5523626208305359,1.0,1.0,0,0,-0.1493204678089331,-0.1426176333141737,-500,-500,thymio-07
152,1788308796.6712227,-1.9277734756469729,-1.0316177606582642,-1.6660185849001514,64.99048219901887,-1.9277734756469729,0.1023144870996475,-1.0316177606582642,-0.5801687836647034,-0.5500209331512451,-0.2361710667610168,0.5523626208305359,1.0,1.0,0,2409,0.08,-0.1426176333141737,306,263,thymio-07
153,1788308797.280523,-2.0314414501190186,-1.0258309841156006,-1.669868433861942,64.41772190977477,-2.0314414501190186,0.1036232560873031,-1.0258309841156006,-0.5815032124519348,-0.5481885671615601,-0.244556114077568,0.5491226315498352,1.0,1.0,0,1652,-0.1492644557466848,-0.1483651747028141,-500,-500,thymio-07
154,1788308797.8883047,-2.029826641082764,-1.024813175201416,-1.6232071191784718,64.31772190977478,-2.029826641082764,0.1037120223045349,-1.024813175201416,-0.5835356116294861,-0.5539394021034241,-0.2556989192962646,0.5359621047973633,1.0,1.0,0,3024,0.08,-0.0785802018327526,296,272,thymio-07
155,1788308798.4961758,-2.029826641082764,-1.024813175201416,-1.6232071191784718,64.21772190977478,-2.029826641082764,0.1037120223045349,-1.024813175201416,-0.5835356116294861,-0.5539394021034241,-0.2556989192962646,0.5359621047973633,1.0,1.0,0,1884,-0.1497940303176306,-0.0785802018327526,-500,-500,thymio-07
156,1788308799.104154,-2.026157855987549,-1.0224889516830444,-1.522160653315811,64.11772190977479,-2.026157855987549,0.1039149761199951,-1.0224889516830444,0.5790209174156189,0.5697532296180725,0.2651626765727997,-0.5194273591041565,1.0,1.0,0,3010,0.08,0.0729247525651525,273,295,thymio-07
157,1788308799.7117138,-2.026157855987549,-1.0224889516830444,-1.522160653315811,64.01772190977479,-2.026157855987549,0.1039149761199951,-1.0224889516830444,0.5790209174156189,0.5697532296180725,0.2651626765727997,-0.5194273591041565,1.0,1.0,0,1909,-0.1498226278124673,0.0729247525651525,-500,-500,thymio-07
158,1788308800.3196642,-2.056644916534424,-1.022120475769043,-1.6178223135754664,63.8537480376168,-2.056644916534424,0.1063151732087135,-1.022120475769043,0.6096019148826599,0.5410311818122864,0.2845826148986816,-0.5046617388725281,1.0,-0.9948406116181892,0,3121,0.08,-0.6283185307179586,379,189,thymio-07
159,1788308800.9277818,-2.0520851612091064,-1.0219764709472656,-1.6519097027176346,63.7537480376168,-2.0520851612091064,0.1036018207669258,-1.0219764709472656,0.5857283473014832,0.5496609807014465,0.2453537583351135,-0.5427677035331726,1.0,-0.9903977433414828,0,1817,0.0,-0.6283185307179586,95,-95,thymio-07
160,1788308801.535394,-2.0520851612091064,-1.0219764709472656,-1.6519097027176346,63.6537480376168,-2.0520851612091064,0.1036018207669258,-1.0219764709472656,0.5857283473014832,0.5496609807014465,0.2453537583351135,-0.5427677035331726,1.0,1.0,0,0,-0.14950681701064,-0.1215366888420983,-500,-500,thymio-07
161,1788308802.1431422,-2.02198338508606,-1.0122928619384766,-0.922258232648682,63.5537480376168,-2.02198338508606,0.1035780310630798,-1.0122928619384766,0.5354688763618469,0.6331309080123901,0.3433375954627991,-0.4410642683506012,1.0,1.0,0,2994,0.08,0.6283185307179586,189,379,thymio-07
162,1788308802.751286,-2.0617339611053467,-1.0358736515045166,-0.3709474166089301,63.33276105939006,-2.0617339611053467,0.1076186820864677,-1.0358736515045166,0.5042924880981445,0.6692060232162476,0.4513373672962188,-0.3068337738513946,1.0,-0.9902412420335208,0,1932,0.0,-0.6283185307179586,95,-95,thymio-07
163,1788308803.360278,-2.0617339611053467,-1.0358736515045166,-0.3709474166089301,63.23276105939006,-2.0617339611053467,0.1076186820864677,-1.0358736515045166,0.5042924880981445,0.6692060232162476,0.4513373672962188,-0.3068337738513946,1.0,-0.9902412420335208,0,1366,0.0,-0.6283185307179586,95,-95,thymio-07
164,1788308803.9682796,-2.031586170196533,-1.0340975522994995,-0.9612412521213448,63.132761059390056,-2.031586170196533,0.1032301783561706,-1.0340975522994995,0.5401514768600464,0.6304217576980591,0.3378340899944305,-0.4434782862663269,1.0,-0.9715456527252774,0,0,0.0,-0.6283185307179586,95,-95,thymio-07
165,1788308804.576413,-2.04257607460022,-1.030073165893555,0.0135942293140298,63.03276105939005,-2.04257607460022,0.1043304428458213,-1.030073165893555,0.3770287334918976,0.7512110471725464,0.5135749578475952,-0.1725461930036544,1.0,1.0,0,0,0.0,-0.6283185307179586,95,-95,thymio-07
166,1788308805.1846983,-2.0455198287963867,-1.0312715768814087,0.0931963076530553,62.93276105939005,-2.0455198287963867,0.103569395840168,-1.0312715768814087,0.3143691122531891,0.7750270366668701,0.5398417711257935,-0.0952679738402366,1.0,1.0,2060,0,-0.08,0.6283185307179586,-379,-189,thymio-07
167,1788308805.792698,-2.0455198287963867,-1.0312715768814087,0.0931963076530553,62.83276105939005,-2.0455198287963867,0.103569395840168,-1.0312715768814087,0.3143691122531891,0.7750270366668701,0.5398417711257935,-0.0952679738402366,1.0,1.0,1539,0,0.05,0.6283185307179586,83,273,thymio-07
168,1788308806.4019103,-2.045783281326294,-1.059982180595398,0.188764090826595,62.73276105939005,-2.045783281326294,0.1024004817008972,-1.059982180595398,0.1429098397493362,0.775513768196106,0.6053755283355713,0.1080533936619758,1.0,1.0,0,0,0.028146762450705,0.6283185307179586,5,195,thymio-07
169,1788308807.0101674,-2.030564546585083,-1.0537614822387695,0.1050868711513253,62.63276105939005,-2.030564546585083,0.1034099906682968,-1.0537614822387695,0.3006835877895355,0.7746170163154602,0.551456868648529,-0.0738467499613761,1.0,1.0,0,0,0.0157340341720823,0.6283185307179586,-39,151,thymio-07
170,1788308807.6183846,-2.030564546585083,-1.0537614822387695,0.1050868711513253,62.53276105939005,-2.030564546585083,0.1034099906682968,-1.0537614822387695,0.3006835877895355,0.7746170163154602,0.551456868648529,-0.0738467499613761,1.0,1.0,0,0,0.0157340341720823,0.6283185307179586,-39,151,thymio-07
171,1788308808.226354,-2.0039584636688232,-1.0284814834594729,-0.2791610813385259,62.432761059390046,-2.0039584636688232,0.1032738015055656,-1.0284814834594729,0.4661560654640198,0.7027570009231567,0.4217723309993744,-0.33307546377182,1.0,1.0,0,0,-0.0413323956104049,0.6283185307179586,-242,-52,thymio-07
172,1788308808.8341932,-1.9875491857528689,-1.0271730422973633,-1.1280010555321924,62.332761059390045,-1.9875491857528689,0.1025655344128608,-1.0271730422973633,0.5376426577568054,0.6204561591148376,0.3086725175380707,-0.4803082346916199,1.0,1.0,0,1269,-0.1355336270653648,0.6283185307179586,-500,-387,thymio-07
173,1788308809.4432838,-1.9946367740631104,-1.0312756299972534,-1.7678564489645483,62.23276105939004,-1.9946367740631104,0.1026700511574745,-1.0312756299972534,0.5830678343772888,0.5309323668479919,0.2084861844778061,-0.5785121917724609,1.0,1.0,0,3898,0.08,-0.2936808006058214,329,240,thymio-07
174,1788308810.0515728,-1.9946367740631104,-1.0312756299972534,-1.7678564489645483,62.13276105939004,-1.9946367740631104,0.1026700511574745,-1.0312756299972534,0.5830678343772888,0.5309323668479919,0.2084861844778061,-0.5785121917724609,1.0,1.0,0,2207,0.08,-0.2936808006058214,329,240,thymio-07
175,1788308810.6593292,-2.0628459453582764,-1.0098353624343872,-2.1065411546546904,61.75753677492314,-2.0628459453582764,0.1065171360969543,-1.0098353624343872,0.6264389753341675,0.4150972068309784,0.1554428786039352,-0.6411756277084351,1.0,1.0,0,0,-0.1263863360207035,-0.6283185307179586,-354,-500,thymio-07
176,1788308811.2677124,-1.9740302562713623,-1.034231185913086,-1.8111120097477371,61.65753677492314,-1.9740302562713623,0.102644495666027,-1.034231185913086,0.5879114270210266,0.5196574926376343,0.1974469125270843,-0.5876486897468567,1.0,1.0,0,1729,-0.1418781716291888,-0.3372095357848054,-453,-500,thymio-07
177,1788308811.875796,-1.9740302562713623,-1.034231185913086,-1.8111120097477371,61.557536774923136,-1.9740302562713623,0.102644495666027,-1.034231185913086,0.5879114270210266,0.5196574926376343,0.1974469125270843,-0.5876486897468567,1.0,1.0,0,3138,0.08,-0.3372095357848054,335,233,thymio-07
178,1788308812.484121,-2.062339782714844,-1.0216065645217896,-1.7321240339057085,61.07157525292844,-2.062339782714844,0.1076386123895645,-1.0216065645217896,0.629286527633667,0.5179622769355774,0.2576152384281158,-0.5189873576164246,1.0,1.0,0,1820,-0.1439804844200927,-0.2260941534566167,-477,-500,thymio-07
179,1788308813.091924,-2.016073942184448,-1.019563913345337,-1.4133932662334447,60.97157525292844,-2.016073942184448,0.1034681722521781,-1.019563913345337,0.5777799487113953,0.5806177854537964,0.2889378666877746,-0.4955483973026275,1.0,1.0,0,2885,0.08,0.2342484359593657,249,320,thymio-07
180,1788308813.6994998,-2.016073942184448,-1.019563913345337,-1.4133932662334447,60.87157525292844,-2.016073942184448,0.1034681722521781,-1.019563913345337,0.5777799487113953,0.5806177854537964,0.2889378666877746,-0.4955483973026275,1.0,1.0,0,1826,-0.1433184064617371,0.2342484359593657,-500,-474,thymio-07
181,1788308814.3084073,-2.05570125579834,-1.0212067365646362,-1.5106489689433076,60.657697111541246,-2.05570125579834,0.1061790883541107,-1.0212067365646362,0.6012899279594421,0.5590003728866577,0.291204959154129,-0.4910894632339477,1.0,1.0,0,3134,0.08,0.0923382541437564,270,298,thymio-07
182,1788308814.9162896,-2.0611767768859863,-1.0196075439453125,-1.7117318456268638,60.557697111541245,-2.0611767768859863,0.1066832914948463,-1.0196075439453125,0.6210477948188782,0.5251681804656982,0.2553810179233551,-0.5227605104446411,1.0,1.0,0,1880,-0.1437707200402436,-0.2014953530171946,-480,-500,thymio-07
183,1788308815.5254653,-2.0247278213500977,-1.0232064723968506,-1.755145578284775,60.45769711154124,-2.0247278213500977,0.1034080237150192,-1.0232064723968506,0.5957335233688354,0.5285562872886658,0.2283820360898971,-0.5599745512008667,1.0,1.0,0,3323,0.08,-0.2635274539834431,324,244,thymio-07
184,1788308816.1336913,-2.0247278213500977,-1.0232064723968506,-1.755145578284775,60.35769711154124,-2.0247278213500977,0.1034080237150192,-1.0232064723968506,0.5957335233688354,0.5285562872886658,0.2283820360898971,-0.5599745512008667,1.0,1.0,0,1945,-0.1422743901044784,-0.2635274539834431,-466,-500,thymio-07
185,1788308816.742691,-2.043900489807129,-1.019691824913025,-1.6942595693043052,60.25468507361644,-2.043900489807129,0.104060873389244,-1.019691824913025,0.5917325019836426,0.5409380793571472,0.2360486835241317,-0.5491081476211548,1.0,1.0,0,3127,0.08,-0.1776828891941472,311,257,thymio-07
186,1788308817.3508954,-2.043900489807129,-1.019691824913025,-1.6942595693043052,60.154685073616434,-2.043900489807129,0.104060873389244,-1.019691824913025,0.5917325019836426,0.5409380793571472,0.2360486835241317,-0.5491081476211548,1.0,1.0,0,1928,-0.1432380826458081,-0.1776828891941472,-482,-500,thymio-07
187,1788308817.9596407,-2.040513515472412,-1.0177558660507202,-1.5907625332771476,60.05468507361643,-2.040513515472412,0.104808285832405,-1.0177558660507202,0.5846677422523499,0.5566706657409668,0.2689380943775177,-0.5253130197525024,1.0,1.0,0,2846,0.08,-0.031779266584959,289,279,thymio-07
188,1788308818.568167,-2.0584518909454346,-1.016821265220642,-1.6376678512914271,59.93712626378558,-2.0584518909454346,0.1086493879556655,-1.016821265220642,0.6240822076797485,0.530187726020813,0.2963577210903168,-0.4915225505828857,1.0,-0.9967954906679944,0,1896,0.0,-0.6283185307179586,95,-95,thymio-07
189,1788308819.1764462,-2.0584518909454346,-1.016821265220642,-1.6376678512914271,59.83712626378558,-2.0584518909454346,0.1086493879556655,-1.016821265220642,0.6240822076797485,0.530187726020813,0.2963577210903168,-0.4915225505828857,1.0,-0.9967954906679944,0,1404,0.0,-0.6283185307179586,95,-95,thymio-07
190,1788308819.7857482,-2.017422914505005,-1.0147569179534912,-1.411262833728123,59.737126263785576,-2.017422914505005,0.1040211915969848,-1.0147569179534912,0.5692856311798096,0.5840955376625061,0.2850708663463592,-0.5034688115119934,1.0,-0.9565937712466908,0,0,0.0,-0.6283185307179586,95,-95,thymio-07
191,1788308820.3941596,-2.028737783432007,-1.0096900463104248,-0.2725553644300902,59.637126263785575,-2.028737783432007,0.1075681746006012,-1.0096900463104248,0.4932579696178436,0.6729615330696106,0.5292960405349731,-0.1538348942995071,1.0,1.0,0,0,0.0,-0.6283185307179586,95,-95,thymio-07
192,1788308821.0030258,-2.0357232093811035,-1.0132638216018677,0.1144926633081504,59.53712626378557,-2.0357232093811035,0.1037584468722343,-1.0132638216018677,0.287117600440979,0.7746706008911133,0.56088787317276,-0.0534216538071632,1.0,1.0,0,0,0.05,0.6283185307179586,83,273,thymio-07
193,1788308821.6120107,-2.0357232093811035,-1.0132638216018677,0.1144926633081504,59.43712626378557,-2.0357232093811035,0.1037584468722343,-1.0132638216018677,0.287117600440979,0.7746706008911133,0.56088787317276,-0.0534216538071632,1.0,1.0,0,0,0.05,0.6283185307179586,83,273,thymio-07
194,1788308822.2212164,-2.039163827896118,-0.99738347530365,0.1490137482188775,59.33712626378557,-2.039163827896118,0.1037160977721214,-0.99738347530365,0.2342336326837539,0.7779855132102966,0.5828980803489685,0.0101474290713667,1.0,1.0,0,0,0.0210213887634083,0.6283185307179586,-20,170,thymio-07
195,1788308822.8295853,-2.0122056007385254,-0.9406247138977052,-0.0428874237694341,59.23712626378557,-2.0122056007385254,0.1043333932757377,-0.9406247138977052,0.4051557779312134,0.743084192276001,0.4770010113716125,-0.2369488328695297,1.0,1.0,0,0,-0.0064311416424475,0.6283185307179586,-118,72,thymio-07
196,1788308823.4375942,-1.995996356010437,-0.9332180619239808,-0.4935138385221322,59.13712626378557,-1.995996356010437,0.1033537089824676,-0.9332180619239808,0.4933633208274841,0.6825204491615295,0.3818941116333008,-0.3806775212287903,1.0,1.0,0,0,-0.0710585027338019,0.6283185307179586,-347,-158,thymio-07
197,1788308824.0450332,-1.995996356010437,-0.9332180619239808,-0.4935138385221322,59.03712626378557,-1.995996356010437,0.1033537089824676,-0.9332180619239808,0.4933633208274841,0.6825204491615295,0.3818941116333008,-0.3806775212287903,1.0,1.0,0,1565,-0.0710585027338019,0.6283185307179586,-347,-158,thymio-07
