tick,timestamp,x,y,heading,battery,raw_x,raw_y,raw_z,qx,qy,qz,qw,front_d,back_d,ir_front_max,ir_rear_max,v,w,left,right,hostname
1,1788225033.6592329,10000.0,10000.0,0.0,100.0,0.1150920987129211,0.1086053922772407,0.7360455393791199,0.1948627978563308,0.7650379538536072,0.6112760305404663,0.0555622354149818,1.0,1.0,0,0,-9.184850993605149e-18,0.6283185307179586,-95,95,thymio-08
2,1788225034.2623477,2.795940399169922,-0.2226692587137222,-0.3084563260776787,100.0,2.795940399169922,0.0805819407105445,-0.2226692587137222,-0.2975815236568451,0.520420491695404,0.5556267499923706,0.5760961174964905,-0.65436592211721,-0.6525093338242678,0,0,-0.0776356690569532,0.6283185307179586,-371,-181,thymio-08
3,1788225034.8709433,2.795940399169922,-0.2226692587137222,-0.3084563260776787,99.9,2.795940399169922,0.0805819407105445,-0.2226692587137222,-0.2975815236568451,0.520420491695404,0.5556267499923706,0.5760961174964905,-0.65436592211721,-0.6525093338242678,0,0,-0.0776356690569532,0.6283185307179586,-371,-181,thymio-08
4,1788225035.479291,2.787254810333252,-0.2318528443574905,0.1564464150327391,99.8,2.787254810333252,0.0815651640295982,-0.2318528443574905,-0.1898308545351028,0.6088765859603882,0.596739649772644,0.4869655668735504,-0.63285265680942,-0.6566559135842913,0,0,-0.0197028000086722,0.6283185307179586,-165,25,thymio-08
5,1788225036.0872164,2.787254810333252,-0.2318528443574905,0.1564464150327391,99.70000000000002,2.787254810333252,0.0815651640295982,-0.2318528443574905,-0.1898308545351028,0.6088765859603882,0.596739649772644,0.4869655668735504,-0.63285265680942,-0.6566559135842913,0,1913,-0.0197028000086722,0.6283185307179586,-165,25,thymio-08
6,1788225036.6908128,10000.0,10000.0,0.0,99.70000000000002,2.787254810333252,0.0815651640295982,-0.2318528443574905,-0.1898308545351028,0.6088765859603882,0.596739649772644,0.4869655668735504,1.0,1.0,0,1473,-0.03,0.6283185307179586,-201,-12,thymio-08
7,1788225037.2949314,2.8578903675079346,-0.1665337234735489,0.3955268541939789,99.70000000000002,2.8578903675079346,0.0811738893389701,-0.1665337234735489,0.1264562755823135,0.7593454122543335,0.6146183013916016,0.1721849590539932,-0.508938603896103,-0.6811808334775995,0,0,-0.0,0.6283185307179586,-95,95,thymio-08
8,1788225037.9035866,2.8578903675079346,-0.1665337234735489,0.3955268541939789,99.60000000000002,2.8578903675079346,0.0811738893389701,-0.1665337234735489,0.1264562755823135,0.7593454122543335,0.6146183013916016,0.1721849590539932,-0.508938603896103,-0.6811808334775995,0,0,0.0,0.6283185307179586,-95,95,thymio-08
9,1788225038.506984,10000.0,10000.0,0.0,99.60000000000002,2.8578903675079346,0.0811738893389701,-0.1665337234735489,0.1264562755823135,0.7593454122543335,0.6146183013916016,0.1721849590539932,1.0,1.0,0,0,-9.184850993605149e-18,0.6283185307179586,-95,95,thymio-08
10,1788225039.110719,2.871126174926758,-0.1518523693084716,-0.0301501759224542,99.60000000000002,2.871126174926758,0.0812434554100036,-0.1518523693084716,0.4679363965988159,0.69207763671875,0.4203919470310211,-0.3540263772010803,-0.4381158750319428,-0.4346816885128006,0,0,-0.0407229917439964,0.6283185307179586,-240,-50,thymio-08
11,1788225039.718824,2.871126174926758,-0.1518523693084716,-0.0301501759224542,99.50000000000004,2.871126174926758,0.0812434554100036,-0.1518523693084716,0.4679363965988159,0.69207763671875,0.4203919470310211,-0.3540263772010803,-0.4381158750319428,-0.4346816885128006,0,0,-0.0407229917439964,0.6283185307179586,-240,-50,thymio-08
12,1788225040.322196,10000.0,10000.0,0.0,99.50000000000004,2.871126174926758,0.0812434554100036,-0.1518523693084716,0.4679363965988159,0.69207763671875,0.4203919470310211,-0.3540263772010803,1.0,1.0,0,0,-9.184850993605149e-18,0.6283185307179586,-95,95,thymio-08
13,1788225040.9265034,2.8820433616638184,-0.1394893527030944,-1.773261675403916,99.50000000000004,2.8820433616638184,0.0808315277099609,-0.1394893527030944,0.6261661648750305,0.4257634878158569,0.1220853477716445,-0.6416671276092529,-0.7946278321098074,1.0,0,0,-0.0371192229837148,-0.6283185307179586,-37,-227,thymio-08
14,1788225041.5344095,2.8820433616638184,-0.1394893527030944,-1.773261675403916,99.40000000000003,2.8820433616638184,0.0808315277099609,-0.1394893527030944,0.6261661648750305,0.4257634878158569,0.1220853477716445,-0.6416671276092529,-0.7946278321098074,1.0,0,0,-0.0371192229837148,-0.6283185307179586,-37,-227,thymio-08
15,1788225042.1381445,10000.0,10000.0,0.0,99.40000000000003,2.8820433616638184,0.0808315277099609,-0.1394893527030944,0.6261661648750305,0.4257634878158569,0.1220853477716445,-0.6416671276092529,1.0,1.0,0,0,-9.184850993605149e-18,0.6283185307179586,-95,95,thymio-08
16,1788225042.7414715,2.8096189498901367,-0.162465363740921,-1.9387376677417203,99.40000000000003,2.8096189498901367,0.0825196802616119,-0.162465363740921,0.640389621257782,0.2943725883960724,0.027176808565855,-0.7088775634765625,-0.7142179473246387,1.0,0,0,-0.1017687703509904,-0.6283185307179586,-267,-456,thymio-08
17,1788225043.349695,2.8096189498901367,-0.162465363740921,-1.9387376677417203,99.30000000000004,2.8096189498901367,0.0825196802616119,-0.162465363740921,0.640389621257782,0.2943725883960724,0.027176808565855,-0.7088775634765625,-0.7142179473246387,1.0,0,0,-0.1017687703509904,-0.6283185307179586,-267,-456,thymio-08
18,1788225043.9527106,10000.0,10000.0,0.0,99.30000000000004,2.8096189498901367,0.0825196802616119,-0.162465363740921,0.640389621257782,0.2943725883960724,0.027176808565855,-0.7088775634765625,1.0,1.0,0,0,-9.184850993605149e-18,0.6283185307179586,-95,95,thymio-08
19,1788225044.5565622,2.735646724700928,-0.189695656299591,-1.9162855948911175,99.30000000000004,2.735646724700928,0.0827944725751876,-0.189695656299591,0.6416858434677124,0.3186896741390228,0.0451062507927417,-0.6961620450019836,-0.6793838454320282,1.0,0,0,-0.1297753882726493,-0.6283185307179586,-366,-500,thymio-08
20,1788225045.1642551,2.735646724700928,-0.189695656299591,-1.9162855948911175,99.20000000000005,2.735646724700928,0.0827944725751876,-0.189695656299591,0.6416858434677124,0.3186896741390228,0.0451062507927417,-0.6961620450019836,-0.6793838454320282,1.0,0,0,-0.1297753882726493,-0.6283185307179586,-366,-500,thymio-08
21,1788225045.7740626,10000.0,10000.0,0.0,99.20000000000005,2.735646724700928,0.0827944725751876,-0.189695656299591,0.6416858434677124,0.3186896741390228,0.0451062507927417,-0.6961620450019836,1.0,1.0,0,0,-9.184850993605149e-18,0.6283185307179586,-95,95,thymio-08
22,1788225046.377597,2.6359496116638184,-0.2535661160945892,-1.9297791508895077,99.20000000000005,2.6359496116638184,0.0833588764071464,-0.2535661160945892,0.6342794299125671,0.3215600550174713,0.0547441951930522,-0.7009221911430359,-0.5959391222923824,1.0,0,0,-0.1968649456769245,-0.6283185307179586,-500,-500,thymio-08
23,1788225046.9857433,2.6359496116638184,-0.2535661160945892,-1.9297791508895077,99.10000000000004,2.6359496116638184,0.0833588764071464,-0.2535661160945892,0.6342794299125671,0.3215600550174713,0.0547441951930522,-0.7009221911430359,-0.5959391222923824,1.0,0,0,-0.1968649456769245,-0.6283185307179586,-500,-500,thymio-08
24,1788225047.5896251,10000.0,10000.0,0.0,99.10000000000004,2.6359496116638184,0.0833588764071464,-0.2535661160945892,0.6342794299125671,0.3215600550174713,0.0547441951930522,-0.7009221911430359,1.0,1.0,0,0,-9.184850993605149e-18,0.6283185307179586,-95,95,thymio-08
25,1788225048.1927333,2.474785566329956,-0.3463289737701416,-1.8909540110198664,99.10000000000004,2.474785566329956,0.0850452110171318,-0.3463289737701416,0.6484511494636536,0.2996533513069153,0.0038265802431851,-0.6997888684272766,-0.525027566052575,1.0,0,0,-0.2,0.6283185307179586,-500,-500,thymio-08
26,1788225048.801089,2.474785566329956,-0.3463289737701416,-1.8909540110198664,99.00000000000006,2.474785566329956,0.0850452110171318,-0.3463289737701416,0.6484511494636536,0.2996533513069153,0.0038265802431851,-0.6997888684272766,-0.525027566052575,1.0,0,0,-0.2,0.6283185307179586,-500,-500,thymio-08
27,1788225049.4048555,10000.0,10000.0,0.0,99.00000000000006,2.474785566329956,0.0850452110171318,-0.3463289737701416,0.6484511494636536,0.2996533513069153,0.0038265802431851,-0.6997888684272766,1.0,1.0,0,0,-9.184850993605149e-18,0.6283185307179586,-95,95,thymio-08
28,1788225050.0088031,2.31113338470459,-0.3871322870254516,-1.9865340152590365,99.00000000000006,2.31113338470459,0.0843358039855957,-0.3871322870254516,0.6307736039161682,0.176998421549797,-0.0706463530659675,-0.7522004246711731,-0.2677833396505732,1.0,0,0,-0.2,-0.6283185307179586,-500,-500,thymio-08
29,1788225050.616349,2.31113338470459,-0.3871322870254516,-1.9865340152590365,98.90000000000006,2.31113338470459,0.0843358039855957,-0.3871322870254516,0.6307736039161682,0.176998421549797,-0.0706463530659675,-0.7522004246711731,-0.2677833396505732,1.0,0,0,-0.2,-0.6283185307179586,-500,-500,thymio-08
30,1788225051.2195086,10000.0,10000.0,0.0,98.90000000000006,2.31113338470459,0.0843358039855957,-0.3871322870254516,0.6307736039161682,0.176998421549797,-0.0706463530659675,-0.7522004246711731,1.0,1.0,0,0,-9.184850993605149e-18,0.6283185307179586,-95,95,thymio-08
31,1788225051.823216,2.2515199184417725,-0.3960013091564178,-1.960668774230877,98.90000000000006,2.2515199184417725,0.0845798850059509,-0.3960013091564178,0.6124696731567383,0.0609092749655246,-0.1835677176713943,-0.7664684653282166,-0.2003399891392004,1.0,0,0,-0.2,-0.6283185307179586,-500,-500,thymio-08
32,1788225052.4319036,2.2515199184417725,-0.3960013091564178,-1.960668774230877,98.80000000000008,2.2515199184417725,0.0845798850059509,-0.3960013091564178,0.6124696731567383,0.0609092749655246,-0.1835677176713943,-0.7664684653282166,-0.2003399891392004,1.0,0,0,-0.2,-0.6283185307179586,-500,-500,thymio-08
33,1788225053.035107,10000.0,10000.0,0.0,98.80000000000008,2.2515199184417725,0.0845798850059509,-0.3960013091564178,0.6124696731567383,0.0609092749655246,-0.1835677176713943,-0.7664684653282166,1.0,1.0,0,0,-9.184850993605149e-18,0.6283185307179586,-95,95,thymio-08
34,1788225053.638551,2.051043033599853,-0.3457557260990143,-1.9339346981875083,98.80000000000008,2.051043033599853,0.0864942744374275,-0.3457557260990143,0.5877967476844788,-0.0337045714259147,-0.260164350271225,-0.7652930617332458,-0.3426574477317837,1.0,0,0,-0.1287167198277776,-0.2276496086816909,-423,-492,thymio-08
35,1788225054.2465155,2.051043033599853,-0.3457557260990143,-1.9339346981875083,98.70000000000007,2.051043033599853,0.0864942744374275,-0.3457557260990143,0.5877967476844788,-0.0337045714259147,-0.260164350271225,-0.7652930617332458,-0.3426574477317837,1.0,0,0,-0.1287167198277776,-0.2276496086816909,-423,-492,thymio-08
36,1788225054.8502889,10000.0,10000.0,0.0,98.70000000000007,2.051043033599853,0.0864942744374275,-0.3457557260990143,0.5877967476844788,-0.0337045714259147,-0.260164350271225,-0.7652930617332458,1.0,1.0,0,0,-9.184850993605149e-18,0.6283185307179586,-95,95,thymio-08
37,1788225055.4536617,1.8701435327529907,-0.22789266705513,-1.9040240716254904,98.70000000000007,1.8701435327529907,0.0888033658266067,-0.22789266705513,0.5617613196372986,-0.0943475142121315,-0.3048805892467499,-0.7632631063461304,-0.2038576035588758,1.0,0,0,-0.041818743112511,0.2596196721311793,-188,-109,thymio-08
38,1788225056.0613031,1.8701435327529907,-0.22789266705513,-1.9040240716254904,98.60000000000008,1.8701435327529907,0.0888033658266067,-0.22789266705513,0.5617613196372986,-0.0943475142121315,-0.3048805892467499,-0.7632631063461304,-0.2038576035588758,1.0,0,0,-0.041818743112511,0.2596196721311793,-188,-109,thymio-08
39,1788225056.6651442,10000.0,10000.0,0.0,98.60000000000008,1.8701435327529907,0.0888033658266067,-0.22789266705513,0.5617613196372986,-0.0943475142121315,-0.3048805892467499,-0.7632631063461304,1.0,1.0,0,0,-9.184850993605149e-18,0.6283185307179586,-95,95,thymio-08
40,1788225057.2680812,1.826488375663757,-0.1876107454299926,-1.63290708514604,98.60000000000008,1.826488375663757,0.0890574604272842,-0.1876107454299926,0.4575096368789673,-0.3044374883174896,-0.444285124540329,-0.7075405120849609,-0.2130217256067125,1.0,0,0,-0.0415472716254283,0.0886414672923881,-161,-134,thymio-08
41,1788225057.875882,1.826488375663757,-0.1876107454299926,-1.63290708514604,98.50000000000009,1.826488375663757,0.0890574604272842,-0.1876107454299926,0.4575096368789673,-0.3044374883174896,-0.444285124540329,-0.7075405120849609,-0.2130217256067125,1.0,0,0,-0.0415472716254283,0.0886414672923881,-161,-134,thymio-08
42,1788225058.4790685,10000.0,10000.0,0.0,98.50000000000009,1.826488375663757,0.0890574604272842,-0.1876107454299926,0.4575096368789673,-0.3044374883174896,-0.444285124540329,-0.7075405120849609,1.0,1.0,0,0,-9.184850993605149e-18,0.6283185307179586,-95,95,thymio-08
43,1788225059.0826447,10000.0,10000.0,0.0,98.50000000000009,1.826488375663757,0.0890574604272842,-0.1876107454299926,0.4575096368789673,-0.3044374883174896,-0.444285124540329,-0.7075405120849609,1.0,1.0,0,0,-9.184850993605149e-18,0.6283185307179586,-95,95,thymio-08
44,1788225059.6862383,1.82197105884552,-0.1453268527984619,-0.4668645838663519,98.50000000000009,1.82197105884552,0.089345745742321,-0.1453268527984619,0.3086035251617431,-0.4981547594070434,-0.5511126518249512,-0.594037652015686,-0.2854408989655375,1.0,0,0,-0.0520461162238527,0.320577548633854,-233,-137,thymio-08
45,1788225060.2950811,1.82197105884552,-0.1453268527984619,-0.4668645838663519,98.40000000000008,1.82197105884552,0.089345745742321,-0.1453268527984619,0.3086035251617431,-0.4981547594070434,-0.5511126518249512,-0.594037652015686,-0.2854408989655375,1.0,0,0,-0.0520461162238527,0.320577548633854,-233,-137,thymio-08
46,1788225060.903046,1.8245058059692385,-0.1279739439487457,0.4039330033190635,98.3000000000001,1.8245058059692385,0.0892017781734466,-0.1279739439487457,0.0037566469982266,-0.7157513499259949,-0.6358599066734314,-0.288735568523407,-0.2638863515838061,-0.20930186385323,0,0,0.1123557864950819,0.6283185307179586,304,494,thymio-08
47,1788225061.510955,1.8245058059692385,-0.1279739439487457,0.4039330033190635,98.2000000000001,1.8245058059692385,0.0892017781734466,-0.1279739439487457,0.0037566469982266,-0.7157513499259949,-0.6358599066734314,-0.288735568523407,-0.2638863515838061,-0.20930186385323,0,0,0.1123557864950819,0.6283185307179586,304,494,thymio-08
48,1788225062.1142635,10000.0,10000.0,0.0,98.2000000000001,1.8245058059692385,0.0892017781734466,-0.1279739439487457,0.0037566469982266,-0.7157513499259949,-0.6358599066734314,-0.288735568523407,1.0,1.0,0,0,-9.184850993605149e-18,0.6283185307179586,-95,95,thymio-08
49,1788225062.717944,1.814560890197754,-0.1274638026952743,0.4199415783555853,98.2000000000001,1.814560890197754,0.0892596617341041,-0.1274638026952743,-0.0503899492323398,-0.7346794009208679,-0.6356186270713806,-0.2317240238189697,-0.2130838521034276,-0.3659988513521016,0,0,0.1383526281448909,0.6283185307179586,397,500,thymio-08
50,1788225063.3258204,1.814560890197754,-0.1274638026952743,0.4199415783555853,98.10000000000012,1.814560890197754,0.0892596617341041,-0.1274638026952743,-0.0503899492323398,-0.7346794009208679,-0.6356186270713806,-0.2317240238189697,-0.2130838521034276,-0.3659988513521016,0,0,0.1383526281448909,0.6283185307179586,397,500,thymio-08
51,1788225063.929582,10000.0,10000.0,0.0,98.10000000000012,1.814560890197754,0.0892596617341041,-0.1274638026952743,-0.0503899492323398,-0.7346794009208679,-0.6356186270713806,-0.2317240238189697,1.0,1.0,0,0,-9.184850993605149e-18,0.6283185307179586,-95,95,thymio-08
52,1788225064.532846,1.6110550165176392,-0.0271072927862405,0.24261532872063,98.10000000000012,1.6110550165176392,0.0912531092762947,-0.0271072927862405,-0.3929464519023895,-0.7451409101486206,-0.507559597492218,0.1809456795454025,-0.3282264427088815,-0.1782444820969903,0,0,-0.0612211826219744,0.6283185307179586,-312,-123,thymio-08
53,1788225065.1411848,1.6110550165176392,-0.0271072927862405,0.24261532872063,98.00000000000011,1.6110550165176392,0.0912531092762947,-0.0271072927862405,-0.3929464519023895,-0.7451409101486206,-0.507559597492218,0.1809456795454025,-0.3282264427088815,-0.1782444820969903,0,0,-0.0612211826219744,0.6283185307179586,-312,-123,thymio-08
54,1788225065.744707,10000.0,10000.0,0.0,98.00000000000011,1.6110550165176392,0.0912531092762947,-0.0271072927862405,-0.3929464519023895,-0.7451409101486206,-0.507559597492218,0.1809456795454025,1.0,1.0,0,0,-9.184850993605149e-18,0.6283185307179586,-95,95,thymio-08
55,1788225066.3486943,1.58562433719635,0.0066412412561476,-0.5947757362865285,98.00000000000011,1.58562433719635,0.0917082652449607,0.0066412412561476,-0.5379924178123474,-0.6373987793922424,-0.354081779718399,0.4229811728000641,-0.3574065758253406,1.0,0,0,-0.1227513558205478,-0.3457706888464418,-384,-488,thymio-08
56,1788225066.956853,1.58562433719635,0.0066412412561476,-0.5947757362865285,97.90000000000012,1.58562433719635,0.0917082652449607,0.0066412412561476,-0.5379924178123474,-0.6373987793922424,-0.354081779718399,0.4229811728000641,-0.3574065758253406,1.0,0,0,-0.1227513558205478,-0.3457706888464418,-384,-488,thymio-08
57,1788225067.560418,10000.0,10000.0,0.0,97.90000000000012,1.58562433719635,0.0917082652449607,0.0066412412561476,-0.5379924178123474,-0.6373987793922424,-0.354081779718399,0.4229811728000641,1.0,1.0,0,0,-9.184850993605149e-18,0.6283185307179586,-95,95,thymio-08
58,1788225068.1642892,1.504390835762024,-0.1300843656063079,-1.652560507047698,97.90000000000012,1.504390835762024,0.0918211787939071,-0.1300843656063079,-0.6135265827178955,-0.4835230112075805,-0.1870415061712265,0.5956560373306274,-0.1354907019554591,1.0,0,0,-0.0470722131442893,-0.054409960704124,-159,-175,thymio-08
59,1788225068.772251,1.504390835762024,-0.1300843656063079,-1.652560507047698,97.80000000000013,1.504390835762024,0.0918211787939071,-0.1300843656063079,-0.6135265827178955,-0.4835230112075805,-0.1870415061712265,0.5956560373306274,-0.1354907019554591,1.0,0,0,-0.0470722131442893,-0.054409960704124,-159,-175,thymio-08
60,1788225069.3760383,10000.0,10000.0,0.0,97.80000000000013,1.504390835762024,0.0918211787939071,-0.1300843656063079,-0.6135265827178955,-0.4835230112075805,-0.1870415061712265,0.5956560373306274,1.0,1.0,0,0,-9.184850993605149e-18,0.6283185307179586,-95,95,thymio-08
61,1788225069.9793155,1.451449632644653,-0.1917758584022522,-1.7948169917826928,97.80000000000013,1.451449632644653,0.0916720479726791,-0.1917758584022522,-0.6253891587257385,-0.4218738079071045,-0.1302265077829361,0.6433910727500916,-0.0979275483673541,1.0,0,0,-0.0541855848028529,0.0158608236429927,-195,-190,thymio-08
62,1788225070.5872629,1.451449632644653,-0.1917758584022522,-1.7948169917826928,97.70000000000012,1.451449632644653,0.0916720479726791,-0.1917758584022522,-0.6253891587257385,-0.4218738079071045,-0.1302265077829361,0.6433910727500916,-0.0979275483673541,1.0,0,0,-0.0541855848028529,0.0158608236429927,-195,-190,thymio-08
63,1788225071.190523,10000.0,10000.0,0.0,97.70000000000012,1.451449632644653,0.0916720479726791,-0.1917758584022522,-0.6253891587257385,-0.4218738079071045,-0.1302265077829361,0.6433910727500916,1.0,1.0,0,0,-9.184850993605149e-18,0.6283185307179586,-95,95,thymio-08
64,1788225071.794393,10000.0,10000.0,0.0,97.70000000000012,1.451449632644653,0.0916720479726791,-0.1917758584022522,-0.6253891587257385,-0.4218738079071045,-0.1302265077829361,0.6433910727500916,1.0,1.0,0,0,-9.184850993605149e-18,0.6283185307179586,-95,95,thymio-08
65,1788225072.3973222,1.3935517072677612,-0.2245391011238098,-1.9017073409006915,97.70000000000012,1.3935517072677612,0.0906260386109352,-0.2245391011238098,-0.6341639757156372,-0.2905429303646087,0.0062313620001077,0.716506838798523,-0.1012441590278533,1.0,0,0,-0.0561970271916879,0.0066590302759558,-201,-199,thymio-08
66,1788225073.0054114,1.3935517072677612,-0.2245391011238098,-1.9017073409006915,97.60000000000014,1.3935517072677612,0.0906260386109352,-0.2245391011238098,-0.6341639757156372,-0.2905429303646087,0.0062313620001077,0.716506838798523,-0.1012441590278533,1.0,0,0,-0.0561970271916879,0.0066590302759558,-201,-199,thymio-08
67,1788225073.6086676,10000.0,10000.0,0.0,97.60000000000014,1.3935517072677612,0.0906260386109352,-0.2245391011238098,-0.6341639757156372,-0.2905429303646087,0.0062313620001077,0.716506838798523,1.0,1.0,0,0,-9.184850993605149e-18,0.6283185307179586,-95,95,thymio-08
68,1788225074.2121203,1.3603368997573853,-0.2213795483112335,-1.914733941565271,97.60000000000014,1.3603368997573853,0.0918682217597961,-0.2213795483112335,-0.5902503728866577,0.0308644603937864,0.269849956035614,0.7601532936096191,-0.2031021960986043,-0.0613372549259819,0,0,-0.0705931189083291,0.0146465370182955,-253,-249,thymio-08
69,1788225074.820391,1.3603368997573853,-0.2213795483112335,-1.914733941565271,97.50000000000014,1.3603368997573853,0.0918682217597961,-0.2213795483112335,-0.5902503728866577,0.0308644603937864,0.269849956035614,0.7601532936096191,-0.2031021960986043,-0.0613372549259819,0,0,-0.0705931189083291,0.0146465370182955,-253,-249,thymio-08
70,1788225075.4234426,10000.0,10000.0,0.0,97.50000000000014,1.3603368997573853,0.0918682217597961,-0.2213795483112335,-0.5902503728866577,0.0308644603937864,0.269849956035614,0.7601532936096191,1.0,1.0,0,0,-9.184850993605149e-18,0.6283185307179586,-95,95,thymio-08
71,1788225076.027068,1.2840553522109983,-0.163248136639595,-1.88893316179851,97.50000000000014,1.2840553522109983,0.0917795374989509,-0.163248136639595,-0.5342550873756409,0.1756601333618164,0.3439362943172455,0.751945972442627,-0.2843898044074265,1.0,0,0,-0.112432496376919,0.0432497629399994,-406,-393,thymio-08
72,1788225076.6344862,1.2840553522109983,-0.163248136639595,-1.88893316179851,97.40000000000016,1.2840553522109983,0.0917795374989509,-0.163248136639595,-0.5342550873756409,0.1756601333618164,0.3439362943172455,0.751945972442627,-0.2843898044074265,1.0,0,0,-0.112432496376919,0.0432497629399994,-406,-393,thymio-08
73,1788225077.2376068,10000.0,10000.0,0.0,97.40000000000016,1.2840553522109983,0.0917795374989509,-0.163248136639595,-0.5342550873756409,0.1756601333618164,0.3439362943172455,0.751945972442627,1.0,1.0,0,0,-9.184850993605149e-18,0.6283185307179586,-95,95,thymio-08
74,1788225077.841196,1.2252252101898191,-0.0469966456294059,-1.5459341517887544,97.40000000000016,1.2252252101898191,0.0924849063158035,-0.0469966456294059,-0.4388253390789032,0.3184268474578857,0.4615513384342193,0.7021446228027344,-0.2926305031087559,1.0,0,0,-0.1210345422482607,0.3260108007886067,-479,-381,thymio-08
75,1788225078.4487104,1.2252252101898191,-0.0469966456294059,-1.5459341517887544,97.30000000000015,1.2252252101898191,0.0924849063158035,-0.0469966456294059,-0.4388253390789032,0.3184268474578857,0.4615513384342193,0.7021446228027344,-0.2926305031087559,1.0,0,0,-0.1210345422482607,0.3260108007886067,-479,-381,thymio-08
76,1788225079.051937,10000.0,10000.0,0.0,97.30000000000015,1.2252252101898191,0.0924849063158035,-0.0469966456294059,-0.4388253390789032,0.3184268474578857,0.4615513384342193,0.7021446228027344,1.0,1.0,0,0,-9.184850993605149e-18,0.6283185307179586,-95,95,thymio-08
77,1788225079.6554632,1.2100566625595093,0.0036666435189545,-0.7834652694947386,97.30000000000015,1.2100566625595093,0.0936957001686096,0.0036666435189545,-0.3423154950141907,0.4470791220664978,0.5433720946311951,0.622645378112793,1.0,1.0,0,0,-0.0729135047635795,0.6283185307179586,-354,-164,thymio-08
78,1788225080.2637248,1.2100566625595093,0.0036666435189545,-0.7834652694947386,97.20000000000016,1.2100566625595093,0.0936957001686096,0.0036666435189545,-0.3423154950141907,0.4470791220664978,0.5433720946311951,0.622645378112793,1.0,1.0,0,0,-0.0729135047635795,0.6283185307179586,-354,-164,thymio-08
79,1788225080.8670485,10000.0,10000.0,0.0,97.20000000000016,1.2100566625595093,0.0936957001686096,0.0036666435189545,-0.3423154950141907,0.4470791220664978,0.5433720946311951,0.622645378112793,1.0,1.0,0,0,-9.184850993605149e-18,0.6283185307179586,-95,95,thymio-08
80,1788225081.4702709,1.2412893772125244,0.1539461314678192,0.3384816052584316,97.20000000000016,1.2412893772125244,0.0946654602885246,0.1539461314678192,-0.0986955612897872,0.6704779267311096,0.6257717609405518,0.3861715197563171,-0.2248971802044777,1.0,0,0,0.0513023112398498,0.6283185307179586,87,277,thymio-08
81,1788225082.078129,1.2412893772125244,0.1539461314678192,0.3384816052584316,97.10000000000016,1.2412893772125244,0.0946654602885246,0.1539461314678192,-0.0986955612897872,0.6704779267311096,0.6257717609405518,0.3861715197563171,-0.2248971802044777,1.0,0,0,0.0513023112398498,0.6283185307179586,87,277,thymio-08
82,1788225082.681471,10000.0,10000.0,0.0,97.10000000000016,1.2412893772125244,0.0946654602885246,0.1539461314678192,-0.0986955612897872,0.6704779267311096,0.6257717609405518,0.3861715197563171,1.0,1.0,0,0,-9.184850993605149e-18,0.6283185307179586,-95,95,thymio-08
83,1788225083.284968,1.2032612562179563,0.2079385668039322,0.2999036742137497,97.10000000000016,1.2032612562179563,0.0953808575868606,0.2079385668039322,0.321792334318161,0.761365532875061,0.561434268951416,-0.039545577019453,-0.1566334296293609,1.0,0,0,0.0710989632825773,0.6283185307179586,158,348,thymio-08
84,1788225083.8928514,1.2032612562179563,0.2079385668039322,0.2999036742137497,97.00000000000016,1.2032612562179563,0.0953808575868606,0.2079385668039322,0.321792334318161,0.761365532875061,0.561434268951416,-0.039545577019453,-0.1566334296293609,1.0,0,0,0.0710989632825773,0.6283185307179586,158,348,thymio-08
85,1788225084.496198,10000.0,10000.0,0.0,97.00000000000016,1.2032612562179563,0.0953808575868606,0.2079385668039322,0.321792334318161,0.761365532875061,0.561434268951416,-0.039545577019453,1.0,1.0,0,0,-9.184850993605149e-18,0.6283185307179586,-95,95,thymio-08
86,1788225085.0995464,1.184684157371521,0.3376764059066772,-1.2824784860754477,97.00000000000016,1.184684157371521,0.0964756458997726,0.3376764059066772,0.5826166868209839,0.5635927319526672,0.2714515924453735,-0.5188787579536438,0.4107176696897756,1.0,0,0,-0.1504066896846589,0.6283185307179586,-500,-440,thymio-08
87,1788225085.707834,1.184684157371521,0.3376764059066772,-1.2824784860754477,96.90000000000018,1.184684157371521,0.0964756458997726,0.3376764059066772,0.5826166868209839,0.5635927319526672,0.2714515924453735,-0.5188787579536438,0.4107176696897756,1.0,0,0,-0.1504066896846589,0.6283185307179586,-500,-440,thymio-08
88,1788225086.3118625,10000.0,10000.0,0.0,96.90000000000018,1.184684157371521,0.0964756458997726,0.3376764059066772,0.5826166868209839,0.5635927319526672,0.2714515924453735,-0.5188787579536438,1.0,1.0,0,0,-9.184850993605149e-18,0.6283185307179586,-95,95,thymio-08
89,1788225086.9147842,1.1684095859527588,0.3311685025691986,-1.7877808058550737,96.90000000000018,1.1684095859527588,0.0961531549692154,0.3311685025691986,0.6321316957473755,0.4112778902053833,0.1052114218473434,-0.6482210755348206,-0.337688220902448,-0.1649398457045785,0,0,-0.1873455410270586,-0.094539367597888,-500,-500,thymio-08
90,1788225087.5228505,1.1684095859527588,0.3311685025691986,-1.7877808058550737,96.80000000000018,1.1684095859527588,0.0961531549692154,0.3311685025691986,0.6321316957473755,0.4112778902053833,0.1052114218473434,-0.6482210755348206,-0.337688220902448,-0.1649398457045785,0,0,-0.1873455410270586,-0.094539367597888,-500,-500,thymio-08
91,1788225088.126358,10000.0,10000.0,0.0,96.80000000000018,1.1684095859527588,0.0961531549692154,0.3311685025691986,0.6321316957473755,0.4112778902053833,0.1052114218473434,-0.6482210755348206,1.0,1.0,0,0,-9.184850993605149e-18,0.6283185307179586,-95,95,thymio-08
92,1788225088.7295206,1.0111712217330933,0.2274854779243469,-1.975256916508056,96.80000000000018,1.0111712217330933,0.097044751048088,0.2274854779243469,0.6406028270721436,0.2563514113426208,0.0060174479149281,-0.7237926721572876,-0.1992798413238843,-0.1510379130511896,0,0,-0.1091641178447847,-0.2889385004048942,-344,-432,thymio-08
93,1788225089.3372812,1.0111712217330933,0.2274854779243469,-1.975256916508056,96.7000000000002,1.0111712217330933,0.097044751048088,0.2274854779243469,0.6406028270721436,0.2563514113426208,0.0060174479149281,-0.7237926721572876,-0.1992798413238843,-0.1510379130511896,0,0,-0.1091641178447847,-0.2889385004048942,-344,-432,thymio-08
94,1788225089.9404736,10000.0,10000.0,0.0,96.7000000000002,1.0111712217330933,0.097044751048088,0.2274854779243469,0.6406028270721436,0.2563514113426208,0.0060174479149281,-0.7237926721572876,1.0,1.0,0,0,-9.184850993605149e-18,0.6283185307179586,-95,95,thymio-08
95,1788225090.544215,0.8583326935768127,0.1943906843662262,-1.9443391305956077,96.7000000000002,0.8583326935768127,0.0979957804083824,0.1943906843662262,0.6434956789016724,0.1885914951562881,-0.0857014954090118,-0.7368866801261902,-0.2168137003389626,-0.2490700265644183,0,0,-0.1031990108211413,-0.27266178932258,-326,-408,thymio-08
96,1788225091.151969,0.8583326935768127,0.1943906843662262,-1.9443391305956077,96.6000000000002,0.8583326935768127,0.0979957804083824,0.1943906843662262,0.6434956789016724,0.1885914951562881,-0.0857014954090118,-0.7368866801261902,-0.2168137003389626,-0.2490700265644183,0,0,-0.1031990108211413,-0.27266178932258,-326,-408,thymio-08
97,1788225091.7555623,10000.0,10000.0,0.0,96.6000000000002,0.8583326935768127,0.0979957804083824,0.1943906843662262,0.6434956789016724,0.1885914951562881,-0.0857014954090118,-0.7368866801261902,1.0,1.0,0,0,-9.184850993605149e-18,0.6283185307179586,-95,95,thymio-08
98,1788225092.359314,0.753535807132721,0.1805700361728668,-1.9479423745298488,96.6000000000002,0.753535807132721,0.0989109873771667,0.1805700361728668,0.6340872645378113,0.1248258575797081,-0.1418077796697616,-0.7498282790184021,-0.1846730030232227,-0.2544194216294698,0,0,-0.1005072148860778,-0.2136376444783566,-325,-389,thymio-08
99,1788225092.9669125,0.753535807132721,0.1805700361728668,-1.9479423745298488,96.5000000000002,0.753535807132721,0.0989109873771667,0.1805700361728668,0.6340872645378113,0.1248258575797081,-0.1418077796697616,-0.7498282790184021,-0.1846730030232227,-0.2544194216294698,0,0,-0.1005072148860778,-0.2136376444783566,-325,-389,thymio-08
100,1788225093.5703125,10000.0,10000.0,0.0,96.5000000000002,0.753535807132721,0.0989109873771667,0.1805700361728668,0.6340872645378113,0.1248258575797081,-0.1418077796697616,-0.7498282790184021,1.0,1.0,0,0,-9.184850993605149e-18,0.6283185307179586,-95,95,thymio-08
101,1788225094.1743407,0.5833755731582642,0.1831032782793045,-1.951611877817405,96.5000000000002,0.5833755731582642,0.0997280180454254,0.1831032782793045,0.6301013827323914,0.1119395345449447,-0.1502303928136825,-0.7535733580589294,-0.1135371992717027,-0.2398178801231728,0,0,-0.1056273218109264,-0.069486365608088,-365,-386,thymio-08
102,1788225094.7824898,0.5833755731582642,0.1831032782793045,-1.951611877817405,96.4000000000002,0.5833755731582642,0.0997280180454254,0.1831032782793045,0.6301013827323914,0.1119395345449447,-0.1502303928136825,-0.7535733580589294,-0.1135371992717027,-0.2398178801231728,0,0,-0.1056273218109264,-0.069486365608088,-365,-386,thymio-08
103,1788225095.3867333,10000.0,10000.0,0.0,96.4000000000002,0.5833755731582642,0.0997280180454254,0.1831032782793045,0.6301013827323914,0.1119395345449447,-0.1502303928136825,-0.7535733580589294,1.0,1.0,0,0,-9.184850993605149e-18,0.6283185307179586,-95,95,thymio-08
104,1788225095.9905422,0.458629310131073,0.2048199027776718,-1.9576570335675736,96.4000000000002,0.458629310131073,0.1006438881158828,0.2048199027776718,0.6092317700386047,0.0235917624086141,-0.2121978253126144,-0.763709545135498,0.0437450163203259,-0.3040954163757476,0,0,-0.0822731454540253,-0.2267387642063113,-258,-327,thymio-08
105,1788225096.5984828,0.458629310131073,0.2048199027776718,-1.9576570335675736,96.3000000000002,0.458629310131073,0.1006438881158828,0.2048199027776718,0.6092317700386047,0.0235917624086141,-0.2121978253126144,-0.763709545135498,0.0437450163203259,-0.3040954163757476,0,0,-0.0822731454540253,-0.2267387642063113,-258,-327,thymio-08
106,1788225097.2019205,10000.0,10000.0,0.0,96.3000000000002,0.458629310131073,0.1006438881158828,0.2048199027776718,0.6092317700386047,0.0235917624086141,-0.2121978253126144,-0.763709545135498,1.0,1.0,0,0,-9.184850993605149e-18,0.6283185307179586,-95,95,thymio-08
107,1788225097.8054411,0.3356775045394897,0.2595719695091247,-1.9605743316083863,96.3000000000002,0.3356775045394897,0.1021003201603889,0.2595719695091247,0.5875643491744995,-0.041286252439022,-0.2498608529567718,-0.7685266733169556,0.2728720561054945,-0.267319134081603,0,0,-0.1144593381531115,-0.2144227753740292,-374,-439,thymio-08
108,1788225098.4130342,0.3356775045394897,0.2595719695091247,-1.9605743316083863,96.20000000000022,0.3356775045394897,0.1021003201603889,0.2595719695091247,0.5875643491744995,-0.041286252439022,-0.2498608529567718,-0.7685266733169556,0.2728720561054945,-0.267319134081603,0,0,-0.1144593381531115,-0.2144227753740292,-374,-439,thymio-08
109,1788225099.0167074,10000.0,10000.0,0.0,96.20000000000022,0.3356775045394897,0.1021003201603889,0.2595719695091247,0.5875643491744995,-0.041286252439022,-0.2498608529567718,-0.7685266733169556,1.0,1.0,0,0,-9.184850993605149e-18,0.6283185307179586,-95,95,thymio-08
110,1788225099.6285944,0.2254905551671981,0.3365389406681061,-1.932121460122496,96.20000000000022,0.2254905551671981,0.1037947162985801,0.3365389406681061,0.5652526617050171,-0.1065642535686492,-0.2983709573745727,-0.7616485357284546,0.3211308898220391,-0.3730133828673091,0,0,-0.012045403421456,-0.6283185307179586,52,-138,thymio-08
111,1788225100.2372625,0.2254905551671981,0.3365389406681061,-1.932121460122496,96.10000000000022,0.2254905551671981,0.1037947162985801,0.3365389406681061,0.5652526617050171,-0.1065642535686492,-0.2983709573745727,-0.7616485357284546,0.3211308898220391,-0.3730133828673091,0,0,-0.012045403421456,-0.6283185307179586,52,-138,thymio-08
112,1788225100.8407612,10000.0,10000.0,0.0,96.10000000000022,0.2254905551671981,0.1037947162985801,0.3365389406681061,0.5652526617050171,-0.1065642535686492,-0.2983709573745727,-0.7616485357284546,1.0,1.0,0,0,-9.184850993605149e-18,0.6283185307179586,-95,95,thymio-08
113,1788225101.4440577,0.1815386116504669,0.3680530488491058,-1.961455472549419,96.10000000000022,0.1815386116504669,0.1037492230534553,0.3680530488491058,0.5656155347824097,-0.1063773334026336,-0.2828789353370666,-0.7672955393791199,0.3575805658259698,-0.2504194920508533,0,0,-0.121766679545886,-0.2089323301218885,-401,-464,thymio-08
114,1788225102.0519242,0.1815386116504669,0.3680530488491058,-1.961455472549419,96.00000000000024,0.1815386116504669,0.1037492230534553,0.3680530488491058,0.5656155347824097,-0.1063773334026336,-0.2828789353370666,-0.7672955393791199,0.3575805658259698,-0.2504194920508533,0,0,-0.121766679545886,-0.2089323301218885,-401,-464,thymio-08
115,1788225102.654966,10000.0,10000.0,0.0,96.00000000000024,0.1815386116504669,0.1037492230534553,0.3680530488491058,0.5656155347824097,-0.1063773334026336,-0.2828789353370666,-0.7672955393791199,1.0,1.0,0,0,-9.184850993605149e-18,0.6283185307179586,-95,95,thymio-08
116,1788225103.2593436,0.0508206114172935,0.4307662844657898,-1.9981011059748868,96.00000000000024,0.0508206114172935,0.1053327098488807,0.4307662844657898,0.6013898253440857,-0.0028639659285545,-0.2052727788686752,-0.7721302509307861,0.5287959659804546,-0.2104786835836627,0,0,-0.1367208988921269,-0.2168167450701057,-453,-500,thymio-08
117,1788225103.8669372,0.0508206114172935,0.4307662844657898,-1.9981011059748868,95.90000000000023,0.0508206114172935,0.1053327098488807,0.4307662844657898,0.6013898253440857,-0.0028639659285545,-0.2052727788686752,-0.7721302509307861,0.5287959659804546,-0.2104786835836627,0,0,-0.1367208988921269,-0.2168167450701057,-453,-500,thymio-08
118,1788225104.4702168,10000.0,10000.0,0.0,95.90000000000023,0.0508206114172935,0.1053327098488807,0.4307662844657898,0.6013898253440857,-0.0028639659285545,-0.2052727788686752,-0.7721302509307861,1.0,1.0,0,0,-9.184850993605149e-18,0.6283185307179586,-95,95,thymio-08
119,1788225105.073695,0.0039003523997962,0.4539090991020202,-1.923866189855333,95.90000000000023,0.0039003523997962,0.1065921410918235,0.4539090991020202,0.5629389882087708,-0.1140540391206741,-0.3061160743236542,-0.759199857711792,0.5076406316777262,-0.2291117711076785,0,0,-0.1350330613987472,-0.1245352595428855,-461,-499,thymio-08
120,1788225105.6810691,0.0039003523997962,0.4539090991020202,-1.923866189855333,95.80000000000024,0.0039003523997962,0.1065921410918235,0.4539090991020202,0.5629389882087708,-0.1140540391206741,-0.3061160743236542,-0.759199857711792,0.5076406316777262,-0.2291117711076785,0,0,-0.1350330613987472,-0.1245352595428855,-461,-499,thymio-08
121,1788225106.2844396,10000.0,10000.0,0.0,95.80000000000024,0.0039003523997962,0.1065921410918235,0.4539090991020202,0.5629389882087708,-0.1140540391206741,-0.3061160743236542,-0.759199857711792,1.0,1.0,0,0,-9.184850993605149e-18,0.6283185307179586,-95,95,thymio-08
122,1788225106.8883874,-0.1492546796798706,0.5799140930175781,-1.879118716077472,95.80000000000024,-0.1492546796798706,0.1093291938304901,0.5799140930175781,0.5336805582046509,-0.1814867854118347,-0.35104900598526,-0.7476713061332703,0.4752148601704058,-0.3396686159868803,0,0,-0.0777666509901474,-0.5227715815821823,-197,-355,thymio-08
123,1788225107.4963045,-0.1492546796798706,0.5799140930175781,-1.879118716077472,95.70000000000024,-0.1492546796798706,0.1093291938304901,0.5799140930175781,0.5336805582046509,-0.1814867854118347,-0.35104900598526,-0.7476713061332703,0.4752148601704058,-0.3396686159868803,0,0,-0.0777666509901474,-0.5227715815821823,-197,-355,thymio-08
124,1788225108.0994987,10000.0,10000.0,0.0,95.70000000000024,-0.1492546796798706,0.1093291938304901,0.5799140930175781,0.5336805582046509,-0.1814867854118347,-0.35104900598526,-0.7476713061332703,1.0,1.0,0,0,-9.184850993605149e-18,0.6283185307179586,-95,95,thymio-08
125,1788225108.704636,-0.2616630792617798,0.7101908326148987,-1.9216930293883536,95.70000000000024,-0.2616630792617798,0.1111121401190757,0.7101908326148987,0.5613940358161926,-0.1063800603151321,-0.3023104965686798,-0.7629734873771667,0.4918367273683104,-0.4559309249634078,0,0,0.2,-0.6283185307179586,500,500,thymio-08
126,1788225109.3131387,-0.2616630792617798,0.7101908326148987,-1.9216930293883536,95.60000000000024,-0.2616630792617798,0.1111121401190757,0.7101908326148987,0.5613940358161926,-0.1063800603151321,-0.3023104965686798,-0.7629734873771667,0.4918367273683104,-0.4559309249634078,0,0,0.2,-0.6283185307179586,500,500,thymio-08
127,1788225109.916634,10000.0,10000.0,0.0,95.60000000000024,-0.2616630792617798,0.1111121401190757,0.7101908326148987,0.5613940358161926,-0.1063800603151321,-0.3023104965686798,-0.7629734873771667,1.0,1.0,0,0,-9.184850993605149e-18,0.6283185307179586,-95,95,thymio-08
128,1788225110.5204885,-0.2164093852043151,0.6236740946769714,-1.776314579272697,95.60000000000024,-0.2164093852043151,0.1105292811989784,0.6236740946769714,0.4938003420829773,-0.2510501742362976,-0.4023549854755401,-0.728865921497345,0.4978004347807712,-0.2749232336338342,0,0,-0.1301398207353855,-0.0341920214085441,-457,-468,thymio-08
129,1788225111.1287775,-0.2164093852043151,0.6236740946769714,-1.776314579272697,95.50000000000026,-0.2164093852043151,0.1105292811989784,0.6236740946769714,0.4938003420829773,-0.2510501742362976,-0.4023549854755401,-0.728865921497345,0.4978004347807712,-0.2749232336338342,0,0,-0.1301398207353855,-0.0341920214085441,-457,-468,thymio-08
130,1788225111.7324324,10000.0,10000.0,0.0,95.50000000000026,-0.2164093852043151,0.1105292811989784,0.6236740946769714,0.4938003420829773,-0.2510501742362976,-0.4023549854755401,-0.728865921497345,1.0,1.0,0,0,-9.184850993605149e-18,0.6283185307179586,-95,95,thymio-08
131,1788225112.336182,-0.1958285719156265,0.6331862807273865,-1.4006774136522615,95.50000000000026,-0.1958285719156265,0.1103587672114372,0.6331862807273865,0.4123913943767547,-0.364319235086441,-0.4829494059085846,-0.6811496019363403,0.5268036800928242,1.0,0,0,-0.1379415675613925,0.6283185307179586,-500,-395,thymio-08
132,1788225112.9437814,-0.1958285719156265,0.6331862807273865,-1.4006774136522615,95.40000000000026,-0.1958285719156265,0.1103587672114372,0.6331862807273865,0.4123913943767547,-0.364319235086441,-0.4829494059085846,-0.6811496019363403,0.5268036800928242,1.0,0,0,-0.1379415675613925,0.6283185307179586,-500,-395,thymio-08
133,1788225113.5470855,10000.0,10000.0,0.0,95.40000000000026,-0.1958285719156265,0.1103587672114372,0.6331862807273865,0.4123913943767547,-0.364319235086441,-0.4829494059085846,-0.6811496019363403,1.0,1.0,0,0,-9.184850993605149e-18,0.6283185307179586,-95,95,thymio-08
134,1788225114.1501637,10000.0,10000.0,0.0,95.40000000000026,-0.1958285719156265,0.1103587672114372,0.6331862807273865,0.4123913943767547,-0.364319235086441,-0.4829494059085846,-0.6811496019363403,1.0,1.0,0,0,-9.184850993605149e-18,0.6283185307179586,-95,95,thymio-08
135,1788225114.753579,-0.2073380947113037,0.7921501398086548,-0.5482474277573308,95.40000000000026,-0.2073380947113037,0.1125046610832214,0.7921501398086548,0.3165204524993896,-0.4763532280921936,-0.5588166117668152,-0.6005218625068665,0.5088156812796552,1.0,0,0,-0.0446678477552497,0.6283185307179586,-254,-64,thymio-08
136,1788225115.3618767,-0.2073380947113037,0.7921501398086548,-0.5482474277573308,95.30000000000028,-0.2073380947113037,0.1125046610832214,0.7921501398086548,0.3165204524993896,-0.4763532280921936,-0.5588166117668152,-0.6005218625068665,0.5088156812796552,1.0,0,0,-0.0446678477552497,0.6283185307179586,-254,-64,thymio-08
137,1788225115.9699922,-0.2029078304767608,0.835068941116333,-0.022455448729826,95.20000000000029,-0.2029078304767608,0.1116604954004287,0.835068941116333,0.2393333315849304,-0.5623114705085754,-0.5864218473434448,-0.5316340327262878,1.0,1.0,0,0,0.0273207574480399,0.6283185307179586,2,192,thymio-08
138,1788225116.5779371,-0.2029078304767608,0.835068941116333,-0.022455448729826,95.10000000000028,-0.2029078304767608,0.1116604954004287,0.835068941116333,0.2393333315849304,-0.5623114705085754,-0.5864218473434448,-0.5316340327262878,1.0,1.0,0,0,0.0273207574480399,0.6283185307179586,2,192,thymio-08
139,1788225117.180907,10000.0,10000.0,0.0,95.10000000000028,-0.2029078304767608,0.1116604954004287,0.835068941116333,0.2393333315849304,-0.5623114705085754,-0.5864218473434448,-0.5316340327262878,1.0,1.0,0,0,-9.184850993605149e-18,0.6283185307179586,-95,95,thymio-08
140,1788225117.784128,10000.0,10000.0,0.0,95.10000000000028,-0.2029078304767608,0.1116604954004287,0.835068941116333,0.2393333315849304,-0.5623114705085754,-0.5864218473434448,-0.5316340327262878,1.0,1.0,0,0,-9.184850993605149e-18,0.6283185307179586,-95,95,thymio-08
141,1788225118.3879848,-0.2194756269454956,0.8739317655563354,0.3502853903246854,95.10000000000028,-0.2194756269454956,0.1112719997763633,0.8739317655563354,-0.3429034352302551,-0.7564795613288879,-0.5370201468467712,0.1475305259227752,-0.2734925262228531,1.0,0,0,0.0601621915546494,0.6283185307179586,119,309,thymio-08
142,1788225118.9960196,-0.2194756269454956,0.8739317655563354,0.3502853903246854,95.00000000000028,-0.2194756269454956,0.1112719997763633,0.8739317655563354,-0.3429034352302551,-0.7564795613288879,-0.5370201468467712,0.1475305259227752,-0.2734925262228531,1.0,0,0,0.0601621915546494,0.6283185307179586,119,309,thymio-08
143,1788225119.5991447,10000.0,10000.0,0.0,95.00000000000028,-0.2194756269454956,0.1112719997763633,0.8739317655563354,-0.3429034352302551,-0.7564795613288879,-0.5370201468467712,0.1475305259227752,1.0,1.0,0,0,-9.184850993605149e-18,0.6283185307179586,-95,95,thymio-08
144,1788225120.2025962,-0.2055366486310959,0.9459453225135804,-1.609273923069484,95.00000000000028,-0.2055366486310959,0.1124626323580741,0.9459453225135804,-0.6045980453491211,-0.5013214349746704,-0.226014956831932,0.5762424468994141,0.4235393515366659,-0.3011713228919073,0,0,-0.0950331982522048,0.0157571935749489,-340,-335,thymio-08
145,1788225120.8104532,-0.2055366486310959,0.9459453225135804,-1.609273923069484,94.90000000000028,-0.2055366486310959,0.1124626323580741,0.9459453225135804,-0.6045980453491211,-0.5013214349746704,-0.226014956831932,0.5762424468994141,0.4235393515366659,-0.3011713228919073,0,0,-0.0950331982522048,0.0157571935749489,-340,-335,thymio-08
146,1788225121.413721,10000.0,10000.0,0.0,94.90000000000028,-0.2055366486310959,0.1124626323580741,0.9459453225135804,-0.6045980453491211,-0.5013214349746704,-0.226014956831932,0.5762424468994141,1.0,1.0,0,0,-9.184850993605149e-18,0.6283185307179586,-95,95,thymio-08
147,1788225122.0174067,10000.0,10000.0,0.0,94.90000000000028,-0.2055366486310959,0.1124626323580741,0.9459453225135804,-0.6045980453491211,-0.5013214349746704,-0.226014956831932,0.5762424468994141,1.0,1.0,0,0,-9.184850993605149e-18,0.6283185307179586,-95,95,thymio-08
148,1788225122.6203651,10000.0,10000.0,0.0,94.90000000000028,-0.2055366486310959,0.1124626323580741,0.9459453225135804,-0.6045980453491211,-0.5013214349746704,-0.226014956831932,0.5762424468994141,1.0,1.0,0,0,-9.184850993605149e-18,0.6283185307179586,-95,95,thymio-08
149,1788225123.223417,10000.0,10000.0,0.0,94.90000000000028,-0.2055366486310959,0.1124626323580741,0.9459453225135804,-0.6045980453491211,-0.5013214349746704,-0.226014956831932,0.5762424468994141,1.0,1.0,0,0,-9.184850993605149e-18,0.6283185307179586,-95,95,thymio-08
150,1788225123.8265965,10000.0,10000.0,0.0,94.90000000000028,-0.2055366486310959,0.1124626323580741,0.9459453225135804,-0.6045980453491211,-0.5013214349746704,-0.226014956831932,0.5762424468994141,1.0,1.0,0,0,-9.184850993605149e-18,0.6283185307179586,-95,95,thymio-08
151,1788225124.429993,10000.0,10000.0,0.0,94.90000000000028,-0.2055366486310959,0.1124626323580741,0.9459453225135804,-0.6045980453491211,-0.5013214349746704,-0.226014956831932,0.5762424468994141,1.0,1.0,0,0,-9.184850993605149e-18,0.6283185307179586,-95,95,thymio-08
152,1788225125.0333564,10000.0,10000.0,0.0,94.90000000000028,-0.2055366486310959,0.1124626323580741,0.9459453225135804,-0.6045980453491211,-0.5013214349746704,-0.226014956831932,0.5762424468994141,1.0,1.0,0,0,-9.184850993605149e-18,0.6283185307179586,-95,95,thymio-08
153,1788225125.637268,-0.2473949939012527,0.9011914134025574,-0.5368046502895849,94.90000000000028,-0.2473949939012527,0.1122979819774627,0.9011914134025574,-0.3130847513675689,0.4818623661994934,0.5557071566581726,0.6008129119873047,0.527602392028703,1.0,0,0,-0.055419872655032,0.6283185307179586,-292,-102,thymio-08
154,1788225126.2450116,-0.2473949939012527,0.9011914134025574,-0.5368046502895849,94.8000000000003,-0.2473949939012527,0.1122979819774627,0.9011914134025574,-0.3130847513675689,0.4818623661994934,0.5557071566581726,0.6008129119873047,0.527602392028703,1.0,0,0,-0.055419872655032,0.6283185307179586,-292,-102,thymio-08
155,1788225126.848318,10000.0,10000.0,0.0,94.8000000000003,-0.2473949939012527,0.1122979819774627,0.9011914134025574,-0.3130847513675689,0.4818623661994934,0.5557071566581726,0.6008129119873047,1.0,1.0,0,0,-9.184850993605149e-18,0.6283185307179586,-95,95,thymio-08
156,1788225127.4514225,-0.2531743943691253,0.8945068717002869,0.0142744704811632,94.8000000000003,-0.2531743943691253,0.1124669983983039,0.8945068717002869,-0.2366116642951965,0.5673534870147705,0.5898653268814087,0.5236257910728455,-0.3025716362485446,1.0,0,0,0.00290776016631,0.6283185307179586,-85,105,thymio-08
157,1788225128.0586653,-0.2531743943691253,0.8945068717002869,0.0142744704811632,94.7000000000003,-0.2531743943691253,0.1124669983983039,0.8945068717002869,-0.2366116642951965,0.5673534870147705,0.5898653268814087,0.5236257910728455,-0.3025716362485446,1.0,0,0,0.00290776016631,0.6283185307179586,-85,105,thymio-08
158,1788225128.6618426,10000.0,10000.0,0.0,94.7000000000003,-0.2531743943691253,0.1124669983983039,0.8945068717002869,-0.2366116642951965,0.5673534870147705,0.5898653268814087,0.5236257910728455,1.0,1.0,0,0,-9.184850993605149e-18,0.6283185307179586,-95,95,thymio-08
159,1788225129.2656744,10000.0,10000.0,0.0,94.7000000000003,-0.2531743943691253,0.1124669983983039,0.8945068717002869,-0.2366116642951965,0.5673534870147705,0.5898653268814087,0.5236257910728455,1.0,1.0,0,0,-9.184850993605149e-18,0.6283185307179586,-95,95,thymio-08
160,1788225129.8688326,10000.0,10000.0,0.0,94.7000000000003,-0.2531743943691253,0.1124669983983039,0.8945068717002869,-0.2366116642951965,0.5673534870147705,0.5898653268814087,0.5236257910728455,1.0,1.0,0,0,-9.184850993605149e-18,0.6283185307179586,-95,95,thymio-08
161,1788225130.4727545,-0.2311349958181381,0.936250627040863,0.1243761074293829,94.7000000000003,-0.2311349958181381,0.1119580194354057,0.936250627040863,0.4425517618656158,0.7142380475997925,0.4645269513130188,-0.2796903252601623,-0.3021405791786965,1.0,0,0,0.011743732961688,0.6283185307179586,-53,137,thymio-08
162,1788225131.0811195,-0.2311349958181381,0.936250627040863,0.1243761074293829,94.6000000000003,-0.2311349958181381,0.1119580194354057,0.936250627040863,0.4425517618656158,0.7142380475997925,0.4645269513130188,-0.2796903252601623,-0.3021405791786965,1.0,0,0,0.011743732961688,0.6283185307179586,-53,137,thymio-08
163,1788225131.6850512,10000.0,10000.0,0.0,94.6000000000003,-0.2311349958181381,0.1119580194354057,0.936250627040863,0.4425517618656158,0.7142380475997925,0.4645269513130188,-0.2796903252601623,1.0,1.0,0,0,-9.184850993605149e-18,0.6283185307179586,-95,95,thymio-08
164,1788225132.2881997,10000.0,10000.0,0.0,94.6000000000003,-0.2311349958181381,0.1119580194354057,0.936250627040863,0.4425517618656158,0.7142380475997925,0.4645269513130188,-0.2796903252601623,1.0,1.0,0,0,-9.184850993605149e-18,0.6283185307179586,-95,95,thymio-08
165,1788225132.891268,-0.1610767096281051,0.9634215831756592,-1.9847544918517777,94.6000000000003,-0.1610767096281051,0.1105978488922119,0.9634215831756592,-0.5954793095588684,0.0141372624784708,0.2197563052177429,0.7726006507873535,0.411202712352033,-0.2646940733766565,0,0,-0.096010242248633,-0.3450104504068982,-289,-393,thymio-08
166,1788225133.499948,-0.1610767096281051,0.9634215831756592,-1.9847544918517777,94.50000000000033,-0.1610767096281051,0.1105978488922119,0.9634215831756592,-0.5954793095588684,0.0141372624784708,0.2197563052177429,0.7726006507873535,0.411202712352033,-0.2646940733766565,0,0,-0.096010242248633,-0.3450104504068982,-289,-393,thymio-08
167,1788225134.1037831,10000.0,10000.0,0.0,94.50000000000033,-0.1610767096281051,0.1105978488922119,0.9634215831756592,-0.5954793095588684,0.0141372624784708,0.2197563052177429,0.7726006507873535,1.0,1.0,0,0,-9.184850993605149e-18,0.6283185307179586,-95,95,thymio-08
168,1788225134.7072554,10000.0,10000.0,0.0,94.50000000000033,-0.1610767096281051,0.1105978488922119,0.9634215831756592,-0.5954793095588684,0.0141372624784708,0.2197563052177429,0.7726006507873535,1.0,1.0,0,0,-9.184850993605149e-18,0.6283185307179586,-95,95,thymio-08
169,1788225135.3105192,10000.0,10000.0,0.0,94.50000000000033,-0.1610767096281051,0.1105978488922119,0.9634215831756592,-0.5954793095588684,0.0141372624784708,0.2197563052177429,0.7726006507873535,1.0,1.0,0,0,-9.184850993605149e-18,0.6283185307179586,-95,95,thymio-08
170,1788225135.9138625,10000.0,10000.0,0.0,94.50000000000033,-0.1610767096281051,0.1105978488922119,0.9634215831756592,-0.5954793095588684,0.0141372624784708,0.2197563052177429,0.7726006507873535,1.0,1.0,0,0,-9.184850993605149e-18,0.6283185307179586,-95,95,thymio-08
171,1788225136.517456,-0.2334502339363098,1.0322201251983645,-0.2102523276762951,94.50000000000033,-0.2334502339363098,0.1125345900654792,1.0322201251983645,-0.276065468788147,0.5284505486488342,0.5728062391281128,0.5625131130218506,1.0,1.0,0,0,-0.0432755542933826,0.0783644126457228,-166,-142,thymio-08
172,1788225137.1256917,-0.2334502339363098,1.0322201251983645,-0.2102523276762951,94.40000000000032,-0.2334502339363098,0.1125345900654792,1.0322201251983645,-0.276065468788147,0.5284505486488342,0.5728062391281128,0.5625131130218506,1.0,1.0,0,0,-0.0432755542933826,0.0783644126457228,-166,-142,thymio-08
173,1788225137.729249,10000.0,10000.0,0.0,94.40000000000032,-0.2334502339363098,0.1125345900654792,1.0322201251983645,-0.276065468788147,0.5284505486488342,0.5728062391281128,0.5625131130218506,1.0,1.0,0,0,-9.184850993605149e-18,0.6283185307179586,-95,95,thymio-08
174,1788225138.333043,-0.2382381111383438,1.0278143882751465,0.0651665996491854,94.40000000000032,-0.2382381111383438,0.1132540702819824,1.0278143882751465,-0.2078777551651001,0.5769837498664856,0.6068817973136902,0.5055404305458069,1.0,1.0,0,0,-0.0352710168456525,0.2933768384672812,-170,-81,thymio-08
175,1788225138.941847,-0.2382381111383438,1.0278143882751465,0.0651665996491854,94.30000000000032,-0.2382381111383438,0.1132540702819824,1.0278143882751465,-0.2078777551651001,0.5769837498664856,0.6068817973136902,0.5055404305458069,1.0,1.0,0,0,-0.0352710168456525,0.2933768384672812,-170,-81,thymio-08
176,1788225139.545389,10000.0,10000.0,0.0,94.30000000000032,-0.2382381111383438,0.1132540702819824,1.0278143882751465,-0.2078777551651001,0.5769837498664856,0.6068817973136902,0.5055404305458069,1.0,1.0,0,0,-9.184850993605149e-18,0.6283185307179586,-95,95,thymio-08
177,1788225140.1484275,10000.0,10000.0,0.0,94.30000000000032,-0.2382381111383438,0.1132540702819824,1.0278143882751465,-0.2078777551651001,0.5769837498664856,0.6068817973136902,0.5055404305458069,1.0,1.0,0,0,-9.184850993605149e-18,0.6283185307179586,-95,95,thymio-08
178,1788225140.753852,10000.0,10000.0,0.0,94.30000000000032,-0.2382381111383438,0.1132540702819824,1.0278143882751465,-0.2078777551651001,0.5769837498664856,0.6068817973136902,0.5055404305458069,1.0,1.0,0,0,-9.184850993605149e-18,0.6283185307179586,-95,95,thymio-08
179,1788225141.3575332,10000.0,10000.0,0.0,94.30000000000032,-0.2382381111383438,0.1132540702819824,1.0278143882751465,-0.2078777551651001,0.5769837498664856,0.6068817973136902,0.5055404305458069,1.0,1.0,0,0,-9.184850993605149e-18,0.6283185307179586,-95,95,thymio-08
180,1788225141.9606657,10000.0,10000.0,0.0,94.30000000000032,-0.2382381111383438,0.1132540702819824,1.0278143882751465,-0.2078777551651001,0.5769837498664856,0.6068817973136902,0.5055404305458069,1.0,1.0,0,0,-9.184850993605149e-18,0.6283185307179586,-95,95,thymio-08
181,1788225142.5640187,-0.1837504804134369,1.102207064628601,-0.205832237671705,94.30000000000032,-0.1837504804134369,0.1124499663710594,1.102207064628601,-0.4988314807415008,-0.6724758744239807,-0.4031166434288025,0.3693783283233642,1.0,1.0,0,0,-0.0280646979706433,0.1391414694801525,-121,-79,thymio-08
182,1788225143.172042,-0.1837504804134369,1.102207064628601,-0.205832237671705,94.20000000000032,-0.1837504804134369,0.1124499663710594,1.102207064628601,-0.4988314807415008,-0.6724758744239807,-0.4031166434288025,0.3693783283233642,1.0,1.0,0,0,-0.0280646979706433,0.1391414694801525,-121,-79,thymio-08
183,1788225143.7755153,10000.0,10000.0,0.0,94.20000000000032,-0.1837504804134369,0.1124499663710594,1.102207064628601,-0.4988314807415008,-0.6724758744239807,-0.4031166434288025,0.3693783283233642,1.0,1.0,0,0,-9.184850993605149e-18,0.6283185307179586,-95,95,thymio-08
184,1788225144.378735,-0.1749533861875534,1.1175353527069092,-1.455846585695312,94.20000000000032,-0.1749533861875534,0.1124911606311798,1.1175353527069092,-0.5933985710144043,-0.5347070693969727,-0.2498946785926818,0.547283411026001,0.1376584804819505,-0.3576386727377265,0,0,-0.0144882327627631,-0.3915133399702013,8,-111,thymio-08
185,1788225144.9872084,-0.1749533861875534,1.1175353527069092,-1.455846585695312,94.10000000000034,-0.1749533861875534,0.1124911606311798,1.1175353527069092,-0.5933985710144043,-0.5347070693969727,-0.2498946785926818,0.547283411026001,0.1376584804819505,-0.3576386727377265,0,0,-0.0144882327627631,-0.3915133399702013,8,-111,thymio-08
186,1788225145.5905535,10000.0,10000.0,0.0,94.10000000000034,-0.1749533861875534,0.1124911606311798,1.1175353527069092,-0.5933985710144043,-0.5347070693969727,-0.2498946785926818,0.547283411026001,1.0,1.0,0,0,-9.184850993605149e-18,0.6283185307179586,-95,95,thymio-08
187,1788225146.194157,10000.0,10000.0,0.0,94.10000000000034,-0.1749533861875534,0.1124911606311798,1.1175353527069092,-0.5933985710144043,-0.5347070693969727,-0.2498946785926818,0.547283411026001,1.0,1.0,0,0,-9.184850993605149e-18,0.6283185307179586,-95,95,thymio-08
188,1788225146.798139,10000.0,10000.0,0.0,94.10000000000034,-0.1749533861875534,0.1124911606311798,1.1175353527069092,-0.5933985710144043,-0.5347070693969727,-0.2498946785926818,0.547283411026001,1.0,1.0,0,0,-9.184850993605149e-18,0.6283185307179586,-95,95,thymio-08
189,1788225147.4015195,10000.0,10000.0,0.0,94.10000000000034,-0.1749533861875534,0.1124911606311798,1.1175353527069092,-0.5933985710144043,-0.5347070693969727,-0.2498946785926818,0.547283411026001,1.0,1.0,0,0,-9.184850993605149e-18,0.6283185307179586,-95,95,thymio-08
190,1788225148.0049274,10000.0,10000.0,0.0,94.10000000000034,-0.1749533861875534,0.1124911606311798,1.1175353527069092,-0.5933985710144043,-0.5347070693969727,-0.2498946785926818,0.547283411026001,1.0,1.0,0,0,-9.184850993605149e-18,0.6283185307179586,-95,95,thymio-08
191,1788225148.6085472,-0.1650371551513672,1.067296862602234,-1.875470213846772,94.10000000000034,-0.1650371551513672,0.111669547855854,1.067296862602234,-0.5362930297851562,0.1581291109323501,0.3426122069358825,0.7549847960472107,-0.0864778681502966,-0.3165797350899988,0,0,-0.0308336609020804,-0.4171523855917548,-47,-173,thymio-08
192,1788225149.2168164,-0.1650371551513672,1.067296862602234,-1.875470213846772,94.00000000000034,-0.1650371551513672,0.111669547855854,1.067296862602234,-0.5362930297851562,0.1581291109323501,0.3426122069358825,0.7549847960472107,-0.0864778681502966,-0.3165797350899988,0,0,-0.0308336609020804,-0.4171523855917548,-47,-173,thymio-08
193,1788225149.821106,10000.0,10000.0,0.0,94.00000000000034,-0.1650371551513672,0.111669547855854,1.067296862602234,-0.5362930297851562,0.1581291109323501,0.3426122069358825,0.7549847960472107,1.0,1.0,0,0,-9.184850993605149e-18,0.6283185307179586,-95,95,thymio-08
194,1788225150.4245665,-0.1711012870073318,1.080165147781372,-1.7175152979092323,94.00000000000034,-0.1711012870073318,0.1118382513523101,1.080165147781372,-0.4744471311569214,0.2807507812976837,0.421585351228714,0.7199615836143494,-0.1453822116175244,-0.3279176157835529,0,0,-0.0259330617001267,-0.3489305008069497,-39,-145,thymio-08
1,1788225205.3716228,10000.0,10000.0,0.0,100.0,2.1942312717437744,0.0948396474123001,1.4494835138320925,-0.306950032711029,0.5822318196296692,0.5587413311004639,0.5045751333236694,1.0,1.0,0,0,-9.184850993605149e-18,0.6283185307179586,-95,95,thymio-09
2,1788225205.9751391,3.039422035217285,-0.1402762234210968,1.0305683457311154,100.0,3.039422035217285,0.075906865298748,-0.1402762234210968,0.2238035500049591,-0.6678906083106995,-0.5833838582038879,-0.4043482840061188,-0.6225515479280671,-0.749898217800127,0,0,0.0730818328886978,-0.6283185307179586,355,165,thymio-09
3,1788225206.583363,3.039422035217285,-0.1402762234210968,1.0305683457311154,99.9,3.039422035217285,0.075906865298748,-0.1402762234210968,0.2238035500049591,-0.6678906083106995,-0.5833838582038879,-0.4043482840061188,-0.6225515479280671,-0.749898217800127,0,0,0.0730818328886978,-0.6283185307179586,355,165,thymio-09
4,1788225207.1865342,10000.0,10000.0,0.0,99.9,3.039422035217285,0.075906865298748,-0.1402762234210968,0.2238035500049591,-0.6678906083106995,-0.5833838582038879,-0.4043482840061188,1.0,1.0,3111,0,-0.08,0.6283185307179586,-379,-189,thymio-09
5,1788225207.7903748,3.0275421142578125,-0.1365034878253936,1.1222372814417945,99.9,3.0275421142578125,0.0761695578694343,-0.1365034878253936,0.1340509802103042,-0.7260533571243286,-0.6073064208030701,-0.293352872133255,-0.6140719049972665,-0.7340070529339114,0,0,-0.0788112000346891,-0.6283185307179586,-185,-375,thymio-09
6,1788225208.398263,3.0275421142578125,-0.1365034878253936,1.1222372814417945,99.8,3.0275421142578125,0.0761695578694343,-0.1365034878253936,0.1340509802103042,-0.7260533571243286,-0.6073064208030701,-0.293352872133255,-0.6140719049972665,-0.7340070529339114,2216,0,-0.08,-0.6283185307179586,-189,-379,thymio-09
7,1788225209.002118,10000.0,10000.0,0.0,99.8,3.0275421142578125,0.0761695578694343,-0.1365034878253936,0.1340509802103042,-0.7260533571243286,-0.6073064208030701,-0.293352872133255,1.0,1.0,2591,0,-0.08,0.6283185307179586,-379,-189,thymio-09
8,1788225209.6061423,3.0028438568115234,-0.1789762824773788,1.0507236145435748,99.8,3.0028438568115234,0.0755891352891922,-0.1789762824773788,0.2324234396219253,-0.6684667468070984,-0.5791193842887878,-0.4046633839607239,-0.8552372804209396,-0.8004104238187753,1846,0,-0.0,-0.6283185307179586,95,-95,thymio-09
9,1788225210.2146237,3.0028438568115234,-0.1789762824773788,1.0507236145435748,99.70000000000002,3.0028438568115234,0.0755891352891922,-0.1789762824773788,0.2324234396219253,-0.6684667468070984,-0.5791193842887878,-0.4046633839607239,-0.8552372804209396,-0.8004104238187753,0,0,-0.0,-0.6283185307179586,95,-95,thymio-09
10,1788225210.818073,10000.0,10000.0,0.0,99.70000000000002,3.0028438568115234,0.0755891352891922,-0.1789762824773788,0.2324234396219253,-0.6684667468070984,-0.5791193842887878,-0.4046633839607239,1.0,1.0,0,0,-9.184850993605149e-18,0.6283185307179586,-95,95,thymio-09
11,1788225211.4229095,3.042100429534912,-0.0283688008785247,0.7104682363970527,99.70000000000002,3.042100429534912,0.0769275277853012,-0.0283688008785247,0.3360951244831085,-0.5775602459907532,-0.5326559543609619,-0.5193668007850647,-0.4430838671364934,-0.7581297328299413,0,0,0.0407229917439964,-0.6283185307179586,240,50,thymio-09
12,1788225212.0306082,3.042100429534912,-0.0283688008785247,0.7104682363970527,99.60000000000002,3.042100429534912,0.0769275277853012,-0.0283688008785247,0.3360951244831085,-0.5775602459907532,-0.5326559543609619,-0.5193668007850647,-0.4430838671364934,-0.7581297328299413,0,0,0.0407229917439964,-0.6283185307179586,240,50,thymio-09
13,1788225212.634486,10000.0,10000.0,0.0,99.60000000000002,3.042100429534912,0.0769275277853012,-0.0283688008785247,0.3360951244831085,-0.5775602459907532,-0.5326559543609619,-0.5193668007850647,1.0,1.0,0,0,-9.184850993605149e-18,0.6283185307179586,-95,95,thymio-09
14,1788225213.23745,10000.0,10000.0,0.0,99.60000000000002,3.042100429534912,0.0769275277853012,-0.0283688008785247,0.3360951244831085,-0.5775602459907532,-0.5326559543609619,-0.5193668007850647,1.0,1.0,0,0,-9.184850993605149e-18,0.6283185307179586,-95,95,thymio-09
15,1788225213.8405411,3.055769920349121,-0.0280459057539701,-1.0493780321652566,99.60000000000002,3.055769920349121,0.0773200690746307,-0.0280459057539701,0.4346409142017364,-0.4453340470790863,-0.4510308802127838,-0.6397937536239624,1.0,-0.7946278321098074,0,0,0.0344338149265276,0.6283185307179586,27,217,thymio-09
16,1788225214.4487226,3.055769920349121,-0.0280459057539701,-1.0493780321652566,99.50000000000004,3.055769920349121,0.0773200690746307,-0.0280459057539701,0.4346409142017364,-0.4453340470790863,-0.4510308802127838,-0.6397937536239624,1.0,-0.7946278321098074,0,0,0.0344338149265276,0.6283185307179586,27,217,thymio-09
17,1788225215.0582013,3.083945274353028,-0.0774053558707237,-0.89503167221251,99.40000000000003,3.083945274353028,0.0766278132796287,-0.0774053558707237,0.4251098036766052,-0.4584485292434692,-0.465451031923294,-0.6264679431915283,1.0,-0.7142179473246387,0,0,0.0139711214975519,0.6283185307179586,-45,145,thymio-09
18,1788225215.6656322,3.083945274353028,-0.0774053558707237,-0.89503167221251,99.30000000000004,3.083945274353028,0.0766278132796287,-0.0774053558707237,0.4251098036766052,-0.4584485292434692,-0.465451031923294,-0.6264679431915283,1.0,-0.7142179473246387,0,0,0.0139711214975519,0.6283185307179586,-45,145,thymio-09
19,1788225216.268609,10000.0,10000.0,0.0,99.30000000000004,3.083945274353028,0.0766278132796287,-0.0774053558707237,0.4251098036766052,-0.4584485292434692,-0.465451031923294,-0.6264679431915283,1.0,1.0,0,0,0.03,0.6283185307179586,12,201,thymio-09
20,1788225216.87194,3.04883074760437,-0.1139262467622757,1.0520073782468415,99.30000000000004,3.04883074760437,0.076345644891262,-0.1139262467622757,0.205930158495903,-0.6802797317504883,-0.589210569858551,-0.3842436373233795,-0.6793838454320282,-0.7676969878287121,0,0,0.0146929054464288,-0.6283185307179586,147,-43,thymio-09
21,1788225217.4793935,3.04883074760437,-0.1139262467622757,1.0520073782468415,99.20000000000005,3.04883074760437,0.076345644891262,-0.1139262467622757,0.205930158495903,-0.6802797317504883,-0.589210569858551,-0.3842436373233795,-0.6793838454320282,-0.7676969878287121,0,0,0.0587716217857154,-0.6283185307179586,304,114,thymio-09
22,1788225218.0824456,10000.0,10000.0,0.0,99.20000000000005,3.04883074760437,0.076345644891262,-0.1139262467622757,0.205930158495903,-0.6802797317504883,-0.589210569858551,-0.3842436373233795,1.0,1.0,0,0,-9.184850993605149e-18,0.6283185307179586,-95,95,thymio-09
23,1788225218.6859405,3.008660793304444,-0.0923572406172752,1.1495531047194785,99.20000000000005,3.008660793304444,0.0763457342982292,-0.0923572406172752,-0.1158586740493774,-0.7858991026878357,-0.6073359251022339,0.009086599573493,-0.2384756626702942,-0.6287307859825184,0,0,0.1705004480700552,-0.6283185307179586,500,500,thymio-09
24,1788225219.2936163,3.008660793304444,-0.0923572406172752,1.1495531047194785,99.10000000000004,3.008660793304444,0.0763457342982292,-0.0923572406172752,-0.1158586740493774,-0.7858991026878357,-0.6073359251022339,0.009086599573493,-0.2384756626702942,-0.6287307859825184,0,0,0.1705004480700552,-0.6283185307179586,500,500,thymio-09
25,1788225219.896731,10000.0,10000.0,0.0,99.10000000000004,3.008660793304444,0.0763457342982292,-0.0923572406172752,-0.1158586740493774,-0.7858991026878357,-0.6073359251022339,0.009086599573493,1.0,1.0,0,0,-9.184850993605149e-18,0.6283185307179586,-95,95,thymio-09
26,1788225220.501374,2.9317610263824463,-0.1278625875711441,1.1063580724703108,99.10000000000004,2.9317610263824463,0.0781070813536644,-0.1278625875711441,0.015226624906063,0.7618845701217651,0.630189061164856,0.1488682627677917,-0.1742910684784565,-0.5482196269499771,0,0,0.2,-0.6283185307179586,500,500,thymio-09
27,1788225221.1088264,2.9317610263824463,-0.1278625875711441,1.1063580724703108,99.00000000000006,2.9317610263824463,0.0781070813536644,-0.1278625875711441,0.015226624906063,0.7618845701217651,0.630189061164856,0.1488682627677917,-0.1742910684784565,-0.5482196269499771,0,0,0.2,-0.6283185307179586,500,500,thymio-09
28,1788225221.711989,10000.0,10000.0,0.0,99.00000000000006,2.9317610263824463,0.0781070813536644,-0.1278625875711441,0.015226624906063,0.7618845701217651,0.630189061164856,0.1488682627677917,1.0,1.0,0,0,-9.184850993605149e-18,0.6283185307179586,-95,95,thymio-09
29,1788225222.3155508,2.7453787326812744,-0.1389590501785278,1.1728642253805803,99.00000000000006,2.7453787326812744,0.0783796906471252,-0.1389590501785278,-0.1291522830724716,-0.7721269726753235,-0.6207287907600403,0.0428431071341037,-0.2011937951417969,1.0,0,0,-0.0,0.6283185307179586,-95,95,thymio-09
30,1788225222.923604,2.7453787326812744,-0.1389590501785278,1.1728642253805803,98.90000000000006,2.7453787326812744,0.0783796906471252,-0.1389590501785278,-0.1291522830724716,-0.7721269726753235,-0.6207287907600403,0.0428431071341037,-0.2011937951417969,1.0,0,0,-0.0,0.6283185307179586,-95,95,thymio-09
31,1788225223.5266235,10000.0,10000.0,0.0,98.90000000000006,2.7453787326812744,0.0783796906471252,-0.1389590501785278,-0.1291522830724716,-0.7721269726753235,-0.6207287907600403,0.0428431071341037,1.0,1.0,0,0,-9.184850993605149e-18,0.6283185307179586,-95,95,thymio-09
32,1788225224.1295197,2.622034788131714,-0.1028935611248016,1.1332026467248912,98.90000000000006,2.622034788131714,0.0800288692116737,-0.1028935611248016,0.1984685510396957,0.7661778330802917,0.6014067530632019,-0.1090497151017189,-0.2823640883890566,-0.2821172829841876,0,0,0.0,-0.6283185307179586,95,-95,thymio-09
33,1788225224.7373178,2.622034788131714,-0.1028935611248016,1.1332026467248912,98.80000000000008,2.622034788131714,0.0800288692116737,-0.1028935611248016,0.1984685510396957,0.7661778330802917,0.6014067530632019,-0.1090497151017189,-0.2823640883890566,-0.2821172829841876,0,0,0.0,-0.6283185307179586,95,-95,thymio-09
34,1788225225.340886,10000.0,10000.0,0.0,98.80000000000008,2.622034788131714,0.0800288692116737,-0.1028935611248016,0.1984685510396957,0.7661778330802917,0.6014067530632019,-0.1090497151017189,1.0,1.0,0,0,-9.184850993605149e-18,0.6283185307179586,-95,95,thymio-09
35,1788225225.9438748,10000.0,10000.0,0.0,98.80000000000008,2.622034788131714,0.0800288692116737,-0.1028935611248016,0.1984685510396957,0.7661778330802917,0.6014067530632019,-0.1090497151017189,1.0,1.0,0,0,-9.184850993605149e-18,0.6283185307179586,-95,95,thymio-09
36,1788225226.547912,2.660346746444702,-0.0904519632458686,-1.2055010256031116,98.80000000000008,2.660346746444702,0.0796673893928527,-0.0904519632458686,0.5405588746070862,0.5155524015426636,0.3274457156658172,-0.5786028504371643,1.0,-0.3426574477317837,0,0,-0.2,0.6283185307179586,-500,-500,thymio-09
37,1788225227.156177,2.660346746444702,-0.0904519632458686,-1.2055010256031116,98.70000000000007,2.660346746444702,0.0796673893928527,-0.0904519632458686,0.5405588746070862,0.5155524015426636,0.3274457156658172,-0.5786028504371643,1.0,-0.3426574477317837,0,0,-0.2,0.6283185307179586,-500,-500,thymio-09
38,1788225227.7642004,2.6582725048065186,-0.0898719727993011,-0.9939892395367332,98.60000000000008,2.6582725048065186,0.0803523436188697,-0.0898719727993011,-0.5313106775283813,-0.5409888029098511,-0.3420568406581878,0.5550111532211304,1.0,-0.2038576035588758,0,0,-0.0508101957739251,0.6283185307179586,-275,-86,thymio-09
39,1788225228.3721964,2.6582725048065186,-0.0898719727993011,-0.9939892395367332,98.50000000000009,2.6582725048065186,0.0803523436188697,-0.0898719727993011,-0.5313106775283813,-0.5409888029098511,-0.3420568406581878,0.5550111532211304,1.0,-0.2038576035588758,0,0,-0.0508101957739251,0.6283185307179586,-275,-86,thymio-09
40,1788225228.9754846,10000.0,10000.0,0.0,98.50000000000009,2.6582725048065186,0.0803523436188697,-0.0898719727993011,-0.5313106775283813,-0.5409888029098511,-0.3420568406581878,0.5550111532211304,1.0,1.0,0,0,-9.184850993605149e-18,0.6283185307179586,-95,95,thymio-09
41,1788225229.5784476,10000.0,10000.0,0.0,98.50000000000009,2.6582725048065186,0.0803523436188697,-0.0898719727993011,-0.5313106775283813,-0.5409888029098511,-0.3420568406581878,0.5550111532211304,1.0,1.0,0,0,-9.184850993605149e-18,0.6283185307179586,-95,95,thymio-09
42,1788225230.181445,2.61240553855896,-0.2763679921627044,-1.5008848837122155,98.50000000000009,2.61240553855896,0.0780822336673736,-0.2763679921627044,0.5939523577690125,0.4032880663871765,0.2186568230390548,-0.6608846783638,-0.0464878790424372,-0.2130217256067125,0,0,-0.2,0.6283185307179586,-500,-500,thymio-09
43,1788225230.789143,2.61240553855896,-0.2763679921627044,-1.5008848837122155,98.40000000000008,2.61240553855896,0.0780822336673736,-0.2763679921627044,0.5939523577690125,0.4032880663871765,0.2186568230390548,-0.6608846783638,-0.0464878790424372,-0.2130217256067125,0,0,-0.2,0.6283185307179586,-500,-500,thymio-09
44,1788225231.3922846,10000.0,10000.0,0.0,98.40000000000008,2.61240553855896,0.0780822336673736,-0.2763679921627044,0.5939523577690125,0.4032880663871765,0.2186568230390548,-0.6608846783638,1.0,1.0,0,0,-9.184850993605149e-18,0.6283185307179586,-95,95,thymio-09
45,1788225231.9962916,2.5866148471832275,-0.3399698138236999,-1.629735003003202,98.40000000000008,2.5866148471832275,0.0779463499784469,-0.3399698138236999,-0.6273276805877686,0.0087478328496217,0.1271122246980667,0.768261730670929,0.0547190832695605,-0.2148969950584689,0,0,0.1753266459729885,0.6283185307179586,500,500,thymio-09
46,1788225232.6046326,2.5866148471832275,-0.3399698138236999,-1.629735003003202,98.3000000000001,2.5866148471832275,0.0779463499784469,-0.3399698138236999,-0.6273276805877686,0.0087478328496217,0.1271122246980667,0.768261730670929,0.0547190832695605,-0.2148969950584689,0,0,0.1753266459729885,0.6283185307179586,500,500,thymio-09
47,1788225233.2134862,2.4169068336486816,-0.2994568645954132,-1.5854705008980614,97.56551599720972,2.4169068336486816,0.0804531797766685,-0.2994568645954132,-0.5662111639976501,0.2192233353853225,0.2856939733028412,0.7414344549179077,0.1364210866980015,-0.3863467975444031,0,0,-0.1543230869552354,0.6283185307179586,-500,-453,thymio-09
48,1788225233.8210206,2.4169068336486816,-0.2994568645954132,-1.5854705008980614,97.46551599720972,2.4169068336486816,0.0804531797766685,-0.2994568645954132,-0.5662111639976501,0.2192233353853225,0.2856939733028412,0.7414344549179077,0.1364210866980015,-0.3863467975444031,0,0,-0.1543230869552354,0.6283185307179586,-500,-453,thymio-09
49,1788225234.4244244,10000.0,10000.0,0.0,97.46551599720972,2.4169068336486816,0.0804531797766685,-0.2994568645954132,-0.5662111639976501,0.2192233353853225,0.2856939733028412,0.7414344549179077,1.0,1.0,0,0,-9.184850993605149e-18,0.6283185307179586,-95,95,thymio-09
50,1788225235.0278618,2.53344988822937,-0.4149112701416015,-1.5315483155871694,97.46551599720972,2.53344988822937,0.0786912888288497,-0.4149112701416015,-0.5426599979400635,0.2692948281764984,0.3313962519168854,0.7233098149299622,-0.023156984111773,-0.7407341935996374,0,0,0.0804497083458914,0.6283185307179586,191,381,thymio-09
51,1788225235.635471,2.53344988822937,-0.4149112701416015,-1.5315483155871694,97.36551599720973,2.53344988822937,0.0786912888288497,-0.4149112701416015,-0.5426599979400635,0.2692948281764984,0.3313962519168854,0.7233098149299622,-0.023156984111773,-0.7407341935996374,0,0,0.0804497083458914,0.6283185307179586,191,381,thymio-09
52,1788225236.238564,10000.0,10000.0,0.0,97.36551599720973,2.53344988822937,0.0786912888288497,-0.4149112701416015,-0.5426599979400635,0.2692948281764984,0.3313962519168854,0.7233098149299622,1.0,1.0,0,0,-9.184850993605149e-18,0.6283185307179586,-95,95,thymio-09
53,1788225236.8421202,2.428752183914185,-0.3369232714176178,-0.616286095988384,97.36551599720973,2.428752183914185,0.0804571285843849,-0.3369232714176178,-0.4127210676670074,0.4903706610202789,0.4763571918010711,0.6018985509872437,1.0,-0.7095550018777899,0,0,0.105517778490257,-0.6283185307179586,470,280,thymio-09
54,1788225237.449602,2.428752183914185,-0.3369232714176178,-0.616286095988384,97.26551599720972,2.428752183914185,0.0804571285843849,-0.3369232714176178,-0.4127210676670074,0.4903706610202789,0.4763571918010711,0.6018985509872437,1.0,-0.7095550018777899,4688,0,-0.08,-0.6283185307179586,-189,-379,thymio-09
55,1788225238.052702,10000.0,10000.0,0.0,97.26551599720972,2.428752183914185,0.0804571285843849,-0.3369232714176178,-0.4127210676670074,0.4903706610202789,0.4763571918010711,0.6018985509872437,1.0,1.0,1709,0,-9.184850993605149e-18,0.6283185307179586,-95,95,thymio-09
56,1788225238.6564765,10000.0,10000.0,0.0,97.26551599720972,2.428752183914185,0.0804571285843849,-0.3369232714176178,-0.4127210676670074,0.4903706610202789,0.4763571918010711,0.6018985509872437,1.0,1.0,0,0,-9.184850993605149e-18,0.6283185307179586,-95,95,thymio-09
57,1788225239.2594452,2.397033929824829,-0.4015608429908752,1.101266959782004,97.26551599720972,2.397033929824829,0.0792391672730445,-0.4015608429908752,-0.1961673647165298,0.6922052502632141,0.5972568988800049,0.3544779121875763,-0.0962158498579996,0.0295692150081756,0,0,-0.0,-0.6283185307179586,95,-95,thymio-09
58,1788225239.8672676,2.397033929824829,-0.4015608429908752,1.101266959782004,97.16551599720974,2.397033929824829,0.0792391672730445,-0.4015608429908752,-0.1961673647165298,0.6922052502632141,0.5972568988800049,0.3544779121875763,-0.0962158498579996,0.0295692150081756,2012,0,-0.08,-0.6283185307179586,-189,-379,thymio-09
59,1788225240.4711418,10000.0,10000.0,0.0,97.16551599720974,2.397033929824829,0.0792391672730445,-0.4015608429908752,-0.1961673647165298,0.6922052502632141,0.5972568988800049,0.3544779121875763,1.0,1.0,0,0,-9.184850993605149e-18,0.6283185307179586,-95,95,thymio-09
60,1788225241.0748646,2.3756611347198486,-0.4045701026916504,1.137689198401154,97.16551599720974,2.3756611347198486,0.079417772591114,-0.4045701026916504,-0.0744603052735328,0.7411278486251831,0.6296353340148926,0.2207814007997512,-0.091059969187343,-0.1913658826781928,0,0,-0.0028622392908816,-0.6283185307179586,85,-105,thymio-09
61,1788225241.68344,2.3756611347198486,-0.4045701026916504,1.137689198401154,97.06551599720974,2.3756611347198486,0.079417772591114,-0.4045701026916504,-0.0744603052735328,0.7411278486251831,0.6296353340148926,0.2207814007997512,-0.091059969187343,-0.1913658826781928,0,0,-0.0028622392908816,-0.6283185307179586,85,-105,thymio-09
62,1788225242.2866385,10000.0,10000.0,0.0,97.06551599720974,2.3756611347198486,0.079417772591114,-0.4045701026916504,-0.0744603052735328,0.7411278486251831,0.6296353340148926,0.2207814007997512,1.0,1.0,0,0,-9.184850993605149e-18,0.6283185307179586,-95,95,thymio-09
63,1788225242.890247,2.4105372428894043,-0.3727493584156036,1.080895337536326,97.06551599720974,2.4105372428894043,0.0804270952939987,-0.3727493584156036,-0.1467887759208679,0.7112132906913757,0.6059764623641968,0.3246865272521972,-0.0288432572408665,-0.3973358546943858,0,0,-0.0417634505518171,-0.6283185307179586,-54,-243,thymio-09
64,1788225243.4989412,2.4105372428894043,-0.3727493584156036,1.080895337536326,96.96551599720976,2.4105372428894043,0.0804270952939987,-0.3727493584156036,-0.1467887759208679,0.7112132906913757,0.6059764623641968,0.3246865272521972,-0.0288432572408665,-0.3973358546943858,0,0,-0.0417634505518171,-0.6283185307179586,-54,-243,thymio-09
65,1788225244.1026385,10000.0,10000.0,0.0,96.96551599720976,2.4105372428894043,0.0804270952939987,-0.3727493584156036,-0.1467887759208679,0.7112132906913757,0.6059764623641968,0.3246865272521972,1.0,1.0,0,0,-9.184850993605149e-18,0.6283185307179586,-95,95,thymio-09
66,1788225244.706005,2.4212632179260254,-0.3789633810520172,0.8805899328012545,96.96551599720976,2.4212632179260254,0.0804460495710372,-0.3789633810520172,-0.2741234004497528,0.6198920607566833,0.5641304850578308,0.4715368151664734,0.0340782830466765,1.0,0,0,-0.0978062123145489,-0.6283185307179586,-253,-442,thymio-09
67,1788225245.313638,2.4212632179260254,-0.3789633810520172,0.8805899328012545,96.86551599720976,2.4212632179260254,0.0804460495710372,-0.3789633810520172,-0.2741234004497528,0.6198920607566833,0.5641304850578308,0.4715368151664734,0.0340782830466765,1.0,0,0,-0.0978062123145489,-0.6283185307179586,-253,-442,thymio-09
68,1788225245.917057,10000.0,10000.0,0.0,96.86551599720976,2.4212632179260254,0.0804460495710372,-0.3789633810520172,-0.2741234004497528,0.6198920607566833,0.5641304850578308,0.4715368151664734,1.0,1.0,0,0,-9.184850993605149e-18,0.6283185307179586,-95,95,thymio-09
69,1788225246.520846,2.437516689300537,-0.3150560557842254,0.5592791057189324,96.86551599720976,2.437516689300537,0.0809692591428756,-0.3150560557842254,-0.3420259058475494,0.5649811625480652,0.5226312875747681,0.5391392111778259,0.7506409381391586,1.0,0,0,0.2,-0.6283185307179586,500,500,thymio-09
70,1788225247.1290717,2.437516689300537,-0.3150560557842254,0.5592791057189324,96.76551599720976,2.437516689300537,0.0809692591428756,-0.3150560557842254,-0.3420259058475494,0.5649811625480652,0.5226312875747681,0.5391392111778259,0.7506409381391586,1.0,0,0,0.2,-0.6283185307179586,500,500,thymio-09
71,1788225247.7329814,10000.0,10000.0,0.0,96.76551599720976,2.437516689300537,0.0809692591428756,-0.3150560557842254,-0.3420259058475494,0.5649811625480652,0.5226312875747681,0.5391392111778259,1.0,1.0,0,0,-9.184850993605149e-18,0.6283185307179586,-95,95,thymio-09
72,1788225248.3367314,2.431060552597046,-0.2475219517946243,-0.1295973305213529,96.76551599720976,2.431060552597046,0.0814177468419075,-0.2475219517946243,-0.3864550292491913,0.512786328792572,0.4979243278503418,0.5829015970230103,1.0,1.0,0,0,0.1640222732943682,-0.6283185307179586,500,488,thymio-09
73,1788225248.94458,2.431060552597046,-0.2475219517946243,-0.1295973305213529,96.66551599720977,2.431060552597046,0.0814177468419075,-0.2475219517946243,-0.3864550292491913,0.512786328792572,0.4979243278503418,0.5829015970230103,1.0,1.0,0,0,0.1640222732943682,-0.6283185307179586,500,488,thymio-09
74,1788225249.5484052,10000.0,10000.0,0.0,96.66551599720977,2.431060552597046,0.0814177468419075,-0.2475219517946243,-0.3864550292491913,0.512786328792572,0.4979243278503418,0.5829015970230103,1.0,1.0,0,0,-9.184850993605149e-18,0.6283185307179586,-95,95,thymio-09
75,1788225250.1522045,2.3994154930114746,-0.4265276789665222,0.8852858250039475,96.66551599720977,2.3994154930114746,0.0803773701190948,-0.4265276789665222,-0.2719802558422088,0.6209632158279419,0.566135823726654,0.468958169221878,-0.4696030356165371,1.0,0,0,-0.2,-0.6283185307179586,-500,-500,thymio-09
76,1788225250.7602377,2.3994154930114746,-0.4265276789665222,0.8852858250039475,96.56551599720976,2.3994154930114746,0.0803773701190948,-0.4265276789665222,-0.2719802558422088,0.6209632158279419,0.566135823726654,0.468958169221878,-0.4696030356165371,1.0,0,0,-0.2,-0.6283185307179586,-500,-500,thymio-09
77,1788225251.3634467,10000.0,10000.0,0.0,96.56551599720976,2.3994154930114746,0.0803773701190948,-0.4265276789665222,-0.2719802558422088,0.6209632158279419,0.566135823726654,0.468958169221878,1.0,1.0,0,0,-9.184850993605149e-18,0.6283185307179586,-95,95,thymio-09
78,1788225251.9667826,2.3494839668273926,-0.5312597155570984,1.0123938642967971,96.56551599720976,2.3494839668273926,0.0792573392391204,-0.5312597155570984,-0.2279148399829864,0.6601125597953796,0.5867483615875244,0.4099177122116089,-0.453574834687429,1.0,0,0,-0.2,0.1741527343643426,-500,-500,thymio-09
79,1788225252.5746863,2.3494839668273926,-0.5312597155570984,1.0123938642967971,96.46551599720978,2.3494839668273926,0.0792573392391204,-0.5312597155570984,-0.2279148399829864,0.6601125597953796,0.5867483615875244,0.4099177122116089,-0.453574834687429,1.0,0,0,-0.2,0.1741527343643426,-500,-500,thymio-09
80,1788225253.1782012,10000.0,10000.0,0.0,96.46551599720978,2.3494839668273926,0.0792573392391204,-0.5312597155570984,-0.2279148399829864,0.6601125597953796,0.5867483615875244,0.4099177122116089,1.0,1.0,0,0,-9.184850993605149e-18,0.6283185307179586,-95,95,thymio-09
81,1788225253.7819514,2.47839617729187,-0.3958460986614227,1.1735179786089311,96.46551599720978,2.47839617729187,0.0779803097248077,-0.3958460986614227,-0.0290668979287147,0.7677099704742432,0.621914803981781,0.1516531705856323,-0.358946595484295,1.0,0,0,0.0837030067989947,0.3544835287721893,244,351,thymio-09
82,1788225254.3904152,2.47839617729187,-0.3958460986614227,1.1735179786089311,96.36551599720978,2.47839617729187,0.0779803097248077,-0.3958460986614227,-0.0290668979287147,0.7677099704742432,0.621914803981781,0.1516531705856323,-0.358946595484295,1.0,0,0,0.0837030067989947,0.3544835287721893,244,351,thymio-09
83,1788225254.9935324,10000.0,10000.0,0.0,96.36551599720978,2.47839617729187,0.0779803097248077,-0.3958460986614227,-0.0290668979287147,0.7677099704742432,0.621914803981781,0.1516531705856323,1.0,1.0,0,0,-9.184850993605149e-18,0.6283185307179586,-95,95,thymio-09
84,1788225255.597319,2.587127447128296,-0.3316062688827514,1.1429541185013772,96.36551599720978,2.587127447128296,0.0781114399433136,-0.3316062688827514,-0.126328557729721,-0.7728618383407593,-0.6216937899589539,0.0149190463125705,-0.2124905264449598,1.0,0,0,0.2,0.6283185307179586,500,500,thymio-09
85,1788225256.2047544,2.587127447128296,-0.3316062688827514,1.1429541185013772,96.2655159972098,2.587127447128296,0.0781114399433136,-0.3316062688827514,-0.126328557729721,-0.7728618383407593,-0.6216937899589539,0.0149190463125705,-0.2124905264449598,1.0,0,0,0.2,0.6283185307179586,500,500,thymio-09
86,1788225256.8083313,10000.0,10000.0,0.0,96.2655159972098,2.587127447128296,0.0781114399433136,-0.3316062688827514,-0.126328557729721,-0.7728618383407593,-0.6216937899589539,0.0149190463125705,1.0,1.0,0,0,-9.184850993605149e-18,0.6283185307179586,-95,95,thymio-09
87,1788225257.4116497,2.4744672775268555,-0.2509956955909729,1.0716680674343104,96.2655159972098,2.4744672775268555,0.0785380974411964,-0.2509956955909729,0.3221208453178406,0.7221351265907288,0.5475200414657593,-0.2738263010978699,-0.2613508036833392,-0.4338730859359839,0,0,0.2,0.6283185307179586,500,500,thymio-09
88,1788225258.0196047,2.4744672775268555,-0.2509956955909729,1.0716680674343104,96.1655159972098,2.4744672775268555,0.0785380974411964,-0.2509956955909729,0.3221208453178406,0.7221351265907288,0.5475200414657593,-0.2738263010978699,-0.2613508036833392,-0.4338730859359839,0,0,0.2,0.6283185307179586,500,500,thymio-09
89,1788225258.6225529,10000.0,10000.0,0.0,96.1655159972098,2.4744672775268555,0.0785380974411964,-0.2509956955909729,0.3221208453178406,0.7221351265907288,0.5475200414657593,-0.2738263010978699,1.0,1.0,0,0,-9.184850993605149e-18,0.6283185307179586,-95,95,thymio-09
90,1788225259.2262533,2.4033362865448,-0.1707147061824798,0.914603679991968,96.1655159972098,2.4033362865448,0.0812551975250244,-0.1707147061824798,-0.3979207873344421,-0.6823452115058899,-0.5119995474815369,0.3375211954116821,-0.3289585083115558,-0.2658798384289401,0,0,0.1151448768234926,0.6283185307179586,314,500,thymio-09
91,1788225259.8342383,2.4033362865448,-0.1707147061824798,0.914603679991968,96.0655159972098,2.4033362865448,0.0812551975250244,-0.1707147061824798,-0.3979207873344421,-0.6823452115058899,-0.5119995474815369,0.3375211954116821,-0.3289585083115558,-0.2658798384289401,0,0,0.1151448768234926,0.6283185307179586,314,500,thymio-09
92,1788225260.4373753,10000.0,10000.0,0.0,96.0655159972098,2.4033362865448,0.0812551975250244,-0.1707147061824798,-0.3979207873344421,-0.6823452115058899,-0.5119995474815369,0.3375211954116821,1.0,1.0,0,0,-9.184850993605149e-18,0.6283185307179586,-95,95,thymio-09
93,1788225261.0403855,2.363687515258789,0.011996516957879,-0.8629424928506437,96.0655159972098,2.363687515258789,0.0835008546710014,0.011996516957879,0.5272595286369324,0.5516432523727417,0.3540320694446563,-0.5406924486160278,1.0,1.0,0,0,0.0826183165264227,-0.6283185307179586,388,199,thymio-09
94,1788225261.648514,2.363687515258789,0.011996516957879,-0.8629424928506437,95.9655159972098,2.363687515258789,0.0835008546710014,0.011996516957879,0.5272595286369324,0.5516432523727417,0.3540320694446563,-0.5406924486160278,1.0,1.0,0,0,0.0826183165264227,-0.6283185307179586,388,199,thymio-09
95,1788225262.2532728,10000.0,10000.0,0.0,95.9655159972098,2.363687515258789,0.0835008546710014,0.011996516957879,0.5272595286369324,0.5516432523727417,0.3540320694446563,-0.5406924486160278,1.0,1.0,0,0,-9.184850993605149e-18,0.6283185307179586,-95,95,thymio-09
96,1788225262.8567302,2.442338466644287,0.1303374320268631,-1.5905858403628623,95.9655159972098,2.442338466644287,0.0838002562522888,0.1303374320268631,0.6277522444725037,0.2940031290054321,0.1309688836336136,-0.7087569832801819,-0.3453818369855753,-0.199254111000713,0,0,-0.2,0.0401960512426335,-500,-500,thymio-09
97,1788225263.464306,2.442338466644287,0.1303374320268631,-1.5905858403628623,95.8655159972098,2.442338466644287,0.0838002562522888,0.1303374320268631,0.6277522444725037,0.2940031290054321,0.1309688836336136,-0.7087569832801819,-0.3453818369855753,-0.199254111000713,0,0,-0.2,0.0401960512426335,-500,-500,thymio-09
98,1788225264.0677717,10000.0,10000.0,0.0,95.8655159972098,2.442338466644287,0.0838002562522888,0.1303374320268631,0.6277522444725037,0.2940031290054321,0.1309688836336136,-0.7087569832801819,1.0,1.0,0,0,-9.184850993605149e-18,0.6283185307179586,-95,95,thymio-09
99,1788225264.6725008,2.4876978397369385,0.2159141600131988,-1.5275268134726872,95.8655159972098,2.4876978397369385,0.084008552134037,0.2159141600131988,0.5974937081336975,0.3953457474708557,0.2250583618879318,-0.660342276096344,-0.418590497429484,-0.0859149633141692,0,0,-0.2,0.6283185307179586,-500,-500,thymio-09
100,1788225265.2809696,2.4876978397369385,0.2159141600131988,-1.5275268134726872,95.76551599720982,2.4876978397369385,0.084008552134037,0.2159141600131988,0.5974937081336975,0.3953457474708557,0.2250583618879318,-0.660342276096344,-0.418590497429484,-0.0859149633141692,0,0,-0.2,0.6283185307179586,-500,-500,thymio-09
101,1788225265.8839047,10000.0,10000.0,0.0,95.76551599720982,2.4876978397369385,0.084008552134037,0.2159141600131988,0.5974937081336975,0.3953457474708557,0.2250583618879318,-0.660342276096344,1.0,1.0,0,0,-9.184850993605149e-18,0.6283185307179586,-95,95,thymio-09
102,1788225266.4873075,2.3651134967803955,0.0565629638731479,-1.6077110164704762,95.76551599720982,2.3651134967803955,0.083733782172203,0.0565629638731479,0.6332818865776062,0.2310434728860855,0.0708043426275253,-0.7352277040481567,-0.3409210267837396,-0.0663339041896853,0,0,-0.2,0.0776053116644052,-500,-500,thymio-09
103,1788225267.096373,2.3651134967803955,0.0565629638731479,-1.6077110164704762,95.66551599720982,2.3651134967803955,0.083733782172203,0.0565629638731479,0.6332818865776062,0.2310434728860855,0.0708043426275253,-0.7352277040481567,-0.3409210267837396,-0.0663339041896853,0,0,-0.2,0.0776053116644052,-500,-500,thymio-09
104,1788225267.6999254,10000.0,10000.0,0.0,95.66551599720982,2.3651134967803955,0.083733782172203,0.0565629638731479,0.6332818865776062,0.2310434728860855,0.0708043426275253,-0.7352277040481567,1.0,1.0,0,0,-9.184850993605149e-18,0.6283185307179586,-95,95,thymio-09
105,1788225268.3029337,2.2208356857299805,-0.0257954820990562,-1.6424285592700267,95.66551599720982,2.2208356857299805,0.0838300511240959,-0.0257954820990562,0.6362715363502502,0.0752913579344749,-0.0513275787234306,-0.7660648226737976,-0.1293183098159147,-0.0948751493883818,0,0,-0.1651009197727354,0.2718496992417028,-500,-500,thymio-09
106,1788225268.9116683,2.2208356857299805,-0.0257954820990562,-1.6424285592700267,95.56551599720984,2.2208356857299805,0.0838300511240959,-0.0257954820990562,0.6362715363502502,0.0752913579344749,-0.0513275787234306,-0.7660648226737976,-0.1293183098159147,-0.0948751493883818,0,0,-0.1651009197727354,0.2718496992417028,-500,-500,thymio-09
107,1788225269.5146048,10000.0,10000.0,0.0,95.56551599720984,2.2208356857299805,0.0838300511240959,-0.0257954820990562,0.6362715363502502,0.0752913579344749,-0.0513275787234306,-0.7660648226737976,1.0,1.0,0,0,-9.184850993605149e-18,0.6283185307179586,-95,95,thymio-09
108,1788225270.1181064,2.0306999683380127,-0.0363340228796005,-1.6306061913809886,95.56551599720984,2.0306999683380127,0.0848977044224739,-0.0363340228796005,0.6087753176689148,-0.1057066023349762,-0.1966545432806015,-0.7612789869308472,0.0565765118398473,0.7120968058206714,0,0,-0.1549650668069253,0.3845652444617023,-500,-493,thymio-09
109,1788225270.726316,2.0306999683380127,-0.0363340228796005,-1.6306061913809886,95.46551599720983,2.0306999683380127,0.0848977044224739,-0.0363340228796005,0.6087753176689148,-0.1057066023349762,-0.1966545432806015,-0.7612789869308472,0.0565765118398473,0.7120968058206714,0,0,-0.1549650668069253,0.3845652444617023,-500,-493,thymio-09
110,1788225271.329841,10000.0,10000.0,0.0,95.46551599720983,2.0306999683380127,0.0848977044224739,-0.0363340228796005,0.6087753176689148,-0.1057066023349762,-0.1966545432806015,-0.7612789869308472,1.0,1.0,0,0,-9.184850993605149e-18,0.6283185307179586,-95,95,thymio-09
111,1788225271.9344976,1.8741601705551147,0.0318687818944454,-1.5570425625774251,95.46551599720983,1.8741601705551147,0.0873075947165489,0.0318687818944454,0.5433927178382874,-0.2665979862213135,-0.3184564709663391,-0.7295446991920471,0.0842288375710178,0.6682432303793566,0,0,-0.1389146191753158,0.2098017245530063,-500,-462,thymio-09
112,1788225272.5422754,1.8741601705551147,0.0318687818944454,-1.5570425625774251,95.36551599720984,1.8741601705551147,0.0873075947165489,0.0318687818944454,0.5433927178382874,-0.2665979862213135,-0.3184564709663391,-0.7295446991920471,0.0842288375710178,0.6682432303793566,0,0,-0.1389146191753158,0.2098017245530063,-500,-462,thymio-09
113,1788225273.1455207,10000.0,10000.0,0.0,95.36551599720984,1.8741601705551147,0.0873075947165489,0.0318687818944454,0.5433927178382874,-0.2665979862213135,-0.3184564709663391,-0.7295446991920471,1.0,1.0,0,0,-9.184850993605149e-18,0.6283185307179586,-95,95,thymio-09
114,1788225273.7487788,10000.0,10000.0,0.0,95.36551599720984,1.8741601705551147,0.0873075947165489,0.0318687818944454,0.5433927178382874,-0.2665979862213135,-0.3184564709663391,-0.7295446991920471,1.0,1.0,0,0,-9.184850993605149e-18,0.6283185307179586,-95,95,thymio-09
115,1788225274.3523684,1.784016251564026,0.1211374104022979,-1.4136716609732605,95.36551599720984,1.784016251564026,0.0882911011576652,0.1211374104022979,0.4891016483306885,-0.3692297339439392,-0.3938666582107544,-0.6850680112838745,-0.0125155193553826,0.6133222744084559,0,0,-0.1248545327581705,0.0793078420444994,-456,-432,thymio-09
116,1788225274.960531,1.784016251564026,0.1211374104022979,-1.4136716609732605,95.26551599720985,1.784016251564026,0.0882911011576652,0.1211374104022979,0.4891016483306885,-0.3692297339439392,-0.3938666582107544,-0.6850680112838745,-0.0125155193553826,0.6133222744084559,0,0,-0.1248545327581705,0.0793078420444994,-456,-432,thymio-09
117,1788225275.5687697,1.7064547538757324,0.262002944946289,0.940845340939246,94.77902031651348,1.7064547538757324,0.088403545320034,0.262002944946289,0.2721823453903198,-0.6286155581474304,-0.5684998631477356,-0.4555955529212951,-0.4218740381757667,-0.0391354574409364,0,0,-0.0870822734739171,0.6283185307179586,-404,-215,thymio-09
118,1788225276.176128,1.7064547538757324,0.262002944946289,0.940845340939246,94.67902031651349,1.7064547538757324,0.088403545320034,0.262002944946289,0.2721823453903198,-0.6286155581474304,-0.5684998631477356,-0.4555955529212951,-0.4218740381757667,-0.0391354574409364,0,0,-0.0870822734739171,0.6283185307179586,-404,-215,thymio-09
119,1788225276.7795255,10000.0,10000.0,0.0,94.67902031651349,1.7064547538757324,0.088403545320034,0.262002944946289,0.2721823453903198,-0.6286155581474304,-0.5684998631477356,-0.4555955529212951,1.0,1.0,0,0,-9.184850993605149e-18,0.6283185307179586,-95,95,thymio-09
120,1788225277.3828862,1.7746134996414185,0.3825991153717041,1.045076665724464,94.67902031651349,1.7746134996414185,0.0889054536819458,0.3825991153717041,0.1983576565980911,-0.6786700487136841,-0.5981084704399109,-0.3772633373737335,-0.4580464895356454,-0.2087621863275881,0,0,-0.2,0.6283185307179586,-500,-500,thymio-09
121,1788225277.9910152,1.7746134996414185,0.3825991153717041,1.045076665724464,94.57902031651348,1.7746134996414185,0.0889054536819458,0.3825991153717041,0.1983576565980911,-0.6786700487136841,-0.5981084704399109,-0.3772633373737335,-0.4580464895356454,-0.2087621863275881,0,0,-0.2,0.6283185307179586,-500,-500,thymio-09
122,1788225278.594942,10000.0,10000.0,0.0,94.57902031651348,1.7746134996414185,0.0889054536819458,0.3825991153717041,0.1983576565980911,-0.6786700487136841,-0.5981084704399109,-0.3772633373737335,1.0,1.0,0,0,-9.184850993605149e-18,0.6283185307179586,-95,95,thymio-09
123,1788225279.1979866,10000.0,10000.0,0.0,94.57902031651348,1.7746134996414185,0.0889054536819458,0.3825991153717041,0.1983576565980911,-0.6786700487136841,-0.5981084704399109,-0.3772633373737335,1.0,1.0,0,0,-9.184850993605149e-18,0.6283185307179586,-95,95,thymio-09
124,1788225279.801962,1.9012846946716309,0.4840593934059143,1.118951746931785,94.57902031651348,1.9012846946716309,0.0896256119012832,0.4840593934059143,-0.1726069450378418,-0.7792357206344604,-0.5991933941841125,0.0629762113094329,-0.233270398288501,-0.3827708708741469,0,0,0.2,0.3663337296369552,500,500,thymio-09
125,1788225280.4099703,1.9012846946716309,0.4840593934059143,1.118951746931785,94.47902031651348,1.9012846946716309,0.0896256119012832,0.4840593934059143,-0.1726069450378418,-0.7792357206344604,-0.5991933941841125,0.0629762113094329,-0.233270398288501,-0.3827708708741469,0,0,0.2,0.3663337296369552,500,500,thymio-09
126,1788225281.0177736,2.0594279766082764,0.4569965302944183,0.9616352747005372,94.37902031651348,2.0594279766082764,0.0884102210402488,0.4569965302944183,-0.3754589259624481,-0.7002602815628052,-0.5094199776649475,0.3303898572921753,0.1055012528237917,-0.5570170483104326,0,0,0.2,-0.6283185307179586,500,500,thymio-09
127,1788225281.6254778,2.0594279766082764,0.4569965302944183,0.9616352747005372,94.2790203165135,2.0594279766082764,0.0884102210402488,0.4569965302944183,-0.3754589259624481,-0.7002602815628052,-0.5094199776649475,0.3303898572921753,0.1055012528237917,-0.5570170483104326,0,0,0.2,-0.6283185307179586,500,500,thymio-09
128,1788225282.2285757,10000.0,10000.0,0.0,94.2790203165135,2.0594279766082764,0.0884102210402488,0.4569965302944183,-0.3754589259624481,-0.7002602815628052,-0.5094199776649475,0.3303898572921753,1.0,1.0,0,0,-9.184850993605149e-18,0.6283185307179586,-95,95,thymio-09
129,1788225282.8320572,1.967724084854126,0.6456298828125,0.8189574029595166,94.2790203165135,1.967724084854126,0.090692438185215,0.6456298828125,-0.4166703224182129,-0.672260046005249,-0.4713805019855499,0.3901958763599396,-0.0185700199375129,-0.3542778666737907,0,0,0.2,0.6283185307179586,500,500,thymio-09
130,1788225283.439599,1.967724084854126,0.6456298828125,0.8189574029595166,94.1790203165135,1.967724084854126,0.090692438185215,0.6456298828125,-0.4166703224182129,-0.672260046005249,-0.4713805019855499,0.3901958763599396,-0.0185700199375129,-0.3542778666737907,0,0,0.2,0.6283185307179586,500,500,thymio-09
131,1788225284.042896,10000.0,10000.0,0.0,94.1790203165135,1.967724084854126,0.090692438185215,0.6456298828125,-0.4166703224182129,-0.672260046005249,-0.4713805019855499,0.3901958763599396,1.0,1.0,0,0,-9.184850993605149e-18,0.6283185307179586,-95,95,thymio-09
132,1788225284.6465952,10000.0,10000.0,0.0,94.1790203165135,1.967724084854126,0.090692438185215,0.6456298828125,-0.4166703224182129,-0.672260046005249,-0.4713805019855499,0.3901958763599396,1.0,1.0,0,0,-9.184850993605149e-18,0.6283185307179586,-95,95,thymio-09
133,1788225285.2498436,1.928148865699768,0.8132648468017578,-0.6159738373042334,94.1790203165135,1.928148865699768,0.091930016875267,0.8132648468017578,-0.5158068537712097,-0.5694985389709473,-0.369877815246582,0.5223074555397034,1.0,1.0,0,0,-0.1183697554385563,0.6283185307179586,-500,-326,thymio-09
134,1788225285.8574564,1.928148865699768,0.8132648468017578,-0.6159738373042334,94.0790203165135,1.928148865699768,0.091930016875267,0.8132648468017578,-0.5158068537712097,-0.5694985389709473,-0.369877815246582,0.5223074555397034,1.0,1.0,0,0,-0.1183697554385563,0.6283185307179586,-500,-326,thymio-09
135,1788225286.4608903,10000.0,10000.0,0.0,94.0790203165135,1.928148865699768,0.091930016875267,0.8132648468017578,-0.5158068537712097,-0.5694985389709473,-0.369877815246582,0.5223074555397034,1.0,1.0,0,0,-9.184850993605149e-18,0.6283185307179586,-95,95,thymio-09
136,1788225287.064788,1.9545629024505613,0.9499968886375428,-1.5498405216744906,94.0790203165135,1.9545629024505613,0.0928986445069313,0.9499968886375428,-0.6054045557975769,-0.3659918308258056,-0.1930040419101715,0.6799152493476868,1.0,-0.1587148310026527,0,0,-0.1780549259618868,-0.0605700361831526,-500,-500,thymio-09
137,1788225287.672691,1.9545629024505613,0.9499968886375428,-1.5498405216744906,93.97902031651353,1.9545629024505613,0.0928986445069313,0.9499968886375428,-0.6054045557975769,-0.3659918308258056,-0.1930040419101715,0.6799152493476868,1.0,-0.1587148310026527,0,0,-0.1780549259618868,-0.0605700361831526,-500,-500,thymio-09
138,1788225288.2763588,10000.0,10000.0,0.0,93.97902031651353,1.9545629024505613,0.0928986445069313,0.9499968886375428,-0.6054045557975769,-0.3659918308258056,-0.1930040419101715,0.6799152493476868,1.0,1.0,0,0,-9.184850993605149e-18,0.6283185307179586,-95,95,thymio-09
139,1788225288.8797748,1.8069149255752563,0.8581864237785339,-1.6372759484250852,93.97902031651353,1.8069149255752563,0.0940708369016647,0.8581864237785339,-0.6197338104248047,0.0188390128314495,0.1291180253028869,0.7738887071609497,1.0,-0.2422951808021272,0,0,-0.1799568655150659,-0.2497969756255077,-500,-500,thymio-09
140,1788225289.4875398,1.8069149255752563,0.8581864237785339,-1.6372759484250852,93.87902031651352,1.8069149255752563,0.0940708369016647,0.8581864237785339,-0.6197338104248047,0.0188390128314495,0.1291180253028869,0.7738887071609497,1.0,-0.2422951808021272,0,0,-0.1799568655150659,-0.2497969756255077,-500,-500,thymio-09
141,1788225290.0907955,10000.0,10000.0,0.0,93.87902031651352,1.8069149255752563,0.0940708369016647,0.8581864237785339,-0.6197338104248047,0.0188390128314495,0.1291180253028869,0.7738887071609497,1.0,1.0,0,0,-9.184850993605149e-18,0.6283185307179586,-95,95,thymio-09
142,1788225290.6944788,1.6653680801391602,0.8744341135025024,-1.607248072861986,93.87902031651352,1.6653680801391602,0.0951058715581893,0.8744341135025024,-0.5800725221633911,0.1645751446485519,0.2421838194131851,0.7601169943809509,1.0,-0.3629266500105531,0,0,-0.0999592282948333,-0.6283185307179586,-260,-450,thymio-09
143,1788225291.303433,1.6653680801391602,0.8744341135025024,-1.607248072861986,93.77902031651352,1.6653680801391602,0.0951058715581893,0.8744341135025024,-0.5800725221633911,0.1645751446485519,0.2421838194131851,0.7601169943809509,1.0,-0.3629266500105531,0,0,-0.0999592282948333,-0.6283185307179586,-260,-450,thymio-09
144,1788225291.9068568,10000.0,10000.0,0.0,93.77902031651352,1.6653680801391602,0.0951058715581893,0.8744341135025024,-0.5800725221633911,0.1645751446485519,0.2421838194131851,0.7601169943809509,1.0,1.0,0,0,-9.184850993605149e-18,0.6283185307179586,-95,95,thymio-09
145,1788225292.51064,1.5054596662521362,0.972412645816803,-1.4804211584625646,93.77902031651352,1.5054596662521362,0.0953181833028793,0.972412645816803,-0.5181785225868225,0.3189625144004822,0.3664463460445404,0.7038969993591309,1.0,0.7026875756635855,0,0,0.1710349416732788,-0.6283185307179586,500,500,thymio-09
146,1788225293.118453,1.5054596662521362,0.972412645816803,-1.4804211584625646,93.67902031651352,1.5054596662521362,0.0953181833028793,0.972412645816803,-0.5181785225868225,0.3189625144004822,0.3664463460445404,0.7038969993591309,1.0,0.7026875756635855,0,0,0.1710349416732788,-0.6283185307179586,500,500,thymio-09
147,1788225293.7222784,10000.0,10000.0,0.0,93.67902031651352,1.5054596662521362,0.0953181833028793,0.972412645816803,-0.5181785225868225,0.3189625144004822,0.3664463460445404,0.7038969993591309,1.0,1.0,0,0,-9.184850993605149e-18,0.6283185307179586,-95,95,thymio-09
148,1788225294.325352,1.452436089515686,1.0180808305740356,-1.5256481927947294,93.67902031651352,1.452436089515686,0.0955391824245452,1.0180808305740356,-0.5360555052757263,0.2725058197975158,0.3316918015480041,0.7268876433372498,1.0,1.0,0,0,0.1527676677703857,-0.6283185307179586,500,448,thymio-09
149,1788225294.933124,1.452436089515686,1.0180808305740356,-1.5256481927947294,93.57902031651354,1.452436089515686,0.0955391824245452,1.0180808305740356,-0.5360555052757263,0.2725058197975158,0.3316918015480041,0.7268876433372498,1.0,1.0,0,0,0.1527676677703857,-0.6283185307179586,500,448,thymio-09
150,1788225295.5362198,10000.0,10000.0,0.0,93.57902031651354,1.452436089515686,0.0955391824245452,1.0180808305740356,-0.5360555052757263,0.2725058197975158,0.3316918015480041,0.7268876433372498,1.0,1.0,0,0,-9.184850993605149e-18,0.6283185307179586,-95,95,thymio-09
151,1788225296.139717,1.5337961912155151,0.8901671767234802,-1.1989466690547874,93.57902031651354,1.5337961912155151,0.0949039608240127,0.8901671767234802,-0.4549570083618164,0.4218136072158813,0.4377372562885284,0.6507484912872314,1.0,1.0,0,0,-0.135947626288217,-0.6283185307179586,-388,-500,thymio-09
152,1788225296.7476609,1.5337961912155151,0.8901671767234802,-1.1989466690547874,93.47902031651354,1.5337961912155151,0.0949039608240127,0.8901671767234802,-0.4549570083618164,0.4218136072158813,0.4377372562885284,0.6507484912872314,1.0,1.0,0,0,-0.135947626288217,-0.6283185307179586,-388,-500,thymio-09
153,1788225297.3511212,10000.0,10000.0,0.0,93.47902031651354,1.5337961912155151,0.0949039608240127,0.8901671767234802,-0.4549570083618164,0.4218136072158813,0.4377372562885284,0.6507484912872314,1.0,1.0,0,0,-9.184850993605149e-18,0.6283185307179586,-95,95,thymio-09
154,1788225297.9548757,1.5711678266525269,0.765423059463501,0.1936389035885319,93.47902031651354,1.5711678266525269,0.0939131826162338,0.765423059463501,-0.3727623224258423,0.5327349305152893,0.507839024066925,0.5651028752326965,-0.2612440720247614,-0.2195592921282557,0,0,0.0209592664290314,0.6283185307179586,-20,169,thymio-09
155,1788225298.5626092,1.5711678266525269,0.765423059463501,0.1936389035885319,93.37902031651356,1.5711678266525269,0.0939131826162338,0.765423059463501,-0.3727623224258423,0.5327349305152893,0.507839024066925,0.5651028752326965,-0.2612440720247614,-0.2195592921282557,0,0,0.0209592664290314,0.6283185307179586,-20,169,thymio-09
156,1788225299.1658938,10000.0,10000.0,0.0,93.37902031651356,1.5711678266525269,0.0939131826162338,0.765423059463501,-0.3727623224258423,0.5327349305152893,0.507839024066925,0.5651028752326965,1.0,1.0,0,0,-9.184850993605149e-18,0.6283185307179586,-95,95,thymio-09
157,1788225299.7690754,1.5631569623947144,0.9071964025497437,0.464389289646272,93.37902031651356,1.5631569623947144,0.0948801338672638,0.9071964025497437,-0.3510994613170624,0.5506219267845154,0.5265557765960693,0.5443195104598999,-0.4014335781947573,-0.1328311459136679,0,0,-0.1196679545245497,0.6283185307179586,-500,-330,thymio-09
158,1788225300.3771074,1.5631569623947144,0.9071964025497437,0.464389289646272,93.27902031651357,1.5631569623947144,0.0948801338672638,0.9071964025497437,-0.3510994613170624,0.5506219267845154,0.5265557765960693,0.5443195104598999,-0.4014335781947573,-0.1328311459136679,0,0,-0.1196679545245497,0.6283185307179586,-500,-330,thymio-09
159,1788225300.9804037,10000.0,10000.0,0.0,93.27902031651357,1.5631569623947144,0.0948801338672638,0.9071964025497437,-0.3510994613170624,0.5506219267845154,0.5265557765960693,0.5443195104598999,1.0,1.0,0,0,-9.184850993605149e-18,0.6283185307179586,-95,95,thymio-09
160,1788225301.5834296,10000.0,10000.0,0.0,93.27902031651357,1.5631569623947144,0.0948801338672638,0.9071964025497437,-0.3510994613170624,0.5506219267845154,0.5265557765960693,0.5443195104598999,1.0,1.0,0,0,-9.184850993605149e-18,0.6283185307179586,-95,95,thymio-09
161,1788225302.1865687,10000.0,10000.0,0.0,93.27902031651357,1.5631569623947144,0.0948801338672638,0.9071964025497437,-0.3510994613170624,0.5506219267845154,0.5265557765960693,0.5443195104598999,1.0,1.0,0,0,-9.184850993605149e-18,0.6283185307179586,-95,95,thymio-09
162,1788225302.7899604,1.5648481845855713,0.9232107996940612,1.155332615084573,93.27902031651357,1.5648481845855713,0.0956692919135093,0.9232107996940612,0.0520459078252315,0.7721160650253296,0.629570484161377,0.0690587610006332,-0.4174947833197386,1.0,0,0,-0.0311759002245442,0.6283185307179586,-206,-16,thymio-09
163,1788225303.3982062,1.5648481845855713,0.9232107996940612,1.155332615084573,93.17902031651356,1.5648481845855713,0.0956692919135093,0.9232107996940612,0.0520459078252315,0.7721160650253296,0.629570484161377,0.0690587610006332,-0.4174947833197386,1.0,0,0,-0.0311759002245442,0.6283185307179586,-206,-16,thymio-09
164,1788225304.0016608,10000.0,10000.0,0.0,93.17902031651356,1.5648481845855713,0.0956692919135093,0.9232107996940612,0.0520459078252315,0.7721160650253296,0.629570484161377,0.0690587610006332,1.0,1.0,0,0,-9.184850993605149e-18,0.6283185307179586,-95,95,thymio-09
165,1788225304.6045854,10000.0,10000.0,0.0,93.17902031651356,1.5648481845855713,0.0956692919135093,0.9232107996940612,0.0520459078252315,0.7721160650253296,0.629570484161377,0.0690587610006332,1.0,1.0,0,0,-9.184850993605149e-18,0.6283185307179586,-95,95,thymio-09
166,1788225305.2076583,10000.0,10000.0,0.0,93.17902031651356,1.5648481845855713,0.0956692919135093,0.9232107996940612,0.0520459078252315,0.7721160650253296,0.629570484161377,0.0690587610006332,1.0,1.0,0,0,-9.184850993605149e-18,0.6283185307179586,-95,95,thymio-09
167,1788225305.811436,10000.0,10000.0,0.0,93.17902031651356,1.5648481845855713,0.0956692919135093,0.9232107996940612,0.0520459078252315,0.7721160650253296,0.629570484161377,0.0690587610006332,1.0,1.0,0,0,-9.184850993605149e-18,0.6283185307179586,-95,95,thymio-09
168,1788225306.4152775,10000.0,10000.0,0.0,93.17902031651356,1.5648481845855713,0.0956692919135093,0.9232107996940612,0.0520459078252315,0.7721160650253296,0.629570484161377,0.0690587610006332,1.0,1.0,0,0,-9.184850993605149e-18,0.6283185307179586,-95,95,thymio-09
169,1788225307.0183492,10000.0,10000.0,0.0,93.17902031651356,1.5648481845855713,0.0956692919135093,0.9232107996940612,0.0520459078252315,0.7721160650253296,0.629570484161377,0.0690587610006332,1.0,1.0,0,0,-9.184850993605149e-18,0.6283185307179586,-95,95,thymio-09
170,1788225307.622533,1.7155457735061646,0.9144226908683776,-1.3157935151208804,93.17902031651356,1.7155457735061646,0.0947051718831062,0.9144226908683776,0.5687893629074097,0.4827020466327667,0.291908711194992,-0.5985538363456726,1.0,-0.1267605667677512,0,0,-0.1942309236526489,0.2884474208650678,-500,-500,thymio-09
171,1788225308.2302167,1.7155457735061646,0.9144226908683776,-1.3157935151208804,93.07902031651356,1.7155457735061646,0.0947051718831062,0.9144226908683776,0.5687893629074097,0.4827020466327667,0.291908711194992,-0.5985538363456726,1.0,-0.1267605667677512,0,0,-0.1942309236526489,0.2884474208650678,-500,-500,thymio-09
172,1788225308.8387394,1.6906523704528809,0.8409115076065063,-0.7640060321664768,92.93396770768749,1.6906523704528809,0.0942363739013671,0.8409115076065063,0.4176872074604034,-0.4743947088718414,-0.4719255566596985,-0.6146327257156372,1.0,-0.2879354830404673,0,0,-0.1235045186435749,0.6283185307179586,-500,-344,thymio-09
173,1788225309.446022,1.6906523704528809,0.8409115076065063,-0.7640060321664768,92.83396770768748,1.6906523704528809,0.0942363739013671,0.8409115076065063,0.4176872074604034,-0.4743947088718414,-0.4719255566596985,-0.6146327257156372,1.0,-0.2879354830404673,0,0,-0.1235045186435749,0.6283185307179586,-500,-344,thymio-09
174,1788225310.0491292,10000.0,10000.0,0.0,92.83396770768748,1.6906523704528809,0.0942363739013671,0.8409115076065063,0.4176872074604034,-0.4743947088718414,-0.4719255566596985,-0.6146327257156372,1.0,1.0,0,0,-9.184850993605149e-18,0.6283185307179586,-95,95,thymio-09
175,1788225310.6521616,1.6749311685562134,1.031538724899292,0.0709738394114838,92.83396770768748,1.6749311685562134,0.0950047969818115,1.031538724899292,0.3798531293869018,-0.5254809856414795,-0.5027849674224854,-0.5716543197631836,1.0,-0.1803007951741061,0,0,-0.1053037692881554,0.6283185307179586,-469,-279,thymio-09
176,1788225311.259931,1.6749311685562134,1.031538724899292,0.0709738394114838,92.73396770768748,1.6749311685562134,0.0950047969818115,1.031538724899292,0.3798531293869018,-0.5254809856414795,-0.5027849674224854,-0.5716543197631836,1.0,-0.1803007951741061,0,0,-0.1053037692881554,0.6283185307179586,-469,-279,thymio-09
177,1788225311.8633466,10000.0,10000.0,0.0,92.73396770768748,1.6749311685562134,0.0950047969818115,1.031538724899292,0.3798531293869018,-0.5254809856414795,-0.5027849674224854,-0.5716543197631836,1.0,1.0,0,0,-9.184850993605149e-18,0.6283185307179586,-95,95,thymio-09
178,1788225312.4667552,10000.0,10000.0,0.0,92.73396770768748,1.6749311685562134,0.0950047969818115,1.031538724899292,0.3798531293869018,-0.5254809856414795,-0.5027849674224854,-0.5716543197631836,1.0,1.0,0,0,-9.184850993605149e-18,0.6283185307179586,-95,95,thymio-09
179,1788225313.0706806,1.6901789903640747,1.187442183494568,1.0745398556402197,92.73396770768748,1.6901789903640747,0.0971090048551559,1.187442183494568,0.156154066324234,-0.7081609964370728,-0.6001660823822021,-0.3375271260738373,-0.458579065018126,1.0,0,0,-0.0850231266021728,0.6283185307179586,-397,-207,thymio-09
180,1788225313.6788754,1.6901789903640747,1.187442183494568,1.0745398556402197,92.63396770768748,1.6901789903640747,0.0971090048551559,1.187442183494568,0.156154066324234,-0.7081609964370728,-0.6001660823822021,-0.3375271260738373,-0.458579065018126,1.0,0,0,-0.0850231266021728,0.6283185307179586,-397,-207,thymio-09
181,1788225314.28266,10000.0,10000.0,0.0,92.63396770768748,1.6901789903640747,0.0971090048551559,1.187442183494568,0.156154066324234,-0.7081609964370728,-0.6001660823822021,-0.3375271260738373,1.0,1.0,0,0,-9.184850993605149e-18,0.6283185307179586,-95,95,thymio-09
182,1788225314.8859797,10000.0,10000.0,0.0,92.63396770768748,1.6901789903640747,0.0971090048551559,1.187442183494568,0.156154066324234,-0.7081609964370728,-0.6001660823822021,-0.3375271260738373,1.0,1.0,0,0,-9.184850993605149e-18,0.6283185307179586,-95,95,thymio-09
183,1788225315.490356,1.8059535026550293,1.2747702598571775,1.1070766545005988,92.63396770768748,1.8059535026550293,0.0970561504364013,1.2747702598571775,-0.2622938156127929,-0.7492246627807617,-0.5778440833091736,0.1896326541900634,-0.3546084811280399,1.0,0,0,0.0260957732884365,0.6283185307179586,-2,188,thymio-09
184,1788225316.0980787,1.8059535026550293,1.2747702598571775,1.1070766545005988,92.5339677076875,1.8059535026550293,0.0970561504364013,1.2747702598571775,-0.2622938156127929,-0.7492246627807617,-0.5778440833091736,0.1896326541900634,-0.3546084811280399,1.0,0,0,0.0260957732884365,0.6283185307179586,-2,188,thymio-09
185,1788225316.7013614,10000.0,10000.0,0.0,92.5339677076875,1.8059535026550293,0.0970561504364013,1.2747702598571775,-0.2622938156127929,-0.7492246627807617,-0.5778440833091736,0.1896326541900634,1.0,1.0,0,0,-9.184850993605149e-18,0.6283185307179586,-95,95,thymio-09
186,1788225317.3048632,1.904706716537476,1.202592134475708,-1.3320347861285855,92.5339677076875,1.904706716537476,0.0951207503676414,1.202592134475708,-0.5720643997192383,-0.4763499200344085,-0.2796606421470642,0.6063192486763,1.0,-0.2579380435509912,0,0,-0.0789631462097167,0.433790472880796,-346,-215,thymio-09
187,1788225317.9124992,1.904706716537476,1.202592134475708,-1.3320347861285855,92.4339677076875,1.904706716537476,0.0951207503676414,1.202592134475708,-0.5720643997192383,-0.4763499200344085,-0.2796606421470642,0.6063192486763,1.0,-0.2579380435509912,0,0,-0.0789631462097167,0.433790472880796,-346,-215,thymio-09
188,1788225318.5156617,10000.0,10000.0,0.0,92.4339677076875,1.904706716537476,0.0951207503676414,1.202592134475708,-0.5720643997192383,-0.4763499200344085,-0.2796606421470642,0.6063192486763,1.0,1.0,0,0,-9.184850993605149e-18,0.6283185307179586,-95,95,thymio-09
189,1788225319.1193848,1.9417033195495603,1.1986297369003296,-1.630409565916285,92.4339677076875,1.9417033195495603,0.0945272669196128,1.1986297369003296,-0.6375781297683716,-0.0952676311135292,0.0420689657330513,0.7633140683174133,1.0,-0.236427471873712,0,0,-0.0805481052398681,-0.1875059251071695,-258,-315,thymio-09
190,1788225319.7272704,1.9417033195495603,1.1986297369003296,-1.630409565916285,92.3339677076875,1.9417033195495603,0.0945272669196128,1.1986297369003296,-0.6375781297683716,-0.0952676311135292,0.0420689657330513,0.7633140683174133,1.0,-0.236427471873712,0,0,-0.0805481052398681,-0.1875059251071695,-258,-315,thymio-09
191,1788225320.3305428,10000.0,10000.0,0.0,92.3339677076875,1.9417033195495603,0.0945272669196128,1.1986297369003296,-0.6375781297683716,-0.0952676311135292,0.0420689657330513,0.7633140683174133,1.0,1.0,0,0,-9.184850993605149e-18,0.6283185307179586,-95,95,thymio-09
192,1788225320.9344325,1.796851634979248,1.2186986207962036,-1.5157769516458846,92.3339677076875,1.796851634979248,0.0965319275856018,1.2186986207962036,-0.5254091024398804,0.297119140625,0.3442007601261139,0.719160258769989,1.0,-0.3661462436269898,0,0,-0.0433818924471594,-0.2980171727624073,-109,-199,thymio-09
193,1788225321.5422852,1.796851634979248,1.2186986207962036,-1.5157769516458846,92.23396770768753,1.796851634979248,0.0965319275856018,1.2186986207962036,-0.5254091024398804,0.297119140625,0.3442007601261139,0.719160258769989,1.0,-0.3661462436269898,0,0,-0.0433818924471594,-0.2980171727624073,-109,-199,thymio-09
194,1788225322.146253,10000.0,10000.0,0.0,92.23396770768753,1.796851634979248,0.0965319275856018,1.2186986207962036,-0.5254091024398804,0.297119140625,0.3442007601261139,0.719160258769989,1.0,1.0,0,0,-9.184850993605149e-18,0.6283185307179586,-95,95,thymio-09
195,1788225322.7493913,10000.0,10000.0,0.0,92.23396770768753,1.796851634979248,0.0965319275856018,1.2186986207962036,-0.5254091024398804,0.297119140625,0.3442007601261139,0.719160258769989,1.0,1.0,0,0,-9.184850993605149e-18,0.6283185307179586,-95,95,thymio-09
1,1788225030.5837648,0.8968647718429565,1.4263859987258911,0.8958886559702393,100.0,0.8968647718429565,0.1120547503232956,1.4263859987258911,-0.0826322808861732,-0.7752003073692322,-0.5864664316177368,-0.2197578251361847,1.0,0.2766536992060633,0,0,0.0,0.6283185307179586,-95,95,thymio-11
2,1788225031.1869817,2.9046826362609863,-0.5545358061790466,-1.3149924081065147,100.0,2.9046826362609863,0.082655131816864,-0.5545358061790466,0.5891865491867065,0.4225601851940155,0.1034289747476577,-0.6808852553367615,-0.730483796015682,1.0,0,0,-0.0886910280033916,-0.6283185307179586,-220,-410,thymio-11
3,1788225031.795614,2.9046826362609863,-0.5545358061790466,-1.3149924081065147,99.9,2.9046826362609863,0.082655131816864,-0.5545358061790466,0.5891865491867065,0.4225601851940155,0.1034289747476577,-0.6808852553367615,-0.730483796015682,1.0,0,0,-0.0886910280033916,-0.6283185307179586,-220,-410,thymio-11
4,1788225032.4041662,2.892002582550049,-0.5606306791305542,-1.441297691789747,99.8,2.892002582550049,0.0834364220499992,-0.5606306791305542,0.596435010433197,0.2805888652801513,-0.0110757024958729,-0.7519391775131226,-0.7137100851302792,1.0,0,0,-0.0255442728888138,-0.6283185307179586,4,-186,thymio-11
5,1788225033.0120397,2.892002582550049,-0.5606306791305542,-1.441297691789747,99.70000000000002,2.892002582550049,0.0834364220499992,-0.5606306791305542,0.596435010433197,0.2805888652801513,-0.0110757024958729,-0.7519391775131226,-0.7137100851302792,1.0,0,0,-0.0255442728888138,-0.6283185307179586,4,-186,thymio-11
6,1788225033.6151388,10000.0,10000.0,0.0,99.70000000000002,2.892002582550049,0.0834364220499992,-0.5606306791305542,0.596435010433197,0.2805888652801513,-0.0110757024958729,-0.7519391775131226,1.0,1.0,0,0,-0.03,0.6283185307179586,-201,-12,thymio-11
7,1788225034.21884,2.7854115962982178,-0.6120454668998718,-0.5939755660207138,99.70000000000002,2.7854115962982178,0.0836164802312851,-0.6120454668998718,0.5381869077682495,0.6026859283447266,0.2737487852573395,-0.5217146873474121,-0.556907055250244,1.0,0,0,-0.05,-0.6283185307179586,-83,-273,thymio-11
8,1788225034.8265252,2.7854115962982178,-0.6120454668998718,-0.5939755660207138,99.60000000000002,2.7854115962982178,0.0836164802312851,-0.6120454668998718,0.5381869077682495,0.6026859283447266,0.2737487852573395,-0.5217146873474121,-0.556907055250244,1.0,0,0,-0.2,-0.6283185307179586,-500,-500,thymio-11
9,1788225035.429643,10000.0,10000.0,0.0,99.60000000000002,2.7854115962982178,0.0836164802312851,-0.6120454668998718,0.5381869077682495,0.6026859283447266,0.2737487852573395,-0.5217146873474121,1.0,1.0,0,0,-9.184850993605149e-18,0.6283185307179586,-95,95,thymio-11
10,1788225036.0333958,2.7687618732452397,-0.7106995582580566,0.3576748659835456,99.60000000000002,2.7687618732452397,0.0834738388657569,-0.7106995582580566,0.4690208733081817,0.704275369644165,0.3733813762664795,-0.380265861749649,-0.4346816885128006,1.0,0,0,-0.2,0.6283185307179586,-500,-500,thymio-11
11,1788225036.6413977,2.7687618732452397,-0.7106995582580566,0.3576748659835456,99.50000000000004,2.7687618732452397,0.0834738388657569,-0.7106995582580566,0.4690208733081817,0.704275369644165,0.3733813762664795,-0.380265861749649,-0.4346816885128006,1.0,0,0,-0.2,0.6283185307179586,-500,-500,thymio-11
12,1788225037.2447803,10000.0,10000.0,0.0,99.50000000000004,2.7687618732452397,0.0834738388657569,-0.7106995582580566,0.4690208733081817,0.704275369644165,0.3733813762664795,-0.380265861749649,1.0,1.0,0,0,-9.184850993605149e-18,0.6283185307179586,-95,95,thymio-11
13,1788225037.848179,2.753401279449463,-0.8280846476554871,-0.4726314066164452,99.50000000000004,2.753401279449463,0.0829301849007606,-0.8280846476554871,0.5364000201225281,0.6188642382621765,0.2766101062297821,-0.5027613043785095,-0.3234864001336116,1.0,0,0,-0.0046116178603265,0.6283185307179586,-111,78,thymio-11
14,1788225038.4559047,2.753401279449463,-0.8280846476554871,-0.4726314066164452,99.40000000000003,2.753401279449463,0.0829301849007606,-0.8280846476554871,0.5364000201225281,0.6188642382621765,0.2766101062297821,-0.5027613043785095,-0.3234864001336116,1.0,0,0,-0.0046116178603265,0.6283185307179586,-111,78,thymio-11
15,1788225039.0595903,10000.0,10000.0,0.0,99.40000000000003,2.753401279449463,0.0829301849007606,-0.8280846476554871,0.5364000201225281,0.6188642382621765,0.2766101062297821,-0.5027613043785095,1.0,1.0,0,0,-9.184850993605149e-18,0.6283185307179586,-95,95,thymio-11
16,1788225039.6624684,2.697872877120972,-0.9468030333518982,-1.4599817643916455,99.40000000000003,2.697872877120972,0.0824734717607498,-0.9468030333518982,0.5874446630477905,0.198319211602211,-0.080799400806427,-0.7804164886474609,1.0,1.0,0,0,-0.0780270957613183,0.6283185307179586,-372,-182,thymio-11
17,1788225040.270369,2.697872877120972,-0.9468030333518982,-1.4599817643916455,99.30000000000004,2.697872877120972,0.0824734717607498,-0.9468030333518982,0.5874446630477905,0.198319211602211,-0.080799400806427,-0.7804164886474609,1.0,1.0,0,0,-0.0780270957613183,0.6283185307179586,-372,-182,thymio-11
18,1788225040.8737986,10000.0,10000.0,0.0,99.30000000000004,2.697872877120972,0.0824734717607498,-0.9468030333518982,0.5874446630477905,0.198319211602211,-0.080799400806427,-0.7804164886474609,1.0,1.0,0,0,-9.184850993605149e-18,0.6283185307179586,-95,95,thymio-11
19,1788225041.4782667,2.6291184425354004,-0.8986678719520569,-1.3844792724818988,99.30000000000004,2.6291184425354004,0.0820807740092277,-0.8986678719520569,0.4928030371665954,-0.179458200931549,-0.3338178992271423,-0.7832660675048828,-0.1927279961131344,1.0,0,0,-0.0677893116362416,0.6283185307179586,-336,-146,thymio-11
20,1788225042.085795,2.6291184425354004,-0.8986678719520569,-1.3844792724818988,99.20000000000005,2.6291184425354004,0.0820807740092277,-0.8986678719520569,0.4928030371665954,-0.179458200931549,-0.3338178992271423,-0.7832660675048828,-0.1927279961131344,1.0,0,0,-0.0677893116362416,0.6283185307179586,-336,-146,thymio-11
21,1788225042.6890182,10000.0,10000.0,0.0,99.20000000000005,2.6291184425354004,0.0820807740092277,-0.8986678719520569,0.4928030371665954,-0.179458200931549,-0.3338178992271423,-0.7832660675048828,1.0,1.0,0,0,-9.184850993605149e-18,0.6283185307179586,-95,95,thymio-11
22,1788225043.2924647,2.617780923843384,-0.8027608394622803,0.2623895581177282,99.20000000000005,2.617780923843384,0.0837831124663353,-0.8027608394622803,0.2481290698051452,-0.5582074522972107,-0.5384475588798523,-0.580440104007721,-0.4532386336119826,1.0,0,0,-0.2,0.6283185307179586,-500,-500,thymio-11
23,1788225043.900344,2.617780923843384,-0.8027608394622803,0.2623895581177282,99.10000000000004,2.617780923843384,0.0837831124663353,-0.8027608394622803,0.2481290698051452,-0.5582074522972107,-0.5384475588798523,-0.580440104007721,-0.4532386336119826,1.0,0,0,-0.2,0.6283185307179586,-500,-500,thymio-11
24,1788225044.5047228,10000.0,10000.0,0.0,99.10000000000004,2.617780923843384,0.0837831124663353,-0.8027608394622803,0.2481290698051452,-0.5582074522972107,-0.5384475588798523,-0.580440104007721,1.0,1.0,0,0,-9.184850993605149e-18,0.6283185307179586,-95,95,thymio-11
25,1788225045.108637,2.768498659133911,-0.722617506980896,0.8719180355252902,99.10000000000004,2.768498659133911,0.0833048298954963,-0.722617506980896,-0.0095354951918125,-0.7454253435134888,-0.5924219489097595,-0.3054282367229461,-0.525027566052575,1.0,0,0,-0.2,0.6283185307179586,-500,-500,thymio-11
26,1788225045.7168365,2.768498659133911,-0.722617506980896,0.8719180355252902,99.00000000000006,2.768498659133911,0.0833048298954963,-0.722617506980896,-0.0095354951918125,-0.7454253435134888,-0.5924219489097595,-0.3054282367229461,-0.525027566052575,1.0,0,0,-0.2,0.6283185307179586,-500,-500,thymio-11
27,1788225046.3199444,10000.0,10000.0,0.0,99.00000000000006,2.768498659133911,0.0833048298954963,-0.722617506980896,-0.0095354951918125,-0.7454253435134888,-0.5924219489097595,-0.3054282367229461,1.0,1.0,0,0,-9.184850993605149e-18,0.6283185307179586,-95,95,thymio-11
28,1788225046.923719,2.9598982334136963,-0.7344365119934082,0.931501713836946,99.00000000000006,2.9598982334136963,0.0815511494874954,-0.7344365119934082,-0.1295829713344574,-0.7969714403152466,-0.5737621188163757,-0.137265533208847,-0.3702097568817438,1.0,0,0,0.0682451366946122,0.6283185307179586,148,337,thymio-11
29,1788225047.5319114,2.9598982334136963,-0.7344365119934082,0.931501713836946,98.90000000000006,2.9598982334136963,0.0815511494874954,-0.7344365119934082,-0.1295829713344574,-0.7969714403152466,-0.5737621188163757,-0.137265533208847,-0.3702097568817438,1.0,0,0,0.0682451366946122,0.6283185307179586,148,337,thymio-11
30,1788225048.1414604,2.9837987422943115,-0.7271121740341187,0.8385921559466061,98.80000000000008,2.9837987422943115,0.0814591497182846,-0.7271121740341187,-0.3122400343418121,-0.7946468591690063,-0.5112335681915283,0.0984012261033058,-0.3096506410458413,1.0,0,0,0.1878059544881778,0.6283185307179586,500,500,thymio-11
31,1788225048.7492774,2.9837987422943115,-0.7271121740341187,0.8385921559466061,98.70000000000007,2.9837987422943115,0.0814591497182846,-0.7271121740341187,-0.3122400343418121,-0.7946468591690063,-0.5112335681915283,0.0984012261033058,-0.3096506410458413,1.0,0,0,0.1878059544881778,0.6283185307179586,500,500,thymio-11
32,1788225049.3532052,10000.0,10000.0,0.0,98.70000000000007,2.9837987422943115,0.0814591497182846,-0.7271121740341187,-0.3122400343418121,-0.7946468591690063,-0.5112335681915283,0.0984012261033058,1.0,1.0,0,0,-9.184850993605149e-18,0.6283185307179586,-95,95,thymio-11
33,1788225049.9561546,10000.0,10000.0,0.0,98.70000000000007,2.9837987422943115,0.0814591497182846,-0.7271121740341187,-0.3122400343418121,-0.7946468591690063,-0.5112335681915283,0.0984012261033058,1.0,1.0,0,0,-9.184850993605149e-18,0.6283185307179586,-95,95,thymio-11
34,1788225050.559127,2.9282960891723637,-0.4940702617168426,0.4214128654072393,98.70000000000007,2.9282960891723637,0.0836862474679946,-0.4940702617168426,-0.4625621438026428,-0.714266300201416,-0.3847646117210388,0.357513964176178,-0.5179470759990427,1.0,0,0,-0.2,0.3153235103643588,-500,-500,thymio-11
35,1788225051.1676548,2.9282960891723637,-0.4940702617168426,0.4214128654072393,98.60000000000008,2.9282960891723637,0.0836862474679946,-0.4940702617168426,-0.4625621438026428,-0.714266300201416,-0.3847646117210388,0.357513964176178,-0.5179470759990427,1.0,0,0,-0.2,0.3153235103643588,-500,-500,thymio-11
36,1788225051.7710004,10000.0,10000.0,0.0,98.60000000000008,2.9282960891723637,0.0836862474679946,-0.4940702617168426,-0.4625621438026428,-0.714266300201416,-0.3847646117210388,0.357513964176178,1.0,1.0,0,0,-9.184850993605149e-18,0.6283185307179586,-95,95,thymio-11
37,1788225052.374778,2.8254847526550293,-0.6216874718666077,-1.1375236889603992,98.60000000000008,2.8254847526550293,0.0830636173486709,-0.6216874718666077,-0.5677151679992676,-0.5070280432701111,-0.1754126697778701,0.6243817806243896,-0.2640203099633897,1.0,0,0,-0.1873195936608211,-0.6283185307179586,-500,-500,thymio-11
38,1788225052.9831655,2.8254847526550293,-0.6216874718666077,-1.1375236889603992,98.50000000000009,2.8254847526550293,0.0830636173486709,-0.6216874718666077,-0.5677151679992676,-0.5070280432701111,-0.1754126697778701,0.6243817806243896,-0.2640203099633897,1.0,0,0,-0.1873195936608211,-0.6283185307179586,-500,-500,thymio-11
39,1788225053.5863247,10000.0,10000.0,0.0,98.50000000000009,2.8254847526550293,0.0830636173486709,-0.6216874718666077,-0.5677151679992676,-0.5070280432701111,-0.1754126697778701,0.6243817806243896,1.0,1.0,0,0,-9.184850993605149e-18,0.6283185307179586,-95,95,thymio-11
40,1788225054.189807,2.683303117752075,-0.697391927242279,-1.3970915482318615,98.50000000000009,2.683303117752075,0.0837407484650611,-0.697391927242279,-0.5989075303077698,-0.3658422231674194,-0.0694788098335266,0.7089724540710449,-0.0620103687792907,-0.007960520571816,0,0,-0.1564153878316728,-0.6283185307179586,-461,-500,thymio-11
41,1788225054.7976778,2.683303117752075,-0.697391927242279,-1.3970915482318615,98.40000000000008,2.683303117752075,0.0837407484650611,-0.697391927242279,-0.5989075303077698,-0.3658422231674194,-0.0694788098335266,0.7089724540710449,-0.0620103687792907,-0.007960520571816,0,0,-0.1564153878316728,-0.6283185307179586,-461,-500,thymio-11
42,1788225055.4007652,10000.0,10000.0,0.0,98.40000000000008,2.683303117752075,0.0837407484650611,-0.697391927242279,-0.5989075303077698,-0.3658422231674194,-0.0694788098335266,0.7089724540710449,1.0,1.0,0,0,-9.184850993605149e-18,0.6283185307179586,-95,95,thymio-11
43,1788225056.0037346,10000.0,10000.0,0.0,98.40000000000008,2.683303117752075,0.0837407484650611,-0.697391927242279,-0.5989075303077698,-0.3658422231674194,-0.0694788098335266,0.7089724540710449,1.0,1.0,0,0,-9.184850993605149e-18,0.6283185307179586,-95,95,thymio-11
44,1788225056.6070766,2.518202543258667,-0.7129051685333252,-1.4421339141232397,98.40000000000008,2.518202543258667,0.0846817418932914,-0.7129051685333252,-0.5931437611579895,-0.2322654724121093,0.0603148192167282,0.7685021162033081,0.1988731220588178,1.0,0,0,-0.1753266459729885,-0.6283185307179586,-500,-500,thymio-11
45,1788225057.2144136,2.518202543258667,-0.7129051685333252,-1.4421339141232397,98.3000000000001,2.518202543258667,0.0846817418932914,-0.7129051685333252,-0.5931437611579895,-0.2322654724121093,0.0603148192167282,0.7685021162033081,0.1988731220588178,1.0,0,0,-0.1753266459729885,-0.6283185307179586,-500,-500,thymio-11
46,1788225057.8226988,2.421600818634033,-0.6523295044898987,-1.4565934782057326,97.72806854745716,2.421600818634033,0.0841527208685875,-0.6523295044898987,0.5279419422149658,-0.1228861734271049,-0.2858325541019439,-0.790238082408905,0.1976465176781026,1.0,0,0,-0.1543230869552354,-0.6283185307179586,-453,-500,thymio-11
47,1788225058.4306462,2.421600818634033,-0.6523295044898987,-1.4565934782057326,97.62806854745716,2.421600818634033,0.0841527208685875,-0.6523295044898987,0.5279419422149658,-0.1228861734271049,-0.2858325541019439,-0.790238082408905,0.1976465176781026,1.0,0,0,-0.1543230869552354,-0.6283185307179586,-453,-500,thymio-11
48,1788225059.033655,10000.0,10000.0,0.0,97.62806854745716,2.421600818634033,0.0841527208685875,-0.6523295044898987,0.5279419422149658,-0.1228861734271049,-0.2858325541019439,-0.790238082408905,1.0,1.0,0,0,-9.184850993605149e-18,0.6283185307179586,-95,95,thymio-11
49,1788225059.6385462,2.3030388355255127,-0.5365803837776184,1.6442944030233084,97.62806854745716,2.3030388355255127,0.0862325131893158,-0.5365803837776184,-0.1768673509359359,0.5849772095680237,-0.7878725528717041,0.0760027021169662,-0.3659988513521016,-0.7407341935996374,0,0,0.0804497083458914,0.6283185307179586,191,381,thymio-11
50,1788225060.246524,2.3030388355255127,-0.5365803837776184,1.6442944030233084,97.52806854745717,2.3030388355255127,0.0862325131893158,-0.5365803837776184,-0.1768673509359359,0.5849772095680237,-0.7878725528717041,0.0760027021169662,-0.3659988513521016,-0.7407341935996374,0,0,0.0804497083458914,0.6283185307179586,191,381,thymio-11
51,1788225060.8501227,10000.0,10000.0,0.0,97.52806854745717,2.3030388355255127,0.0862325131893158,-0.5365803837776184,-0.1768673509359359,0.5849772095680237,-0.7878725528717041,0.0760027021169662,1.0,1.0,0,0,-9.184850993605149e-18,0.6283185307179586,-95,95,thymio-11
52,1788225061.4532268,2.241368055343628,-0.5607338547706604,-0.678401424826486,97.52806854745717,2.241368055343628,0.0875901952385902,-0.5607338547706604,-0.3440318703651428,0.4413031935691833,0.4793940484523773,0.6760731935501099,-0.7095550018777899,1.0,0,0,-0.105517778490257,0.6283185307179586,-470,-280,thymio-11
53,1788225062.0612898,2.241368055343628,-0.5607338547706604,-0.678401424826486,97.42806854745716,2.241368055343628,0.0875901952385902,-0.5607338547706604,-0.3440318703651428,0.4413031935691833,0.4793940484523773,0.6760731935501099,-0.7095550018777899,1.0,0,0,-0.105517778490257,0.6283185307179586,-470,-280,thymio-11
54,1788225062.6649225,10000.0,10000.0,0.0,97.42806854745716,2.241368055343628,0.0875901952385902,-0.5607338547706604,-0.3440318703651428,0.4413031935691833,0.4793940484523773,0.6760731935501099,1.0,1.0,0,4466,0.08,0.6283185307179586,189,379,thymio-11
55,1788225063.2689626,2.288343906402588,-0.5168860554695129,0.7301587594244996,97.42806854745716,2.288343906402588,0.0872958451509475,-0.5168860554695129,-0.1058663204312324,0.6704202890396118,0.5847639441490173,0.4442749321460724,-0.1280631457852263,1.0,0,1394,-0.0,0.6283185307179586,-95,95,thymio-11
56,1788225063.8769104,2.288343906402588,-0.5168860554695129,0.7301587594244996,97.32806854745718,2.288343906402588,0.0872958451509475,-0.5168860554695129,-0.1058663204312324,0.6704202890396118,0.5847639441490173,0.4442749321460724,-0.1280631457852263,1.0,0,0,-0.0,0.6283185307179586,-95,95,thymio-11
57,1788225064.480574,10000.0,10000.0,0.0,97.32806854745718,2.288343906402588,0.0872958451509475,-0.5168860554695129,-0.1058663204312324,0.6704202890396118,0.5847639441490173,0.4442749321460724,1.0,1.0,0,0,-9.184850993605149e-18,0.6283185307179586,-95,95,thymio-11
58,1788225065.0835218,2.2742085456848145,-0.5328863859176636,0.918142876117214,97.32806854745718,2.2742085456848145,0.0876605957746505,-0.5328863859176636,0.2358649522066116,0.8010744452476501,0.5499441623687744,-0.0144622419029474,-0.1354907019554591,-0.0858427040861272,0,0,0.0028622392908816,0.6283185307179586,-85,105,thymio-11
59,1788225065.691084,2.2742085456848145,-0.5328863859176636,0.918142876117214,97.22806854745718,2.2742085456848145,0.0876605957746505,-0.5328863859176636,0.2358649522066116,0.8010744452476501,0.5499441623687744,-0.0144622419029474,-0.1354907019554591,-0.0858427040861272,0,0,0.0028622392908816,0.6283185307179586,-85,105,thymio-11
60,1788225066.2946312,10000.0,10000.0,0.0,97.22806854745718,2.2742085456848145,0.0876605957746505,-0.5328863859176636,0.2358649522066116,0.8010744452476501,0.5499441623687744,-0.0144622419029474,1.0,1.0,0,0,-9.184850993605149e-18,0.6283185307179586,-95,95,thymio-11
61,1788225066.8982074,2.2864389419555664,-0.5448838472366333,-0.4221647199452496,97.22806854745718,2.2864389419555664,0.087799035012722,-0.5448838472366333,0.5263898372650146,0.6269065141677856,0.2773780226707458,-0.5029547810554504,-0.788851429661919,1.0,0,0,-0.0417634505518171,0.6283185307179586,-243,-54,thymio-11
62,1788225067.5069585,2.2864389419555664,-0.5448838472366333,-0.4221647199452496,97.1280685474572,2.2864389419555664,0.087799035012722,-0.5448838472366333,0.5263898372650146,0.6269065141677856,0.2773780226707458,-0.5029547810554504,-0.788851429661919,1.0,0,0,-0.0417634505518171,0.6283185307179586,-243,-54,thymio-11
63,1788225068.1105175,10000.0,10000.0,0.0,97.1280685474572,2.2864389419555664,0.087799035012722,-0.5448838472366333,0.5263898372650146,0.6269065141677856,0.2773780226707458,-0.5029547810554504,1.0,1.0,0,0,-9.184850993605149e-18,0.6283185307179586,-95,95,thymio-11
64,1788225068.7147202,2.223686456680298,-0.580539345741272,-1.4446559872231128,97.1280685474572,2.223686456680298,0.0878381952643394,-0.580539345741272,0.5902493596076965,0.2028228342533111,-0.0860595181584358,-0.7765709757804871,-0.7191465020963321,-0.1012441590278533,0,0,-0.0978062123145489,-0.6283185307179586,-253,-442,thymio-11
65,1788225069.3231878,2.223686456680298,-0.580539345741272,-1.4446559872231128,97.0280685474572,2.223686456680298,0.0878381952643394,-0.580539345741272,0.5902493596076965,0.2028228342533111,-0.0860595181584358,-0.7765709757804871,-0.7191465020963321,-0.1012441590278533,0,0,-0.0978062123145489,-0.6283185307179586,-253,-442,thymio-11
66,1788225069.9272957,10000.0,10000.0,0.0,97.0280685474572,2.223686456680298,0.0878381952643394,-0.580539345741272,0.5902493596076965,0.2028228342533111,-0.0860595181584358,-0.7765709757804871,1.0,1.0,0,0,-9.184850993605149e-18,0.6283185307179586,-95,95,thymio-11
67,1788225070.530684,2.0915944576263428,-0.5479906797409058,-1.4579517720825403,97.0280685474572,2.0915944576263428,0.0885175168514251,-0.5479906797409058,0.587472140789032,0.1772768795490265,-0.0999060049653053,-0.7832421660423279,-0.5850367730209665,-0.2031021960986043,0,0,-0.2,-0.6283185307179586,-500,-500,thymio-11
68,1788225071.1387804,2.0915944576263428,-0.5479906797409058,-1.4579517720825403,96.9280685474572,2.0915944576263428,0.0885175168514251,-0.5479906797409058,0.587472140789032,0.1772768795490265,-0.0999060049653053,-0.7832421660423279,-0.5850367730209665,-0.2031021960986043,0,0,-0.2,-0.6283185307179586,-500,-500,thymio-11
69,1788225071.7424088,10000.0,10000.0,0.0,96.9280685474572,2.0915944576263428,0.0885175168514251,-0.5479906797409058,0.587472140789032,0.1772768795490265,-0.0999060049653053,-0.7832421660423279,1.0,1.0,0,0,-9.184850993605149e-18,0.6283185307179586,-95,95,thymio-11
70,1788225072.3459811,10000.0,10000.0,0.0,96.9280685474572,2.0915944576263428,0.0885175168514251,-0.5479906797409058,0.587472140789032,0.1772768795490265,-0.0999060049653053,-0.7832421660423279,1.0,1.0,0,0,-9.184850993605149e-18,0.6283185307179586,-95,95,thymio-11
71,1788225072.949011,1.9280610084533687,-0.4833863079547882,-1.4569595207271364,96.9280685474572,1.9280610084533687,0.0902942642569542,-0.4833863079547882,0.5407562851905823,-0.0402530506253242,-0.244687333703041,-0.8037975430488586,-0.4472096914424843,-0.2843898044074265,0,0,-0.2,-0.5930401233552142,-500,-500,thymio-11
72,1788225073.5571537,1.9280610084533687,-0.4833863079547882,-1.4569595207271364,96.8280685474572,1.9280610084533687,0.0902942642569542,-0.4833863079547882,0.5407562851905823,-0.0402530506253242,-0.244687333703041,-0.8037975430488586,-0.4472096914424843,-0.2843898044074265,0,0,-0.2,-0.5930401233552142,-500,-500,thymio-11
73,1788225074.1608746,10000.0,10000.0,0.0,96.8280685474572,1.9280610084533687,0.0902942642569542,-0.4833863079547882,0.5407562851905823,-0.0402530506253242,-0.244687333703041,-0.8037975430488586,1.0,1.0,0,0,-9.184850993605149e-18,0.6283185307179586,-95,95,thymio-11
74,1788225074.7651598,1.8737250566482544,-0.3382624685764313,-1.2271498191596857,96.8280685474572,1.8737250566482544,0.0922246351838111,-0.3382624685764313,0.4326962232589721,-0.2956254184246063,-0.403150349855423,-0.7502328753471375,-0.4696030356165371,-0.2926305031087559,0,0,-0.2,0.6283185307179586,-500,-500,thymio-11
75,1788225075.3729014,1.8737250566482544,-0.3382624685764313,-1.2271498191596857,96.7280685474572,1.8737250566482544,0.0922246351838111,-0.3382624685764313,0.4326962232589721,-0.2956254184246063,-0.403150349855423,-0.7502328753471375,-0.4696030356165371,-0.2926305031087559,0,0,-0.2,0.6283185307179586,-500,-500,thymio-11
76,1788225075.976197,10000.0,10000.0,0.0,96.7280685474572,1.8737250566482544,0.0922246351838111,-0.3382624685764313,0.4326962232589721,-0.2956254184246063,-0.403150349855423,-0.7502328753471375,1.0,1.0,0,0,-9.184850993605149e-18,0.6283185307179586,-95,95,thymio-11
77,1788225076.580467,1.8697621822357176,-0.2639757096767425,-0.6943271653630485,96.7280685474572,1.8697621822357176,0.0930648222565651,-0.2639757096767425,0.3479297161102295,-0.4325071275234222,-0.4820592999458313,-0.6778653264045715,0.2977509654801651,1.0,0,0,-0.1429780789116441,0.6283185307179586,-500,-413,thymio-11
78,1788225077.1904848,1.8697621822357176,-0.2639757096767425,-0.6943271653630485,96.62806854745722,1.8697621822357176,0.0930648222565651,-0.2639757096767425,0.3479297161102295,-0.4325071275234222,-0.4820592999458313,-0.6778653264045715,0.2977509654801651,1.0,0,0,-0.1429780789116441,0.6283185307179586,-500,-413,thymio-11
79,1788225077.7936015,10000.0,10000.0,0.0,96.62806854745722,1.8697621822357176,0.0930648222565651,-0.2639757096767425,0.3479297161102295,-0.4325071275234222,-0.4820592999458313,-0.6778653264045715,1.0,1.0,0,0,-9.184850993605149e-18,0.6283185307179586,-95,95,thymio-11
80,1788225078.3967135,1.9343706369400024,-0.0507295280694961,0.4445527212175215,96.62806854745722,1.9343706369400024,0.093055360019207,-0.0507295280694961,0.2081354409456253,-0.5916844606399536,-0.5521100759506226,-0.5493302345275879,0.4515619363157777,-0.358946595484295,0,0,0.1366758578830386,0.6283185307179586,391,500,thymio-11
81,1788225079.0046878,1.9343706369400024,-0.0507295280694961,0.4445527212175215,96.52806854745722,1.9343706369400024,0.093055360019207,-0.0507295280694961,0.2081354409456253,-0.5916844606399536,-0.5521100759506226,-0.5493302345275879,0.4515619363157777,-0.358946595484295,0,0,0.1366758578830386,0.6283185307179586,391,500,thymio-11
82,1788225079.6078644,10000.0,10000.0,0.0,96.52806854745722,1.9343706369400024,0.093055360019207,-0.0507295280694961,0.2081354409456253,-0.5916844606399536,-0.5521100759506226,-0.5493302345275879,1.0,1.0,0,0,-9.184850993605149e-18,0.6283185307179586,-95,95,thymio-11
83,1788225080.2108643,1.843760848045349,-0.0599548630416393,0.8537540803824135,96.52806854745722,1.843760848045349,0.0937576219439506,-0.0599548630416393,0.0215291734784841,-0.7292590737342834,-0.593361496925354,-0.3400587439537048,-0.309187100795831,-0.2124905264449598,0,0,0.0595026910989291,0.6154083246738342,118,304,thymio-11
84,1788225080.8186316,1.843760848045349,-0.0599548630416393,0.8537540803824135,96.42806854745724,1.843760848045349,0.0937576219439506,-0.0599548630416393,0.0215291734784841,-0.7292590737342834,-0.593361496925354,-0.3400587439537048,-0.309187100795831,-0.2124905264449598,0,0,0.0595026910989291,0.6154083246738342,118,304,thymio-11
85,1788225081.422176,10000.0,10000.0,0.0,96.42806854745724,1.843760848045349,0.0937576219439506,-0.0599548630416393,0.0215291734784841,-0.7292590737342834,-0.593361496925354,-0.3400587439537048,1.0,1.0,0,0,-9.184850993605149e-18,0.6283185307179586,-95,95,thymio-11
86,1788225082.0257502,1.764879584312439,-0.0329186283051967,0.8775713383435164,96.42806854745724,1.764879584312439,0.0945446342229843,-0.0329186283051967,-0.2891240417957306,-0.8017268180847168,-0.5155611038208008,0.0885335057973861,-0.3149722262988411,-0.2613508036833392,0,0,0.075913239445886,0.6283185307179586,175,365,thymio-11
87,1788225082.633746,1.764879584312439,-0.0329186283051967,0.8775713383435164,96.32806854745724,1.764879584312439,0.0945446342229843,-0.0329186283051967,-0.2891240417957306,-0.8017268180847168,-0.5155611038208008,0.0885335057973861,-0.3149722262988411,-0.2613508036833392,0,0,0.075913239445886,0.6283185307179586,175,365,thymio-11
88,1788225083.2433026,1.756029486656189,0.018506895750761,0.3747968341530545,96.22806854745724,1.756029486656189,0.0952971428632736,0.018506895750761,-0.4631308019161224,-0.7077048420906067,-0.3707029223442077,0.3837226033210754,-0.337688220902448,1.0,0,0,0.0489377948705027,0.6283185307179586,79,269,thymio-11
89,1788225083.8513522,1.756029486656189,0.018506895750761,0.3747968341530545,96.12806854745725,1.756029486656189,0.0952971428632736,0.018506895750761,-0.4631308019161224,-0.7077048420906067,-0.3707029223442077,0.3837226033210754,-0.337688220902448,1.0,0,0,0.0489377948705027,0.6283185307179586,79,269,thymio-11
90,1788225084.4545984,10000.0,10000.0,0.0,96.12806854745725,1.756029486656189,0.0952971428632736,0.018506895750761,-0.4631308019161224,-0.7077048420906067,-0.3707029223442077,0.3837226033210754,1.0,1.0,0,0,-9.184850993605149e-18,0.6283185307179586,-95,95,thymio-11
91,1788225085.0580983,1.806838035583496,0.1070917472243309,-1.3748991317923254,96.12806854745725,1.806838035583496,0.095254361629486,0.1070917472243309,-0.5959544777870178,-0.3559824228286743,-0.0378071889281272,0.7188084125518799,-0.4378994955185834,-0.1992798413238843,0,0,-0.2,0.6283185307179586,-500,-500,thymio-11
92,1788225085.6660972,1.806838035583496,0.1070917472243309,-1.3748991317923254,96.02806854745724,1.806838035583496,0.095254361629486,0.1070917472243309,-0.5959544777870178,-0.3559824228286743,-0.0378071889281272,0.7188084125518799,-0.4378994955185834,-0.1992798413238843,0,0,-0.2,0.6283185307179586,-500,-500,thymio-11
93,1788225086.2692103,10000.0,10000.0,0.0,96.02806854745724,1.806838035583496,0.095254361629486,0.1070917472243309,-0.5959544777870178,-0.3559824228286743,-0.0378071889281272,0.7188084125518799,1.0,1.0,0,0,-9.184850993605149e-18,0.6283185307179586,-95,95,thymio-11
94,1788225086.872558,10000.0,10000.0,0.0,96.02806854745724,1.806838035583496,0.095254361629486,0.1070917472243309,-0.5959544777870178,-0.3559824228286743,-0.0378071889281272,0.7188084125518799,1.0,1.0,0,0,-9.184850993605149e-18,0.6283185307179586,-95,95,thymio-11
95,1788225087.47618,1.6385681629180908,0.0906480476260185,-1.461829093715408,96.02806854745724,1.6385681629180908,0.0963420048356056,0.0906480476260185,-0.5881215333938599,-0.1993133425712585,0.0786634609103202,0.7798713445663452,-0.199254111000713,-0.2168137003389626,0,0,-0.1403046873153815,0.3039717135886346,-500,-453,thymio-11
96,1788225088.0844774,1.6385681629180908,0.0906480476260185,-1.461829093715408,95.92806854745726,1.6385681629180908,0.0963420048356056,0.0906480476260185,-0.5881215333938599,-0.1993133425712585,0.0786634609103202,0.7798713445663452,-0.199254111000713,-0.2168137003389626,0,0,-0.1403046873153815,0.3039717135886346,-500,-453,thymio-11
97,1788225088.6876638,10000.0,10000.0,0.0,95.92806854745726,1.6385681629180908,0.0963420048356056,0.0906480476260185,-0.5881215333938599,-0.1993133425712585,0.0786634609103202,0.7798713445663452,1.0,1.0,0,0,-9.184850993605149e-18,0.6283185307179586,-95,95,thymio-11
98,1788225089.29224,1.572027325630188,0.1419184356927871,-1.4398826165546796,95.92806854745726,1.572027325630188,0.0971925556659698,0.1419184356927871,-0.5262103080749512,0.091995470225811,0.2779601812362671,0.7983594536781311,-0.0859149633141692,-0.1846730030232227,0,0,-0.1407383670033007,0.324465831218544,-500,-451,thymio-11
99,1788225089.9002964,1.572027325630188,0.1419184356927871,-1.4398826165546796,95.82806854745726,1.572027325630188,0.0971925556659698,0.1419184356927871,-0.5262103080749512,0.091995470225811,0.2779601812362671,0.7983594536781311,-0.0859149633141692,-0.1846730030232227,0,0,-0.1407383670033007,0.324465831218544,-500,-451,thymio-11
100,1788225090.5035555,10000.0,10000.0,0.0,95.82806854745726,1.572027325630188,0.0971925556659698,0.1419184356927871,-0.5262103080749512,0.091995470225811,0.2779601812362671,0.7983594536781311,1.0,1.0,0,0,-9.184850993605149e-18,0.6283185307179586,-95,95,thymio-11
101,1788225091.1068482,1.4639767408370972,0.3181428611278534,-1.209490385655393,95.82806854745726,1.4639767408370972,0.0990006178617477,0.3181428611278534,-0.4356298148632049,0.2902897000312805,0.4096867740154266,0.7470712661743164,-0.0663339041896853,-0.1135371992717027,0,0,-0.1521404056831311,0.3742653556188665,-500,-484,thymio-11
102,1788225091.7147846,1.4639767408370972,0.3181428611278534,-1.209490385655393,95.72806854745728,1.4639767408370972,0.0990006178617477,0.3181428611278534,-0.4356298148632049,0.2902897000312805,0.4096867740154266,0.7470712661743164,-0.0663339041896853,-0.1135371992717027,0,0,-0.1521404056831311,0.3742653556188665,-500,-484,thymio-11
103,1788225092.318269,10000.0,10000.0,0.0,95.72806854745728,1.4639767408370972,0.0990006178617477,0.3181428611278534,-0.4356298148632049,0.2902897000312805,0.4096867740154266,0.7470712661743164,1.0,1.0,0,0,-9.184850993605149e-18,0.6283185307179586,-95,95,thymio-11
104,1788225092.9216917,1.4690927267074585,0.4864022433757782,-0.3401276449353592,95.72806854745728,1.4690927267074585,0.1004869937896728,0.4864022433757782,-0.3138558268547058,0.4791356921195984,0.5072358250617981,0.6439219117164612,1.0,1.0,0,0,-0.0929508290386457,0.6283185307179586,-425,-235,thymio-11
105,1788225093.5299911,1.4690927267074585,0.4864022433757782,-0.3401276449353592,95.62806854745727,1.4690927267074585,0.1004869937896728,0.4864022433757782,-0.3138558268547058,0.4791356921195984,0.5072358250617981,0.6439219117164612,1.0,1.0,0,0,-0.0929508290386457,0.6283185307179586,-425,-235,thymio-11
106,1788225094.133536,10000.0,10000.0,0.0,95.62806854745727,1.4690927267074585,0.1004869937896728,0.4864022433757782,-0.3138558268547058,0.4791356921195984,0.5072358250617981,0.6439219117164612,1.0,1.0,0,0,-9.184850993605149e-18,0.6283185307179586,-95,95,thymio-11
107,1788225094.737185,1.5652735233306885,0.6124734282493591,0.8562891177802046,95.62806854745727,1.5652735233306885,0.1012275069952011,0.6124734282493591,-0.0499273091554641,0.719578206539154,0.5916287899017334,0.3601248264312744,0.722906145934354,-0.2054909335511007,0,0,0.0830075362974717,0.6283185307179586,200,390,thymio-11
108,1788225095.3450608,1.5652735233306885,0.6124734282493591,0.8562891177802046,95.52806854745728,1.5652735233306885,0.1012275069952011,0.6124734282493591,-0.0499273091554641,0.719578206539154,0.5916287899017334,0.3601248264312744,0.722906145934354,-0.2054909335511007,0,0,0.0830075362974717,0.6283185307179586,200,390,thymio-11
109,1788225095.9482784,10000.0,10000.0,0.0,95.52806854745728,1.5652735233306885,0.1012275069952011,0.6124734282493591,-0.0499273091554641,0.719578206539154,0.5916287899017334,0.3601248264312744,1.0,1.0,0,0,-9.184850993605149e-18,0.6283185307179586,-95,95,thymio-11
110,1788225096.5519958,1.512710452079773,0.6620374321937561,0.8920797046264406,95.52806854745728,1.512710452079773,0.1013504192233085,0.6620374321937561,0.2744653224945068,0.8017463088035583,0.5264937281608582,-0.0683828666806221,0.7150755469543519,-0.2771444389228901,0,0,0.112453796711026,0.6283185307179586,305,494,thymio-11
111,1788225097.159674,1.512710452079773,0.6620374321937561,0.8920797046264406,95.42806854745729,1.512710452079773,0.1013504192233085,0.6620374321937561,0.2744653224945068,0.8017463088035583,0.5264937281608582,-0.0683828666806221,0.7150755469543519,-0.2771444389228901,0,0,0.112453796711026,0.6283185307179586,305,494,thymio-11
112,1788225097.763232,10000.0,10000.0,0.0,95.42806854745729,1.512710452079773,0.1013504192233085,0.6620374321937561,0.2744653224945068,0.8017463088035583,0.5264937281608582,-0.0683828666806221,1.0,1.0,0,0,-9.184850993605149e-18,0.6283185307179586,-95,95,thymio-11
113,1788225098.366663,1.4913376569747925,0.7500579953193665,0.3089613334265841,95.42806854745729,1.4913376569747925,0.1019879877567291,0.7500579953193665,0.4746320247650146,0.7037137746810913,0.3616137206554413,-0.3856771886348724,1.0,-0.3097640300027683,0,0,0.0397593860559901,0.6283185307179586,46,236,thymio-11
114,1788225098.974526,1.4913376569747925,0.7500579953193665,0.3089613334265841,95.32806854745728,1.4913376569747925,0.1019879877567291,0.7500579953193665,0.4746320247650146,0.7037137746810913,0.3616137206554413,-0.3856771886348724,1.0,-0.3097640300027683,0,0,0.0397593860559901,0.6283185307179586,46,236,thymio-11
115,1788225099.5778415,10000.0,10000.0,0.0,95.32806854745728,1.4913376569747925,0.1019879877567291,0.7500579953193665,0.4746320247650146,0.7037137746810913,0.3616137206554413,-0.3856771886348724,1.0,1.0,0,0,-9.184850993605149e-18,0.6283185307179586,-95,95,thymio-11
116,1788225100.1808517,1.5376715660095217,0.8179638385772705,-1.431136901937284,95.32806854745728,1.5376715660095217,0.1023787856101989,0.8179638385772705,0.598118245601654,0.2667259871959686,-0.0318730250000953,-0.755047082901001,1.0,0.5287959659804546,0,0,-0.1984120052162268,0.6283185307179586,-500,-500,thymio-11
117,1788225100.789374,1.5376715660095217,0.8179638385772705,-1.431136901937284,95.2280685474573,1.5376715660095217,0.1023787856101989,0.8179638385772705,0.598118245601654,0.2667259871959686,-0.0318730250000953,-0.755047082901001,1.0,0.5287959659804546,0,0,-0.1984120052162268,0.6283185307179586,-500,-500,thymio-11
118,1788225101.39245,10000.0,10000.0,0.0,95.2280685474573,1.5376715660095217,0.1023787856101989,0.8179638385772705,0.598118245601654,0.2667259871959686,-0.0318730250000953,-0.755047082901001,1.0,1.0,0,0,-9.184850993605149e-18,0.6283185307179586,-95,95,thymio-11
119,1788225101.9965868,1.470510959625244,0.8344616293907166,-1.4583956846545645,95.2280685474573,1.470510959625244,0.1027294993400573,0.8344616293907166,0.5743795037269592,0.0871787220239639,-0.1685681045055389,-0.7962870001792908,1.0,0.5076406316777262,0,0,-0.2,0.6283185307179586,-500,-500,thymio-11
120,1788225102.6047475,1.470510959625244,0.8344616293907166,-1.4583956846545645,95.1280685474573,1.470510959625244,0.1027294993400573,0.8344616293907166,0.5743795037269592,0.0871787220239639,-0.1685681045055389,-0.7962870001792908,1.0,0.5076406316777262,0,0,-0.2,0.6283185307179586,-500,-500,thymio-11
121,1788225103.208166,10000.0,10000.0,0.0,95.1280685474573,1.470510959625244,0.1027294993400573,0.8344616293907166,0.5743795037269592,0.0871787220239639,-0.1685681045055389,-0.7962870001792908,1.0,1.0,0,0,-9.184850993605149e-18,0.6283185307179586,-95,95,thymio-11
122,1788225103.8114338,1.2866942882537842,0.9488672614097596,-1.4398148424159836,95.1280685474573,1.2866942882537842,0.1046945974230766,0.9488672614097596,0.5247181057929993,-0.0871710404753685,-0.2750806510448456,-0.800876259803772,-0.233270398288501,0.4752148601704058,0,0,-0.1258755918252511,-0.2598849031821316,-408,-486,thymio-11
123,1788225104.419399,1.2866942882537842,0.9488672614097596,-1.4398148424159836,95.02806854745732,1.2866942882537842,0.1046945974230766,0.9488672614097596,0.5247181057929993,-0.0871710404753685,-0.2750806510448456,-0.800876259803772,-0.233270398288501,0.4752148601704058,0,0,-0.1258755918252511,-0.2598849031821316,-408,-486,thymio-11
124,1788225105.0229464,10000.0,10000.0,0.0,95.02806854745732,1.2866942882537842,0.1046945974230766,0.9488672614097596,0.5247181057929993,-0.0871710404753685,-0.2750806510448456,-0.800876259803772,1.0,1.0,0,0,-9.184850993605149e-18,0.6283185307179586,-95,95,thymio-11
125,1788225105.6267867,1.17704176902771,1.1321109533309937,-1.3223877112465496,95.02806854745732,1.17704176902771,0.1069401204586029,1.1321109533309937,0.467063844203949,-0.2229494601488113,-0.3657192885875702,-0.7735595107078552,1.0,0.4918367273683104,0,0,-0.0770306605802413,-0.1159206530961877,-256,-291,thymio-11
126,1788225106.2346609,1.17704176902771,1.1321109533309937,-1.3223877112465496,94.92806854745731,1.17704176902771,0.1069401204586029,1.1321109533309937,0.467063844203949,-0.2229494601488113,-0.3657192885875702,-0.7735595107078552,1.0,0.4918367273683104,0,0,-0.0770306605802413,-0.1159206530961877,-256,-291,thymio-11
127,1788225106.8383453,10000.0,10000.0,0.0,94.92806854745731,1.17704176902771,0.1069401204586029,1.1321109533309937,0.467063844203949,-0.2229494601488113,-0.3657192885875702,-0.7735595107078552,1.0,1.0,0,0,-9.184850993605149e-18,0.6283185307179586,-95,95,thymio-11
128,1788225107.4413073,1.165781021118164,1.2198669910430908,-1.0519172806042896,94.92806854745731,1.165781021118164,0.1083138287067413,1.2198669910430908,0.3938599228858948,-0.3677789568901062,-0.4397312998771667,-0.7185050249099731,1.0,0.4978004347807712,0,0,-0.0496454036251817,0.1912314474786504,-205,-148,thymio-11
129,1788225108.049341,1.165781021118164,1.2198669910430908,-1.0519172806042896,94.82806854745732,1.165781021118164,0.1083138287067413,1.2198669910430908,0.3938599228858948,-0.3677789568901062,-0.4397312998771667,-0.7185050249099731,1.0,0.4978004347807712,0,0,-0.0496454036251817,0.1912314474786504,-205,-148,thymio-11
130,1788225108.6527877,10000.0,10000.0,0.0,94.82806854745732,1.165781021118164,0.1083138287067413,1.2198669910430908,0.3938599228858948,-0.3677789568901062,-0.4397312998771667,-0.7185050249099731,1.0,1.0,0,0,-9.184850993605149e-18,0.6283185307179586,-95,95,thymio-11
131,1788225109.2562733,1.1809794902801514,1.310606837272644,0.229231743128174,94.82806854745732,1.1809794902801514,0.1090111508965492,1.310606837272644,0.2434883117675781,-0.5552252531051636,-0.5373924970626831,-0.5862147212028503,1.0,-0.1069070371614392,0,0,-0.0033239617765734,0.6283185307179586,-107,83,thymio-11
132,1788225109.864452,1.1809794902801514,1.310606837272644,0.229231743128174,94.72806854745733,1.1809794902801514,0.1090111508965492,1.310606837272644,0.2434883117675781,-0.5552252531051636,-0.5373924970626831,-0.5862147212028503,1.0,-0.1069070371614392,0,0,-0.0033239617765734,0.6283185307179586,-107,83,thymio-11
133,1788225110.468187,10000.0,10000.0,0.0,94.72806854745733,1.1809794902801514,0.1090111508965492,1.310606837272644,0.2434883117675781,-0.5552252531051636,-0.5373924970626831,-0.5862147212028503,1.0,1.0,0,0,-9.184850993605149e-18,0.6283185307179586,-95,95,thymio-11
134,1788225111.0720632,1.2056559324264526,1.3424180746078491,0.9064065451693724,94.72806854745733,1.2056559324264526,0.1088478341698646,1.3424180746078491,-0.104565605521202,-0.783744215965271,-0.5828087329864502,-0.1874704509973526,0.9168865423960136,-0.1587148310026527,0,0,0.0088900480649507,0.6283185307179586,-63,126,thymio-11
135,1788225111.680228,1.2056559324264526,1.3424180746078491,0.9064065451693724,94.62806854745732,1.2056559324264526,0.1088478341698646,1.3424180746078491,-0.104565605521202,-0.783744215965271,-0.5828087329864502,-0.1874704509973526,0.9168865423960136,-0.1587148310026527,0,0,0.0088900480649507,0.6283185307179586,-63,126,thymio-11
136,1788225112.2835674,10000.0,10000.0,0.0,94.62806854745732,1.2056559324264526,0.1088478341698646,1.3424180746078491,-0.104565605521202,-0.783744215965271,-0.5828087329864502,-0.1874704509973526,1.0,1.0,0,0,-9.184850993605149e-18,0.6283185307179586,-95,95,thymio-11
137,1788225112.886798,10000.0,10000.0,0.0,94.62806854745732,1.2056559324264526,0.1088478341698646,1.3424180746078491,-0.104565605521202,-0.783744215965271,-0.5828087329864502,-0.1874704509973526,1.0,1.0,0,0,-9.184850993605149e-18,0.6283185307179586,-95,95,thymio-11
138,1788225113.4907682,1.2193280458450315,1.3425558805465698,-0.0257591821951583,94.62806854745732,1.2193280458450315,0.1090941801667213,1.3425558805465698,-0.5002977252006531,-0.6629378199577332,-0.3250963091850281,0.4522478282451629,1.0,0.8732017851103893,0,0,-0.0050482483510061,0.6283185307179586,-113,77,thymio-11
139,1788225114.098819,1.2193280458450315,1.3425558805465698,-0.0257591821951583,94.52806854745734,1.2193280458450315,0.1090941801667213,1.3425558805465698,-0.5002977252006531,-0.6629378199577332,-0.3250963091850281,0.4522478282451629,1.0,0.8732017851103893,0,0,-0.0050482483510061,0.6283185307179586,-113,77,thymio-11
140,1788225114.7020352,10000.0,10000.0,0.0,94.52806854745734,1.2193280458450315,0.1090941801667213,1.3425558805465698,-0.5002977252006531,-0.6629378199577332,-0.3250963091850281,0.4522478282451629,1.0,1.0,0,0,-9.184850993605149e-18,0.6283185307179586,-95,95,thymio-11
141,1788225115.306169,1.2102911472320557,1.3248075246810913,-1.3909109665256558,94.52806854745734,1.2102911472320557,0.1087445095181465,1.3248075246810913,-0.598842978477478,-0.3334129750728607,-0.0194030813872814,0.7279055714607239,1.0,0.4917151894012292,0,0,-0.0300769901275634,0.6283185307179586,-202,-12,thymio-11
142,1788225115.913901,1.2102911472320557,1.3248075246810913,-1.3909109665256558,94.42806854745734,1.2102911472320557,0.1087445095181465,1.3248075246810913,-0.598842978477478,-0.3334129750728607,-0.0194030813872814,0.7279055714607239,1.0,0.4917151894012292,0,0,-0.0300769901275634,0.6283185307179586,-202,-12,thymio-11
143,1788225116.5172443,10000.0,10000.0,0.0,94.42806854745734,1.2102911472320557,0.1087445095181465,1.3248075246810913,-0.598842978477478,-0.3334129750728607,-0.0194030813872814,0.7279055714607239,1.0,1.0,0,0,-9.184850993605149e-18,0.6283185307179586,-95,95,thymio-11
144,1788225117.1205273,1.1680655479431152,1.3459410667419434,-1.2959958712628494,94.42806854745734,1.1680655479431152,0.1096981614828109,1.3459410667419434,-0.4578019678592682,0.2515886127948761,0.380500853061676,0.7631118893623352,1.0,0.4235393515366659,0,0,-0.0216235733032226,0.6283185307179586,-172,18,thymio-11
145,1788225117.728521,1.1680655479431152,1.3459410667419434,-1.2959958712628494,94.32806854745736,1.1680655479431152,0.1096981614828109,1.3459410667419434,-0.4578019678592682,0.2515886127948761,0.380500853061676,0.7631118893623352,1.0,0.4235393515366659,0,0,-0.0216235733032226,0.6283185307179586,-172,18,thymio-11
146,1788225118.3323617,10000.0,10000.0,0.0,94.32806854745736,1.1680655479431152,0.1096981614828109,1.3459410667419434,-0.4578019678592682,0.2515886127948761,0.380500853061676,0.7631118893623352,1.0,1.0,0,0,-9.184850993605149e-18,0.6283185307179586,-95,95,thymio-11
147,1788225118.9355595,1.1758264303207395,1.400667667388916,0.7581135795597462,94.32806854745736,1.1758264303207395,0.1100617870688438,1.400667667388916,-0.1100558564066886,0.6759300231933594,0.5827709436416626,0.4374749362468719,1.0,-0.530241188459192,0,0,0.0,-0.2265476595376276,34,-34,thymio-11
148,1788225119.544274,1.1758264303207395,1.400667667388916,0.7581135795597462,94.22806854745735,1.1758264303207395,0.1100617870688438,1.400667667388916,-0.1100558564066886,0.6759300231933594,0.5827709436416626,0.4374749362468719,1.0,-0.530241188459192,0,0,0.0,-0.2265476595376276,34,-34,thymio-11
149,1788225120.148149,10000.0,10000.0,0.0,94.22806854745735,1.1758264303207395,0.1100617870688438,1.400667667388916,-0.1100558564066886,0.6759300231933594,0.5827709436416626,0.4374749362468719,1.0,1.0,0,0,-9.184850993605149e-18,0.6283185307179586,-95,95,thymio-11
150,1788225120.7511306,1.1873738765716553,1.4090099334716797,0.8844836434883288,94.22806854745735,1.1873738765716553,0.1099175438284874,1.4090099334716797,0.0340165011584758,0.7569735646247864,0.5912486910820007,0.2761504352092743,0.92076535040772,-0.3792398521787803,0,0,0.0,0.6283185307179586,-95,95,thymio-11
151,1788225121.359189,1.1873738765716553,1.4090099334716797,0.8844836434883288,94.12806854745736,1.1873738765716553,0.1099175438284874,1.4090099334716797,0.0340165011584758,0.7569735646247864,0.5912486910820007,0.2761504352092743,0.92076535040772,-0.3792398521787803,0,0,0.0,0.6283185307179586,-95,95,thymio-11
152,1788225121.962768,10000.0,10000.0,0.0,94.12806854745736,1.1873738765716553,0.1099175438284874,1.4090099334716797,0.0340165011584758,0.7569735646247864,0.5912486910820007,0.2761504352092743,1.0,1.0,0,0,-9.184850993605149e-18,0.6283185307179586,-95,95,thymio-11
153,1788225122.5661786,1.2013541460037231,1.409216046333313,0.873802648570793,94.12806854745736,1.2013541460037231,0.1097163408994674,1.409216046333313,0.2800361216068268,0.8023227453231812,0.523466169834137,-0.0619773007929325,0.9334697707521916,-0.2612440720247614,0,0,0.0,0.6283185307179586,-95,95,thymio-11
154,1788225123.1740897,1.2013541460037231,1.409216046333313,0.873802648570793,94.02806854745737,1.2013541460037231,0.1097163408994674,1.409216046333313,0.2800361216068268,0.8023227453231812,0.523466169834137,-0.0619773007929325,0.9334697707521916,-0.2612440720247614,0,0,0.0,0.6283185307179586,-95,95,thymio-11
155,1788225123.7773666,10000.0,10000.0,0.0,94.02806854745737,1.2013541460037231,0.1097163408994674,1.409216046333313,0.2800361216068268,0.8023227453231812,0.523466169834137,-0.0619773007929325,1.0,1.0,0,0,-9.184850993605149e-18,0.6283185307179586,-95,95,thymio-11
156,1788225124.381884,1.211962103843689,1.3955975770950315,-0.2234299677554378,94.02806854745737,1.211962103843689,0.1095412150025367,1.3955975770950315,0.5146892666816711,0.6444857120513916,0.3041972219944,-0.476652055978775,1.0,0.3496474807405696,0,0,0.000280026116936,0.6283185307179586,-94,96,thymio-11
157,1788225124.9908905,1.211962103843689,1.3955975770950315,-0.2234299677554378,93.92806854745736,1.211962103843689,0.1095412150025367,1.3955975770950315,0.5146892666816711,0.6444857120513916,0.3041972219944,-0.476652055978775,1.0,0.3496474807405696,0,0,0.000280026116936,0.6283185307179586,-94,96,thymio-11
158,1788225125.594907,10000.0,10000.0,0.0,93.92806854745736,1.211962103843689,0.1095412150025367,1.3955975770950315,0.5146892666816711,0.6444857120513916,0.3041972219944,-0.476652055978775,1.0,1.0,0,0,-9.184850993605149e-18,0.6283185307179586,-95,95,thymio-11
159,1788225126.197942,1.195785641670227,1.377640962600708,-1.4681020584606244,93.92806854745736,1.195785641670227,0.1089061722159385,1.377640962600708,0.5770464539527893,0.0757645815610885,-0.1708216518163681,-0.7950453162193298,1.0,0.4861981246579554,0,0,-0.0089436149597167,0.6283185307179586,-127,63,thymio-11
160,1788225126.8058715,1.195785641670227,1.377640962600708,-1.4681020584606244,93.82806854745738,1.195785641670227,0.1089061722159385,1.377640962600708,0.5770464539527893,0.0757645815610885,-0.1708216518163681,-0.7950453162193298,1.0,0.4861981246579554,0,0,-0.0089436149597167,0.6283185307179586,-127,63,thymio-11
161,1788225127.4096696,10000.0,10000.0,0.0,93.82806854745738,1.195785641670227,0.1089061722159385,1.377640962600708,0.5770464539527893,0.0757645815610885,-0.1708216518163681,-0.7950453162193298,1.0,1.0,0,0,-9.184850993605149e-18,0.6283185307179586,-95,95,thymio-11
162,1788225128.012957,10000.0,10000.0,0.0,93.82806854745738,1.195785641670227,0.1089061722159385,1.377640962600708,0.5770464539527893,0.0757645815610885,-0.1708216518163681,-0.7950453162193298,1.0,1.0,0,0,-9.184850993605149e-18,0.6283185307179586,-95,95,thymio-11
163,1788225128.6161013,10000.0,10000.0,0.0,93.82806854745738,1.195785641670227,0.1089061722159385,1.377640962600708,0.5770464539527893,0.0757645815610885,-0.1708216518163681,-0.7950453162193298,1.0,1.0,0,0,-9.184850993605149e-18,0.6283185307179586,-95,95,thymio-11
164,1788225129.219324,10000.0,10000.0,0.0,93.82806854745738,1.195785641670227,0.1089061722159385,1.377640962600708,0.5770464539527893,0.0757645815610885,-0.1708216518163681,-0.7950453162193298,1.0,1.0,0,0,-9.184850993605149e-18,0.6283185307179586,-95,95,thymio-11
165,1788225129.8224947,1.1827062368392944,1.4169689416885376,0.8486748715408079,93.82806854745738,1.1827062368392944,0.1099809184670448,1.4169689416885376,0.0361636765301227,-0.7230632305145264,-0.5921767950057983,-0.353833943605423,0.9292252824264816,-0.2712023821921839,0,0,0.0,0.6283185307179586,-95,95,thymio-11
166,1788225130.430773,1.1827062368392944,1.4169689416885376,0.8486748715408079,93.72806854745738,1.1827062368392944,0.1099809184670448,1.4169689416885376,0.0361636765301227,-0.7230632305145264,-0.5921767950057983,-0.353833943605423,0.9292252824264816,-0.2712023821921839,0,0,0.0,0.6283185307179586,-95,95,thymio-11
167,1788225131.0341914,10000.0,10000.0,0.0,93.72806854745738,1.1827062368392944,0.1099809184670448,1.4169689416885376,0.0361636765301227,-0.7230632305145264,-0.5921767950057983,-0.353833943605423,1.0,1.0,0,0,-9.184850993605149e-18,0.6283185307179586,-95,95,thymio-11
168,1788225131.6379726,10000.0,10000.0,0.0,93.72806854745738,1.1827062368392944,0.1099809184670448,1.4169689416885376,0.0361636765301227,-0.7230632305145264,-0.5921767950057983,-0.353833943605423,1.0,1.0,0,0,-9.184850993605149e-18,0.6283185307179586,-95,95,thymio-11
169,1788225132.241415,10000.0,10000.0,0.0,93.72806854745738,1.1827062368392944,0.1099809184670448,1.4169689416885376,0.0361636765301227,-0.7230632305145264,-0.5921767950057983,-0.353833943605423,1.0,1.0,0,0,-9.184850993605149e-18,0.6283185307179586,-95,95,thymio-11
170,1788225132.844561,10000.0,10000.0,0.0,93.72806854745738,1.1827062368392944,0.1099809184670448,1.4169689416885376,0.0361636765301227,-0.7230632305145264,-0.5921767950057983,-0.353833943605423,1.0,1.0,0,0,-9.184850993605149e-18,0.6283185307179586,-95,95,thymio-11
171,1788225133.4474394,1.207927107810974,1.395171284675598,-1.275253769863013,93.72806854745738,1.207927107810974,0.1096227094531059,1.395171284675598,-0.5907934308052063,-0.4395536780357361,-0.1119292676448822,0.6672537922859192,1.0,0.4789772694295726,0,0,-0.0017620974676428,-0.1688002182492058,19,-32,thymio-11
172,1788225134.055684,1.207927107810974,1.395171284675598,-1.275253769863013,93.6280685474574,1.207927107810974,0.1096227094531059,1.395171284675598,-0.5907934308052063,-0.4395536780357361,-0.1119292676448822,0.6672537922859192,1.0,0.4789772694295726,0,0,-0.0017620974676428,-0.1688002182492058,19,-32,thymio-11
173,1788225134.6589174,10000.0,10000.0,0.0,93.6280685474574,1.207927107810974,0.1096227094531059,1.395171284675598,-0.5907934308052063,-0.4395536780357361,-0.1119292676448822,0.6672537922859192,1.0,1.0,0,0,-9.184850993605149e-18,0.6283185307179586,-95,95,thymio-11
174,1788225135.263909,1.2009711265563965,1.3904820680618286,-1.410923334906531,93.6280685474574,1.2009711265563965,0.1097237989306449,1.3904820680618286,-0.6000648736953735,-0.3122716546058655,-0.0067425523884594,0.736453115940094,1.0,0.4768164016957046,0,0,-0.0038071727752685,0.6283185307179586,-108,81,thymio-11
175,1788225135.8722126,1.2009711265563965,1.3904820680618286,-1.410923334906531,93.5280685474574,1.2009711265563965,0.1097237989306449,1.3904820680618286,-0.6000648736953735,-0.3122716546058655,-0.0067425523884594,0.736453115940094,1.0,0.4768164016957046,0,0,-0.0038071727752685,0.6283185307179586,-108,81,thymio-11
176,1788225136.4755008,10000.0,10000.0,0.0,93.5280685474574,1.2009711265563965,0.1097237989306449,1.3904820680618286,-0.6000648736953735,-0.3122716546058655,-0.0067425523884594,0.736453115940094,1.0,1.0,0,0,-9.184850993605149e-18,0.6283185307179586,-95,95,thymio-11
177,1788225137.0786088,1.184806227684021,1.3891193866729736,-1.4474507783503223,93.5280685474574,1.184806227684021,0.1095935031771659,1.3891193866729736,-0.5483906865119934,0.0258510038256645,0.2433631420135498,0.7996086478233337,-0.458579065018126,0.933592668209895,0,0,-0.0043522453308105,0.6283185307179586,-110,79,thymio-11
178,1788225137.6863575,1.184806227684021,1.3891193866729736,-1.4474507783503223,93.4280685474574,1.184806227684021,0.1095935031771659,1.3891193866729736,-0.5483906865119934,0.0258510038256645,0.2433631420135498,0.7996086478233337,-0.458579065018126,0.933592668209895,0,0,-0.0043522453308105,0.6283185307179586,-110,79,thymio-11
179,1788225138.2897265,10000.0,10000.0,0.0,93.4280685474574,1.184806227684021,0.1095935031771659,1.3891193866729736,-0.5483906865119934,0.0258510038256645,0.2433631420135498,0.7996086478233337,1.0,1.0,0,0,-9.184850993605149e-18,0.6283185307179586,-95,95,thymio-11
180,1788225138.8927715,10000.0,10000.0,0.0,93.4280685474574,1.184806227684021,0.1095935031771659,1.3891193866729736,-0.5483906865119934,0.0258510038256645,0.2433631420135498,0.7996086478233337,1.0,1.0,0,0,-9.184850993605149e-18,0.6283185307179586,-95,95,thymio-11
181,1788225139.4968638,1.1727783679962158,1.4154655933380127,0.566162819187142,93.4280685474574,1.1727783679962158,0.1101689711213111,1.4154655933380127,-0.1828086376190185,0.6156865358352661,0.5644888877868652,0.5185205340385437,1.0,1.0,0,0,0.0,0.6283185307179586,-95,95,thymio-11
182,1788225140.1045554,1.1727783679962158,1.4154655933380127,0.566162819187142,93.3280685474574,1.1727783679962158,0.1101689711213111,1.4154655933380127,-0.1828086376190185,0.6156865358352661,0.5644888877868652,0.5185205340385437,1.0,1.0,0,0,0.0,0.6283185307179586,-95,95,thymio-11
183,1788225140.7087498,10000.0,10000.0,0.0,93.3280685474574,1.1727783679962158,0.1101689711213111,1.4154655933380127,-0.1828086376190185,0.6156865358352661,0.5644888877868652,0.5185205340385437,1.0,1.0,0,0,-9.184850993605149e-18,0.6283185307179586,-95,95,thymio-11
184,1788225141.3125064,1.1928060054779053,1.4247939586639404,0.87837141645708,93.3280685474574,1.1928060054779053,0.1099852919578552,1.4247939586639404,0.2764739692211151,0.8024399280548096,0.5255552530288696,-0.0586873181164264,0.9351870518079136,-0.2579380435509912,0,0,0.0,0.6283185307179586,-95,95,thymio-11
185,1788225141.92091,1.1928060054779053,1.4247939586639404,0.87837141645708,93.2280685474574,1.1928060054779053,0.1099852919578552,1.4247939586639404,0.2764739692211151,0.8024399280548096,0.5255552530288696,-0.0586873181164264,0.9351870518079136,-0.2579380435509912,0,0,0.0,0.6283185307179586,-95,95,thymio-11
186,1788225142.5244374,10000.0,10000.0,0.0,93.2280685474574,1.1928060054779053,0.1099852919578552,1.4247939586639404,0.2764739692211151,0.8024399280548096,0.5255552530288696,-0.0586873181164264,1.0,1.0,0,0,-9.184850993605149e-18,0.6283185307179586,-95,95,thymio-11
187,1788225143.127788,10000.0,10000.0,0.0,93.2280685474574,1.1928060054779053,0.1099852919578552,1.4247939586639404,0.2764739692211151,0.8024399280548096,0.5255552530288696,-0.0586873181164264,1.0,1.0,0,0,-9.184850993605149e-18,0.6283185307179586,-95,95,thymio-11
188,1788225143.7313986,1.20383882522583,1.409447193145752,-0.5866140743272026,93.2280685474574,1.20383882522583,0.1097953096032142,1.409447193145752,0.5356559753417969,0.6056316494941711,0.268543928861618,-0.5236098170280457,1.0,-0.0401189679611994,0,0,-0.0,0.6283185307179586,-95,95,thymio-11
189,1788225144.339646,1.20383882522583,1.409447193145752,-0.5866140743272026,93.12806854745742,1.20383882522583,0.1097953096032142,1.409447193145752,0.5356559753417969,0.6056316494941711,0.268543928861618,-0.5236098170280457,1.0,-0.0401189679611994,0,0,-0.0,0.6283185307179586,-95,95,thymio-11
190,1788225144.9430437,10000.0,10000.0,0.0,93.12806854745742,1.20383882522583,0.1097953096032142,1.409447193145752,0.5356559753417969,0.6056316494941711,0.268543928861618,-0.5236098170280457,1.0,1.0,0,0,-9.184850993605149e-18,0.6283185307179586,-95,95,thymio-11
191,1788225145.5470996,1.1846535205841064,1.394800305366516,-1.4554202401902676,93.12806854745742,1.1846535205841064,0.1096553653478622,1.394800305366516,0.5521146655082703,-0.0132865142077207,-0.2322857975959777,-0.8006473779678345,-0.3661462436269898,0.3819471414366557,0,0,-0.0020798778533935,0.0749969153590837,-19,4,thymio-11
192,1788225146.155543,1.1846535205841064,1.394800305366516,-1.4554202401902676,93.02806854745742,1.1846535205841064,0.1096553653478622,1.394800305366516,0.5521146655082703,-0.0132865142077207,-0.2322857975959777,-0.8006473779678345,-0.3661462436269898,0.3819471414366557,0,0,-0.0020798778533935,0.0749969153590837,-19,4,thymio-11
193,1788225146.7588503,10000.0,10000.0,0.0,93.02806854745742,1.1846535205841064,0.1096553653478622,1.394800305366516,0.5521146655082703,-0.0132865142077207,-0.2322857975959777,-0.8006473779678345,1.0,1.0,0,0,-9.184850993605149e-18,0.6283185307179586,-95,95,thymio-11
194,1788225147.3626585,1.176613688468933,1.4005193710327148,-1.3212326275347182,93.02806854745742,1.176613688468933,0.1098609045147895,1.4005193710327148,0.4663524329662323,-0.2240783423185348,-0.3662385046482086,-0.7734169363975525,-0.4185376630932029,-0.0787322363665212,0,0,-0.0,0.6283185307179586,-95,95,thymio-11
195,1788225147.9706583,1.176613688468933,1.4005193710327148,-1.3212326275347182,92.92806854745744,1.176613688468933,0.1098609045147895,1.4005193710327148,0.4663524329662323,-0.2240783423185348,-0.3662385046482086,-0.7734169363975525,-0.4185376630932029,-0.0787322363665212,0,0,-0.0,0.6283185307179586,-95,95,thymio-11
1,1788311433.586913,10000.0,10000.0,0.0,100.0,-0.5752889513969421,0.1078910678625106,0.9137072563171388,0.4755234718322754,-0.2588054835796356,-0.4209631085395813,-0.7277961373329163,1.0,1.0,0,0,-9.184850993605149e-18,0.6283185307179586,-95,95,thymio-01
2,1788311434.1919591,3.112470865249634,-0.3807795345783233,-1.247942483743443,100.0,3.112470865249634,0.0714781358838081,-0.3807795345783233,0.6309565901756287,0.3895975649356842,0.0831885859370231,-0.6657230257987976,1.0,-0.730483796015682,0,0,0.0730818328886978,-0.6283185307179586,355,165,thymio-01
3,1788311434.8012471,3.112470865249634,-0.3807795345783233,-1.247942483743443,99.9,3.112470865249634,0.0714781358838081,-0.3807795345783233,0.6309565901756287,0.3895975649356842,0.0831885859370231,-0.6657230257987976,1.0,-0.730483796015682,0,0,0.0730818328886978,-0.6283185307179586,355,165,thymio-01
4,1788311435.4046547,10000.0,10000.0,0.0,99.9,3.112470865249634,0.0714781358838081,-0.3807795345783233,0.6309565901756287,0.3895975649356842,0.0831885859370231,-0.6657230257987976,1.0,1.0,4526,0,-0.08,0.6283185307179586,-379,-189,thymio-01
5,1788311436.0077724,3.1213083267211914,-0.386842131614685,-1.3337593506220586,99.9,3.1213083267211914,0.0717079564929008,-0.386842131614685,0.6374790668487549,0.2643467485904693,-0.034116942435503,-0.7228951454162598,1.0,-0.7137100851302792,1799,0,0.0858583294411352,-0.6283185307179586,400,210,thymio-01
6,1788311436.6161456,3.1213083267211914,-0.386842131614685,-1.3337593506220586,99.8,3.1213083267211914,0.0717079564929008,-0.386842131614685,0.6374790668487549,0.2643467485904693,-0.034116942435503,-0.7228951454162598,1.0,-0.7137100851302792,1701,0,0.0858583294411352,-0.6283185307179586,400,210,thymio-01
7,1788311437.2196834,10000.0,10000.0,0.0,99.8,3.1213083267211914,0.0717079564929008,-0.386842131614685,0.6374790668487549,0.2643467485904693,-0.034116942435503,-0.7228951454162598,1.0,1.0,2558,0,-0.08,0.6283185307179586,-379,-189,thymio-01
8,1788311437.8234534,3.1320018768310547,-0.3324479758739471,-1.242452720836418,99.8,3.1320018768310547,0.0720307007431984,-0.3324479758739471,0.6331937313079834,0.3918198049068451,0.0851326882839202,-0.6620388031005859,1.0,-0.556907055250244,0,0,0.0324700192497046,-0.6283185307179586,210,20,thymio-01
9,1788311438.431707,3.1320018768310547,-0.3324479758739471,-1.242452720836418,99.70000000000002,3.1320018768310547,0.0720307007431984,-0.3324479758739471,0.6331937313079834,0.3918198049068451,0.0851326882839202,-0.6620388031005859,1.0,-0.556907055250244,0,0,0.0324700192497046,-0.6283185307179586,210,20,thymio-01
10,1788311439.0356724,10000.0,10000.0,0.0,99.70000000000002,3.1320018768310547,0.0720307007431984,-0.3324479758739471,0.6331937313079834,0.3918198049068451,0.0851326882839202,-0.6620388031005859,1.0,1.0,0,0,-9.184850993605149e-18,0.6283185307179586,-95,95,thymio-01
11,1788311439.6395235,3.116459369659424,-0.2597957849502563,-0.918981890413249,99.70000000000002,3.116459369659424,0.0723179504275322,-0.2597957849502563,0.5867160558700562,0.5321581959724426,0.2274594753980636,-0.5664222240447998,1.0,-0.4334403485392694,0,0,-0.0664636948047271,-0.6283185307179586,-141,-331,thymio-01
12,1788311440.2476606,3.116459369659424,-0.2597957849502563,-0.918981890413249,99.60000000000002,3.116459369659424,0.0723179504275322,-0.2597957849502563,0.5867160558700562,0.5321581959724426,0.2274594753980636,-0.5664222240447998,1.0,-0.4334403485392694,0,0,-0.0664636948047271,-0.6283185307179586,-141,-331,thymio-01
13,1788311440.8512125,10000.0,10000.0,0.0,99.60000000000002,3.116459369659424,0.0723179504275322,-0.2597957849502563,0.5867160558700562,0.5321581959724426,0.2274594753980636,-0.5664222240447998,1.0,1.0,0,0,-9.184850993605149e-18,0.6283185307179586,-95,95,thymio-01
14,1788311441.4562962,3.0767509937286377,-0.2300012409687042,0.0992003270387202,99.60000000000002,3.0767509937286377,0.0732597857713699,-0.2300012409687042,0.521238386631012,0.6505202054977417,0.3632334768772125,-0.4161677062511444,-0.7979678918824282,-0.3234864001336116,0,0,-0.0344338149265276,-0.6283185307179586,-27,-217,thymio-01
15,1788311442.0640736,3.0767509937286377,-0.2300012409687042,0.0992003270387202,99.50000000000004,3.0767509937286377,0.0732597857713699,-0.2300012409687042,0.521238386631012,0.6505202054977417,0.3632334768772125,-0.4161677062511444,-0.7979678918824282,-0.3234864001336116,0,0,-0.0344338149265276,-0.6283185307179586,-27,-217,thymio-01
16,1788311442.6677651,10000.0,10000.0,0.0,99.50000000000004,3.0767509937286377,0.0732597857713699,-0.2300012409687042,0.521238386631012,0.6505202054977417,0.3632334768772125,-0.4161677062511444,1.0,1.0,0,0,-9.184850993605149e-18,0.6283185307179586,-95,95,thymio-01
17,1788311443.2709332,3.153165340423584,-0.2965906262397766,0.8302245423646246,99.50000000000004,3.153165340423584,0.0742312297224998,-0.2965906262397766,0.3492964506149292,0.801548957824707,0.3456845581531524,-0.3406076431274414,-0.7712879527484978,1.0,0,0,-0.0558844859902077,0.6283185307179586,-293,-104,thymio-01
18,1788311443.8788297,3.153165340423584,-0.2965906262397766,0.8302245423646246,99.40000000000003,3.153165340423584,0.0742312297224998,-0.2965906262397766,0.3492964506149292,0.801548957824707,0.3456845581531524,-0.3406076431274414,-0.7712879527484978,1.0,0,0,-0.0558844859902077,0.6283185307179586,-293,-104,thymio-01
19,1788311444.4823282,10000.0,10000.0,0.0,99.40000000000003,3.153165340423584,0.0742312297224998,-0.2965906262397766,0.3492964506149292,0.801548957824707,0.3456845581531524,-0.3406076431274414,1.0,1.0,0,0,-9.184850993605149e-18,0.6283185307179586,-95,95,thymio-01
20,1788311445.0853028,3.182473659515381,-0.3053557574748993,0.8106510354383181,99.40000000000003,3.182473659515381,0.0739516392350196,-0.3053557574748993,0.3585936427116394,0.7917843461036682,0.3508601486682892,-0.3484040796756744,-0.7676969878287121,1.0,0,0,-0.0587716217857154,0.6283185307179586,-304,-114,thymio-01
21,1788311445.693233,3.182473659515381,-0.3053557574748993,0.8106510354383181,99.30000000000004,3.182473659515381,0.0739516392350196,-0.3053557574748993,0.3585936427116394,0.7917843461036682,0.3508601486682892,-0.3484040796756744,-0.7676969878287121,1.0,0,0,-0.0587716217857154,0.6283185307179586,-304,-114,thymio-01
22,1788311446.2964792,10000.0,10000.0,0.0,99.30000000000004,3.182473659515381,0.0739516392350196,-0.3053557574748993,0.3585936427116394,0.7917843461036682,0.3508601486682892,-0.3484040796756744,1.0,1.0,0,0,-9.184850993605149e-18,0.6283185307179586,-95,95,thymio-01
23,1788311446.900236,3.26511549949646,-0.3633806109428406,-1.2041084662083636,99.30000000000004,3.26511549949646,0.0716174617409706,-0.3633806109428406,0.615886926651001,0.4322432279586792,0.1288871169090271,-0.6459391117095947,1.0,-0.3645000088142627,0,0,0.1705004480700552,-0.6283185307179586,500,500,thymio-01
24,1788311447.5088322,3.26511549949646,-0.3633806109428406,-1.2041084662083636,99.20000000000005,3.26511549949646,0.0716174617409706,-0.3633806109428406,0.615886926651001,0.4322432279586792,0.1288871169090271,-0.6459391117095947,1.0,-0.3645000088142627,0,0,0.1705004480700552,-0.6283185307179586,500,500,thymio-01
25,1788311448.1125667,10000.0,10000.0,0.0,99.20000000000005,3.26511549949646,0.0716174617409706,-0.3633806109428406,0.615886926651001,0.4322432279586792,0.1288871169090271,-0.6459391117095947,1.0,1.0,0,0,-9.184850993605149e-18,0.6283185307179586,-95,95,thymio-01
26,1788311448.7162342,3.2501442432403564,-0.4515658318996429,-1.354564200922575,99.20000000000005,3.2501442432403564,0.0715395435690879,-0.4515658318996429,-0.6268481612205505,-0.163358673453331,0.1231246590614318,0.751808226108551,1.0,-0.4500729852561319,0,0,0.2,-0.6283185307179586,500,500,thymio-01
27,1788311449.3244233,3.2501442432403564,-0.4515658318996429,-1.354564200922575,99.10000000000004,3.2501442432403564,0.0715395435690879,-0.4515658318996429,-0.6268481612205505,-0.163358673453331,0.1231246590614318,0.751808226108551,1.0,-0.4500729852561319,0,0,0.2,-0.6283185307179586,500,500,thymio-01
28,1788311449.9277136,10000.0,10000.0,0.0,99.10000000000004,3.2501442432403564,0.0715395435690879,-0.4515658318996429,-0.6268481612205505,-0.163358673453331,0.1231246590614318,0.751808226108551,1.0,1.0,0,0,-9.184850993605149e-18,0.6283185307179586,-95,95,thymio-01
29,1788311450.5308096,2.734038829803467,-0.1044586971402168,1.091302647901104,99.10000000000004,2.734038829803467,0.0790608301758766,-0.1044586971402168,0.0516562797129154,0.7914813160896301,0.5842403769493103,0.1719072312116623,-0.2368015603410665,-0.9638644587805784,0,0,0.0,-0.6283185307179586,95,-95,thymio-01
30,1788311451.1390364,2.734038829803467,-0.1044586971402168,1.091302647901104,99.00000000000006,2.734038829803467,0.0790608301758766,-0.1044586971402168,0.0516562797129154,0.7914813160896301,0.5842403769493103,0.1719072312116623,-0.2368015603410665,-0.9638644587805784,0,0,0.0,-0.6283185307179586,95,-95,thymio-01
31,1788311451.7426538,10000.0,10000.0,0.0,99.00000000000006,2.734038829803467,0.0790608301758766,-0.1044586971402168,0.0516562797129154,0.7914813160896301,0.5842403769493103,0.1719072312116623,1.0,1.0,0,0,-9.184850993605149e-18,0.6283185307179586,-95,95,thymio-01
32,1788311452.3461926,2.619081258773804,-0.1369078606367111,2.088292578203662,99.00000000000006,2.619081258773804,0.0798880904912948,-0.1369078606367111,-0.4185132384300232,0.6743638515472412,-0.6082420349121094,-0.0110379019752144,-0.552536578866875,1.0,0,0,0.0,0.6283185307179586,-95,95,thymio-01
33,1788311452.953903,2.619081258773804,-0.1369078606367111,2.088292578203662,98.90000000000006,2.619081258773804,0.0798880904912948,-0.1369078606367111,-0.4185132384300232,0.6743638515472412,-0.6082420349121094,-0.0110379019752144,-0.552536578866875,1.0,0,0,0.0,0.6283185307179586,-95,95,thymio-01
34,1788311453.5574758,10000.0,10000.0,0.0,98.90000000000006,2.619081258773804,0.0798880904912948,-0.1369078606367111,-0.4185132384300232,0.6743638515472412,-0.6082420349121094,-0.0110379019752144,1.0,1.0,0,0,-9.184850993605149e-18,0.6283185307179586,-95,95,thymio-01
35,1788311454.161583,10000.0,10000.0,0.0,98.90000000000006,2.619081258773804,0.0798880904912948,-0.1369078606367111,-0.4185132384300232,0.6743638515472412,-0.6082420349121094,-0.0110379019752144,1.0,1.0,0,0,-9.184850993605149e-18,0.6283185307179586,-95,95,thymio-01
36,1788311454.7656288,10000.0,10000.0,0.0,98.90000000000006,2.619081258773804,0.0798880904912948,-0.1369078606367111,-0.4185132384300232,0.6743638515472412,-0.6082420349121094,-0.0110379019752144,1.0,1.0,0,0,-9.184850993605149e-18,0.6283185307179586,-95,95,thymio-01
37,1788311455.3695242,10000.0,10000.0,0.0,98.90000000000006,2.619081258773804,0.0798880904912948,-0.1369078606367111,-0.4185132384300232,0.6743638515472412,-0.6082420349121094,-0.0110379019752144,1.0,1.0,0,0,-9.184850993605149e-18,0.6283185307179586,-95,95,thymio-01
38,1788311455.9739883,3.5398142337799072,-0.4297768175601959,-2.456964924809341,98.90000000000006,3.5398142337799072,0.0697341486811637,-0.4297768175601959,-0.5832386612892151,-0.1101189851760864,0.4538971483707428,-0.6645931005477905,1.0,-0.0598983472726072,0,0,-0.1767156513901032,-0.6283185307179586,-500,-500,thymio-01
39,1788311456.5816138,3.5398142337799072,-0.4297768175601959,-2.456964924809341,98.80000000000008,3.5398142337799072,0.0697341486811637,-0.4297768175601959,-0.5832386612892151,-0.1101189851760864,0.4538971483707428,-0.6645931005477905,1.0,-0.0598983472726072,0,0,-0.1767156513901032,-0.6283185307179586,-500,-500,thymio-01
40,1788311457.1851385,10000.0,10000.0,0.0,98.80000000000008,3.5398142337799072,0.0697341486811637,-0.4297768175601959,-0.5832386612892151,-0.1101189851760864,0.4538971483707428,-0.6645931005477905,1.0,1.0,0,1296,-9.184850993605149e-18,0.6283185307179586,-95,95,thymio-01
41,1788311457.7896094,3.5663487911224365,-0.3674296140670776,0.9951243909691936,98.80000000000008,3.5663487911224365,0.0696196034550666,-0.3674296140670776,-0.1747741252183914,-0.7713367938995361,-0.605277419090271,-0.0901831984519958,-0.0464878790424372,1.0,0,2353,0.08,0.6283185307179586,189,379,thymio-01
42,1788311458.3977923,3.5663487911224365,-0.3674296140670776,0.9951243909691936,98.70000000000007,3.5663487911224365,0.0696196034550666,-0.3674296140670776,-0.1747741252183914,-0.7713367938995361,-0.605277419090271,-0.0901831984519958,-0.0464878790424372,1.0,0,1368,0.2,0.6283185307179586,500,500,thymio-01
43,1788311459.001577,10000.0,10000.0,0.0,98.70000000000007,3.5663487911224365,0.0696196034550666,-0.3674296140670776,-0.1747741252183914,-0.7713367938995361,-0.605277419090271,-0.0901831984519958,1.0,1.0,0,0,-9.184850993605149e-18,0.6283185307179586,-95,95,thymio-01
44,1788311459.605404,10000.0,10000.0,0.0,98.70000000000007,3.5663487911224365,0.0696196034550666,-0.3674296140670776,-0.1747741252183914,-0.7713367938995361,-0.605277419090271,-0.0901831984519958,1.0,1.0,0,0,-9.184850993605149e-18,0.6283185307179586,-95,95,thymio-01
45,1788311460.2087111,3.6452832221984863,-0.2870004773139953,0.8862347415216298,98.70000000000007,3.6452832221984863,0.0701394155621528,-0.2870004773139953,-0.3548330068588257,-0.7574540376663208,-0.5285531282424927,0.1448746919631958,0.0547190832695605,1.0,0,0,0.1922633097546249,0.6283185307179586,500,500,thymio-01
46,1788311460.8160791,3.6452832221984863,-0.2870004773139953,0.8862347415216298,98.60000000000008,3.6452832221984863,0.0701394155621528,-0.2870004773139953,-0.3548330068588257,-0.7574540376663208,-0.5285531282424927,0.1448746919631958,0.0547190832695605,1.0,0,0,0.1922633097546249,0.6283185307179586,500,500,thymio-01
47,1788311461.4239872,3.558191537857056,-0.2562257945537567,-0.3412480830963846,98.29002361186124,3.558191537857056,0.0701635777950286,-0.2562257945537567,-0.5430822968482971,-0.6033058166503906,-0.3312032520771026,0.4810281693935394,1.0,1.0,0,0,-0.0915498397764943,0.6283185307179586,-420,-230,thymio-01
48,1788311462.0315309,3.558191537857056,-0.2562257945537567,-0.3412480830963846,98.19002361186124,3.558191537857056,0.0701635777950286,-0.2562257945537567,-0.5430822968482971,-0.6033058166503906,-0.3312032520771026,0.4810281693935394,1.0,1.0,0,0,-0.0915498397764943,0.6283185307179586,-420,-230,thymio-01
49,1788311462.634815,10000.0,10000.0,0.0,98.19002361186124,3.558191537857056,0.0701635777950286,-0.2562257945537567,-0.5430822968482971,-0.6033058166503906,-0.3312032520771026,0.4810281693935394,1.0,1.0,0,0,-9.184850993605149e-18,0.6283185307179586,-95,95,thymio-01
50,1788311463.2379494,3.468730926513672,-0.1165193542838096,-0.4580978897085184,98.19002361186124,3.468730926513672,0.0723246112465858,-0.1165193542838096,-0.5586696267127991,-0.594700276851654,-0.3095509111881256,0.4882602095603943,1.0,0.2329034066463964,0,0,-0.1354870399239951,0.6283185307179586,-500,-387,thymio-01
51,1788311463.845796,3.468730926513672,-0.1165193542838096,-0.4580978897085184,98.09002361186124,3.468730926513672,0.0723246112465858,-0.1165193542838096,-0.5586696267127991,-0.594700276851654,-0.3095509111881256,0.4882602095603943,1.0,0.2329034066463964,0,0,-0.1354870399239951,0.6283185307179586,-500,-387,thymio-01
52,1788311464.4492593,10000.0,10000.0,0.0,98.09002361186124,3.468730926513672,0.0723246112465858,-0.1165193542838096,-0.5586696267127991,-0.594700276851654,-0.3095509111881256,0.4882602095603943,1.0,1.0,0,0,-9.184850993605149e-18,0.6283185307179586,-95,95,thymio-01
53,1788311465.0529704,3.5051462650299072,-0.2742722630500793,-1.3540888014450587,98.09002361186124,3.5051462650299072,0.0699456855654716,-0.2742722630500793,-0.6337398886680603,-0.2439636886119842,0.0440243259072303,0.7327464818954468,1.0,0.0728515678240124,0,0,-0.2,0.4912431787487898,-500,-500,thymio-01
54,1788311465.660719,3.5051462650299072,-0.2742722630500793,-1.3540888014450587,97.99002361186125,3.5051462650299072,0.0699456855654716,-0.2742722630500793,-0.6337398886680603,-0.2439636886119842,0.0440243259072303,0.7327464818954468,1.0,0.0728515678240124,0,0,-0.2,0.4912431787487898,-500,-500,thymio-01
55,1788311466.2639372,10000.0,10000.0,0.0,97.99002361186125,3.5051462650299072,0.0699456855654716,-0.2742722630500793,-0.6337398886680603,-0.2439636886119842,0.0440243259072303,0.7327464818954468,1.0,1.0,0,0,-9.184850993605149e-18,0.6283185307179586,-95,95,thymio-01
56,1788311466.8669374,3.4313621520996094,-0.3731966912746429,-1.3405628541671348,97.99002361186125,3.4313621520996094,0.07122103869915,-0.3731966912746429,0.6203057169914246,0.1323815882205963,-0.1587123423814773,-0.7566416263580322,1.0,0.0295692150081756,0,0,-0.2,0.5902824162258702,-500,-500,thymio-01
57,1788311467.4743812,3.4313621520996094,-0.3731966912746429,-1.3405628541671348,97.89002361186124,3.4313621520996094,0.07122103869915,-0.3731966912746429,0.6203057169914246,0.1323815882205963,-0.1587123423814773,-0.7566416263580322,1.0,0.0295692150081756,0,0,-0.2,0.5902824162258702,-500,-500,thymio-01
58,1788311468.078022,10000.0,10000.0,0.0,97.89002361186124,3.4313621520996094,0.07122103869915,-0.3731966912746429,0.6203057169914246,0.1323815882205963,-0.1587123423814773,-0.7566416263580322,1.0,1.0,0,0,-9.184850993605149e-18,0.6283185307179586,-95,95,thymio-01
59,1788311468.6821208,3.187752485275269,-0.4354248046875,-1.146636521012122,97.89002361186124,3.187752485275269,0.0715077891945838,-0.4354248046875,-0.4888904690742492,0.2449887841939926,0.4199102520942688,0.7243218421936035,1.0,-0.1913658826781928,0,0,-0.2,0.6283185307179586,-500,-500,thymio-01
60,1788311469.289987,3.187752485275269,-0.4354248046875,-1.146636521012122,97.79002361186126,3.187752485275269,0.0715077891945838,-0.4354248046875,-0.4888904690742492,0.2449887841939926,0.4199102520942688,0.7243218421936035,1.0,-0.1913658826781928,0,0,-0.2,0.6283185307179586,-500,-500,thymio-01
61,1788311469.8934495,10000.0,10000.0,0.0,97.79002361186126,3.187752485275269,0.0715077891945838,-0.4354248046875,-0.4888904690742492,0.2449887841939926,0.4199102520942688,0.7243218421936035,1.0,1.0,0,0,-9.184850993605149e-18,0.6283185307179586,-95,95,thymio-01
62,1788311470.496812,3.0161893367767334,-0.3672055304050445,-0.4095311800845742,97.79002361186126,3.0161893367767334,0.0723949521780014,-0.3672055304050445,-0.3683978617191314,0.4239773452281952,0.5284804701805115,0.6365804672241211,1.0,1.0,0,0,-0.0233965020618214,0.5469566707028848,-166,-1,thymio-01
63,1788311471.1047103,3.0161893367767334,-0.3672055304050445,-0.4095311800845742,97.69002361186126,3.0161893367767334,0.0723949521780014,-0.3672055304050445,-0.3683978617191314,0.4239773452281952,0.5284804701805115,0.6365804672241211,1.0,1.0,0,0,-0.0233965020618214,0.5469566707028848,-166,-1,thymio-01
64,1788311471.708199,10000.0,10000.0,0.0,97.69002361186126,3.0161893367767334,0.0723949521780014,-0.3672055304050445,-0.3683978617191314,0.4239773452281952,0.5284804701805115,0.6365804672241211,1.0,1.0,0,0,-9.184850993605149e-18,0.6283185307179586,-95,95,thymio-01
65,1788311472.3121505,10000.0,10000.0,0.0,97.69002361186126,3.0161893367767334,0.0723949521780014,-0.3672055304050445,-0.3683978617191314,0.4239773452281952,0.5284804701805115,0.6365804672241211,1.0,1.0,0,0,-9.184850993605149e-18,0.6283185307179586,-95,95,thymio-01
66,1788311472.91522,2.919185161590576,-0.2754739224910736,0.7686825152202794,97.69002361186126,2.919185161590576,0.0736234113574028,-0.2754739224910736,-0.1598635613918304,0.6192606687545776,0.6145080924034119,0.4618872106075287,0.518889027741585,1.0,0,0,-0.2,-0.6283185307179586,-500,-500,thymio-01
67,1788311473.523,2.919185161590576,-0.2754739224910736,0.7686825152202794,97.59002361186128,2.919185161590576,0.0736234113574028,-0.2754739224910736,-0.1598635613918304,0.6192606687545776,0.6145080924034119,0.4618872106075287,0.518889027741585,1.0,0,0,-0.2,-0.6283185307179586,-500,-500,thymio-01
68,1788311474.1267874,10000.0,10000.0,0.0,97.59002361186128,2.919185161590576,0.0736234113574028,-0.2754739224910736,-0.1598635613918304,0.6192606687545776,0.6145080924034119,0.4618872106075287,1.0,1.0,0,0,-9.184850993605149e-18,0.6283185307179586,-95,95,thymio-01
69,1788311474.7303176,2.91807222366333,-0.211842656135559,0.9817148063400208,97.59002361186128,2.91807222366333,0.0738288611173629,-0.211842656135559,0.240694060921669,0.777718722820282,0.580702543258667,0.002173472661525,0.550014445169746,1.0,0,0,-0.2,-0.6283185307179586,-500,-500,thymio-01
70,1788311475.3385484,2.91807222366333,-0.211842656135559,0.9817148063400208,97.49002361186128,2.91807222366333,0.0738288611173629,-0.211842656135559,0.240694060921669,0.777718722820282,0.580702543258667,0.002173472661525,0.550014445169746,1.0,0,0,-0.2,-0.6283185307179586,-500,-500,thymio-01
71,1788311475.9419694,10000.0,10000.0,0.0,97.49002361186128,2.91807222366333,0.0738288611173629,-0.211842656135559,0.240694060921669,0.777718722820282,0.580702543258667,0.002173472661525,1.0,1.0,0,0,-9.184850993605149e-18,0.6283185307179586,-95,95,thymio-01
72,1788311476.5463848,3.120946884155273,-0.1591687351465225,0.8140335997728907,97.49002361186128,3.120946884155273,0.0735176429152488,-0.1591687351465225,0.3914377093315124,0.7550323009490967,0.4823616445064544,-0.2098332047462463,0.8277572753656774,1.0,0,0,0.1411879460247087,0.6283185307179586,407,500,thymio-01
73,1788311477.1543355,3.120946884155273,-0.1591687351465225,0.8140335997728907,97.39002361186128,3.120946884155273,0.0735176429152488,-0.1591687351465225,0.3914377093315124,0.7550323009490967,0.4823616445064544,-0.2098332047462463,0.8277572753656774,1.0,0,0,0.1411879460247087,0.6283185307179586,407,500,thymio-01
74,1788311477.7577567,10000.0,10000.0,0.0,97.39002361186128,3.120946884155273,0.0735176429152488,-0.1591687351465225,0.3914377093315124,0.7550323009490967,0.4823616445064544,-0.2098332047462463,1.0,1.0,0,0,-9.184850993605149e-18,0.6283185307179586,-95,95,thymio-01
75,1788311478.3609416,3.222174882888794,-0.1511813998222351,0.2545398940975381,97.39002361186128,3.222174882888794,0.0743670091032981,-0.1511813998222351,0.4988638758659363,0.6724697351455688,0.3685055077075958,-0.4038849771022796,1.0,1.0,0,0,0.0438634256881573,0.6283185307179586,61,251,thymio-01
76,1788311478.9686196,3.222174882888794,-0.1511813998222351,0.2545398940975381,97.29002361186129,3.222174882888794,0.0743670091032981,-0.1511813998222351,0.4988638758659363,0.6724697351455688,0.3685055077075958,-0.4038849771022796,1.0,1.0,0,0,0.0438634256881573,0.6283185307179586,61,251,thymio-01
77,1788311479.5718484,10000.0,10000.0,0.0,97.29002361186129,3.222174882888794,0.0743670091032981,-0.1511813998222351,0.4988638758659363,0.6724697351455688,0.3685055077075958,-0.4038849771022796,1.0,1.0,0,0,-9.184850993605149e-18,0.6283185307179586,-95,95,thymio-01
78,1788311480.175363,3.1591577529907227,-0.0677607506513595,-0.7032868553692486,97.29002361186129,3.1591577529907227,0.0735999345779419,-0.0677607506513595,0.5828078389167786,0.5645519495010376,0.2725440859794616,-0.5170453786849976,1.0,-0.0716876878516747,0,0,-0.1796959828410085,0.6283185307179586,-500,-500,thymio-01
79,1788311480.7829213,3.1591577529907227,-0.0677607506513595,-0.7032868553692486,97.19002361186128,3.1591577529907227,0.0735999345779419,-0.0677607506513595,0.5828078389167786,0.5645519495010376,0.2725440859794616,-0.5170453786849976,1.0,-0.0716876878516747,0,0,-0.1796959828410085,0.6283185307179586,-500,-500,thymio-01
80,1788311481.3874233,10000.0,10000.0,0.0,97.19002361186128,3.1591577529907227,0.0735999345779419,-0.0677607506513595,0.5828078389167786,0.5645519495010376,0.2725440859794616,-0.5170453786849976,1.0,1.0,0,0,-9.184850993605149e-18,0.6283185307179586,-95,95,thymio-01
81,1788311481.991241,3.184720277786255,-0.0486770085990428,-2.8152107640238064,97.19002361186128,3.184720277786255,0.0724885836243629,-0.0486770085990428,-0.6825844049453735,0.5275082588195801,-0.2956567108631134,-0.4103667438030243,1.0,1.0,0,0,-0.0613295062901468,-0.6283185307179586,-123,-313,thymio-01
82,1788311482.5989418,3.184720277786255,-0.0486770085990428,-2.8152107640238064,97.0900236118613,3.184720277786255,0.0724885836243629,-0.0486770085990428,-0.6825844049453735,0.5275082588195801,-0.2956567108631134,-0.4103667438030243,1.0,1.0,0,0,-0.0613295062901468,-0.6283185307179586,-123,-313,thymio-01
83,1788311483.202393,10000.0,10000.0,0.0,97.0900236118613,3.184720277786255,0.0724885836243629,-0.0486770085990428,-0.6825844049453735,0.5275082588195801,-0.2956567108631134,-0.4103667438030243,1.0,1.0,0,0,-9.184850993605149e-18,0.6283185307179586,-95,95,thymio-01
84,1788311483.8057518,3.027086019515991,-0.1503262817859649,-1.3831649215956432,97.0900236118613,3.027086019515991,0.0755924135446548,-0.1503262817859649,-0.5561960339546204,0.02877988666296,0.2381864339113235,0.7956663966178894,1.0,-0.5265249861010151,0,0,0.2,0.6283185307179586,500,500,thymio-01
85,1788311484.4140098,3.027086019515991,-0.1503262817859649,-1.3831649215956432,96.9900236118613,3.027086019515991,0.0755924135446548,-0.1503262817859649,-0.5561960339546204,0.02877988666296,0.2381864339113235,0.7956663966178894,1.0,-0.5265249861010151,0,0,0.2,0.6283185307179586,500,500,thymio-01
86,1788311485.0171628,10000.0,10000.0,0.0,96.9900236118613,3.027086019515991,0.0755924135446548,-0.1503262817859649,-0.5561960339546204,0.02877988666296,0.2381864339113235,0.7956663966178894,1.0,1.0,0,0,-9.184850993605149e-18,0.6283185307179586,-95,95,thymio-01
87,1788311485.620551,3.034986019134521,-0.1533666402101516,-1.3985875487725712,96.9900236118613,3.034986019134521,0.0737479478120803,-0.1533666402101516,-0.5972337126731873,-0.0042987093329429,0.2163999229669571,0.7723112106323242,1.0,-0.4338730859359839,0,0,0.0787294675588305,0.4190363849144856,216,343,thymio-01
88,1788311486.2299433,3.034986019134521,-0.1533666402101516,-1.3985875487725712,96.89002361186132,3.034986019134521,0.0737479478120803,-0.1533666402101516,-0.5972337126731873,-0.0042987093329429,0.2163999229669571,0.7723112106323242,1.0,-0.4338730859359839,0,0,0.0787294675588305,0.4190363849144856,216,343,thymio-01
89,1788311486.833816,10000.0,10000.0,0.0,96.89002361186132,3.034986019134521,0.0737479478120803,-0.1533666402101516,-0.5972337126731873,-0.0042987093329429,0.2163999229669571,0.7723112106323242,1.0,1.0,0,0,-9.184850993605149e-18,0.6283185307179586,-95,95,thymio-01
90,1788311487.4369729,3.1388747692108154,-0.1131095886230468,-1.3561938090916714,96.89002361186132,3.1388747692108154,0.074157103896141,-0.1131095886230468,-0.5598170161247253,0.1002900004386901,0.2953628301620483,0.7676637768745422,1.0,-0.2658798384289401,0,0,-0.2,0.5011329976242542,-500,-500,thymio-01
91,1788311488.0444546,3.1388747692108154,-0.1131095886230468,-1.3561938090916714,96.79002361186132,3.1388747692108154,0.074157103896141,-0.1131095886230468,-0.5598170161247253,0.1002900004386901,0.2953628301620483,0.7676637768745422,1.0,-0.2658798384289401,0,0,-0.2,0.5011329976242542,-500,-500,thymio-01
92,1788311488.64793,10000.0,10000.0,0.0,96.79002361186132,3.1388747692108154,0.074157103896141,-0.1131095886230468,-0.5598170161247253,0.1002900004386901,0.2953628301620483,0.7676637768745422,1.0,1.0,0,0,-9.184850993605149e-18,0.6283185307179586,-95,95,thymio-01
93,1788311489.2510536,3.2107908725738525,-0.1358910501003265,-0.4011166986448851,96.79002361186132,3.2107908725738525,0.0741922706365585,-0.1358910501003265,-0.3542018532752991,0.4331445097923279,0.5220162868499756,0.6437591314315796,1.0,1.0,0,0,-0.0780608630966071,0.6283185307179586,-372,-182,thymio-01
94,1788311489.858396,3.2107908725738525,-0.1358910501003265,-0.4011166986448851,96.69002361186132,3.2107908725738525,0.0741922706365585,-0.1358910501003265,-0.3542018532752991,0.4331445097923279,0.5220162868499756,0.6437591314315796,1.0,1.0,0,0,-0.0780608630966071,0.6283185307179586,-372,-182,thymio-01
95,1788311490.4666436,3.087322950363159,0.0006612290162593,0.7565126100817041,96.32735839956358,3.087322950363159,0.074454054236412,0.0006612290162593,0.1882009655237198,-0.6097946763038635,-0.6054457426071167,-0.4755694270133972,-0.3453818369855753,1.0,0,0,0.0928341870934621,0.6283185307179586,235,425,thymio-01
96,1788311491.0745306,3.087322950363159,0.0006612290162593,0.7565126100817041,96.22735839956358,3.087322950363159,0.074454054236412,0.0006612290162593,0.1882009655237198,-0.6097946763038635,-0.6054457426071167,-0.4755694270133972,-0.3453818369855753,1.0,0,0,0.0928341870934621,0.6283185307179586,235,425,thymio-01
97,1788311491.6783605,10000.0,10000.0,0.0,96.22735839956358,3.087322950363159,0.074454054236412,0.0006612290162593,0.1882009655237198,-0.6097946763038635,-0.6054457426071167,-0.4755694270133972,1.0,1.0,0,0,-9.184850993605149e-18,0.6283185307179586,-95,95,thymio-01
98,1788311492.2816567,10000.0,10000.0,0.0,96.22735839956358,3.087322950363159,0.074454054236412,0.0006612290162593,0.1882009655237198,-0.6097946763038635,-0.6054457426071167,-0.4755694270133972,1.0,1.0,0,0,-9.184850993605149e-18,0.6283185307179586,-95,95,thymio-01
99,1788311492.8854263,3.0538907051086426,0.0715137794613838,1.00252822929533,96.22735839956358,3.0538907051086426,0.077183149755001,0.0715137794613838,0.0961507558822631,0.7527942657470703,0.626145601272583,0.1788788437843322,-0.418590497429484,1.0,0,0,-0.0465810001136932,0.3031420378490355,-211,-120,thymio-01
100,1788311493.4935894,3.0538907051086426,0.0715137794613838,1.00252822929533,96.1273583995636,3.0538907051086426,0.077183149755001,0.0715137794613838,0.0961507558822631,0.7527942657470703,0.626145601272583,0.1788788437843322,-0.418590497429484,1.0,0,0,-0.0465810001136932,0.3031420378490355,-211,-120,thymio-01
101,1788311494.097253,10000.0,10000.0,0.0,96.1273583995636,3.0538907051086426,0.077183149755001,0.0715137794613838,0.0961507558822631,0.7527942657470703,0.626145601272583,0.1788788437843322,1.0,1.0,0,0,-9.184850993605149e-18,0.6283185307179586,-95,95,thymio-01
102,1788311494.7006445,3.0274808406829834,0.0596134103834629,0.7234772082310221,96.1273583995636,3.0274808406829834,0.0769146159291267,0.0596134103834629,0.4292423129081726,0.7255852818489075,0.4524631798267364,-0.2907819747924804,0.5768499698661056,1.0,0,0,0.0930133688405653,0.6283185307179586,236,425,thymio-01
103,1788311495.3090372,3.0274808406829834,0.0596134103834629,0.7234772082310221,96.0273583995636,3.0274808406829834,0.0769146159291267,0.0596134103834629,0.4292423129081726,0.7255852818489075,0.4524631798267364,-0.2907819747924804,0.5768499698661056,1.0,0,0,0.0930133688405653,0.6283185307179586,236,425,thymio-01
104,1788311495.9125063,10000.0,10000.0,0.0,96.0273583995636,3.0274808406829834,0.0769146159291267,0.0596134103834629,0.4292423129081726,0.7255852818489075,0.4524631798267364,-0.2907819747924804,1.0,1.0,0,0,-9.184850993605149e-18,0.6283185307179586,-95,95,thymio-01
105,1788311496.5168588,3.092348098754883,0.0526426322758197,-0.8453009529411104,96.0273583995636,3.092348098754883,0.0744337290525436,0.0526426322758197,0.59047931432724,0.54264897108078,0.2491509020328521,-0.5429458618164062,1.0,-0.1293183098159147,0,0,-0.1675339713952127,0.6283185307179586,-500,-500,thymio-01
106,1788311497.1242626,3.092348098754883,0.0526426322758197,-0.8453009529411104,95.9273583995636,3.092348098754883,0.0744337290525436,0.0526426322758197,0.59047931432724,0.54264897108078,0.2491509020328521,-0.5429458618164062,1.0,-0.1293183098159147,0,0,-0.1675339713952127,0.6283185307179586,-500,-500,thymio-01
107,1788311497.7275555,10000.0,10000.0,0.0,95.9273583995636,3.092348098754883,0.0744337290525436,0.0526426322758197,0.59047931432724,0.54264897108078,0.2491509020328521,-0.5429458618164062,1.0,1.0,0,0,-9.184850993605149e-18,0.6283185307179586,-95,95,thymio-01
108,1788311498.331632,3.083033800125122,0.1055774986743927,-1.36559534705559,95.9273583995636,3.083033800125122,0.0751805230975151,0.1055774986743927,0.6292564272880554,0.2152298241853714,-0.0670722723007202,-0.7437834739685059,1.0,0.0565765118398473,0,0,-0.2,0.4472730550313541,-500,-500,thymio-01
109,1788311498.9398794,3.083033800125122,0.1055774986743927,-1.36559534705559,95.8273583995636,3.083033800125122,0.0751805230975151,0.1055774986743927,0.6292564272880554,0.2152298241853714,-0.0670722723007202,-0.7437834739685059,1.0,0.0565765118398473,0,0,-0.2,0.4472730550313541,-500,-500,thymio-01
110,1788311499.548291,2.961782932281494,-0.0345677360892295,-1.405528716844041,95.3438308561697,2.961782932281494,0.0754214748740196,-0.0345677360892295,0.6009541153907776,0.0157816279679536,-0.2049671858549118,-0.7723947167396545,1.0,0.0842288375710178,0,0,-0.2,0.4694536183560404,-500,-500,thymio-01
111,1788311500.156821,2.961782932281494,-0.0345677360892295,-1.405528716844041,95.24383085616972,2.961782932281494,0.0754214748740196,-0.0345677360892295,0.6009541153907776,0.0157816279679536,-0.2049671858549118,-0.7723947167396545,1.0,0.0842288375710178,0,0,-0.2,0.4694536183560404,-500,-500,thymio-01
112,1788311500.7601771,10000.0,10000.0,0.0,95.24383085616972,2.961782932281494,0.0754214748740196,-0.0345677360892295,0.6009541153907776,0.0157816279679536,-0.2049671858549118,-0.7723947167396545,1.0,1.0,0,0,-9.184850993605149e-18,0.6283185307179586,-95,95,thymio-01
113,1788311501.3632865,10000.0,10000.0,0.0,95.24383085616972,2.961782932281494,0.0754214748740196,-0.0345677360892295,0.6009541153907776,0.0157816279679536,-0.2049671858549118,-0.7723947167396545,1.0,1.0,0,0,-9.184850993605149e-18,0.6283185307179586,-95,95,thymio-01
114,1788311501.9676669,2.745962381362915,-0.1229135617613792,-1.394095052679056,95.24383085616972,2.745962381362915,0.0757611542940139,-0.1229135617613792,0.5828794836997986,-0.0453699082136154,-0.2486258745193481,-0.7722553014755249,1.0,-0.0125155193553826,0,0,-0.2,0.6283185307179586,-500,-500,thymio-01
115,1788311502.5762086,2.745962381362915,-0.1229135617613792,-1.394095052679056,95.14383085616971,2.745962381362915,0.0757611542940139,-0.1229135617613792,0.5828794836997986,-0.0453699082136154,-0.2486258745193481,-0.7722553014755249,1.0,-0.0125155193553826,0,0,-0.2,0.6283185307179586,-500,-500,thymio-01
116,1788311503.184656,2.5900228023529053,-0.1276428699493408,-0.749466491732214,94.23704073317045,2.5900228023529053,0.0778078958392143,-0.1276428699493408,-0.4018586575984955,0.3818562030792236,0.49236661195755,0.6710219979286194,1.0,1.0,0,0,-0.1222075138979093,0.6283185307179586,-500,-339,thymio-01
117,1788311503.792831,2.5900228023529053,-0.1276428699493408,-0.749466491732214,94.13704073317044,2.5900228023529053,0.0778078958392143,-0.1276428699493408,-0.4018586575984955,0.3818562030792236,0.49236661195755,0.6710219979286194,1.0,1.0,0,0,-0.1222075138979093,0.6283185307179586,-500,-339,thymio-01
118,1788311504.3962505,10000.0,10000.0,0.0,94.13704073317044,2.5900228023529053,0.0778078958392143,-0.1276428699493408,-0.4018586575984955,0.3818562030792236,0.49236661195755,0.6710219979286194,1.0,1.0,0,0,-9.184850993605149e-18,0.6283185307179586,-95,95,thymio-01
119,1788311504.9992638,10000.0,10000.0,0.0,94.13704073317044,2.5900228023529053,0.0778078958392143,-0.1276428699493408,-0.4018586575984955,0.3818562030792236,0.49236661195755,0.6710219979286194,1.0,1.0,0,0,-9.184850993605149e-18,0.6283185307179586,-95,95,thymio-01
120,1788311505.602992,2.4585182666778564,-0.02311971783638,-0.0244483489576952,94.13704073317044,2.4585182666778564,0.0804585367441177,-0.02311971783638,-0.3208531737327575,0.4830400943756103,0.5433099269866943,0.6070748567581177,1.0,1.0,0,0,0.0386423939101889,0.6283185307179586,42,232,thymio-01
121,1788311506.2108078,2.4585182666778564,-0.02311971783638,-0.0244483489576952,94.03704073317046,2.4585182666778564,0.0804585367441177,-0.02311971783638,-0.3208531737327575,0.4830400943756103,0.5433099269866943,0.6070748567581177,1.0,1.0,0,0,0.0386423939101889,0.6283185307179586,42,232,thymio-01
122,1788311506.814476,10000.0,10000.0,0.0,94.03704073317046,2.4585182666778564,0.0804585367441177,-0.02311971783638,-0.3208531737327575,0.4830400943756103,0.5433099269866943,0.6070748567581177,1.0,1.0,0,0,-9.184850993605149e-18,0.6283185307179586,-95,95,thymio-01
123,1788311507.4191957,2.3791301250457764,0.0885157361626625,0.9933451842376142,94.03704073317046,2.3791301250457764,0.0812945291399955,0.0885157361626625,0.0625509843230247,0.7416366338729858,0.6307913661003113,0.2194650173187255,-0.3827708708741469,1.0,0,0,0.0461749400099896,0.6283185307179586,69,259,thymio-01
124,1788311508.0275393,2.3791301250457764,0.0885157361626625,0.9933451842376142,93.93704073317046,2.3791301250457764,0.0812945291399955,0.0885157361626625,0.0625509843230247,0.7416366338729858,0.6307913661003113,0.2194650173187255,-0.3827708708741469,1.0,0,0,0.0461749400099896,0.6283185307179586,69,259,thymio-01
125,1788311508.6311345,10000.0,10000.0,0.0,93.93704073317046,2.3791301250457764,0.0812945291399955,0.0885157361626625,0.0625509843230247,0.7416366338729858,0.6307913661003113,0.2194650173187255,1.0,1.0,0,0,-9.184850993605149e-18,0.6283185307179586,-95,95,thymio-01
126,1788311509.2343445,2.3309319019317627,0.1041697189211845,0.7407274620476763,93.93704073317046,2.3309319019317627,0.0818874761462211,0.1041697189211845,0.425630658864975,0.7290588617324829,0.4673598706722259,-0.2624624967575073,-0.5570170483104326,1.0,0,0,-0.2,0.6283185307179586,-500,-500,thymio-01
127,1788311509.842116,2.3309319019317627,0.1041697189211845,0.7407274620476763,93.83704073317048,2.3309319019317627,0.0818874761462211,0.1041697189211845,0.425630658864975,0.7290588617324829,0.4673598706722259,-0.2624624967575073,-0.5570170483104326,1.0,0,0,-0.2,0.6283185307179586,-500,-500,thymio-01
128,1788311510.444884,10000.0,10000.0,0.0,93.83704073317048,2.3309319019317627,0.0818874761462211,0.1041697189211845,0.425630658864975,0.7290588617324829,0.4673598706722259,-0.2624624967575073,1.0,1.0,0,0,-9.184850993605149e-18,0.6283185307179586,-95,95,thymio-01
129,1788311511.0483615,2.333870887756348,0.1098373979330062,-0.7807294786714767,93.83704073317048,2.333870887756348,0.0821481347084045,0.1098373979330062,0.5832210183143616,0.5548160076141357,0.2580355703830719,-0.5342754125595093,1.0,1.0,0,0,-0.1199099554623731,0.6283185307179586,-500,-331,thymio-01
130,1788311511.656978,2.333870887756348,0.1098373979330062,-0.7807294786714767,93.73704073317047,2.333870887756348,0.0821481347084045,0.1098373979330062,0.5832210183143616,0.5548160076141357,0.2580355703830719,-0.5342754125595093,1.0,1.0,0,0,-0.1199099554623731,0.6283185307179586,-500,-331,thymio-01
131,1788311512.2604809,10000.0,10000.0,0.0,93.73704073317047,2.333870887756348,0.0821481347084045,0.1098373979330062,0.5832210183143616,0.5548160076141357,0.2580355703830719,-0.5342754125595093,1.0,1.0,0,0,-9.184850993605149e-18,0.6283185307179586,-95,95,thymio-01
132,1788311512.8637466,2.3986501693725586,-0.0595687516033649,-1.259673733887242,93.73704073317047,2.3986501693725586,0.0802763476967811,-0.0595687516033649,0.6328787803649902,0.3847847878932953,0.0846325978636741,-0.6665151715278625,1.0,1.0,0,0,-0.1614391467858497,0.6283185307179586,-500,-479,thymio-01
133,1788311513.471925,2.3986501693725586,-0.0595687516033649,-1.259673733887242,93.63704073317048,2.3986501693725586,0.0802763476967811,-0.0595687516033649,0.6328787803649902,0.3847847878932953,0.0846325978636741,-0.6665151715278625,1.0,1.0,0,0,-0.1614391467858497,0.6283185307179586,-500,-479,thymio-01
134,1788311514.0754266,10000.0,10000.0,0.0,93.63704073317048,2.3986501693725586,0.0802763476967811,-0.0595687516033649,0.6328787803649902,0.3847847878932953,0.0846325978636741,-0.6665151715278625,1.0,1.0,0,0,-9.184850993605149e-18,0.6283185307179586,-95,95,thymio-01
135,1788311514.6789289,10000.0,10000.0,0.0,93.63704073317048,2.3986501693725586,0.0802763476967811,-0.0595687516033649,0.6328787803649902,0.3847847878932953,0.0846325978636741,-0.6665151715278625,1.0,1.0,0,0,-9.184850993605149e-18,0.6283185307179586,-95,95,thymio-01
136,1788311515.2822711,2.323324918746948,-0.2239090949296951,-1.3928186071187598,93.63704073317048,2.323324918746948,0.0790931582450866,-0.2239090949296951,-0.6047825217247009,-0.0234986711293458,0.2077717334032058,0.7684510350227356,1.0,1.0,0,0,-0.1610435445694796,0.6283185307179586,-500,-477,thymio-01
137,1788311515.8908746,2.323324918746948,-0.2239090949296951,-1.3928186071187598,93.53704073317049,2.323324918746948,0.0790931582450866,-0.2239090949296951,-0.6047825217247009,-0.0234986711293458,0.2077717334032058,0.7684510350227356,1.0,1.0,0,0,-0.1610435445694796,0.6283185307179586,-500,-477,thymio-01
138,1788311516.4989128,2.160451889038086,-0.2878880500793457,-0.916869709243998,92.51229915415186,2.160451889038086,0.0794782862067222,-0.2878880500793457,-0.4216196238994598,0.3518700897693634,0.4677643477916717,0.6925467252731323,1.0,1.0,0,0,-0.1067156516117461,0.6283185307179586,-474,-284,thymio-01
139,1788311517.106665,2.160451889038086,-0.2878880500793457,-0.916869709243998,92.41229915415188,2.160451889038086,0.0794782862067222,-0.2878880500793457,-0.4216196238994598,0.3518700897693634,0.4677643477916717,0.6925467252731323,1.0,1.0,0,0,-0.1067156516117461,0.6283185307179586,-474,-284,thymio-01
140,1788311517.7106574,10000.0,10000.0,0.0,92.41229915415188,2.160451889038086,0.0794782862067222,-0.2878880500793457,-0.4216196238994598,0.3518700897693634,0.4677643477916717,0.6925467252731323,1.0,1.0,0,0,-9.184850993605149e-18,0.6283185307179586,-95,95,thymio-01
141,1788311518.313877,10000.0,10000.0,0.0,92.41229915415188,2.160451889038086,0.0794782862067222,-0.2878880500793457,-0.4216196238994598,0.3518700897693634,0.4677643477916717,0.6925467252731323,1.0,1.0,0,0,-9.184850993605149e-18,0.6283185307179586,-95,95,thymio-01
142,1788311518.9174182,1.9831870794296265,-0.1569453030824661,0.1406474772468735,92.41229915415188,1.9831870794296265,0.0817151516675949,-0.1569453030824661,-0.2936023473739624,0.5015199780464172,0.5572983622550964,0.5930378437042236,0.0738676225521084,1.0,0,0,0.0853628176748272,0.6283185307179586,208,398,thymio-01
143,1788311519.5255966,1.9831870794296265,-0.1569453030824661,0.1406474772468735,92.31229915415187,1.9831870794296265,0.0817151516675949,-0.1569453030824661,-0.2936023473739624,0.5015199780464172,0.5572983622550964,0.5930378437042236,0.0738676225521084,1.0,0,0,0.0853628176748272,0.6283185307179586,208,398,thymio-01
144,1788311520.129465,10000.0,10000.0,0.0,92.31229915415187,1.9831870794296265,0.0817151516675949,-0.1569453030824661,-0.2936023473739624,0.5015199780464172,0.5572983622550964,0.5930378437042236,1.0,1.0,0,0,-9.184850993605149e-18,0.6283185307179586,-95,95,thymio-01
145,1788311520.7331092,1.915427088737488,-0.0682505965232849,0.996804166462935,92.31229915415187,1.915427088737488,0.0823647379875183,-0.0682505965232849,0.0802496373653411,0.7471970319747925,0.6288607716560364,0.1994761675596237,0.1129402257522371,1.0,0,0,0.1843057102923053,0.4805581785844529,500,500,thymio-01
146,1788311521.3412106,1.915427088737488,-0.0682505965232849,0.996804166462935,92.21229915415188,1.915427088737488,0.0823647379875183,-0.0682505965232849,0.0802496373653411,0.7471970319747925,0.6288607716560364,0.1994761675596237,0.1129402257522371,1.0,0,0,0.1843057102923053,0.4805581785844529,500,500,thymio-01
147,1788311521.9442406,10000.0,10000.0,0.0,92.21229915415188,1.915427088737488,0.0823647379875183,-0.0682505965232849,0.0802496373653411,0.7471970319747925,0.6288607716560364,0.1994761675596237,1.0,1.0,0,0,-9.184850993605149e-18,0.6283185307179586,-95,95,thymio-01
148,1788311522.5483923,1.8034428358078003,-0.0945606976747512,0.9177401075620288,92.21229915415188,1.8034428358078003,0.0834851264953613,-0.0945606976747512,0.3446164131164551,0.7580651044845581,0.532621443271637,-0.1512982100248336,0.1608904122142342,1.0,0,0,0.1712880536048201,0.596059151828229,500,500,thymio-01
149,1788311523.1565497,1.8034428358078003,-0.0945606976747512,0.9177401075620288,92.11229915415188,1.8034428358078003,0.0834851264953613,-0.0945606976747512,0.3446164131164551,0.7580651044845581,0.532621443271637,-0.1512982100248336,0.1608904122142342,1.0,0,0,0.1712880536048201,0.596059151828229,500,500,thymio-01
150,1788311523.7599523,10000.0,10000.0,0.0,92.11229915415188,1.8034428358078003,0.0834851264953613,-0.0945606976747512,0.3446164131164551,0.7580651044845581,0.532621443271637,-0.1512982100248336,1.0,1.0,0,0,-9.184850993605149e-18,0.6283185307179586,-95,95,thymio-01
151,1788311524.3639705,1.650140404701233,-0.0804219469428062,0.7299674025266887,92.11229915415188,1.650140404701233,0.0848548635840416,-0.0804219469428062,0.4317107498645782,0.7215659618377686,0.4693704843521118,-0.269555002450943,-0.02732604415381,1.0,0,0,0.1646718782181461,0.6283185307179586,490,500,thymio-01
152,1788311524.971673,1.650140404701233,-0.0804219469428062,0.7299674025266887,92.01229915415188,1.650140404701233,0.0848548635840416,-0.0804219469428062,0.4317107498645782,0.7215659618377686,0.4693704843521118,-0.269555002450943,-0.02732604415381,1.0,0,0,0.1646718782181461,0.6283185307179586,490,500,thymio-01
153,1788311525.5754137,10000.0,10000.0,0.0,92.01229915415188,1.650140404701233,0.0848548635840416,-0.0804219469428062,0.4317107498645782,0.7215659618377686,0.4693704843521118,-0.269555002450943,1.0,1.0,0,0,-9.184850993605149e-18,0.6283185307179586,-95,95,thymio-01
154,1788311526.1791298,1.4958369731903076,-0.0152939604595303,0.3253169761324241,92.01229915415188,1.4958369731903076,0.0859749019145965,-0.0152939604595303,0.4988508522510528,0.6705654859542847,0.3917790651321411,-0.3847062289714813,-0.2195592921282557,1.0,0,0,0.1218895176903793,0.6283185307179586,338,500,thymio-01
155,1788311526.7870708,1.4958369731903076,-0.0152939604595303,0.3253169761324241,91.9122991541519,1.4958369731903076,0.0859749019145965,-0.0152939604595303,0.4988508522510528,0.6705654859542847,0.3917790651321411,-0.3847062289714813,-0.2195592921282557,1.0,0,0,0.1218895176903793,0.6283185307179586,338,500,thymio-01
156,1788311527.3904335,10000.0,10000.0,0.0,91.9122991541519,1.4958369731903076,0.0859749019145965,-0.0152939604595303,0.4988508522510528,0.6705654859542847,0.3917790651321411,-0.3847062289714813,1.0,1.0,0,0,-9.184850993605149e-18,0.6283185307179586,-95,95,thymio-01
157,1788311527.994054,1.396383285522461,0.0517976768314838,0.6135576679072736,91.9122991541519,1.396383285522461,0.0874074250459671,0.0517976768314838,0.4612902104854584,0.6999310255050659,0.4450233578681946,-0.3150588870048523,0.3496474807405696,1.0,0,0,0.1651934117154707,0.6283185307179586,492,500,thymio-01
158,1788311528.6021369,1.396383285522461,0.0517976768314838,0.6135576679072736,91.8122991541519,1.396383285522461,0.0874074250459671,0.0517976768314838,0.4612902104854584,0.6999310255050659,0.4450233578681946,-0.3150588870048523,0.3496474807405696,1.0,0,0,0.1651934117154707,0.6283185307179586,492,500,thymio-01
159,1788311529.2052195,10000.0,10000.0,0.0,91.8122991541519,1.396383285522461,0.0874074250459671,0.0517976768314838,0.4612902104854584,0.6999310255050659,0.4450233578681946,-0.3150588870048523,1.0,1.0,0,0,-9.184850993605149e-18,0.6283185307179586,-95,95,thymio-01
160,1788311529.808431,10000.0,10000.0,0.0,91.8122991541519,1.396383285522461,0.0874074250459671,0.0517976768314838,0.4612902104854584,0.6999310255050659,0.4450233578681946,-0.3150588870048523,1.0,1.0,0,0,-9.184850993605149e-18,0.6283185307179586,-95,95,thymio-01
161,1788311530.412047,1.3063910007476809,0.1950289905071258,-1.070178103694866,91.8122991541519,1.3063910007476809,0.0892660468816757,0.1950289905071258,0.604978621006012,0.4900853931903839,0.1875658929347992,-0.5988624691963196,-0.2311548553368893,1.0,0,0,-0.1009822060227473,0.6283185307179586,-454,-264,thymio-01
162,1788311531.0204256,1.3063910007476809,0.1950289905071258,-1.070178103694866,91.7122991541519,1.3063910007476809,0.0892660468816757,0.1950289905071258,0.604978621006012,0.4900853931903839,0.1875658929347992,-0.5988624691963196,-0.2311548553368893,1.0,0,0,-0.1009822060227473,0.6283185307179586,-454,-264,thymio-01
163,1788311531.6239722,10000.0,10000.0,0.0,91.7122991541519,1.3063910007476809,0.0892660468816757,0.1950289905071258,0.604978621006012,0.4900853931903839,0.1875658929347992,-0.5988624691963196,1.0,1.0,0,0,-9.184850993605149e-18,0.6283185307179586,-95,95,thymio-01
164,1788311532.227103,10000.0,10000.0,0.0,91.7122991541519,1.3063910007476809,0.0892660468816757,0.1950289905071258,0.604978621006012,0.4900853931903839,0.1875658929347992,-0.5988624691963196,1.0,1.0,0,0,-9.184850993605149e-18,0.6283185307179586,-95,95,thymio-01
165,1788311532.8301094,10000.0,10000.0,0.0,91.7122991541519,1.3063910007476809,0.0892660468816757,0.1950289905071258,0.604978621006012,0.4900853931903839,0.1875658929347992,-0.5988624691963196,1.0,1.0,0,0,-9.184850993605149e-18,0.6283185307179586,-95,95,thymio-01
166,1788311533.4333072,10000.0,10000.0,0.0,91.7122991541519,1.3063910007476809,0.0892660468816757,0.1950289905071258,0.604978621006012,0.4900853931903839,0.1875658929347992,-0.5988624691963196,1.0,1.0,0,0,-9.184850993605149e-18,0.6283185307179586,-95,95,thymio-01
167,1788311534.0369055,10000.0,10000.0,0.0,91.7122991541519,1.3063910007476809,0.0892660468816757,0.1950289905071258,0.604978621006012,0.4900853931903839,0.1875658929347992,-0.5988624691963196,1.0,1.0,0,0,-9.184850993605149e-18,0.6283185307179586,-95,95,thymio-01
168,1788311534.6412451,1.1966845989227295,0.2066270112991333,-1.332811484291672,91.7122991541519,1.1966845989227295,0.0898965969681739,0.2066270112991333,-0.5810971856117249,0.0284840557724237,0.272039532661438,0.7664915323257446,-0.1267605667677512,0.5466968919225041,0,0,-0.1176766788351007,0.6283185307179586,-500,-323,thymio-01
169,1788311535.2493017,1.1966845989227295,0.2066270112991333,-1.332811484291672,91.61229915415193,1.1966845989227295,0.0898965969681739,0.2066270112991333,-0.5810971856117249,0.0284840557724237,0.272039532661438,0.7664915323257446,-0.1267605667677512,0.5466968919225041,0,0,-0.1176766788351007,0.6283185307179586,-500,-323,thymio-01
170,1788311535.8528426,10000.0,10000.0,0.0,91.61229915415193,1.1966845989227295,0.0898965969681739,0.2066270112991333,-0.5810971856117249,0.0284840557724237,0.272039532661438,0.7664915323257446,1.0,1.0,0,0,-9.184850993605149e-18,0.6283185307179586,-95,95,thymio-01
171,1788311536.4561806,10000.0,10000.0,0.0,91.61229915415193,1.1966845989227295,0.0898965969681739,0.2066270112991333,-0.5810971856117249,0.0284840557724237,0.272039532661438,0.7664915323257446,1.0,1.0,0,0,-9.184850993605149e-18,0.6283185307179586,-95,95,thymio-01
172,1788311537.060753,1.1867122650146484,0.3328137993812561,1.00903767040956,91.61229915415193,1.1867122650146484,0.0903765857219696,0.3328137993812561,-0.0911475494503974,-0.7532088756561279,-0.6261579394340515,-0.1797078251838684,0.5751689216631934,1.0,0,0,0.176203911639495,0.3163645163286512,500,500,thymio-01
173,1788311537.6685815,1.1867122650146484,0.3328137993812561,1.00903767040956,91.51229915415192,1.1867122650146484,0.0903765857219696,0.3328137993812561,-0.0911475494503974,-0.7532088756561279,-0.6261579394340515,-0.1797078251838684,0.5751689216631934,1.0,0,0,0.176203911639495,0.3163645163286512,500,500,thymio-01
174,1788311538.27184,10000.0,10000.0,0.0,91.51229915415192,1.1867122650146484,0.0903765857219696,0.3328137993812561,-0.0911475494503974,-0.7532088756561279,-0.6261579394340515,-0.1797078251838684,1.0,1.0,0,0,-9.184850993605149e-18,0.6283185307179586,-95,95,thymio-01
175,1788311538.8750389,1.1843204498291016,0.3697655200958252,0.9146040561599208,91.51229915415192,1.1843204498291016,0.0898819342255592,0.3697655200958252,-0.3436547219753265,-0.7599568367004395,-0.5317992568016052,0.1468217521905899,0.5595887895338463,1.0,0,0,0.1769236808819778,0.0964370123570858,500,500,thymio-01
176,1788311539.4832337,1.1843204498291016,0.3697655200958252,0.9146040561599208,91.41229915415192,1.1843204498291016,0.0898819342255592,0.3697655200958252,-0.3436547219753265,-0.7599568367004395,-0.5317992568016052,0.1468217521905899,0.5595887895338463,1.0,0,0,0.1769236808819778,0.0964370123570858,500,500,thymio-01
177,1788311540.0867803,10000.0,10000.0,0.0,91.41229915415192,1.1843204498291016,0.0898819342255592,0.3697655200958252,-0.3436547219753265,-0.7599568367004395,-0.5317992568016052,0.1468217521905899,1.0,1.0,0,0,-9.184850993605149e-18,0.6283185307179586,-95,95,thymio-01
178,1788311540.6900637,10000.0,10000.0,0.0,91.41229915415192,1.1843204498291016,0.0898819342255592,0.3697655200958252,-0.3436547219753265,-0.7599568367004395,-0.5317992568016052,0.1468217521905899,1.0,1.0,0,0,-9.184850993605149e-18,0.6283185307179586,-95,95,thymio-01
179,1788311541.2930615,1.0129280090332031,0.3837587237358093,0.7191953290095814,91.41229915415192,1.0129280090332031,0.091259941458702,0.3837587237358093,-0.4366934597492218,-0.7153643369674683,-0.4684492349624634,0.2794782817363739,1.0,1.0,0,0,0.1463713731498381,0.3187226294075851,472,500,thymio-01
180,1788311541.901016,1.0129280090332031,0.3837587237358093,0.7191953290095814,91.31229915415192,1.0129280090332031,0.091259941458702,0.3837587237358093,-0.4366934597492218,-0.7153643369674683,-0.4684492349624634,0.2794782817363739,1.0,1.0,0,0,0.1463713731498381,0.3187226294075851,472,500,thymio-01
181,1788311542.5042377,10000.0,10000.0,0.0,91.31229915415192,1.0129280090332031,0.091259941458702,0.3837587237358093,-0.4366934597492218,-0.7153643369674683,-0.4684492349624634,0.2794782817363739,1.0,1.0,0,0,-9.184850993605149e-18,0.6283185307179586,-95,95,thymio-01
182,1788311543.10782,0.8800684809684753,0.45848149061203,-0.6955656611434113,91.31229915415192,0.8800684809684753,0.0936828479170799,0.45848149061203,0.578951895236969,0.5664914846420288,0.2744536995887756,-0.5182445049285889,-0.0042303032268432,1.0,0,0,-0.0225189661461619,0.6283185307179586,-175,15,thymio-01
183,1788311543.7154698,0.8800684809684753,0.45848149061203,-0.6955656611434113,91.21229915415194,0.8800684809684753,0.0936828479170799,0.45848149061203,0.578951895236969,0.5664914846420288,0.2744536995887756,-0.5182445049285889,-0.0042303032268432,1.0,0,0,-0.0225189661461619,0.6283185307179586,-175,15,thymio-01
184,1788311544.3188326,10000.0,10000.0,0.0,91.21229915415194,0.8800684809684753,0.0936828479170799,0.45848149061203,0.578951895236969,0.5664914846420288,0.2744536995887756,-0.5182445049285889,1.0,1.0,0,0,-9.184850993605149e-18,0.6283185307179586,-95,95,thymio-01
185,1788311544.9217408,10000.0,10000.0,0.0,91.21229915415194,0.8800684809684753,0.0936828479170799,0.45848149061203,0.578951895236969,0.5664914846420288,0.2744536995887756,-0.5182445049285889,1.0,1.0,0,0,-9.184850993605149e-18,0.6283185307179586,-95,95,thymio-01
186,1788311545.5259132,0.8325471878051758,0.5769944787025452,-1.3044337428828994,91.21229915415194,0.8325471878051758,0.0948498845100402,0.5769944787025452,0.6360491514205933,0.3434956967830658,0.0492805205285549,-0.6892196536064148,0.2351535527472812,0.1376584804819505,0,0,-0.118503199938709,0.6283185307179586,-500,-326,thymio-01
187,1788311546.1335614,0.8325471878051758,0.5769944787025452,-1.3044337428828994,91.11229915415194,0.8325471878051758,0.0948498845100402,0.5769944787025452,0.6360491514205933,0.3434956967830658,0.0492805205285549,-0.6892196536064148,0.2351535527472812,0.1376584804819505,0,0,-0.118503199938709,0.6283185307179586,-500,-326,thymio-01
188,1788311546.7374375,10000.0,10000.0,0.0,91.11229915415194,0.8325471878051758,0.0948498845100402,0.5769944787025452,0.6360491514205933,0.3434956967830658,0.0492805205285549,-0.6892196536064148,1.0,1.0,0,0,-9.184850993605149e-18,0.6283185307179586,-95,95,thymio-01
189,1788311547.3410602,0.8244906067848206,0.5224842429161072,-1.309921759601971,91.11229915415194,0.8244906067848206,0.094038613140583,0.5224842429161072,-0.5463355779647827,0.1198752000927925,0.3247905075550079,0.7626653909683228,0.2993885707340704,0.798753178537907,0,0,-0.0929821226523041,0.6283185307179586,-425,-235,thymio-01
190,1788311547.950193,0.8244906067848206,0.5224842429161072,-1.309921759601971,91.01229915415196,0.8244906067848206,0.094038613140583,0.5224842429161072,-0.5463355779647827,0.1198752000927925,0.3247905075550079,0.7626653909683228,0.2993885707340704,0.798753178537907,0,0,-0.0929821226523041,0.6283185307179586,-425,-235,thymio-01
191,1788311548.5535505,10000.0,10000.0,0.0,91.01229915415196,0.8244906067848206,0.094038613140583,0.5224842429161072,-0.5463355779647827,0.1198752000927925,0.3247905075550079,0.7626653909683228,1.0,1.0,0,0,-9.184850993605149e-18,0.6283185307179586,-95,95,thymio-01
192,1788311549.1565392,0.6245498657226562,0.5988514423370361,0.5532840731103206,91.01229915415196,0.6245498657226562,0.0968592688441276,0.5988514423370361,0.2283479124307632,-0.5647357106208801,-0.5903907418251038,-0.529499351978302,-0.0864778681502966,1.0,0,0,0.1610333085492502,0.6283185307179586,477,500,thymio-01
193,1788311549.7639685,0.6245498657226562,0.5988514423370361,0.5532840731103206,90.91229915415197,0.6245498657226562,0.0968592688441276,0.5988514423370361,0.2283479124307632,-0.5647357106208801,-0.5903907418251038,-0.529499351978302,-0.0864778681502966,1.0,0,0,0.1610333085492502,0.6283185307179586,477,500,thymio-01
194,1788311550.3670342,10000.0,10000.0,0.0,90.91229915415197,0.6245498657226562,0.0968592688441276,0.5988514423370361,0.2283479124307632,-0.5647357106208801,-0.5903907418251038,-0.529499351978302,1.0,1.0,0,0,-9.184850993605149e-18,0.6283185307179586,-95,95,thymio-01
195,1788311550.9717927,0.5907471776008606,0.68357914686203,-3.1157760281340563,90.91229915415197,0.5907471776008606,0.0976069122552871,0.68357914686203,-0.4319670498371124,-0.2922500669956207,0.602857232093811,-0.6037861108779907,1.0,-0.0787322363665212,0,0,-0.0937345693765939,-0.6283185307179586,-238,-428,thymio-01
1,1788311433.4921286,10000.0,10000.0,0.0,100.0,3.460279703140259,0.0852193459868431,1.3997714519500732,-0.5634292364120483,0.037445317953825,0.2569220066070556,0.7843064069747925,1.0,1.0,0,0,-9.184850993605149e-18,0.6283185307179586,-95,95,thymio-07
2,1788311434.0966663,2.7667770385742188,0.1234665960073471,-0.4069806689887905,100.0,2.7667770385742188,0.0773830041289329,0.1234665960073471,-0.2356658577919006,0.5576184988021851,0.5656237006187439,0.5599938631057739,1.0,-0.65436592211721,0,0,0.1498897986177631,0.6283185307179586,438,500,thymio-07
3,1788311434.704894,2.7667770385742188,0.1234665960073471,-0.4069806689887905,99.9,2.7667770385742188,0.0773830041289329,0.1234665960073471,-0.2356658577919006,0.5576184988021851,0.5656237006187439,0.5599938631057739,1.0,-0.65436592211721,0,0,0.1498897986177631,0.6283185307179586,438,500,thymio-07
4,1788311435.3141663,2.7508866786956787,0.1353335827589035,0.0009376863418673,99.8,2.7508866786956787,0.0782703310251236,0.1353335827589035,-0.1137068420648574,0.6662793755531311,0.596001148223877,0.4335035681724548,1.0,-0.63285265680942,0,0,0.0417966159813065,0.6283185307179586,54,243,thymio-07
5,1788311435.9224174,2.7508866786956787,0.1353335827589035,0.0009376863418673,99.70000000000002,2.7508866786956787,0.0782703310251236,0.1353335827589035,-0.1137068420648574,0.6662793755531311,0.596001148223877,0.4335035681724548,1.0,-0.63285265680942,0,0,0.0417966159813065,0.6283185307179586,54,243,thymio-07
6,1788311436.5264847,10000.0,10000.0,0.0,99.70000000000002,2.7508866786956787,0.0782703310251236,0.1353335827589035,-0.1137068420648574,0.6662793755531311,0.596001148223877,0.4335035681724548,1.0,1.0,0,0,0.03,0.6283185307179586,12,201,thymio-07
7,1788311437.129451,2.5962400436401367,0.2519132196903229,0.1604917199653006,99.70000000000002,2.5962400436401367,0.0805169641971588,0.2519132196903229,0.0819876044988632,0.7720174193382263,0.5964080095291138,0.2038739919662475,1.0,-0.508938603896103,0,0,0.05,0.6283185307179586,83,273,thymio-07
8,1788311437.7371027,2.5962400436401367,0.2519132196903229,0.1604917199653006,99.60000000000002,2.5962400436401367,0.0805169641971588,0.2519132196903229,0.0819876044988632,0.7720174193382263,0.5964080095291138,0.2038739919662475,1.0,-0.508938603896103,0,0,0.2,0.6283185307179586,500,500,thymio-07
9,1788311438.340414,10000.0,10000.0,0.0,99.60000000000002,2.5962400436401367,0.0805169641971588,0.2519132196903229,0.0819876044988632,0.7720174193382263,0.5964080095291138,0.2038739919662475,1.0,1.0,0,0,-9.184850993605149e-18,0.6283185307179586,-95,95,thymio-07
10,1788311438.944018,10000.0,10000.0,0.0,99.60000000000002,2.5962400436401367,0.0805169641971588,0.2519132196903229,0.0819876044988632,0.7720174193382263,0.5964080095291138,0.2038739919662475,1.0,1.0,0,0,-9.184850993605149e-18,0.6283185307179586,-95,95,thymio-07
11,1788311439.54696,2.6441707611083984,0.365226000547409,-0.0728526896775867,99.60000000000002,2.6441707611083984,0.0808352306485176,0.365226000547409,0.409645140171051,0.7483443021774292,0.4475623667240143,-0.2680667042732239,1.0,-0.4381158750319428,0,0,0.2,0.6283185307179586,500,500,thymio-07
12,1788311440.1558287,2.6441707611083984,0.365226000547409,-0.0728526896775867,99.50000000000004,2.6441707611083984,0.0808352306485176,0.365226000547409,0.409645140171051,0.7483443021774292,0.4475623667240143,-0.2680667042732239,1.0,-0.4381158750319428,0,0,0.2,0.6283185307179586,500,500,thymio-07
13,1788311440.7593398,10000.0,10000.0,0.0,99.50000000000004,2.6441707611083984,0.0808352306485176,0.365226000547409,0.409645140171051,0.7483443021774292,0.4475623667240143,-0.2680667042732239,1.0,1.0,0,0,-9.184850993605149e-18,0.6283185307179586,-95,95,thymio-07
14,1788311441.3640258,2.692885160446167,0.4059610962867737,-1.1887255251348248,99.50000000000004,2.692885160446167,0.0802748873829841,0.4059610962867737,0.5328415036201477,0.6205562353134155,0.2888079285621643,-0.4975741505622864,1.0,1.0,0,0,-0.2,0.6283185307179586,-500,-500,thymio-07
15,1788311441.9725604,2.692885160446167,0.4059610962867737,-1.1887255251348248,99.40000000000003,2.692885160446167,0.0802748873829841,0.4059610962867737,0.5328415036201477,0.6205562353134155,0.2888079285621643,-0.4975741505622864,1.0,1.0,0,0,-0.2,0.6283185307179586,-500,-500,thymio-07
16,1788311442.580204,2.8053832054138184,0.433609127998352,-2.0191702106812675,99.30000000000004,2.8053832054138184,0.0796454772353172,0.433609127998352,0.5908076167106628,0.4548079073429107,0.1418821215629577,-0.651126503944397,-0.4208881461073365,1.0,0,0,-0.2,0.6283185307179586,-500,-500,thymio-07
17,1788311443.1878302,2.8053832054138184,0.433609127998352,-2.0191702106812675,99.20000000000005,2.8053832054138184,0.0796454772353172,0.433609127998352,0.5908076167106628,0.4548079073429107,0.1418821215629577,-0.651126503944397,-0.4208881461073365,1.0,0,0,-0.2,0.6283185307179586,-500,-500,thymio-07
18,1788311443.791655,10000.0,10000.0,0.0,99.20000000000005,2.8053832054138184,0.0796454772353172,0.433609127998352,0.5908076167106628,0.4548079073429107,0.1418821215629577,-0.651126503944397,1.0,1.0,0,0,-9.184850993605149e-18,0.6283185307179586,-95,95,thymio-07
19,1788311444.3953836,10000.0,10000.0,0.0,99.20000000000005,2.8053832054138184,0.0796454772353172,0.433609127998352,0.5908076167106628,0.4548079073429107,0.1418821215629577,-0.651126503944397,1.0,1.0,0,0,-9.184850993605149e-18,0.6283185307179586,-95,95,thymio-07
20,1788311444.9985728,2.608513116836548,0.5102116465568542,-2.017953291898717,99.20000000000005,2.608513116836548,0.0820236727595329,0.5102116465568542,0.5921176671981812,0.4526787996292114,0.1363885551691055,-0.6525923013687134,-0.2399757137029614,1.0,0,0,-0.0439517658132643,-0.6283185307179586,-61,-251,thymio-07
21,1788311445.6065464,2.608513116836548,0.5102116465568542,-2.017953291898717,99.10000000000004,2.608513116836548,0.0820236727595329,0.5102116465568542,0.5921176671981812,0.4526787996292114,0.1363885551691055,-0.6525923013687134,-0.2399757137029614,1.0,0,0,-0.0439517658132643,-0.6283185307179586,-61,-251,thymio-07
22,1788311446.2144594,2.550381898880005,0.5205974578857422,-2.2191495203300144,98.71300542268106,2.550381898880005,0.0827513337135315,0.5205974578857422,0.6092726588249207,0.180580735206604,-0.0911208763718605,-0.7667297124862671,-0.2384756626702942,1.0,0,0,0.0019515687366609,-0.6283185307179586,102,-88,thymio-07
23,1788311446.8226433,2.550381898880005,0.5205974578857422,-2.2191495203300144,98.61300542268108,2.550381898880005,0.0827513337135315,0.5205974578857422,0.6092726588249207,0.180580735206604,-0.0911208763718605,-0.7667297124862671,-0.2384756626702942,1.0,0,0,0.0019515687366609,-0.6283185307179586,102,-88,thymio-07
24,1788311447.4262354,10000.0,10000.0,0.0,98.61300542268108,2.550381898880005,0.0827513337135315,0.5205974578857422,0.6092726588249207,0.180580735206604,-0.0911208763718605,-0.7667297124862671,1.0,1.0,0,0,-9.184850993605149e-18,0.6283185307179586,-95,95,thymio-07
25,1788311448.0300071,2.5028891563415527,0.5825592279434204,-1.0659732718541703,98.61300542268108,2.5028891563415527,0.0838149115443229,0.5825592279434204,0.5261936187744141,0.6294251680374146,0.3094539642333984,-0.4808143973350525,1.0,1.0,0,0,-0.1613402933269499,-0.6283185307179586,-478,-500,thymio-07
26,1788311448.6378114,2.5028891563415527,0.5825592279434204,-1.0659732718541703,98.51300542268108,2.5028891563415527,0.0838149115443229,0.5825592279434204,0.5261936187744141,0.6294251680374146,0.3094539642333984,-0.4808143973350525,1.0,1.0,0,0,-0.1613402933269499,-0.6283185307179586,-478,-500,thymio-07
27,1788311449.2412758,10000.0,10000.0,0.0,98.51300542268108,2.5028891563415527,0.0838149115443229,0.5825592279434204,0.5261936187744141,0.6294251680374146,0.3094539642333984,-0.4808143973350525,1.0,1.0,0,0,-9.184850993605149e-18,0.6283185307179586,-95,95,thymio-07
28,1788311449.8457644,10000.0,10000.0,0.0,98.51300542268108,2.5028891563415527,0.0838149115443229,0.5825592279434204,0.5261936187744141,0.6294251680374146,0.3094539642333984,-0.4808143973350525,1.0,1.0,0,0,-9.184850993605149e-18,0.6283185307179586,-95,95,thymio-07
29,1788311450.4492328,2.371255397796631,0.5713366270065308,-1.4414636167491308,98.51300542268108,2.371255397796631,0.0845090895891189,0.5713366270065308,0.5512088537216187,0.5902443528175354,0.2607475817203522,-0.5289528965950012,1.0,1.0,0,0,-0.1225822275966933,-0.6283185307179586,-341,-500,thymio-07
30,1788311451.057593,2.371255397796631,0.5713366270065308,-1.4414636167491308,98.41300542268108,2.371255397796631,0.0845090895891189,0.5713366270065308,0.5512088537216187,0.5902443528175354,0.2607475817203522,-0.5289528965950012,1.0,1.0,0,0,-0.1225822275966933,-0.6283185307179586,-341,-500,thymio-07
31,1788311451.6615536,10000.0,10000.0,0.0,98.41300542268108,2.371255397796631,0.0845090895891189,0.5713366270065308,0.5512088537216187,0.5902443528175354,0.2607475817203522,-0.5289528965950012,1.0,1.0,0,0,-9.184850993605149e-18,0.6283185307179586,-95,95,thymio-07
32,1788311452.2657776,2.3406660556793213,0.5611816048622131,-2.052465441213533,98.41300542268108,2.3406660556793213,0.0849639698863029,0.5611816048622131,0.6083081364631653,0.4162734448909759,0.0934697836637497,-0.6692840456962585,-0.2823640883890566,1.0,0,0,-0.0580714500368499,-0.6283185307179586,-111,-301,thymio-07
33,1788311452.8736968,2.3406660556793213,0.5611816048622131,-2.052465441213533,98.31300542268109,2.3406660556793213,0.0849639698863029,0.5611816048622131,0.6083081364631653,0.4162734448909759,0.0934697836637497,-0.6692840456962585,-0.2823640883890566,1.0,0,0,-0.0580714500368499,-0.6283185307179586,-111,-301,thymio-07
34,1788311453.4769316,10000.0,10000.0,0.0,98.31300542268109,2.3406660556793213,0.0849639698863029,0.5611816048622131,0.6083081364631653,0.4162734448909759,0.0934697836637497,-0.6692840456962585,1.0,1.0,0,0,-9.184850993605149e-18,0.6283185307179586,-95,95,thymio-07
35,1788311454.0810938,2.2068488597869877,0.6414136290550232,-2.133680994089271,98.31300542268109,2.2068488597869877,0.0864213332533836,0.6414136290550232,0.6143619418144226,0.35109344124794,0.0432107672095298,-0.7052841186523438,-0.1433028943434702,1.0,0,0,-0.0337592344461898,-0.6283185307179586,-25,-215,thymio-07
36,1788311454.688516,2.2068488597869877,0.6414136290550232,-2.133680994089271,98.21300542268108,2.2068488597869877,0.0864213332533836,0.6414136290550232,0.6143619418144226,0.35109344124794,0.0432107672095298,-0.7052841186523438,-0.1433028943434702,1.0,0,0,-0.0337592344461898,-0.6283185307179586,-25,-215,thymio-07
37,1788311455.2962143,2.109955310821533,0.6805228590965271,-1.5641110859923009,97.6166173798614,2.109955310821533,0.0868610143661499,0.6805228590965271,0.5570163130760193,0.5734923481941223,0.2430394440889358,-0.5493370294570923,0.8013143697381062,1.0,0,0,-0.1115671460571916,-0.6283185307179586,-302,-491,thymio-07
38,1788311455.9043536,2.109955310821533,0.6805228590965271,-1.5641110859923009,97.51661737986142,2.109955310821533,0.0868610143661499,0.6805228590965271,0.5570163130760193,0.5734923481941223,0.2430394440889358,-0.5493370294570923,0.8013143697381062,1.0,0,0,-0.1115671460571916,-0.6283185307179586,-302,-491,thymio-07
39,1788311456.50798,10000.0,10000.0,0.0,97.51661737986142,2.109955310821533,0.0868610143661499,0.6805228590965271,0.5570163130760193,0.5734923481941223,0.2430394440889358,-0.5493370294570923,1.0,1.0,0,0,-9.184850993605149e-18,0.6283185307179586,-95,95,thymio-07
40,1788311457.1119068,10000.0,10000.0,0.0,97.51661737986142,2.109955310821533,0.0868610143661499,0.6805228590965271,0.5570163130760193,0.5734923481941223,0.2430394440889358,-0.5493370294570923,1.0,1.0,0,0,-9.184850993605149e-18,0.6283185307179586,-95,95,thymio-07
41,1788311457.7154248,1.971508741378784,0.595830500125885,0.0288614287831232,97.51661737986142,1.971508741378784,0.0864456892013549,0.595830500125885,0.3699547350406647,0.7685940861701965,0.4734247326850891,-0.2196945697069168,1.0,-0.2072135998949994,0,0,-0.1039224637124529,0.6283185307179586,-464,-274,thymio-07
42,1788311458.323362,1.971508741378784,0.595830500125885,0.0288614287831232,97.41661737986142,1.971508741378784,0.0864456892013549,0.595830500125885,0.3699547350406647,0.7685940861701965,0.4734247326850891,-0.2196945697069168,1.0,-0.2072135998949994,0,0,-0.1039224637124529,0.6283185307179586,-464,-274,thymio-07
43,1788311458.9269445,10000.0,10000.0,0.0,97.41661737986142,1.971508741378784,0.0864456892013549,0.595830500125885,0.3699547350406647,0.7685940861701965,0.4734247326850891,-0.2196945697069168,1.0,1.0,0,0,-9.184850993605149e-18,0.6283185307179586,-95,95,thymio-07
44,1788311459.5306458,1.9301921129226685,0.564603865146637,-1.4378135519486746,97.41661737986142,1.9301921129226685,0.0865354761481285,0.564603865146637,0.5460267066955566,0.5934627056121826,0.2541400194168091,-0.5339193344116211,0.9053537677002048,1.0,0,0,-0.1143063794873961,-0.6241945348151607,-312,-500,thymio-07
45,1788311460.1384926,1.9301921129226685,0.564603865146637,-1.4378135519486746,97.31661737986144,1.9301921129226685,0.0865354761481285,0.564603865146637,0.5460267066955566,0.5934627056121826,0.2541400194168091,-0.5339193344116211,0.9053537677002048,1.0,0,0,-0.1143063794873961,-0.6241945348151607,-312,-500,thymio-07
46,1788311460.7464476,1.786131739616394,0.6108243465423584,-2.115143564960956,96.53971862033556,1.786131739616394,0.0880140960216522,0.6108243465423584,0.6011775135993958,0.3932346701622009,0.0896998196840286,-0.6898594498634338,0.101959885306144,1.0,0,0,-0.0412609222602584,-0.6283185307179586,-52,-241,thymio-07
47,1788311461.3544726,1.786131739616394,0.6108243465423584,-2.115143564960956,96.43971862033555,1.786131739616394,0.0880140960216522,0.6108243465423584,0.6011775135993958,0.3932346701622009,0.0896998196840286,-0.6898594498634338,0.101959885306144,1.0,0,0,-0.0412609222602584,-0.6283185307179586,-52,-241,thymio-07
48,1788311461.9584017,10000.0,10000.0,0.0,96.43971862033555,1.786131739616394,0.0880140960216522,0.6108243465423584,0.6011775135993958,0.3932346701622009,0.0896998196840286,-0.6898594498634338,1.0,1.0,0,0,-9.184850993605149e-18,0.6283185307179586,-95,95,thymio-07
49,1788311462.5616884,10000.0,10000.0,0.0,96.43971862033555,1.786131739616394,0.0880140960216522,0.6108243465423584,0.6011775135993958,0.3932346701622009,0.0896998196840286,-0.6898594498634338,1.0,1.0,0,0,-9.184850993605149e-18,0.6283185307179586,-95,95,thymio-07
50,1788311463.164775,1.6837278604507446,0.6524897813796997,-1.3483284067610375,96.43971862033555,1.6837278604507446,0.0893296673893928,0.6524897813796997,0.5400350689888,0.6028212308883667,0.2727867066860199,-0.5201500654220581,0.9339380368501908,1.0,0,0,-0.1194226321671381,-0.6283185307179586,-329,-500,thymio-07
51,1788311463.7724345,1.6837278604507446,0.6524897813796997,-1.3483284067610375,96.33971862033556,1.6837278604507446,0.0893296673893928,0.6524897813796997,0.5400350689888,0.6028212308883667,0.2727867066860199,-0.5201500654220581,0.9339380368501908,1.0,0,0,-0.1194226321671381,-0.6283185307179586,-329,-500,thymio-07
52,1788311464.3760831,10000.0,10000.0,0.0,96.33971862033556,1.6837278604507446,0.0893296673893928,0.6524897813796997,0.5400350689888,0.6028212308883667,0.2727867066860199,-0.5201500654220581,1.0,1.0,0,0,-9.184850993605149e-18,0.6283185307179586,-95,95,thymio-07
53,1788311464.9793775,1.611664652824402,0.64802485704422,-1.8334967682658112,96.33971862033556,1.611664652824402,0.0899474248290062,0.64802485704422,0.5735206007957458,0.5208496451377869,0.1981440633535385,-0.600440502166748,0.2733810578748084,1.0,0,0,-0.0958448252625312,-0.5755169439746545,-254,-427,thymio-07
54,1788311465.5878909,1.611664652824402,0.64802485704422,-1.8334967682658112,96.23971862033558,1.611664652824402,0.0899474248290062,0.64802485704422,0.5735206007957458,0.5208496451377869,0.1981440633535385,-0.600440502166748,0.2733810578748084,1.0,0,0,-0.0958448252625312,-0.5755169439746545,-254,-427,thymio-07
55,1788311466.1917026,10000.0,10000.0,0.0,96.23971862033558,1.611664652824402,0.0899474248290062,0.64802485704422,0.5735206007957458,0.5208496451377869,0.1981440633535385,-0.600440502166748,1.0,1.0,0,0,-9.184850993605149e-18,0.6283185307179586,-95,95,thymio-07
56,1788311466.7952087,1.5065717697143557,0.6475909948348999,-1.8315193118887343,96.23971862033558,1.5065717697143557,0.0905618965625763,0.6475909948348999,0.5782539248466492,0.5193591117858887,0.1985277831554412,-0.5970555543899536,0.3692505597120323,1.0,0,0,-0.1174739923375733,-0.150211466085536,-395,-440,thymio-07
57,1788311467.403355,1.5065717697143557,0.6475909948348999,-1.8315193118887343,96.1397186203356,1.5065717697143557,0.0905618965625763,0.6475909948348999,0.5782539248466492,0.5193591117858887,0.1985277831554412,-0.5970555543899536,0.3692505597120323,1.0,0,0,-0.1174739923375733,-0.150211466085536,-395,-440,thymio-07
58,1788311468.011291,1.3114176988601685,0.6367460489273071,-1.5135564751513646,95.02548338002276,1.3114176988601685,0.0909221842885017,0.6367460489273071,0.5473467707633972,0.5830978751182556,0.248625174164772,-0.5464375019073486,1.0,1.0,0,0,-0.105733996628585,-0.6283185307179586,-281,-471,thymio-07
59,1788311468.6196024,1.3114176988601685,0.6367460489273071,-1.5135564751513646,94.92548338002275,1.3114176988601685,0.0909221842885017,0.6367460489273071,0.5473467707633972,0.5830978751182556,0.248625174164772,-0.5464375019073486,1.0,1.0,0,0,-0.105733996628585,-0.6283185307179586,-281,-471,thymio-07
60,1788311469.2230756,10000.0,10000.0,0.0,94.92548338002275,1.3114176988601685,0.0909221842885017,0.6367460489273071,0.5473467707633972,0.5830978751182556,0.248625174164772,-0.5464375019073486,1.0,1.0,0,0,-9.184850993605149e-18,0.6283185307179586,-95,95,thymio-07
61,1788311469.8266163,10000.0,10000.0,0.0,94.92548338002275,1.3114176988601685,0.0909221842885017,0.6367460489273071,0.5473467707633972,0.5830978751182556,0.248625174164772,-0.5464375019073486,1.0,1.0,0,0,-9.184850993605149e-18,0.6283185307179586,-95,95,thymio-07
62,1788311470.42972,1.0912472009658811,0.5714316964149475,-0.1145926016533724,94.92548338002275,1.0912472009658811,0.0922729969024658,0.5714316964149475,0.4204508066177368,0.7423197627067566,0.4317790865898132,-0.2928299903869629,1.0,-0.1602605693751753,0,0,-0.0832789321339456,0.6283185307179586,-391,-201,thymio-07
63,1788311471.0379696,1.0912472009658811,0.5714316964149475,-0.1145926016533724,94.82548338002276,1.0912472009658811,0.0922729969024658,0.5714316964149475,0.4204508066177368,0.7423197627067566,0.4317790865898132,-0.2928299903869629,1.0,-0.1602605693751753,0,0,-0.0832789321339456,0.6283185307179586,-391,-201,thymio-07
64,1788311471.641839,10000.0,10000.0,0.0,94.82548338002276,1.0912472009658811,0.0922729969024658,0.5714316964149475,0.4204508066177368,0.7423197627067566,0.4317790865898132,-0.2928299903869629,1.0,1.0,0,0,-9.184850993605149e-18,0.6283185307179586,-95,95,thymio-07
65,1788311472.2453408,1.0518327951431274,0.5632754564285278,-1.916589668128014,94.82548338002276,1.0518327951431274,0.0920216143131256,0.5632754564285278,0.5840470790863037,0.4928458333015442,0.1668672561645507,-0.6230148077011108,0.6293979123328797,1.0,0,0,-0.061901729372467,-0.6283185307179586,-125,-315,thymio-07
66,1788311472.8536055,1.0518327951431274,0.5632754564285278,-1.916589668128014,94.72548338002277,1.0518327951431274,0.0920216143131256,0.5632754564285278,0.5840470790863037,0.4928458333015442,0.1668672561645507,-0.6230148077011108,0.6293979123328797,1.0,0,0,-0.061901729372467,-0.6283185307179586,-125,-315,thymio-07
67,1788311473.457198,10000.0,10000.0,0.0,94.72548338002277,1.0518327951431274,0.0920216143131256,0.5632754564285278,0.5840470790863037,0.4928458333015442,0.1668672561645507,-0.6230148077011108,1.0,1.0,0,0,-9.184850993605149e-18,0.6283185307179586,-95,95,thymio-07
68,1788311474.060983,10000.0,10000.0,0.0,94.72548338002277,1.0518327951431274,0.0920216143131256,0.5632754564285278,0.5840470790863037,0.4928458333015442,0.1668672561645507,-0.6230148077011108,1.0,1.0,0,0,-9.184850993605149e-18,0.6283185307179586,-95,95,thymio-07
69,1788311474.6642258,0.9532468318939208,0.6296188831329346,-2.09700484605437,94.72548338002277,0.9532468318939208,0.0935933142900466,0.6296188831329346,0.6029943227767944,0.3939229249954223,0.0790842324495315,-0.6891794800758362,-0.0613372549259819,1.0,0,0,-0.0447973185130661,-0.6283185307179586,-64,-254,thymio-07
70,1788311475.272045,0.9532468318939208,0.6296188831329346,-2.09700484605437,94.62548338002276,0.9532468318939208,0.0935933142900466,0.6296188831329346,0.6029943227767944,0.3939229249954223,0.0790842324495315,-0.6891794800758362,-0.0613372549259819,1.0,0,0,-0.0447973185130661,-0.6283185307179586,-64,-254,thymio-07
71,1788311475.880469,0.9157797694206238,0.6534922122955322,-2.216008649727172,94.41649669061192,0.9157797694206238,0.0945819467306137,0.6534922122955322,0.6012833714485168,0.2784937918186188,0.0005244927597232,-0.7489320635795593,-0.1085267314950141,1.0,0,0,-0.0302643161623277,-0.6283185307179586,-13,-202,thymio-07
72,1788311476.4886415,0.9157797694206238,0.6534922122955322,-2.216008649727172,94.31649669061191,0.9157797694206238,0.0945819467306137,0.6534922122955322,0.6012833714485168,0.2784937918186188,0.0005244927597232,-0.7489320635795593,-0.1085267314950141,1.0,0,0,-0.0302643161623277,-0.6283185307179586,-13,-202,thymio-07
73,1788311477.092082,10000.0,10000.0,0.0,94.31649669061191,0.9157797694206238,0.0945819467306137,0.6534922122955322,0.6012833714485168,0.2784937918186188,0.0005244927597232,-0.7489320635795593,1.0,1.0,0,0,-9.184850993605149e-18,0.6283185307179586,-95,95,thymio-07
74,1788311477.695085,0.8294674754142761,0.6923285126686096,-0.5816955536840696,94.31649669061191,0.8294674754142761,0.0949960723519325,0.6923285126686096,0.4868124127388,0.6800099611282349,0.3518610298633575,-0.4204687476158142,1.0,1.0,0,0,-0.110274012916554,0.4030214465084306,-453,-331,thymio-07
75,1788311478.3029642,0.8294674754142761,0.6923285126686096,-0.5816955536840696,94.21649669061192,0.8294674754142761,0.0949960723519325,0.6923285126686096,0.4868124127388,0.6800099611282349,0.3518610298633575,-0.4204687476158142,1.0,1.0,0,0,-0.110274012916554,0.4030214465084306,-453,-331,thymio-07
76,1788311478.906288,10000.0,10000.0,0.0,94.21649669061192,0.8294674754142761,0.0949960723519325,0.6923285126686096,0.4868124127388,0.6800099611282349,0.3518610298633575,-0.4204687476158142,1.0,1.0,0,0,-9.184850993605149e-18,0.6283185307179586,-95,95,thymio-07
77,1788311479.5096507,10000.0,10000.0,0.0,94.21649669061192,0.8294674754142761,0.0949960723519325,0.6923285126686096,0.4868124127388,0.6800099611282349,0.3518610298633575,-0.4204687476158142,1.0,1.0,0,0,-9.184850993605149e-18,0.6283185307179586,-95,95,thymio-07
78,1788311480.1131089,0.786526083946228,0.6818438768386841,-1.567547900248648,94.21649669061192,0.786526083946228,0.0948765277862548,0.6818438768386841,0.5586193203926086,0.5732079744338989,0.2373163104057312,-0.5505070686340332,0.4308911398482884,1.0,0,0,-0.0932153285730515,-0.6276501468877437,-236,-426,thymio-07
79,1788311480.7214584,0.786526083946228,0.6818438768386841,-1.567547900248648,94.11649669061192,0.786526083946228,0.0948765277862548,0.6818438768386841,0.5586193203926086,0.5732079744338989,0.2373163104057312,-0.5505070686340332,0.4308911398482884,1.0,0,0,-0.0932153285730515,-0.6276501468877437,-236,-426,thymio-07
80,1788311481.3253791,10000.0,10000.0,0.0,94.11649669061192,0.786526083946228,0.0948765277862548,0.6818438768386841,0.5586193203926086,0.5732079744338989,0.2373163104057312,-0.5505070686340332,1.0,1.0,0,0,-9.184850993605149e-18,0.6283185307179586,-95,95,thymio-07
81,1788311481.9285955,0.6800574064254761,0.6941552758216858,-2.233770664313899,94.11649669061192,0.6800574064254761,0.0970368832349777,0.6941552758216858,0.5963015556335449,0.2249413132667541,-0.0438068062067031,-0.7693548202514648,-0.2248971802044777,1.0,0,0,-0.0403733043265869,-0.6283185307179586,-49,-238,thymio-07
82,1788311482.5374787,0.6800574064254761,0.6941552758216858,-2.233770664313899,94.01649669061192,0.6800574064254761,0.0970368832349777,0.6941552758216858,0.5963015556335449,0.2249413132667541,-0.0438068062067031,-0.7693548202514648,-0.2248971802044777,1.0,0,0,-0.0403733043265869,-0.6283185307179586,-49,-238,thymio-07
83,1788311483.1408615,10000.0,10000.0,0.0,94.01649669061192,0.6800574064254761,0.0970368832349777,0.6941552758216858,0.5963015556335449,0.2249413132667541,-0.0438068062067031,-0.7693548202514648,1.0,1.0,0,0,-9.184850993605149e-18,0.6283185307179586,-95,95,thymio-07
84,1788311483.744733,0.582504391670227,0.7850508093833923,-2.086548071501384,94.01649669061192,0.582504391670227,0.0976279228925705,0.7850508093833923,0.5978310704231262,0.4102010130882263,0.0978255867958068,-0.6817355155944824,-0.1566334296293609,1.0,0,0,-0.0463398766839123,-0.6283185307179586,-70,-260,thymio-07
85,1788311484.352699,0.582504391670227,0.7850508093833923,-2.086548071501384,93.91649669061194,0.582504391670227,0.0976279228925705,0.7850508093833923,0.5978310704231262,0.4102010130882263,0.0978255867958068,-0.6817355155944824,-0.1566334296293609,1.0,0,0,-0.0463398766839123,-0.6283185307179586,-70,-260,thymio-07
86,1788311484.956177,10000.0,10000.0,0.0,93.91649669061194,0.582504391670227,0.0976279228925705,0.7850508093833923,0.5978310704231262,0.4102010130882263,0.0978255867958068,-0.6817355155944824,1.0,1.0,0,0,-9.184850993605149e-18,0.6283185307179586,-95,95,thymio-07
87,1788311485.5594792,0.5138556361198425,0.8058589100837708,-1.648200741474562,93.91649669061194,0.5138556361198425,0.0989281982183456,0.8058589100837708,0.5564362406730652,0.561369001865387,0.233490377664566,-0.5663266777992249,-0.1860199250418359,1.0,0,0,-0.0768719152889037,-0.5150482228816152,-195,-351,thymio-07
88,1788311486.167554,0.5138556361198425,0.8058589100837708,-1.648200741474562,93.81649669061194,0.5138556361198425,0.0989281982183456,0.8058589100837708,0.5564362406730652,0.561369001865387,0.233490377664566,-0.5663266777992249,-0.1860199250418359,1.0,0,0,-0.0768719152889037,-0.5150482228816152,-195,-351,thymio-07
89,1788311486.7769182,0.4719019532203674,0.799349308013916,-1.3533539067524962,93.58940435478232,0.4719019532203674,0.0986009836196899,0.799349308013916,0.5441128015518188,0.6019183397293091,0.2705618441104889,-0.5181042551994324,0.4954195702258579,1.0,0,0,-0.0850818419721796,-0.274087760847666,-261,-344,thymio-07
90,1788311487.3848882,0.4719019532203674,0.799349308013916,-1.3533539067524962,93.48940435478234,0.4719019532203674,0.0986009836196899,0.799349308013916,0.5441128015518188,0.6019183397293091,0.2705618441104889,-0.5181042551994324,0.4954195702258579,1.0,0,0,-0.0850818419721796,-0.274087760847666,-261,-344,thymio-07
91,1788311487.988193,10000.0,10000.0,0.0,93.48940435478234,0.4719019532203674,0.0986009836196899,0.799349308013916,0.5441128015518188,0.6019183397293091,0.2705618441104889,-0.5181042551994324,1.0,1.0,0,0,-9.184850993605149e-18,0.6283185307179586,-95,95,thymio-07
92,1788311488.5922234,0.3053303956985473,0.7068086862564087,-0.0293839005878586,93.48940435478234,0.3053303956985473,0.0992925986647605,0.7068086862564087,0.3941605985164642,0.7570121884346008,0.4630642533302307,-0.2390434294939041,1.0,1.0,0,0,-0.0410875951130046,0.6283185307179586,-241,-51,thymio-07
93,1788311489.2002285,0.3053303956985473,0.7068086862564087,-0.0293839005878586,93.38940435478234,0.3053303956985473,0.0992925986647605,0.7068086862564087,0.3941605985164642,0.7570121884346008,0.4630642533302307,-0.2390434294939041,1.0,1.0,0,0,-0.0410875951130046,0.6283185307179586,-241,-51,thymio-07
94,1788311489.8037465,10000.0,10000.0,0.0,93.38940435478234,0.3053303956985473,0.0992925986647605,0.7068086862564087,0.3941605985164642,0.7570121884346008,0.4630642533302307,-0.2390434294939041,1.0,1.0,0,0,-9.184850993605149e-18,0.6283185307179586,-95,95,thymio-07
95,1788311490.4066925,0.2579531073570251,0.6516578197479248,-1.2236426775688942,93.38940435478234,0.2579531073570251,0.0988498479127883,0.6516578197479248,0.5373339653015137,0.6163998246192932,0.2854320406913757,-0.4998520612716675,0.4828307576468484,1.0,0,0,-0.0969481627261111,0.0249085371043416,-348,-341,thymio-07
96,1788311491.014271,0.2579531073570251,0.6516578197479248,-1.2236426775688942,93.28940435478236,0.2579531073570251,0.0988498479127883,0.6516578197479248,0.5373339653015137,0.6163998246192932,0.2854320406913757,-0.4998520612716675,0.4828307576468484,1.0,0,0,-0.0969481627261111,0.0249085371043416,-348,-341,thymio-07
97,1788311491.6180146,10000.0,10000.0,0.0,93.28940435478236,0.2579531073570251,0.0988498479127883,0.6516578197479248,0.5373339653015137,0.6163998246192932,0.2854320406913757,-0.4998520612716675,1.0,1.0,0,0,-9.184850993605149e-18,0.6283185307179586,-95,95,thymio-07
98,1788311492.2211766,0.1879108250141143,0.672028660774231,-2.084073516947948,93.28940435478236,0.1879108250141143,0.1005057245492935,0.672028660774231,0.603979229927063,0.4045169949531555,0.0901140496134758,-0.680774986743927,-0.2544194216294698,1.0,0,0,-0.0684063552423604,-0.6283185307179586,-148,-338,thymio-07
99,1788311492.8299265,0.1879108250141143,0.672028660774231,-2.084073516947948,93.18940435478235,0.1879108250141143,0.1005057245492935,0.672028660774231,0.603979229927063,0.4045169949531555,0.0901140496134758,-0.680774986743927,-0.2544194216294698,1.0,0,0,-0.0684063552423604,-0.6283185307179586,-148,-338,thymio-07
100,1788311493.4333658,10000.0,10000.0,0.0,93.18940435478235,0.1879108250141143,0.1005057245492935,0.672028660774231,0.603979229927063,0.4045169949531555,0.0901140496134758,-0.680774986743927,1.0,1.0,0,0,-9.184850993605149e-18,0.6283185307179586,-95,95,thymio-07
101,1788311494.0370083,10000.0,10000.0,0.0,93.18940435478235,0.1879108250141143,0.1005057245492935,0.672028660774231,0.603979229927063,0.4045169949531555,0.0901140496134758,-0.680774986743927,1.0,1.0,0,0,-9.184850993605149e-18,0.6283185307179586,-95,95,thymio-07
102,1788311494.6407363,0.0697763636708259,0.7486878633499146,-2.006407097653773,93.18940435478235,0.0697763636708259,0.1017817258834838,0.7486878633499146,0.5896968841552734,0.4601889252662658,0.1450599282979965,-0.647642970085144,-0.2398178801231728,1.0,0,0,-0.0729778446508732,-0.6283185307179586,-164,-354,thymio-07
103,1788311495.248708,0.0697763636708259,0.7486878633499146,-2.006407097653773,93.08940435478236,0.0697763636708259,0.1017817258834838,0.7486878633499146,0.5896968841552734,0.4601889252662658,0.1450599282979965,-0.647642970085144,-0.2398178801231728,1.0,0,0,-0.0729778446508732,-0.6283185307179586,-164,-354,thymio-07
104,1788311495.856993,0.0332927219569683,0.7600017786026001,-2.172563473275633,92.87062460416502,0.0332927219569683,0.1024698466062545,0.7600017786026001,0.6060203313827515,0.2908366918563843,-0.0124395759776234,-0.7402693629264832,-0.3040954163757476,1.0,0,0,-0.0951191300770478,-0.6283185307179586,-243,-433,thymio-07
105,1788311496.465037,0.0332927219569683,0.7600017786026001,-2.172563473275633,92.77062460416502,0.0332927219569683,0.1024698466062545,0.7600017786026001,0.6060203313827515,0.2908366918563843,-0.0124395759776234,-0.7402693629264832,-0.3040954163757476,1.0,0,0,-0.0951191300770478,-0.6283185307179586,-243,-433,thymio-07
106,1788311497.0686238,10000.0,10000.0,0.0,92.77062460416502,0.0332927219569683,0.1024698466062545,0.7600017786026001,0.6060203313827515,0.2908366918563843,-0.0124395759776234,-0.7402693629264832,1.0,1.0,0,0,-9.184850993605149e-18,0.6283185307179586,-95,95,thymio-07
107,1788311497.6721146,10000.0,10000.0,0.0,92.77062460416502,0.0332927219569683,0.1024698466062545,0.7600017786026001,0.6060203313827515,0.2908366918563843,-0.0124395759776234,-0.7402693629264832,1.0,1.0,0,0,-9.184850993605149e-18,0.6283185307179586,-95,95,thymio-07
108,1788311498.2752838,-0.1551148295402526,0.8085034489631653,-0.639455683022411,92.77062460416502,-0.1551148295402526,0.1043436154723167,0.8085034489631653,0.4934360384941101,0.6697758436203003,0.3515755534172058,-0.4293203949928283,1.0,1.0,0,0,-0.0844675919807489,0.6283185307179586,-395,-205,thymio-07
109,1788311498.883326,-0.1551148295402526,0.8085034489631653,-0.639455683022411,92.67062460416504,-0.1551148295402526,0.1043436154723167,0.8085034489631653,0.4934360384941101,0.6697758436203003,0.3515755534172058,-0.4293203949928283,1.0,1.0,0,0,-0.0844675919807489,0.6283185307179586,-395,-205,thymio-07
110,1788311499.4921193,-0.205726757645607,0.7960003614425659,-2.039267589503909,92.3338160783202,-0.205726757645607,0.1043496206402778,0.7960003614425659,0.5933739542961121,0.4395505785942077,0.1211755275726318,-0.6633394956588745,-0.3730133828673091,1.0,0,0,-0.1971840954267377,-0.2937837086691371,-500,-500,thymio-07
111,1788311500.1001072,-0.205726757645607,0.7960003614425659,-2.039267589503909,92.2338160783202,-0.205726757645607,0.1043496206402778,0.7960003614425659,0.5933739542961121,0.4395505785942077,0.1211755275726318,-0.6633394956588745,-0.3730133828673091,1.0,0,0,-0.1971840954267377,-0.2937837086691371,-500,-500,thymio-07
112,1788311500.703685,10000.0,10000.0,0.0,92.2338160783202,-0.205726757645607,0.1043496206402778,0.7960003614425659,0.5933739542961121,0.4395505785942077,0.1211755275726318,-0.6633394956588745,1.0,1.0,0,0,-9.184850993605149e-18,0.6283185307179586,-95,95,thymio-07
113,1788311501.3069673,-0.3321461677551269,0.9190808534622192,-2.1886245892027016,92.2338160783202,-0.3321461677551269,0.1052801385521888,0.9190808534622192,0.6034621000289917,0.266308844089508,-0.029746888205409,-0.7510181665420532,-0.2504194920508533,1.0,0,0,-0.0696460044512002,-0.6283185307179586,-153,-342,thymio-07
114,1788311501.914476,-0.3321461677551269,0.9190808534622192,-2.1886245892027016,92.1338160783202,-0.3321461677551269,0.1052801385521888,0.9190808534622192,0.6034621000289917,0.266308844089508,-0.029746888205409,-0.7510181665420532,-0.2504194920508533,1.0,0,0,-0.0696460044512002,-0.6283185307179586,-153,-342,thymio-07
115,1788311502.5181904,10000.0,10000.0,0.0,92.1338160783202,-0.3321461677551269,0.1052801385521888,0.9190808534622192,0.6034621000289917,0.266308844089508,-0.029746888205409,-0.7510181665420532,1.0,1.0,0,0,-9.184850993605149e-18,0.6283185307179586,-95,95,thymio-07
116,1788311503.1220944,-0.4343374073505401,1.058631420135498,-2.1187072860948435,92.1338160783202,-0.4343374073505401,0.1069220826029777,1.058631420135498,0.6009461283683777,0.3862617015838623,0.0797918513417244,-0.6951970458030701,-0.2104786835836627,1.0,0,0,-0.0478815748955643,-0.6283185307179586,-75,-265,thymio-07
117,1788311503.7304292,-0.4343374073505401,1.058631420135498,-2.1187072860948435,92.0338160783202,-0.4343374073505401,0.1069220826029777,1.058631420135498,0.6009461283683777,0.3862617015838623,0.0797918513417244,-0.6951970458030701,-0.2104786835836627,1.0,0,0,-0.0478815748955643,-0.6283185307179586,-75,-265,thymio-07
118,1788311504.3341398,10000.0,10000.0,0.0,92.0338160783202,-0.4343374073505401,0.1069220826029777,1.058631420135498,0.6009461283683777,0.3862617015838623,0.0797918513417244,-0.6951970458030701,1.0,1.0,0,0,-9.184850993605149e-18,0.6283185307179586,-95,95,thymio-07
119,1788311504.9384756,-0.4561097621917724,1.0773005485534668,-2.152320774450313,92.0338160783202,-0.4561097621917724,0.1070377677679061,1.0773005485534668,0.6004334092140198,0.3544121980667114,0.0527748316526412,-0.7149032354354858,-0.2291117711076785,1.0,0,0,-0.0463783032210477,-0.6283185307179586,-70,-260,thymio-07
120,1788311505.546709,-0.4561097621917724,1.0773005485534668,-2.152320774450313,91.93381607832022,-0.4561097621917724,0.1070377677679061,1.0773005485534668,0.6004334092140198,0.3544121980667114,0.0527748316526412,-0.7149032354354858,-0.2291117711076785,1.0,0,0,-0.0463783032210477,-0.6283185307179586,-70,-260,thymio-07
121,1788311506.150684,10000.0,10000.0,0.0,91.93381607832022,-0.4561097621917724,0.1070377677679061,1.0773005485534668,0.6004334092140198,0.3544121980667114,0.0527748316526412,-0.7149032354354858,1.0,1.0,0,0,-9.184850993605149e-18,0.6283185307179586,-95,95,thymio-07
122,1788311506.754141,10000.0,10000.0,0.0,91.93381607832022,-0.4561097621917724,0.1070377677679061,1.0773005485534668,0.6004334092140198,0.3544121980667114,0.0527748316526412,-0.7149032354354858,1.0,1.0,0,0,-9.184850993605149e-18,0.6283185307179586,-95,95,thymio-07
123,1788311507.3575366,-0.5392655730247498,1.1168501377105713,-1.7227630524996134,91.93381607832022,-0.5392655730247498,0.1075680255889892,1.1168501377105713,0.5607498288154602,0.5476734042167664,0.2287283539772033,-0.5773186087608337,0.8245478043775034,1.0,0,0,-0.0881503191620597,0.0437320642962087,-320,-307,thymio-07
124,1788311507.9660783,-0.5392655730247498,1.1168501377105713,-1.7227630524996134,91.83381607832024,-0.5392655730247498,0.1075680255889892,1.1168501377105713,0.5607498288154602,0.5476734042167664,0.2287283539772033,-0.5773186087608337,0.8245478043775034,1.0,0,0,-0.0881503191620597,0.0437320642962087,-320,-307,thymio-07
125,1788311508.5693986,10000.0,10000.0,0.0,91.83381607832024,-0.5392655730247498,0.1075680255889892,1.1168501377105713,0.5607498288154602,0.5476734042167664,0.2287283539772033,-0.5773186087608337,1.0,1.0,0,0,-9.184850993605149e-18,0.6283185307179586,-95,95,thymio-07
126,1788311509.1732757,-0.6036885380744934,1.1368021965026855,-2.144486196991804,91.83381607832024,-0.6036885380744934,0.1079333424568176,1.1368021965026855,0.6040965914726257,0.3564706146717071,0.0526100695133209,-0.7107940912246704,-0.4559309249634078,1.0,0,0,-0.1052791213989257,0.4888246392890294,-448,-300,thymio-07
127,1788311509.781256,-0.6036885380744934,1.1368021965026855,-2.144486196991804,91.73381607832025,-0.6036885380744934,0.1079333424568176,1.1368021965026855,0.6040965914726257,0.3564706146717071,0.0526100695133209,-0.7107940912246704,-0.4559309249634078,1.0,0,0,-0.1052791213989257,0.4888246392890294,-448,-300,thymio-07
128,1788311510.3849194,10000.0,10000.0,0.0,91.73381607832025,-0.6036885380744934,0.1079333424568176,1.1368021965026855,0.6040965914726257,0.3564706146717071,0.0526100695133209,-0.7107940912246704,1.0,1.0,0,0,-9.184850993605149e-18,0.6283185307179586,-95,95,thymio-07
129,1788311510.9883835,-0.6737485527992249,1.190990328788757,-2.2155379675401727,91.73381607832025,-0.6737485527992249,0.1090575456619262,1.190990328788757,0.6047418117523193,0.2076156735420227,-0.0698067769408226,-0.765708863735199,-0.2749232336338342,1.0,0,0,-0.035984974099281,-0.6283185307179586,-33,-223,thymio-07
130,1788311511.5961416,-0.6737485527992249,1.190990328788757,-2.2155379675401727,91.63381607832024,-0.6737485527992249,0.1090575456619262,1.190990328788757,0.6047418117523193,0.2076156735420227,-0.0698067769408226,-0.765708863735199,-0.2749232336338342,1.0,0,0,-0.035984974099281,-0.6283185307179586,-33,-223,thymio-07
131,1788311512.200143,10000.0,10000.0,0.0,91.63381607832024,-0.6737485527992249,0.1090575456619262,1.190990328788757,0.6047418117523193,0.2076156735420227,-0.0698067769408226,-0.765708863735199,1.0,1.0,0,0,-9.184850993605149e-18,0.6283185307179586,-95,95,thymio-07
132,1788311512.803873,-0.7147176265716553,1.3099080324172974,-2.206020731677158,91.63381607832024,-0.7147176265716553,0.1095355898141861,1.3099080324172974,0.5560249090194702,-0.0328450538218021,-0.2477247864007949,-0.7927104830741882,-0.1514834256345165,1.0,0,0,-0.0102690777603007,-0.6283185307179586,58,-131,thymio-07
133,1788311513.4117038,-0.7147176265716553,1.3099080324172974,-2.206020731677158,91.53381607832024,-0.7147176265716553,0.1095355898141861,1.3099080324172974,0.5560249090194702,-0.0328450538218021,-0.2477247864007949,-0.7927104830741882,-0.1514834256345165,1.0,0,0,-0.0102690777603007,-0.6283185307179586,58,-131,thymio-07
134,1788311514.0151997,10000.0,10000.0,0.0,91.53381607832024,-0.7147176265716553,0.1095355898141861,1.3099080324172974,0.5560249090194702,-0.0328450538218021,-0.2477247864007949,-0.7927104830741882,1.0,1.0,0,0,-9.184850993605149e-18,0.6283185307179586,-95,95,thymio-07
135,1788311514.6182566,-0.720734179019928,1.3600690364837646,-2.217037097015478,91.53381607832024,-0.720734179019928,0.1114643737673759,1.3600690364837646,0.6144641637802124,0.1458890885114669,-0.1217884123325347,-0.7657139301300049,-0.2382323154129215,1.0,0,0,-0.005666787012121,-0.6283185307179586,75,-115,thymio-07
136,1788311515.226902,-0.720734179019928,1.3600690364837646,-2.217037097015478,91.43381607832023,-0.720734179019928,0.1114643737673759,1.3600690364837646,0.6144641637802124,0.1458890885114669,-0.1217884123325347,-0.7657139301300049,-0.2382323154129215,1.0,0,0,-0.005666787012121,-0.6283185307179586,75,-115,thymio-07
137,1788311515.8300004,10000.0,10000.0,0.0,91.43381607832023,-0.720734179019928,0.1114643737673759,1.3600690364837646,0.6144641637802124,0.1458890885114669,-0.1217884123325347,-0.7657139301300049,1.0,1.0,0,0,-9.184850993605149e-18,0.6283185307179586,-95,95,thymio-07
138,1788311516.4334762,-0.7300142645835876,1.385335922241211,-2.073165873847896,91.43381607832023,-0.7300142645835876,0.1108071357011795,1.385335922241211,0.5964348912239075,0.4236488938331604,0.1143964305520057,-0.6720867156982422,-0.2417969578891722,1.0,0,0,-0.0024423444334042,-0.6283185307179586,86,-104,thymio-07
139,1788311517.0411377,-0.7300142645835876,1.385335922241211,-2.073165873847896,91.33381607832024,-0.7300142645835876,0.1108071357011795,1.385335922241211,0.5964348912239075,0.4236488938331604,0.1143964305520057,-0.6720867156982422,-0.2417969578891722,1.0,0,0,-0.0024423444334042,-0.6283185307179586,86,-104,thymio-07
140,1788311517.6443002,10000.0,10000.0,0.0,91.33381607832024,-0.7300142645835876,0.1108071357011795,1.385335922241211,0.5964348912239075,0.4236488938331604,0.1143964305520057,-0.6720867156982422,1.0,1.0,0,0,-9.184850993605149e-18,0.6283185307179586,-95,95,thymio-07
141,1788311518.248533,-0.7356435656547546,1.3903377056121826,-1.887580488184849,91.33381607832024,-0.7356435656547546,0.1105925068259239,1.3903377056121826,0.5807562470436096,0.5036274790763855,0.1798104792833328,-0.613799512386322,-0.2734925262228531,1.0,0,0,-0.0020721624927058,-0.5205798394692401,71,-86,thymio-07
142,1788311518.8562655,-0.7356435656547546,1.3903377056121826,-1.887580488184849,91.23381607832026,-0.7356435656547546,0.1105925068259239,1.3903377056121826,0.5807562470436096,0.5036274790763855,0.1798104792833328,-0.613799512386322,-0.2734925262228531,1.0,0,0,-0.0020721624927058,-0.5205798394692401,71,-86,thymio-07
143,1788311519.4599943,10000.0,10000.0,0.0,91.23381607832026,-0.7356435656547546,0.1105925068259239,1.3903377056121826,0.5807562470436096,0.5036274790763855,0.1798104792833328,-0.613799512386322,1.0,1.0,0,0,-9.184850993605149e-18,0.6283185307179586,-95,95,thymio-07
144,1788311520.0636885,10000.0,10000.0,0.0,91.23381607832026,-0.7356435656547546,0.1105925068259239,1.3903377056121826,0.5807562470436096,0.5036274790763855,0.1798104792833328,-0.613799512386322,1.0,1.0,0,0,-9.184850993605149e-18,0.6283185307179586,-95,95,thymio-07
145,1788311520.6674268,-0.7450242042541504,1.3956235647201538,-1.051599991566036,91.23381607832026,-0.7450242042541504,0.1110601797699928,1.3956235647201538,0.5203518867492676,0.6299257278442383,0.3129549026489258,-0.4842383563518524,0.904213696464885,1.0,0,0,-0.0009942353791683,0.6160077942607787,-97,89,thymio-07
146,1788311521.275244,-0.7450242042541504,1.3956235647201538,-1.051599991566036,91.13381607832028,-0.7450242042541504,0.1110601797699928,1.3956235647201538,0.5203518867492676,0.6299257278442383,0.3129549026489258,-0.4842383563518524,0.904213696464885,1.0,0,0,-0.0009942353791683,0.6160077942607787,-97,89,thymio-07
147,1788311521.8790567,10000.0,10000.0,0.0,91.13381607832028,-0.7450242042541504,0.1110601797699928,1.3956235647201538,0.5203518867492676,0.6299257278442383,0.3129549026489258,-0.4842383563518524,1.0,1.0,0,0,-9.184850993605149e-18,0.6283185307179586,-95,95,thymio-07
148,1788311522.4829593,-0.7380086779594421,1.3857251405715942,-2.138457531643033,91.13381607832028,-0.7380086779594421,0.1093324646353721,1.3857251405715942,0.5998731255531311,0.4031523764133453,0.1245549172163009,-0.6797841191291809,0.904371582380296,1.0,0,0,-0.0030054071837857,-0.6283185307179586,84,-106,thymio-07
149,1788311523.0915174,-0.7380086779594421,1.3857251405715942,-2.138457531643033,91.03381607832029,-0.7380086779594421,0.1093324646353721,1.3857251405715942,0.5998731255531311,0.4031523764133453,0.1245549172163009,-0.6797841191291809,0.904371582380296,1.0,0,0,-0.0030054071837857,-0.6283185307179586,84,-106,thymio-07
150,1788311523.6948009,10000.0,10000.0,0.0,91.03381607832029,-0.7380086779594421,0.1093324646353721,1.3857251405715942,0.5998731255531311,0.4031523764133453,0.1245549172163009,-0.6797841191291809,1.0,1.0,0,0,-9.184850993605149e-18,0.6283185307179586,-95,95,thymio-07
151,1788311524.2989843,-0.7426442503929138,1.3721970319747925,-2.228012617607967,91.03381607832029,-0.7426442503929138,0.1108007729053497,1.3721970319747925,-0.5881028175354004,-0.0670170560479164,0.175367072224617,0.7866957187652588,0.92076535040772,1.0,0,0,-0.0055043771571543,-0.6283185307179586,75,-114,thymio-07
152,1788311524.9067724,-0.7426442503929138,1.3721970319747925,-2.228012617607967,90.93381607832028,-0.7426442503929138,0.1108007729053497,1.3721970319747925,-0.5881028175354004,-0.0670170560479164,0.175367072224617,0.7866957187652588,0.92076535040772,1.0,0,0,-0.0055043771571543,-0.6283185307179586,75,-114,thymio-07
153,1788311525.5103698,10000.0,10000.0,0.0,90.93381607832028,-0.7426442503929138,0.1108007729053497,1.3721970319747925,-0.5881028175354004,-0.0670170560479164,0.175367072224617,0.7866957187652588,1.0,1.0,0,0,-9.184850993605149e-18,0.6283185307179586,-95,95,thymio-07
154,1788311526.1140895,-0.7416021823883057,1.3827099800109863,-2.1904598961179,90.93381607832028,-0.7416021823883057,0.1108446642756462,1.3827099800109863,-0.6050212383270264,-0.2367026954889297,0.0582797266542911,0.7579740881919861,-0.3134322048161284,1.0,0,0,-0.0038134516047827,-0.6283185307179586,81,-108,thymio-07
155,1788311526.7221851,-0.7416021823883057,1.3827099800109863,-2.1904598961179,90.83381607832028,-0.7416021823883057,0.1108446642756462,1.3827099800109863,-0.6050212383270264,-0.2367026954889297,0.0582797266542911,0.7579740881919861,-0.3134322048161284,1.0,0,0,-0.0038134516047827,-0.6283185307179586,81,-108,thymio-07
156,1788311527.3255618,10000.0,10000.0,0.0,90.83381607832028,-0.7416021823883057,0.1108446642756462,1.3827099800109863,-0.6050212383270264,-0.2367026954889297,0.0582797266542911,0.7579740881919861,1.0,1.0,0,0,-9.184850993605149e-18,0.6283185307179586,-95,95,thymio-07
157,1788311527.928744,-0.74542236328125,1.3934803009033203,-2.1380568488260687,90.83381607832028,-0.74542236328125,0.1106876209378242,1.3934803009033203,-0.5974746942520142,-0.3782607316970825,-0.0775857716798782,0.7027967572212219,-0.3025716362485446,1.0,0,0,-0.0013587251082808,-0.6283185307179586,90,-100,thymio-07
158,1788311528.5367436,-0.74542236328125,1.3934803009033203,-2.1380568488260687,90.73381607832027,-0.74542236328125,0.1106876209378242,1.3934803009033203,-0.5974746942520142,-0.3782607316970825,-0.0775857716798782,0.7027967572212219,-0.3025716362485446,1.0,0,0,-0.0013587251082808,-0.6283185307179586,90,-100,thymio-07
159,1788311529.1405716,10000.0,10000.0,0.0,90.73381607832027,-0.74542236328125,0.1106876209378242,1.3934803009033203,-0.5974746942520142,-0.3782607316970825,-0.0775857716798782,0.7027967572212219,1.0,1.0,0,0,-9.184850993605149e-18,0.6283185307179586,-95,95,thymio-07
160,1788311529.7442455,10000.0,10000.0,0.0,90.73381607832027,-0.74542236328125,0.1106876209378242,1.3934803009033203,-0.5974746942520142,-0.3782607316970825,-0.0775857716798782,0.7027967572212219,1.0,1.0,0,0,-9.184850993605149e-18,0.6283185307179586,-95,95,thymio-07
161,1788311530.3480132,-0.7547592520713806,1.4028421640396118,-1.6689221592835612,90.73381607832027,-0.7547592520713806,0.1107380539178848,1.4028421640396118,-0.558351457118988,-0.5572379231452942,-0.2349511235952377,0.567915141582489,-0.3021405791786965,1.0,0,0,-0.0,-0.1782071967995186,27,-27,thymio-07
162,1788311530.9571335,-0.7547592520713806,1.4028421640396118,-1.6689221592835612,90.6338160783203,-0.7547592520713806,0.1107380539178848,1.4028421640396118,-0.558351457118988,-0.5572379231452942,-0.2349511235952377,0.567915141582489,-0.3021405791786965,1.0,0,0,-0.0,-0.1782071967995186,27,-27,thymio-07
163,1788311531.560768,10000.0,10000.0,0.0,90.6338160783203,-0.7547592520713806,0.1107380539178848,1.4028421640396118,-0.558351457118988,-0.5572379231452942,-0.2349511235952377,0.567915141582489,1.0,1.0,0,0,-9.184850993605149e-18,0.6283185307179586,-95,95,thymio-07
164,1788311532.164031,10000.0,10000.0,0.0,90.6338160783203,-0.7547592520713806,0.1107380539178848,1.4028421640396118,-0.558351457118988,-0.5572379231452942,-0.2349511235952377,0.567915141582489,1.0,1.0,0,0,-9.184850993605149e-18,0.6283185307179586,-95,95,thymio-07
165,1788311532.7674294,10000.0,10000.0,0.0,90.6338160783203,-0.7547592520713806,0.1107380539178848,1.4028421640396118,-0.558351457118988,-0.5572379231452942,-0.2349511235952377,0.567915141582489,1.0,1.0,0,0,-9.184850993605149e-18,0.6283185307179586,-95,95,thymio-07
166,1788311533.3703651,10000.0,10000.0,0.0,90.6338160783203,-0.7547592520713806,0.1107380539178848,1.4028421640396118,-0.558351457118988,-0.5572379231452942,-0.2349511235952377,0.567915141582489,1.0,1.0,0,0,-9.184850993605149e-18,0.6283185307179586,-95,95,thymio-07
167,1788311533.9743557,-0.756104588508606,1.4016417264938354,-1.7432382801168569,90.6338160783203,-0.756104588508606,0.1108570024371147,1.4016417264938354,-0.5632995367050171,-0.5432470440864563,-0.2226670533418655,0.5813739895820618,-0.2646940733766565,1.0,0,0,-0.0,-0.3761653910908119,57,-57,thymio-07
168,1788311534.582314,-0.756104588508606,1.4016417264938354,-1.7432382801168569,90.5338160783203,-0.756104588508606,0.1108570024371147,1.4016417264938354,-0.5632995367050171,-0.5432470440864563,-0.2226670533418655,0.5813739895820618,-0.2646940733766565,1.0,0,0,-0.0,-0.3761653910908119,57,-57,thymio-07
169,1788311535.1856549,10000.0,10000.0,0.0,90.5338160783203,-0.756104588508606,0.1108570024371147,1.4016417264938354,-0.5632995367050171,-0.5432470440864563,-0.2226670533418655,0.5813739895820618,1.0,1.0,0,0,-9.184850993605149e-18,0.6283185307179586,-95,95,thymio-07
170,1788311535.788695,10000.0,10000.0,0.0,90.5338160783203,-0.756104588508606,0.1108570024371147,1.4016417264938354,-0.5632995367050171,-0.5432470440864563,-0.2226670533418655,0.5813739895820618,1.0,1.0,0,0,-9.184850993605149e-18,0.6283185307179586,-95,95,thymio-07
171,1788311536.3920074,10000.0,10000.0,0.0,90.5338160783203,-0.756104588508606,0.1108570024371147,1.4016417264938354,-0.5632995367050171,-0.5432470440864563,-0.2226670533418655,0.5813739895820618,1.0,1.0,0,0,-9.184850993605149e-18,0.6283185307179586,-95,95,thymio-07
172,1788311536.9952865,-0.758097231388092,1.3795424699783323,-2.2221911781042927,90.5338160783203,-0.758097231388092,0.1109309867024421,1.3795424699783323,-0.5787586569786072,-0.0301884356886148,0.2031342834234237,0.7892170548439026,-0.3739345839931743,1.0,0,0,-0.007791250824956,-0.6283185307179586,67,-123,thymio-07
173,1788311537.6032228,-0.758097231388092,1.3795424699783323,-2.2221911781042927,90.4338160783203,-0.758097231388092,0.1109309867024421,1.3795424699783323,-0.5787586569786072,-0.0301884356886148,0.2031342834234237,0.7892170548439026,-0.3739345839931743,1.0,0,0,-0.007791250824956,-0.6283185307179586,67,-123,thymio-07
174,1788311538.2064168,10000.0,10000.0,0.0,90.4338160783203,-0.758097231388092,0.1109309867024421,1.3795424699783323,-0.5787586569786072,-0.0301884356886148,0.2031342834234237,0.7892170548439026,1.0,1.0,0,0,-9.184850993605149e-18,0.6283185307179586,-95,95,thymio-07
175,1788311538.809406,-0.7680920362472534,1.3757483959197998,-1.9701822456132263,90.4338160783203,-0.7680920362472534,0.1104906126856803,1.3757483959197998,-0.4417669475078583,0.2813206315040588,0.4095415472984314,0.7469782829284668,-0.3692741017974708,1.0,0,0,-0.0095492636937923,-0.3772730556748012,23,-91,thymio-07
176,1788311539.4174366,-0.7680920362472534,1.3757483959197998,-1.9701822456132263,90.33381607832033,-0.7680920362472534,0.1104906126856803,1.3757483959197998,-0.4417669475078583,0.2813206315040588,0.4095415472984314,0.7469782829284668,-0.3692741017974708,1.0,0,0,-0.0095492636937923,-0.3772730556748012,23,-91,thymio-07
177,1788311540.0205824,10000.0,10000.0,0.0,90.33381607832033,-0.7680920362472534,0.1104906126856803,1.3757483959197998,-0.4417669475078583,0.2813206315040588,0.4095415472984314,0.7469782829284668,1.0,1.0,0,0,-9.184850993605149e-18,0.6283185307179586,-95,95,thymio-07
178,1788311540.6241064,-0.7584540247917175,1.3879055976867676,-2.157807201697284,90.33381607832033,-0.7584540247917175,0.1113583222031593,1.3879055976867676,-0.5162470936775208,0.1287082135677337,0.3121817409992218,0.7870615720748901,0.933592668209895,1.0,0,0,-0.0024114859152256,-0.6283185307179586,86,-103,thymio-07
179,1788311541.2318835,-0.7584540247917175,1.3879055976867676,-2.157807201697284,90.23381607832032,-0.7584540247917175,0.1113583222031593,1.3879055976867676,-0.5162470936775208,0.1287082135677337,0.3121817409992218,0.7870615720748901,0.933592668209895,1.0,0,0,-0.0024114859152256,-0.6283185307179586,86,-103,thymio-07
180,1788311541.8353517,10000.0,10000.0,0.0,90.23381607832032,-0.7584540247917175,0.1113583222031593,1.3879055976867676,-0.5162470936775208,0.1287082135677337,0.3121817409992218,0.7870615720748901,1.0,1.0,0,0,-9.184850993605149e-18,0.6283185307179586,-95,95,thymio-07
181,1788311542.4384153,10000.0,10000.0,0.0,90.23381607832032,-0.7584540247917175,0.1113583222031593,1.3879055976867676,-0.5162470936775208,0.1287082135677337,0.3121817409992218,0.7870615720748901,1.0,1.0,0,0,-9.184850993605149e-18,0.6283185307179586,-95,95,thymio-07
182,1788311543.042267,-0.7496210336685181,1.4079571962356567,-2.233145373017661,90.23381607832032,-0.7496210336685181,0.1108710542321205,1.4079571962356567,-0.5926934480667114,-0.0968459099531173,0.1508077383041381,0.7852340936660767,-0.3600105304425156,1.0,0,0,-0.0,-0.6283185307179586,95,-95,thymio-07
183,1788311543.650583,-0.7496210336685181,1.4079571962356567,-2.233145373017661,90.13381607832032,-0.7496210336685181,0.1108710542321205,1.4079571962356567,-0.5926934480667114,-0.0968459099531173,0.1508077383041381,0.7852340936660767,-0.3600105304425156,1.0,0,0,-0.0,-0.6283185307179586,95,-95,thymio-07
184,1788311544.2544174,10000.0,10000.0,0.0,90.13381607832032,-0.7496210336685181,0.1108710542321205,1.4079571962356567,-0.5926934480667114,-0.0968459099531173,0.1508077383041381,0.7852340936660767,1.0,1.0,0,0,-9.184850993605149e-18,0.6283185307179586,-95,95,thymio-07
185,1788311544.8575983,-0.7519758939743042,1.407034397125244,-2.219522608036683,90.13381607832032,-0.7519758939743042,0.1112990453839302,1.407034397125244,-0.5801263451576233,-0.0270322505384683,0.2069876343011856,0.7873238921165466,-0.3576386727377265,1.0,0,0,-0.0,-0.6283185307179586,95,-95,thymio-07
186,1788311545.4661355,-0.7519758939743042,1.407034397125244,-2.219522608036683,90.03381607832033,-0.7519758939743042,0.1112990453839302,1.407034397125244,-0.5801263451576233,-0.0270322505384683,0.2069876343011856,0.7873238921165466,-0.3576386727377265,1.0,0,0,-0.0,-0.6283185307179586,95,-95,thymio-07
187,1788311546.069148,10000.0,10000.0,0.0,90.03381607832033,-0.7519758939743042,0.1112990453839302,1.407034397125244,-0.5801263451576233,-0.0270322505384683,0.2069876343011856,0.7873238921165466,1.0,1.0,0,0,-9.184850993605149e-18,0.6283185307179586,-95,95,thymio-07
188,1788311546.6731668,-0.7484131455421448,1.4135076999664309,-2.2169071955993087,90.03381607832033,-0.7484131455421448,0.1112064346671104,1.4135076999664309,-0.6027652621269226,-0.195265382528305,0.0804733261466026,0.7694606184959412,0.798753178537907,1.0,0,0,-0.0,-0.6283185307179586,95,-95,thymio-07
189,1788311547.280761,-0.7484131455421448,1.4135076999664309,-2.2169071955993087,89.93381607832033,-0.7484131455421448,0.1112064346671104,1.4135076999664309,-0.6027652621269226,-0.195265382528305,0.0804733261466026,0.7694606184959412,0.798753178537907,1.0,0,0,-0.0,-0.6283185307179586,95,-95,thymio-07
190,1788311547.884269,10000.0,10000.0,0.0,89.93381607832033,-0.7484131455421448,0.1112064346671104,1.4135076999664309,-0.6027652621269226,-0.195265382528305,0.0804733261466026,0.7694606184959412,1.0,1.0,0,0,-9.184850993605149e-18,0.6283185307179586,-95,95,thymio-07
191,1788311548.4888885,-0.7497578859329224,1.427640080451965,-1.907911335827917,89.93381607832033,-0.7497578859329224,0.1108892187476158,1.427640080451965,-0.5809153914451599,-0.498615950345993,-0.1788472235202789,0.618007481098175,-0.3165797350899988,1.0,0,0,-0.0,-0.45961276959915,69,-69,thymio-07
192,1788311549.096739,-0.7497578859329224,1.427640080451965,-1.907911335827917,89.83381607832034,-0.7497578859329224,0.1108892187476158,1.427640080451965,-0.5809153914451599,-0.498615950345993,-0.1788472235202789,0.618007481098175,-0.3165797350899988,1.0,0,0,-0.0,-0.45961276959915,69,-69,thymio-07
193,1788311549.700723,10000.0,10000.0,0.0,89.83381607832034,-0.7497578859329224,0.1108892187476158,1.427640080451965,-0.5809153914451599,-0.498615950345993,-0.1788472235202789,0.618007481098175,1.0,1.0,0,0,-9.184850993605149e-18,0.6283185307179586,-95,95,thymio-07
194,1788311550.303774,10000.0,10000.0,0.0,89.83381607832034,-0.7497578859329224,0.1108892187476158,1.427640080451965,-0.5809153914451599,-0.498615950345993,-0.1788472235202789,0.618007481098175,1.0,1.0,0,0,-9.184850993605149e-18,0.6283185307179586,-95,95,thymio-07
195,1788311550.9068403,-0.7500261068344116,1.428114891052246,-1.8755421383146955,89.83381607832034,-0.7500261068344116,0.1109373271465301,1.428114891052246,-0.5770211815834045,-0.5087710618972778,-0.1850997805595398,0.6115037202835083,-0.3279176157835529,1.0,0,0,-0.0,-0.3902690066442181,59,-59,thymio-07
