tick,timestamp,x,y,heading,battery,raw_x,raw_y,raw_z,qx,qy,qz,qw,n_agents_seen,front_d,back_d,right_d,left_d,ir_front_max,ir_rear_max,v,w,left,right,hostname
1,1788220973.6050744,0.9209741353988647,0.0784701034426689,-0.2194350130794133,100.0,0.9209741353988647,0.0954691618680954,0.0784701034426689,0.2564205229282379,-0.5445880889892578,-0.5569784641265869,-0.5722301006317139,5,1.0,1.0,1.0,1.0,0,0,0.1829467567063152,-0.6248865279227923,500,500,thymio-08
2,1788220974.2096791,2.5726473331451416,-0.3607018887996673,0.0689193098016547,100.0,2.5726473331451416,0.0824185162782669,-0.3607018887996673,-0.4447990953922272,-0.7220931649208069,-0.4259354770183563,0.3151415586471557,5,-0.652925307544558,-0.6669308921922776,-0.6016118017893409,1.0,0,0,0.0709093442849446,-0.0994956925912987,267,237,thymio-08
3,1788220974.8174648,2.5726473331451416,-0.3607018887996673,0.0689193098016547,99.9,2.5726473331451416,0.0824185162782669,-0.3607018887996673,-0.4447990953922272,-0.7220931649208069,-0.4259354770183563,0.3151415586471557,5,-0.652925307544558,-0.6669308921922776,-0.6016118017893409,1.0,0,0,0.0870421980382021,0.3961849073087956,249,369,thymio-08
4,1788220975.4263318,2.522317409515381,-0.289938747882843,0.0840261069392402,99.56258895239728,2.522317409515381,0.0836169570684433,-0.289938747882843,-0.4459122121334076,-0.7155234813690186,-0.4383403062820434,0.311522513628006,5,1.0,-0.5624625830140277,-0.6886610482895112,1.0,0,0,0.0305791292938082,0.2357490506469027,73,144,thymio-08
5,1788220976.0352492,2.470960855484009,-0.201805904507637,-0.1890671197846574,99.23361383629522,2.470960855484009,0.0846254453063011,-0.201805904507637,-0.4907131493091583,-0.6871116161346436,-0.3893958032131195,0.368034303188324,5,1.0,1.0,-0.7903040222646673,1.0,0,0,0.0101488915248018,0.1511249184002486,13,59,thymio-08
6,1788220976.6444085,2.464752674102783,-0.1654925197362899,-0.6350762391132037,99.13361383629524,2.464752674102783,0.0848825126886367,-0.1654925197362899,-0.5324936509132385,-0.6346614956855774,-0.3463738262653351,0.4400914311408996,5,1.0,1.0,-0.7989279867801977,1.0,0,0,0.0084154746571802,0.4910961293985445,-44,104,thymio-08
7,1788220977.2517445,2.464752674102783,-0.1654925197362899,-0.6350762391132037,99.03361383629525,2.464752674102783,0.0848825126886367,-0.1654925197362899,-0.5324936509132385,-0.6346614956855774,-0.3463738262653351,0.4400914311408996,5,1.0,1.0,-0.7989279867801977,1.0,0,0,0.0084154746571802,-0.1453663291964261,52,8,thymio-08
8,1788220977.860214,2.4670841693878174,-0.1501875072717666,-1.1143960542841145,98.93361383629524,2.4670841693878174,0.0853446051478385,-0.1501875072717666,-0.5554488301277161,-0.5864521265029907,-0.3027574121952057,0.5058543086051941,5,-0.8000686054845497,1.0,-0.5127677372450639,1.0,0,0,-0.0318447517189117,0.0244869402687235,-117,-109,thymio-08
9,1788220978.4689622,2.473339557647705,-0.1398006975650787,-1.3215244963278354,98.83361383629524,2.473339557647705,0.0851776823401451,-0.1398006975650787,-0.5780384540557861,-0.5608037114143372,-0.2614204287528991,0.5320056676864624,5,-0.8074236112906952,1.0,-0.5100239265987717,1.0,0,0,-0.0263271107701047,0.0021986201555316,-94,-93,thymio-08
10,1788220979.0769465,2.472996711730957,-0.1447393596172332,-1.3152606911988824,98.73361383629523,2.472996711730957,0.0852055698633194,-0.1447393596172332,-0.581688404083252,-0.5612479448318481,-0.2575151324272156,0.529457688331604,5,-0.8093657418716333,1.0,-0.5122196595153818,1.0,0,0,-0.0063174858838016,-0.0422116459113024,-16,-29,thymio-08
11,1788220979.684528,2.4697248935699463,-0.1671472042798996,-1.3012887425583046,98.63361383629524,2.4697248935699463,0.085176795721054,-0.1671472042798996,-0.5870464444160461,-0.5626756548881531,-0.252157598733902,0.5245848298072815,5,-0.8153038419717268,1.0,-0.5186391813344262,1.0,0,0,-0.0051239277636829,-0.0055909739693679,-17,-19,thymio-08
12,1788220980.2925282,2.4697248935699463,-0.1671472042798996,-1.3012887425583046,98.53361383629526,2.4697248935699463,0.085176795721054,-0.1671472042798996,-0.5870464444160461,-0.5626756548881531,-0.252157598733902,0.5245848298072815,5,-0.8153038419717268,1.0,-0.5186391813344262,1.0,0,0,-0.0051239277636829,0.025451670410304,-22,-14,thymio-08
13,1788220980.9012558,2.465848207473755,-0.1878548860549926,-1.2535177818075107,98.43361383629528,2.465848207473755,0.0851631015539169,-0.1878548860549926,-0.5735551118850708,-0.569659411907196,-0.2762596309185028,0.5198108553886414,5,-0.7718963257585214,1.0,-0.5291909546304121,1.0,0,0,-0.0138488385225371,0.0181653982802112,-52,-46,thymio-08
14,1788220981.5104847,2.465853452682495,-0.1946161836385727,-1.1448538758883706,98.33361383629529,2.465853452682495,0.0840907245874404,-0.1946161836385727,-0.5587283372879028,-0.5910331010818481,-0.2693807780742645,0.5156903862953186,5,-0.767839769989635,1.0,-0.5357500989276249,1.0,0,0,-0.0146642062320833,0.0644189995481896,-62,-42,thymio-08
15,1788220982.118568,2.465853452682495,-0.1946161836385727,-1.1448538758883706,98.23361383629528,2.465853452682495,0.0840907245874404,-0.1946161836385727,-0.5587283372879028,-0.5910331010818481,-0.2693807780742645,0.5156903862953186,5,-0.767839769989635,1.0,-0.5357500989276249,1.0,0,0,-0.0146642062320833,0.0560461379759113,-61,-44,thymio-08
16,1788220982.727375,2.466060876846313,-0.2080541849136352,-1.1851670970083077,98.13361383629528,2.466060876846313,0.0850221216678619,-0.2080541849136352,-0.5694997906684875,-0.5804648399353027,-0.2775487303733825,0.5115635395050049,5,-0.7743364683122388,1.0,-0.5527812520556443,1.0,0,0,-0.01335836986924,0.0488056875320598,-55,-40,thymio-08
17,1788220983.3353908,2.465175151824951,-0.2281220555305481,-1.3364942405243143,98.03361383629527,2.465175151824951,0.0849986001849174,-0.2281220555305481,-0.572252631187439,-0.5594722032546997,-0.2671380937099457,0.5368008613586426,5,-0.7847305597719125,1.0,-0.5698884778420381,1.0,0,0,-0.0112691574858455,0.0776148087563086,-52,-28,thymio-08
18,1788220983.9436364,2.4647762775421143,-0.2343571633100509,-1.320790001521054,97.9336138362953,2.4647762775421143,0.0846547037363052,-0.2343571633100509,-0.5738328695297241,-0.5622804164886475,-0.2613455057144165,0.5350281596183777,5,-0.7918627653848076,1.0,-0.5674994287170886,1.0,0,0,-0.0098355841576536,0.0939603660288485,-49,-21,thymio-08
19,1788220984.551772,2.4647762775421143,-0.2343571633100509,-1.320790001521054,97.8336138362953,2.4647762775421143,0.0846547037363052,-0.2343571633100509,-0.5738328695297241,-0.5622804164886475,-0.2613455057144165,0.5350281596183777,5,-0.7918627653848076,1.0,-0.5674994287170886,1.0,0,0,-0.0098355841576536,0.122207616536475,-53,-16,thymio-08
20,1788220985.1614616,2.467008590698242,-0.2502300143241882,-1.377185245499788,97.7336138362953,2.467008590698242,0.0851325616240501,-0.2502300143241882,-0.5787625312805176,-0.5521668195724487,-0.2589418590068817,0.5413824915885925,5,-0.8031676010481612,1.0,-0.5884714256099759,1.0,1684,0,-0.0075633121893195,0.1046547648533019,-43,-11,thymio-08
21,1788220985.7690952,2.4676685333251958,-0.2584614753723144,-1.451921754389442,97.63361383629532,2.4676685333251958,0.084496684372425,-0.2584614753723144,-0.5940868854522705,-0.5366761684417725,-0.2214511334896087,0.5567753911018372,5,-0.8098821645847606,1.0,-0.6199632236174417,1.0,0,0,-0.0062136849184631,0.2560256008225343,-61,17,thymio-08
22,1788220986.37753,2.467064142227173,-0.2645688652992248,-1.6948637968520404,97.53361383629532,2.467064142227173,0.0855782330036163,-0.2645688652992248,-0.6052473783493042,-0.47737517952919,-0.1907045245170593,0.6077996492385864,5,-0.7599782499041499,1.0,-0.638056256391091,1.0,0,0,-0.0162443717692658,0.3549493560753259,-111,-4,thymio-08
23,1788220986.9852502,2.467064142227173,-0.2645688652992248,-1.6948637968520404,97.43361383629532,2.467064142227173,0.0855782330036163,-0.2645688652992248,-0.6052473783493042,-0.47737517952919,-0.1907045245170593,0.6077996492385864,5,-0.7599782499041499,1.0,-0.638056256391091,1.0,0,0,-0.0162443717692658,0.376690726151615,-115,-1,thymio-08
24,1788220987.5882015,10000.0,10000.0,0.0,97.43361383629532,2.467064142227173,0.0855782330036163,-0.2645688652992248,-0.6052473783493042,-0.47737517952919,-0.1907045245170593,0.6077996492385864,5,1.0,1.0,1.0,1.0,0,0,-0.03,0.5684138763617729,-192,-21,thymio-08
25,1788220988.1919825,2.475754499435425,-0.2883591949939728,-1.9284299213351936,97.43361383629532,2.475754499435425,0.0845353975892067,-0.2883591949939728,-0.6252772808074951,-0.288057416677475,-0.0055504646152257,0.7252726554870605,5,-0.6767856055522843,1.0,1.0,-0.7787788127255129,0,0,-0.0124654586421719,0.5960297221685832,-134,46,thymio-08
26,1788220988.800002,2.4705810546875,-0.3027422428131103,-1.949468989618354,97.33361383629531,2.4705810546875,0.0845227688550949,-0.3027422428131103,-0.6177367568016052,-0.1642910689115524,0.1077121421694755,0.7614511847496033,5,-0.6728058075874757,1.0,1.0,-0.7884659128871533,0,0,-0.0303645593421162,0.6277836481805098,-203,-13,thymio-08
27,1788220989.4076564,2.4705810546875,-0.3027422428131103,-1.949468989618354,97.23361383629532,2.4705810546875,0.0845227688550949,-0.3027422428131103,-0.6177367568016052,-0.1642910689115524,0.1077121421694755,0.7614511847496033,5,-0.6728058075874757,1.0,1.0,-0.7884659128871533,0,0,-0.0105183515096821,0.627971843931707,-132,57,thymio-08
28,1788220990.0153818,2.4646267890930176,-0.3175704181194305,-1.9847859418746696,97.13361383629534,2.4646267890930176,0.0825529173016548,-0.3175704181194305,-0.5624872446060181,0.0702169016003608,0.2475524693727493,0.7857452034950256,5,-0.6523658022390985,1.0,1.0,-0.7782454785690487,0,0,-0.0125726588076211,0.6274367821057714,-139,50,thymio-08
29,1788220990.6244862,2.449533224105835,-0.3335746526718139,-1.6333437890149178,97.03361383629534,2.449533224105835,0.0835487991571426,-0.3335746526718139,-0.4388024806976318,0.3079246282577514,0.4352888762950897,0.7232969403266907,5,-0.49491948455146,1.0,-0.6589389403830022,-0.7602667093921204,0,0,-0.0161863914121838,0.4527376095675098,-126,11,thymio-08
30,1788220991.2339945,2.439955234527588,-0.3396052718162536,-1.1080665384393669,96.93361383629536,2.439955234527588,0.0839471518993377,-0.3396052718162536,-0.3641234934329986,0.442304402589798,0.4949396848678589,0.6533113718032837,5,-0.7501611780053893,1.0,-0.6682974601817022,1.0,0,0,-0.0182176032209167,0.528889185839369,-145,15,thymio-08
31,1788220991.8416054,2.439955234527588,-0.3396052718162536,-1.1080665384393669,96.83361383629536,2.439955234527588,0.0839471518993377,-0.3396052718162536,-0.3641234934329986,0.442304402589798,0.4949396848678589,0.6533113718032837,5,-0.7501611780053893,1.0,-0.6682974601817022,1.0,0,0,0.0393483360395445,0.59509484055408,50,230,thymio-08
32,1788220992.4497218,2.4283688068389893,-0.336665391921997,-0.1910260581474268,96.73361383629536,2.4283688068389893,0.0841435864567756,-0.336665391921997,-0.2527661025524139,0.5398447513580322,0.5715721845626831,0.5638990998268127,5,-0.7450042164336544,1.0,-0.665691585845374,1.0,0,0,-0.0192541524968354,0.5813200137759728,-156,19,thymio-08
33,1788220993.0573573,2.4032745361328125,-0.3487818241119385,0.2671798941354644,96.58213555863024,2.4032745361328125,0.0848134756088256,-0.3487818241119385,-0.0905410423874855,0.6674643754959106,0.6108169555664062,0.4161686301231384,5,1.0,-0.6608049199390993,-0.7160702280882798,1.0,0,0,-0.0250698841542557,0.5822392535695972,-177,-1,thymio-08
34,1788220993.6653066,2.3879613876342773,-0.3478995561599731,0.3877352796041582,96.48213555863023,2.3879613876342773,0.0843039453029632,-0.3478995561599731,0.0216069538146257,0.7309930920600891,0.621254563331604,0.281469464302063,5,1.0,-0.6484799981813503,-0.6972209838053696,1.0,0,0,-0.0288585822551207,0.407517324359133,-164,-41,thymio-08
35,1788220994.2737286,2.3879613876342773,-0.3478995561599731,0.3877352796041582,96.38213555863024,2.3879613876342773,0.0843039453029632,-0.3478995561599731,0.0216069538146257,0.7309930920600891,0.621254563331604,0.281469464302063,5,1.0,-0.6484799981813503,-0.6972209838053696,1.0,0,0,-0.0288585822551207,-0.1133951306619773,-85,-120,thymio-08
36,1788220994.8774586,10000.0,10000.0,0.0,96.38213555863024,2.3879613876342773,0.0843039453029632,-0.3478995561599731,0.0216069538146257,0.7309930920600891,0.621254563331604,0.281469464302063,5,1.0,1.0,-1.0,1.0,0,0,-0.03,0.0335513204454059,-112,-102,thymio-08
37,1788220995.4805658,10000.0,10000.0,0.0,96.38213555863024,2.3879613876342773,0.0843039453029632,-0.3478995561599731,0.0216069538146257,0.7309930920600891,0.621254563331604,0.281469464302063,5,1.0,1.0,-1.0,1.0,0,0,-0.03,-0.1295035146586272,-87,-126,thymio-08
38,1788220996.084327,2.394518613815308,-0.3274576961994171,0.4537119350854119,96.38213555863024,2.394518613815308,0.0842965096235275,-0.3274576961994171,0.1836762875318527,0.7910004258155823,0.5814282298088074,0.0502247028052806,5,1.0,-0.6405386610830937,-0.6944874758036101,1.0,0,0,-0.1156672262040409,-0.0608006529968074,-402,-420,thymio-08
39,1788220996.6919324,2.5008461475372314,-0.3364763557910919,0.4523521276561837,96.28213555863026,2.5008461475372314,0.0834595188498497,-0.3364763557910919,0.1873967200517654,0.7928584218025208,0.5780927538871765,0.045463066548109,5,-0.6189800044813757,-0.7564031715445607,-0.7104150768022279,1.0,0,0,-0.0648443004364896,-0.0587270779918598,-222,-239,thymio-08
40,1788220997.2995634,2.5008461475372314,-0.3364763557910919,0.4523521276561837,96.18213555863026,2.5008461475372314,0.0834595188498497,-0.3364763557910919,0.1873967200517654,0.7928584218025208,0.5780927538871765,0.045463066548109,5,-0.6189800044813757,-0.7564031715445607,-0.7104150768022279,1.0,0,4292,0.08,0.0292168822350518,280,289,thymio-08
41,1788220997.9026496,10000.0,10000.0,0.0,96.18213555863026,2.5008461475372314,0.0834595188498497,-0.3364763557910919,0.1873967200517654,0.7928584218025208,0.5780927538871765,0.045463066548109,5,1.0,1.0,-1.0,1.0,0,0,0.03,0.015897456083922,104,109,thymio-08
42,1788220998.5062373,2.5726537704467773,-0.3388289213180542,0.4520923166961625,96.18213555863026,2.5726537704467773,0.0819436460733413,-0.3388289213180542,0.1611332446336746,0.7851904034614563,0.5919213891029358,0.0845052972435951,5,-0.5419764825281241,-0.8025346046016499,-0.8382013117296849,1.0,0,0,0.0005215363423333,-0.1223383156295524,20,-17,thymio-08
43,1788220999.1138155,2.5726537704467773,-0.3388289213180542,0.4520923166961625,96.08213555863028,2.5726537704467773,0.0819436460733413,-0.3388289213180542,0.1611332446336746,0.7851904034614563,0.5919213891029358,0.0845052972435951,5,-0.5419764825281241,-0.8025346046016499,-0.8382013117296849,1.0,0,0,0.0005215363423333,0.035194913763867,-3,7,thymio-08
44,1788220999.7167988,10000.0,10000.0,0.0,96.08213555863028,2.5726537704467773,0.0819436460733413,-0.3388289213180542,0.1611332446336746,0.7851904034614563,0.5919213891029358,0.0845052972435951,5,1.0,1.0,-1.0,1.0,0,0,-0.03,-0.0049276066950188,-106,-107,thymio-08
45,1788221000.3199103,10000.0,10000.0,0.0,96.08213555863028,2.5726537704467773,0.0819436460733413,-0.3388289213180542,0.1611332446336746,0.7851904034614563,0.5919213891029358,0.0845052972435951,5,1.0,1.0,-1.0,1.0,0,0,-0.03,-0.051936384816357,-99,-114,thymio-08
46,1788221000.922876,10000.0,10000.0,0.0,96.08213555863028,2.5726537704467773,0.0819436460733413,-0.3388289213180542,0.1611332446336746,0.7851904034614563,0.5919213891029358,0.0845052972435951,5,1.0,1.0,-1.0,1.0,0,2670,0.08,0.0029966884463366,284,285,thymio-08
47,1788221001.5260832,10000.0,10000.0,0.0,96.08213555863028,2.5726537704467773,0.0819436460733413,-0.3388289213180542,0.1611332446336746,0.7851904034614563,0.5919213891029358,0.0845052972435951,5,1.0,1.0,-1.0,1.0,0,0,-0.03,0.0247383694203192,-110,-103,thymio-08
48,1788221002.1296785,2.5034098625183105,-0.3461906909942627,0.4481719362056111,96.08213555863028,2.5034098625183105,0.0831654742360115,-0.3461906909942627,0.1525370925664901,0.7878949046134949,0.5882904529571533,0.0993403568863868,5,1.0,-0.7672544008851354,-0.7540078061185564,1.0,0,0,-0.0566431092688914,0.0012703577426945,-201,-201,thymio-08
49,1788221002.73698,2.5058979988098145,-0.350019633769989,0.4502291522833457,95.98213555863028,2.5058979988098145,0.0830699652433395,-0.350019633769989,0.1309703141450882,0.7850912809371948,0.5920737981796265,0.1262030601501464,5,1.0,-0.7274023862936477,-0.7693530558318876,1.0,0,2374,0.08,-0.0142043632149513,286,282,thymio-08
50,1788221003.3452291,2.549055814743042,-0.3418553471565246,0.4146688453744414,95.88213555863028,2.549055814743042,0.0825047120451927,-0.3418553471565246,0.1215113326907157,0.7759907841682434,0.5963922739028931,0.1654980033636093,5,-0.3288356884568838,-0.731055349440734,-0.8391415103329328,1.0,0,1239,0.0003325564230804,0.1425073026594843,-20,23,thymio-08
51,1788221003.9535534,2.498105049133301,-0.354338139295578,0.3986105895893468,95.57594584735196,2.498105049133301,0.0831960290670394,-0.354338139295578,0.1352474689483642,0.7696498036384583,0.6029801964759827,0.1605055779218673,5,-0.2376277489616772,-0.7438301444209892,-0.8117603260221529,1.0,0,0,0.0058361744695472,-0.081176935873734,33,8,thymio-08
52,1788221004.56166,2.498105049133301,-0.354338139295578,0.3986105895893468,95.47594584735198,2.498105049133301,0.0831960290670394,-0.354338139295578,0.1352474689483642,0.7696498036384583,0.6029801964759827,0.1605055779218673,5,-0.2376277489616772,-0.7438301444209892,-0.8117603260221529,1.0,0,0,0.0058361744695472,0.0010915579320418,21,21,thymio-08
53,1788221005.1695058,2.494485855102539,-0.3545546233654022,0.4111677668185161,95.375945847352,2.494485855102539,0.0834763571619987,-0.3545546233654022,0.1394845098257064,0.7718579173088074,0.6029528975486755,0.1456963866949081,5,-0.1897721909172218,-0.7547810241844831,-0.8130340405826917,1.0,0,0,0.0055801578428789,-0.0097811443632236,21,18,thymio-08
54,1788221005.7772293,2.4887046813964844,-0.3552652299404144,0.4346078263696356,95.275945847352,2.4887046813964844,0.0829089134931564,-0.3552652299404144,0.1334387511014938,0.7781273126602173,0.5987021327018738,0.135158821940422,5,1.0,-0.7598667208533793,-0.8131455637052728,1.0,0,0,0.0055577416952401,-0.0090987976795419,21,18,thymio-08
55,1788221006.3851075,2.48206114768982,-0.35673987865448,0.4406324325698865,95.175945847352,2.48206114768982,0.0829231590032577,-0.35673987865448,0.1316353231668472,0.7773247957229614,0.6007130146026611,0.1325983852148056,5,1.0,-0.7617188098678107,-0.8130021474099682,1.0,0,0,0.0055865683705963,-0.0306498624060108,24,15,thymio-08
56,1788221006.9931805,2.477463722229004,-0.3580395579338074,0.4477530943846428,95.075945847352,2.477463722229004,0.0831551626324653,-0.3580395579338074,0.1239055395126342,0.7805917859077454,0.5971408486366272,0.1369186341762542,5,1.0,-0.7604509506821013,-0.8113234780839527,1.0,0,1091,0.0059239809051254,0.0207841149953868,18,24,thymio-08
57,1788221007.601295,2.477463722229004,-0.3580395579338074,0.4477530943846428,94.975945847352,2.477463722229004,0.0831551626324653,-0.3580395579338074,0.1239055395126342,0.7805917859077454,0.5971408486366272,0.1369186341762542,5,1.0,-0.7604509506821013,-0.8113234780839527,1.0,0,0,0.0059239809051254,0.0341291847627556,16,26,thymio-08
58,1788221008.209632,2.470447540283203,-0.3593129217624664,0.4374645533230605,94.875945847352,2.470447540283203,0.0830601900815963,-0.3593129217624664,0.1277990788221359,0.7793183922767639,0.5972480177879333,0.1400893628597259,5,1.0,-0.755964835205579,-0.8075834981255312,1.0,0,0,0.0066757168767682,0.0423214746032902,17,30,thymio-08
59,1788221008.8180275,2.464211225509644,-0.3598919212818146,0.44179192003967,94.77594584735202,2.464211225509644,0.0832239463925361,-0.3598919212818146,0.1348143517971038,0.7809805274009705,0.5962837934494019,0.1278285086154937,5,1.0,-0.7504416584634848,-0.8028720014814206,1.0,0,0,0.0076227277022344,0.0370949688793451,21,33,thymio-08
60,1788221009.4256587,2.4542596340179443,-0.3602885901927948,0.4542550639562037,94.67594584735204,2.4542596340179443,0.0835300311446189,-0.3602885901927948,0.1463724821805954,0.786903440952301,0.5906081199645996,0.1026650667190551,5,1.0,-0.7406541085975693,-0.7959072034589025,1.0,0,0,0.0090226521047605,0.0312619761566539,27,37,thymio-08
61,1788221010.0342572,2.4542596340179443,-0.3602885901927948,0.4542550639562037,94.57594584735205,2.4542596340179443,0.0835300311446189,-0.3602885901927948,0.1463724821805954,0.786903440952301,0.5906081199645996,0.1026650667190551,5,1.0,-0.7406541085975693,-0.7959072034589025,1.0,0,0,0.0090226521047605,0.0230738989389168,29,36,thymio-08
62,1788221010.6426685,2.4467506408691406,-0.360212504863739,0.4440413475111784,94.47594584735204,2.4467506408691406,0.0834730342030525,-0.360212504863739,0.1536447554826736,0.7874798774719238,0.5882302522659302,0.1012623310089111,5,1.0,-0.7329859056419548,-0.78843425047274,1.0,0,0,0.0105247156549792,-0.0053385697536813,38,37,thymio-08
63,1788221011.2504463,2.43308424949646,-0.3604387044906616,0.4438797011745272,94.37594584735204,2.43308424949646,0.0836544185876846,-0.3604387044906616,0.1649704873561859,0.7875716686248779,0.5874905586242676,0.085852101445198,5,1.0,1.0,-0.7724225196631712,1.0,0,0,0.0137430735477025,-0.0295732331989366,53,44,thymio-08
64,1788221011.859967,2.4290833473205566,-0.3608917593955993,0.4565363356566525,94.27594584735203,2.4290833473205566,0.0837269648909568,-0.3608917593955993,0.1632959991693496,0.7892208695411682,0.5869115591049194,0.0774574428796768,5,1.0,1.0,-0.7683382371722751,1.0,0,0,0.0145640143283726,-0.1570347257445512,75,28,thymio-08
65,1788221012.468389,2.408968448638916,-0.3641334474086761,0.4366977300056325,94.15669599905976,2.408968448638916,0.0836287662386894,-0.3641334474086761,0.1567449420690536,0.7774388790130615,0.6002673506736755,0.1034357994794845,5,1.0,1.0,-0.7400105488042785,1.0,0,0,0.02025787969034,-0.0755820057973454,83,61,thymio-08
66,1788221013.0772662,2.397106409072876,-0.3675791621208191,0.4489207587876627,94.05669599905976,2.397106409072876,0.0838812217116355,-0.3675791621208191,0.1314694434404373,0.7823793888092041,0.5954865217208862,0.1264683604240417,5,1.0,1.0,-0.7211646601198233,1.0,0,0,-0.0915219060263176,-0.0742188764884444,-314,-336,thymio-08
67,1788221013.6857634,2.397106409072876,-0.3675791621208191,0.4489207587876627,93.95669599905976,2.397106409072876,0.0838812217116355,-0.3675791621208191,0.1314694434404373,0.7823793888092041,0.5954865217208862,0.1264683604240417,5,1.0,1.0,-0.7211646601198233,1.0,0,0,-0.0913560013681636,-0.0923988473326633,-311,-339,thymio-08
68,1788221014.2940638,2.3921151161193848,-0.3688820004463196,0.4545693509912416,93.85669599905977,2.3921151161193848,0.0838571488857269,-0.3688820004463196,0.1248745024204254,0.7827464938163757,0.595574676990509,0.1304036229848861,5,1.0,1.0,-0.7117093133416035,1.0,0,0,-0.0983293551980947,-0.1305839789506641,-330,-369,thymio-08
69,1788221014.9025042,2.4875118732452397,-0.3483813405036926,0.4339295482633551,93.75669599905976,2.4875118732452397,0.0832508653402328,-0.3483813405036926,0.0985509380698204,0.7732149958610535,0.6006690859794617,0.1778289228677749,5,-0.7541859229365214,1.0,-0.8037576828522528,1.0,0,0,-0.0270738410494479,-0.0499172842804977,-89,-104,thymio-08
70,1788221015.5107543,2.571585893630981,-0.3146141171455383,0.3908347263084315,93.65669599905978,2.571585893630981,0.0828378126025199,-0.3146141171455383,0.1182935759425163,0.7634621262550354,0.6071339249610901,0.1857974380254745,5,-0.7718461703625388,1.0,-0.8803333086944165,1.0,0,3005,0.08,0.0407135662806012,278,290,thymio-08
71,1788221016.1189816,2.571585893630981,-0.3146141171455383,0.3908347263084315,93.55669599905978,2.571585893630981,0.0828378126025199,-0.3146141171455383,0.1182935759425163,0.7634621262550354,0.6071339249610901,0.1857974380254745,5,-0.7718461703625388,1.0,-0.8803333086944165,1.0,0,0,-0.0,0.2744217546141225,-41,41,thymio-08
72,1788221016.7267342,2.5734007358551025,-0.3126749694347381,0.4369963279631959,93.4566959990598,2.5734007358551025,0.0825584009289741,-0.3126749694347381,0.1125027760863304,0.7785094380378723,0.5965345501899719,0.1594137251377105,5,-0.7706987111366246,1.0,-0.8800704670285127,1.0,0,0,-0.0,0.3553598799006629,-54,54,thymio-08
73,1788221017.334919,2.518683671951294,-0.3168816268444061,0.4479915167939836,93.12889732832076,2.518683671951294,0.0831440463662147,-0.3168816268444061,0.1773746013641357,0.7885532975196838,0.5852615833282471,0.0647369250655174,5,-0.736348158996839,1.0,-0.8240663660941978,1.0,0,0,-0.0033626604150662,0.459940497093213,-81,58,thymio-08
74,1788221017.9429102,2.512428045272827,-0.3068523705005646,0.3953368625783455,93.02889732832077,2.512428045272827,0.0830118358135223,-0.3068523705005646,0.2720381915569305,0.7826598286628723,0.5581445097923279,-0.0437460727989673,5,-0.7310417272898376,1.0,-0.8162386083030724,1.0,0,0,-0.0049360397310824,0.2477341137138698,-55,20,thymio-08
75,1788221018.5513968,2.5113840103149414,-0.2971860766410827,0.3261222527350895,92.92889732832076,2.5113840103149414,0.0833146497607231,-0.2971860766410827,0.3482714593410492,0.7669505476951599,0.5171093344688416,-0.1519601047039032,5,-0.7240273598901485,1.0,-0.8142536684876982,1.0,0,0,-0.0053350126339726,0.2341852149579002,-54,16,thymio-08
76,1788221019.1592748,2.513517379760742,-0.29258793592453,0.2068246724074023,92.82889732832076,2.513517379760742,0.0831491127610206,-0.29258793592453,0.4018099904060364,0.753430187702179,0.4824502468109131,-0.1952778697013855,5,-0.712057822957356,1.0,-0.8156345565153154,1.0,0,0,-0.0050574541404216,0.2191553272901201,-51,15,thymio-08
77,1788221019.767975,2.513517379760742,-0.29258793592453,0.2068246724074023,92.72889732832076,2.513517379760742,0.0831491127610206,-0.29258793592453,0.4018099904060364,0.753430187702179,0.4824502468109131,-0.1952778697013855,5,-0.712057822957356,1.0,-0.8156345565153154,1.0,0,0,-0.0050574541404216,0.2239367467153284,-52,16,thymio-08
78,1788221020.3761454,2.515542984008789,-0.2898368835449219,0.1077851785001424,92.62889732832078,2.515542984008789,0.0838497281074523,-0.2898368835449219,0.4371508359909057,0.7380719780921936,0.4509983956813812,-0.2464741021394729,5,-0.6981967825977302,1.0,-0.818582445801725,1.0,0,0,-0.0044649283938532,0.2140530553563787,-48,16,thymio-08
79,1788221020.983975,2.522947311401367,-0.2842438220977783,-0.180157976522457,92.52889732832078,2.522947311401367,0.0835700258612632,-0.2842438220977783,0.4910944998264313,0.6878017783164978,0.3925366997718811,-0.3628635704517364,5,-0.6692187165764543,1.0,-0.8251685822702767,1.0,0,0,-0.0031411149636743,0.2617779460328154,-51,28,thymio-08
80,1788221021.591878,2.527367115020752,-0.2829309999942779,-0.4393082405405542,92.4288973283208,2.527367115020752,0.0836104378104209,-0.2829309999942779,0.5174411535263062,0.6552016735076904,0.364422857761383,-0.4125064015388489,5,-0.6527506706887869,1.0,-0.8285134536574306,1.0,0,0,-0.0024687958148564,0.3647814612679218,-64,46,thymio-08
81,1788221022.1996455,2.5331947803497314,-0.2793712317943573,-1.0739501761710386,92.3288973283208,2.5331947803497314,0.0839283689856529,-0.2793712317943573,0.5555735230445862,0.5898270606994629,0.3083162605762481,-0.498380571603775,5,-0.8328637750363167,1.0,1.0,-0.6282264025891353,0,0,-0.0015943812177003,-0.0769070057565808,6,-17,thymio-08
82,1788221022.807396,2.5412187576293945,-0.2757218480110168,-1.3786850932497932,92.2288973283208,2.5412187576293945,0.0833054557442665,-0.2757218480110168,0.5884444713592529,0.5515851378440857,0.2307921648025512,-0.5442627668380737,5,-0.825391963277342,1.0,1.0,-0.5891313586671045,0,0,-0.0030962153812542,0.3133683629407233,-58,36,thymio-08
83,1788221023.4160402,2.5444631576538086,-0.2769951522350311,-1.533683991043303,92.1288973283208,2.5444631576538086,0.0842126160860061,-0.2769951522350311,0.5947548747062683,0.5201488137245178,0.2067496180534362,-0.5770325660705566,5,-0.8146122235695683,1.0,1.0,-0.5517794721840233,0,0,-0.0052629430625167,0.5731599311896713,-105,68,thymio-08
84,1788221024.0241888,2.5444631576538086,-0.2769951522350311,-1.533683991043303,92.0288973283208,2.5444631576538086,0.0842126160860061,-0.2769951522350311,0.5947548747062683,0.5201488137245178,0.2067496180534362,-0.5770325660705566,5,-0.8146122235695683,1.0,1.0,-0.5517794721840233,0,0,-0.0052629430625167,0.6213748998284393,-113,75,thymio-08
85,1788221024.6324973,2.5540242195129395,-0.2759896218776703,-1.83258817114458,91.92889732832082,2.5540242195129395,0.0838170945644378,-0.2759896218776703,0.6095916032791138,0.416501522064209,0.1311066597700119,-0.6616159081459045,5,-0.7902665660415976,1.0,1.0,-0.5155528508684327,0,0,-0.0101564202256388,0.6264200156995102,-131,59,thymio-08
86,1788221025.240392,2.574226856231689,-0.2846573889255523,-1.9690334212919411,91.82889732832082,2.574226856231689,0.0834222212433815,-0.2846573889255523,0.6154085397720337,0.1788505613803863,-0.0825306326150894,-0.7631995677947998,5,-0.7897182941762694,1.0,1.0,-0.4518255186341802,0,0,-0.0102666228705698,0.6278823547020749,-131,58,thymio-08
87,1788221025.8487897,2.5799779891967773,-0.2953599393367767,-1.9786705429362252,91.72889732832084,2.5799779891967773,0.0823949053883552,-0.2953599393367767,0.5850197076797485,0.0117389122024178,-0.2039395421743393,-0.7848712205886841,5,-0.4947706267508984,1.0,1.0,-0.7852553903353612,0,0,-0.0001480478300024,0.6282830532848602,-95,94,thymio-08
88,1788221026.4567988,2.5799779891967773,-0.2953599393367767,-1.9786705429362252,91.62889732832085,2.5799779891967773,0.0823949053883552,-0.2953599393367767,0.5850197076797485,0.0117389122024178,-0.2039395421743393,-0.7848712205886841,5,-0.4947706267508984,1.0,1.0,-0.7852553903353612,0,0,0.0007074964624536,0.6282908471015406,-92,97,thymio-08
89,1788221027.06527,2.5819880962371826,-0.3098736703395843,-1.91849684683696,91.52889732832084,2.5819880962371826,0.0817338228225708,-0.3098736703395843,0.5259078145027161,-0.1583967208862304,-0.31777423620224,-0.7728848457336426,5,-0.4860934053075799,1.0,1.0,-0.7854397599730774,0,0,0.0086068538004114,0.6281807285787245,-64,125,thymio-08
90,1788221027.6734755,2.575993776321411,-0.3400465250015259,-1.2501296435594589,91.42889732832084,2.575993776321411,0.0828409940004348,-0.3400465250015259,0.379229187965393,-0.4235033094882965,-0.4837377667427063,-0.6654532551765442,5,-0.779413063995921,1.0,1.0,-0.1661986964350803,0,0,0.0037746502389577,0.6273753435072937,-81,108,thymio-08
91,1788221028.282122,2.563119411468506,-0.3598729372024536,-0.0455272610572845,91.32889732832083,2.563119411468506,0.0822501257061958,-0.3598729372024536,0.2412369847297668,-0.5695397853851318,-0.5684105753898621,-0.5425297617912292,5,-0.0627221848513794,1.0,-0.7669232400037607,1.0,0,0,0.0125558838949856,0.4889391738710748,-29,118,thymio-08
92,1788221028.8897004,2.547295570373535,-0.368262231349945,0.2754980581451458,91.22889732832084,2.547295570373535,0.0829378888010978,-0.368262231349945,0.126253604888916,-0.6574862003326416,-0.6047272682189941,-0.4313664138317108,5,-0.0291732227364035,1.0,-0.7588743276511143,1.0,0,0,0.0438883928876724,0.5799178957574824,68,244,thymio-08
93,1788221029.4977474,2.504828929901123,-0.3801428377628326,0.3658180911224327,90.99786304924716,2.504828929901123,0.0822985470294952,-0.3801428377628326,-0.0603250041604042,-0.7455267906188965,-0.6094473004341125,-0.2629157900810241,5,0.0914559607310292,1.0,-0.735115218153466,1.0,0,0,0.0773326277076713,0.5233558517247591,196,354,thymio-08
94,1788221030.1057148,2.4448704719543457,-0.3854983150959015,0.4429985156867349,90.67165971116488,2.4448704719543457,0.0833495408296585,-0.3854983150959015,-0.1510366350412368,-0.7863219976425171,-0.5896784663200378,-0.1056649163365364,5,0.1805929166065076,1.0,-0.6957814328675079,1.0,0,0,0.1119617289296673,0.4274155353470431,333,462,thymio-08
95,1788221030.7143736,2.4448704719543457,-0.3854983150959015,0.4429985156867349,90.57165971116488,2.4448704719543457,0.0833495408296585,-0.3854983150959015,-0.1510366350412368,-0.7863219976425171,-0.5896784663200378,-0.1056649163365364,5,0.1805929166065076,1.0,-0.6957814328675079,1.0,0,0,0.1139465433286009,0.2814290106792439,362,447,thymio-08
96,1788221031.3225465,2.3651089668273926,-0.3749605417251587,0.4279349010253801,90.08916637235131,2.3651089668273926,0.0840312093496322,-0.3749605417251587,-0.2318718880414962,-0.794413685798645,-0.5613492131233215,0.0054296110756695,5,0.2542927511098074,1.0,-0.6459894499009912,1.0,0,0,0.1548239495195255,0.2036595554719714,500,500,thymio-08
97,1788221031.9308834,2.244676113128662,-0.3294568955898285,0.3511641426854899,89.34300900234484,2.244676113128662,0.0847029164433479,-0.3294568955898285,-0.320443332195282,-0.7717993259429932,-0.5399302840232849,0.1005836799740791,5,0.3413716589241453,1.0,-0.5710611035800013,1.0,0,0,0.1987147969979642,0.1708291687263772,500,500,thymio-08
98,1788221032.5393126,2.244676113128662,-0.3294568955898285,0.3511641426854899,89.24300900234485,2.244676113128662,0.0847029164433479,-0.3294568955898285,-0.320443332195282,-0.7717993259429932,-0.5399302840232849,0.1005836799740791,5,0.3413716589241453,1.0,-0.5710611035800013,1.0,0,0,0.1989498791151407,0.161974843825325,500,500,thymio-08
99,1788221033.147181,2.194987297058105,-0.3054443001747131,0.3343068764999555,88.94050593612849,2.194987297058105,0.0851678028702735,-0.3054443001747131,-0.3317030072212219,-0.7680829167366028,-0.536903440952301,0.1084271892905235,5,0.3714758522190504,1.0,-0.5388121951276855,1.0,0,0,0.1989301568940144,0.1534094228407586,500,500,thymio-08
100,1788221033.755267,2.031386137008667,-0.2171290218830108,0.3141424602889637,87.90078186512018,2.031386137008667,0.0869392305612564,-0.2171290218830108,-0.3494559228420257,-0.7660744786262512,-0.5215319991111755,0.1378940045833587,5,0.4636250320975035,1.0,-0.4289129016613887,1.0,0,0,0.1990478277205177,0.1391063781610409,500,500,thymio-08
101,1788221034.3645036,1.9313799142837524,-0.1560881286859512,0.3082544057331744,87.27525823703458,1.9313799142837524,0.087939903140068,-0.1560881286859512,-0.3564606010913849,-0.7629255056381226,-0.5177096128463745,0.1511859595775604,5,0.5004266285305599,1.0,-0.3492321381354277,1.0,0,0,0.1991066252896519,0.1412312023821799,500,500,thymio-08
102,1788221034.9727912,1.870902419090271,-0.1170680224895477,0.3197793852584816,86.90090193989826,1.870902419090271,0.0885894745588302,-0.1170680224895477,-0.3538808822631836,-0.7658519148826599,-0.511305570602417,0.1637247949838638,5,0.5103824135452477,1.0,-0.2963835501947655,1.0,0,0,0.1991370080419807,0.1514010157023018,500,500,thymio-08
103,1788221035.5811408,1.870902419090271,-0.1170680224895477,0.3197793852584816,86.80090193989827,1.870902419090271,0.0885894745588302,-0.1170680224895477,-0.3538808822631836,-0.7658519148826599,-0.511305570602417,0.1637247949838638,5,0.5103824135452477,1.0,-0.2963835501947655,1.0,0,0,0.1989276455792993,0.1365796275651285,500,500,thymio-08
104,1788221036.2001507,1.7830612659454346,-0.0570470727980136,0.2892556577859579,86.25025110367838,1.7830612659454346,0.0895795077085495,-0.0570470727980136,-0.3620916306972503,-0.7638116478919983,-0.5134815573692322,0.1477096676826477,5,0.5129881468792346,1.0,-0.2242484643966977,1.0,0,0,0.1988644198760296,0.1391033700016397,500,500,thymio-08
105,1788221036.808395,1.670417308807373,0.019643785431981,0.277445231881968,85.46473529813129,1.670417308807373,0.0912955030798912,0.019643785431981,-0.3738997280597687,-0.758937418460846,-0.50385981798172,0.1741787493228912,5,0.4992650103928042,-0.1154632473189843,0.4466764152588505,1.0,0,0,0.1946685156918498,0.0674216843137165,500,500,thymio-08
106,1788221037.4167798,1.5875294208526611,0.0834527611732482,0.2337582313626107,84.94178746457885,1.5875294208526611,0.0926068350672721,0.0834527611732482,-0.3924714624881744,-0.7511735558509827,-0.500060498714447,0.1778876036405563,5,0.4841953030088231,-0.0127145844279557,0.4953216185797988,1.0,0,0,0.1981451329500641,0.0680111259081428,500,500,thymio-08
107,1788221038.0247543,1.4757879972457886,0.1736779659986496,0.2358451892895914,84.29091351100777,1.4757879972457886,0.0934732630848884,0.1736779659986496,-0.3938178718090057,-0.7531351447105408,-0.4866547286510467,0.2021444588899612,5,1.0,0.1440025245619502,0.4716544891858722,1.0,0,0,0.1791923222648997,-0.0738943263560172,500,500,thymio-08
108,1788221038.6332717,1.4757879972457886,0.1736779659986496,0.2358451892895914,84.19091351100778,1.4757879972457886,0.0934732630848884,0.1736779659986496,-0.3938178718090057,-0.7531351447105408,-0.4866547286510467,0.2021444588899612,5,1.0,0.1440025245619502,0.4716544891858722,1.0,0,0,0.1657807746521747,0.4774817860483509,500,500,thymio-08
109,1788221039.2416656,1.415982723236084,0.2258130460977554,0.2539027445915627,83.84626567333343,1.415982723236084,0.0940239205956459,0.2258130460977554,-0.3931846022605896,-0.746778666973114,-0.4895373284816742,0.219273179769516,5,1.0,0.2493758477844749,0.4680856641335915,1.0,0,0,0.0601998151777656,0.6266708191788872,119,309,thymio-08
110,1788221039.849372,1.31265127658844,0.3215323388576507,0.2164840624570367,83.1794214529992,1.31265127658844,0.0953333377838134,0.3215323388576507,-0.4062121510505676,-0.7437300682067871,-0.4757519960403442,0.2356215715408325,5,1.0,0.4372593655716819,0.4656247747673863,1.0,0,0,-0.0035521418856292,0.6279203417964178,-107,82,thymio-08
111,1788221040.4570725,1.2929736375808716,0.378574401140213,-0.4849435221916431,83.03334158580635,1.2929736375808716,0.0960081294178962,0.378574401140213,-0.5162819027900696,-0.653441846370697,-0.3537591099739074,0.4258184432983398,5,0.4400900572355397,1.0,0.4780030440363003,1.0,0,0,0.0228714430007284,0.6142491151387274,-11,174,thymio-08
112,1788221041.065846,1.3074229955673218,0.3994244933128357,-1.444168741777695,82.93334158580636,1.3074229955673218,0.0957855507731437,0.3994244933128357,-0.58482426404953,-0.5414724946022034,-0.2230777591466903,0.5612703561782837,5,0.411795870783366,1.0,0.4509863275650974,1.0,0,0,0.0543018814353162,0.6283006987753,98,288,thymio-08
113,1788221041.6737597,1.3074229955673218,0.3994244933128357,-1.444168741777695,82.83334158580637,1.3074229955673218,0.0957855507731437,0.3994244933128357,-0.58482426404953,-0.5414724946022034,-0.2230777591466903,0.5612703561782837,5,0.411795870783366,1.0,0.4509863275650974,1.0,0,0,-0.1355812270024757,0.6282757073090305,-500,-387,thymio-08
114,1788221042.2813215,1.334623098373413,0.4274353682994842,-1.8009177512820964,82.73334158580637,1.334623098373413,0.0959842503070831,0.4274353682994842,-0.617310643196106,-0.4095315337181091,-0.0977810323238372,0.6645678281784058,5,0.403207005930412,1.0,0.4691954596418526,0.3705378323843218,0,0,-0.193913247913574,0.6283168105040536,-500,-500,thymio-08
115,1788221042.8896244,1.331794023513794,0.4193247854709625,-1.867105395917655,82.63334158580638,1.331794023513794,0.0959844887256622,0.4193247854709625,-0.6255170702934265,-0.3359102010726928,-0.0258596017956733,0.7037216424942017,5,0.3694352992301284,1.0,0.4357686472741415,0.3805826856761765,0,0,-0.1994603573702565,0.6281148498165646,-500,-500,thymio-08
116,1788221043.4991708,1.2446410655975342,0.3454362452030182,-1.916517734173248,82.07842767979595,1.2446410655975342,0.0951533019542694,0.3454362452030182,-0.6177653670310974,-0.3104189038276672,-0.021919222548604,0.7221673727035522,5,0.3670166781487436,1.0,0.3679782547532488,0.4984876842785819,0,0,-0.199630860343166,0.627622552593064,-500,-500,thymio-08
117,1788221044.10722,1.1652203798294067,0.2806800007820129,-1.8952429765901255,81.57568944602836,1.1652203798294067,0.0953465178608894,0.2806800007820129,-0.6211223602294922,-0.3154933750629425,-0.0154353771358728,0.7172396779060364,5,0.3950974495638326,1.0,0.3089501689356295,0.5969909760177736,0,0,-0.1996114381790204,0.6268071848022121,-500,-500,thymio-08
118,1788221044.7156174,1.1652203798294067,0.2806800007820129,-1.8952429765901255,81.47568944602837,1.1652203798294067,0.0953465178608894,0.2806800007820129,-0.6211223602294922,-0.3154933750629425,-0.0154353771358728,0.7172396779060364,5,0.3950974495638326,1.0,0.3089501689356295,0.5969909760177736,0,0,-0.1995680465568806,0.6258152957662777,-500,-500,thymio-08
119,1788221045.3231838,1.039949893951416,0.1717001646757125,-1.967894572273849,80.66614456939284,1.039949893951416,0.096873715519905,0.1717001646757125,-0.6257564425468445,-0.3090681731700897,-0.0594614334404468,0.7137017250061035,5,0.2190958709555654,1.0,1.0,0.759767816684713,0,0,-0.1888529299366638,0.5951841948205288,-500,-500,thymio-08
120,1788221045.9320686,0.959760844707489,0.0976547226309776,-1.913212207858859,80.15273175532798,0.959760844707489,0.0965644344687461,0.0976547226309776,-0.6314115524291992,-0.3275611698627472,-0.0499251410365104,0.7010924816131592,5,0.5476759818736798,1.0,0.1616427096130757,0.8657088591864279,0,0,-0.1953099336702479,0.6282219082756246,-500,-500,thymio-08
121,1788221046.5399911,0.9084182381629944,0.0482062473893165,-1.8909831162899573,79.79258063300371,0.9084182381629944,0.0955594405531883,0.0482062473893165,-0.624407172203064,-0.3403177261352539,-0.0486687161028385,0.7013778686523438,5,0.5449669889607902,1.0,0.1238501599663679,0.932264438955293,0,0,-0.1987213066914831,0.6282764653230809,-500,-500,thymio-08
122,1788221047.1475506,0.8098973631858826,-0.0487608350813388,-1.901298424495895,79.0896356934487,0.8098973631858826,0.095096543431282,-0.0487608350813388,-0.6221904158592224,-0.3441136479377746,-0.0603459291160106,0.7005878686904907,5,0.556926860002201,1.0,0.0539730464156131,1.0,0,0,-0.1943439205265954,0.6280439606741836,-500,-500,thymio-08
123,1788221047.7558386,0.8098973631858826,-0.0487608350813388,-1.901298424495895,78.9896356934487,0.8098973631858826,0.095096543431282,-0.0487608350813388,-0.6221904158592224,-0.3441136479377746,-0.0603459291160106,0.7005878686904907,5,0.556926860002201,1.0,0.0539730464156131,1.0,0,0,-0.1912543969898357,0.6281886351423,-500,-500,thymio-08
124,1788221048.3636506,0.7678289413452148,-0.0912011265754699,-1.932468570982772,78.72116231881,0.7678289413452148,0.0952803641557693,-0.0912011265754699,-0.6177109479904175,-0.3384347558021545,-0.0711070522665977,0.706285297870636,5,0.5684625575782674,1.0,0.025744794617883,1.0,0,0,-0.1868645561268739,0.6282358035612841,-500,-500,thymio-08
125,1788221048.9721582,0.6475414037704468,-0.2176940739154815,-1.8505356071406471,77.92997437471217,0.6475414037704468,0.0957729741930961,-0.2176940739154815,-0.6268165111541748,-0.3724924027919769,-0.0724319070577621,0.6805175542831421,5,0.6302124870848878,1.0,-0.053554349975373,1.0,0,0,-0.1743521569301553,0.6280785550384655,-500,-500,thymio-08
126,1788221049.5807967,0.6123372316360474,-0.2578577101230621,-1.8485617641035392,77.70241098816247,0.6123372316360474,0.0958059579133987,-0.2578577101230621,-0.6259361505508423,-0.3736308217048645,-0.0722998306155204,0.6807178258895874,5,0.6592545824496667,1.0,-0.0783604259100023,1.0,0,0,-0.1580075237673054,0.6277888445121664,-500,-467,thymio-08
127,1788221050.1890056,0.5285220742225647,-0.3576577007770538,-1.8209172574803376,77.148896504763,0.5285220742225647,0.0960423201322555,-0.3576577007770538,-0.6270527839660645,-0.386690080165863,-0.0758581534028053,0.6719532608985901,5,0.7506294735130921,1.0,-0.141282057178682,1.0,0,0,-0.1483336079282023,0.6274076370661796,-500,-432,thymio-08
128,1788221050.797496,0.4445027709007263,-0.458248883485794,-1.8532303675081632,76.5935774458744,0.4445027709007263,0.0968383103609085,-0.458248883485794,-0.6272837519645691,-0.3696242570877075,-0.069793052971363,0.6819251775741577,5,-0.19645212118247,1.0,1.0,0.8721603539305784,0,0,-0.1754288088549846,0.6283042463304119,-500,-500,thymio-08
129,1788221051.405815,0.3873839974403381,-0.5214592218399048,-1.8282841056129868,76.18628069394808,0.3873839974403381,0.0968615561723709,-0.5214592218399048,-0.6281648278236389,-0.3779084384441376,-0.0661502107977867,0.6769182682037354,5,0.9500299929697732,1.0,1.0,0.965070373353335,0,0,-0.198260358561077,0.628315012022318,-500,-500,thymio-08
130,1788221052.0139942,0.3873839974403381,-0.5214592218399048,-1.8282841056129868,76.08628069394808,0.3873839974403381,0.0968615561723709,-0.5214592218399048,-0.6281648278236389,-0.3779084384441376,-0.0661502107977867,0.6769182682037354,5,0.9500299929697732,1.0,1.0,0.965070373353335,0,0,-0.1938095768219947,0.6282609523043472,-500,-500,thymio-08
131,1788221052.6225948,0.3196764290332794,-0.5956478118896484,-1.965524916987813,75.64627827407361,0.3196764290332794,0.0990930423140525,-0.5956478118896484,-0.6111341714859009,-0.3184128999710083,-0.0621794797480106,0.7219846844673157,5,1.0,1.0,1.0,1.0,0,0,-0.1966590615798336,0.6283091266354365,-500,-500,thymio-08
132,1788221053.230971,0.2337948381900787,-0.6992958784103394,-1.9010023438965535,75.0776770017392,0.2337948381900787,0.0975958853960037,-0.6992958784103394,-0.6240066885948181,-0.3621959984302521,-0.0901729986071586,0.6865118741989136,5,1.0,1.0,1.0,1.0,0,0,-0.192785924396033,0.628173334887597,-500,-500,thymio-08
133,1788221053.8388755,0.1745284348726272,-0.7739736437797546,-1.8647284868091063,74.64784228383881,0.1745284348726272,0.0971127450466156,-0.7739736437797546,-0.6223183870315552,-0.3864059150218963,-0.1053118407726287,0.6725472211837769,5,1.0,1.0,1.0,1.0,0,0,-0.1909926589407509,0.6282197106268497,-500,-500,thymio-08
134,1788221054.447069,0.1745284348726272,-0.7739736437797546,-1.8647284868091063,74.54784228383882,0.1745284348726272,0.0971127450466156,-0.7739736437797546,-0.6223183870315552,-0.3864059150218963,-0.1053118407726287,0.6725472211837769,5,1.0,1.0,1.0,1.0,0,0,-0.1894103595707279,0.6282462165962949,-500,-500,thymio-08
135,1788221055.055024,0.1303179860115051,-0.83470219373703,-1.854340123620133,74.25318397143569,0.1303179860115051,0.097050666809082,-0.83470219373703,-0.6212676167488098,-0.3962005972862243,-0.1159184798598289,0.6660439968109131,5,1.0,1.0,1.0,1.0,0,0,-0.1846263060623809,0.6282267496157734,-500,-500,thymio-08
136,1788221055.6633835,0.0475815124809742,-0.9543713331222534,-1.848647466617885,73.69014524096266,0.0475815124809742,0.0974256470799446,-0.9543713331222534,-0.6223430037498474,-0.4052897095680237,-0.1322291195392608,0.6564640402793884,5,1.0,1.0,1.0,1.0,0,0,-0.1630911456095531,0.6280948342140953,-500,-485,thymio-08
137,1788221056.2718902,-0.0011454140767455,-1.0339337587356567,-1.7273289151266615,73.35441691344398,-0.0011454140767455,0.0975657105445861,-1.0339337587356567,-0.6372663378715515,-0.4312753677368164,-0.1073884889483451,0.6295720338821411,5,1.0,1.0,1.0,1.0,0,0,-0.0186443098983478,0.6267051342187027,-161,28,thymio-08
138,1788221056.8810403,-0.025368433445692,-1.073094129562378,-1.839383005237768,73.18909401703445,-0.025368433445692,0.0968935191631317,-1.073094129562378,-0.6188663244247437,-0.412367969751358,-0.137258306145668,0.6543067693710327,5,1.0,1.0,1.0,1.0,0,0,0.1360698703498468,0.4125053403666165,421,500,thymio-08
139,1788221057.4891105,-0.0593527853488922,-1.1309996843338013,-1.7840725772806878,72.95391844564763,-0.0593527853488922,0.096507042646408,-1.1309996843338013,-0.6245059370994568,-0.4244368374347687,-0.1263318061828613,0.6433396935462952,5,1.0,1.0,1.0,-0.976166615912658,0,0,0.0,-0.2841191037240326,43,-43,thymio-08
140,1788221058.0972755,-0.0593527853488922,-1.1309996843338013,-1.7840725772806878,72.85391844564764,-0.0593527853488922,0.096507042646408,-1.1309996843338013,-0.6245059370994568,-0.4244368374347687,-0.1263318061828613,0.6433396935462952,5,1.0,1.0,1.0,-0.976166615912658,0,0,0.0,-0.4425666734119419,67,-67,thymio-08
141,1788221058.7010236,10000.0,10000.0,0.0,72.85391844564764,-0.0593527853488922,0.096507042646408,-1.1309996843338013,-0.6245059370994568,-0.4244368374347687,-0.1263318061828613,0.6433396935462952,5,1.0,1.0,-1.0,1.0,0,0,0.03,-0.5556504417587904,190,23,thymio-08
142,1788221059.3044772,10000.0,10000.0,0.0,72.85391844564764,-0.0593527853488922,0.096507042646408,-1.1309996843338013,-0.6245059370994568,-0.4244368374347687,-0.1263318061828613,0.6433396935462952,5,1.0,1.0,1.0,1.0,0,0,0.0258899410849706,-0.563742630729695,177,7,thymio-08
143,1788221059.9078753,-0.0100964512676,-1.076777100563049,-1.3285345956793035,72.85391844564764,-0.0100964512676,0.095856562256813,-1.076777100563049,-0.5740969777107239,-0.5618261694908142,-0.2558959722518921,0.537848711013794,5,1.0,1.0,-0.6328796106351524,1.0,0,0,0.0996376364241473,-0.6191529582780144,448,261,thymio-08
144,1788221060.5159297,-0.0292411800473928,-1.0349085330963137,-0.4117117898533955,72.72448331669796,-0.0292411800473928,0.0954447016119957,-1.0349085330963137,-0.51435786485672,-0.6662706732749939,-0.356912761926651,0.4051330685615539,5,1.0,1.0,-0.6981043460071726,1.0,0,0,0.0513064110696398,-0.6151025084635104,275,89,thymio-08
145,1788221061.124792,-0.0292411800473928,-1.0349085330963137,-0.4117117898533955,72.62448331669796,-0.0292411800473928,0.0954447016119957,-1.0349085330963137,-0.51435786485672,-0.6662706732749939,-0.356912761926651,0.4051330685615539,5,1.0,1.0,-0.6981043460071726,1.0,0,0,0.0864496281144014,-0.6248578865452188,402,213,thymio-08
146,1788221061.7328012,-0.0533078573644161,-1.0045799016952517,0.0787178819980662,72.46726738332013,-0.0533078573644161,0.0952503755688667,-1.0045799016952517,-0.4443302452564239,-0.7211847305297852,-0.431745320558548,0.3099340796470642,5,1.0,-0.7301747336366406,1.0,1.0,0,0,0.0348231341422487,-0.5854517348814399,212,35,thymio-08
147,1788221062.341207,-0.0897662490606308,-0.9836602210998536,0.2231880803097721,72.22131501236338,-0.0897662490606308,0.0955668464303016,-0.9836602210998536,-0.3834640085697174,-0.7643466591835022,-0.4993071258068084,0.1393626481294632,5,1.0,-0.8086115187988276,1.0,1.0,0,0,0.017865405721686,-0.6178598450808005,157,-30,thymio-08
148,1788221062.9495482,-0.0897662490606308,-0.9836602210998536,0.2231880803097721,72.12131501236338,-0.0897662490606308,0.0955668464303016,-0.9836602210998536,-0.3834640085697174,-0.7643466591835022,-0.4993071258068084,0.1393626481294632,5,1.0,-0.8086115187988276,1.0,1.0,0,0,0.0064690847214356,-0.6042324082574356,114,-68,thymio-08
149,1788221063.552524,10000.0,10000.0,0.0,72.12131501236338,-0.0897662490606308,0.0955668464303016,-0.9836602210998536,-0.3834640085697174,-0.7643466591835022,-0.4993071258068084,0.1393626481294632,5,1.0,1.0,1.0,1.0,0,0,0.03,-0.4511757789094298,175,38,thymio-08
150,1788221064.155603,2.4849445819854736,-0.9162802696228028,2.472665805550486,72.12131501236338,2.4849445819854736,0.0729633644223213,-0.9162802696228028,0.3298565149307251,0.3492049276828766,-0.5952433943748474,0.6441552042961121,5,1.0,1.0,-0.9637283174808748,1.0,0,0,0.0,-0.5662943811720976,86,-86,thymio-08
151,1788221064.7641218,2.4849445819854736,-0.9162802696228028,2.472665805550486,72.02131501236339,2.4849445819854736,0.0729633644223213,-0.9162802696228028,0.3298565149307251,0.3492049276828766,-0.5952433943748474,0.6441552042961121,5,1.0,1.0,-0.8811370979325923,1.0,0,0,0.0,-0.6143238453712295,93,-93,thymio-08
152,1788221065.367573,10000.0,10000.0,0.0,72.02131501236339,2.4849445819854736,0.0729633644223213,-0.9162802696228028,0.3298565149307251,0.3492049276828766,-0.5952433943748474,0.6441552042961121,5,1.0,1.0,1.0,1.0,0,0,0.03,-0.6064852964149354,198,15,thymio-08
153,1788221065.9713688,-0.1110715270042419,-1.0119764804840088,0.1535540987191508,72.02131501236339,-0.1110715270042419,0.0957296714186668,-1.0119764804840088,-0.2256143987178802,0.6074731945991516,0.5703541040420532,0.5047482252120972,5,1.0,1.0,-0.7713951804113348,1.0,0,0,0.0478733908088965,-0.5032481948728763,246,94,thymio-08
154,1788221066.579366,-0.0877226889133453,-1.0092025995254517,-1.312703825289655,71.9213150123634,-0.0877226889133453,0.0950790718197822,-1.0092025995254517,-0.3840933740139007,0.3907705247402191,0.4850464463233948,0.6815427541732788,5,-0.7947911259321803,1.0,1.0,1.0,0,0,0.0357145999532268,-0.3118287074132607,174,80,thymio-08
155,1788221067.1870549,-0.0599987544119358,-1.0270469188690186,-1.7778852351359853,71.8213150123634,-0.0599987544119358,0.0946028158068656,-1.0270469188690186,-0.4791583120822906,0.2501932084560394,0.3940428793430328,0.7433309555053711,5,-0.9929443997697682,1.0,1.0,1.0,0,0,0.0,-0.3513789898377471,53,-53,thymio-08
156,1788221067.795187,-0.0415848903357982,-1.0350817441940308,-1.921576656377596,71.7213150123634,-0.0415848903357982,0.0948422774672508,-1.0350817441940308,-0.5201870799064636,0.1986897140741348,0.3334856629371643,0.7607333064079285,5,1.0,-0.985733842588967,1.0,1.0,0,0,0.0,-0.1643740614650426,25,-25,thymio-08
157,1788221068.4028945,-0.0434776097536087,-1.0287693738937378,-1.8756127180365347,71.62131501236341,-0.0434776097536087,0.0950117334723472,-1.0287693738937378,-0.5402252078056335,0.1022423207759857,0.3163064420223236,0.7730806469917297,5,-0.7264072911807311,1.0,1.0,1.0,0,0,0.0699476865016751,0.1326346737148791,229,269,thymio-08
158,1788221069.011448,-0.0434776097536087,-1.0287693738937378,-1.8756127180365347,71.52131501236342,-0.0434776097536087,0.0950117334723472,-1.0287693738937378,-0.5402252078056335,0.1022423207759857,0.3163064420223236,0.7730806469917297,5,-0.7072456658570716,1.0,1.0,1.0,0,0,0.1020540886766544,0.5915714472100015,273,452,thymio-08
159,1788221069.6150718,10000.0,10000.0,0.0,71.52131501236342,-0.0434776097536087,0.0950117334723472,-1.0287693738937378,-0.5402252078056335,0.1022423207759857,0.3163064420223236,0.7730806469917297,5,1.0,1.0,1.0,1.0,0,0,0.03,0.627696012911555,12,201,thymio-08
160,1788221070.218603,0.0508174449205398,-1.0701419115066528,-1.83948228638073,71.52131501236342,0.0508174449205398,0.0947105884552002,-1.0701419115066528,-0.5181431174278259,0.1607061177492141,0.3529666066169739,0.7623096108436584,5,-0.7448209646832055,1.0,1.0,1.0,0,0,0.0366724058242396,0.619107247279511,37,224,thymio-08
161,1788221070.8264852,0.0787372142076492,-1.1153690814971924,-1.585461053159822,71.42131501236342,0.0787372142076492,0.0933868438005447,-1.1153690814971924,-0.4271164834499359,0.3505091369152069,0.4453836679458618,0.7045199275016785,5,-0.7131482906469901,1.0,1.0,1.0,0,0,0.0466234677912262,0.6265542416547503,71,260,thymio-08
162,1788221071.4348905,0.0780213847756385,-1.1572164297103882,-0.5870323816822669,71.32131501236343,0.0780213847756385,0.0939836278557777,-1.1572164297103882,-0.3351247608661651,0.5090997815132141,0.5146142840385437,0.6030596494674683,5,-0.6871997885933793,1.0,0.6082024083821811,1.0,0,0,-0.0308728424927307,0.6223095224328389,-204,-16,thymio-08
163,1788221072.044447,0.0780213847756385,-1.1572164297103882,-0.5870323816822669,71.22131501236343,0.0780213847756385,0.0939836278557777,-1.1572164297103882,-0.3351247608661651,0.5090997815132141,0.5146142840385437,0.6030596494674683,5,-0.6871997885933793,1.0,0.6082024083821811,1.0,0,0,-0.0308728424927307,0.6265322173795145,-204,-15,thymio-08
164,1788221072.652528,0.0608291923999786,-1.1927855014801023,0.2358705064386765,71.10698311186258,0.0608291923999786,0.0939677059650421,-1.1927855014801023,-0.1993857324123382,0.6276978254318237,0.5827367901802063,0.47608682513237,5,1.0,1.0,-0.6537008158205917,1.0,0,0,-0.037606136020061,0.5923537727420861,-223,-44,thymio-08
165,1788221073.2607658,0.0546984747052192,-1.1774165630340576,0.3690815097646798,71.00698311186258,0.0546984747052192,0.0956756398081779,-1.1774165630340576,-0.0553485415875911,0.694638729095459,0.6277141571044922,0.3469704985618591,5,1.0,1.0,-0.6637289631162867,1.0,0,0,-0.0355904784136263,0.4110038780364418,-189,-64,thymio-08
166,1788221073.868801,0.0546984747052192,-1.1774165630340576,0.3690815097646798,70.90698311186259,0.0546984747052192,0.0956756398081779,-1.1774165630340576,-0.0553485415875911,0.694638729095459,0.6277141571044922,0.3469704985618591,5,1.0,1.0,-0.6637289631162867,1.0,0,0,0.1354771160510745,0.2343714203381566,446,500,thymio-08
167,1788221074.4774632,0.085059106349945,-1.141421914100647,0.431469704858971,70.80698311186259,0.085059106349945,0.0950867608189582,-1.141421914100647,0.2025517523288726,0.7769687175750732,0.5944212675094604,0.0442245304584503,5,1.0,1.0,-0.730263636821199,1.0,0,0,0.0873127642628249,-0.0243736803311345,314,307,thymio-08
168,1788221075.0860338,0.085059106349945,-1.141421914100647,0.431469704858971,70.7069831118626,0.085059106349945,0.0950867608189582,-1.141421914100647,0.2025517523288726,0.7769687175750732,0.5944212675094604,0.0442245304584503,5,1.0,1.0,-0.7566897509060326,1.0,0,0,0.0671647449345708,-0.1126491111877852,256,222,thymio-08
169,1788221075.688804,10000.0,10000.0,0.0,70.7069831118626,0.085059106349945,0.0950867608189582,-1.141421914100647,0.2025517523288726,0.7769687175750732,0.5944212675094604,0.0442245304584503,5,1.0,1.0,1.0,1.0,0,0,0.03,-0.1631177903934722,131,82,thymio-08
170,1788221076.2933023,10000.0,10000.0,0.0,70.7069831118626,0.085059106349945,0.0950867608189582,-1.141421914100647,0.2025517523288726,0.7769687175750732,0.5944212675094604,0.0442245304584503,5,1.0,1.0,-1.0,1.0,0,0,0.03,-0.3455669500402048,159,54,thymio-08
171,1788221076.8966389,0.9283208250999452,-1.1114953756332395,2.079372715972432,70.7069831118626,0.9283208250999452,0.0820135176181793,-1.1114953756332395,0.211907148361206,0.4389508664608001,-0.6308257579803467,0.6037188172340393,5,1.0,0.6754494562850542,-0.8899318228884193,1.0,0,0,0.0,-0.3602880002639581,54,-54,thymio-08
172,1788221077.5051718,0.9283208250999452,-1.1114953756332395,2.079372715972432,70.6069831118626,0.9283208250999452,0.0820135176181793,-1.1114953756332395,0.211907148361206,0.4389508664608001,-0.6308257579803467,0.6037188172340393,5,1.0,0.6743526119942023,-0.7940679216732984,1.0,0,0,0.0355280985199825,-0.2881519184306229,170,83,thymio-08
173,1788221078.1088076,10000.0,10000.0,0.0,70.6069831118626,0.9283208250999452,0.0820135176181793,-1.1114953756332395,0.211907148361206,0.4389508664608001,-0.6308257579803467,0.6037188172340393,5,1.0,1.0,-1.0,1.0,0,0,0.03,0.1563215592387939,83,130,thymio-08
174,1788221078.7120512,10000.0,10000.0,0.0,70.6069831118626,0.9283208250999452,0.0820135176181793,-1.1114953756332395,0.211907148361206,0.4389508664608001,-0.6308257579803467,0.6037188172340393,5,1.0,1.0,-1.0,1.0,0,0,0.03,0.5328719780078464,26,187,thymio-08
175,1788221079.3152158,10000.0,10000.0,0.0,70.6069831118626,0.9283208250999452,0.0820135176181793,-1.1114953756332395,0.211907148361206,0.4389508664608001,-0.6308257579803467,0.6037188172340393,5,1.0,1.0,-1.0,1.0,0,0,0.03,0.5437357773222312,24,189,thymio-08
176,1788221079.9186473,10000.0,10000.0,0.0,70.6069831118626,0.9283208250999452,0.0820135176181793,-1.1114953756332395,0.211907148361206,0.4389508664608001,-0.6308257579803467,0.6037188172340393,5,1.0,1.0,-1.0,1.0,0,0,0.03,0.4407448965958908,40,173,thymio-08
177,1788221080.521937,10000.0,10000.0,0.0,70.6069831118626,0.9283208250999452,0.0820135176181793,-1.1114953756332395,0.211907148361206,0.4389508664608001,-0.6308257579803467,0.6037188172340393,5,1.0,1.0,-1.0,1.0,0,0,0.03,0.3714538990065231,51,163,thymio-08
178,1788221081.1251254,-0.2260716408491134,-1.1303181648254397,0.4182989117840607,70.6069831118626,-0.2260716408491134,0.0961169898509979,-1.1303181648254397,0.2587273716926574,0.7778353095054626,0.5715477466583252,-0.0369520038366317,5,1.0,1.0,-0.3201640972647265,1.0,0,0,0.1981925630720098,0.0749083923530106,500,500,thymio-08
179,1788221081.7330277,-0.265847772359848,-1.0901103019714355,0.2503485838563848,70.35327249020649,-0.265847772359848,0.0947452113032341,-1.0901103019714355,0.3878320455551147,0.7594566941261292,0.4730583429336548,-0.2214218825101852,5,1.0,1.0,-0.6703376189033914,1.0,0,0,0.1363989519131361,0.1971203606696581,455,500,thymio-08
180,1788221082.3407028,-0.3380261957645416,-1.009919285774231,0.2009997103345284,69.92341487949234,-0.3380261957645416,0.0961364135146141,-1.009919285774231,0.4100641906261444,0.7426272630691528,0.4526292979717254,-0.2747342586517334,5,1.0,1.0,-0.5887854124785767,1.0,0,0,0.1988818800599675,0.0939392530014788,500,500,thymio-08
181,1788221082.948985,-0.4020187854766845,-0.9239099621772766,0.0877136911376248,69.49577988276404,-0.4020187854766845,0.0971309244632721,-0.9239099621772766,0.4406180679798126,0.7315998077392578,0.4326024949550628,-0.2889161109924316,5,1.0,1.0,-0.5240102715374066,1.0,0,0,0.198704223883607,0.1635247305149337,500,500,thymio-08
182,1788221083.557613,-0.4020187854766845,-0.9239099621772766,0.0877136911376248,69.39577988276405,-0.4020187854766845,0.0971309244632721,-0.9239099621772766,0.4406180679798126,0.7315998077392578,0.4326024949550628,-0.2889161109924316,5,1.0,1.0,-0.5240102715374066,1.0,0,0,0.1985239367352229,0.1385148173314868,500,500,thymio-08
183,1788221084.165864,-0.4543763995170593,-0.8458743095397949,0.0159222649270081,69.00710950011451,-0.4543763995170593,0.0985440909862518,-0.8458743095397949,0.4572956562042236,0.7153763175010681,0.4195111691951751,-0.3211351931095123,5,1.0,1.0,-0.445369209933212,1.0,0,0,0.1983462973326198,0.1540376493155167,500,500,thymio-08
184,1788221084.773872,-0.5379646420478821,-0.6940490007400513,-0.1016384637996079,68.41179282648216,-0.5379646420478821,0.1000371351838111,-0.6940490007400513,0.4763425588607788,0.6966596841812134,0.3998807370662689,-0.3575730621814728,5,1.0,1.0,-0.298499797615007,1.0,0,0,0.1982074082865527,0.133061602838155,500,500,thymio-08
185,1788221085.381453,-0.5379646420478821,-0.6940490007400513,-0.1016384637996079,68.31179282648216,-0.5379646420478821,0.1000371351838111,-0.6940490007400513,0.4763425588607788,0.6966596841812134,0.3998807370662689,-0.3575730621814728,5,1.0,1.0,-0.298499797615007,1.0,0,0,0.1976367135190293,0.0712663417488621,500,500,thymio-08
186,1788221085.9896588,-0.573573112487793,-0.6138306260108948,-0.1906867084197694,68.06775961919305,-0.573573112487793,0.1002958342432975,-0.6138306260108948,0.4828085899353027,0.6826204061508179,0.3846683204174042,-0.3910952806472778,5,1.0,1.0,-0.2421057249318857,1.0,0,0,0.1979987032025948,-0.0908919804770092,500,500,thymio-08
187,1788221086.5993109,-0.6213571429252625,-0.4796628654003143,-0.4068674812739523,67.68769174854549,-0.6213571429252625,0.1019642353057861,-0.4796628654003143,0.5079984664916992,0.6575266122817993,0.3656199872493744,-0.4194263219833374,5,1.0,1.0,-0.1949277529934259,1.0,0,0,0.1969181409840853,-0.3702072276716164,500,500,thymio-08
188,1788221087.2078102,-0.6567040681838989,-0.3403792977333069,-0.6128541135391568,67.36912126459563,-0.6567040681838989,0.1032010838389396,-0.3403792977333069,0.5232779383659363,0.6369820237159729,0.3466350138187408,-0.447524756193161,5,0.8262364067766845,1.0,-0.1496022730651089,1.0,0,0,0.192659856125869,-0.5761700430835394,500,500,thymio-08
189,1788221087.8163376,-0.6567040681838989,-0.3403792977333069,-0.6128541135391568,67.26912126459564,-0.6567040681838989,0.1032010838389396,-0.3403792977333069,0.5232779383659363,0.6369820237159729,0.3466350138187408,-0.447524756193161,5,0.8262364067766845,1.0,-0.1496022730651089,1.0,0,0,0.1586228858950096,-0.6117704525603306,500,471,thymio-08
190,1788221088.4241138,-0.6744224429130554,-0.2441011816263198,-0.767992944400413,67.09409214001234,-0.6744224429130554,0.1037078201770782,-0.2441011816263198,0.5397377610206604,0.6266321539878845,0.3244842886924743,-0.4590482711791992,5,0.7496932826957579,1.0,-0.133023087613285,1.0,0,0,0.1513230387021569,-0.6179407234649316,500,444,thymio-08
191,1788221089.0318005,-0.682822048664093,-0.1727569103240966,-0.9099668839631364,66.98584194823574,-0.682822048664093,0.1041372790932655,-0.1727569103240966,0.5347605347633362,0.6092430353164673,0.3207048773765564,-0.4899004697799682,5,0.6993993286856373,1.0,-0.1226603495633608,1.0,0,0,0.1447039399373093,-0.6191129152409109,500,421,thymio-08
192,1788221089.6393871,-0.7061502933502197,-0.0090495124459266,-0.779724174359905,66.71866827285442,-0.7061502933502197,0.1052935644984245,-0.0090495124459266,0.5253464579582214,0.6214543581008911,0.3316721320152282,-0.4772832095623016,5,1.0,1.0,-0.0891087525845126,1.0,0,0,0.1529206563695587,-0.6223653381346219,500,449,thymio-08
193,1788221090.2474504,-0.7278610467910767,0.0844837948679924,-0.5836349165923078,66.5158562546956,-0.7278610467910767,0.1061887517571449,0.0844837948679924,0.5170992016792297,0.6417204737663269,0.3452480733394623,-0.4490068554878235,5,1.0,1.0,-0.0579775194217713,1.0,0,0,0.1413518616531813,-0.6236219987558057,500,408,thymio-08
194,1788221090.8556025,-0.7683618068695068,0.2158305346965789,-0.2096055289696727,66.20028061305685,-0.7683618068695068,0.1070717796683311,0.2158305346965789,0.4681141674518585,0.6607657074928284,0.384804755449295,-0.442925751209259,5,1.0,0.4180220767260887,0.0059158267657788,1.0,0,0,0.0570567776635313,-0.5070613388248727,279,126,thymio-08
195,1788221091.4640765,-0.7683618068695068,0.2158305346965789,-0.2096055289696727,66.10028061305685,-0.7683618068695068,0.1070717796683311,0.2158305346965789,0.4681141674518585,0.6607657074928284,0.384804755449295,-0.442925751209259,5,1.0,0.4180220767260887,0.0059158267657788,1.0,0,0,0.1273641381170062,-0.6236076045129131,500,358,thymio-08
196,1788221092.0719223,-0.7828379273414612,0.2479242533445358,-0.1310727723708629,66.00028061305686,-0.7828379273414612,0.1079215630888938,0.2479242533445358,0.473857969045639,0.6843388676643372,0.3938838839530945,-0.3898646533489227,5,1.0,0.4475582661373767,0.0257078118185556,1.0,0,0,0.0311618493424971,-0.6244348099539409,205,16,thymio-08
197,1788221092.6796024,-0.837360143661499,0.303601861000061,0.1959187187754691,65.6152090902216,-0.837360143661499,0.1094557046890258,0.303601861000061,0.4130448400974273,0.7408016920089722,0.4616115689277649,-0.2598490417003631,5,1.0,0.613655562175818,0.0812173797165112,1.0,0,0,0.0760528697979476,-0.6169537497002973,363,177,thymio-08
1,1788221304.5622606,10000.0,10000.0,0.0,100.0,2.0742292404174805,0.0941914170980453,-1.3875846862792969,-0.4955426156520843,0.5296255946159363,0.6729617118835449,0.1451097130775451,5,1.0,1.0,-1.0,1.0,0,0,-0.03,0.4873844561630009,-180,-33,thymio-09
2,1788221305.165938,2.9668657779693604,-0.4306738376617431,-1.5156765645468162,100.0,2.9668657779693604,0.0749066993594169,-0.4306738376617431,0.6331666707992554,0.1730485707521438,-0.0482259579002857,-0.7528800368309021,5,1.0,-0.7406112464903516,1.0,-0.7097048719201742,0,0,-0.0680982476175528,0.5947732062648988,-332,-152,thymio-09
3,1788221305.7748125,2.9668657779693604,-0.4306738376617431,-1.5156765645468162,99.9,2.9668657779693604,0.0749066993594169,-0.4306738376617431,0.6331666707992554,0.1730485707521438,-0.0482259579002857,-0.7528800368309021,5,1.0,-0.7406112464903516,1.0,-0.7097048719201742,0,0,-0.0506117763862748,0.617217157240386,-273,-87,thymio-09
4,1788221306.383862,2.9454195499420166,-0.4332422614097595,-1.5498015600896446,99.8,2.9454195499420166,0.0740336924791336,-0.4332422614097595,0.6246993541717529,0.0687119662761688,-0.1163310557603836,-0.769088089466095,5,1.0,-0.5555107737710421,-0.7471855884283833,-0.7111568947448925,0,0,0.0188156967258949,0.1727705377266375,41,93,thymio-09
5,1788221306.991788,2.872779369354248,-0.4116635620594024,-1.46065928888498,99.52217593067816,2.872779369354248,0.0756547600030899,-0.4116635620594024,-0.5538126826286316,0.1687812954187393,0.3098396062850952,0.7541908025741577,5,1.0,-0.5489360563705572,-0.8163499342647849,-0.6822413068918063,0,0,0.0049136632127782,0.1767293390969472,-9,44,thymio-09
6,1788221307.6000965,2.872018337249756,-0.4185670018196106,-1.3993010064168985,99.42217593067816,2.872018337249756,0.0756791904568672,-0.4185670018196106,-0.5210012793540955,0.230256125330925,0.3545885980129242,0.7414895296096802,5,1.0,-0.5228941177464866,-0.8080561724225638,-0.6904733263302245,0,0,0.0065807093430646,0.2357344864668751,-12,59,thymio-09
7,1788221308.2088442,2.872018337249756,-0.4185670018196106,-1.3993010064168985,99.32217593067816,2.872018337249756,0.0756791904568672,-0.4185670018196106,-0.5210012793540955,0.230256125330925,0.3545885980129242,0.7414895296096802,5,1.0,-0.5228941177464866,-0.8080561724225638,-0.6904733263302245,0,0,0.0065807093430646,0.2517563126572069,-15,61,thymio-09
8,1788221308.8172815,2.8718574047088623,-0.4257483780384063,-1.336869368973089,99.22217593067818,2.8718574047088623,0.0755983367562294,-0.4257483780384063,-0.496004581451416,0.2813839912414551,0.3877096176147461,0.7242125868797302,5,1.0,1.0,-0.7633840987073555,-0.7051264323418963,0,0,0.0121917523449863,0.3756652988371199,-13,100,thymio-09
9,1788221309.4257784,2.867236614227295,-0.4353145360946655,-1.0677645436822032,99.12217593067818,2.867236614227295,0.0756703540682792,-0.4353145360946655,-0.439199835062027,0.3762145638465881,0.4535838365554809,0.6781061291694641,5,1.0,-0.7619912030693738,1.0,-0.7277916779511842,0,0,0.0629724331707706,0.6254526684432304,129,318,thymio-09
10,1788221310.0339663,2.865776538848877,-0.4380632638931274,-0.9646166068270184,99.0221759306782,2.865776538848877,0.0754880011081695,-0.4380632638931274,-0.4247115552425384,0.3994820117950439,0.4665795862674713,0.6650848388671875,5,-0.7299929911203447,-0.7606023401538671,1.0,-0.678280597204798,0,0,0.0602737248327519,0.5472521933562885,132,297,thymio-09
11,1788221310.6421816,2.865776538848877,-0.4380632638931274,-0.9646166068270184,98.9221759306782,2.865776538848877,0.0754880011081695,-0.4380632638931274,-0.4247115552425384,0.3994820117950439,0.4665795862674713,0.6650848388671875,5,-0.7299929911203447,-0.7606023401538671,1.0,-0.678280597204798,2026,0,-0.08,0.2894070440169523,-328,-241,thymio-09
12,1788221311.2518394,2.852627754211426,-0.4628100395202636,0.0142742556997559,98.8221759306782,2.852627754211426,0.0757686868309974,-0.4628100395202636,-0.3379693627357483,0.5075290203094482,0.5292174220085144,0.5900169014930725,5,-0.7226358484205223,-0.7728276935203016,1.0,-0.5186391813344262,0,0,0.0136616336024193,0.2427790653345855,12,85,thymio-09
13,1788221311.861102,2.8370840549468994,-0.4812270998954773,0.8717359089629948,98.7221759306782,2.8370840549468994,0.0758620202541351,-0.4812270998954773,-0.1759190410375595,0.6563014388084412,0.5968062281608582,0.4267825782299042,5,-0.6563858910907884,1.0,-0.7369266091225182,-0.7663093968240134,0,0,0.0149718112383732,-0.0544347925741295,61,45,thymio-09
14,1788221312.471186,2.839266777038574,-0.4743502140045166,0.944026032568356,98.6221759306782,2.839266777038574,0.0752594172954559,-0.4743502140045166,-0.135374054312706,0.6867895126342773,0.6067367196083069,0.3766492009162903,5,-0.6604636143421481,1.0,-0.7577707968945405,-0.7490932123881777,0,0,0.0166880698241973,0.5555304177802065,-25,143,thymio-09
15,1788221313.0809894,2.839266777038574,-0.4743502140045166,0.944026032568356,98.52217593067822,2.839266777038574,0.0752594172954559,-0.4743502140045166,-0.135374054312706,0.6867895126342773,0.6067367196083069,0.3766492009162903,5,-0.6604636143421481,1.0,-0.7577707968945405,-0.7490932123881777,0,0,-0.0166880698241973,0.624017347177875,-154,35,thymio-09
16,1788221313.689307,2.823918581008911,-0.4799871146678924,1.0082641490141526,98.42217593067822,2.823918581008911,0.0744834467768669,-0.4799871146678924,-0.1114382296800613,0.7067676186561584,0.616502583026886,0.3286117613315582,5,-0.6550558504680558,1.0,-0.7520740750125343,-0.7565667146788914,0,0,-0.0169300903495428,0.4580418219587924,-129,9,thymio-09
17,1788221314.2983136,2.8248162269592285,-0.4679319858551025,1.0238973733335826,98.32217593067824,2.8248162269592285,0.0759627670049667,-0.4679319858551025,0.0959743335843086,0.7658657431602478,0.6247158646583557,0.1181899681687355,5,-0.6557562329551077,1.0,-0.7655929222914051,-0.7465363180773228,0,0,-0.0151158226194275,0.2676492573711554,-94,-13,thymio-09
18,1788221314.9069266,2.833564281463623,-0.4644167125225067,1.0584392262614148,98.22217593067823,2.833564281463623,0.0737542286515235,-0.4644167125225067,0.1389545947313308,0.774644136428833,0.6158572435379028,0.0365780070424079,5,-0.6530017978454081,1.0,-0.7730446455253739,-0.7413834208309755,0,0,-0.0136180262493998,0.2596224022075865,-88,-9,thymio-09
19,1788221315.5146785,2.833564281463623,-0.4644167125225067,1.0584392262614148,98.12217593067824,2.833564281463623,0.0737542286515235,-0.4644167125225067,0.1389545947313308,0.774644136428833,0.6158572435379028,0.0365780070424079,5,-0.6530017978454081,1.0,-0.7730446455253739,-0.7413834208309755,0,0,-0.0136180262493998,0.2572898462899286,-87,-10,thymio-09
20,1788221316.1229522,2.853534698486328,-0.4650015234947204,0.9958359943112508,98.02217593067824,2.853534698486328,0.0750264450907707,-0.4650015234947204,-0.2578423917293548,-0.7641753554344177,-0.5844019055366516,0.0895988419651985,5,-0.638989853998861,1.0,-0.7812364461359165,-0.7407819918117996,0,0,-0.0119714743266807,0.2358575923203675,-78,-7,thymio-09
21,1788221316.7308357,2.869567632675171,-0.4720065891742706,0.9410415251031026,97.92217593067824,2.869567632675171,0.0749577581882476,-0.4720065891742706,-0.3243458271026611,-0.7482866048812866,-0.5518990755081177,0.1739958226680755,5,-0.621138601160989,1.0,-0.7807526054859446,-0.7482010637284418,0,0,-0.0120687262973251,0.2124977312793068,-75,-11,thymio-09
22,1788221317.3391,2.878411054611206,-0.4792567491531372,1.9910554471199369,97.82217593067826,2.878411054611206,0.0750293657183647,-0.4792567491531372,0.4526063799858093,-0.637700617313385,0.6143020391464233,0.1054444834589958,5,-0.7571804319079627,-0.7778811716394859,-0.6263690581503631,1.0,0,0,-0.0126458845004633,0.0307104690407906,-50,-40,thymio-09
23,1788221317.9468272,2.878411054611206,-0.4792567491531372,1.9910554471199369,97.72217593067826,2.878411054611206,0.0750293657183647,-0.4792567491531372,0.4526063799858093,-0.637700617313385,0.6143020391464233,0.1054444834589958,5,-0.7571804319079627,-0.7778811716394859,-0.6263690581503631,1.0,0,0,-0.0126458845004633,0.2598984657551119,-84,-6,thymio-09
24,1788221318.5551343,2.885248899459839,-0.4866692125797272,0.8385351269544081,97.62217593067828,2.885248899459839,0.0749387666583061,-0.4866692125797272,0.3890049755573272,0.7223650813102722,0.5066137313842773,-0.2649650275707245,5,-0.613881249547517,1.0,-0.7729973138646156,-0.7651392077802144,0,0,-0.0136275399132122,0.3006283083427266,-94,-3,thymio-09
25,1788221319.1651683,2.896923065185547,-0.5027968287467957,0.6833730460189091,97.52217593067827,2.896923065185547,0.0744294375181198,-0.5027968287467957,0.4361059069633484,0.6969633102416992,0.4672521352767944,-0.3251602947711944,5,-0.5817669856953664,1.0,-0.7617308822957708,-0.7684741565895883,0,0,-0.0145366945254927,0.438678893621729,-118,15,thymio-09
26,1788221319.774318,2.903538227081299,-0.5124280452728271,0.4466448702959051,97.42217593067828,2.903538227081299,0.0742237493395805,-0.5124280452728271,0.4743549227714538,0.665225625038147,0.427007257938385,-0.3874624967575073,5,-0.5554247146131475,1.0,-0.7545303192712374,-0.7332272559337343,0,0,-0.0173394058264812,0.3140911496467942,-109,-14,thymio-09
27,1788221320.382661,2.903538227081299,-0.5124280452728271,0.4466448702959051,97.32217593067828,2.903538227081299,0.0742237493395805,-0.5124280452728271,0.4743549227714538,0.665225625038147,0.427007257938385,-0.3874624967575073,5,-0.5554247146131475,1.0,-0.7545303192712374,-0.7332272559337343,0,0,-0.0173394058264812,0.2377672074668536,-98,-26,thymio-09
28,1788221320.991253,2.909751892089844,-0.529593288898468,-0.3833919631543399,97.22217593067828,2.909751892089844,0.0749165266752243,-0.529593288898468,0.5330594182014465,0.6017788648605347,0.3416040241718292,-0.4868434369564056,5,-0.7376749723954784,1.0,1.0,-0.6743194582250145,0,0,-0.0207273305485088,0.2699663513803853,-114,-33,thymio-09
29,1788221321.600634,2.90779972076416,-0.5518762469291687,-1.042128298715014,97.1221759306783,2.90779972076416,0.0746802240610122,-0.5518762469291687,0.5691916942596436,0.5273882150650024,0.2686485946178436,-0.5707105398178101,5,-0.7086665545740294,-0.6802661868945825,1.0,-0.5011183745973218,0,0,-0.0265580225306201,0.6156650383844279,-187,-1,thymio-09
30,1788221322.210177,2.903355121612549,-0.5656982064247131,-1.2092472896630704,97.0221759306783,2.903355121612549,0.0750713497400283,-0.5656982064247131,0.5904799103736877,0.4833953082561493,0.2192685753107071,-0.6079340577125549,5,-0.6879442536791489,-0.7060804840848088,1.0,-0.4869515588822891,0,0,-0.0270778226989534,0.625884998278707,-191,-2,thymio-09
31,1788221322.8187342,2.903355121612549,-0.5656982064247131,-1.2092472896630704,96.9221759306783,2.903355121612549,0.0750713497400283,-0.5656982064247131,0.5904799103736877,0.4833953082561493,0.2192685753107071,-0.6079340577125549,5,-0.6879442536791489,-0.7060804840848088,1.0,-0.4869515588822891,0,0,-0.0270778226989534,0.626102137861649,-191,-2,thymio-09
32,1788221323.4273114,2.893332004547119,-0.5890417695045471,-1.452106497484086,96.82217593067833,2.893332004547119,0.0741200372576713,-0.5890417695045471,0.6249093413352966,0.3403279483318329,0.0996089577674865,-0.6955166459083557,5,-0.653408700333336,-0.738532278278879,1.0,-0.4590500805673452,0,0,-0.0205550120659453,0.6276317834377877,-168,22,thymio-09
33,1788221324.036033,2.869800329208374,-0.6078593730926514,-1.5279137874916306,96.72217593067832,2.869800329208374,0.0742622092366218,-0.6078593730926514,0.630932092666626,0.1449591666460037,-0.0661342442035675,-0.7593008875846863,5,-0.6070816686350607,-0.7811490050415404,1.0,-0.4381296634079452,0,2491,0.08,0.6138961344396084,192,377,thymio-09
34,1788221324.6448002,2.850300073623657,-0.6117571592330933,-1.5294756382952197,96.62217593067832,2.850300073623657,0.0745096057653427,-0.6117571592330933,0.6103948354721069,0.0103336125612258,-0.1723646074533462,-0.7730470895767212,5,-0.6085368569842491,-0.8091624782087811,1.0,-0.4101274120536835,0,0,-0.0063583418800349,0.588362832085656,-111,66,thymio-09
35,1788221325.253577,2.850300073623657,-0.6117571592330933,-1.5294756382952197,96.52217593067832,2.850300073623657,0.0745096057653427,-0.6117571592330933,0.6103948354721069,0.0103336125612258,-0.1723646074533462,-0.7730470895767212,5,-0.6085368569842491,-0.8091624782087811,1.0,-0.4101274120536835,0,0,-0.0063583418800349,0.5114980107270868,-100,55,thymio-09
36,1788221325.8566368,10000.0,10000.0,0.0,96.52217593067832,2.850300073623657,0.0745096057653427,-0.6117571592330933,0.6103948354721069,0.0103336125612258,-0.1723646074533462,-0.7730470895767212,5,1.0,1.0,-1.0,1.0,0,0,-0.03,-0.1071368182890261,-90,-123,thymio-09
37,1788221326.4603658,10000.0,10000.0,0.0,96.52217593067832,2.850300073623657,0.0745096057653427,-0.6117571592330933,0.6103948354721069,0.0103336125612258,-0.1723646074533462,-0.7730470895767212,5,1.0,1.0,-1.0,1.0,0,0,-0.03,-0.0860578517556361,-94,-120,thymio-09
38,1788221327.0633342,2.875779390335083,-0.6528177857398987,-1.4528954225282995,96.52217593067832,2.875779390335083,0.0743872225284576,-0.6528177857398987,0.5504934787750244,-0.179973617196083,-0.3185364007949829,-0.7504006028175354,5,1.0,-0.776882380085945,1.0,-0.628549011543289,0,0,-0.012846641602725,-0.503982157395236,30,-122,thymio-09
39,1788221327.6714714,2.8595190048217773,-0.6041411757469177,-1.197888545128745,96.42217593067834,2.8595190048217773,0.0742629840970039,-0.6041411757469177,0.4620160460472107,-0.3471471071243286,-0.4310336112976074,-0.6929935812950134,5,1.0,1.0,1.0,-0.7943277280254877,0,0,-0.0247113554665196,-0.6214605875759344,6,-182,thymio-09
40,1788221328.2803614,2.8595190048217773,-0.6041411757469177,-1.197888545128745,96.32217593067834,2.8595190048217773,0.0742629840970039,-0.6041411757469177,0.4620160460472107,-0.3471471071243286,-0.4310336112976074,-0.6929935812950134,5,1.0,1.0,1.0,-0.7943277280254877,0,0,0.0075694693969161,-0.5536504064235604,110,-57,thymio-09
41,1788221328.8839073,10000.0,10000.0,0.0,96.32217593067834,2.8595190048217773,0.0742629840970039,-0.6041411757469177,0.4620160460472107,-0.3471471071243286,-0.4310336112976074,-0.6929935812950134,5,1.0,1.0,-1.0,1.0,0,2124,0.08,-0.5930065939137986,374,195,thymio-09
42,1788221329.4870684,10000.0,10000.0,0.0,96.32217593067834,2.8595190048217773,0.0742629840970039,-0.6041411757469177,0.4620160460472107,-0.3471471071243286,-0.4310336112976074,-0.6929935812950134,5,1.0,1.0,-1.0,1.0,0,0,0.03,-0.5727648043556514,193,20,thymio-09
43,1788221330.090305,2.862679243087769,-0.5852882862091064,-1.4333900591026831,96.32217593067834,2.862679243087769,0.0747550204396247,-0.5852882862091064,0.5431455373764038,-0.1914103180170059,-0.3307009637355804,-0.7476576566696167,5,1.0,-0.7999223620373797,1.0,-0.6212927044723322,0,0,-0.0016880097599954,-0.5812784544588105,82,-94,thymio-09
44,1788221330.6997995,2.862679243087769,-0.5852882862091064,-1.4333900591026831,96.22217593067836,2.862679243087769,0.0747550204396247,-0.5852882862091064,0.5431455373764038,-0.1914103180170059,-0.3307009637355804,-0.7476576566696167,5,1.0,-0.7999223620373797,1.0,-0.6212927044723322,0,0,-0.0072326443699679,-0.4566618922919855,43,-95,thymio-09
45,1788221331.3030322,10000.0,10000.0,0.0,96.22217593067836,2.862679243087769,0.0747550204396247,-0.5852882862091064,0.5431455373764038,-0.1914103180170059,-0.3307009637355804,-0.7476576566696167,5,1.0,1.0,-1.0,1.0,0,0,0.03,-0.4775614648767912,179,34,thymio-09
46,1788221331.9065864,10000.0,10000.0,0.0,96.22217593067836,2.862679243087769,0.0747550204396247,-0.5852882862091064,0.5431455373764038,-0.1914103180170059,-0.3307009637355804,-0.7476576566696167,5,1.0,1.0,-1.0,1.0,0,0,0.03,-0.5566242998528629,191,23,thymio-09
47,1788221332.510002,10000.0,10000.0,0.0,96.22217593067836,2.862679243087769,0.0747550204396247,-0.5852882862091064,0.5431455373764038,-0.1914103180170059,-0.3307009637355804,-0.7476576566696167,5,1.0,1.0,-1.0,1.0,0,0,0.03,-0.6020181830760136,198,16,thymio-09
48,1788221333.113101,2.9390978813171387,-0.5686293244361877,-1.5037662341425335,96.22217593067836,2.9390978813171387,0.0740674287080764,-0.5686293244361877,0.6340101361274719,0.2390768080949783,0.0104546314105391,-0.7353666424751282,5,1.0,-0.7406155882695009,1.0,-0.5965135918449489,0,0,-0.0092497575625966,-0.5906536098373814,56,-122,thymio-09
49,1788221333.7208836,2.9244275093078613,-0.4980529546737671,0.6523137237929877,96.12171457826132,2.9244275093078613,0.0741044953465461,-0.4980529546737671,-0.4422770738601684,-0.6934174299240112,-0.4597918689250946,0.3348951041698456,5,-0.6794291787919853,1.0,1.0,-0.7507402328317403,0,0,0.0295058929445539,-0.3169897607429909,153,57,thymio-09
50,1788221334.329264,2.9109833240509038,-0.4983923435211181,0.9593957632873832,96.02171457826134,2.9109833240509038,0.0744386613368988,-0.4983923435211181,-0.304280012845993,-0.7556467652320862,-0.5608285665512085,0.1479295939207077,5,-0.6434376993048609,1.0,1.0,-0.766840590239761,0,0,0.0545607274980409,-0.3073044799289555,240,147,thymio-09
51,1788221334.9371498,2.87156343460083,-0.4794980883598327,1.0524748740686365,95.90192706671856,2.87156343460083,0.0733504891395568,-0.4794980883598327,-0.1942003965377807,-0.7723175883293152,-0.6037399172782898,0.0361919403076171,5,-0.6508540307387589,1.0,-0.1377587463072015,-0.7900790675538398,0,0,-0.0101941074216781,-0.3077977233948283,10,-83,thymio-09
52,1788221335.545244,2.87156343460083,-0.4794980883598327,1.0524748740686365,95.80192706671858,2.87156343460083,0.0733504891395568,-0.4794980883598327,-0.1942003965377807,-0.7723175883293152,-0.6037399172782898,0.0361919403076171,5,-0.6508540307387589,1.0,-0.1377587463072015,-0.7900790675538398,0,0,-0.0101941074216781,-0.1474881585666348,-14,-58,thymio-09
53,1788221336.153616,2.8591201305389404,-0.4778717160224914,1.8433409588304244,95.70192706671858,2.8591201305389404,0.0734773725271225,-0.4778717160224914,-0.2202629148960113,0.6153111457824707,-0.7421777248382568,0.1484882831573486,5,-0.8003581850510659,1.0,-0.6566297172376885,1.0,0,0,-0.0081280048047357,-0.3252033712899517,20,-78,thymio-09
54,1788221336.7620397,2.8655126094818115,-0.4831685721874237,1.0743394935539108,95.6019270667186,2.8655126094818115,0.0731123462319374,-0.4831685721874237,0.0794776231050491,0.7695114016532898,0.6258752346038818,0.0990738794207573,5,-0.7964925106425763,1.0,-0.0687507114836231,1.0,0,0,-0.0089050053608421,-0.0323553987606279,-27,-37,thymio-09
55,1788221337.370274,2.873818635940552,-0.4885479807853699,1.020775575256799,95.5019270667186,2.873818635940552,0.0746299177408218,-0.4885479807853699,0.0277670286595821,0.751592755317688,0.629325270652771,0.1956707835197448,5,-0.7928507868000546,1.0,-0.0554544537177378,1.0,0,0,-0.009636991853189,0.0823751351997555,-47,-22,thymio-09
56,1788221337.978519,2.8808035850524902,-0.4883354604244232,1.0416886651118604,95.4019270667186,2.8808035850524902,0.073978915810585,-0.4883354604244232,0.0130392331629991,0.7503533363342285,0.631113588809967,0.1962027549743652,5,-0.789916982519229,1.0,-0.0630124187376949,1.0,0,0,-0.0102266865136349,0.1635982551835744,-61,-12,thymio-09
57,1788221338.586342,2.8808035850524902,-0.4883354604244232,1.0416886651118604,95.3019270667186,2.8808035850524902,0.073978915810585,-0.4883354604244232,0.0130392331629991,0.7503533363342285,0.631113588809967,0.1962027549743652,5,-0.789916982519229,1.0,-0.0630124187376949,1.0,0,0,-0.0102266865136349,0.0250478451705731,-40,-33,thymio-09
58,1788221339.1945052,2.892998218536377,-0.4864514768123626,1.8368455382706423,95.2019270667186,2.892998218536377,0.0740198194980621,-0.4864514768123626,0.0923634842038154,-0.5862718820571899,0.7662357091903687,-0.2462463527917862,5,-0.784733435705737,1.0,-0.6031832616102741,1.0,0,0,-0.0112685794231468,0.014038886606852,-42,-38,thymio-09
59,1788221339.802643,2.9010725021362305,-0.4863316714763641,1.0535815724608997,95.10192706671862,2.9010725021362305,0.0740067064762115,-0.4863316714763641,-0.039826676249504,-0.7604354023933411,-0.628105878829956,-0.1601090878248214,5,-0.7817943845499002,1.0,-0.0947843308260315,1.0,0,0,-0.01185932870547,-0.1622161219278899,-18,-67,thymio-09
60,1788221340.410953,2.9149084091186523,-0.4877723157405853,1.022563324160501,95.00192706671862,2.9149084091186523,0.0747821927070617,-0.4877723157405853,-0.0348599664866924,-0.7551338076591492,-0.6272115111351013,-0.1875188797712326,5,-0.7752659696833821,1.0,-0.1086435724776234,1.0,0,0,-0.0131715400936401,-0.0170883870438677,-44,-49,thymio-09
61,1788221341.0191731,2.9149084091186523,-0.4877723157405853,1.022563324160501,94.90192706671864,2.9149084091186523,0.0747821927070617,-0.4877723157405853,-0.0348599664866924,-0.7551338076591492,-0.6272115111351013,-0.1875188797712326,5,-0.7752659696833821,1.0,-0.1086435724776234,1.0,0,0,-0.0131715400936401,-0.0766501525930947,-35,-58,thymio-09
62,1788221341.6272192,2.924333095550537,-0.4893959760665893,1.022624686580448,94.80192706671863,2.924333095550537,0.0746386721730232,-0.4893959760665893,-0.0091171646490693,-0.7498379945755005,-0.6259106993675232,-0.2142326384782791,5,-0.7694648291990367,1.0,-0.1158820401341673,1.0,0,0,-0.0143375693309936,-0.0355752537847882,-46,-56,thymio-09
63,1788221342.236553,2.941464900970459,-0.489228218793869,1.0121312527322974,94.70192706671864,2.941464900970459,0.0744898244738578,-0.489228218793869,0.011198641732335,-0.7423690557479858,-0.6250967979431152,-0.2408667951822281,5,-0.7537020913096059,1.0,-0.1276233749542957,1.0,0,0,-0.0175058796467692,-0.0904157149050787,-49,-76,thymio-09
64,1788221342.8448195,2.9459362030029297,-0.4880490601062774,0.996610252478785,94.60192706671864,2.9459362030029297,0.0749259442090988,-0.4880490601062774,0.0052791787311434,-0.7401043772697449,-0.6264289617538452,-0.2445496469736099,5,-0.7497373596305188,1.0,-0.1298464459312927,1.0,0,0,-0.0183027907142657,-0.0628259455347392,-56,-75,thymio-09
65,1788221343.4527194,2.9724056720733643,-0.4839906394481659,1.0104429526934524,94.50192706671864,2.9724056720733643,0.0740837007761001,-0.4839906394481659,0.0463557317852973,-0.7307255864143372,-0.6236042976379395,-0.2738776504993438,5,-0.7160396080014055,1.0,-0.1438796687686502,1.0,0,0,-0.0250760387917174,-0.0930898038436027,-75,-103,thymio-09
66,1788221344.0611873,2.9883549213409424,-0.4797676503658294,1.0451037352600985,94.40192706671866,2.9883549213409424,0.0726809352636337,-0.4797676503658294,0.0808354988694191,-0.7250707149505615,-0.6221952438354492,-0.2839211523532867,5,-0.6943978411416272,1.0,-0.1624829710006669,1.0,0,0,-0.0294260339305329,-0.0970552334268796,-90,-119,thymio-09
67,1788221344.6693974,2.9883549213409424,-0.4797676503658294,1.0451037352600985,94.30192706671866,2.9883549213409424,0.0726809352636337,-0.4797676503658294,0.0808354988694191,-0.7250707149505615,-0.6221952438354492,-0.2839211523532867,5,-0.6943978411416272,1.0,-0.1624829710006669,1.0,0,0,-0.0294260339305329,-0.0915368802943278,-91,-118,thymio-09
68,1788221345.2776432,2.9970858097076416,-0.477245420217514,1.028438263183152,94.20192706671868,2.9970858097076416,0.0731399059295654,-0.477245420217514,0.0880032032728195,-0.7188777923583984,-0.6213715672492981,-0.298944354057312,5,-0.6818391395447765,1.0,-0.1667656284180765,1.0,0,0,-0.0319503329514999,-0.0747155787162278,-102,-125,thymio-09
69,1788221345.8851535,3.028188705444336,-0.4666415154933929,1.0220866811516558,94.10192706671867,3.028188705444336,0.0725745409727096,-0.4666415154933929,0.1295068264007568,-0.7025755047798157,-0.6138362884521484,-0.3358879685401916,5,-0.6433988072999794,1.0,-0.2240417494923204,1.0,0,0,-0.0396768397327041,-0.0775219946231546,-129,-153,thymio-09
70,1788221346.4934344,3.06461238861084,-0.4488976597785949,0.9481535272725504,94.00192706671868,3.06461238861084,0.0737685188651084,-0.4488976597785949,0.1493122279644012,-0.6807894110679626,-0.606328547000885,-0.382880300283432,5,-0.610994836622067,1.0,-0.3021311151760765,1.0,0,0,-0.0461900378389645,-0.0874746070973893,-151,-177,thymio-09
71,1788221347.1014304,3.06461238861084,-0.4488976597785949,0.9481535272725504,93.90192706671868,3.06461238861084,0.0737685188651084,-0.4488976597785949,0.1493122279644012,-0.6807894110679626,-0.606328547000885,-0.382880300283432,5,-0.610994836622067,1.0,-0.3021311151760765,1.0,0,0,-0.0461900378389645,-0.0689890444598574,-154,-175,thymio-09
72,1788221347.709849,3.0711677074432373,-0.4446933269500732,0.9885365148119803,93.80192706671868,3.0711677074432373,0.0732851102948188,-0.4446933269500732,0.1627553254365921,-0.6843721270561218,-0.6028845310211182,-0.3763985335826874,5,-0.607463459960677,1.0,-0.3141914209421872,1.0,0,0,-0.0468998445479039,-0.06942472397138,-156,-177,thymio-09
73,1788221348.3191423,3.1345510482788086,-0.3986237645149231,0.8556333132300136,93.7019270667187,3.1345510482788086,0.0749571844935417,-0.3986237645149231,0.1927582919597625,-0.6433407068252563,-0.5983725190162659,-0.4369294047355652,5,-0.5577274032351558,1.0,-0.3943184835538567,1.0,0,0,-0.05,-0.038769738079096,-172,-184,thymio-09
74,1788221348.9272244,3.158296585083008,-0.3779040873050689,0.8808342652894909,93.6019270667187,3.158296585083008,0.0738407298922538,-0.3779040873050689,0.2153801023960113,-0.6408143639564514,-0.5897196531295776,-0.4418134391307831,5,-0.5363423998092706,1.0,-0.4200423266129932,1.0,0,0,-0.05,0.0154326217692844,-180,-175,thymio-09
75,1788221349.5358877,3.184313535690308,-0.3521886169910431,0.8560018708157742,93.50192706671872,3.184313535690308,0.0742333233356475,-0.3521886169910431,0.2241062968969345,-0.6337251663208008,-0.5853773355484009,-0.4533235132694244,5,-0.5111805572393895,-0.4480853699147147,1.0,1.0,0,0,-0.05,0.2622392643917233,-217,-138,thymio-09
76,1788221350.144202,3.2173962593078613,-0.3146799504756927,0.8253709117434682,93.40192706671871,3.2173962593078613,0.0752168148756027,-0.3146799504756927,0.2041076272726059,-0.6324381828308105,-0.5967258810997009,-0.4497557878494262,5,-0.2992781240559945,-0.5016703827293546,1.0,-0.4785180407093637,0,0,-0.05,-0.3750111499796286,-121,-234,thymio-09
77,1788221350.7528331,3.2173962593078613,-0.3146799504756927,0.8253709117434682,93.30192706671872,3.2173962593078613,0.0752168148756027,-0.3146799504756927,0.2041076272726059,-0.6324381828308105,-0.5967258810997009,-0.4497557878494262,5,-0.2992781240559945,-0.5016703827293546,1.0,-0.4785180407093637,0,0,-0.05,-0.0695468968865752,-167,-188,thymio-09
78,1788221351.3614726,3.2403786182403564,-0.2909586131572723,0.941996965940505,93.20192706671872,3.2403786182403564,0.0737811550498008,-0.2909586131572723,0.1868772655725479,-0.6637391448020935,-0.5986785292625427,-0.40756756067276,5,-0.4546504294609654,-0.5540134430582166,1.0,1.0,0,0,-0.05,-0.0166048929645576,-175,-180,thymio-09
79,1788221351.9703388,3.289330244064331,-0.245915412902832,0.7197205480497058,93.10192706671872,3.289330244064331,0.0753592699766159,-0.245915412902832,0.2432030290365219,-0.6028146743774414,-0.5803475379943848,-0.4905747771263122,5,-0.2212672862548171,1.0,-0.605468508768413,-0.4030196147797196,0,0,0.1040646855344468,-0.0189648468544541,373,367,thymio-09
80,1788221352.5784652,3.30962347984314,-0.2190712541341781,0.6892695311875201,93.00192706671874,3.30962347984314,0.0751720741391182,-0.2190712541341781,0.2489159256219864,-0.5969727635383606,-0.5768924355506897,-0.498858243227005,5,-0.2031391956791903,1.0,-0.6351602989051701,-0.3819973530167669,0,0,0.0938050902039607,0.1743675122129653,307,360,thymio-09
81,1788221353.186402,3.276183843612671,-0.2709750831127167,0.6358883247650793,92.892174947016,3.276183843612671,0.0752505809068679,-0.2709750831127167,0.2578596174716949,-0.5865694284439087,-0.5729344487190247,-0.5110684037208557,5,-0.196492703252047,1.0,-0.5699226994111796,-0.4234349119443708,0,0,0.0722038053273191,0.1012900499713353,241,272,thymio-09
82,1788221353.7941556,3.2289578914642334,-0.3271930813789367,0.7739524120431769,92.7502167179114,3.2289578914642334,0.0750987455248832,-0.3271930813789367,0.2308986634016037,-0.6158732771873474,-0.5846636295318604,-0.4749256074428558,5,-0.4881009582811622,1.0,-0.4343800222321619,1.0,0,0,0.1520817811488118,0.4182872399433358,477,500,thymio-09
83,1788221354.403104,3.1646299362182617,-0.3947398960590362,0.8078650555232714,92.5827957142629,3.1646299362182617,0.0747700929641723,-0.3947398960590362,0.2100243419408798,-0.6288663744926453,-0.591752827167511,-0.4585253298282623,5,-0.5472359568628642,1.0,-0.2890219808147878,1.0,0,0,0.194503927168096,0.5276558372473555,500,500,thymio-09
84,1788221355.012384,3.1646299362182617,-0.3947398960590362,0.8078650555232714,92.4827957142629,3.1646299362182617,0.0747700929641723,-0.3947398960590362,0.2100243419408798,-0.6288663744926453,-0.591752827167511,-0.4585253298282623,5,-0.5472359568628642,1.0,-0.2890219808147878,1.0,0,0,0.1965148952465041,-0.0192971185198161,500,500,thymio-09
85,1788221355.6201987,3.096461296081543,-0.4621875584125519,0.859867187765003,92.20048770893676,3.096461296081543,0.0747363492846489,-0.4621875584125519,0.2025842666625976,-0.6415038108825684,-0.5938591361045837,-0.4413204789161682,5,-0.5896571840275696,1.0,-0.204547643624551,1.0,0,0,-0.05,0.0854577277073432,-191,-165,thymio-09
86,1788221356.22831,3.0120911598205566,-0.5389392971992493,0.8787374694948209,91.853586848734,3.0120911598205566,0.0741434544324874,-0.5389392971992493,0.1868307888507843,-0.6513453722000122,-0.5979223251342773,-0.4281733930110931,5,-0.5955430537852613,1.0,-0.2093950363475145,1.0,0,0,-0.0492958461891624,-0.0434235943096236,-169,-182,thymio-09
87,1788221356.8366024,3.037299633026123,-0.5159785747528076,0.8941444548766428,91.75358684873402,3.037299633026123,0.0741886496543884,-0.5159785747528076,0.1813492476940155,-0.6550677418708801,-0.6019645929336548,-0.4190911650657654,5,-0.5970709961978629,1.0,-0.3308077394984249,1.0,0,0,-0.0489887297642295,-0.034179955628518,-169,-179,thymio-09
88,1788221357.444912,3.037299633026123,-0.5159785747528076,0.8941444548766428,91.65358684873402,3.037299633026123,0.0741886496543884,-0.5159785747528076,0.1813492476940155,-0.6550677418708801,-0.6019645929336548,-0.4190911650657654,5,-0.5970709961978629,1.0,-0.3308077394984249,1.0,0,0,-0.0489887297642295,-0.0147996793544911,-172,-176,thymio-09
89,1788221358.052636,3.064603328704834,-0.4938033521175384,0.915801303972528,91.55358684873404,3.064603328704834,0.0729842334985733,-0.4938033521175384,0.1905330866575241,-0.6582385301589966,-0.595386266708374,-0.4194453358650207,5,-0.5941421732883403,1.0,-0.4595356985756722,1.0,0,0,-0.0495774231690436,-0.0121098819578228,-174,-178,thymio-09
90,1788221358.661213,3.111531972885132,-0.4534316062927246,0.8926761959715117,91.45358684873403,3.111531972885132,0.0741835981607437,-0.4534316062927246,0.1993512660264969,-0.650500476360321,-0.5923142433166504,-0.4315924346446991,5,-0.5813675853013658,1.0,-0.6770527253382415,1.0,0,0,-0.0329124022070134,-0.0004006500971471,-117,-117,thymio-09
91,1788221359.2689629,3.139139175415039,-0.4276178181171417,0.8455871706643774,91.35358684873404,3.139139175415039,0.0747556164860725,-0.4276178181171417,0.1944558769464492,-0.6382815837860107,-0.6021431684494019,-0.4384144842624664,5,-0.5670606797027269,1.0,-0.8100947987372608,1.0,0,5023,0.08,0.1033163871887311,269,300,thymio-09
92,1788221359.87756,3.151893138885498,-0.4156011343002319,0.7943559642442564,91.25358684873405,3.151893138885498,0.0745431929826736,-0.4156011343002319,0.1959070414304733,-0.6286970973014832,-0.6000920534133911,-0.4541476368904114,5,-0.5553590733222387,1.0,-0.8750160958517561,1.0,0,2185,0.08,0.2314542250053663,249,319,thymio-09
93,1788221360.4851863,3.0903728008270264,-0.4696413278579712,0.9402506180623648,91.0854072277794,3.0903728008270264,0.0733280703425407,-0.4696413278579712,0.1778460144996643,-0.667414128780365,-0.6003158688545227,-0.4031749963760376,5,-0.5756280481711109,1.0,-0.7659817766694341,1.0,0,0,-0.0150376628894437,0.1804133375139815,-81,-26,thymio-09
94,1788221361.094898,3.072575807571411,-0.4817614257335663,0.926485664943824,90.9854072277794,3.072575807571411,0.0740621462464332,-0.4817614257335663,0.1564216315746307,-0.6731533408164978,-0.6050896048545837,-0.3953018188476562,5,-0.5790256729318112,1.0,-0.7501715214100569,1.0,0,0,-0.0182155241965785,0.1102311026621559,-81,-48,thymio-09
95,1788221361.7032807,3.072575807571411,-0.4817614257335663,0.926485664943824,90.8854072277794,3.072575807571411,0.0740621462464332,-0.4817614257335663,0.1564216315746307,-0.6731533408164978,-0.6050896048545837,-0.3953018188476562,5,-0.5790256729318112,1.0,-0.7501715214100569,1.0,0,0,-0.0182155241965785,0.1127154363340261,-82,-48,thymio-09
96,1788221362.312616,3.080605745315552,-0.4738835096359253,0.9705734530382628,90.78540722777942,3.080605745315552,0.0740705579519271,-0.4738835096359253,0.125843733549118,-0.6951794028282166,-0.6104326248168945,-0.3581354320049286,5,-0.567936972235481,1.0,-0.7662646688672482,1.0,0,0,-0.0149808015576831,0.076014569654922,-65,-42,thymio-09
97,1788221362.9206047,3.1021294593811035,-0.4591398537158966,1.0409339897509744,90.68540722777942,3.1021294593811035,0.072189413011074,-0.4591398537158966,0.0989930778741836,-0.718062162399292,-0.6191993951797485,-0.3019591271877289,5,-0.5367505607411048,1.0,-0.8042331925755484,1.0,0,0,-0.0073491282923147,0.0653114799099686,-36,-16,thymio-09
98,1788221363.5289395,3.1021294593811035,-0.4591398537158966,1.0409339897509744,90.58540722777944,3.1021294593811035,0.072189413011074,-0.4591398537158966,0.0989930778741836,-0.718062162399292,-0.6191993951797485,-0.3019591271877289,5,-0.5367505607411048,1.0,-0.8042331925755484,1.0,0,0,-0.0073491282923147,0.0797808712817246,-38,-14,thymio-09
99,1788221364.1371124,3.106959819793701,-0.455950528383255,0.9802009798542608,90.48540722777943,3.106959819793701,0.0746027678251266,-0.455950528383255,0.0655749514698982,-0.7153375148773193,-0.625147819519043,-0.3052580654621124,5,-0.5230289815685891,1.0,-0.8092722733598956,1.0,0,0,-0.0063362730546609,0.1054161306209233,-38,-7,thymio-09
100,1788221364.745275,3.119853973388672,-0.4490115344524383,0.9755986497577512,90.38540722777944,3.119853973388672,0.0750276818871498,-0.4490115344524383,0.0405874848365783,-0.7215685248374939,-0.6289165019989014,-0.2866278886795044,5,-0.4634158383431807,1.0,-0.785551431740406,1.0,0,0,-0.0111041622201783,0.1360799554881238,-60,-19,thymio-09
101,1788221365.353968,3.127580404281616,-0.4452350735664367,1.0606623095375003,90.28540722777944,3.127580404281616,0.0725844278931617,-0.4452350735664367,0.0557859279215335,-0.7346927523612976,-0.6276654005050659,-0.2512978911399841,5,-0.4237236680753738,1.0,-0.7852441128705407,1.0,0,0,0.0437693922797405,0.1363731326059382,135,176,thymio-09
102,1788221365.9622226,3.133463144302368,-0.4419181942939758,1.001986017228699,90.18540722777944,3.133463144302368,0.074970044195652,-0.4419181942939758,0.0102824568748474,-0.7374427914619446,-0.6293501257896423,-0.2449302226305008,5,-0.3972239270324789,1.0,-0.7887549443845453,1.0,0,0,0.0409695526397347,0.1364774766362736,125,166,thymio-09
103,1788221366.5702543,3.133463144302368,-0.4419181942939758,1.001986017228699,90.08540722777946,3.133463144302368,0.074970044195652,-0.4419181942939758,0.0102824568748474,-0.7374427914619446,-0.6293501257896423,-0.2449302226305008,5,-0.3972239270324789,1.0,-0.7887549443845453,1.0,0,0,0.0409656892676843,0.1677079256254451,120,171,thymio-09
104,1788221367.1795492,3.0937979221343994,-0.4442165195941925,1.0378254482744111,89.97595367253497,3.0937979221343994,0.073925107717514,-0.4442165195941925,-0.0182594954967498,-0.7549182772636414,-0.6259825229644775,-0.1947074979543686,5,-0.3789275174556246,1.0,-0.7575906483481766,1.0,0,0,0.0654713861891068,0.1107564717587996,216,249,thymio-09
105,1788221367.78887,3.0493738651275635,-0.4411517381668091,1.8439182262161635,89.81328953503663,3.0493738651275635,0.073056936264038,-0.4411517381668091,-0.1161243468523025,0.5902749300003052,-0.7637222409248352,0.2341350018978119,5,-0.322618545796155,-0.7223766726187424,0.989074581140643,1.0,0,0,0.0938687160562449,-0.4245523286942514,398,269,thymio-09
106,1788221368.3974056,2.998570919036865,-0.4336201548576355,1.8418827460779736,89.68918554264553,2.998570919036865,0.072704441845417,-0.4336201548576355,0.1353929787874221,-0.5935231447219849,0.762523889541626,-0.2189892530441284,5,-0.2909134726944117,-0.6669325970232632,0.966872374897169,1.0,0,0,0.1397253160530834,-0.3929434021007028,500,437,thymio-09
107,1788221369.005267,2.8894388675689697,-0.4442144334316253,1.0101002628743867,89.23187511055463,2.8894388675689697,0.0752159282565116,-0.4442144334316253,0.0004449861589819,-0.7442941665649414,-0.6264311671257019,-0.2315386086702346,5,0.5351140461586836,1.0,-0.5116057641768746,-0.3027469120002449,0,0,0.1489890694709313,-0.2140147992786657,500,497,thymio-09
108,1788221369.6131284,2.8894388675689697,-0.4442144334316253,1.0101002628743867,89.13187511055463,2.8894388675689697,0.0752159282565116,-0.4442144334316253,0.0004449861589819,-0.7442941665649414,-0.6264311671257019,-0.2315386086702346,5,0.5351140461586836,1.0,-0.5116057641768746,-0.3027469120002449,0,0,0.1572018676323255,-0.3604068910137077,500,500,thymio-09
109,1788221370.221654,2.81813645362854,-0.4557614326477051,1.0092018828906184,88.81060354881907,2.81813645362854,0.0759788230061531,-0.4557614326477051,0.0016060869675129,-0.7437371611595154,-0.6264724135398865,-0.2332056313753128,5,0.5512750081362663,1.0,-0.3998728238977551,-0.2845135001164351,0,0,0.1614826306741237,-0.4357356570366378,500,500,thymio-09
110,1788221370.8303444,2.687636613845825,-0.4714405834674835,1.065026706533193,88.07093085799977,2.687636613845825,0.0748688355088234,-0.4714405834674835,0.0073131015524268,-0.7533524036407471,-0.6255207061767578,-0.202807068824768,5,0.5793620637198074,1.0,-0.2671020221821371,-0.2824683337555517,0,0,0.1711691970210031,-0.5297939806188734,500,500,thymio-09
111,1788221371.4382486,2.556149959564209,-0.4862012863159179,1.0434839075208444,87.51249145582547,2.556149959564209,0.0770475566387176,-0.4862012863159179,-0.0065122656524181,-0.753812849521637,-0.6248141527175903,-0.2033004760742187,5,0.5232174796606948,1.0,-0.2410031384725228,-0.4360002991177804,0,0,0.1380596809430935,-0.5316715142192087,500,410,thymio-09
112,1788221372.0478215,2.45859694480896,-0.4957101941108703,1.0830016214031275,86.87463150752518,2.45859694480896,0.076757438480854,-0.4957101941108703,0.0176979731768369,-0.7523485422134399,-0.6271266937255859,-0.2009245753288269,5,0.4509863275650974,1.0,-0.2387590416249972,-0.4591623919459332,0,0,0.1228952160323085,-0.5301854270685021,500,357,thymio-09
113,1788221372.6561048,2.45859694480896,-0.4957101941108703,1.0830016214031275,86.77463150752519,2.45859694480896,0.076757438480854,-0.4957101941108703,0.0176979731768369,-0.7523485422134399,-0.6271266937255859,-0.2009245753288269,5,0.4509863275650974,1.0,-0.2387590416249972,-0.4591623919459332,0,0,0.1205835816525836,-0.5283929288578317,500,349,thymio-09
114,1788221373.2645197,2.3839542865753174,-0.5147074460983276,1.0507724637222022,86.36035543694645,2.3839542865753174,0.0777063593268394,-0.5147074460983276,0.0565710328519344,-0.7352414131164551,-0.6236461400985718,-0.2593940496444702,5,0.403207005930412,1.0,-0.2331121328251221,-0.4644499223386248,0,0,0.1134905057627707,-0.5103687302887353,480,326,thymio-09
115,1788221373.8726902,2.3122663497924805,-0.5465051531791687,0.9738703741918302,85.95845089041514,2.3122663497924805,0.0794442892074585,-0.5465051531791687,0.0955494046211242,-0.704353928565979,-0.6199089288711548,-0.3323686420917511,5,0.3694352992301284,1.0,-0.222799525686561,-0.46403378804495,0,0,0.1098016709385216,-0.4875930967677214,464,317,thymio-09
116,1788221374.481121,2.232940673828125,-0.6088868379592896,0.8621682050919848,85.52735693333548,2.232940673828125,0.0796012803912162,-0.6088868379592896,0.1963429301977157,-0.6432218551635742,-0.5975193381309509,-0.4366759359836578,5,0.3670166781487436,1.0,-0.1614945079076822,-0.4644947865187484,0,0,0.1218111383638202,-0.4882498641324562,500,359,thymio-09
117,1788221375.08926,2.232940673828125,-0.6088868379592896,0.8621682050919848,85.42735693333549,2.232940673828125,0.0796012803912162,-0.6088868379592896,0.1963429301977157,-0.6432218551635742,-0.5975193381309509,-0.4366759359836578,5,0.3670166781487436,1.0,-0.1614945079076822,-0.4644947865187484,0,0,0.1239145939633408,-0.4641009815617368,500,370,thymio-09
118,1788221375.697677,2.183778762817383,-0.6828278303146362,0.5439220778645826,85.165479854633,2.183778762817383,0.0794249847531318,-0.6828278303146362,0.272768884897232,-0.568830668926239,-0.5684570074081421,-0.5280961394309998,5,0.3950974495638326,1.0,-0.1135798056026756,-0.4468046469322663,0,0,0.1159907645702851,-0.4058168246306889,473,351,thymio-09
119,1788221376.3056538,2.141753911972046,-0.8237248659133911,-0.2900088994575718,84.89601391131542,2.141753911972046,0.0786647498607635,-0.8237248659133911,0.3628719449043274,-0.4803227186203003,-0.5131363868713379,-0.6118049025535583,5,-0.0137948455161245,1.0,1.0,-0.3637533805342854,0,0,0.1698700809286422,-0.538304893748508,500,500,thymio-09
120,1788221376.91331,2.137836456298828,-0.917949378490448,-0.8938973293895929,84.79399187354255,2.137836456298828,0.0783271938562393,-0.917949378490448,0.4179585576057434,-0.4115236103534698,-0.4746842682361603,-0.6562269926071167,5,0.0743120359471882,-0.2700610344238382,1.0,0.5476759818736798,0,0,0.1007556727992499,-0.0329116323347056,363,353,thymio-09
121,1788221377.5213835,2.139878749847412,-0.9893563389778136,-0.9030757390606184,84.69399187354256,2.139878749847412,0.0779603719711303,-0.9893563389778136,0.415050059556961,-0.4146025776863098,-0.4709260463714599,-0.6588374972343445,5,0.1553699117352363,-0.1975729727222366,1.0,0.6022777506459334,0,0,0.1875196126619587,0.6068023060920659,500,500,thymio-09
122,1788221378.1292548,2.143285751342773,-1.1091220378875732,-0.963946874545934,84.58216311539793,2.143285751342773,0.0769547075033187,-1.1091220378875732,0.4207518398761749,-0.4088446497917175,-0.4632653594017029,-0.6642282009124756,5,1.0,-0.0540220225383841,1.0,0.317465854859404,0,0,0.1686236440253891,0.6273695072554838,500,500,thymio-09
123,1788221378.7378032,2.143285751342773,-1.1091220378875732,-0.963946874545934,84.48216311539794,2.143285751342773,0.0769547075033187,-1.1091220378875732,0.4207518398761749,-0.4088446497917175,-0.4632653594017029,-0.6642282009124756,5,1.0,-0.0540220225383841,1.0,0.317465854859404,0,0,0.1041621865095549,0.628074756587555,275,465,thymio-09
124,1788221379.3457687,2.1447103023529053,-1.1691129207611084,-0.9519222334986585,84.38216311539794,2.1447103023529053,0.076296217739582,-1.1691129207611084,0.4211276173591614,-0.4081997871398926,-0.4658994078636169,-0.6625422835350037,5,1.0,0.0101606647475882,1.0,0.4075105854911895,0,0,0.0231849544827741,0.628100839047609,-12,177,thymio-09
125,1788221379.954004,2.146237373352051,-1.235456109046936,-0.8857010321387513,84.28216311539795,2.146237373352051,0.0757548958063125,-1.235456109046936,0.414313942193985,-0.4034614562988281,-0.4765318632125854,-0.6621784567832947,5,1.0,1.0,1.0,0.1805620633841276,0,0,-0.1265942299216284,0.6282501843425541,-500,-355,thymio-09
126,1788221380.561836,2.146237373352051,-1.235456109046936,-0.8857010321387513,84.18216311539796,2.146237373352051,0.0757548958063125,-1.235456109046936,0.414313942193985,-0.4034614562988281,-0.4765318632125854,-0.6621784567832947,5,1.0,0.2310377522918474,1.0,0.6281800710194951,0,0,-0.1652919399321547,0.6282416905689167,-500,-492,thymio-09
127,1788221381.1645756,10000.0,10000.0,0.0,84.18216311539796,2.146237373352051,0.0757548958063125,-1.235456109046936,0.414313942193985,-0.4034614562988281,-0.4765318632125854,-0.6621784567832947,5,1.0,1.0,1.0,1.0,0,0,-0.03,0.6282402480447524,-201,-12,thymio-09
128,1788221381.7679734,10000.0,10000.0,0.0,84.18216311539796,2.146237373352051,0.0757548958063125,-1.235456109046936,0.414313942193985,-0.4034614562988281,-0.4765318632125854,-0.6621784567832947,5,1.0,1.0,1.0,1.0,0,0,-0.03,0.6282894807058067,-201,-12,thymio-09
129,1788221382.3723671,2.2261483669281006,-1.1994590759277344,0.9580065410515362,84.18216311539796,2.2261483669281006,0.0748630091547966,-1.1994590759277344,0.1111193746328353,-0.6969432830810547,-0.6146107912063599,-0.352386325597763,5,0.9500299929697732,1.0,0.9090494353188916,1.0,0,0,-0.1762472156956553,0.6276322532473895,-500,-500,thymio-09
130,1788221382.9804966,2.2261483669281006,-1.1994590759277344,0.9580065410515362,84.08216311539796,2.2261483669281006,0.0748630091547966,-1.1994590759277344,0.1111193746328353,-0.6969432830810547,-0.6146107912063599,-0.352386325597763,5,0.9500299929697732,1.0,0.9090494353188916,1.0,0,0,-0.1862457699731175,0.628201900796512,-500,-500,thymio-09
131,1788221383.589312,2.2441298961639404,-1.182523250579834,1.0469075625070747,83.98216311539797,2.2441298961639404,0.0738474130630493,-1.182523250579834,-0.0027482267469167,0.7489466071128845,0.6286942958831787,0.2093202173709869,5,1.0,1.0,0.9878036791266872,1.0,0,0,-0.1918112112402203,0.6282950701944224,-500,-500,thymio-09
132,1788221384.1978922,2.427370548248291,-1.1641550064086914,1.0282433086150888,83.88216311539797,2.427370548248291,0.0739520192146301,-1.1641550064086914,0.0108091030269861,0.7499802112579346,0.6276996731758118,0.2083410322666168,5,1.0,1.0,1.0,1.0,0,0,-0.1807687694980102,0.6271620017110175,-500,-500,thymio-09
133,1788221384.8062482,2.517849922180176,-1.1546212434768677,1.0238369747435714,83.78216311539798,2.517849922180176,0.0736620351672172,-1.1546212434768677,0.0131268799304962,0.749748945236206,0.6277385354042053,0.2089226096868515,5,1.0,1.0,1.0,1.0,0,0,-0.1909809959963438,0.6282853462996277,-500,-500,thymio-09
134,1788221385.4141626,2.517849922180176,-1.1546212434768677,1.0238369747435714,83.68216311539798,2.517849922180176,0.0736620351672172,-1.1546212434768677,0.0131268799304962,0.749748945236206,0.6277385354042053,0.2089226096868515,5,1.0,1.0,1.0,1.0,0,0,-0.1828608454477928,0.6281004684865221,-500,-500,thymio-09
135,1788221386.0230892,2.5903432369232178,-1.1480116844177246,1.031927622530782,83.58216311539799,2.5903432369232178,0.0732550919055938,-1.1480116844177246,0.0113965915516018,0.752289354801178,0.6257597208023071,0.2058053016662597,5,1.0,1.0,1.0,1.0,0,0,-0.1748245699726741,0.6279050115057839,-500,-500,thymio-09
136,1788221386.6317863,2.735492467880249,-1.1339571475982666,1.0261959405133831,83.482163115398,2.735492467880249,0.0725555047392845,-1.1339571475982666,0.0141409877687692,0.7530393004417419,0.6243339776992798,0.2072174251079559,5,1.0,1.0,1.0,1.0,0,0,-0.1560423895563939,0.6275657367730759,-500,-460,thymio-09
137,1788221387.2412057,2.822706937789917,-1.1259301900863647,1.0296940492250697,83.382163115398,2.822706937789917,0.0721994563937187,-1.1259301900863647,0.0119913984090089,0.752942681312561,0.6245651245117188,0.2070075422525406,5,1.0,1.0,1.0,1.0,0,0,-0.1087572730666375,0.6265399428484304,-481,-292,thymio-09
138,1788221387.849291,2.867990493774414,-1.1211912631988523,1.0298394956039676,83.282163115398,2.867990493774414,0.0711646154522895,-1.1211912631988523,0.0149388993158936,0.7528363466262817,0.6257504820823669,0.2035944461822509,5,1.0,1.0,1.0,1.0,0,0,-0.0208729219733618,0.6222929275668287,-168,20,thymio-09
139,1788221388.4577398,2.98459267616272,-1.1116597652435305,0.9869901427306118,83.18216311539801,2.98459267616272,0.0692605003714561,-1.1116597652435305,0.1076706796884536,0.7843695282936096,0.5958964228630066,0.1344580352306366,5,1.0,1.0,1.0,1.0,0,0,0.0373336297159278,0.56565391079462,47,218,thymio-09
140,1788221389.0657496,2.98459267616272,-1.1116597652435305,0.9869901427306118,83.08216311539802,2.98459267616272,0.0692605003714561,-1.1116597652435305,0.1076706796884536,0.7843695282936096,0.5958964228630066,0.1344580352306366,5,1.0,1.0,1.0,1.0,0,0,0.0570791822630428,0.366468972314074,147,258,thymio-09
141,1788221389.6705377,10000.0,10000.0,0.0,83.08216311539802,2.98459267616272,0.0692605003714561,-1.1116597652435305,0.1076706796884536,0.7843695282936096,0.5958964228630066,0.1344580352306366,5,1.0,1.0,-1.0,1.0,0,0,0.03,-0.4793208430803948,179,34,thymio-09
142,1788221390.2741928,2.995582342147827,-1.0555557012557983,0.8692857608095972,83.08216311539802,2.995582342147827,0.0710019916296005,-1.0555557012557983,0.3686506152153015,0.734140157699585,0.5246260166168213,-0.2233889549970626,5,1.0,1.0,1.0,1.0,0,0,0.1421827482805648,-0.5974669264564921,500,415,thymio-09
143,1788221390.8824008,2.9599874019622803,-1.0279196500778198,0.978381825943238,82.84416629551872,2.9599874019622803,0.0710800066590309,-1.0279196500778198,0.2789653241634369,0.7650339007377625,0.5685158967971802,-0.1170092150568962,5,1.0,1.0,1.0,1.0,0,0,0.1191499121373291,-0.6187855041211067,500,330,thymio-09
144,1788221391.491725,2.8792526721954346,-0.9680755138397216,1.0382753606543351,82.37023511191539,2.8792526721954346,0.0715200677514076,-0.9680755138397216,0.2097119837999344,0.7739995718002319,0.5954241752624512,-0.0491505227982997,5,1.0,1.0,1.0,1.0,0,0,0.1391272542579243,-0.6221420895055525,500,400,thymio-09
145,1788221392.099889,2.8792526721954346,-0.9680755138397216,1.0382753606543351,82.2702351119154,2.8792526721954346,0.0715200677514076,-0.9680755138397216,0.2097119837999344,0.7739995718002319,0.5954241752624512,-0.0491505227982997,5,1.0,1.0,1.0,1.0,0,0,0.1350249276756526,-0.6227738166764438,500,386,thymio-09
146,1788221392.7080648,2.8119890689849854,-0.9393953680992126,1.0690816560066043,81.89054687923029,2.8119890689849854,0.0719681605696678,-0.9393953680992126,0.1560898572206497,0.7753883004188538,0.6118736863136292,0.0044169309549033,5,1.0,1.0,1.0,1.0,0,0,0.1395599997471297,-0.6230853240484013,500,402,thymio-09
147,1788221393.316166,2.680368661880493,-0.9056306481361388,1.068433904227791,81.10380010766396,2.680368661880493,0.0732702985405922,-0.9056306481361388,0.0958166196942329,0.7697972059249878,0.6254626512527466,0.0838336795568466,5,1.0,1.0,1.0,1.0,0,0,0.1401810557154826,-0.6230762748628482,500,404,thymio-09
148,1788221393.9238298,2.680368661880493,-0.9056306481361388,1.068433904227791,81.00380010766396,2.680368661880493,0.0732702985405922,-0.9056306481361388,0.0958166196942329,0.7697972059249878,0.6254626512527466,0.0838336795568466,5,1.0,1.0,1.0,1.0,0,0,0.1419968281385205,-0.6231132883893586,500,410,thymio-09
149,1788221394.531719,2.596652746200561,-0.895355761051178,1.0470183914074491,80.44912360881239,2.596652746200561,0.0746838673949241,-0.895355761051178,0.0757635980844497,0.7664734721183777,0.6255379319190979,0.1244212538003921,5,1.0,1.0,1.0,1.0,0,0,0.1422948831886869,-0.6230603368254665,500,412,thymio-09
150,1788221395.139851,2.455626964569092,-0.8946169018745422,1.03005259017141,79.60074646930684,2.455626964569092,0.0757302716374397,-0.8946169018745422,0.0345754064619541,0.7579911947250366,0.6250911951065063,0.1830713152885437,5,0.8803484892593465,-0.9637283174808748,1.0,1.0,0,0,0.0,-0.5573639743353711,84,-84,thymio-09
151,1788221395.748383,2.3662009239196777,-0.9032430052757264,1.035164801385351,79.0929093950428,2.3662009239196777,0.07583899050951,-0.9032430052757264,-0.0013362015597522,0.7485978007316589,0.6267976760864258,0.2161579877138137,5,0.734159568055003,-0.8811370979325923,1.0,1.0,0,0,0.0,-0.2076401153447586,31,-31,thymio-09
152,1788221396.356285,2.3662009239196777,-0.9032430052757264,1.035164801385351,78.9929093950428,2.3662009239196777,0.07583899050951,-0.9032430052757264,-0.0013362015597522,0.7485978007316589,0.6267976760864258,0.2161579877138137,5,0.734159568055003,1.0,1.0,1.0,0,0,0.1791167260302213,-0.0211149675818719,500,500,thymio-09
153,1788221396.9647398,2.36574935913086,-0.9105532765388488,0.9920592363039056,78.8929093950428,2.36574935913086,0.075685828924179,-0.9105532765388488,-0.0955683439970016,0.7090412378311157,0.6189555525779724,0.3240700960159302,5,0.6489542580066647,1.0,1.0,1.0,0,0,0.195619641246065,0.2684265579288892,500,500,thymio-09
154,1788221397.5737147,2.3170406818389893,-0.9459097981452942,0.9253703373500946,78.63421499660159,2.3170406818389893,0.0764979645609855,-0.9459097981452942,-0.1318875253200531,0.6798285245895386,0.6141754984855652,0.3784539699554443,5,0.5122932464832284,1.0,1.0,1.0,0,0,0.1961062588571356,0.4637190417542596,500,500,thymio-09
155,1788221398.1818724,2.2196412086486816,-1.0036814212799072,0.9452993970846482,78.12138518974244,2.2196412086486816,0.0766325518488884,-1.0036814212799072,-0.11728997528553,0.689924955368042,0.6164964437484741,0.3608029186725616,5,0.4114918141390313,1.0,1.0,1.0,0,0,0.1939966847377646,0.5218260314570454,500,500,thymio-09
156,1788221398.7894733,2.1359848976135254,-1.0461217164993286,0.9925356646488446,77.67018107954287,2.1359848976135254,0.0767756998538971,-1.0461217164993286,-0.0993251129984855,0.7091716527938843,0.6162735223770142,0.327745646238327,5,0.3476406772979938,1.0,1.0,1.0,0,0,0.1909936363431107,0.5385054409735177,500,500,thymio-09
157,1788221399.397494,2.071860074996948,-1.0716301202774048,1.0026997644654043,77.38880699065732,2.071860074996948,0.0774555578827858,-1.0716301202774048,-0.0768070220947265,0.7184714078903198,0.6209093332290649,0.3039264678955078,5,0.8316531559706484,1.0,0.2953882318195153,1.0,0,0,0.1566715418236117,0.3303891184843961,500,500,thymio-09
158,1788221400.005996,1.9333055019378664,-1.1143090724945068,0.994792233246014,76.81144418913313,1.9333055019378664,0.07805747538805,-1.1143090724945068,-0.033265758305788,0.7221929430961609,0.6373440027236938,0.266689658164978,5,0.6770212306183452,1.0,0.3033462287264241,1.0,0,0,0.1963777720677204,0.6024490855043674,500,500,thymio-09
159,1788221400.613806,1.9333055019378664,-1.1143090724945068,0.994792233246014,76.71144418913313,1.9333055019378664,0.07805747538805,-1.1143090724945068,-0.033265758305788,0.7221929430961609,0.6373440027236938,0.266689658164978,5,0.6770212306183452,1.0,0.3033462287264241,1.0,0,0,0.1875240927530296,0.5278463870444527,500,500,thymio-09
160,1788221401.221593,1.873340606689453,-1.1279352903366089,0.9788877303865142,76.44277716447911,1.873340606689453,0.0794929787516594,-1.1279352903366089,-0.0124987158924341,0.7264503836631775,0.636634111404419,0.2584775984287262,5,0.5729868885128864,1.0,0.3333281265884464,1.0,0,0,0.1866721476912352,0.5115702622705721,500,500,thymio-09
161,1788221401.830443,1.7251880168914795,-1.1543240547180176,1.0254083307392057,75.83109202443043,1.7251880168914795,0.0877546668052673,-1.1543240547180176,-0.006899687461555,0.6689786911010742,0.7148205637931824,0.2035966366529464,5,0.3815794578376772,1.0,0.4111251191040515,1.0,0,0,0.1894585684037398,0.4484718451234287,500,500,thymio-09
162,1788221402.438356,1.6942646503448486,-1.1565089225769043,1.6125396784007116,75.70973992098375,1.6942646503448486,0.0742914527654647,-1.1565089225769043,0.01723606698215,0.5049076080322266,-0.8450136184692383,0.1752806454896927,5,0.3377727560093393,1.0,0.4404996492311182,1.0,0,0,0.1953707930246911,0.2597927399933857,500,500,thymio-09
163,1788221403.0468462,1.6942646503448486,-1.1565089225769043,1.6125396784007116,75.60973992098376,1.6942646503448486,0.0742914527654647,-1.1565089225769043,0.01723606698215,0.5049076080322266,-0.8450136184692383,0.1752806454896927,5,0.3377727560093393,1.0,0.4404996492311182,1.0,0,0,0.1981316519223363,-0.0295033091988592,500,500,thymio-09
164,1788221403.6547885,1.518933892250061,-1.169069766998291,1.030554063068763,74.97585616745403,1.518933892250061,0.0764531642198562,-1.169069766998291,-0.0279193129390478,-0.7764910459518433,-0.59816575050354,-0.1961627751588821,5,0.1492283555533229,1.0,0.501829615232223,1.0,0,0,0.1979156227356804,0.0007470009748465,500,500,thymio-09
165,1788221404.2629793,1.3614283800125122,-1.1663637161254885,1.030462379604975,74.47514152098957,1.3614283800125122,0.0782097280025482,-1.1663637161254885,-0.0746453404426574,-0.7685496211051941,-0.6200822591781616,-0.1387714296579361,5,-0.0110884994047042,1.0,0.5066230301017425,1.0,0,0,0.1984309378206414,0.1083768533876154,500,500,thymio-09
166,1788221404.8717058,1.3082928657531738,-1.1620348691940308,0.991304337105822,74.31361430584964,1.3082928657531738,0.0764997974038124,-1.1620348691940308,-0.0801466330885887,-0.7878539562225342,-0.5875738263130188,-0.1661923229694366,5,-0.0641208658761298,1.0,0.5330133335394012,1.0,0,0,0.1980747474357509,0.090536535960142,500,500,thymio-09
167,1788221405.479535,1.1875423192977903,-1.147645115852356,0.9831357219047804,73.87248900884293,1.1875423192977903,0.0779489949345588,-1.147645115852356,-0.1010833382606506,-0.793053925037384,-0.582415759563446,-0.1471036672592163,5,-0.1686057450066783,1.0,0.5748132458534503,1.0,0,0,0.198133878592567,0.1120678912580792,500,500,thymio-09
168,1788221406.0885956,1.046307921409607,-1.120618462562561,0.9038689392219386,73.30451289144595,1.046307921409607,0.0796655789017677,-1.120618462562561,-0.1503446400165558,-0.8127720355987549,-0.5427428483963013,-0.1490924805402755,5,-0.2863545239286144,1.0,0.6177647716733612,1.0,0,0,0.1979800653135782,0.118940211752475,500,500,thymio-09
169,1788221406.6963763,1.046307921409607,-1.120618462562561,0.9038689392219386,73.20451289144596,1.046307921409607,0.0796655789017677,-1.120618462562561,-0.1503446400165558,-0.8127720355987549,-0.5427428483963013,-0.1490924805402755,5,-0.2863545239286144,1.0,0.6177647716733612,1.0,0,0,0.1980188323810939,0.1573145643268228,500,500,thymio-09
170,1788221407.3057556,0.9519585371017456,-1.0951067209243774,1.0675954025052254,72.6282996365836,0.9519585371017456,0.083038792014122,-1.0951067209243774,-0.1209003403782844,-0.7687739729881287,-0.6257220506668091,-0.0533070713281631,5,1.0,1.0,0.6509158812007225,1.0,0,0,0.1997280712026954,0.0974297457372853,500,500,thymio-09
171,1788221407.9137893,0.8333679437637329,-1.0547467470169067,1.0425494634812118,71.96305691429832,0.8333679437637329,0.0850545987486839,-1.0547467470169067,-0.1523204743862152,-0.7653276324272156,-0.6244742274284363,-0.0332285314798355,5,1.0,-0.8899318228884193,0.7091724606142373,1.0,0,0,0.0,-0.3336804255684251,50,-50,thymio-09
172,1788221408.5219536,0.7437232136726379,-1.0179171562194824,1.0465209745449204,71.35409631114388,0.7437232136726379,0.0854630172252655,-1.0179171562194824,-0.1597863286733627,-0.7651885747909546,-0.6233372688293457,-0.0201342534273862,5,1.0,-0.7940679216732984,0.7623738272094924,1.0,0,0,0.0375416903773931,-0.3081095456113083,180,87,thymio-09
173,1788221409.1298902,0.7437232136726379,-1.0179171562194824,1.0465209745449204,71.25409631114388,0.7437232136726379,0.0854630172252655,-1.0179171562194824,-0.1597863286733627,-0.7651885747909546,-0.6233372688293457,-0.0201342534273862,5,1.0,1.0,0.7623738272094924,1.0,0,0,0.195405333660378,-0.1770811897409689,500,500,thymio-09
174,1788221409.7379231,0.7293546795845032,-1.0211328268051147,1.0357045933510651,71.15409631114389,0.7293546795845032,0.086025021970272,-1.0211328268051147,-0.0897462591528892,-0.7575846314430237,-0.6360688805580139,-0.1158768013119697,5,1.0,1.0,0.8005911393857401,1.0,0,0,0.199845317257413,-0.1567693890993022,500,500,thymio-09
175,1788221410.3473308,0.6226358413696289,-1.018667697906494,1.0036301532413106,70.56396727696557,0.6226358413696289,0.0867691487073898,-1.018667697906494,-0.0692716166377067,-0.7600811123847961,-0.6249560713768005,-0.1640370190143585,5,1.0,1.0,0.9037869670232292,1.0,0,0,0.1996495929959628,-0.0263864180418818,500,500,thymio-09
176,1788221410.9558663,0.5331698656082153,-1.0107333660125732,1.0234844274510282,70.07199436006415,0.5331698656082153,0.0873672440648078,-1.0107333660125732,-0.0797268152236938,-0.7617810368537903,-0.6280916929244995,-0.1372374892234802,5,1.0,1.0,0.9640394243593682,1.0,0,0,0.1993002479951006,-0.2860536138524821,500,500,thymio-09
177,1788221411.563722,0.5331698656082153,-1.0107333660125732,1.0234844274510282,69.97199436006416,0.5331698656082153,0.0873672440648078,-1.0107333660125732,-0.0797268152236938,-0.7617810368537903,-0.6280916929244995,-0.1372374892234802,5,1.0,1.0,0.9640394243593682,1.0,0,0,0.1988212123458601,-0.4921672775891539,500,500,thymio-09
178,1788221412.1730244,0.444263607263565,-0.9981787204742432,0.958709723236744,69.54818140051721,0.444263607263565,0.0906828939914703,-0.9981787204742432,-0.1213070675730705,-0.7549756765365601,-0.629595935344696,-0.1374967098236084,5,1.0,1.0,1.0,-0.3201640972647265,0,0,0.1666514533446011,-0.4461791631681893,500,500,thymio-09
179,1788221412.7818685,0.3034408688545227,-0.9675557613372804,0.9573686998127364,68.97134040446232,0.3034408688545227,0.0920906215906143,-0.9675557613372804,-0.141973003745079,-0.7566381096839905,-0.6279603242874146,-0.1140534505248069,5,1.0,1.0,1.0,-0.7418720295800085,2839,0,-0.08,-0.2964502242026113,-239,-329,thymio-09
180,1788221413.3905823,0.1878395527601242,-0.9318411946296692,1.0109739123855306,68.65560173082585,0.1878395527601242,0.0916946530342102,-0.9318411946296692,-0.1441135555505752,-0.7691552639007568,-0.6187964081764221,-0.0687201768159866,5,-0.4710144416566703,1.0,1.0,-0.8295561642503502,0,0,0.0086352710297068,0.1884348017226254,2,59,thymio-09
181,1788221413.998741,0.2313524335622787,-0.9468079209327698,1.0007103473926495,68.55560173082586,0.2313524335622787,0.0911384969949722,-0.9468079209327698,-0.1237424537539482,-0.7693455815315247,-0.6182752847671509,-0.1026210933923721,5,-0.3693681659571602,1.0,0.919284609312276,-0.7668364719816638,0,0,0.0535936989434994,0.2052593430846661,159,221,thymio-09
182,1788221414.607376,0.2313524335622787,-0.9468079209327698,1.0007103473926495,68.45560173082586,0.2313524335622787,0.0911384969949722,-0.9468079209327698,-0.1237424537539482,-0.7693455815315247,-0.6182752847671509,-0.1026210933923721,5,-0.3693681659571602,1.0,0.919284609312276,-0.7668364719816638,0,0,0.0555620335783795,0.34194294992511,146,249,thymio-09
183,1788221415.2160518,0.2246389091014862,-0.9438138008117676,0.9636051580664092,68.35560173082587,0.2246389091014862,0.0925761833786964,-0.9438138008117676,-0.1534964740276336,-0.7626251578330994,-0.6211729049682617,-0.0947943180799484,5,-0.3173709212638887,1.0,0.8503369109642238,-0.7709807705560032,0,0,0.0515980328009796,0.3195455836783792,135,232,thymio-09
184,1788221415.82437,0.1633942425251007,-0.9046385288238524,0.9689988015950028,68.14994642250663,0.1633942425251007,0.0919015333056449,-0.9046385288238524,-0.2493616938591003,-0.768542468547821,-0.5869002938270569,0.0520509332418441,5,-0.2713507946740184,1.0,0.7269263757826043,-0.7610704224658313,0,0,0.0583412498555636,0.3324277449685837,157,257,thymio-09
185,1788221416.433729,0.1633942425251007,-0.9046385288238524,0.9689988015950028,68.04994642250664,0.1633942425251007,0.0919015333056449,-0.9046385288238524,-0.2493616938591003,-0.768542468547821,-0.5869002938270569,0.0520509332418441,5,-0.2713507946740184,1.0,0.7269263757826043,-0.7610704224658313,0,0,0.0605813102105838,0.3756907763350953,159,272,thymio-09
186,1788221417.042549,0.1402089893817901,-0.8796825408935547,0.9524150093021132,67.94994642250664,0.1402089893817901,0.091804027557373,-0.8796825408935547,0.2924359738826751,0.765082597732544,0.5606671571731567,-0.1215826123952865,5,-0.2421057249318857,1.0,0.6492719517916503,-0.7385227872320155,0,0,0.0761929764071262,0.3210091475647299,222,319,thymio-09
187,1788221417.6519349,0.1114015132188797,-0.8227425813674927,0.8433491462294684,67.81239129441101,0.1114015132188797,0.0919161513447761,-0.8227425813674927,-0.3803165555000305,-0.731727659702301,-0.5113723874092102,0.2417275011539459,5,-0.1949277529934259,1.0,0.504464425150976,-0.6755464589567513,0,0,0.1225118042443815,0.3383863173390167,384,486,thymio-09
188,1788221418.260945,0.0973971486091613,-0.742570161819458,0.5758215092591485,67.67476047507573,0.0973971486091613,0.0919850543141365,-0.742570161819458,-0.4564457833766937,-0.6745384335517883,-0.4454199075698852,0.3718282878398895,5,-0.1496022730651089,1.0,0.3262224758711549,-0.5975362265789601,0,0,0.1772870213115719,0.3737395065378821,500,500,thymio-09
189,1788221418.8692136,0.0973971486091613,-0.742570161819458,0.5758215092591485,67.57476047507573,0.0973971486091613,0.0919850543141365,-0.742570161819458,-0.4564457833766937,-0.6745384335517883,-0.4454199075698852,0.3718282878398895,5,-0.1496022730651089,1.0,0.3262224758711549,-0.5975362265789601,0,0,0.1808900351546515,0.4364661362436219,500,500,thymio-09
190,1788221419.4778812,0.0924136340618133,-0.6577999591827393,0.3759660608871682,67.46992311452948,0.0924136340618133,0.0926589295268058,-0.6577999591827393,0.4811200797557831,0.6555472612380981,0.4186484813690185,-0.4043695032596588,5,-0.133023087613285,-0.5296129238102634,0.1903957891506051,1.0,0,0,0.1847415361828414,0.4023507394931166,500,500,thymio-09
191,1788221420.086219,0.095572754740715,-0.5869342684745789,2.6313149202932085,67.36992311452948,0.095572754740715,0.0948415920138359,-0.5869342684745789,-0.6068594455718994,0.5777801871299744,-0.4757364690303802,-0.2675191164016723,5,-0.4690416520124228,0.0843113927163914,-0.1226603495633608,1.0,0,0,0.1739975081965761,0.1708014702531299,500,500,thymio-09
192,1788221420.695432,0.1112340316176414,-0.4212675392627716,0.032976801307357,67.26313274142151,0.1112340316176414,0.095409482717514,-0.4212675392627716,0.5055557489395142,0.6291459798812866,0.3823637068271637,-0.449874073266983,5,1.0,-0.2877056437651937,-0.1327782842365824,-0.0891087525845126,0,0,0.1465298556174177,0.0015779546300107,500,500,thymio-09
193,1788221421.303929,0.1272607296705246,-0.321803480386734,-0.0994746620554916,67.16313274142152,0.1272607296705246,0.0964748561382293,-0.321803480386734,-0.5107505917549133,-0.6192911267280579,-0.3711714446544647,0.4667377769947052,5,1.0,-0.2254740778173141,-0.2284185800131565,-0.0579775194217713,0,0,0.1046928646665541,-0.0255258067637718,376,368,thymio-09
194,1788221421.912385,0.1574026495218277,-0.1903354227542877,-0.337971571580467,67.06313274142153,0.1574026495218277,0.0979565307497978,-0.1903354227542877,-0.526224672794342,-0.5998494625091553,-0.3566834032535553,0.4858449697494507,5,1.0,-0.1508299872717328,-0.2771606872023701,0.0059158267657788,0,0,0.1196573480541151,-0.0029226701115494,426,425,thymio-09
195,1788221422.520644,0.1574026495218277,-0.1903354227542877,-0.337971571580467,66.96313274142153,0.1574026495218277,0.0979565307497978,-0.1903354227542877,-0.526224672794342,-0.5998494625091553,-0.3566834032535553,0.4858449697494507,5,1.0,-0.1508299872717328,-0.2771606872023701,0.0059158267657788,0,0,0.0921506108414967,0.0313324291302499,323,332,thymio-09
196,1788221423.1300232,0.1672983318567276,-0.1519065499305725,-0.3417785687971508,66.86313274142154,0.1672983318567276,0.0975455194711685,-0.1519065499305725,-0.5234794020652771,-0.6005569696426392,-0.354937732219696,0.4892033636569977,5,1.0,-0.1180982854570433,-0.2683096622250356,0.0257078118185556,0,0,0.0941404487596585,0.0758903340403508,323,346,thymio-09
1,1788220973.7407205,2.740983247756958,1.398750066757202,0.1294326369747906,100.0,2.740983247756958,0.0997700616717338,1.398750066757202,0.5086144208908081,0.6884722113609314,0.341691642999649,-0.3880261182785034,5,1.0,1.0,-0.3664742315251751,1.0,0,0,0.0004996956538069,-0.2416850948047945,38,-35,thymio-11
2,1788220974.3441982,2.728550672531128,-0.0486720651388168,0.8694226373891389,100.0,2.728550672531128,0.0871964618563652,-0.0486720651388168,0.0384725742042064,-0.7233519554138184,-0.5980218052864075,-0.3430041074752807,5,1.0,-0.6969164230613166,1.0,-0.652925307544558,0,0,0.0996535144405751,-0.5180990333767281,432,276,thymio-11
3,1788220974.951963,2.726428747177124,-0.0527842678129673,0.8149959642010094,99.9,2.726428747177124,0.0870990604162216,-0.0527842678129673,0.0681272745132446,-0.6965138912200928,-0.6008195281028748,-0.3863199949264526,5,1.0,-0.7009231428324092,1.0,-0.6886610482895112,0,0,0.0677827005400019,-0.4709700594288535,312,170,thymio-11
4,1788220975.560882,2.726428747177124,-0.0527842678129673,0.8149959642010094,99.8,2.726428747177124,0.0870990604162216,-0.0527842678129673,0.0681272745132446,-0.6965138912200928,-0.6008195281028748,-0.3863199949264526,5,1.0,-0.7009231428324092,1.0,-0.6886610482895112,0,0,0.0281144482906857,-0.4116647301369731,162,38,thymio-11
5,1788220976.1687348,2.6716079711914062,-0.1373546719551086,0.5498276793040131,99.56175941112647,2.6716079711914062,0.0864597260951995,-0.1373546719551086,0.2023678719997406,-0.6050702929496765,-0.5638301372528076,-0.5244356393814087,5,1.0,-0.6615228710947327,-0.6963426661071503,-0.7903040222646673,0,0,0.0101488915248018,-0.0313331333227467,41,31,thymio-11
6,1788220976.7784586,2.666799068450928,-0.1690307855606079,-0.0039336632330853,99.4617594111265,2.666799068450928,0.0871922820806503,-0.1690307855606079,0.2816605865955353,-0.516487717628479,-0.5300869941711426,-0.6106681823730469,5,1.0,-0.6785233823836435,-0.7009977437858712,-0.7989279867801977,0,0,0.0084154746571802,0.0984532219350278,15,45,thymio-11
7,1788220977.386768,2.666799068450928,-0.1690307855606079,-0.0039336632330853,99.3617594111265,2.666799068450928,0.0871922820806503,-0.1690307855606079,0.2816605865955353,-0.516487717628479,-0.5300869941711426,-0.6106681823730469,5,1.0,-0.6785233823836435,-0.7009977437858712,-0.7989279867801977,0,0,0.0084154746571802,0.1999341989510969,0,60,thymio-11
8,1788220977.9953148,2.665938377380371,-0.1790022850036621,0.0175150840594806,99.2617594111265,2.665938377380371,0.0866250321269035,-0.1790022850036621,0.2771551609039306,-0.5173486471176147,-0.534046471118927,-0.6085472702980042,5,1.0,-0.6802170852123166,-0.7192508885455893,-0.8000686054845497,0,0,0.0081862102976054,0.2847998305825797,-14,72,thymio-11
9,1788220978.6030557,2.6608712673187256,-0.1876474022865295,0.4195583037668298,99.16175941112652,2.6608712673187256,0.0862604528665542,-0.1876474022865295,0.2400655001401901,-0.5783734321594238,-0.5480905175209045,-0.5544813275337219,5,1.0,-0.6792288172191701,-0.7347748718489879,-0.8074236112906952,0,0,0.0067078541305702,0.3738194722247316,-33,80,thymio-11
10,1788220979.211617,2.6593525409698486,-0.1892056167125702,0.4837252620314283,99.06175941112652,2.6593525409698486,0.0864661782979965,-0.1892056167125702,0.2266505509614944,-0.5884587168693542,-0.5565468072891235,-0.5409265160560608,5,1.0,-0.678280597204798,-0.7350425997339933,-0.8093657418716333,1848,0,0.0063174858838016,0.5894808408918202,-67,111,thymio-11
11,1788220979.819409,2.6537160873413086,-0.1916806697845459,0.6910345463865415,98.96175941112652,2.6537160873413086,0.0865947231650352,-0.1916806697845459,0.1502890437841415,-0.640657901763916,-0.5877025723457336,-0.4707191288471222,5,-0.8153038419717268,-0.6654037641072849,-0.7329539322683105,1.0,2486,0,-0.08,0.6215494159064635,-378,-190,thymio-11
12,1788220980.4280963,2.6537160873413086,-0.1916806697845459,0.6910345463865415,98.86175941112651,2.6537160873413086,0.0865947231650352,-0.1916806697845459,0.1502890437841415,-0.640657901763916,-0.5877025723457336,-0.4707191288471222,5,-0.8153038419717268,-0.6654037641072849,-0.7329539322683105,1.0,1528,0,0.0051239277636829,0.0586295185638166,9,27,thymio-11
13,1788220981.0364008,2.694130182266236,-0.1668729931116104,0.9285141518219512,98.76175941112652,2.694130182266236,0.0865713134407997,-0.1668729931116104,-0.095741182565689,-0.782548189163208,-0.5880445837974548,-0.1807087510824203,5,-0.7718963257585214,-0.7563761479756884,1.0,-0.4892019266655935,0,0,0.0138488385225371,0.3440070689557899,-3,101,thymio-11
14,1788220981.6442373,2.697171449661255,-0.164109006524086,0.927414217017839,98.66175941112654,2.697171449661255,0.0858376398682594,-0.164109006524086,-0.1281142234802246,-0.7822786569595337,-0.5930401682853699,-0.1411747932434082,5,-0.767839769989635,-0.7437257976051455,1.0,-0.4850199527926589,0,0,0.0146642062320833,-0.1675669134173875,77,27,thymio-11
15,1788220982.2532456,2.687938928604126,-0.1611002385616302,0.9207153946406555,98.56175941112654,2.687938928604126,0.0862825363874435,-0.1611002385616302,-0.1818187981843948,-0.7876744270324707,-0.5839354991912842,-0.0743673145771026,5,1.0,-0.7211243675390461,1.0,-0.7743364683122388,1097,0,0.01335836986924,0.2371914680772727,12,83,thymio-11
16,1788220982.861801,2.687938928604126,-0.1611002385616302,0.9207153946406555,98.46175941112656,2.687938928604126,0.0862825363874435,-0.1611002385616302,-0.1818187981843948,-0.7876744270324707,-0.5839354991912842,-0.0743673145771026,5,1.0,-0.7211243675390461,1.0,-0.7743364683122388,1218,0,0.01335836986924,-0.556176041733445,131,-37,thymio-11
17,1788220983.4704833,2.6700220108032227,-0.1585284918546676,0.923201019450028,98.36175941112656,2.6700220108032227,0.0862831696867942,-0.1585284918546676,-0.1936471164226532,-0.7896723747253418,-0.5796034932136536,-0.0545719712972641,5,1.0,-0.6808400681434187,1.0,-0.7847305597719125,1609,0,0.0112691574858455,-0.0846251182784941,53,27,thymio-11
18,1788220984.0790453,2.660841703414917,-0.1614616811275482,0.9311200362994612,98.26175941112656,2.660841703414917,0.0862408429384231,-0.1614616811275482,-0.135240688920021,-0.7849172353744507,-0.5906896591186523,-0.1292315572500229,5,1.0,-0.6650478091823984,1.0,-0.7918627653848076,1687,0,0.0098355841576536,-0.0325730434301166,40,30,thymio-11
19,1788220984.6867738,2.660841703414917,-0.1614616811275482,0.9311200362994612,98.16175941112655,2.660841703414917,0.0862408429384231,-0.1614616811275482,-0.135240688920021,-0.7849172353744507,-0.5906896591186523,-0.1292315572500229,5,1.0,-0.6650478091823984,1.0,-0.7918627653848076,1823,0,0.0098355841576536,-0.0036112518234243,35,34,thymio-11
20,1788220985.2947414,2.6464922428131104,-0.167061448097229,0.9191126813218268,98.06175941112656,2.6464922428131104,0.0865704640746116,-0.167061448097229,-0.0728132352232933,-0.7696534991264343,-0.5978267788887024,-0.2119784504175186,5,1.0,-0.638989853998861,1.0,-0.8031676010481612,2035,0,-0.08,0.0094084473827048,-286,-283,thymio-11
21,1788220985.9041097,2.637215614318848,-0.1703653335571289,0.9167221888226696,97.96175941112658,2.637215614318848,0.0869103446602821,-0.1703653335571289,-0.0704932138323783,-0.7717531323432922,-0.5935468077659607,-0.217094600200653,5,1.0,-0.621138601160989,1.0,-0.8098821645847606,0,0,0.0062136849184631,0.0956452853904063,8,37,thymio-11
22,1788220986.5123806,2.6835920810699463,-0.1582503020763397,0.9341925683887976,97.86175941112658,2.6835920810699463,0.0868391245603561,-0.1582503020763397,-0.0708756074309349,-0.7743325233459473,-0.5947384238243103,-0.2041375488042831,5,1.0,-0.6353494719315991,1.0,-0.7599782499041499,0,0,0.0162443717692658,0.1150842527755089,40,75,thymio-11
23,1788220987.1206443,2.6835920810699463,-0.1582503020763397,0.9341925683887976,97.7617594111266,2.6835920810699463,0.0868391245603561,-0.1582503020763397,-0.0708756074309349,-0.7743325233459473,-0.5947384238243103,-0.2041375488042831,5,1.0,-0.6353494719315991,1.0,-0.7599782499041499,0,0,0.0162443717692658,0.002006811482248,57,58,thymio-11
24,1788220987.7287662,2.6802351474761963,-0.157197430729866,0.933231225619176,97.6617594111266,2.6802351474761963,0.086437702178955,-0.157197430729866,-0.09954584389925,-0.7776688933372498,-0.5966068506240845,-0.1714118868112564,5,1.0,-0.6222463333880082,1.0,-0.5965727861876375,0,0,0.0439284869890103,0.0206381740531284,153,159,thymio-11
25,1788220988.3371303,2.6560816764831543,-0.1583148390054702,0.9338735648829476,97.55479789724016,2.6560816764831543,0.0864535942673683,-0.1583148390054702,-0.12677563726902,-0.7809268236160278,-0.5959416627883911,-0.1376035362482071,5,1.0,-0.5831201230767986,1.0,-0.7787788127255129,0,0,0.0124654586421719,0.29659436282171,0,89,thymio-11
26,1788220988.9458573,2.6284475326538086,-0.1603574454784393,0.933108031975216,97.43220939240425,2.6284475326538086,0.0862658843398094,-0.1603574454784393,-0.1338420510292053,-0.7839885354042053,-0.5922057032585144,-0.1293859183788299,5,1.0,-0.5554247146131475,1.0,-0.7884659128871533,0,0,0.0105183515096821,0.0683599135856234,27,48,thymio-11
27,1788220989.554312,2.6284475326538086,-0.1603574454784393,0.933108031975216,97.33220939240424,2.6284475326538086,0.0862658843398094,-0.1603574454784393,-0.1338420510292053,-0.7839885354042053,-0.5922057032585144,-0.1293859183788299,5,1.0,-0.5554247146131475,1.0,-0.7884659128871533,0,0,0.0105183515096821,0.1754313483055081,11,64,thymio-11
28,1788220990.1626914,2.6188085079193115,-0.1566479355096817,0.9028355741779563,97.23220939240426,2.6188085079193115,0.0867452695965766,-0.1566479355096817,-0.2020153999328613,-0.7916305661201477,-0.5735912919044495,-0.0591935142874717,5,1.0,-0.5293455667250273,1.0,-0.7782454785690487,0,0,0.0125726588076211,0.1848529485121774,17,73,thymio-11
29,1788220990.771164,2.606710910797119,-0.1509729474782943,0.92211154732282,97.13220939240426,2.606710910797119,0.086974911391735,-0.1509729474782943,-0.2348392903804779,-0.7948618531227112,-0.5593429207801819,0.0134426858276128,5,1.0,-0.5011183745973218,1.0,-0.7602667093921204,0,0,0.0161863914121838,0.2234641033049955,24,91,thymio-11
30,1788220991.379746,2.599998950958252,-0.1461338251829147,0.9153103120340482,97.03220939240428,2.599998950958252,0.0869415551424026,-0.1461338251829147,-0.2634471952915191,-0.7895820736885071,-0.5510581731796265,0.0590831451117992,5,1.0,-0.4848314691638914,1.0,-0.7501611780053893,0,0,0.0182176032209167,0.2522867437651367,27,103,thymio-11
31,1788220991.9875858,2.5900559425354004,-0.1378389000892639,0.8641454580365835,96.93220939240427,2.5900559425354004,0.0870391577482223,-0.1378389000892639,-0.3107154667377472,-0.7865132093429565,-0.5210182070732117,0.1157276257872581,5,1.0,-0.5337282175318845,1.0,-0.7450042164336544,0,0,0.0192541524968354,0.2505484109214113,31,106,thymio-11
32,1788220992.5960157,2.5900559425354004,-0.1378389000892639,0.8641454580365835,96.83220939240428,2.5900559425354004,0.0870391577482223,-0.1378389000892639,-0.3107154667377472,-0.7865132093429565,-0.5210182070732117,0.1157276257872581,5,1.0,-0.5337282175318845,1.0,-0.7450042164336544,0,0,0.071705428536524,0.3118950383385026,208,302,thymio-11
33,1788220993.2047718,2.578895568847656,-0.1238784119486808,0.7919617960079406,96.73220939240429,2.578895568847656,0.0870608389377594,-0.1238784119486808,-0.3669644594192505,-0.7660412192344666,-0.4881251752376556,0.2006288468837738,5,1.0,-0.5378753155201292,1.0,-0.7160702280882798,0,0,0.0250698841542557,0.3434325279509299,37,141,thymio-11
34,1788220993.812704,2.5583691596984863,-0.0957976579666137,0.6890015984497802,96.62046127845248,2.5583691596984863,0.0881081521511077,-0.0957976579666137,-0.4085167050361633,-0.7483823299407959,-0.4523083865642547,0.2616394460201263,5,1.0,-0.5174482700642402,1.0,-0.6972209838053696,0,0,0.0288585822551207,0.3449735491654576,50,155,thymio-11
35,1788220994.4224548,2.5583691596984863,-0.0957976579666137,0.6890015984497802,96.52046127845249,2.5583691596984863,0.0881081521511077,-0.0957976579666137,-0.4085167050361633,-0.7483823299407959,-0.4523083865642547,0.2616394460201263,5,1.0,-0.5174482700642402,1.0,-0.6972209838053696,0,0,0.0288585822551207,0.3823069767100328,45,160,thymio-11
36,1788220995.0259817,10000.0,10000.0,0.0,96.52046127845249,2.5583691596984863,0.0881081521511077,-0.0957976579666137,-0.4085167050361633,-0.7483823299407959,-0.4523083865642547,0.2616394460201263,5,1.0,1.0,-1.0,1.0,0,0,0.03,-0.123379859815555,125,88,thymio-11
37,1788220995.6294208,10000.0,10000.0,0.0,96.52046127845249,2.5583691596984863,0.0881081521511077,-0.0957976579666137,-0.4085167050361633,-0.7483823299407959,-0.4523083865642547,0.2616394460201263,5,1.0,1.0,-1.0,1.0,0,0,0.03,0.0062705439049899,106,108,thymio-11
38,1788220996.232272,2.5451042652130127,-0.0598804615437984,0.3410257312264564,96.52046127845249,2.5451042652130127,0.0890379846096038,-0.0598804615437984,-0.4787367284297943,-0.6936987638473511,-0.3857723474502563,0.375197172164917,5,1.0,-0.4903870038743833,1.0,-0.6944874758036101,0,0,0.1168612353811358,0.4773120891433569,343,487,thymio-11
39,1788220996.8404398,2.5511810779571533,0.0431260988116264,-0.4694106851209465,96.42046127845248,2.5511810779571533,0.0902097448706626,0.0431260988116264,0.5386167764663696,0.6128129959106445,0.2941533923149109,-0.4978213012218475,5,1.0,-0.6189800044813757,-0.6380747649001799,1.0,0,0,0.0862430994674346,0.5647304317460028,221,392,thymio-11
40,1788220997.448661,2.5511810779571533,0.0431260988116264,-0.4694106851209465,96.3204612784525,2.5511810779571533,0.0902097448706626,0.0431260988116264,0.5386167764663696,0.6128129959106445,0.2941533923149109,-0.4978213012218475,5,1.0,-0.6189800044813757,-0.6380747649001799,1.0,0,0,0.0957841906972735,0.6172839223555117,247,434,thymio-11
41,1788220998.0522113,10000.0,10000.0,0.0,96.3204612784525,2.5511810779571533,0.0902097448706626,0.0431260988116264,0.5386167764663696,0.6128129959106445,0.2941533923149109,-0.4978213012218475,5,1.0,1.0,-1.0,1.0,0,0,0.03,0.3926094701565602,47,166,thymio-11
42,1788220998.6555684,2.5729665756225586,0.1214846074581146,-1.0412573919713983,96.3204612784525,2.5729665756225586,0.0896627604961395,0.1214846074581146,0.5703533887863159,0.5299521684646606,0.2051645368337631,-0.5930895805358887,5,1.0,1.0,-0.6289788987787224,1.0,0,0,0.1281511430942345,0.6255458910075917,361,500,thymio-11
43,1788220999.2649908,2.5729665756225586,0.1214846074581146,-1.0412573919713983,96.2204612784525,2.5729665756225586,0.0896627604961395,0.1214846074581146,0.5703533887863159,0.5299521684646606,0.2051645368337631,-0.5930895805358887,5,1.0,1.0,-0.6289788987787224,1.0,0,0,-0.0377814106778826,0.6254245301099879,-229,-40,thymio-11
44,1788220999.8684216,10000.0,10000.0,0.0,96.2204612784525,2.5729665756225586,0.0896627604961395,0.1214846074581146,0.5703533887863159,0.5299521684646606,0.2051645368337631,-0.5930895805358887,5,1.0,1.0,-1.0,1.0,0,0,0.03,0.6207830078788676,13,200,thymio-11
45,1788221000.471721,10000.0,10000.0,0.0,96.2204612784525,2.5729665756225586,0.0896627604961395,0.1214846074581146,0.5703533887863159,0.5299521684646606,0.2051645368337631,-0.5930895805358887,5,1.0,1.0,-1.0,1.0,0,0,0.0164253296943254,0.6262490549258838,-36,153,thymio-11
46,1788221001.0747876,10000.0,10000.0,0.0,96.2204612784525,2.5729665756225586,0.0896627604961395,0.1214846074581146,0.5703533887863159,0.5299521684646606,0.2051645368337631,-0.5930895805358887,5,1.0,1.0,-1.0,1.0,0,0,0.020402406558251,0.6271908926534273,-22,167,thymio-11
47,1788221001.6780674,2.7046852111816406,0.2173448204994201,-1.4407901956273246,96.2204612784525,2.7046852111816406,0.0897391065955162,0.2173448204994201,0.61213618516922,0.2440001368522644,-0.0450097247958183,-0.7508178949356079,5,1.0,1.0,-0.5572960089620754,1.0,0,0,-0.0715424182579108,0.6281161959162431,-349,-159,thymio-11
48,1788221002.2862449,2.7046852111816406,0.2173448204994201,-1.4407901956273246,96.12046127845252,2.7046852111816406,0.0897391065955162,0.2173448204994201,0.61213618516922,0.2440001368522644,-0.0450097247958183,-0.7508178949356079,5,1.0,1.0,-0.5572960089620754,1.0,0,0,-0.1289348375390741,0.6265554870773834,-500,-364,thymio-11
49,1788221002.894838,2.700778007507324,0.2036294341087341,-0.5885287897754692,96.02046127845252,2.700778007507324,0.0898616164922714,0.2036294341087341,0.3506819307804107,-0.4384635090827942,-0.4989919066429138,-0.6601356863975525,5,1.0,-0.5460805499183825,-0.2672013165738668,1.0,0,0,-0.0806096545311823,0.4979267587070305,-362,-211,thymio-11
50,1788221003.5032828,2.7095558643341064,0.3132913112640381,0.3553099400541688,95.92046127845252,2.7095558643341064,0.0903393775224685,0.3132913112640381,0.2371502071619033,-0.5627362728118896,-0.5587217211723328,-0.5611752867698669,5,1.0,-0.454150983788789,1.0,1.0,0,0,-0.008839980497337,0.6192723880305362,-125,62,thymio-11
51,1788221004.1118343,2.7310290336608887,0.375582754611969,0.7930169504600326,95.82046127845253,2.7310290336608887,0.0906411483883857,0.375582754611969,0.0970435887575149,-0.6759920120239258,-0.6054506897926331,-0.4087136089801788,5,1.0,-0.1377587463072015,1.0,-0.3975299673986755,0,0,-0.1432938546178401,0.6184846684539141,-500,-416,thymio-11
52,1788221004.7214754,2.77565336227417,0.4096410572528839,0.883732223468809,95.72046127845252,2.77565336227417,0.0911902859807014,0.4096410572528839,0.0251821149140596,-0.7276919484138489,-0.6044876575469971,-0.3231487274169922,5,1.0,1.0,1.0,-0.3545134294344254,0,0,-0.1042423356740375,0.5911264857564569,-460,-281,thymio-11
53,1788221005.329822,2.77565336227417,0.4096410572528839,0.883732223468809,95.62046127845254,2.77565336227417,0.0911902859807014,0.4096410572528839,0.0251821149140596,-0.7276919484138489,-0.6044876575469971,-0.3231487274169922,5,1.0,1.0,1.0,-0.3545134294344254,0,0,-0.1176272065337023,0.6148477668136758,-500,-325,thymio-11
54,1788221005.9385605,2.8671765327453613,0.4527354836463928,0.9502088211706106,95.52046127845254,2.8671765327453613,0.090310089290142,0.4527354836463928,-0.0890123471617698,-0.7755701541900635,-0.6012343168258667,-0.1705440431833267,5,1.0,1.0,1.0,-0.2860703674346783,0,0,-0.141283388499856,0.6209513322973711,-500,-408,thymio-11
55,1788221006.5471306,2.9845821857452397,0.4542360305786133,0.9406191530514364,95.42046127845256,2.9845821857452397,0.088942140340805,0.4542360305786133,-0.1968130767345428,-0.7956645488739014,-0.5719117522239685,-0.0331597663462162,5,1.0,1.0,1.0,-0.2327100437591115,0,0,-0.1574800375936813,0.6242354109652005,-500,-465,thymio-11
56,1788221007.1549327,3.07171368598938,0.4337819218635559,0.9369796353019098,95.32046127845256,3.07171368598938,0.0887836292386055,0.4337819218635559,-0.2298655360937118,-0.7984182834625244,-0.5561324954032898,0.0201716870069503,5,1.0,1.0,1.0,-0.2022937200708553,0,0,-0.1639092914508521,0.6256930488453314,-500,-488,thymio-11
57,1788221007.763358,3.07171368598938,0.4337819218635559,0.9369796353019098,95.22046127845256,3.07171368598938,0.0887836292386055,0.4337819218635559,-0.2298655360937118,-0.7984182834625244,-0.5561324954032898,0.0201716870069503,5,1.0,1.0,1.0,-0.2022937200708553,0,0,-0.167545839961638,0.6267308959155453,-500,-500,thymio-11
58,1788221008.3718832,3.1931614875793457,0.3861611783504486,0.9031544536590276,95.12046127845257,3.1931614875793457,0.0882583409547805,0.3861611783504486,-0.2703307867050171,-0.7957150340080261,-0.5379677414894104,0.0659511536359787,5,1.0,1.0,1.0,-0.1591451979051639,0,0,-0.1692910073284382,0.6274760699308911,-500,-500,thymio-11
59,1788221008.9803128,3.280700445175171,0.3404165804386139,0.8895763618949015,95.02046127845256,3.280700445175171,0.0875354558229446,0.3404165804386139,-0.2894555926322937,-0.7935746312141418,-0.5267112255096436,0.0950278267264366,5,1.0,1.0,1.0,-0.1245783828091119,0,0,-0.1708536920238207,0.6279072667852879,-500,-500,thymio-11
60,1788221009.5888972,3.39654541015625,0.2675468921661377,0.8847628029375461,94.92046127845258,3.39654541015625,0.0865408778190612,0.2675468921661377,-0.3092709481716156,-0.7868428230285645,-0.5159856081008911,0.13779978454113,5,1.0,1.0,1.0,-0.1086435724776234,0,0,-0.1770969957941318,0.6280862631364982,-500,-500,thymio-11
61,1788221010.1970615,3.39654541015625,0.2675468921661377,0.8847628029375461,94.82046127845258,3.39654541015625,0.0865408778190612,0.2675468921661377,-0.3092709481716156,-0.7868428230285645,-0.5159856081008911,0.13779978454113,5,1.0,1.0,1.0,-0.1086435724776234,0,0,-0.1795060850235476,0.6280828892545796,-500,-500,thymio-11
62,1788221010.8063962,3.4693288803100586,0.2123734652996063,0.8283261583835078,94.7204612784526,3.4693288803100586,0.0848622024059295,0.2123734652996063,-0.33915776014328,-0.7800776362419128,-0.502143919467926,0.155892938375473,5,1.0,1.0,1.0,-0.1158820401341673,0,0,-0.181830159630768,0.628129980510221,-500,-500,thymio-11
63,1788221011.414079,3.5808937549591064,0.1106060519814491,0.7654731269923869,94.6204612784526,3.5808937549591064,0.0832437127828598,0.1106060519814491,-0.373126208782196,-0.7671387195587158,-0.4871130585670471,0.1870720982551574,5,1.0,1.0,1.0,-0.1276233749542957,0,0,-0.1827898418136011,0.6281604469137584,-500,-500,thymio-11
64,1788221012.0225143,3.608795404434204,0.0823678821325302,0.7665080337613142,94.5204612784526,3.608795404434204,0.0832319110631942,0.0823678821325302,-0.3779442012310028,-0.7610543966293335,-0.4863499104976654,0.2035142183303833,5,1.0,1.0,1.0,-0.1298464459312927,0,1884,-0.1829218772602071,0.628170935836841,-500,-500,thymio-11
65,1788221012.6302748,3.7102456092834473,-0.0414050631225109,0.7596921574468101,94.4204612784526,3.7102456092834473,0.0814641565084457,-0.0414050631225109,-0.3840970396995544,-0.7551884055137634,-0.4863816797733307,0.2135248035192489,5,1.0,1.0,1.0,-0.1438796687686502,0,3284,0.08,0.6281751621626974,189,379,thymio-11
66,1788221013.2385025,3.6986606121063232,-0.0281788073480129,0.6926701012098695,94.3204612784526,3.6986606121063232,0.0814766287803649,-0.0281788073480129,0.4082774817943573,0.7478044629096985,0.4614123106002807,-0.2473797053098678,5,1.0,1.0,1.0,-0.1624829710006669,0,0,-0.1819677318527205,0.6281716893998235,-500,-500,thymio-11
67,1788221013.846972,3.6986606121063232,-0.0281788073480129,0.6926701012098695,94.22046127845262,3.6986606121063232,0.0814766287803649,-0.0281788073480129,0.4082774817943573,0.7478044629096985,0.4614123106002807,-0.2473797053098678,5,1.0,1.0,1.0,-0.1624829710006669,0,1553,-0.1820826344881532,0.6281740051944265,-500,-500,thymio-11
68,1788221014.4554727,3.688274621963501,-0.0044899908825755,0.5667235908042727,94.12046127845262,3.688274621963501,0.0817457437515258,-0.0044899908825755,0.4454339146614074,0.7185652256011963,0.431385725736618,-0.3148955702781677,5,1.0,1.0,1.0,-0.1667656284180765,0,1888,-0.1833000557247954,0.6281758584348435,-500,-500,thymio-11
69,1788221015.0632937,3.7156145572662354,-0.0984118729829788,0.4838441826027471,94.02046127845264,3.7156145572662354,0.0810310468077659,-0.0984118729829788,0.456396073102951,0.7119172811508179,0.4057527482509613,-0.346758097410202,5,1.0,1.0,1.0,-0.2240417494923204,0,1420,-0.1839296833974345,0.6281701884339398,-500,-500,thymio-11
70,1788221015.6717434,3.718940019607544,-0.1963927745819091,0.336076408144879,93.92046127845263,3.718940019607544,0.0803118720650672,-0.1963927745819091,0.4772849678993225,0.6949622631072998,0.3814555704593658,-0.3791018724441528,5,1.0,1.0,1.0,-0.3021311151760765,0,0,-0.1840968422347486,0.628162665512843,-500,-500,thymio-11
71,1788221016.280193,3.718940019607544,-0.1963927745819091,0.336076408144879,93.82046127845264,3.718940019607544,0.0803118720650672,-0.1963927745819091,0.4772849678993225,0.6949622631072998,0.3814555704593658,-0.3791018724441528,5,1.0,1.0,1.0,-0.3021311151760765,0,0,-0.1840587034244218,0.6281644969647784,-500,-500,thymio-11
72,1788221016.8883393,3.718735933303833,-0.2086766064167022,0.363928192133875,93.72046127845265,3.718735933303833,0.0806576460599899,-0.2086766064167022,0.4712963700294494,0.693540096282959,0.3859953284263611,-0.384564071893692,5,1.0,1.0,1.0,-0.3141914209421872,0,3007,0.08,0.6281646957410287,189,379,thymio-11
73,1788221017.4964142,3.737195014953613,-0.3129031658172607,0.9530544554324116,93.61965241568554,3.737195014953613,0.0801303014159202,-0.3129031658172607,0.2143217772245407,0.7999533414840698,0.5604207515716553,-0.0083441780880093,5,-0.3943184835538567,1.0,1.0,1.0,0,3129,0.08,0.6279551427913407,189,379,thymio-11
74,1788221018.1049838,3.737501621246338,-0.3127554357051849,0.9668596150316376,93.51965241568554,3.737501621246338,0.0800776109099388,-0.3127554357051849,0.2060359120368957,0.7971411347389221,0.5675220489501953,-0.005830047186464,5,-0.4200423266129932,1.0,1.0,1.0,0,3140,0.08,0.6283130339782368,189,379,thymio-11
75,1788221018.7135663,3.737623691558838,-0.3133126199245453,0.9764433445877376,93.41965241568556,3.737623691558838,0.0803426727652549,-0.3133126199245453,0.2011390030384063,0.7970818281173706,0.5693534016609192,-0.0063691064715385,5,-0.4480853699147147,1.0,1.0,1.0,0,3094,0.08,0.6281185213282905,189,379,thymio-11
76,1788221019.321272,3.718050718307495,-0.3017550706863403,0.921104268494,93.31965241568555,3.718050718307495,0.0796887949109077,-0.3017550706863403,0.2705390453338623,0.7913753986358643,0.5420689582824707,-0.0818220004439354,5,-0.5016703827293546,1.0,1.0,1.0,0,0,-0.0198886847632008,0.6099527318416929,-163,21,thymio-11
77,1788221019.929966,3.6883482933044434,-0.2760860919952392,0.8122296009844092,93.21965241568556,3.6883482933044434,0.0801516771316528,-0.2760860919952392,0.3589642941951751,0.7670877575874329,0.4946908354759216,-0.1949414163827896,5,0.15350643607671,1.0,1.0,-0.5540134430582166,0,0,0.1042882785001443,0.4229005930195291,307,434,thymio-11
78,1788221020.5384283,3.6883482933044434,-0.2760860919952392,0.8122296009844092,93.11965241568556,3.6883482933044434,0.0801516771316528,-0.2760860919952392,0.3589642941951751,0.7670877575874329,0.4946908354759216,-0.1949414163827896,5,0.15350643607671,1.0,1.0,-0.5540134430582166,0,0,0.1624021199727769,0.4515535016681477,500,500,thymio-11
79,1788221021.146474,3.685271739959717,-0.2247997373342514,0.2830630062799435,93.01965241568556,3.685271739959717,0.0803573578596115,-0.2247997373342514,0.4787187576293945,0.6771131157875061,0.3801134824752807,-0.4097071290016174,5,1.0,1.0,1.0,-0.605468508768413,0,0,0.1667347504392692,0.2901326907807789,500,500,thymio-11
80,1788221021.754833,3.6685736179351807,-0.1442567259073257,0.2941342557205053,92.91965241568558,3.6685736179351807,0.0813130140304565,-0.1442567259073257,0.47686767578125,0.6822819709777832,0.3773909509181976,-0.405788779258728,5,1.0,1.0,1.0,-0.6351602989051701,0,0,0.1409981262194098,0.3654057557058836,446,500,thymio-11
81,1788221022.3631496,3.642398357391357,-0.0413934998214244,0.3510176188122775,92.78863418288115,3.642398357391357,0.0822599753737449,-0.0413934998214244,0.468555599451065,0.6930091977119446,0.3789918422698974,-0.3956755697727203,5,1.0,1.0,1.0,-0.5699226994111796,0,0,0.147738051940015,0.5604224376555705,440,500,thymio-11
82,1788221022.9716334,3.6167263984680176,0.088461585342884,0.1621869731505816,92.59309871685213,3.6167263984680176,0.0836388543248176,0.088461585342884,0.4831911325454712,0.6699645519256592,0.3574176728725433,-0.4358057081699371,5,1.0,1.0,1.0,-0.4343800222321619,0,0,0.076378493205268,0.6264362987532849,177,366,thymio-11
83,1788221023.5798595,3.616341590881348,0.1588970422744751,-0.4961292062149471,92.49309871685212,3.616341590881348,0.0838219672441482,0.1588970422744751,0.5329967737197876,0.610450267791748,0.2930916249752044,-0.5073089003562927,5,1.0,-0.2890219808147878,1.0,0.0748092009342924,0,0,-0.0655915408267931,0.6282362932341052,-328,-138,thymio-11
84,1788221024.1883445,3.616341590881348,0.1588970422744751,-0.4961292062149471,92.39309871685212,3.616341590881348,0.0838219672441482,0.1588970422744751,0.5329967737197876,0.610450267791748,0.2930916249752044,-0.5073089003562927,5,1.0,-0.2890219808147878,1.0,0.0748092009342924,0,0,-0.1456864024378747,0.6282283506010452,-500,-423,thymio-11
85,1788221024.7961414,3.614048480987549,0.1470670849084854,-1.1429684956587876,92.29309871685211,3.614048480987549,0.0838253647089004,0.1470670849084854,0.5758635997772217,0.5036664009094238,0.1835034638643264,-0.6172744631767273,5,1.0,-0.204547643624551,1.0,1.0,0,0,-0.1747554111261718,0.6282848207393257,-500,-500,thymio-11
86,1788221025.4045484,3.546344518661499,0.0491897240281105,-1.279913327603119,92.0472252694521,3.546344518661499,0.0833182707428932,0.0491897240281105,0.6005797386169434,0.4356807470321655,0.1168866828083992,-0.6601695418357849,5,1.0,-0.2093950363475145,1.0,1.0,0,0,-0.1646771164942339,0.6282291174067391,-500,-490,thymio-11
87,1788221026.0138645,3.4915270805358887,-0.0200097393244504,-1.3658259177383962,91.92211316269446,3.4915270805358887,0.0821322649717331,-0.0200097393244504,0.6073071360588074,0.4093338847160339,0.1322566568851471,-0.6679311990737915,5,1.0,-0.3308077394984249,1.0,1.0,0,0,-0.1712653981013069,0.6283008830489333,-500,-500,thymio-11
88,1788221026.6219735,3.428593397140503,-0.0906393527984619,-1.3293656329674517,91.7847917767542,3.428593397140503,0.0836203247308731,-0.0906393527984619,0.6003016233444214,0.4081843495368957,0.0951896831393241,-0.6811478734016418,5,1.0,-0.4595356985756722,1.0,1.0,0,0,-0.1817880570940409,0.6283113481622475,-500,-500,thymio-11
89,1788221027.230306,3.428593397140503,-0.0906393527984619,-1.3293656329674517,91.6847917767542,3.428593397140503,0.0836203247308731,-0.0906393527984619,0.6003016233444214,0.4081843495368957,0.0951896831393241,-0.6811478734016418,5,1.0,-0.4595356985756722,1.0,1.0,0,0,-0.1845923779934141,0.6282987952863578,-500,-500,thymio-11
90,1788221027.8380787,3.314690351486206,-0.2003166675567627,-1.3806423571462778,91.41299795086628,3.314690351486206,0.0833259001374244,-0.2003166675567627,0.6055253744125366,0.3665876686573028,0.0635349228978157,-0.7035026550292969,5,1.0,-0.6770527253382415,1.0,0.1315102201422049,0,0,-0.1279834250561978,0.6282941858310148,-500,-360,thymio-11
91,1788221028.4463215,3.2354462146759038,-0.2628437876701355,-1.4281892121736472,91.24652489154988,3.2354462146759038,0.0839495584368705,-0.2628437876701355,0.6012576222419739,0.339485228061676,0.0539633706212043,-0.7213369607925415,5,1.0,-0.5197585489179575,-0.8100947987372608,0.19183564444475,0,4449,0.08,0.61059072489164,192,376,thymio-11
92,1788221029.0549164,3.187256097793579,-0.2950729727745056,-1.4028769208570642,91.14652489154987,3.187256097793579,0.0836479291319847,-0.2950729727745056,-0.6068655252456665,-0.3461228311061859,-0.0492228679358959,0.7137859463691711,5,1.0,-0.555837940120289,-0.8750160958517561,0.2084283194925991,0,0,0.0,0.6181171176465561,-93,93,thymio-11
93,1788221029.6632826,3.2269656658172607,-0.2781839370727539,-1.46735480049639,91.0465248915499,3.2269656658172607,0.0820736438035965,-0.2781839370727539,0.6066347360610962,0.1871062964200973,-0.0829595997929573,-0.7681817412376404,5,1.0,-0.5051038942945483,-0.7659817766694341,0.3297007134763765,0,0,0.0150376628894437,0.6226307875724068,-41,147,thymio-11
94,1788221030.2717228,3.229067325592041,-0.2854189276695251,-1.4559829085813525,90.9465248915499,3.229067325592041,0.081730805337429,-0.2854189276695251,0.5726341605186462,0.0235372819006443,-0.2125684767961502,-0.7914233207702637,5,1.0,-0.7501715214100569,1.0,0.4160315708153383,0,0,0.0182155241965785,0.6283078908643679,-30,160,thymio-11
95,1788221030.8801577,3.229067325592041,-0.2854189276695251,-1.4559829085813525,90.8465248915499,3.229067325592041,0.081730805337429,-0.2854189276695251,0.5726341605186462,0.0235372819006443,-0.2125684767961502,-0.7914233207702637,5,1.0,-0.7501715214100569,1.0,0.4160315708153383,0,0,0.0182155241965785,0.6281903668582549,-30,160,thymio-11
96,1788221031.489137,3.233722925186157,-0.2957402467727661,1.6493743092524618,90.74652489154992,3.233722925186157,0.0811397284269332,-0.2957402467727661,-0.2455074936151504,0.5743030905723572,-0.7806758880615234,0.0211519803851842,5,-0.7662646688672482,1.0,0.5073587706053153,1.0,0,0,-0.0039363525705085,0.4350708078350408,-80,52,thymio-11
97,1788221032.0973845,3.2305712699890137,-0.3101044595241546,-1.0422082063227376,90.64652489154992,3.2305712699890137,0.0828829258680343,-0.3101044595241546,0.4015440344810486,-0.3844755291938782,-0.444154292345047,-0.7026151418685913,5,1.0,-0.8042331925755484,1.0,0.6373761435128606,0,0,-0.0292253250553645,0.6283176423121984,-199,-9,thymio-11
98,1788221032.705581,3.227440595626831,-0.3068662285804748,-0.6075923028016259,90.54652489154992,3.227440595626831,0.0827667266130447,-0.3068662285804748,0.3524680733680725,-0.4373878836631775,-0.496604859828949,-0.6616961359977722,5,1.0,-0.8092722733598956,1.0,-0.4332051573740083,0,0,-0.0252495874758086,0.589626120140186,-179,-1,thymio-11
99,1788221033.3137662,3.227440595626831,-0.3068662285804748,-0.6075923028016259,90.44652489154991,3.227440595626831,0.0827667266130447,-0.3068662285804748,0.3524680733680725,-0.4373878836631775,-0.496604859828949,-0.6616961359977722,5,1.0,-0.8092722733598956,1.0,-0.4332051573740083,0,0,0.0063362730546609,0.6051499339141083,-69,114,thymio-11
100,1788221033.9216385,3.227592706680298,-0.2623525261878967,0.7689676196952027,90.34652489154992,3.227592706680298,0.0829097032546997,-0.2623525261878967,0.1240647807717323,-0.6623771786689758,-0.5990915298461914,-0.4323816895484924,5,0.1911055910637495,1.0,1.0,-0.785551431740406,0,0,0.0111041622201783,0.5564463754319353,-45,123,thymio-11
101,1788221034.5294032,3.225985050201416,-0.2531440258026123,0.911378500501364,90.24652489154994,3.225985050201416,0.0836630910634994,-0.2531440258026123,-0.0221364311873912,-0.7493478059768677,-0.6057968735694885,-0.266454666852951,5,0.291779257944512,1.0,1.0,-0.7852441128705407,0,0,0.0111659333130213,0.627563654033345,-55,134,thymio-11
102,1788221035.1374264,3.2221055030822754,-0.2490079402923584,0.955431256929982,90.14652489154994,3.2221055030822754,0.083397127687931,-0.2490079402923584,-0.1096633002161979,-0.7804574966430664,-0.598929762840271,-0.1419273614883422,5,-0.3035984887926185,1.0,1.0,-0.7887549443845453,0,0,0.0104602561787063,0.6276016886387574,-58,132,thymio-11
103,1788221035.7451887,3.2221055030822754,-0.2490079402923584,0.955431256929982,90.04652489154995,3.2221055030822754,0.083397127687931,-0.2490079402923584,-0.1096633002161979,-0.7804574966430664,-0.598929762840271,-0.1419273614883422,5,-0.3035984887926185,1.0,1.0,-0.7887549443845453,0,0,0.0280662791580489,0.5866158489235686,11,188,thymio-11
104,1788221036.3531568,3.219372510910034,-0.2354525178670883,0.8943514615775667,89.94652489154996,3.219372510910034,0.0825930759310722,-0.2354525178670883,-0.300771564245224,-0.7844956517219543,-0.5286380648612976,0.1210160031914711,5,0.4401480412703362,1.0,1.0,-0.7575906483481766,0,0,0.0559658269089037,0.522246030545537,120,278,thymio-11
105,1788221036.9690068,3.2170956134796143,-0.2181790918111801,0.5298234429127717,89.84652489154996,3.2170956134796143,0.0838036313652992,-0.2181790918111801,-0.4476987421512604,-0.7192802429199219,-0.4127905368804931,0.3343738913536072,5,0.8649891872742246,1.0,1.0,-0.7223766726187424,0,0,0.0744080055307383,0.4151027176885968,202,327,thymio-11
106,1788221037.5774922,3.213767766952514,-0.1772291958332061,-0.1242967415172291,89.74652489154997,3.213767766952514,0.0841397121548652,-0.1772291958332061,-0.5121849179267883,-0.6437293887138367,-0.3327315747737884,0.4610519111156463,5,0.8311332718672633,-0.6669325970232632,1.0,-0.0030595741651117,0,0,0.0954813178230044,0.558959716254306,255,424,thymio-11
107,1788221038.185617,3.233898401260376,-0.0945462882518768,-1.0289216347328436,89.64652489154997,3.233898401260376,0.0833244621753692,-0.0945462882518768,-0.55827397108078,-0.537614643573761,-0.217585802078247,0.5932597517967224,5,1.0,-0.5116057641768746,1.0,0.7742633223986746,0,0,0.1036476902086366,0.6281476120227583,273,463,thymio-11
108,1788221038.793821,3.263744115829468,-0.0493171326816082,-1.2304147666699166,89.54652489154998,3.263744115829468,0.0844029858708381,-0.0493171326816082,-0.5982933640480042,-0.4574658274650574,-0.1301692128181457,0.6448457837104797,5,1.0,-0.3998728238977551,1.0,0.7522576580281222,0,0,-0.0196851999785948,0.6282950776518378,-165,25,thymio-11
109,1788221039.4014568,3.263744115829468,-0.0493171326816082,-1.2304147666699166,89.44652489154998,3.263744115829468,0.0844029858708381,-0.0493171326816082,-0.5982933640480042,-0.4574658274650574,-0.1301692128181457,0.6448457837104797,5,1.0,-0.3998728238977551,1.0,0.7522576580281222,0,0,-0.095415102110637,0.6283164909592905,-434,-244,thymio-11
110,1788221040.0095308,3.280949831008911,-0.0349732935428619,-1.3751907567823012,89.34652489154999,3.280949831008911,0.0850796103477478,-0.0349732935428619,0.5955271124839783,0.2872399687767029,-0.0472259074449539,-0.7487391829490662,5,1.0,-0.2671020221821371,1.0,0.7428463519440918,0,0,-0.1500800484638049,0.6282905884734734,-500,-438,thymio-11
111,1788221040.6177783,3.1875219345092773,-0.0581582635641098,-1.4724200084556711,88.84738001973277,3.1875219345092773,0.083866573870182,-0.0581582635641098,-0.6133601665496826,-0.1210662201046943,0.1349662542343139,0.7687108516693115,5,1.0,-0.2410031384725228,1.0,0.6991674612688734,0,0,-0.1726150687996317,0.62820259373852,-500,-500,thymio-11
112,1788221041.2264082,3.086056709289551,-0.057998638600111,-1.461430477451486,88.30678075971312,3.086056709289551,0.0840758085250854,-0.057998638600111,0.6038988828659058,0.0943330079317092,-0.1626311987638473,-0.7745699286460876,5,1.0,-0.2387590416249972,1.0,0.6389469337914462,0,0,-0.1843252092041426,0.6280748367591282,-500,-500,thymio-11
113,1788221041.8341918,3.086056709289551,-0.057998638600111,-1.461430477451486,88.20678075971313,3.086056709289551,0.0840758085250854,-0.057998638600111,0.6038988828659058,0.0943330079317092,-0.1626311987638473,-0.7745699286460876,5,1.0,-0.2387590416249972,1.0,0.6389469337914462,0,0,-0.1911371168295162,0.6280239846990224,-500,-500,thymio-11
114,1788221042.4424562,3.000848293304444,-0.0526959113776683,1.666751490167881,87.76071428992638,3.000848293304444,0.0854468867182731,-0.0526959113776683,0.0329700261354446,-0.5460566282272339,0.8146925568580627,-0.1923829764127731,5,-0.2331121328251221,1.0,0.5929756405490125,1.0,0,0,-0.0115955113890221,0.3946871167054385,-101,18,thymio-11
115,1788221043.0503736,2.9126405715942383,-0.04685840010643,-1.4976579643648762,87.30028702426426,2.9126405715942383,0.0857810974121093,-0.04685840010643,0.5915979146957397,0.0689175203442573,-0.158616229891777,-0.7874663472175598,5,1.0,-0.222799525686561,1.0,0.5554222059011307,0,0,-0.1952074949624025,0.6283180842527012,-500,-500,thymio-11
116,1788221043.658475,2.8573226928710938,-0.0429477542638778,-1.4672590404946688,87.01239200046065,2.8573226928710938,0.0862079933285713,-0.0429477542638778,0.5708962082862854,0.0043507632799446,-0.2180633544921875,-0.7915219068527222,5,1.0,-0.1614945079076822,1.0,0.5442462991624146,0,0,-0.1998955038987205,0.6207247395119165,-500,-500,thymio-11
117,1788221044.2665274,2.776406764984131,-0.017688849940896,-1.4607529922830056,86.56251883353444,2.776406764984131,0.0869296863675117,-0.017688849940896,0.5712497234344482,-0.0251225549727678,-0.2403821498155594,-0.784384548664093,5,1.0,-0.1135798056026756,1.0,0.5031409771481683,0,0,-0.1995879152851898,0.570945174361004,-500,-500,thymio-11
118,1788221044.8750577,2.776406764984131,-0.017688849940896,-1.4607529922830056,86.46251883353445,2.776406764984131,0.0869296863675117,-0.017688849940896,0.5712497234344482,-0.0251225549727678,-0.2403821498155594,-0.784384548664093,5,1.0,-0.1135798056026756,1.0,0.5031409771481683,0,0,-0.1993734287190579,0.5208150986793999,-500,-500,thymio-11
119,1788221045.4828825,2.622234582901001,0.043159931898117,-1.4811036062038472,85.6103389000033,2.622234582901001,0.0885015651583671,0.043159931898117,-0.555685818195343,0.0644429102540016,0.2489704489707946,0.7906162738800049,5,1.0,0.4836729712561314,-0.0137948455161245,0.4068770056882524,0,0,-0.1984265150769582,0.4129028968103588,-500,-500,thymio-11
120,1788221046.090511,2.5241973400115967,0.0902380719780922,1.6500891241476945,85.07592175302948,2.5241973400115967,0.0896575897932052,0.0902380719780922,-0.1904213428497314,0.5653309226036072,-0.7993916273117065,0.0715102553367614,5,0.539972777906939,1.0,0.3403404427621046,0.0743120359471882,0,0,-0.1084489693703933,0.2559096006643448,-424,-347,thymio-11
121,1788221046.6981068,2.4591071605682373,0.1270463764667511,-1.4520288434003223,84.72271472324262,2.4591071605682373,0.0906590819358825,0.1270463764667511,-0.5375292301177979,0.1072322502732276,0.2831604778766632,0.7870093584060669,5,1.0,0.5449669889607902,0.1553699117352363,0.2916497638824771,0,0,-0.19681519490183,0.6040037301684321,-500,-500,thymio-11
122,1788221047.3056684,2.3550467491149902,0.1978875696659088,-1.39365114683305,84.19859835772114,2.3550467491149902,0.0923977047204971,0.1978875696659088,-0.5102049112319946,0.1691881418228149,0.3322697281837463,0.7750247716903687,5,1.0,0.556926860002201,0.317465854859404,0.2046890543927844,0,0,-0.1961915732666926,0.5210941558900428,-500,-500,thymio-11
123,1788221047.9138346,2.3550467491149902,0.1978875696659088,-1.39365114683305,84.09859835772114,2.3550467491149902,0.0923977047204971,0.1978875696659088,-0.5102049112319946,0.1691881418228149,0.3322697281837463,0.7750247716903687,5,1.0,0.556926860002201,0.317465854859404,0.2046890543927844,0,0,-0.1928153376598099,0.4613474885093935,-500,-500,thymio-11
124,1788221048.52196,2.3098509311676025,0.2357625216245651,-1.3908525740842703,83.8472478438572,2.3098509311676025,0.0933531150221824,0.2357625216245651,-0.5104013681411743,0.1785786747932434,0.3378176093101501,0.7703761458396912,5,1.0,0.5684625575782674,0.4075105854911895,0.1659816080899223,0,0,-0.1908923440229742,0.5141246770565525,-500,-500,thymio-11
125,1788221049.130002,2.1813595294952397,0.3581853210926056,-1.3435033147625388,83.0300692093803,2.1813595294952397,0.095297135412693,0.3581853210926056,-0.4898813962936401,0.2243581116199493,0.3678592443466186,0.7578649520874023,5,1.0,0.6302124870848878,0.5860979209667441,0.0427652967783185,0,0,-0.1867779277679635,0.5596731527292874,-500,-500,thymio-11
126,1788221049.737581,2.144268035888672,0.4008636772632599,-1.321281695452356,82.82012094268242,2.144268035888672,0.0954664722084999,0.4008636772632599,-0.4799782037734985,0.2352307438850402,0.3760400712490082,0.756889283657074,5,1.0,0.6592545824496667,0.6281800710194951,0.0012929304232329,0,0,-0.1795556121096463,0.5859373476495475,-500,-500,thymio-11
127,1788221050.3455756,2.061173439025879,0.5062907934188843,-1.2736537050976915,82.26646047948135,2.061173439025879,0.0963053256273269,0.5062907934188843,-0.464655727148056,0.2657514214515686,0.3959942758083343,0.7460964322090149,5,1.0,0.7506294735130921,1.0,-0.0881935674891369,0,0,-0.1823709060243396,0.6143572376612887,-500,-500,thymio-11
128,1788221050.953433,1.9848788976669312,0.6221969723701477,-1.2271906943730988,81.7867464488864,1.9848788976669312,0.0974393561482429,0.6221969723701477,-0.4526225924491882,0.294687271118164,0.4128445088863373,0.7333837747573853,5,1.0,0.8721603539305784,1.0,-0.1650396520250243,0,0,-0.1821906623646096,0.6233986075368013,-500,-500,thymio-11
129,1788221051.5619628,1.940951228141785,0.6978200674057007,-1.1875515827718135,81.48117941846718,1.940951228141785,0.0984487161040306,0.6978200674057007,-0.4426944553852081,0.3201872706413269,0.4245607852935791,0.7219763398170471,5,-0.2052152765779876,0.965070373353335,0.9090494353188916,1.0,0,0,-0.1297504140924165,0.6262843911207775,-500,-366,thymio-11
130,1788221052.1706114,1.940951228141785,0.6978200674057007,-1.1875515827718135,81.38117941846718,1.940951228141785,0.0984487161040306,0.6978200674057007,-0.4426944553852081,0.3201872706413269,0.4245607852935791,0.7219763398170471,5,-0.2052152765779876,0.965070373353335,0.9090494353188916,1.0,0,0,-0.0402904752355044,0.6282719090799839,-238,-48,thymio-11
131,1788221052.779464,1.8994691371917725,0.7852635383605957,-0.9649891463272064,81.10187287522895,1.8994691371917725,0.0996880084276199,0.7852635383605957,-0.3989638388156891,0.3840776681900024,0.4609941244125366,0.6933950781822205,5,-0.2475830535006318,1.0,0.9878036791266872,1.0,0,0,0.0332417324165593,0.6282901349112141,23,213,thymio-11
132,1788221053.3876438,1.881062388420105,0.8467956781387329,0.2599390207854495,80.95749085500385,1.881062388420105,0.1003950089216232,0.8467956781387329,-0.2651009559631347,0.5457550883293152,0.5489049553871155,0.5749576687812805,5,1.0,1.0,-0.2761617933970463,1.0,0,0,-0.0460468436034276,0.6274153863777632,-258,-69,thymio-11
133,1788221053.995797,1.874952793121338,0.8425523638725281,0.687809141850539,80.85749085500386,1.874952793121338,0.1002887561917305,0.8425523638725281,-0.1677555739879608,0.6347925066947937,0.5831169486045837,0.4784048199653625,5,1.0,1.0,-0.2663906340819826,1.0,0,0,-0.0214876902405829,0.6281281844893224,-171,19,thymio-11
134,1788221054.6040664,1.8898415565490725,0.8674505352973938,0.8539552163116242,80.75749085500387,1.8898415565490725,0.1005742326378822,0.8674505352973938,-0.0692749917507171,0.7044009566307068,0.6019935607910156,0.3696270287036896,5,1.0,1.0,-0.2962978819541837,1.0,0,0,-0.012368779208486,0.6271711078546329,-139,51,thymio-11
135,1788221055.2128384,1.8898415565490725,0.8674505352973938,0.8539552163116242,80.65749085500387,1.8898415565490725,0.1005742326378822,0.8674505352973938,-0.0692749917507171,0.7044009566307068,0.6019935607910156,0.3696270287036896,5,1.0,1.0,-0.2962978819541837,1.0,0,0,0.0169885177850683,0.6259989301833856,-34,155,thymio-11
136,1788221055.8208258,1.91254985332489,0.8890493512153625,0.9350546879600136,80.55749085500388,1.91254985332489,0.0997933447360992,0.8890493512153625,0.1385638415813446,0.7868186831474304,0.5889691710472107,0.1217851191759109,5,1.0,1.0,-0.3330329929828545,1.0,0,0,0.0875112650018569,0.6094285339009973,219,403,thymio-11
137,1788221056.430218,1.9129472970962524,0.8962479829788208,0.9205552377907492,80.45749085500388,1.9129472970962524,0.0999923646450042,0.8962479829788208,0.2518754601478576,0.792684018611908,0.5535092949867249,-0.0428780615329742,5,1.0,1.0,-0.3349670189922805,1.0,0,0,0.1466153512979107,0.0467751438189488,500,500,thymio-11
138,1788221057.038115,1.9013744592666624,0.9062264561653136,0.9010125345046855,80.35749085500389,1.9013744592666624,0.1003662794828414,0.9062264561653136,0.2916023433208465,0.7854369282722473,0.5357303619384766,-0.1051188930869102,5,1.0,1.0,-0.3349501863890018,1.0,0,0,0.1409578905819981,-0.5933672682727927,500,411,thymio-11
139,1788221057.6461363,1.7785507440567017,1.034556865692139,0.7981674021695957,79.61956613115254,1.7785507440567017,0.1024933010339737,1.034556865692139,0.3608359694480896,0.7711475491523743,0.4888032972812652,-0.1902638971805572,5,1.0,1.0,-0.3281264290075223,1.0,0,0,0.1127781188317086,-0.6137700609461489,493,308,thymio-11
140,1788221058.254661,1.7226767539978027,1.080654263496399,0.8560149407134459,79.23220320171568,1.7226767539978027,0.1024149060249328,1.080654263496399,0.3213032782077789,0.7795543670654297,0.521967351436615,-0.1288774907588958,5,1.0,1.0,-0.3028612316366708,1.0,0,0,0.1008464235494117,-0.6187720556305646,452,265,thymio-11
141,1788221058.863245,1.7226767539978027,1.080654263496399,0.8560149407134459,79.13220320171568,1.7226767539978027,0.1024149060249328,1.080654263496399,0.3213032782077789,0.7795543670654297,0.521967351436615,-0.1288774907588958,5,1.0,1.0,-0.3028612316366708,1.0,0,0,0.1001193770671824,-0.6196974888161055,449,262,thymio-11
142,1788221059.472686,1.6290377378463743,1.1185640096664429,0.9365926487735604,78.55644895484463,1.6290377378463743,0.1032320857048034,1.1185640096664429,0.2141800224781036,0.7926115989685059,0.5707881450653076,0.0097370082512497,5,1.0,1.0,-0.2335758299854732,1.0,0,0,0.086804684768897,-0.6182852595790276,402,215,thymio-11
143,1788221060.0803888,1.5409175157546997,1.1157721281051636,0.9497635639025096,78.02255915929541,1.5409175157546997,0.1033341735601425,1.1157721281051636,0.0863501653075218,0.7761788368225098,0.5997843742370605,0.1742090582847595,5,1.0,1.0,-0.1541242773543798,1.0,0,0,0.0907089090422109,-0.6179500777531534,416,229,thymio-11
144,1788221060.688973,1.4669342041015625,1.0778708457946775,0.8857418009486082,77.51944109186684,1.4669342041015625,0.1030339747667312,1.0778708457946775,-0.0499547459185123,0.7169319987297058,0.6066868901252747,0.3397707939147949,5,1.0,1.0,-0.0807804590395254,1.0,0,0,0.1048238436684136,-0.619183291020184,466,279,thymio-11
145,1788221061.297447,1.4669342041015625,1.0778708457946775,0.8857418009486082,77.41944109186684,1.4669342041015625,0.1030339747667312,1.0778708457946775,-0.0499547459185123,0.7169319987297058,0.6066868901252747,0.3397707939147949,5,1.0,1.0,-0.0807804590395254,1.0,0,0,0.1026683489074463,-0.6194022255979619,458,271,thymio-11
146,1788221061.9055986,1.426209568977356,1.0313653945922852,0.7472888921065977,77.12945838090661,1.426209568977356,0.1029560565948486,1.0313653945922852,-0.1315972805023193,0.6590700745582581,0.5909609198570251,0.4461772739887237,5,1.0,1.0,-0.0350448199694989,1.0,0,0,0.1182885382246363,-0.621582883691236,500,326,thymio-11
147,1788221062.5137568,1.3857048749923706,0.9157968163490297,0.060891781188153,76.80617181938577,1.3857048749923706,0.1027759760618209,0.9157968163490297,-0.2860125601291656,0.5194582343101501,0.5375849604606628,0.5994685292243958,5,1.0,1.0,0.0350850848335144,1.0,0,0,0.1549110806369167,-0.6254323031953708,500,456,thymio-11
148,1788221063.122106,1.3936774730682373,0.8316353559494019,-0.7027913191939152,76.70617181938577,1.3936774730682373,0.102025531232357,0.8316353559494019,-0.3608431816101074,0.4261689186096191,0.4872252941131592,0.6714043021202087,5,0.0633488914526188,1.0,1.0,1.0,0,0,0.1315907041624801,-0.6174235767756556,500,374,thymio-11
149,1788221063.7299874,1.3936774730682373,0.8316353559494019,-0.7027913191939152,76.60617181938578,1.3936774730682373,0.102025531232357,0.8316353559494019,-0.3608431816101074,0.4261689186096191,0.4872252941131592,0.6714043021202087,5,0.0633488914526188,1.0,1.0,1.0,0,0,0.1629109536002891,-0.611454207401385,500,487,thymio-11
150,1788221064.3384628,1.4274704456329346,0.6909587383270264,-0.9868470504531236,76.50617181938578,1.4274704456329346,0.1005917862057685,0.6909587383270264,-0.3955372273921966,0.3734073340892792,0.45607790350914,0.704351007938385,5,0.119074859959307,1.0,0.8803484892593465,1.0,0,0,0.1657908242988062,-0.6183922260877992,500,496,thymio-11
151,1788221064.9468477,1.467839002609253,0.5902105569839478,-1.064457893440271,76.40617181938579,1.467839002609253,0.0997715592384338,0.5902105569839478,-0.4122200012207031,0.3450942039489746,0.4462281763553619,0.7154475450515747,5,0.1565542102213077,1.0,0.734159568055003,1.0,0,0,0.1406300299141745,-0.6157558655229337,500,407,thymio-11
152,1788221065.5546646,1.505018711090088,0.5055863261222839,-1.129451673717985,76.3061718193858,1.505018711090088,0.0991187468171119,0.5055863261222839,-0.428425669670105,0.332028180360794,0.4356789886951446,0.7186046242713928,5,0.1952806324663651,1.0,0.6489542580066647,1.0,0,0,0.1457285247456417,-0.6156808518740756,500,425,thymio-11
153,1788221066.1628685,1.505018711090088,0.5055863261222839,-1.129451673717985,76.2061718193858,1.505018711090088,0.0991187468171119,0.5055863261222839,-0.428425669670105,0.332028180360794,0.4356789886951446,0.7186046242713928,5,0.1952806324663651,1.0,0.6489542580066647,1.0,0,0,0.1472853659864976,-0.6150198487495112,500,430,thymio-11
154,1788221066.7713597,1.5839606523513794,0.3854624330997467,-1.2953060414670017,76.1061718193858,1.5839606523513794,0.0977552905678749,0.3854624330997467,-0.4723959863185882,0.2550365626811981,0.3887370824813843,0.7487869262695312,5,0.2532424369631392,1.0,0.5122932464832284,1.0,0,0,0.1403166259822897,-0.6087956321838571,500,407,thymio-11
155,1788221067.3798432,1.6618205308914185,0.3005877733230591,-1.3562396014442708,76.00617181938581,1.6618205308914185,0.0961084365844726,0.3005877733230591,-0.4972336590290069,0.205008327960968,0.3585168421268463,0.7630177140235901,5,1.0,1.0,0.4114918141390313,0.2939795169345776,0,0,0.1150231512418192,-0.615837152579605,500,316,thymio-11
156,1788221067.9881444,1.7266898155212402,0.2449319958686828,-1.3828542893226252,75.90617181938582,1.7266898155212402,0.0957601219415664,0.2449319958686828,-0.5098324418067932,0.152168408036232,0.3296430706977844,0.7799045443534851,5,1.0,1.0,0.3476406772979938,0.3180287473193128,0,0,0.1105249946578868,-0.6270803708802994,487,298,thymio-11
157,1788221068.5960453,1.8080037832260127,0.2032160609960556,-1.4528107023367638,75.80617181938582,1.8080037832260127,0.0956309884786605,0.2032160609960556,-0.558903157711029,0.0357236973941326,0.248474508523941,0.7903236150741577,5,1.0,0.9940980058109736,0.2953882318195153,0.3219095662148796,0,0,0.018302886024745,-0.619259744557518,159,-28,thymio-11
158,1788221069.204211,1.8697682619094849,0.1940119862556457,-1.4722137868997622,75.70617181938583,1.8697682619094849,0.0952226519584655,0.1940119862556457,-0.5952956080436707,-0.1108735054731369,0.1432482749223709,0.7828218936920166,5,1.0,1.0,0.3033462287264241,0.3008844647968427,0,0,0.0783584436531967,-0.6129531993182117,371,186,thymio-11
159,1788221069.8126192,1.8697682619094849,0.1940119862556457,-1.4722137868997622,75.60617181938584,1.8697682619094849,0.0952226519584655,0.1940119862556457,-0.5952956080436707,-0.1108735054731369,0.1432482749223709,0.7828218936920166,5,1.0,1.0,0.3033462287264241,0.3008844647968427,0,0,0.038815088218664,-0.6086819038858448,230,46,thymio-11
160,1788221070.420417,1.910232186317444,0.211551547050476,-1.4366176628570893,75.50617181938584,1.910232186317444,0.0950498282909393,0.211551547050476,-0.6095448732376099,-0.2688729465007782,0.0223642438650131,0.7454275488853455,5,1.0,1.0,0.3333281265884464,0.2611346671428975,0,0,0.0217362940278709,-0.5989100088278044,168,-13,thymio-11
161,1788221071.0288694,1.946113109588623,0.2465430796146392,-1.2762153982147053,75.40617181938585,1.946113109588623,0.0947538614273071,0.2465430796146392,-0.5963802933692932,-0.4417624175548553,-0.1243958920240402,0.6585606932640076,5,1.0,1.0,0.4111251191040515,0.2030751502643328,0,0,0.0124393255376592,-0.576852649623365,131,-43,thymio-11
162,1788221071.6381822,1.9510976076126096,0.268229067325592,-0.9431241884022016,75.30617181938585,1.9510976076126096,0.0950000062584877,0.268229067325592,-0.5611470341682434,-0.5512288212776184,-0.2354632467031479,0.5708046555519104,5,0.1711010650710691,0.4404996492311182,1.0,1.0,0,0,-0.0628740671610949,-0.4656831253315175,-153,-294,thymio-11
163,1788221072.2463503,1.9474838972091677,0.2781511545181274,0.0111999241562168,75.20617181938586,1.9474838972091677,0.0954497307538986,0.2781511545181274,-0.5013182163238525,-0.6601844429969788,-0.3395944535732269,0.4444234073162079,5,0.1575496876396196,0.501829615232223,1.0,1.0,0,0,-0.029490513882869,-0.4910274119952059,-31,-179,thymio-11
164,1788221072.854911,1.9474838972091677,0.2781511545181274,0.0111999241562168,75.10617181938586,1.9474838972091677,0.0954497307538986,0.2781511545181274,-0.5013182163238525,-0.6601844429969788,-0.3395944535732269,0.4444234073162079,5,0.1575496876396196,0.501829615232223,1.0,1.0,0,0,0.0892890550684382,-0.557805833980406,401,233,thymio-11
165,1788221073.463135,1.9544678926467896,0.2268243432044983,0.7381410423620873,75.00617181938587,1.9544678926467896,0.0952727198600769,0.2268243432044983,-0.3962115049362182,-0.7472147345542908,-0.4580269753932953,0.2736746668815613,5,1.0,1.0,0.2072573970532576,0.5066230301017425,0,0,-0.0374533395702161,-0.1504753406455387,-110,-156,thymio-11
166,1788221074.0710447,1.9369701147079468,0.2445407062768936,0.8175261142353105,74.90510488007037,1.9369701147079468,0.0952367410063743,0.2445407062768936,-0.3612217605113983,-0.7650862336158752,-0.4876285493373871,0.2153612226247787,5,1.0,1.0,0.2014107862916145,0.5330133335394012,0,0,-0.0723643941046599,0.1998243163825855,-287,-227,thymio-11
167,1788221074.679839,1.9273760318756104,0.2514778971672058,0.9006994767315879,74.80510488007037,1.9273760318756104,0.0953796878457069,0.2514778971672058,-0.3000864386558532,-0.7839219570159912,-0.5287320017814636,0.1259251832962036,5,1.0,1.0,0.2110978794721982,0.5748132458534503,0,0,-0.1506030613185279,0.625700814532829,-500,-441,thymio-11
168,1788221075.2883873,2.008294105529785,0.1900998502969741,0.8193065150259078,74.70510488007038,2.008294105529785,0.0945994481444358,0.1900998502969741,-0.3486680686473846,-0.7759557366371155,-0.495437741279602,0.1756841242313385,5,1.0,1.0,0.2614460020373845,0.6177647716733612,0,0,-0.1691408849504991,0.6280322411239526,-500,-500,thymio-11
169,1788221075.8962193,2.073128461837769,0.1279323697090149,0.8099790614627977,74.60510488007039,2.073128461837769,0.0934638530015945,0.1279323697090149,-0.3567387461662292,-0.772279679775238,-0.4889903664588928,0.1928990334272384,5,1.0,1.0,0.3169769585996893,0.6509158812007225,0,0,-0.1625917497689822,0.6278348547080965,-500,-483,thymio-11
170,1788221076.505403,2.073128461837769,0.1279323697090149,0.8099790614627977,74.50510488007039,2.073128461837769,0.0934638530015945,0.1279323697090149,-0.3567387461662292,-0.772279679775238,-0.4889903664588928,0.1928990334272384,5,1.0,1.0,0.3169769585996893,0.6509158812007225,0,0,-0.0857045630777599,0.6260905081010288,-399,-210,thymio-11
171,1788221077.1142535,2.158252954483032,0.038521721959114,0.7866983248203367,74.4051048800704,2.158252954483032,0.0921176671981811,0.038521721959114,-0.3709291815757751,-0.7657899260520935,-0.477122813463211,0.2198436260223388,5,1.0,1.0,0.3992895766321767,0.6754494562850542,0,0,0.1157802090812017,0.5432032809620183,329,493,thymio-11
172,1788221077.7229557,2.1990630626678467,-0.0084199076518416,0.4367025055733631,74.3051048800704,2.1990630626678467,0.0913852229714393,-0.0084199076518416,-0.4612240791320801,-0.7094007134437561,-0.3923170566558838,0.360708087682724,5,0.4405267766778844,1.0,1.0,0.6743526119942023,0,0,0.0322832800103426,-0.3710904792175634,171,59,thymio-11
173,1788221078.3308096,2.1990630626678467,-0.0084199076518416,0.4367025055733631,74.20510488007041,2.1990630626678467,0.0913852229714393,-0.0084199076518416,-0.4612240791320801,-0.7094007134437561,-0.3923170566558838,0.360708087682724,5,0.4405267766778844,1.0,1.0,0.7623738272094924,0,0,0.1600930317009011,-0.6073652124226557,500,477,thymio-11
174,1788221078.9390218,2.186298131942749,0.0521549098193645,0.3219817147646608,74.08064848255997,2.186298131942749,0.092103436589241,0.0521549098193645,-0.4774194955825805,-0.688896894454956,-0.3813930451869964,0.3899117112159729,5,0.3751480950302523,1.0,1.0,0.8005911393857401,0,0,0.0890429647298317,-0.6212140635925114,410,223,thymio-11
175,1788221079.547139,2.141963243484497,0.1442526429891586,0.5998129136101866,73.75826401222531,2.141963243484497,0.0933744683861732,0.1442526429891586,-0.4323079586029053,-0.7307656407356262,-0.4246022999286651,0.3143315017223358,5,0.2762542647466901,1.0,1.0,0.9037869670232292,0,0,0.1471781945237013,-0.6244587859639072,500,429,thymio-11
176,1788221080.1553607,2.097130298614502,0.1934881955385208,0.8356699429163452,73.44008121629305,2.097130298614502,0.0944046229124069,0.1934881955385208,-0.3435629904270172,-0.775497317314148,-0.4989464282989502,0.177822545170784,5,1.0,1.0,0.2272061037291979,0.9640394243593682,0,0,0.1404131257046291,-0.6270289539540385,500,404,thymio-11
177,1788221080.7634594,2.0268774032592773,0.2468631416559219,0.8787767751576618,72.99914882659759,2.0268774032592773,0.0950174108147621,0.2468631416559219,-0.3104073107242584,-0.7866047024726868,-0.5168349742889404,0.1333492845296859,5,1.0,1.0,0.1833164401221154,1.0,0,0,0.1231355240679625,-0.6242733663768304,500,343,thymio-11
178,1788221081.3719993,2.0268774032592773,0.2468631416559219,0.8787767751576618,72.8991488265976,2.0268774032592773,0.0950174108147621,0.2468631416559219,-0.3104073107242584,-0.7866047024726868,-0.5168349742889404,0.1333492845296859,5,1.0,1.0,0.1833164401221154,1.0,0,0,0.1525814193672589,-0.6238614338726189,500,448,thymio-11
179,1788221081.9807522,1.90295672416687,0.304533988237381,0.934195694267256,72.04507269211769,1.90295672416687,0.0950998812913894,0.304533988237381,-0.2240311205387115,-0.796074628829956,-0.5621726512908936,0.0061028758063912,5,1.0,1.0,0.1586829346595497,1.0,0,0,0.1421530051710807,-0.6228386528124606,500,411,thymio-11
180,1788221082.58888,1.7874765396118164,0.3215192854404449,0.946824070760422,71.33754133589164,1.7874765396118164,0.0957222655415535,0.3215192854404449,-0.1715342700481414,-0.7912830710411072,-0.5831108093261719,-0.0665501207113266,5,1.0,1.0,0.1902573962390106,1.0,0,0,0.1495401888681047,-0.6225995260262757,500,437,thymio-11
181,1788221083.1972888,1.68559467792511,0.3203785419464111,0.9347748655582704,70.71735362906428,1.68559467792511,0.0963371619582176,0.3203785419464111,-0.1235138401389122,-0.7843790054321289,-0.5912016034126282,-0.1413313895463943,5,1.0,1.0,0.2466263486682189,0.919284609312276,0,0,0.1557663009372165,-0.6237905871658606,500,459,thymio-11
182,1788221083.8056517,1.68559467792511,0.3203785419464111,0.9347748655582704,70.61735362906428,1.68559467792511,0.0963371619582176,0.3203785419464111,-0.1235138401389122,-0.7843790054321289,-0.5912016034126282,-0.1413313895463943,5,1.0,1.0,0.2466263486682189,0.919284609312276,0,0,0.1454745882514447,-0.6242617384261032,500,423,thymio-11
183,1788221084.4136,1.5997191667556765,0.3080743849277496,0.9310815365939789,70.04081173424572,1.5997191667556765,0.0967408940196037,0.3080743849277496,-0.1059037670493125,-0.7805476188659668,-0.593323826789856,-0.1658210009336471,5,1.0,1.0,0.3096435996196356,0.8503369109642238,0,0,0.1459441026977219,-0.6241582940210838,500,424,thymio-11
184,1788221085.0211582,1.4370089769363403,0.2743769586086273,0.9164077389413644,69.02580200479925,1.4370089769363403,0.097797192633152,0.2743769586086273,-0.0660480409860611,-0.7655001878738403,-0.6008480787277222,-0.2205193489789962,5,1.0,1.0,0.4459520062269475,0.7269263757826043,0,0,0.1449822024290776,-0.6239299124459594,500,421,thymio-11
185,1788221085.6292615,1.356495022773743,0.2463792860507965,0.9194700475932568,68.58007689995459,1.356495022773743,0.0983282104134559,0.2463792860507965,-0.0303706303238868,-0.753010630607605,-0.6065130829811096,-0.2533665299415588,5,1.0,1.0,0.5265282349936977,0.6492719517916503,0,0,0.1469658483499195,-0.6242662006699922,500,428,thymio-11
186,1788221086.2377703,1.356495022773743,0.2463792860507965,0.9194700475932568,68.4800768999546,1.356495022773743,0.0983282104134559,0.2463792860507965,-0.0303706303238868,-0.753010630607605,-0.6065130829811096,-0.2533665299415588,5,1.0,1.0,0.5265282349936977,0.6492719517916503,0,0,0.1459394589701303,-0.6248695260403068,500,424,thymio-11
187,1788221086.8471673,1.2357161045074463,0.1882077753543853,0.904440453443982,67.8270061165831,1.2357161045074463,0.0981325432658195,0.1882077753543853,0.0120152989402413,-0.7364436388015747,-0.6058183312416077,-0.300816535949707,5,1.0,1.0,0.6599631676264912,0.504464425150976,0,0,0.1408985240206043,-0.6245801075306748,500,406,thymio-11
188,1788221087.4548116,1.1228255033493042,0.1088964417576789,0.8524570812026546,67.13886946746625,1.1228255033493042,0.0978125408291816,0.1088964417576789,0.070801056921482,-0.7020044922828674,-0.6041963696479797,-0.370302140712738,5,1.0,1.0,0.7976433091504962,0.3262224758711549,0,0,0.1425887740346728,-0.6241963007490838,500,412,thymio-11
189,1788221088.0633676,1.059949517250061,0.0458493120968341,0.8066824963326056,66.78247735337513,1.059949517250061,0.0979984551668167,0.0458493120968341,0.107230506837368,-0.6776571869850159,-0.6004168391227722,-0.4108307957649231,5,1.0,1.0,0.8836545055428593,0.1903957891506051,0,0,0.1393513744726115,-0.6231957473217741,500,401,thymio-11
190,1788221088.671704,1.059949517250061,0.0458493120968341,0.8066824963326056,66.68247735337513,1.059949517250061,0.0979984551668167,0.0458493120968341,0.107230506837368,-0.6776571869850159,-0.6004168391227722,-0.4108307957649231,5,1.0,1.0,0.8836545055428593,0.1903957891506051,0,0,0.1428883856370919,-0.6225063779013434,500,414,thymio-11
191,1788221089.279872,1.0167970657348633,-0.0048142890445888,0.7794874942710734,66.50128001131786,1.0167970657348633,0.0973049476742744,-0.0048142890445888,0.1340525448322296,-0.6627295017242432,-0.5946305394172668,-0.4350105226039886,5,1.0,1.0,0.9456384984948284,0.0843113927163914,0,0,0.1409608024665422,-0.6214087423397661,500,407,thymio-11
192,1788221089.8876083,0.935802698135376,-0.1389564424753189,0.6175754792227086,66.1892761633876,0.935802698135376,0.0966452211141586,-0.1389564424753189,0.1864790171384811,-0.6161903142929077,-0.5774475932121277,-0.5020849704742432,5,1.0,1.0,1.0,-0.1327782842365824,0,0,0.1313653999100002,-0.6056982484163922,500,375,thymio-11
193,1788221090.4958084,0.8962311148643494,-0.2218500077724456,0.5254207573735408,65.9894026369009,0.8962311148643494,0.0965767353773117,-0.2218500077724456,0.2098835706710815,-0.5943079590797424,-0.5697075128555298,-0.5274280905723572,5,1.0,1.0,1.0,-0.2284185800131565,0,0,0.1522290316874545,-0.5813819364678187,500,453,thymio-11
194,1788221091.1043491,0.8649889230728149,-0.3548236191272735,0.0675314961170574,65.80827184897811,0.8649889230728149,0.0959639474749565,-0.3548236191272735,0.2799786031246185,-0.5198535323143005,-0.5398901104927063,-0.5999025106430054,5,1.0,1.0,1.0,-0.2771606872023701,0,0,0.1707372753833406,-0.5527938099393263,500,500,thymio-11
195,1788221091.7131546,0.8588599562644958,-0.4018672704696655,0.0435208152324495,65.70827184897811,0.8588599562644958,0.0956435576081276,-0.4018672704696655,0.2866064012050628,-0.5183573365211487,-0.535569429397583,-0.6019367575645447,5,1.0,1.0,1.0,-0.2683096622250356,0,0,0.183892831654484,-0.5088742634687574,500,500,thymio-11
196,1788221092.3215134,0.8588599562644958,-0.4018672704696655,0.0435208152324495,65.60827184897812,0.8588599562644958,0.0956435576081276,-0.4018672704696655,0.2866064012050628,-0.5183573365211487,-0.535569429397583,-0.6019367575645447,5,1.0,1.0,1.0,-0.2683096622250356,0,0,0.1908507307309279,-0.4360193961863313,500,500,thymio-11
1,1788307373.7290204,10000.0,10000.0,0.0,100.0,2.33766508102417,0.0677118077874183,-1.339484930038452,0.4625116288661957,0.7150167226791382,0.5000995397567749,-0.1572726964950561,5,1.0,1.0,-1.0,1.0,0,0,-0.03,0.2112645113486536,-138,-75,thymio-01
2,1788307374.33322,2.7861242294311523,-0.6185289025306702,-0.533817729259149,100.0,2.7861242294311523,0.069544605910778,-0.6185289025306702,0.6283738017082214,0.5860164761543274,0.2527120411396026,-0.444823294878006,5,-0.7406112464903516,1.0,1.0,-0.6669308921922776,0,0,0.0509336182248702,0.1234721852289702,162,200,thymio-01
3,1788307374.940898,2.7861242294311523,-0.6185289025306702,-0.533817729259149,99.9,2.7861242294311523,0.069544605910778,-0.6185289025306702,0.6283738017082214,0.5860164761543274,0.2527120411396026,-0.444823294878006,5,-0.7406112464903516,1.0,1.0,-0.6669308921922776,0,0,0.0595129123008541,0.3587866611514364,157,266,thymio-01
4,1788307375.5489595,2.792968511581421,-0.6365020871162415,-0.6929699534780109,99.8,2.792968511581421,0.0697706118226051,-0.6365020871162415,0.6406418681144714,0.5593810677528381,0.2111904472112655,-0.4817359149456024,5,-0.7471855884283833,1.0,1.0,-0.5624625830140277,0,0,-0.0188156967258949,0.4328261306813756,-132,-1,thymio-01
5,1788307376.15762,2.7796220779418945,-0.5709971189498901,-0.9094809583865112,99.67901853756445,2.7796220779418945,0.0703452304005622,-0.5709971189498901,0.666588306427002,0.5018129944801331,0.1459265500307083,-0.5315536260604858,5,-0.8163499342647849,1.0,1.0,-0.5553309431417534,2104,0,-0.08,0.3937722540468467,-344,-225,thymio-01
6,1788307376.7656174,2.7770166397094727,-0.586455225944519,-1.109132769160765,99.57901853756444,2.7770166397094727,0.070224829018116,-0.586455225944519,0.6810635924339294,0.4039287269115448,0.0346466153860092,-0.609748899936676,5,-0.8080561724225638,1.0,1.0,-0.5704175837005117,0,0,-0.0065807093430646,0.0423624770442258,-30,-17,thymio-01
7,1788307377.3734689,2.7770166397094727,-0.586455225944519,-1.109132769160765,99.47901853756444,2.7770166397094727,0.070224829018116,-0.586455225944519,0.6810635924339294,0.4039287269115448,0.0346466153860092,-0.609748899936676,5,-0.8080561724225638,1.0,1.0,-0.5704175837005117,0,0,-0.0065807093430646,0.1432935151411416,-45,-2,thymio-01
8,1788307377.9810178,2.7581441402435303,-0.6345967650413513,-1.1675498513591558,99.32386969013844,2.7581441402435303,0.0707767009735107,-0.6345967650413513,0.6842511892318726,0.3384171724319458,-0.0390106998383998,-0.6447885632514954,5,-0.7633840987073555,1.0,1.0,-0.5374811913326447,0,0,-0.0155597961598215,0.2072347140331546,-87,-24,thymio-01
9,1788307378.5896094,2.7523787021636963,-0.6451328992843628,-1.1936641431416526,99.22386969013844,2.7523787021636963,0.070782333612442,-0.6451328992843628,0.6790362596511841,0.3046109080314636,-0.0709489211440086,-0.66414475440979,5,-0.7619912030693738,1.0,1.0,-0.5357736096186922,0,0,-0.0158397681830558,0.3021892785781493,-102,-11,thymio-01
10,1788307379.197827,2.7502036094665527,-0.6490814685821533,-1.197008391086125,99.12386969013843,2.7502036094665527,0.0707415416836738,-0.6490814685821533,0.6773620843887329,0.2911825478076935,-0.086986169219017,-0.6699454188346863,5,-0.7606023401538671,1.0,1.0,-0.5335681293978873,0,0,-0.0161189296290727,0.4021205507501474,-118,3,thymio-01
11,1788307379.8055038,2.740102767944336,-0.6614623665809631,-1.2144038024703916,99.02386969013844,2.740102767944336,0.0709586068987846,-0.6614623665809631,0.6660279631614685,0.233638197183609,-0.1446196436882019,-0.693473219871521,5,-0.7728276935203016,1.0,1.0,-0.5247180577164688,1578,0,-0.0136616336024193,0.4240560940831417,-113,15,thymio-01
12,1788307380.413252,2.740102767944336,-0.6614623665809631,-1.2144038024703916,98.92386969013846,2.740102767944336,0.0709586068987846,-0.6614623665809631,0.6660279631614685,0.233638197183609,-0.1446196436882019,-0.693473219871521,5,-0.7728276935203016,1.0,1.0,-0.5247180577164688,0,0,-0.0136616336024193,0.4143239286230225,-111,14,thymio-01
13,1788307381.0224545,2.711862564086914,-0.6799187064170837,-1.1910549600503582,98.76328161477896,2.711862564086914,0.0703688114881515,-0.6799187064170837,0.5991581082344055,0.0221798717975616,-0.3241812884807586,-0.7317268252372742,5,-0.7663093968240134,1.0,1.0,-0.4892019266655935,0,0,-0.0149718112383732,0.4296815960362414,-118,12,thymio-01
14,1788307381.6306314,2.6957147121429443,-0.6816619038581848,-1.0643133338363664,98.66328161477897,2.6957147121429443,0.0706096142530441,-0.6816619038581848,0.5276554226875305,-0.1117698848247528,-0.4289209842681885,-0.7246476411819458,5,-0.7490932123881777,1.0,1.0,-0.4850199527926589,0,0,-0.0184322643099762,0.4327540970540923,-131,0,thymio-01
15,1788307382.2381408,2.6957147121429443,-0.6816619038581848,-1.0643133338363664,98.56328161477896,2.6957147121429443,0.0706096142530441,-0.6816619038581848,0.5276554226875305,-0.1117698848247528,-0.4289209842681885,-0.7246476411819458,5,-0.7490932123881777,1.0,1.0,-0.4850199527926589,0,0,-0.0184322643099762,0.4176143570330721,-129,-2,thymio-01
16,1788307382.845847,2.679563045501709,-0.6775100827217102,-0.8405986703254271,98.46328161477898,2.679563045501709,0.071545235812664,-0.6775100827217102,0.449800431728363,-0.2204688638448715,-0.5050748586654663,-0.7028318047523499,5,-0.7565667146788914,1.0,1.0,-0.4868410464693553,0,0,-0.0169300903495428,0.4404042371104395,-127,6,thymio-01
17,1788307383.4540577,2.6565895080566406,-0.6592109799385071,-0.0866815665114,98.33095714332627,2.6565895080566406,0.0712708905339241,-0.6592109799385071,0.3092533946037292,-0.3946147263050079,-0.6078171730041504,-0.6157921552658081,5,-0.7465363180773228,1.0,1.0,1.0,0,0,-0.0189462000664581,0.5645776006213158,-153,18,thymio-01
18,1788307384.061941,2.651578664779663,-0.6499814391136169,0.1698025218209977,98.23095714332628,2.651578664779663,0.0707989856600761,-0.6499814391136169,0.2527549862861633,-0.4493957161903381,-0.6260685920715332,-0.5849757790565491,5,-0.5465931699503297,1.0,-0.7413834208309755,1.0,0,0,-0.0199819324129739,-0.1523272502973008,-48,-94,thymio-01
19,1788307384.6696522,2.651578664779663,-0.6499814391136169,0.1698025218209977,98.13095714332628,2.651578664779663,0.0707989856600761,-0.6499814391136169,0.2527549862861633,-0.4493957161903381,-0.6260685920715332,-0.5849757790565491,5,-0.5465931699503297,1.0,-0.7413834208309755,1.0,0,0,-0.0199819324129739,0.4458558404182315,-138,-4,thymio-01
20,1788307385.2779806,2.646337509155273,-0.6229158043861389,0.5929157330231054,98.03095714332628,2.646337509155273,0.0711943060159683,-0.6229158043861389,0.1133107468485832,-0.5586479306221008,-0.6650072336196899,-0.4825336039066314,5,-0.5884714256099759,1.0,-0.7407819918117996,1.0,0,0,-0.0201028196458282,0.2391538537321564,-108,-35,thymio-01
21,1788307385.885368,2.6483778953552246,-0.5949432253837585,0.7177841031930536,97.9309571433263,2.6483778953552246,0.0706589221954345,-0.5949432253837585,0.0296719390898942,-0.6150241494178772,-0.671181857585907,-0.4127708375453949,5,-0.6199632236174417,1.0,-0.7482010637284418,1.0,0,0,-0.0186115861905832,0.2062783557942401,-97,-35,thymio-01
22,1788307386.4932115,2.6545064449310303,-0.576309084892273,0.7843406411406053,97.8309571433263,2.6545064449310303,0.0706657543778419,-0.576309084892273,-0.0222632996737957,-0.6489711403846741,-0.6711772680282593,-0.3575778901576996,5,-0.638056256391091,1.0,-0.7571804319079627,1.0,0,0,-0.0168067331864994,0.0632808635272264,-69,-50,thymio-01
23,1788307387.100629,2.6545064449310303,-0.576309084892273,0.7843406411406053,97.73095714332632,2.6545064449310303,0.0706657543778419,-0.576309084892273,-0.0222632996737957,-0.6489711403846741,-0.6711772680282593,-0.3575778901576996,5,-0.638056256391091,1.0,-0.7571804319079627,1.0,0,0,-0.0168067331864994,0.0593859823088756,-69,-51,thymio-01
24,1788307387.7087104,2.6616299152374268,-0.5622146725654602,0.8084549231554781,97.63095714332631,2.6616299152374268,0.0706115439534187,-0.5622146725654602,-0.056484404951334,-0.6672700643539429,-0.6680585145950317,-0.3244349956512451,5,1.0,1.0,-0.7651392077802144,1.0,0,0,0.0607283390350426,0.1212774528451281,197,234,thymio-01
25,1788307388.3171391,2.6689701080322266,-0.5494771003723145,0.8159204171757724,97.53095714332632,2.6689701080322266,0.0706288069486618,-0.5494771003723145,-0.0845613256096839,-0.6778261065483093,-0.6656699180603027,-0.3004742264747619,5,-0.6767856055522843,1.0,-0.7684741565895883,1.0,0,0,0.0575181173681658,-0.0504114139302303,212,197,thymio-01
26,1788307388.926179,2.6445565223693848,-0.5817795395851135,0.82816010272927,97.41845852200642,2.6445565223693848,0.070548303425312,-0.5817795395851135,-0.0992462560534477,-0.6853634715080261,-0.6639135479927063,-0.2822161316871643,5,-0.6728058075874757,1.0,-0.7332272559337343,1.0,0,0,0.0857245505579022,0.0347910251404897,299,310,thymio-01
27,1788307389.5338955,2.6445565223693848,-0.5817795395851135,0.82816010272927,97.31845852200642,2.6445565223693848,0.070548303425312,-0.5817795395851135,-0.0992462560534477,-0.6853634715080261,-0.6639135479927063,-0.2822161316871643,5,-0.6728058075874757,1.0,-0.7332272559337343,1.0,0,0,-0.0216213215573193,0.0117976644240442,-79,-75,thymio-01
28,1788307390.1433108,2.601304531097412,-0.6390984058380127,0.8370527114950961,97.0072634728463,2.601304531097412,0.0706706419587135,-0.6390984058380127,-0.0930850207805633,-0.6861281991004944,-0.6641071438789368,-0.2820018231868744,5,-0.6523658022390985,1.0,-0.6743194582250145,1.0,0,0,-0.033461788896772,0.058735268862494,-128,-110,thymio-01
29,1788307390.7510386,2.5993285179138184,-0.6418766975402832,0.8335791438404763,96.90726347284632,2.5993285179138184,0.0706027001142501,-0.6418766975402832,-0.1070009618997573,-0.6902062892913818,-0.6615320444107056,-0.2730227410793304,5,-0.6589389403830022,1.0,-0.6802661868945825,1.0,0,0,-0.0322664964341889,0.0301250838825848,-119,-110,thymio-01
30,1788307391.3591647,2.613787889480591,-0.6240552663803101,0.8382801005877987,96.80726347284632,2.613787889480591,0.0705660060048103,-0.6240552663803101,-0.1179202497005462,-0.6933504939079285,-0.6613037586212158,-0.2608396112918854,5,-0.6682974601817022,1.0,-0.7060804840848088,1.0,0,0,-0.0270778226989534,-0.0043505599824846,-96,-97,thymio-01
31,1788307391.9666824,2.613787889480591,-0.6240552663803101,0.8382801005877987,96.70726347284632,2.613787889480591,0.0705660060048103,-0.6240552663803101,-0.1179202497005462,-0.6933504939079285,-0.6613037586212158,-0.2608396112918854,5,-0.6682974601817022,1.0,-0.7060804840848088,1.0,0,0,-0.0270778226989534,0.0063835030168056,-97,-95,thymio-01
32,1788307392.5751565,2.631020784378052,-0.6046480536460876,0.84080307718737,96.60726347284633,2.631020784378052,0.0705311670899391,-0.6046480536460876,-0.1210848912596702,-0.6932498812675476,-0.6626090407371521,-0.2563052475452423,5,-0.665691585845374,1.0,-0.738532278278879,1.0,0,0,-0.0205550120659453,-0.0341035886115456,-68,-78,thymio-01
33,1788307393.1832912,2.651306390762329,-0.5826341509819031,0.8341312070378071,96.50726347284632,2.651306390762329,0.0704149603843689,-0.5826341509819031,-0.1205998435616493,-0.6928843855857849,-0.6612252593040466,-0.2610520422458648,5,-0.6608049199390993,-0.7811490050415404,-0.4383982850219108,1.0,0,0,-0.0119890499866503,-0.2784602014566043,-1,-85,thymio-01
34,1788307393.7916903,2.663271188735962,-0.5692806243896484,0.8296300831275754,96.40726347284634,2.663271188735962,0.0705121979117393,-0.5692806243896484,-0.1139714568853378,-0.6903628706932068,-0.6616683006286621,-0.269452691078186,5,-0.6484799981813503,-0.8091624782087811,-0.4813052259154939,1.0,0,0,-0.0063583418800349,-0.3014944680241763,23,-68,thymio-01
35,1788307394.3991516,2.663271188735962,-0.5692806243896484,0.8296300831275754,96.30726347284634,2.663271188735962,0.0705121979117393,-0.5692806243896484,-0.1139714568853378,-0.6903628706932068,-0.6616683006286621,-0.269452691078186,5,-0.6484799981813503,-0.8091624782087811,-0.4813052259154939,1.0,0,0,-0.0063583418800349,-0.2556584326630992,16,-61,thymio-01
36,1788307395.00219,10000.0,10000.0,0.0,96.30726347284634,2.663271188735962,0.0705121979117393,-0.5692806243896484,-0.1139714568853378,-0.6903628706932068,-0.6616683006286621,-0.269452691078186,5,1.0,1.0,-1.0,1.0,0,0,-0.03,-0.101058969296002,-91,-122,thymio-01
37,1788307395.6050422,10000.0,10000.0,0.0,96.30726347284634,2.663271188735962,0.0705121979117393,-0.5692806243896484,-0.1139714568853378,-0.6903628706932068,-0.6616683006286621,-0.269452691078186,5,1.0,1.0,-1.0,1.0,0,0,-0.03,0.0368625971347626,-112,-101,thymio-01
38,1788307396.2088175,2.672487258911133,-0.5581983327865601,0.7794900559233984,96.30726347284634,2.672487258911133,0.071146160364151,-0.5581983327865601,-0.0419769026339054,-0.6542050242424011,-0.6700710654258728,-0.3482221066951751,5,-0.6405386610830937,-0.776882380085945,-0.5869030542779126,1.0,0,0,-0.012846641602725,8.106933703160864e-05,-46,-46,thymio-01
39,1788307396.817024,2.6777749061584477,-0.5056818723678589,-2.3052372042436087,96.20726347284636,2.6777749061584477,0.0714424774050712,-0.5056818723678589,-0.6524544358253479,-0.1368912458419799,0.4403732419013977,-0.6013613939285278,5,-0.7943277280254877,-0.7564031715445607,1.0,-0.7204358107589686,0,0,0.033195405098377,0.4159918510291952,55,181,thymio-01
40,1788307397.4256072,2.6777749061584477,-0.5056818723678589,-2.3052372042436087,96.10726347284636,2.6777749061584477,0.0714424774050712,-0.5056818723678589,-0.6524544358253479,-0.1368912458419799,0.4403732419013977,-0.6013613939285278,5,-0.7943277280254877,-0.7564031715445607,1.0,-0.7204358107589686,0,0,-0.0093401266668769,0.3508073312651912,-86,20,thymio-01
41,1788307398.0293543,10000.0,10000.0,0.0,96.10726347284636,2.6777749061584477,0.0714424774050712,-0.5056818723678589,-0.6524544358253479,-0.1368912458419799,0.4403732419013977,-0.6013613939285278,5,1.0,1.0,-1.0,1.0,0,0,-0.03,0.0199641022906088,-110,-104,thymio-01
42,1788307398.6331213,2.6772711277008057,-0.5074666738510132,0.7005364513323622,96.10726347284636,2.6772711277008057,0.0710418969392776,-0.5074666738510132,-0.0622185431420803,0.6007420420646667,0.6695220470428467,0.432409793138504,5,-0.8025346046016499,-0.7999223620373797,1.0,1.0,0,0,-0.0076905444750683,0.6126497351026515,-120,65,thymio-01
43,1788307399.240829,2.6772711277008057,-0.5074666738510132,0.7005364513323622,96.00726347284636,2.6772711277008057,0.0710418969392776,-0.5074666738510132,-0.0622185431420803,0.6007420420646667,0.6695220470428467,0.432409793138504,5,-0.8025346046016499,-0.7999223620373797,1.0,1.0,0,0,-0.0076905444750683,-0.6213542690003483,67,-121,thymio-01
44,1788307399.8444457,10000.0,10000.0,0.0,96.00726347284636,2.6772711277008057,0.0710418969392776,-0.5074666738510132,-0.0622185431420803,0.6007420420646667,0.6695220470428467,0.432409793138504,5,1.0,1.0,-1.0,1.0,0,0,0.03,-0.1518369024878814,130,84,thymio-01
45,1788307400.4479747,10000.0,10000.0,0.0,96.00726347284636,2.6772711277008057,0.0710418969392776,-0.5074666738510132,-0.0622185431420803,0.6007420420646667,0.6695220470428467,0.432409793138504,5,1.0,1.0,-1.0,1.0,0,0,0.03,-0.3797284377764332,164,49,thymio-01
46,1788307401.050719,10000.0,10000.0,0.0,96.00726347284636,2.6772711277008057,0.0710418969392776,-0.5074666738510132,-0.0622185431420803,0.6007420420646667,0.6695220470428467,0.432409793138504,5,1.0,1.0,-1.0,1.0,0,0,0.03,-0.5404091530836593,188,25,thymio-01
47,1788307401.654125,10000.0,10000.0,0.0,96.00726347284636,2.6772711277008057,0.0710418969392776,-0.5074666738510132,-0.0622185431420803,0.6007420420646667,0.6695220470428467,0.432409793138504,5,1.0,1.0,-1.0,1.0,0,0,0.0264496248433311,-0.6035216868303755,185,3,thymio-01
48,1788307402.257658,2.692646741867065,-0.483678787946701,0.84293342775644,96.00726347284636,2.692646741867065,0.0707098692655563,-0.483678787946701,0.1551224887371063,0.7043575048446655,0.6554117202758789,0.2241719961166381,5,-0.7672544008851354,-0.7406155882695009,-0.7434341676769571,1.0,0,0,0.0067033571487577,-0.2207057279415887,57,-10,thymio-01
49,1788307402.8658416,2.681729555130005,-0.5601093173027039,0.2747729676422485,95.8899449247949,2.681729555130005,0.0710960105061531,-0.5601093173027039,0.229559063911438,-0.4714377820491791,-0.6347423791885376,-0.5675836205482483,5,-0.7274023862936477,1.0,-0.7507402328317403,1.0,0,0,-0.0357651492828318,0.0916867183119447,-141,-113,thymio-01
50,1788307403.4743967,2.688904285430908,-0.5731533169746399,-0.1499339139784723,95.78994492479492,2.688904285430908,0.0712778121232986,-0.5731533169746399,0.3133293986320495,-0.3899287581443786,-0.597565770149231,-0.6266542673110962,5,-0.731055349440734,1.0,-0.766840590239761,1.0,0,0,-0.014865041361808,0.3395708653637994,-104,-2,thymio-01
51,1788307404.0828433,2.671038627624512,-0.5450600385665894,0.1133526273743572,95.68994492479491,2.671038627624512,0.071217268705368,-0.5450600385665894,0.2611576616764068,-0.4408416748046875,-0.6195634603500366,-0.594639778137207,5,-0.7438301444209892,1.0,-0.7900790675538398,1.0,0,0,-0.0101941074216781,0.366756147435453,-92,19,thymio-01
52,1788307404.6913471,2.6658318042755127,-0.5316866040229797,0.4206515952142569,95.58994492479492,2.6658318042755127,0.0711384788155555,-0.5316866040229797,-0.1894767433404922,0.5082352757453918,0.644880473613739,0.5384465456008911,5,-0.7547810241844831,1.0,-0.8003581850510659,1.0,0,0,-0.0081280048047357,0.3591600202348912,-83,25,thymio-01
53,1788307405.2991374,2.6658318042755127,-0.5316866040229797,0.4206515952142569,95.48994492479493,2.6658318042755127,0.0711384788155555,-0.5316866040229797,-0.1894767433404922,0.5082352757453918,0.644880473613739,0.5384465456008911,5,-0.7547810241844831,1.0,-0.8003581850510659,1.0,0,0,-0.0081280048047357,0.4683557774664225,-100,42,thymio-01
54,1788307405.9085577,2.6644527912139893,-0.5206577181816101,0.6529588440371987,95.38994492479492,2.6644527912139893,0.0712096989154815,-0.5206577181816101,0.0851942598819732,-0.5826944708824158,-0.6666308641433716,-0.4569600522518158,5,-0.7598667208533793,1.0,-0.7964925106425763,1.0,0,0,-0.0089050053608421,0.0720372853516174,-43,-21,thymio-01
55,1788307406.5167572,2.666668176651001,-0.5092763304710388,0.7681662734671466,95.28994492479494,2.666668176651001,0.0712630376219749,-0.5092763304710388,0.0381581224501132,0.6498891711235046,0.6703974008560181,0.3560273945331573,5,-0.7617188098678107,1.0,-0.7928507868000546,1.0,0,0,-0.009636991853189,0.0886290949477714,-48,-21,thymio-01
56,1788307407.1253943,2.670138120651245,-0.5023849606513977,0.8040754690042777,95.18994492479494,2.670138120651245,0.0708496943116188,-0.5023849606513977,0.0575587414205074,0.6649901270866394,0.6696820259094238,0.3255781531333923,5,-0.7604509506821013,1.0,-0.789916982519229,1.0,0,0,-0.0102266865136349,0.0262212645438403,-40,-32,thymio-01
57,1788307407.7337186,2.670138120651245,-0.5023849606513977,0.8040754690042777,95.08994492479496,2.670138120651245,0.0708496943116188,-0.5023849606513977,0.0575587414205074,0.6649901270866394,0.6696820259094238,0.3255781531333923,5,-0.7604509506821013,1.0,-0.789916982519229,1.0,0,0,-0.0102266865136349,0.0351606488774451,-42,-31,thymio-01
58,1788307408.3416798,2.6767258644104004,-0.4919757843017578,0.7949572875244622,94.98994492479495,2.6767258644104004,0.0714814066886901,-0.4919757843017578,0.0739093720912933,0.6680337190628052,0.6680592894554138,0.3193198442459106,5,-0.755964835205579,1.0,-0.784733435705737,1.0,0,0,-0.0112685794231468,0.0098372897783356,-42,-39,thymio-01
59,1788307408.9494426,2.6817822456359863,-0.4846579730510711,0.794949309860852,94.88994492479496,2.6817822456359863,0.0714514851570129,-0.4846579730510711,0.0767731517553329,0.6709126234054565,0.6655532717704773,0.3178378939628601,5,-0.7504416584634848,-0.7817943845499002,0.0144623997962873,1.0,0,0,-0.01185932870547,-0.1260354876359286,-23,-61,thymio-01
60,1788307409.557752,2.689577102661133,-0.4723611772060394,0.7809343617006559,94.78994492479497,2.689577102661133,0.0714617669582367,-0.4723611772060394,0.0540823191404342,0.6599448323249817,0.6676081418991089,0.340363472700119,5,-0.7406541085975693,-0.7752659696833821,0.0182698474691607,1.0,0,0,-0.0131715400936401,-0.3379058520841042,4,-98,thymio-01
61,1788307410.166005,2.689577102661133,-0.4723611772060394,0.7809343617006559,94.68994492479496,2.689577102661133,0.0714617669582367,-0.4723611772060394,0.0540823191404342,0.6599448323249817,0.6676081418991089,0.340363472700119,5,-0.7406541085975693,-0.7752659696833821,0.0182698474691607,1.0,0,0,-0.0131715400936401,-0.2923041142652891,-3,-91,thymio-01
62,1788307410.7737043,2.6939799785614014,-0.4645625352859497,0.7464253308708995,94.58994492479498,2.6939799785614014,0.0713700950145721,-0.4645625352859497,0.0017062181141227,0.6341367363929749,0.669584333896637,0.3866840004920959,5,-0.7329859056419548,-0.7694648291990367,0.0241548295327194,1.0,0,0,-0.0143375693309936,-0.236677532379689,-15,-87,thymio-01
63,1788307411.3826842,2.696735620498657,-0.4521016478538513,-2.290218365360295,94.48994492479498,2.696735620498657,0.0718266144394874,-0.4521016478538513,-0.6564386487007141,-0.1332891881465912,0.4334096908569336,-0.602891743183136,5,-0.7537020913096059,-0.7222576660703783,1.0,0.042820041500921,0,0,-0.0175058796467692,-0.1074211777047088,-46,-78,thymio-01
64,1788307411.9907787,2.697714805603028,-0.4474854469299316,0.5372718427399978,94.389944924795,2.697714805603028,0.0718032270669937,-0.4474854469299316,-0.1421655863523483,0.539706289768219,0.6590595245361328,0.5041297674179077,5,-0.7191608131953655,1.0,-0.7497373596305188,1.0,0,0,-0.0183027907142657,0.0107127852207859,-67,-63,thymio-01
65,1788307412.5993834,2.693791627883911,-0.4222162961959839,0.3835469026400422,94.289944924795,2.693791627883911,0.0721087306737899,-0.4222162961959839,0.1964202374219894,-0.4986980855464935,-0.6432855725288391,-0.5467202067375183,5,-0.7192087723697246,1.0,-0.7160396080014055,-0.7107610373687557,0,0,-0.0244390367536853,0.0359640130932984,-92,-81,thymio-01
66,1788307413.2077873,2.690277338027954,-0.4057494401931762,0.3831927055558739,94.189944924795,2.690277338027954,0.0723017752170562,-0.4057494401931762,-0.1944508105516433,0.4992876648902893,0.6432210803031921,0.5469619631767273,5,-0.7216401327274098,1.0,-0.6943978411416272,-0.7058255379777316,0,0,-0.0239503333217906,0.2101348816492889,-117,-53,thymio-01
67,1788307413.815754,2.690277338027954,-0.4057494401931762,0.3831927055558739,94.089944924795,2.690277338027954,0.0723017752170562,-0.4057494401931762,-0.1944508105516433,0.4992876648902893,0.6432210803031921,0.5469619631767273,5,-0.7216401327274098,1.0,-0.6943978411416272,-0.7058255379777316,0,0,-0.0239503333217906,0.2844357965236089,-128,-42,thymio-01
68,1788307414.4242437,2.68788480758667,-0.3957845866680145,0.4107591261734442,93.989944924795,2.68788480758667,0.0720828473567962,-0.3957845866680145,-0.1893755793571472,0.5060085654258728,0.6447831392288208,0.5406911969184875,5,-0.7234270356809631,1.0,-0.6818391395447765,-0.7044868930615172,0,0,-0.0235911658281264,0.3029349064171606,-130,-38,thymio-01
69,1788307415.0320282,2.683814764022827,-0.3674153983592987,0.5917032156134905,93.88994492479502,2.683814764022827,0.0721481516957283,-0.3674153983592987,-0.1285620182752609,0.5568875074386597,0.6604203581809998,0.4870248734951019,5,-0.7238645900669476,-0.6433988072999794,0.0609847694360421,-0.8037576828522528,0,0,-0.0074447057466971,0.613851870333446,-119,66,thymio-01
70,1788307415.6416028,2.689159154891968,-0.3399163782596588,0.7352748207740127,93.78994492479502,2.689159154891968,0.0714321881532669,-0.3399163782596588,-0.0433483682572841,0.6151625514030457,0.67099928855896,0.4116503596305847,5,-0.8803333086944165,-0.610994836622067,0.0345616071621319,1.0,0,0,-0.0,-0.3644862333974552,55,-55,thymio-01
71,1788307416.2500908,2.689159154891968,-0.3399163782596588,0.7352748207740127,93.68994492479504,2.689159154891968,0.0714321881532669,-0.3399163782596588,-0.0433483682572841,0.6151625514030457,0.67099928855896,0.4116503596305847,5,-0.8803333086944165,-0.610994836622067,0.0345616071621319,1.0,0,0,-0.0,-0.0921383500744595,14,-14,thymio-01
72,1788307416.857994,2.690657138824463,-0.3405715525150299,0.7176287907009269,93.58994492479503,2.690657138824463,0.0718556493520736,-0.3405715525150299,-0.0270064361393451,0.6166531443595886,0.6702734231948853,0.4119990468025207,5,-0.8800704670285127,-0.607463459960677,0.0313481000405617,1.0,0,0,-0.0,-0.0569062367920268,9,-9,thymio-01
73,1788307417.4668822,2.6935837268829346,-0.3428222239017486,0.6603567235730687,93.48994492479504,2.6935837268829346,0.0723088979721069,-0.3428222239017486,-0.0871240198612213,0.5842710137367249,0.666214108467102,0.455187439918518,5,-0.8240663660941978,-0.5577274032351558,0.0388458421586939,1.0,0,0,-0.0033626604150662,-0.0982613384107798,3,-27,thymio-01
74,1788307418.075837,2.69368839263916,-0.3422283828258514,0.6028269925289305,93.38994492479505,2.69368839263916,0.0724841728806495,-0.3422283828258514,0.1123196110129356,-0.5633918642997742,-0.6628819704055786,-0.4801681041717529,5,-0.8162386083030724,1.0,-0.5363423998092706,1.0,0,0,-0.0049360397310824,0.0023250038466232,-18,-17,thymio-01
75,1788307418.6847246,2.6932156085968018,-0.3394335508346557,-2.256594877604613,93.28994492479504,2.6932156085968018,0.0722387954592704,-0.3394335508346557,-0.6676735877990723,-0.1194231659173965,0.4140041172504425,-0.607083797454834,5,-0.5111805572393895,-0.8142536684876982,1.0,1.0,0,0,-0.0053350126339726,0.5872557070584866,-108,70,thymio-01
76,1788307419.2935977,2.6937272548675537,-0.3356666266918182,0.5871254774617585,93.18994492479506,2.6937272548675537,0.0723277106881141,-0.3356666266918182,-0.1263723373413086,0.5528496503829956,0.6646230220794678,0.486480712890625,5,-0.8156345565153154,1.0,-0.4785180407093637,1.0,0,0,-0.0050574541404216,-0.0832603412258749,-5,-31,thymio-01
77,1788307419.9019115,2.6937272548675537,-0.3356666266918182,0.5871254774617585,93.08994492479506,2.6937272548675537,0.0723277106881141,-0.3356666266918182,-0.1263723373413086,0.5528496503829956,0.6646230220794678,0.486480712890625,5,-0.8156345565153154,1.0,-0.4785180407093637,1.0,0,0,-0.0050574541404216,-0.0056911206762056,-17,-19,thymio-01
78,1788307420.5098665,2.693621158599853,-0.3289577066898346,0.7095470105962156,92.98994492479508,2.693621158599853,0.0722920373082161,-0.3289577066898346,-0.0333622880280017,0.6141642928123474,0.6682175397872925,0.4185385704040527,5,-0.818582445801725,1.0,-0.4546504294609654,1.0,0,0,-0.0044649283938532,0.1945651866805554,-45,14,thymio-01
79,1788307421.1185615,2.694333076477051,-0.3229655027389526,-2.46024538764142,92.88994492479507,2.694333076477051,0.0727234557271003,-0.3229655027389526,0.6082684397697449,0.1912706047296524,-0.504294753074646,0.5823331475257874,5,1.0,-0.8251685822702767,1.0,-0.4030196147797196,0,0,-0.0031411149636743,0.3488491134599125,-64,42,thymio-01
80,1788307421.7262466,2.6963043212890625,-0.3170289099216461,0.7620561115744193,92.78994492479508,2.6963043212890625,0.0714678391814231,-0.3170289099216461,0.0195952579379081,-0.6328863501548767,-0.6678904891014099,-0.3911434710025787,5,-0.8285134536574306,1.0,-0.3819973530167669,1.0,0,0,-0.0024687958148564,-0.0910900922941774,5,-23,thymio-01
81,1788307422.3340566,2.6981310844421387,-0.3111608028411865,0.8114425211055809,92.68994492479509,2.6981310844421387,0.0719093307852745,-0.3111608028411865,-0.0675724074244499,-0.6723371148109436,-0.6662517786026001,-0.3154447972774505,5,-0.8328637750363167,1.0,-0.4234349119443708,1.0,2183,0,-0.08,0.0493044632098545,-292,-277,thymio-01
82,1788307422.9420469,2.716639757156372,-0.2803132832050323,0.8169383602478906,92.58994492479508,2.716639757156372,0.0716431587934494,-0.2803132832050323,-0.0673745200037956,-0.6691684126853943,-0.6713364720344543,-0.3114189803600311,5,-0.825391963277342,-0.4881009582811622,-0.0321364517333154,1.0,1496,0,-0.0030962153812542,0.2343683491535484,-46,24,thymio-01
83,1788307423.550495,2.7300028800964355,-0.2600191533565521,0.8182076088274899,92.4899449247951,2.7300028800964355,0.0722401738166809,-0.2600191533565521,-0.0946431830525398,-0.6829076409339905,-0.66293865442276,-0.2918772995471954,5,-0.5276167457645529,-0.5472359568628642,-0.0245268726000282,-0.8146122235695683,2048,0,-0.08,-0.0695305694992146,-274,-295,thymio-01
84,1788307424.1582942,2.7300028800964355,-0.2600191533565521,0.8182076088274899,92.3899449247951,2.7300028800964355,0.0722401738166809,-0.2600191533565521,-0.0946431830525398,-0.6829076409339905,-0.66293865442276,-0.2918772995471954,5,-0.5276167457645529,-0.5472359568628642,-0.0245268726000282,-0.8146122235695683,0,0,-0.0052629430625167,0.0092402102005825,-20,-17,thymio-01
85,1788307424.7663145,2.7586910724639893,-0.2255855202674865,0.8357442567265156,92.28994492479512,2.7586910724639893,0.0715743899345398,-0.2255855202674865,-0.1137217208743095,-0.6937267184257507,-0.6594493389129639,-0.2663405239582062,5,-0.5076944706974014,-0.5896571840275696,-0.0716325871313222,-0.7902665660415976,0,0,-0.0101564202256388,0.0133189360402711,-38,-34,thymio-01
86,1788307425.3760214,2.7722256183624268,-0.210777923464775,0.8196978373975696,92.18994492479511,2.7722256183624268,0.0722857639193534,-0.210777923464775,-0.1113751232624054,-0.6898221373558044,-0.6591144800186157,-0.2780453264713287,5,-0.4592687027877723,-0.5955430537852613,-0.1874580017369297,-0.7897182941762694,0,0,0.0102666228705698,0.0609673962468721,27,46,thymio-01
87,1788307425.9844131,2.77651309967041,-0.2061887383460998,0.8183007265255942,92.08994492479512,2.77651309967041,0.0724075436592102,-0.2061887383460998,-0.1098548099398613,-0.6874151825904846,-0.6611452102661133,-0.2797843515872955,5,-0.4240543797769474,-0.5970709961978629,-0.2648202885024497,-0.7852553903353612,0,0,0.0111636665425923,0.1315017800125703,20,60,thymio-01
88,1788307426.592259,2.77651309967041,-0.2061887383460998,0.8183007265255942,91.98994492479513,2.77651309967041,0.0724075436592102,-0.2061887383460998,-0.1098548099398613,-0.6874151825904846,-0.6611452102661133,-0.2797843515872955,5,-0.4240543797769474,-0.5970709961978629,-0.2648202885024497,-0.7852553903353612,0,0,0.0111636665425923,0.1151435323081082,22,57,thymio-01
89,1788307427.2008436,2.772585868835449,-0.2090267688035965,0.8428844206163806,91.88994492479512,2.772585868835449,0.0708708688616752,-0.2090267688035965,-0.1348263770341873,-0.6604236364364624,-0.699134886264801,-0.2384806126356125,5,-0.3741856959350613,-0.5941421732883403,-0.3367120163943923,-0.7854397599730774,0,0,0.0111266082454114,0.1159009015255865,22,57,thymio-01
90,1788307427.8092103,2.7619428634643555,-0.2193430215120315,0.8288921576499173,91.78994492479514,2.7619428634643555,0.0723650977015495,-0.2193430215120315,-0.1780385673046112,-0.7122389078140259,-0.6452727913856506,-0.2112846225500106,5,-0.2180638650070069,-0.5813675853013658,1.0,-0.779413063995921,0,0,0.0123379741368198,0.178187380509703,17,71,thymio-01
91,1788307428.41773,2.754324436187744,-0.224558413028717,0.8256972761768115,91.68994492479514,2.754324436187744,0.0723780691623687,-0.224558413028717,-0.2078149616718292,-0.7202974557876587,-0.6364461183547974,-0.1814411133527755,5,-0.1279115418747319,-0.5670606797027269,1.0,-0.7669232400037607,0,0,0.0148484287592441,-0.3014684551149044,98,7,thymio-01
92,1788307429.0255723,2.7457594871521,-0.2292063683271408,0.8252497942621639,91.58994492479516,2.7457594871521,0.0724317505955696,-0.2292063683271408,-0.2278230041265487,-0.7244442105293274,-0.6310596466064453,-0.1582438051700592,5,-0.0980540204295531,-0.555837940120289,1.0,-0.7588743276511143,0,0,0.016466260142126,0.0300389210758833,54,63,thymio-01
93,1788307429.6340032,2.731074094772339,-0.2398557513952255,0.8360552272124351,91.48994492479515,2.731074094772339,0.0722090601921081,-0.2398557513952255,-0.180849015712738,-0.7122693657875061,-0.6470165848731995,-0.2033116668462753,5,0.0224094693758354,-0.5756280481711109,1.0,-0.735115218153466,0,0,0.0212418411511533,0.0542921939636572,67,84,thymio-01
94,1788307430.24218,2.718806505203247,-0.2497198581695556,0.828333113208521,91.38994492479516,2.718806505203247,0.0724008530378341,-0.2497198581695556,-0.1904379725456237,-0.714800238609314,-0.642905056476593,-0.1986634135246276,5,0.1174403138551256,-0.5790256729318112,1.0,-0.6957814328675079,0,0,0.0291479319936309,0.0967187628496342,89,118,thymio-01
95,1788307430.850607,2.718806505203247,-0.2497198581695556,0.828333113208521,91.28994492479517,2.718806505203247,0.0724008530378341,-0.2497198581695556,-0.1904379725456237,-0.714800238609314,-0.642905056476593,-0.1986634135246276,5,0.1174403138551256,-0.5790256729318112,1.0,-0.6957814328675079,0,0,0.0291479319936309,0.0550906713691993,95,112,thymio-01
96,1788307431.4590392,2.702145576477051,-0.261003702878952,0.8316142351841562,91.18994492479516,2.702145576477051,0.0721599608659744,-0.261003702878952,-0.211614653468132,-0.7188810706138611,-0.639188826084137,-0.1728206127882003,5,0.2125271433864488,-0.567936972235481,1.0,-0.6459894499009912,0,0,0.0391561205699007,0.0642672680820361,129,149,thymio-01
97,1788307432.0681117,2.6728031635284424,-0.2790555953979492,0.8266053324260443,91.0637770543357,2.6728031635284424,0.072363331913948,-0.2790555953979492,-0.2276577055454254,-0.7236695885658264,-0.6321985125541687,-0.1574783772230148,5,0.3549891392867523,-0.5367505607411048,1.0,-0.5710611035800013,0,0,0.05,-0.004366948570467,178,177,thymio-01
98,1788307432.6759431,2.6728031635284424,-0.2790555953979492,0.8266053324260443,90.96377705433572,2.6728031635284424,0.072363331913948,-0.2790555953979492,-0.2276577055454254,-0.7236695885658264,-0.6321985125541687,-0.1574783772230148,5,0.3549891392867523,-0.5367505607411048,1.0,-0.5710611035800013,0,0,0.05,-0.0593294737309287,187,169,thymio-01
99,1788307433.2838447,2.658137559890747,-0.2876037657260895,0.8305117576013039,90.86377705433571,2.658137559890747,0.0724322274327278,-0.2876037657260895,-0.2318190634250641,-0.7232884764671326,-0.6330493688583374,-0.1495406180620193,5,-0.5388121951276855,-0.5230289815685891,1.0,1.0,0,0,0.05,-0.0454022946403545,185,171,thymio-01
100,1788307433.8922484,2.5953447818756104,-0.3237155079841614,0.8369120851036294,90.67996540444533,2.5953447818756104,0.0730680450797081,-0.3237155079841614,-0.2249892652034759,-0.7228822112083435,-0.6351327300071716,-0.1530606895685196,5,-0.4289129016613887,-0.4634158383431807,-0.3679415472986227,1.0,0,0,0.05,-0.2708962259816583,219,137,thymio-01
101,1788307434.500576,2.5566837787628174,-0.3477635383605957,0.8330948109120722,90.49903612945538,2.5566837787628174,0.0732396617531776,-0.3477635383605957,-0.2111726552248001,-0.7194685935974121,-0.6388320326805115,-0.1722347736358642,5,-0.3492321381354277,-0.4237236680753738,-0.3274065749621775,1.0,0,0,0.05,-0.0341368678820583,183,172,thymio-01
102,1788307435.108982,2.5322883129119877,-0.367283821105957,0.834887712961708,90.37897987469808,2.5322883129119877,0.0735019892454147,-0.367283821105957,-0.1621619164943695,-0.7067623138427734,-0.651534914970398,-0.2229189276695251,5,-0.2963835501947655,-0.3972239270324789,-0.3035984887926185,1.0,0,0,0.1975379792145033,-0.0562395564605346,500,500,thymio-01
103,1788307435.716626,2.5322883129119877,-0.367283821105957,0.834887712961708,90.27897987469808,2.5322883129119877,0.0735019892454147,-0.367283821105957,-0.1621619164943695,-0.7067623138427734,-0.651534914970398,-0.2229189276695251,5,-0.2963835501947655,-0.3972239270324789,-0.3035984887926185,1.0,0,0,0.1971256686662774,-0.0818389418681087,500,500,thymio-01
104,1788307436.3253615,2.4698872566223145,-0.4259555339813232,0.8389090346197023,89.93341694826702,2.4698872566223145,0.0736166015267372,-0.4259555339813232,-0.1468648463487625,-0.7030103802680969,-0.6550276875495911,-0.2348318397998809,5,-0.2242484643966977,-0.3789275174556246,-0.2305301146882217,1.0,0,0,0.1972303638252964,-0.1220601264961424,500,500,thymio-01
105,1788307436.9338307,2.3736793994903564,-0.52411288022995,0.8424388284191453,89.34963021363845,2.3736793994903564,0.0732312649488449,-0.52411288022995,-0.1257002502679824,-0.6961982250213623,-0.6604995727539062,-0.2514914572238922,5,-0.1154632473189843,1.0,-0.322618545796155,1.0,0,0,0.1621009141315206,-0.048571172044332,500,500,thymio-01
106,1788307437.541386,2.305875778198242,-0.6010051965713501,0.8353588355213715,88.96269720113648,2.305875778198242,0.0731807425618171,-0.6010051965713501,-0.1123774573206901,-0.6911177039146423,-0.6620271801948547,-0.2672969400882721,5,-0.0127145844279557,1.0,-0.2909134726944117,1.0,0,0,0.1696278002140179,0.0231615388486135,500,500,thymio-01
107,1788307438.1493337,2.23358154296875,-0.6909669637680054,0.8261869091421628,88.48402420840851,2.23358154296875,0.0731021910905838,-0.6909669637680054,-0.0952690690755844,-0.6817778944969177,-0.6665337681770325,-0.2860690057277679,5,0.1440025245619502,1.0,-0.3027469120002449,1.0,0,0,0.1806197196865427,-0.0431767764237768,500,500,thymio-01
108,1788307438.7577531,2.173938274383545,-0.7752323150634766,-3.0616438499163854,88.04411257783244,2.173938274383545,0.0729479417204856,-0.7752323150634766,-0.505887508392334,-0.2922997772693634,0.6046998500823975,-0.5412734150886536,5,1.0,0.2493758477844749,1.0,-0.2845135001164351,0,0,0.1486983464949805,0.3187620648520242,480,500,thymio-01
109,1788307439.366232,2.173938274383545,-0.7752323150634766,-3.0616438499163854,87.94411257783244,2.173938274383545,0.0729479417204856,-0.7752323150634766,-0.505887508392334,-0.2922997772693634,0.6046998500823975,-0.5412734150886536,5,1.0,0.2493758477844749,1.0,-0.2845135001164351,0,0,-0.1029241471538769,0.5845323993833657,-454,-277,thymio-01
110,1788307439.9742737,2.100026130676269,-0.8894441723823547,0.8075760245592529,87.43642689827476,2.100026130676269,0.0728197544813156,-0.8894441723823547,-0.0716167092323303,-0.6703157424926758,-0.6685101985931396,-0.3140732645988464,5,0.4372593655716819,1.0,-0.2824683337555517,1.0,0,0,0.0582439591330371,0.5525135328058605,124,290,thymio-01
111,1788307440.5827007,2.123791217803955,-0.8527398109436035,0.8353027769144612,87.33642689827477,2.123791217803955,0.0726902335882186,-0.8527398109436035,-0.1922699958086013,-0.7117007970809937,-0.6479076743125916,-0.1916504055261612,5,0.4780030440363003,1.0,-0.4360002991177804,1.0,0,0,0.0991513114843088,0.6105362067427401,260,444,thymio-01
112,1788307441.191145,2.071529626846313,-0.8773075938224792,0.8102875765350177,87.01827520222147,2.071529626846313,0.0731908231973648,-0.8773075938224792,-0.2991009056568146,-0.7302269339561462,-0.6100168824195862,-0.0720188021659851,5,0.4805166906625335,1.0,-0.4591623919459332,1.0,0,0,0.1601828726803358,0.6185677756464552,476,500,thymio-01
113,1788307441.798689,2.071529626846313,-0.8773075938224792,0.8102875765350177,86.91827520222148,2.071529626846313,0.0731908231973648,-0.8773075938224792,-0.2991009056568146,-0.7302269339561462,-0.6100168824195862,-0.0720188021659851,5,0.4805166906625335,1.0,-0.4591623919459332,1.0,0,0,0.1564555525842127,0.6270449721878256,461,500,thymio-01
114,1788307442.4069164,1.9992098808288572,-0.8910861611366272,0.7821033661372332,86.48125999448015,1.9992098808288572,0.0738187059760093,-0.8910861611366272,-0.3463784456253052,-0.7321752309799194,-0.5863180160522461,-0.0131424767896533,5,0.4691954596418526,1.0,-0.4644499223386248,1.0,0,0,0.1528548166337743,0.623895524779857,449,500,thymio-01
115,1788307443.0149858,1.9087114334106443,-0.9032725691795348,0.7804475710993382,85.93173524310635,1.9087114334106443,0.0744185447692871,-0.9032725691795348,-0.354447990655899,-0.7317014932632446,-0.5822174549102783,0.0015353948110714,5,0.4357686472741415,1.0,-0.46403378804495,1.0,0,0,0.1803196300554409,0.6100008419612669,500,500,thymio-01
116,1788307443.622732,1.791074514389038,-0.91612446308136,0.7723413336047464,85.21101650153506,1.791074514389038,0.0751977860927581,-0.91612446308136,-0.3642615377902984,-0.7313433289527893,-0.5763947367668152,0.0148239405825734,5,0.3679782547532488,1.0,-0.4644947865187484,1.0,0,0,0.1857382412206077,0.4637527744338805,500,500,thymio-01
117,1788307444.2306209,1.6847392320632937,-0.927884042263031,0.7703255822351864,84.56207421426103,1.6847392320632937,0.0759838446974754,-0.927884042263031,-0.3566284477710724,-0.7292181849479675,-0.5839795470237732,-0.0050029219128191,5,0.3089501689356295,1.0,-0.4468046469322663,1.0,0,0,0.1898677077779866,0.0825304689234903,500,500,thymio-01
118,1788307444.8401709,1.6847392320632937,-0.927884042263031,0.7703255822351864,84.46207421426104,1.6847392320632937,0.0759838446974754,-0.927884042263031,-0.3566284477710724,-0.7292181849479675,-0.5839795470237732,-0.0050029219128191,5,0.3089501689356295,1.0,-0.4468046469322663,1.0,0,0,0.1970220438467264,-0.1519067841666978,500,500,thymio-01
119,1788307445.4493935,1.5163828134536743,-0.9570626616477966,0.80941055586326,83.4108649818388,1.5163828134536743,0.0779867172241211,-0.9570626616477966,-0.328626275062561,-0.7264441251754761,-0.6030423641204834,-0.0249749850481748,5,0.2190958709555654,1.0,-0.3637533805342854,1.0,0,0,0.1981524125099727,-0.2403045914786924,500,500,thymio-01
120,1788307446.0578218,1.4069414138793943,-0.98075670003891,0.794763587992346,82.80257880918974,1.4069414138793943,0.0775278061628341,-0.98075670003891,-0.3285844922065735,-0.7308510541915894,-0.5971602201461792,-0.0359001047909259,5,0.1616427096130757,1.0,-0.2700610344238382,1.0,0,0,0.1986536002210871,-0.2436392693011503,500,500,thymio-01
121,1788307446.6663876,1.3334883451461792,-0.998224139213562,0.7948801406590866,82.31018320635799,1.3334883451461792,0.0772837847471237,-0.998224139213562,-0.3251455724239349,-0.7302590608596802,-0.5993549823760986,-0.0421397425234317,5,0.1238501599663679,1.0,-0.1975729727222366,1.0,0,0,0.1986804115346733,-0.2023133480607636,500,500,thymio-01
122,1788307447.2741926,1.1954448223114014,-1.035345196723938,0.8018875015980802,81.36367223936504,1.1954448223114014,0.0774535313248634,-1.035345196723938,-0.3085469901561737,-0.7280895709991455,-0.6086785197257996,-0.0647670552134513,5,0.0539730464156131,-0.0540220225383841,0.6843686590246854,1.0,0,0,0.1960502552537021,-0.1734108383359503,500,500,thymio-01
123,1788307447.8824725,1.1954448223114014,-1.035345196723938,0.8018875015980802,81.26367223936505,1.1954448223114014,0.0774535313248634,-1.035345196723938,-0.3085469901561737,-0.7280895709991455,-0.6086785197257996,-0.0647670552134513,5,0.0539730464156131,-0.0540220225383841,0.6843686590246854,1.0,0,0,0.1985157521997021,-0.3407542658536613,500,500,thymio-01
124,1788307448.490314,1.136037826538086,-1.0540730953216553,0.8100089027952637,80.90448573923304,1.136037826538086,0.0778126642107963,-1.0540730953216553,-0.2989384233951568,-0.7273995876312256,-0.6133055686950684,-0.0733619928359985,5,0.025744794617883,0.0101606647475882,0.7353168570279354,1.0,0,0,0.1986588961304349,-0.4375836170394943,500,500,thymio-01
125,1788307449.0987322,0.9660081267356871,-1.1139743328094482,0.8155026545857313,79.83450926585849,0.9660081267356871,0.0782494768500328,-1.1139743328094482,-0.2877722382545471,-0.7254961729049683,-0.6191989183425903,-0.0862283036112785,5,-0.053554349975373,0.1805620633841276,0.8995160599778917,1.0,0,0,0.1971594444401926,-0.4538644741435688,500,500,thymio-01
126,1788307449.706705,0.913221836090088,-1.1338733434677124,0.81380151236658,79.51502080684112,0.913221836090088,0.0784118175506591,-1.1338733434677124,-0.2857078015804291,-0.7244636416435242,-0.6206984519958496,-0.0908674150705337,5,-0.0783604259100023,0.2310377522918474,0.9576700277793544,1.0,0,0,0.1932539205699594,-0.4258765868438748,500,500,thymio-01
127,1788307450.31506,0.8390851616859436,-1.1628530025482178,0.8194714797847529,79.06261340679403,0.8390851616859436,0.0787405371665954,-1.1628530025482178,-0.2786484360694885,-0.7239896655082703,-0.6235923767089844,-0.0965750440955162,5,-0.141282057178682,1.0,1.0,1.0,0,0,0.1966211846116399,-0.0831227151592285,500,500,thymio-01
128,1788307450.9230316,0.8390851616859436,-1.1628530025482178,0.8194714797847529,78.96261340679403,0.8390851616859436,0.0787405371665954,-1.1628530025482178,-0.2786484360694885,-0.7239896655082703,-0.6235923767089844,-0.0965750440955162,5,-0.19645212118247,1.0,1.0,1.0,0,0,0.1988168628789101,0.0325526569553419,500,500,thymio-01
129,1788307451.5262878,10000.0,10000.0,0.0,78.96261340679403,0.8390851616859436,0.0787405371665954,-1.1628530025482178,-0.2786484360694885,-0.7239896655082703,-0.6235923767089844,-0.0965750440955162,5,1.0,1.0,1.0,1.0,0,0,0.03,0.0381043327848517,101,112,thymio-01
130,1788307452.1297247,10000.0,10000.0,0.0,78.96261340679403,0.8390851616859436,0.0787405371665954,-1.1628530025482178,-0.2786484360694885,-0.7239896655082703,-0.6235923767089844,-0.0965750440955162,5,1.0,1.0,1.0,1.0,0,0,0.03,0.0713145629934838,96,117,thymio-01
131,1788307452.7330315,10000.0,10000.0,0.0,78.96261340679403,0.8390851616859436,0.0787405371665954,-1.1628530025482178,-0.2786484360694885,-0.7239896655082703,-0.6235923767089844,-0.0965750440955162,5,1.0,1.0,1.0,1.0,0,0,0.03,0.3297816243454723,57,156,thymio-01
132,1788307453.3362625,10000.0,10000.0,0.0,78.96261340679403,0.8390851616859436,0.0787405371665954,-1.1628530025482178,-0.2786484360694885,-0.7239896655082703,-0.6235923767089844,-0.0965750440955162,5,1.0,1.0,1.0,1.0,0,0,0.03,0.5027671098423888,31,183,thymio-01
133,1788307453.9399726,10000.0,10000.0,0.0,78.96261340679403,0.8390851616859436,0.0787405371665954,-1.1628530025482178,-0.2786484360694885,-0.7239896655082703,-0.6235923767089844,-0.0965750440955162,5,1.0,1.0,1.0,1.0,0,0,0.03,0.5832205031505737,19,195,thymio-01
134,1788307454.543298,10000.0,10000.0,0.0,78.96261340679403,0.8390851616859436,0.0787405371665954,-1.1628530025482178,-0.2786484360694885,-0.7239896655082703,-0.6235923767089844,-0.0965750440955162,5,1.0,1.0,1.0,1.0,0,0,0.03,0.6117024695320382,14,199,thymio-01
135,1788307455.1462734,10000.0,10000.0,0.0,78.96261340679403,0.8390851616859436,0.0787405371665954,-1.1628530025482178,-0.2786484360694885,-0.7239896655082703,-0.6235923767089844,-0.0965750440955162,5,1.0,1.0,1.0,1.0,0,0,0.03,0.6246281108316719,12,201,thymio-01
136,1788307455.7495182,10000.0,10000.0,0.0,78.96261340679403,0.8390851616859436,0.0787405371665954,-1.1628530025482178,-0.2786484360694885,-0.7239896655082703,-0.6235923767089844,-0.0965750440955162,5,1.0,1.0,1.0,1.0,0,0,0.03,0.6279946730094204,12,201,thymio-01
137,1788307456.3528616,10000.0,10000.0,0.0,78.96261340679403,0.8390851616859436,0.0787405371665954,-1.1628530025482178,-0.2786484360694885,-0.7239896655082703,-0.6235923767089844,-0.0965750440955162,5,1.0,1.0,1.0,1.0,0,0,-0.03,0.6282838145613068,-201,-12,thymio-01
138,1788307456.956551,10000.0,10000.0,0.0,78.96261340679403,0.8390851616859436,0.0787405371665954,-1.1628530025482178,-0.2786484360694885,-0.7239896655082703,-0.6235923767089844,-0.0965750440955162,5,1.0,1.0,1.0,1.0,0,0,-0.03,0.6281787619187581,-201,-12,thymio-01
139,1788307457.559549,-0.0559016354382038,-1.1072970628738403,0.9846286075769886,78.96261340679403,-0.0559016354382038,0.0946490466594696,-1.1072970628738403,-0.3150818347930908,-0.7389726042747498,-0.5835376381874084,0.1188564300537109,5,1.0,1.0,1.0,-0.976166615912658,0,0,-0.0,0.6259236190617561,-95,95,thymio-01
140,1788307458.1678505,-0.0559016354382038,-1.1072970628738403,0.9846286075769886,78.86261340679404,-0.0559016354382038,0.0946490466594696,-1.1072970628738403,-0.3150818347930908,-0.7389726042747498,-0.5835376381874084,0.1188564300537109,5,1.0,1.0,1.0,-0.976166615912658,0,0,-0.0,0.6280259812012498,-95,95,thymio-01
141,1788307458.7711017,0.4101940989494324,-1.316578984260559,-1.23246661100267,78.86261340679404,0.4101940989494324,0.0797848999500274,-1.316578984260559,-0.6442540287971497,-0.1057649701833725,0.249686986207962,0.7151272892951965,5,1.0,1.0,1.0,1.0,0,0,-0.148364377550941,0.6283006972490197,-500,-432,thymio-01
142,1788307459.379421,0.395068883895874,-1.3179996013641355,-1.0973581977211735,78.76261340679405,0.395068883895874,0.080983743071556,-1.3179996013641355,-0.5414549708366394,0.0957868248224258,0.4133018553256988,0.7258326411247253,5,1.0,1.0,1.0,1.0,0,0,-0.1478187365884768,0.6282257422826519,-500,-430,thymio-01
143,1788307459.9875822,0.2882993221282959,-1.2937759160995483,-0.9740326731158522,78.23587078767086,0.2882993221282959,0.0824841856956482,-1.2937759160995483,-0.4948201775550842,0.1643068790435791,0.468048483133316,0.7135033011436462,5,1.0,1.0,1.0,-0.6328796106351524,0,0,-0.1493988327732338,0.627493478322115,-500,-436,thymio-01
144,1788307460.596208,0.1840803027153015,-1.2506598234176636,-0.851673572174168,77.75138689879692,0.1840803027153015,0.0834434404969215,-1.2506598234176636,-0.4544475674629211,0.220210462808609,0.5030659437179565,0.7013626098632812,5,1.0,1.0,1.0,-0.6981043460071726,0,0,-0.1056334887287807,0.6279930647006313,-470,-280,thymio-01
145,1788307461.2039342,0.1840803027153015,-1.2506598234176636,-0.851673572174168,77.65138689879693,0.1840803027153015,0.0834434404969215,-1.2506598234176636,-0.4544475674629211,0.220210462808609,0.5030659437179565,0.7013626098632812,5,1.0,1.0,1.0,-0.6981043460071726,0,0,-0.104133537096236,0.6280032057778493,-465,-275,thymio-01
146,1788307461.8121023,0.1206455007195472,-1.2126082181930542,-0.5826889504480675,77.36879855766983,0.1206455007195472,0.0842405781149864,-1.2126082181930542,-0.393393337726593,0.2969875335693359,0.5524598360061646,0.6721817255020142,5,1.0,1.0,1.0,-0.7301747336366406,0,0,-0.0789583425191297,0.6279392017236604,-375,-186,thymio-01
147,1788307462.4204645,0.0501095801591873,-1.115688681602478,0.3040302151784066,76.93451820884987,0.0501095801591873,0.0856263786554336,-1.115688681602478,-0.2149588167667389,0.4748029410839081,0.6424053311347961,0.5618455410003662,5,-0.8086115187988276,1.0,1.0,1.0,0,0,-0.0188010859525231,0.6269473097206215,-161,28,thymio-01
148,1788307463.0283668,0.0501095801591873,-1.115688681602478,0.3040302151784066,76.83451820884987,0.0501095801591873,0.0856263786554336,-1.115688681602478,-0.2149588167667389,0.4748029410839081,0.6424053311347961,0.5618455410003662,5,-0.8086115187988276,1.0,1.0,1.0,0,0,-0.0210090808164407,0.628280738116241,-170,20,thymio-01
149,1788307463.6361928,0.0396842323243618,-1.067971110343933,0.6256869621695347,76.73451820884988,0.0396842323243618,0.0868106856942176,-1.067971110343933,-0.0985882431268692,0.5653602480888367,0.6728571653366089,0.4668098986148834,5,1.0,1.0,1.0,1.0,0,0,-0.1136562272797874,0.6282241673286053,-499,-309,thymio-01
150,1788307464.244877,0.0499413944780826,-1.0367333889007568,0.8794542155192939,76.63451820884988,0.0499413944780826,0.0874999538064003,-1.0367333889007568,0.1141586452722549,0.6906618475914001,0.6737229228019714,0.2367518097162246,5,1.0,1.0,1.0,1.0,0,0,-0.0340323738717963,0.6208158105692713,-215,-27,thymio-01
151,1788307464.852837,0.1140791326761245,-0.9862687587738036,0.8318345333585784,76.53451820884989,0.1140791326761245,0.0873207151889801,-0.9862687587738036,0.2583060264587402,0.7016691565513611,0.6533688902854919,0.1185219511389732,5,1.0,1.0,1.0,1.0,0,0,-0.0363155149909596,0.6240527595475843,-223,-35,thymio-01
152,1788307465.460592,0.1140791326761245,-0.9862687587738036,0.8318345333585784,76.4345182088499,0.1140791326761245,0.0873207151889801,-0.9862687587738036,0.2583060264587402,0.7016691565513611,0.6533688902854919,0.1185219511389732,5,1.0,1.0,1.0,1.0,0,0,-0.0563245938473377,0.6272109223794957,-295,-105,thymio-01
153,1788307466.0684092,0.1169937998056411,-0.9842225909233092,0.7978598734092182,76.3345182088499,0.1169937998056411,0.0861376374959945,-0.9842225909233092,0.2884953320026397,0.710700511932373,0.6333357095718384,0.1027679145336151,5,1.0,1.0,1.0,-0.7713951804113348,0,0,-0.0224950005509108,0.6205100907367666,-174,14,thymio-01
154,1788307466.6780374,0.1169937998056411,-0.9842225909233092,0.7978598734092182,76.2345182088499,0.1169937998056411,0.0861376374959945,-0.9842225909233092,0.2884953320026397,0.710700511932373,0.6333357095718384,0.1027679145336151,5,1.0,1.0,0.9970099208679308,-0.7947911259321803,0,0,-0.0162787354164521,0.6237692932469928,-152,36,thymio-01
155,1788307467.285831,-0.0529438853263855,-1.026333212852478,-1.4264347897923504,75.05789933051136,-0.0529438853263855,0.090943232178688,-1.026333212852478,0.6813680529594421,0.302100270986557,0.1054925099015235,-0.6582890748977661,5,1.0,-0.9929443997697682,1.0,1.0,0,0,-0.0,0.6204859070068568,-94,94,thymio-01
156,1788307467.8941166,-0.0529438853263855,-1.026333212852478,-1.4264347897923504,74.95789933051137,-0.0529438853263855,0.090943232178688,-1.026333212852478,0.6813680529594421,0.302100270986557,0.1054925099015235,-0.6582890748977661,5,1.0,1.0,-0.985733842588967,1.0,0,0,0.0,0.6101835418602205,-92,92,thymio-01
157,1788307468.4972372,0.2314332127571106,-1.0340049266815186,-1.1638348025380547,74.95789933051137,0.2314332127571106,0.0835451856255531,-1.0340049266815186,0.6902717351913452,0.342454195022583,-0.0327535532414913,-0.6365353465080261,5,0.8316531559706484,-0.7264072911807311,1.0,1.0,0,0,0.0626525614801674,0.6138026163238104,130,315,thymio-01
158,1788307469.105743,0.2505848407745361,-1.0192002058029177,-1.2347813764310651,74.85789933051137,0.2505848407745361,0.0845260471105575,-1.0192002058029177,-0.6619862914085388,-0.1763026565313339,0.1885088086128235,0.7036731839179993,5,0.6770212306183452,-0.7072456658570716,1.0,1.0,0,0,0.0704791269231316,0.6261564023885896,156,345,thymio-01
159,1788307469.7134993,0.2505848407745361,-1.0192002058029177,-1.2347813764310651,74.75789933051138,0.2505848407745361,0.0845260471105575,-1.0192002058029177,-0.6619862914085388,-0.1763026565313339,0.1885088086128235,0.7036731839179993,5,0.6770212306183452,1.0,1.0,1.0,0,0,0.0604598065325969,0.6224190330860754,121,309,thymio-01
160,1788307470.3216832,0.2976339757442474,-1.0004947185516355,-1.197917731433794,74.65789933051138,0.2976339757442474,0.0840693339705467,-1.0004947185516355,-0.5978772044181824,-0.0148934191092848,0.3245555460453033,0.7327924370765686,5,0.5729868885128864,-0.7448209646832055,1.0,1.0,0,0,0.0260138518589267,0.6282613069494134,-2,187,thymio-01
161,1788307470.9300988,0.3448167443275451,-1.0044164657592771,-0.9574876758842876,74.55789933051139,0.3448167443275451,0.0852990299463272,-1.0044164657592771,0.4962453246116638,-0.1575942486524582,-0.473438560962677,-0.7104650139808655,5,0.3815794578376772,-0.7131482906469901,1.0,1.0,0,0,0.0368337415037202,0.6282660390968244,36,226,thymio-01
162,1788307471.53895,0.3574616312980652,-1.0132094621658323,-0.5453215619869272,74.4578993305114,0.3574616312980652,0.084810085594654,-1.0132094621658323,0.3900007307529449,-0.3022713363170624,-0.5594531893730164,-0.6659907102584839,5,1.0,-0.6871997885933793,0.3377727560093393,1.0,0,0,0.0308728424927307,0.5813798266231629,22,197,thymio-01
163,1788307472.1481144,0.3574616312980652,-1.0132094621658323,-0.5453215619869272,74.3578993305114,0.3574616312980652,0.084810085594654,-1.0132094621658323,0.3900007307529449,-0.3022713363170624,-0.5594531893730164,-0.6659907102584839,5,1.0,-0.6871997885933793,0.3377727560093393,1.0,0,0,0.0308728424927307,0.622725564975946,16,204,thymio-01
164,1788307472.7558591,0.3716308176517486,-1.0361722707748413,0.2004800199776975,74.2578993305114,0.3716308176517486,0.0844581872224807,-1.0361722707748413,0.2464764863252639,-0.4529891014099121,-0.6310425996780396,-0.5795132517814636,5,1.0,1.0,0.1492283555533229,-0.6537008158205917,0,0,0.037606136020061,0.4700023192945842,63,205,thymio-01
165,1788307473.3637652,0.3729014694690704,-1.0635803937911987,0.667847097089322,74.15789933051141,0.3729014694690704,0.0826416835188865,-1.0635803937911987,0.0612381175160408,-0.5973716378211975,-0.6638613939285278,-0.4457411468029022,5,1.0,1.0,-0.0110884994047042,-0.6637289631162867,0,0,0.0355904784136263,0.3846586650670606,68,185,thymio-01
166,1788307473.9719305,0.3729014694690704,-1.0635803937911987,0.667847097089322,74.05789933051142,0.3729014694690704,0.0826416835188865,-1.0635803937911987,0.0612381175160408,-0.5973716378211975,-0.6638613939285278,-0.4457411468029022,5,1.0,1.0,-0.0641208658761298,-0.6637289631162867,0,0,0.078444465803624,0.4806021557172723,206,351,thymio-01
167,1788307474.5798144,0.353245198726654,-1.101883053779602,0.3977576339178985,73.94361548455763,0.353245198726654,0.0822775810956955,-1.101883053779602,-0.2638444900512695,-0.6236129403114319,-0.618621289730072,-0.3984981775283813,5,1.0,1.0,-0.1686057450066783,-0.730263636821199,0,0,0.0505883235600918,0.3567587946653899,126,234,thymio-01
168,1788307475.188127,0.329116553068161,-1.1262786388397217,0.8450878308142431,73.82167078054134,0.329116553068161,0.0857333093881607,-1.1262786388397217,-0.1730460971593856,-0.704914927482605,-0.6566911935806274,-0.204711303114891,5,1.0,-0.2863545239286144,1.0,-0.7566897509060326,0,0,0.0661097377983438,0.6016289659759095,144,326,thymio-01
169,1788307475.7963245,0.329116553068161,-1.1262786388397217,0.8450878308142431,73.72167078054134,0.329116553068161,0.0857333093881607,-1.1262786388397217,-0.1730460971593856,-0.704914927482605,-0.6566911935806274,-0.204711303114891,5,1.0,-0.2863545239286144,1.0,1.0,0,0,0.1925174133753699,0.4971938740841133,500,500,thymio-01
170,1788307476.399463,10000.0,10000.0,0.0,73.72167078054134,0.329116553068161,0.0857333093881607,-1.1262786388397217,-0.1730460971593856,-0.704914927482605,-0.6566911935806274,-0.204711303114891,5,1.0,1.0,-1.0,1.0,0,0,0.03,-0.0851178978072718,119,94,thymio-01
171,1788307477.0032566,10000.0,10000.0,0.0,73.72167078054134,0.329116553068161,0.0857333093881607,-1.1262786388397217,-0.1730460971593856,-0.704914927482605,-0.6566911935806274,-0.204711303114891,5,1.0,1.0,1.0,1.0,0,0,0.03,0.2932978573702541,62,151,thymio-01
172,1788307477.606094,10000.0,10000.0,0.0,73.72167078054134,0.329116553068161,0.0857333093881607,-1.1262786388397217,-0.1730460971593856,-0.704914927482605,-0.6566911935806274,-0.204711303114891,5,1.0,1.0,1.0,1.0,0,0,0.03,0.5809724786610194,19,194,thymio-01
173,1788307478.209422,10000.0,10000.0,0.0,73.72167078054134,0.329116553068161,0.0857333093881607,-1.1262786388397217,-0.1730460971593856,-0.704914927482605,-0.6566911935806274,-0.204711303114891,5,1.0,1.0,-1.0,1.0,0,0,0.03,0.4129661438084989,44,169,thymio-01
174,1788307478.8131058,10000.0,10000.0,0.0,73.72167078054134,0.329116553068161,0.0857333093881607,-1.1262786388397217,-0.1730460971593856,-0.704914927482605,-0.6566911935806274,-0.204711303114891,5,1.0,1.0,-1.0,1.0,0,0,0.03,0.6103740363164659,14,199,thymio-01
175,1788307479.4165084,10000.0,10000.0,0.0,73.72167078054134,0.329116553068161,0.0857333093881607,-1.1262786388397217,-0.1730460971593856,-0.704914927482605,-0.6566911935806274,-0.204711303114891,5,1.0,1.0,-1.0,1.0,0,0,0.03,0.6025312912188556,16,198,thymio-01
176,1788307480.0204103,10000.0,10000.0,0.0,73.72167078054134,0.329116553068161,0.0857333093881607,-1.1262786388397217,-0.1730460971593856,-0.704914927482605,-0.6566911935806274,-0.204711303114891,5,1.0,1.0,-1.0,1.0,0,0,0.03,0.5148700641287579,29,184,thymio-01
177,1788307480.6240368,10000.0,10000.0,0.0,73.72167078054134,0.329116553068161,0.0857333093881607,-1.1262786388397217,-0.1730460971593856,-0.704914927482605,-0.6566911935806274,-0.204711303114891,5,1.0,1.0,-1.0,1.0,0,0,0.03,0.3510009033140162,54,160,thymio-01
178,1788307481.2276754,10000.0,10000.0,0.0,73.72167078054134,0.329116553068161,0.0857333093881607,-1.1262786388397217,-0.1730460971593856,-0.704914927482605,-0.6566911935806274,-0.204711303114891,5,1.0,1.0,1.0,1.0,0,0,0.03,0.3881953523442797,48,165,thymio-01
179,1788307481.8319964,0.064809001982212,-1.0693047046661377,2.3756232704272,73.72167078054134,0.064809001982212,0.0858209580183029,-1.0693047046661377,-0.5641208291053772,0.5585578680038452,-0.5470133423805237,-0.2656261324882507,5,-0.6703376189033914,-0.7418720295800085,1.0,1.0,2457,0,-0.08,-0.4455867163093011,-217,-352,thymio-01
180,1788307482.4403596,0.07239231467247,-1.0583887100219729,-1.216100841834601,73.62167078054135,0.07239231467247,0.0852935016155242,-1.0583887100219729,-0.6765377521514893,-0.2620686590671539,0.1096479520201683,0.6794072389602661,5,-0.8295561642503502,-0.5887854124785767,1.0,1.0,0,0,0.0088932751312086,0.0339989216139421,26,37,thymio-01
181,1788307483.0481875,0.0463559813797473,-1.090636134147644,-1.2044052730372654,73.48961645148847,0.0463559813797473,0.0848383828997612,-1.090636134147644,0.6845194101333618,0.2982397377490997,-0.0699388235807418,-0.6615095734596252,5,-0.7668364719816638,-0.5240102715374066,1.0,1.0,0,0,-0.0148658691316855,0.1580605257077516,-77,-29,thymio-01
182,1788307483.6557858,0.0463559813797473,-1.090636134147644,-1.2044052730372654,73.38961645148848,0.0463559813797473,0.0848383828997612,-1.090636134147644,0.6845194101333618,0.2982397377490997,-0.0699388235807418,-0.6615095734596252,5,-0.7668364719816638,-0.5240102715374066,1.0,1.0,0,0,-0.0148658691316855,0.0448574052717186,-60,-46,thymio-01
183,1788307484.2635689,0.0467748641967773,-1.0898959636688232,-1.1993727397829934,73.28961645148848,0.0467748641967773,0.0851195901632309,-1.0898959636688232,0.6815570592880249,0.293790191411972,-0.080635592341423,-0.6653308868408203,5,-0.7709807705560032,1.0,1.0,-0.445369209933212,0,0,-0.0140328651182433,0.1089807777365078,-66,-33,thymio-01
184,1788307484.872087,0.0336603745818138,-1.106699824333191,-1.2093788409580415,73.18961645148849,0.0336603745818138,0.0851902291178703,-1.106699824333191,0.677190363407135,0.2631693482398987,-0.1130414828658104,-0.6777733564376831,5,-0.7610704224658313,1.0,1.0,-0.298499797615007,0,0,-0.0160248450843678,0.5004001864274389,-133,19,thymio-01
185,1788307485.4806569,0.0336603745818138,-1.106699824333191,-1.2093788409580415,73.0896164514885,0.0336603745818138,0.0851902291178703,-1.106699824333191,0.677190363407135,0.2631693482398987,-0.1130414828658104,-0.6777733564376831,5,-0.7610704224658313,1.0,1.0,-0.298499797615007,0,0,-0.0160248450843678,0.599110752331191,-147,34,thymio-01
186,1788307486.0883856,0.0263436213135719,-1.1165167093276978,-1.2261869388502424,72.9896164514885,0.0263436213135719,0.0847836583852768,-1.1165167093276978,0.6702273488044739,0.2197478115558624,-0.1508230119943618,-0.6926460862159729,5,-0.7385227872320155,1.0,1.0,-0.2212104956363922,0,0,-0.0205569197663648,0.5891435784656225,-162,16,thymio-01
187,1788307486.69723,0.0038394925650209,-1.130566954612732,-1.1751204245337443,72.85599029028033,0.0038394925650209,0.0852958187460899,-1.130566954612732,0.5991241931915283,0.0204969979822635,-0.333985835313797,-0.7273812890052795,5,0.7956510075672543,1.0,1.0,-0.6755464589567513,0,0,-0.033215161749693,0.6240131880491758,-212,-24,thymio-01
188,1788307487.3051798,-0.027395486831665,-1.1273138523101809,-0.8571620124927093,72.67032578052009,-0.027395486831665,0.085887961089611,-1.1273138523101809,0.4587919414043426,-0.2119814157485962,-0.5024262070655823,-0.7015281319618225,5,-0.5975362265789601,1.0,1.0,0.0026055922274064,0,0,-0.048895218457629,0.2217455478594252,-207,-140,thymio-01
189,1788307487.9135263,-0.027395486831665,-1.1273138523101809,-0.8571620124927093,72.5703257805201,-0.027395486831665,0.085887961089611,-1.1273138523101809,0.4587919414043426,-0.2119814157485962,-0.5024262070655823,-0.7015281319618225,5,-0.5975362265789601,1.0,1.0,0.0026055922274064,0,0,0.1777387296103459,0.3990139221326639,500,500,thymio-01
190,1788307488.5213666,-0.0540019646286964,-1.107293725013733,-0.3928916026563218,72.40588363212626,-0.0540019646286964,0.0864382162690162,-1.107293725013733,0.360889732837677,-0.3310569524765014,-0.5798805952072144,-0.6510748267173767,5,-0.5296129238102634,1.0,1.0,0.0577366863661921,0,0,-0.05,0.475998798136884,-250,-106,thymio-01
191,1788307489.129886,-0.0653383433818817,-1.095707893371582,-0.2321810890984283,72.30588363212627,-0.0653383433818817,0.0864008292555809,-1.095707893371582,0.3299693167209625,-0.3635087311267853,-0.5965966582298279,-0.6348654627799988,5,-0.4690416520124228,1.0,1.0,0.1049367713040667,0,0,-0.05,0.4281670921497079,-242,-113,thymio-01
192,1788307489.737417,-0.0374547466635704,-1.1215112209320068,0.1537263362395755,72.20588363212627,-0.0374547466635704,0.0854163989424705,-1.1215112209320068,0.2535030543804168,-0.4436448812484741,-0.627498984336853,-0.5875035524368286,5,-0.2877056437651937,1.0,0.3761031956124414,1.0,0,0,-0.05,0.1833372835426845,-205,-150,thymio-01
193,1788307490.3453803,-0.0506032258272171,-1.079608678817749,0.4790283783796281,72.09752542599318,-0.0506032258272171,0.0860466435551643,-1.079608678817749,0.1701132953166961,-0.5189209580421448,-0.6554991006851196,-0.5216353535652161,5,-0.2254740778173141,1.0,0.2712373349378145,1.0,0,0,-0.05,0.6023706757780121,-269,-87,thymio-01
194,1788307490.9539704,-0.0538139082491397,-1.0172007083892822,0.7260073347991205,71.99752542599319,-0.0538139082491397,0.0872904285788536,-1.0172007083892822,0.0474537350237369,-0.6058372259140015,-0.6772863864898682,-0.4147200286388397,5,0.4180220767260887,1.0,-0.1508299872717328,1.0,0,0,0.193283890455112,-0.2210422094158506,500,500,thymio-01
195,1788307491.5617554,-0.0538139082491397,-1.0172007083892822,0.7260073347991205,71.8975254259932,-0.0538139082491397,0.0872904285788536,-1.0172007083892822,0.0474537350237369,-0.6058372259140015,-0.6772863864898682,-0.4147200286388397,5,0.4180220767260887,1.0,-0.1508299872717328,1.0,0,0,0.1989799709208458,0.1389765280690041,500,500,thymio-01
196,1788307492.169474,-0.0528192333877086,-1.0104494094848633,0.755168106497619,71.7975254259932,-0.0528192333877086,0.0871648788452148,-1.0104494094848633,-0.0010217734379693,-0.6290735006332397,-0.6777594089508057,-0.3806675672531128,5,0.4475582661373767,1.0,-0.1180982854570433,1.0,0,0,0.1988756890597009,0.126609227939319,500,500,thymio-01
197,1788307492.7772834,-0.1000386923551559,-1.1408168077468872,0.7424202660542178,71.42408868581444,-0.1000386923551559,0.0860003903508186,-1.1408168077468872,0.009640428237617,-0.6222087740898132,-0.6778976321220398,-0.391430914402008,5,0.613655562175818,1.0,0.1162562473505537,1.0,0,0,0.199381978706999,-0.0307477224587237,500,500,thymio-01
1,1788307373.7143636,3.3756940364837646,1.4489566087722778,-0.0505843737446762,100.0,3.3756940364837646,0.0869032889604568,1.4489566087722778,0.3828821778297424,0.789309024810791,0.4294013977050781,-0.2144926041364669,5,1.0,1.0,1.0,-0.3664742315251751,0,0,0.0,0.6196876082340267,-94,94,thymio-07
2,1788307374.3180928,3.0180294513702397,-0.1434485614299774,-2.0011541608391514,100.0,3.0180294513702397,0.0743898600339889,-0.1434485614299774,0.6010403633117676,0.4132614433765411,0.0416420884430408,-0.6828114986419678,5,1.0,-0.6969164230613166,-0.7097048719201742,1.0,0,0,-0.013496905189395,0.3369908693271787,-99,3,thymio-07
3,1788307374.9268355,3.0180294513702397,-0.1434485614299774,-2.0011541608391514,99.9,3.0180294513702397,0.0743898600339889,-0.1434485614299774,0.6010403633117676,0.4132614433765411,0.0416420884430408,-0.6828114986419678,5,1.0,-0.6969164230613166,-0.7097048719201742,1.0,0,0,-0.0766384781990604,0.6241539991673719,-367,-178,thymio-07
4,1788307375.534615,3.0107107162475586,-0.1503928452730178,-2.1572496554708964,99.8,3.0107107162475586,0.0741210058331489,-0.1503928452730178,0.5987582206726074,0.2631195187568664,-0.054884847253561,-0.7544828057289124,5,1.0,-0.7009231428324092,-0.7111568947448925,1.0,0,0,0.0260574641562766,0.625387489854709,-2,187,thymio-07
5,1788307376.142939,2.975489854812622,-0.1092840433120727,-2.1581401190368257,99.70000000000002,2.975489854812622,0.0758650973439216,-0.1092840433120727,0.5823864936828613,0.0922358557581901,-0.1992231011390686,-0.7827060222625732,5,1.0,-0.6963426661071503,-0.6822413068918063,1.0,0,0,0.0290351241124627,0.5933223917505827,14,193,thymio-07
6,1788307376.751579,2.9634716510772705,-0.1212397143244743,-2.103221506724537,99.60000000000002,2.9634716510772705,0.0755933374166488,-0.1212397143244743,0.4967633783817291,-0.1051172390580177,-0.3221096694469452,-0.7990130186080933,5,1.0,-0.7009977437858712,-0.6904733263302245,1.0,0,0,0.0280994534990398,0.1660973297224574,75,125,thymio-07
7,1788307377.359401,2.9634716510772705,-0.1212397143244743,-2.103221506724537,99.50000000000004,2.9634716510772705,0.0755933374166488,-0.1212397143244743,0.4967633783817291,-0.1051172390580177,-0.3221096694469452,-0.7990130186080933,5,1.0,-0.7009977437858712,-0.6904733263302245,1.0,0,0,0.0280994534990398,-0.2049238116244159,131,69,thymio-07
8,1788307377.9674325,2.945185899734497,-0.1386159509420395,-1.9432169752433688,99.40000000000003,2.945185899734497,0.0753175914287567,-0.1386159509420395,0.4283176064491272,-0.2598666250705719,-0.409596711397171,-0.7623935341835022,5,1.0,-0.7192508885455893,-0.7051264323418963,1.0,0,0,0.0244305714023365,-0.2813899913087178,129,44,thymio-07
9,1788307378.5760574,2.926718711853028,-0.1682900488376617,-2.0089574785224205,99.30000000000004,2.926718711853028,0.0747517421841621,-0.1682900488376617,0.4463635087013244,-0.2398485839366912,-0.3890480995178222,-0.7693334221839905,5,1.0,-0.7347748718489879,-0.7277916779511842,1.0,0,0,0.0213102507583534,-0.2816946836323494,118,33,thymio-07
10,1788307379.1847546,2.925158262252808,-0.1732832491397857,-2.0293640424530444,99.20000000000005,2.925158262252808,0.0744281783699989,-0.1732832491397857,0.4547921121120453,-0.2228271514177322,-0.3803814649581909,-0.7738359570503235,5,1.0,-0.7350425997339933,-0.7299929911203447,1.0,0,0,0.0212564374534673,-0.2863122420863928,119,32,thymio-07
11,1788307379.792991,2.922094821929932,-0.1928536891937255,-2.062868704101039,99.10000000000004,2.922094821929932,0.0736806914210319,-0.1928536891937255,0.4836405217647552,-0.148855835199356,-0.3539879322052002,-0.7865280508995056,5,1.0,-0.7329539322683105,-0.7226358484205223,1.0,0,0,0.0216762596140695,-0.276496042439264,119,35,thymio-07
12,1788307380.4009356,2.922094821929932,-0.1928536891937255,-2.062868704101039,99.00000000000006,2.922094821929932,0.0736806914210319,-0.1928536891937255,0.4836405217647552,-0.148855835199356,-0.3539879322052002,-0.7865280508995056,5,1.0,-0.7329539322683105,-0.7226358484205223,1.0,0,0,0.0216762596140695,-0.2661852159009508,117,37,thymio-07
13,1788307381.008877,2.92970609664917,-0.23359315097332,-2.1745688272072736,98.90000000000006,2.92970609664917,0.0736432150006294,-0.23359315097332,0.547845184803009,0.0174226276576519,-0.234214186668396,-0.802935779094696,5,1.0,-0.7563761479756884,-0.7369266091225182,1.0,0,0,0.0169683942568866,-0.2465703865228203,98,23,thymio-07
14,1788307381.6168036,2.9391424655914307,-0.252341091632843,-2.155118069140576,98.80000000000008,2.9391424655914307,0.0732340440154075,-0.252341091632843,0.5662621259689331,0.1031527891755104,-0.1926531493663787,-0.7947274446487427,5,1.0,-0.7437257976051455,-0.7577707968945405,1.0,0,0,0.0166880698241973,-0.2263057712551517,93,25,thymio-07
15,1788307382.2252448,2.9391424655914307,-0.252341091632843,-2.155118069140576,98.70000000000007,2.9391424655914307,0.0732340440154075,-0.252341091632843,0.5662621259689331,0.1031527891755104,-0.1926531493663787,-0.7947274446487427,5,1.0,-0.7437257976051455,-0.7577707968945405,1.0,0,0,0.0166880698241973,-0.2137346029888147,92,27,thymio-07
16,1788307382.833392,2.948545455932617,-0.264228880405426,-2.14249803777801,98.60000000000008,2.948545455932617,0.0731997787952423,-0.264228880405426,0.5762496590614319,0.1681462079286575,-0.1525753289461136,-0.7851013541221619,5,1.0,-0.7211243675390461,-0.7520740750125343,1.0,0,0,0.0178331109224806,-0.198727744218006,93,33,thymio-07
17,1788307383.442101,2.966882944107056,-0.2800102829933166,-2.1302519356349734,98.50000000000009,2.966882944107056,0.0729016438126564,-0.2800102829933166,0.5915485620498657,0.2590277194976806,-0.0782970264554023,-0.7595028877258301,5,1.0,-0.6808400681434187,-0.7655929222914051,1.0,0,0,0.0151158226194275,-0.1514740216075619,77,31,thymio-07
18,1788307384.0524938,2.9740796089172363,-0.2847488224506378,-2.1276252808530285,98.40000000000008,2.9740796089172363,0.0728493705391883,-0.2847488224506378,0.5943381190299988,0.2852625250816345,-0.0521280951797962,-0.7501134872436523,5,1.0,-0.6650478091823984,-0.7730446455253739,1.0,0,0,0.0136180262493998,-0.1209164103009561,67,30,thymio-07
19,1788307384.6606095,2.9740796089172363,-0.2847488224506378,-2.1276252808530285,98.3000000000001,2.9740796089172363,0.0728493705391883,-0.2847488224506378,0.5943381190299988,0.2852625250816345,-0.0521280951797962,-0.7501134872436523,5,1.0,-0.6650478091823984,-0.7730446455253739,1.0,0,0,0.0136180262493998,-0.1034284206347002,64,33,thymio-07
20,1788307385.2684994,2.993068218231201,-0.2950966656208038,-2.118370726961977,98.2000000000001,2.993068218231201,0.0728324875235557,-0.2950966656208038,0.5972393155097961,0.3404588401317596,0.0085677457973361,-0.7261677980422974,5,1.0,-0.6323683709322161,-0.7812364461359165,1.0,0,0,0.0119714743266807,-0.0953992460036113,57,28,thymio-07
21,1788307385.8769662,3.0093700885772705,-0.3016933798789978,-2.058442539512538,98.10000000000012,3.0093700885772705,0.0725865364074707,-0.3016933798789978,0.5977466702461243,0.3829343318939209,0.0289531797170639,-0.7037200927734375,5,1.0,-0.6073167282171259,-0.7807526054859446,1.0,0,0,0.0120687262973251,-0.0840353907504525,56,30,thymio-07
22,1788307386.4859705,3.019017219543457,-0.3058748543262481,-2.054683767822608,98.00000000000011,3.019017219543457,0.0727868005633354,-0.3058748543262481,0.5973004698753357,0.4006729125976562,0.0558233149349689,-0.6925150752067566,5,1.0,-0.6353494719315991,-0.7778811716394859,1.0,0,0,0.0126458845004633,-0.0627141249758599,54,35,thymio-07
23,1788307387.0943632,3.019017219543457,-0.3058748543262481,-2.054683767822608,97.90000000000012,3.019017219543457,0.0727868005633354,-0.3058748543262481,0.5973004698753357,0.4006729125976562,0.0558233149349689,-0.6925150752067566,5,1.0,-0.6353494719315991,-0.7778811716394859,1.0,0,0,0.0126458845004633,-0.0578677612668346,54,36,thymio-07
24,1788307387.70316,3.0282464027404785,-0.3089094758033752,-2.0120047616497394,97.80000000000013,3.0282464027404785,0.0726807489991188,-0.3089094758033752,0.5970122218132019,0.4174440801143646,0.0549249984323978,-0.6828617453575134,5,1.0,-0.6222463333880082,-0.7729973138646156,1.0,0,0,0.0136275399132122,-0.0525255667414505,56,40,thymio-07
25,1788307388.3117597,3.044849157333374,-0.3144907355308532,-1.9896370479580017,97.70000000000012,3.044849157333374,0.0724204033613205,-0.3144907355308532,0.5943564772605896,0.4356761574745178,0.0729953199625015,-0.6720107197761536,5,1.0,-0.5831201230767986,-0.7617308822957708,1.0,0,0,0.01589209265855,-0.0376325243620461,62,51,thymio-07
26,1788307388.9210837,3.0547752380371094,-0.3175260424613952,-1.9784077873775845,97.60000000000014,3.0547752380371094,0.0725316479802131,-0.3175260424613952,0.5942155718803406,0.4419967234134674,0.0780869275331497,-0.6674199104309082,5,1.0,-0.5478848717846958,-0.7545303192712374,1.0,0,0,0.0173394058264812,-0.0304453615203088,66,57,thymio-07
27,1788307389.5289128,3.0547752380371094,-0.3175260424613952,-1.9784077873775845,97.50000000000014,3.0547752380371094,0.0725316479802131,-0.3175260424613952,0.5942155718803406,0.4419967234134674,0.0780869275331497,-0.6674199104309082,5,1.0,-0.5478848717846958,-0.7545303192712374,1.0,0,0,0.0173394058264812,-0.0268284576742329,66,58,thymio-07
28,1788307390.137422,3.0722012519836426,-0.3219529986381531,-1.9366086671469296,97.40000000000016,3.0722012519836426,0.0724703148007392,-0.3219529986381531,0.5925341844558716,0.4575445055961609,0.0793707147240638,-0.6582222580909729,5,1.0,-0.5198133822071662,-0.7376749723954784,1.0,0,0,0.0207273305485088,-0.0255468995748145,78,70,thymio-07
29,1788307390.746661,3.0943777561187744,-0.3262334167957306,-1.9441887329485112,97.30000000000015,3.0943777561187744,0.0722958743572235,-0.3262334167957306,0.5893085598945618,0.4661919772624969,0.1060740128159523,-0.6512517333030701,5,1.0,-0.4843743227927702,-0.7086665545740294,1.0,0,0,0.0265580225306201,-0.0105246438860221,96,93,thymio-07
30,1788307391.3550582,3.1088733673095703,-0.328807383775711,-1.9365442859372275,97.20000000000016,3.1088733673095703,0.0722519755363464,-0.328807383775711,0.5887829661369324,0.4702195525169372,0.1103902980685234,-0.6481067538261414,5,1.0,-0.4620210491326837,-0.6879442536791489,1.0,0,0,0.030723205010491,0.0026695481062675,109,110,thymio-07
31,1788307391.96281,3.1088733673095703,-0.328807383775711,-1.9365442859372275,97.10000000000016,3.1088733673095703,0.0722519755363464,-0.328807383775711,0.5887829661369324,0.4702195525169372,0.1103902980685234,-0.6481067538261414,5,1.0,-0.4620210491326837,-0.6879442536791489,1.0,0,0,0.030723205010491,0.0136337472380951,107,111,thymio-07
32,1788307392.5710118,3.130647897720337,-0.3340693116188049,-1.9208521947000732,97.00000000000016,3.130647897720337,0.0721847862005233,-0.3340693116188049,0.5857085585594177,0.4753746092319488,0.1077774465084075,-0.6475712060928345,5,1.0,-0.4277559806667637,-0.653408700333336,1.0,0,0,-0.1434383321470223,0.0115360221814276,-500,-500,thymio-07
33,1788307393.1789715,3.161924123764038,-0.3421598970890045,-1.9344061919075988,96.90000000000018,3.161924123764038,0.0719853863120079,-0.3421598970890045,0.5865780115127563,0.4688465595245361,0.1017224118113517,-0.6525042653083801,5,1.0,-0.3805467841079578,-0.6070816686350607,1.0,0,0,-0.1769450701184634,0.0097682202914357,-500,-500,thymio-07
34,1788307393.7869935,3.1279489994049072,-0.3330265879631042,-1.9498117797439052,96.80000000000018,3.1279489994049072,0.0721349343657493,-0.3330265879631042,0.5878186821937561,0.4653814435005188,0.1070226803421974,-0.6530203819274902,5,1.0,-0.3860617826872693,-0.6085368569842491,1.0,0,0,-0.1743937584328628,0.0028680278291659,-500,-500,thymio-07
35,1788307394.3949218,3.1279489994049072,-0.3330265879631042,-1.9498117797439052,96.7000000000002,3.1279489994049072,0.0721349343657493,-0.3330265879631042,0.5878186821937561,0.4653814435005188,0.1070226803421974,-0.6530203819274902,5,1.0,-0.3860617826872693,-0.6085368569842491,1.0,0,0,-0.1678885756227705,-0.022714580754851,-500,-500,thymio-07
36,1788307394.9977632,10000.0,10000.0,0.0,96.7000000000002,3.1279489994049072,0.0721349343657493,-0.3330265879631042,0.5878186821937561,0.4653814435005188,0.1070226803421974,-0.6530203819274902,5,1.0,1.0,-1.0,1.0,0,0,-0.03,-0.1044526905630751,-91,-122,thymio-07
37,1788307395.6007776,10000.0,10000.0,0.0,96.7000000000002,3.1279489994049072,0.0721349343657493,-0.3330265879631042,0.5878186821937561,0.4653814435005188,0.1070226803421974,-0.6530203819274902,5,1.0,1.0,-1.0,1.0,0,0,-0.03,-0.1674479341293438,-81,-132,thymio-07
38,1788307396.2045877,2.997530221939087,-0.2999215126037597,-1.9615354569546957,96.7000000000002,2.997530221939087,0.0726047456264495,-0.2999215126037597,0.5895214676856995,0.4581548571586609,0.0992860421538353,-0.657800018787384,5,1.0,-0.4903870038743833,-0.628549011543289,1.0,0,0,-0.163660666275303,-0.1759074230881927,-500,-500,thymio-07
39,1788307396.8082466,2.776310920715332,-0.2425653487443924,-1.810374256988153,96.7000000000002,2.776310920715332,0.0745589286088943,-0.2425653487443924,0.5785869359970093,0.5181838274002075,0.1514187604188919,-0.6113879084587097,5,1.0,-0.7104150768022279,-0.7204358107589686,1.0,0,0,-0.0955286417302695,-0.1680591478756513,-314,-365,thymio-07
40,1788307397.4160535,2.776310920715332,-0.2425653487443924,-1.810374256988153,96.6000000000002,2.776310920715332,0.0745589286088943,-0.2425653487443924,0.5785869359970093,0.5181838274002075,0.1514187604188919,-0.6113879084587097,5,1.0,-0.7104150768022279,-0.7204358107589686,1.0,0,4392,0.08,-0.1961579014579151,314,255,thymio-07
41,1788307398.0189242,10000.0,10000.0,0.0,96.6000000000002,2.776310920715332,0.0745589286088943,-0.2425653487443924,0.5785869359970093,0.5181838274002075,0.1514187604188919,-0.6113879084587097,5,1.0,1.0,-1.0,1.0,0,0,-0.03,-0.1500543430044851,-84,-129,thymio-07
42,1788307398.622474,2.694418430328369,-0.2310577481985092,-1.7742336689189255,96.6000000000002,2.694418430328369,0.0758131816983223,-0.2310577481985092,0.5758278369903564,0.5303472280502319,0.1747593581676483,-0.5971711277961731,5,1.0,1.0,-0.8382013117296849,-0.6289788987787224,0,0,-0.0019363765341389,-0.0225315579477101,-3,-10,thymio-07
43,1788307399.230302,2.694418430328369,-0.2310577481985092,-1.7742336689189255,96.5000000000002,2.694418430328369,0.0758131816983223,-0.2310577481985092,0.5758278369903564,0.5303472280502319,0.1747593581676483,-0.5971711277961731,5,1.0,1.0,-0.8382013117296849,-0.6289788987787224,0,0,-0.0018030864708697,0.0902575446725122,-20,7,thymio-07
44,1788307399.8330772,10000.0,10000.0,0.0,96.5000000000002,2.694418430328369,0.0758131816983223,-0.2310577481985092,0.5758278369903564,0.5303472280502319,0.1747593581676483,-0.5971711277961731,5,1.0,1.0,-1.0,1.0,0,0,-0.03,0.1431779059924456,-128,-85,thymio-07
45,1788307400.4368646,10000.0,10000.0,0.0,96.5000000000002,2.694418430328369,0.0758131816983223,-0.2310577481985092,0.5758278369903564,0.5303472280502319,0.1747593581676483,-0.5971711277961731,5,1.0,1.0,-1.0,1.0,0,0,-0.03,0.398915480999592,-167,-46,thymio-07
46,1788307401.040569,10000.0,10000.0,0.0,96.5000000000002,2.694418430328369,0.0758131816983223,-0.2310577481985092,0.5758278369903564,0.5303472280502319,0.1747593581676483,-0.5971711277961731,5,1.0,1.0,-1.0,1.0,0,2588,0.08,0.2774504479149109,242,326,thymio-07
47,1788307401.6437364,10000.0,10000.0,0.0,96.5000000000002,2.694418430328369,0.0758131816983223,-0.2310577481985092,0.5758278369903564,0.5303472280502319,0.1747593581676483,-0.5971711277961731,5,1.0,1.0,-1.0,1.0,0,0,-0.03,0.2390964004502564,-143,-70,thymio-07
48,1788307402.2465787,2.7201690673828125,-0.2273031771183014,-1.3763590406514368,96.5000000000002,2.7201690673828125,0.0758976638317108,-0.2273031771183014,0.5515401363372803,0.6065921187400818,0.2297982722520828,-0.5244447588920593,5,1.0,-0.7540078061185564,-0.7434341676769571,-0.5572960089620754,0,0,-0.0675963955615059,0.1773513749998348,-267,-213,thymio-07
49,1788307402.8552084,2.716094732284546,-0.2523024082183838,-2.0004793189408123,96.4000000000002,2.716094732284546,0.0755354017019271,-0.2523024082183838,0.5934006571769714,0.437927782535553,0.0858460366725921,-0.6698697805404663,5,-0.6794291787919853,1.0,-0.7693530558318876,-0.5460805499183825,0,0,-0.0533907455897918,0.0209207516049058,-193,-187,thymio-07
50,1788307403.463124,2.669308662414551,-0.2338085621595382,-2.0067661612611998,96.2233968821115,2.669308662414551,0.0762919187545776,-0.2338085621595382,0.5894575119018555,0.4296512305736542,0.0693108364939689,-0.6805407404899597,5,-0.6434376993048609,1.0,-0.8391415103329328,-0.454150983788789,0,0,-0.0012364408478031,0.1251538708768713,-23,15,thymio-07
51,1788307404.0714278,2.633246660232544,-0.2219517827033996,-2.004744154277541,96.07864521872156,2.633246660232544,0.0768538191914558,-0.2219517827033996,0.5881833434104919,0.4256517291069031,0.0586343929171562,-0.6851444840431213,5,-0.6508540307387589,1.0,-0.8117603260221529,-0.3975299673986755,0,0,-0.0058361744695472,0.1510176646583926,-44,2,thymio-07
52,1788307404.679365,2.633246660232544,-0.2219517827033996,-2.004744154277541,95.97864521872155,2.633246660232544,0.0768538191914558,-0.2219517827033996,0.5881833434104919,0.4256517291069031,0.0586343929171562,-0.6851444840431213,5,-0.6508540307387589,1.0,-0.8117603260221529,-0.3975299673986755,0,0,-0.0058361744695472,0.1808940766062902,-48,7,thymio-07
53,1788307405.287603,2.6276192665100098,-0.221956729888916,-2.0438590282150866,95.87864521872156,2.6276192665100098,0.0768285691738128,-0.221956729888916,0.5908499360084534,0.3933248221874237,0.0310950148850679,-0.7037222385406494,5,-0.6566297172376885,1.0,-0.8130340405826917,-0.3545134294344254,0,0,-0.0055801578428789,0.187031515293572,-48,8,thymio-07
54,1788307405.8969526,2.619737148284912,-0.2207472324371338,-2.074958322392672,95.77864521872156,2.619737148284912,0.0766205266118049,-0.2207472324371338,0.5914734601974487,0.3472601771354675,-0.014479449018836,-0.7275711894035339,5,-0.6422466456193383,1.0,-0.8131455637052728,-0.2860703674346783,0,0,-0.0055577416952401,0.1707836364276196,-46,6,thymio-07
55,1788307406.5048218,2.6118555068969727,-0.2208274900913238,-2.09271506796878,95.67864521872156,2.6118555068969727,0.0772747248411178,-0.2208274900913238,0.5795348882675171,0.2821823060512543,-0.0820607617497444,-0.7601175308227539,5,-0.627298503623057,1.0,-0.8130021474099682,-0.2327100437591115,0,0,-0.0055865683705963,0.1502625565842373,-43,3,thymio-07
56,1788307407.112465,2.6066458225250244,-0.219231441617012,-2.109657587204468,95.57864521872158,2.6066458225250244,0.0774641260504722,-0.219231441617012,0.5732698440551758,0.2374853193759918,-0.1153634786605835,-0.775663435459137,5,-0.6177505365562588,1.0,-0.8113234780839527,-0.2022937200708553,0,0,-0.0059239809051254,0.1431980665004409,-43,1,thymio-07
57,1788307407.7210388,2.6066458225250244,-0.219231441617012,-2.109657587204468,95.47864521872158,2.6066458225250244,0.0774641260504722,-0.219231441617012,0.5732698440551758,0.2374853193759918,-0.1153634786605835,-0.775663435459137,5,-0.6177505365562588,1.0,-0.8113234780839527,-0.2022937200708553,0,0,-0.0059239809051254,0.1427635562088606,-43,1,thymio-07
58,1788307408.3292563,2.600081205368042,-0.2158194035291671,-2.1462369128133614,95.3786452187216,2.600081205368042,0.0773800909519195,-0.2158194035291671,0.5736886262893677,0.1802352666854858,-0.1409309804439544,-0.7864701151847839,5,-0.7148307479054321,1.0,-0.8075834981255312,-0.1591451979051639,0,0,-0.0066757168767682,0.1435436975949833,-45,-2,thymio-07
59,1788307408.9376855,2.59574294090271,-0.2117419242858886,-2.1457275648941274,95.2786452187216,2.59574294090271,0.0770975649356842,-0.2117419242858886,0.5605244636535645,0.136860117316246,-0.1745954602956771,-0.7978710532188416,5,-0.715266487619506,1.0,-0.8028720014814206,-0.1245783828091119,0,0,-0.0076227277022344,0.0050994833090561,-28,-26,thymio-07
60,1788307409.5456083,2.590107679367065,-0.2066111415624618,-2.149410028049793,95.1786452187216,2.590107679367065,0.0771757960319519,-0.2066111415624618,0.5527105331420898,0.0828901678323745,-0.2088044732809066,-0.8025216460227966,5,-0.7176561069831158,1.0,-0.7959072034589025,-0.0691502909960517,0,0,-0.0090226521047605,0.0441096174688004,-39,-25,thymio-07
61,1788307410.1540911,2.590107679367065,-0.2066111415624618,-2.149410028049793,95.0786452187216,2.590107679367065,0.0771757960319519,-0.2066111415624618,0.5527105331420898,0.0828901678323745,-0.2088044732809066,-0.8025216460227966,5,-0.7176561069831158,1.0,-0.7959072034589025,-0.0691502909960517,0,0,-0.0090226521047605,0.0611982547662029,-41,-23,thymio-07
62,1788307410.7623167,2.5881218910217285,-0.2013951390981674,-2.1562743419247425,94.9786452187216,2.5881218910217285,0.0776268914341926,-0.2013951390981674,0.5485228300094604,0.0674884617328643,-0.2142985016107559,-0.8053845167160034,5,-0.7177512130635455,1.0,-0.78843425047274,-0.0313289915345847,0,0,-0.0105247156549792,0.0541202087731871,-46,-29,thymio-07
63,1788307411.3710203,2.584247589111328,-0.1887984871864318,-2.1390780372377183,94.87864521872162,2.584247589111328,0.0770626440644264,-0.1887984871864318,0.541495680809021,0.0502987951040267,-0.2339598983526229,-0.8059251308441162,5,-0.7150993183079357,1.0,-0.7724225196631712,0.0354698809157676,0,0,-0.0137430735477025,0.0534930474852364,-57,-41,thymio-07
64,1788307411.9805267,2.5828816890716557,-0.1861025840044021,-2.154283848894086,94.77864521872162,2.5828816890716557,0.0775845646858215,-0.1861025840044021,0.546881914138794,0.0500036738812923,-0.2260729074478149,-0.8045564293861389,5,-0.7159249363294717,1.0,-0.7683382371722751,0.0551840472105129,0,0,-0.0145640143283726,0.0607712923604648,-61,-43,thymio-07
65,1788307412.588705,2.5779905319213867,-0.1648756116628646,-2.149144644653494,94.67864521872164,2.5779905319213867,0.0774476081132888,-0.1648756116628646,0.5437098741531372,0.0364878177642822,-0.2367249578237533,-0.8043690919876099,5,-0.7192087723697246,1.0,-0.7400105488042785,1.0,0,0,-0.02025787969034,0.0740529473563523,-83,-61,thymio-07
66,1788307413.1970344,2.574841022491455,-0.1509250849485397,-2.1370589536991327,94.57864521872165,2.574841022491455,0.0774778425693512,-0.1509250849485397,0.5401014089584351,0.0271180663257837,-0.2484946846961975,-0.8036202788352966,5,-0.7216401327274098,1.0,-0.7211646601198233,1.0,0,0,-0.0239503333217906,0.0928960344154831,-99,-71,thymio-07
67,1788307413.8048773,2.574841022491455,-0.1509250849485397,-2.1370589536991327,94.47864521872164,2.574841022491455,0.0774778425693512,-0.1509250849485397,0.5401014089584351,0.0271180663257837,-0.2484946846961975,-0.8036202788352966,5,-0.7216401327274098,1.0,-0.7211646601198233,1.0,0,0,-0.0239503333217906,0.0816993786586013,-97,-73,thymio-07
68,1788307414.41312,2.573103904724121,-0.1426348537206649,-2.127051481550131,94.37864521872164,2.573103904724121,0.0774358734488487,-0.1426348537206649,0.5348854064941406,0.0206033680588006,-0.256984531879425,-0.8046317100524902,5,-0.7234270356809631,1.0,-0.7117093133416035,1.0,0,0,-0.0235911658281264,0.096685451963165,-98,-69,thymio-07
69,1788307415.0211165,2.5685014724731445,-0.1149911060929298,-2.135973271526803,94.27864521872164,2.5685014724731445,0.0780082270503044,-0.1149911060929298,0.528583288192749,-0.0044834055006504,-0.264776200056076,-0.8065192699432373,5,-0.7238645900669476,1.0,-0.7541859229365214,1.0,0,0,-0.0174086294897591,0.1088683111412278,-78,-45,thymio-07
70,1788307415.6305673,2.566068410873413,-0.0853859111666679,-2.1306049133886846,94.17864521872166,2.566068410873413,0.0785599127411842,-0.0853859111666679,0.5182798504829407,-0.0361789651215076,-0.2820170521736145,-0.8065627217292786,5,-0.7186751439994765,1.0,-0.7718461703625388,1.0,0,0,-0.0138589197571296,-0.0242673949382273,-46,-53,thymio-07
71,1788307416.2389066,2.566068410873413,-0.0853859111666679,-2.1306049133886846,94.07864521872166,2.566068410873413,0.0785599127411842,-0.0853859111666679,0.5182798504829407,-0.0361789651215076,-0.2820170521736145,-0.8065627217292786,5,-0.7186751439994765,1.0,-0.7718461703625388,1.0,0,0,-0.0138589197571296,-0.0556629649555892,-41,-58,thymio-07
72,1788307416.84789,2.565931558609009,-0.0823482498526573,-2.13967236596793,93.97864521872168,2.565931558609009,0.0786645859479904,-0.0823482498526573,0.5197423100471497,-0.0428329817950725,-0.2808868587017059,-0.8056896328926086,5,-0.7146589518271567,1.0,-0.7706987111366246,1.0,0,0,-0.0140895590615384,-0.0136693398333721,-48,-52,thymio-07
73,1788307417.4565835,2.566707134246826,-0.0562997758388519,-2.1404250383109606,93.87864521872169,2.566707134246826,0.0789927616715431,-0.0562997758388519,0.5225064158439636,-0.0356209129095077,-0.277454137802124,-0.8054423928260803,5,-0.6882017145008154,1.0,-0.736348158996839,1.0,0,0,-0.0209940200416353,-0.0194203234870925,-72,-78,thymio-07
74,1788307418.0663407,2.566959857940674,-0.0421071574091911,-2.1291006964724786,93.77864521872168,2.566959857940674,0.0790560841560363,-0.0421071574091911,0.5225046873092651,-0.0250060874968767,-0.2780616283416748,-0.805633544921875,5,-0.6758403943016511,1.0,-0.7310417272898376,1.0,0,0,-0.0220606128147426,0.011576589550403,-80,-77,thymio-07
75,1788307418.6750486,2.5664823055267334,-0.0253615211695432,-2.135834989717627,93.67864521872168,2.5664823055267334,0.0793082043528556,-0.0253615211695432,0.5248855948448181,-0.0170120745897293,-0.2707899212837219,-0.8067705631256104,5,-0.6630072850586681,1.0,-0.7240273598901485,1.0,0,0,-0.0234705006620801,-0.0158373324675312,-81,-86,thymio-07
76,1788307419.283376,2.5651509761810303,-0.0078497249633073,-2.132877954974834,93.57864521872168,2.5651509761810303,0.0801917314529419,-0.0078497249633073,0.5373706817626953,-0.007495105266571,-0.2697427570819855,-0.7990090847015381,5,-0.6496215463736679,1.0,-0.712057822957356,1.0,0,0,-0.0258763775855714,-0.0234495107106065,-88,-95,thymio-07
77,1788307419.8915365,2.5651509761810303,-0.0078497249633073,-2.132877954974834,93.4786452187217,2.5651509761810303,0.0801917314529419,-0.0078497249633073,0.5373706817626953,-0.007495105266571,-0.2697427570819855,-0.7990090847015381,5,-0.6496215463736679,1.0,-0.712057822957356,1.0,0,0,-0.0258763775855714,-0.0300307178772597,-87,-96,thymio-07
78,1788307420.500554,2.564789295196533,0.0094507904723286,-2.1237497457503998,93.3786452187217,2.564789295196533,0.0797388553619384,0.0094507904723286,0.5198282599449158,0.0019348261412233,-0.2664771974086761,-0.8116433024406433,5,-0.6396993629272238,1.0,-0.6981967825977302,1.0,0,0,-0.0286624466978562,-0.0320066749498947,-97,-107,thymio-07
79,1788307421.1083412,2.56308650970459,0.0457592085003852,-2.131883461639541,93.2786452187217,2.56308650970459,0.0799597650766372,0.0457592085003852,0.5316680073738098,0.0321101695299148,-0.2473670095205307,-0.80938720703125,5,-0.6105604656939487,1.0,-0.6692187165764543,1.0,0,0,-0.0344870379681327,-0.0339835066002856,-117,-128,thymio-07
80,1788307421.716588,2.56065034866333,0.0644638165831565,-2.147805135395892,93.17864521872173,2.56065034866333,0.0802752450108528,0.0644638165831565,0.5403832197189331,0.0345923043787479,-0.2381657361984253,-0.8062669634819031,5,-0.5971209516480026,1.0,-0.6527506706887869,1.0,0,0,-0.0377971151915538,-0.043354036023283,-128,-141,thymio-07
81,1788307422.3249743,2.5556347370147705,0.093586765229702,-2.1481084066468425,93.07864521872172,2.5556347370147705,0.0806298032402992,0.093586765229702,0.5453184843063354,0.0520257204771041,-0.2282020300626754,-0.8048881888389587,5,-0.5730359935488456,1.0,-0.6282264025891353,1.0,0,0,-0.0427264930795837,-0.0491144701848089,-144,-159,thymio-07
82,1788307422.9330122,2.545998334884644,0.1371734738349914,-2.146675117244777,92.97864521872172,2.545998334884644,0.0812948793172836,0.1371734738349914,0.5552855730056763,0.077737957239151,-0.2138899564743042,-0.7999162077903748,5,-0.5512297855502142,1.0,-0.5891313586671045,1.0,0,0,-0.05,-0.0496117331648691,-170,-185,thymio-07
83,1788307423.540904,2.5362555980682373,0.1733916997909546,-2.1558201595555464,92.87864521872172,2.5362555980682373,0.0813992097973823,0.1733916997909546,0.5582659244537354,0.097458615899086,-0.1957835555076599,-0.8003185391426086,5,-0.5276167457645529,1.0,-0.5517794721840233,1.0,0,0,-0.05,-0.0345508795229245,-172,-183,thymio-07
84,1788307424.1486485,2.5362555980682373,0.1733916997909546,-2.1558201595555464,92.77864521872172,2.5362555980682373,0.0813992097973823,0.1733916997909546,0.5582659244537354,0.097458615899086,-0.1957835555076599,-0.8003185391426086,5,-0.5276167457645529,1.0,-0.5517794721840233,1.0,0,0,-0.05,-0.0260251899516426,-174,-182,thymio-07
85,1788307424.7568345,2.5239503383636475,0.2099500447511673,-2.148802036888804,92.67864521872174,2.5239503383636475,0.0815280526876449,0.2099500447511673,0.5665562748908997,0.1128843277692794,-0.1896871477365493,-0.7939079999923706,5,-0.5076944706974014,1.0,-0.5155528508684327,1.0,0,0,-0.05,-0.0220502510624929,-174,-181,thymio-07
86,1788307425.365599,2.5038046836853027,0.2617384791374206,-2.1492799061753027,92.52730154225809,2.5038046836853027,0.082259863615036,0.2617384791374206,0.5716352462768555,0.1300045549869537,-0.1772974133491516,-0.7905046939849854,5,-0.4592687027877723,1.0,-0.4518255186341802,1.0,0,0,-0.05,-0.0043714537831256,-177,-178,thymio-07
87,1788307425.9736638,2.488921880722046,0.2961359322071075,-2.147177618061641,92.41922808699478,2.488921880722046,0.0824370682239532,0.2961359322071075,0.5707607269287109,0.1399718970060348,-0.171300783753395,-0.7907567024230957,5,-0.4240543797769474,1.0,-0.4045139136290163,1.0,0,0,-0.1941964223668004,0.0011994934672653,-500,-500,thymio-07
88,1788307426.5822134,2.488921880722046,0.2961359322071075,-2.147177618061641,92.31922808699478,2.488921880722046,0.0824370682239532,0.2961359322071075,0.5707607269287109,0.1399718970060348,-0.171300783753395,-0.7907567024230957,5,-0.4240543797769474,1.0,-0.4045139136290163,1.0,0,0,-0.194133840566293,0.0120558348474041,-500,-500,thymio-07
89,1788307427.1898334,2.4678285121917725,0.3411484062671661,-2.1493934917488584,92.16919701736532,2.4678285121917725,0.0832740440964698,0.3411484062671661,0.5720524787902832,0.1377383023500442,-0.1715826243162155,-0.7901541590690613,5,-0.3741856959350613,1.0,-0.342332849461229,1.0,0,0,-0.1939006689683698,0.0134892708111388,-500,-500,thymio-07
90,1788307427.797607,2.403446674346924,0.4799667298793793,-2.149298315949673,91.6937426693733,2.403446674346924,0.0845974907279014,0.4799667298793793,0.573454737663269,0.1352786123752594,-0.1734291166067123,-0.7891589403152466,5,-0.2180638650070069,1.0,1.0,1.0,0,0,-0.0321826861899992,0.0251974514068424,-118,-111,thymio-07
91,1788307428.4058812,2.366238594055176,0.5612863898277283,-2.150367421466345,91.420090732025,2.366238594055176,0.0854242071509361,0.5612863898277283,0.5738275051116943,0.1373937278985977,-0.1712217628955841,-0.7890045642852783,5,-0.1279115418747319,1.0,1.0,1.0,0,0,-0.1059986172566469,0.5600020171464948,-461,-292,thymio-07
92,1788307429.0137415,2.3534929752349854,0.5879771709442139,-2.14201256637306,91.320090732025,2.3534929752349854,0.0860283076763153,0.5879771709442139,0.5728199481964111,0.1394813805818557,-0.1747494488954544,-0.7885967493057251,5,-0.0980540204295531,1.0,-0.0291732227364035,1.0,0,0,-0.1873357079304909,0.6260776223318799,-500,-500,thymio-07
93,1788307429.6221745,2.317112445831299,0.7005889415740967,-2.1486272581738914,91.0216843182902,2.317112445831299,0.0872756317257881,0.7005889415740967,0.5476564168930054,0.0397190935909748,-0.2355974614620208,-0.8018657565116882,5,0.0224094693758354,1.0,0.0914559607310292,1.0,0,0,-0.197364857870588,0.628269788113127,-500,-500,thymio-07
94,1788307430.230964,2.2993781566619877,0.7920433878898621,-2.1443989067095446,90.8513222432913,2.2993781566619877,0.0877861604094505,0.7920433878898621,0.5423897504806519,0.0417547971010208,-0.2361262291669845,-0.8051796555519104,5,0.1174403138551256,1.0,0.1805929166065076,1.0,0,0,-0.1946795765388974,0.628274524165744,-500,-500,thymio-07
95,1788307430.83961,2.2993781566619877,0.7920433878898621,-2.1443989067095446,90.75132224329133,2.2993781566619877,0.0877861604094505,0.7920433878898621,0.5423897504806519,0.0417547971010208,-0.2361262291669845,-0.8051796555519104,5,0.1174403138551256,1.0,0.1805929166065076,1.0,0,0,-0.1908901928115366,0.6281427482768205,-500,-500,thymio-07
96,1788307431.448542,2.281982183456421,0.8828598260879517,-2.145781694631636,90.57344271403744,2.281982183456421,0.0885461121797561,0.8828598260879517,0.5431854724884033,0.036096915602684,-0.2387877106666565,-0.804131269454956,5,0.2125271433864488,1.0,0.2542927511098074,1.0,0,0,-0.189883000672983,0.6281558342720305,-500,-500,thymio-07
97,1788307432.0562637,2.25970196723938,1.0185378789901731,-2.1299560327683813,90.33875473730818,2.25970196723938,0.0891863107681274,1.0185378789901731,0.536537230014801,0.0257155857980251,-0.2527399361133575,-0.8047292232513428,5,0.3549891392867523,1.0,0.3413716589241453,1.0,0,0,-0.1448598957885495,0.6281740342676764,-500,-420,thymio-07
98,1788307432.6646583,2.25970196723938,1.0185378789901731,-2.1299560327683813,90.23875473730818,2.25970196723938,0.0891863107681274,1.0185378789901731,0.536537230014801,0.0257155857980251,-0.2527399361133575,-0.8047292232513428,5,0.3549891392867523,1.0,0.3413716589241453,1.0,0,0,-0.1436295772106234,0.6281106535990816,-500,-415,thymio-07
99,1788307433.2729492,2.2522592544555664,1.071698546409607,-2.129349842752116,90.1387547373082,2.2522592544555664,0.0896552577614784,1.071698546409607,0.5328729152679443,0.0261916276067495,-0.2522782981395721,-0.8072894811630249,5,0.411547203562052,1.0,0.3714758522190504,1.0,0,0,-0.1234994966993219,0.6281158571497426,-500,-344,thymio-07
100,1788307433.881901,2.236194610595703,1.2394859790802002,-2.112558174212606,89.89136917607088,2.236194610595703,0.0909369811415672,1.2394859790802002,0.5158640742301941,-0.0380672998726367,-0.2919162809848785,-0.8044998645782471,5,0.7905994694693537,1.0,0.4636250320975035,1.0,0,0,-0.0600212778609471,0.6281001844440564,-308,-118,thymio-07
101,1788307434.4901206,2.239727020263672,1.3199779987335205,-2.0411638013065705,89.79136917607089,2.239727020263672,0.0915464460849762,1.3199779987335205,0.4696783125400543,-0.1185226961970329,-0.3487006425857544,-0.8023481965065002,5,0.847484904126637,1.0,0.5004266285305599,1.0,0,0,-0.0304700641918161,0.6282208988650612,-203,-13,thymio-07
102,1788307435.0983758,2.2464230060577397,1.3536831140518188,-1.932658050016192,89.69136917607089,2.2464230060577397,0.0915646255016326,1.3536831140518188,0.4273202419281006,-0.231496974825859,-0.4086965024471283,-0.77251136302948,5,0.8669845995449803,1.0,0.5103824135452477,1.0,0,0,-0.0178270277831848,0.6282467694592446,-158,32,thymio-07
103,1788307435.7069106,2.2464230060577397,1.3536831140518188,-1.932658050016192,89.5913691760709,2.2464230060577397,0.0915646255016326,1.3536831140518188,0.4273202419281006,-0.231496974825859,-0.4086965024471283,-0.77251136302948,5,0.8669845995449803,1.0,0.5103824135452477,1.0,0,0,-0.0177121119420757,0.6281959264077756,-158,32,thymio-07
104,1788307436.3155184,2.2602968215942383,1.386673092842102,-1.313298009051885,89.4913691760709,2.2602968215942383,0.0913331434130668,1.386673092842102,0.3036797940731048,-0.422233521938324,-0.5057195425033569,-0.6882914900779724,5,1.0,1.0,0.5129881468792346,1.0,0,0,-0.0050441328327032,0.6281344976108866,-113,77,thymio-07
105,1788307436.9243767,2.272674083709717,1.4008086919784546,-0.3906720569151907,89.39136917607091,2.272674083709717,0.0916513502597808,1.4008086919784546,0.1649489402770996,-0.5837116241455078,-0.5655710101127625,-0.5587503910064697,5,1.0,0.4992650103928042,0.8649891872742246,1.0,0,0,-0.0,0.627244250512961,-95,95,thymio-07
106,1788307437.5324223,2.276428461074829,1.4064558744430542,-0.0872377350594915,89.29136917607092,2.276428461074829,0.0913382694125175,1.4064558744430542,0.055126778781414,-0.6760104298591614,-0.5865435600280762,-0.4426484107971191,5,1.0,0.4841953030088231,1.0,1.0,0,0,-0.0,0.6281566144365157,-95,95,thymio-07
107,1788307438.1406722,2.282300472259521,1.413442611694336,0.0691865790626549,89.19136917607092,2.282300472259521,0.0913609713315963,1.413442611694336,-0.0997372344136238,-0.7674170136451721,-0.5816417336463928,-0.2506325244903564,5,1.0,0.4716544891858722,1.0,1.0,0,0,-0.0,0.628119960261405,-95,95,thymio-07
108,1788307438.7484183,2.282300472259521,1.413442611694336,0.0691865790626549,89.09136917607093,2.282300472259521,0.0913609713315963,1.413442611694336,-0.0997372344136238,-0.7674170136451721,-0.5816417336463928,-0.2506325244903564,5,1.0,0.4716544891858722,1.0,1.0,0,0,-0.0,0.6279961916441522,-95,95,thymio-07
109,1788307439.3570108,2.28749942779541,1.4163342714309692,0.0900874690397679,88.99136917607093,2.28749942779541,0.0915997251868248,1.4163342714309692,-0.1880401074886322,-0.7956479787826538,-0.561427652835846,-0.1280015558004379,5,1.0,0.4680856641335915,1.0,1.0,0,0,-0.0,0.6275840624046425,-95,95,thymio-07
110,1788307439.9650414,2.2990121841430664,1.4154621362686155,0.019635783040437,88.89136917607094,2.2990121841430664,0.091615080833435,1.4154621362686155,-0.339495986700058,-0.7994060516357422,-0.4831651747226715,0.11065274477005,5,1.0,0.4656247747673863,1.0,1.0,0,0,-0.0,0.6247427043332818,-94,94,thymio-07
111,1788307440.5737295,2.310943841934204,1.4073535203933716,-0.3747863917265017,88.79136917607094,2.310943841934204,0.0914784520864486,1.4073535203933716,-0.4663088619709015,-0.7307432889938354,-0.3600612878799438,0.3448569476604461,5,1.0,0.4400900572355397,0.6991674612688734,1.0,0,0,0.0,0.5194965284617676,-78,78,thymio-07
112,1788307441.18257,2.3155643939971924,1.3978232145309448,-1.1424812648573377,88.69136917607095,2.3155643939971924,0.0919743850827217,1.3978232145309448,-0.5310098528862,-0.6414675712585449,-0.2493173032999038,0.4943570494651794,5,1.0,0.411795870783366,0.6389469337914462,1.0,0,0,0.0003962785441641,-0.0131781802383859,3,-1,thymio-07
113,1788307441.790994,2.3155643939971924,1.3978232145309448,-1.1424812648573377,88.59136917607096,2.3155643939971924,0.0919743850827217,1.3978232145309448,-0.5310098528862,-0.6414675712585449,-0.2493173032999038,0.4943570494651794,5,1.0,0.411795870783366,0.6389469337914462,1.0,0,0,0.0005256573618867,-0.5634496659653956,87,-83,thymio-07
114,1788307442.3991847,2.315703153610229,1.3942272663116455,-1.426033886514656,88.49136917607096,2.315703153610229,0.091886430978775,1.3942272663116455,-0.5472408533096313,-0.6025635600090027,-0.2118236422538757,0.5409023761749268,5,1.0,0.3705378323843218,0.5929756405490125,1.0,0,0,0.0013235639199062,-0.6271188765811136,99,-90,thymio-07
115,1788307443.006905,2.31551456451416,1.3977981805801392,-1.1755850837168291,88.39136917607097,2.31551456451416,0.0916584432125091,1.3977981805801392,-0.538355827331543,-0.6359999775886536,-0.2478231638669967,0.4942274987697601,5,1.0,0.3805826856761765,0.5554222059011307,1.0,0,0,0.0003844400510642,-0.6257708230453043,96,-93,thymio-07
116,1788307443.6156962,2.3103981018066406,1.4094560146331787,-0.2568949081659686,88.29136917607097,2.3103981018066406,0.0919826328754425,1.4094560146331787,-0.4443881511688232,-0.7478439807891846,-0.3810347318649292,0.3131472766399383,5,1.0,0.4984876842785819,1.0,1.0,0,0,0.0,-0.5931411637009718,90,-90,thymio-07
117,1788307444.223492,2.3103981018066406,1.4094560146331787,-0.2568949081659686,88.19136917607098,2.3103981018066406,0.0919826328754425,1.4094560146331787,-0.4443881511688232,-0.7478439807891846,-0.3810347318649292,0.3131472766399383,5,1.0,0.4984876842785819,1.0,1.0,0,0,0.0,-0.6181465309931182,93,-93,thymio-07
118,1788307444.8320415,2.299849033355713,1.4158300161361694,0.0159883230836519,88.09136917607098,2.299849033355713,0.0915591865777969,1.4158300161361694,-0.341970294713974,-0.7980958819389343,-0.4831248223781585,0.1126492321491241,5,1.0,0.5031409771481683,1.0,0.5969909760177736,0,0,-0.0,-0.6132849830622287,93,-93,thymio-07
119,1788307445.4398787,2.294262647628784,1.418507099151611,0.0944078865748929,87.99136917607099,2.294262647628784,0.0916878134012222,1.418507099151611,-0.1993918865919113,-0.7971256375312805,-0.559660017490387,-0.1077697128057479,5,1.0,0.4068770056882524,1.0,0.759767816684713,0,0,0.0,-0.5973887339247439,90,-90,thymio-07
120,1788307446.04848,2.291975736618042,1.4171124696731567,0.0727031914955316,87.891369176071,2.291975736618042,0.0916035175323486,1.4171124696731567,-0.1010324880480766,-0.7675129175186157,-0.5830146670341492,-0.2465971410274505,5,1.0,0.3403404427621046,1.0,0.8657088591864279,0,0,0.0,-0.61259257654578,93,-93,thymio-07
121,1788307446.6566248,2.288931131362915,1.413951396942139,0.0306924730932722,87.791369176071,2.288931131362915,0.0915368348360061,1.413951396942139,-0.0194557942450046,-0.7295882701873779,-0.5907233953475952,-0.3440470099449157,5,1.0,0.2916497638824771,1.0,0.932264438955293,0,0,0.0,-0.6201539563232539,94,-94,thymio-07
122,1788307447.2644732,2.2848362922668457,1.406562566757202,-0.2730083813265045,87.691369176071,2.2848362922668457,0.091621994972229,1.406562566757202,0.132319763302803,-0.6142898201942444,-0.5721501708030701,-0.5270519256591797,5,1.0,0.2046890543927844,1.0,1.0,0,0,0.0,-0.5850527869636966,88,-88,thymio-07
123,1788307447.872274,2.2848362922668457,1.406562566757202,-0.2730083813265045,87.59136917607101,2.2848362922668457,0.091621994972229,1.406562566757202,0.132319763302803,-0.6142898201942444,-0.5721501708030701,-0.5270519256591797,5,1.0,0.2046890543927844,1.0,1.0,0,0,0.0,-0.6106409668261151,92,-92,thymio-07
124,1788307448.480152,2.28422474861145,1.4072937965393066,-0.4383561981799975,87.49136917607102,2.28422474861145,0.0915253832936286,1.4072937965393066,0.1797331124544143,-0.5720924735069275,-0.5623051524162292,-0.5694025158882141,5,1.0,0.1659816080899223,1.0,1.0,0,0,-0.0,-0.6107472263369821,92,-92,thymio-07
125,1788307449.0887952,2.2850513458251958,1.401021957397461,-1.5211559218066066,87.39136917607102,2.2850513458251958,0.0917016938328743,1.401021957397461,0.334728866815567,-0.3771766424179077,-0.4870033860206604,-0.7131074070930481,5,1.0,1.0,0.0427652967783185,1.0,0,0,0.0,-0.5397800479411455,82,-82,thymio-07
126,1788307449.6971033,2.2870380878448486,1.3969837427139282,-1.7903900635917764,87.29136917607103,2.2870380878448486,0.0914985090494155,1.3969837427139282,0.3896677196025848,-0.2919548451900482,-0.4474529325962066,-0.7501382231712341,5,1.0,1.0,0.0012929304232329,1.0,0,0,0.0002977068249918,-0.6155217227718218,94,-92,thymio-07
127,1788307450.3052385,2.2989511489868164,1.391269564628601,-2.087263010888164,87.19136917607103,2.2989511489868164,0.0914256498217582,1.391269564628601,0.4977028965950012,-0.0726090371608734,-0.3163793683052063,-0.8043158054351807,5,1.0,1.0,-0.0881935674891369,1.0,0,0,0.0001765026933877,-0.6158505156993199,94,-92,thymio-07
128,1788307450.9135823,2.3133840560913086,1.394357681274414,-2.11807351463378,87.09136917607104,2.3133840560913086,0.091881938278675,1.394357681274414,0.5680347681045532,0.1920725107192993,-0.1492436826229095,-0.7862384915351868,5,1.0,1.0,-0.1650396520250243,1.0,0,0,0.0003709276358515,-0.6162154463547473,94,-92,thymio-07
129,1788307451.5223973,2.321446418762207,1.4001296758651731,-2.074568964037427,86.99136917607105,2.321446418762207,0.0920140817761421,1.4001296758651731,0.5844445824623108,0.3379258215427398,-0.029695002362132,-0.7371220588684082,5,1.0,1.0,-0.2052152765779876,1.0,0,0,0.0,-0.6190419160125549,93,-93,thymio-07
130,1788307452.1306307,2.321446418762207,1.4001296758651731,-2.074568964037427,86.89136917607105,2.321446418762207,0.0920140817761421,1.4001296758651731,0.5844445824623108,0.3379258215427398,-0.029695002362132,-0.7371220588684082,5,1.0,1.0,-0.2052152765779876,1.0,0,0,0.0,-0.6224165956754486,94,-94,thymio-07
131,1788307452.7392018,2.325653314590454,1.4099024534225464,-1.8532287329382413,86.79136917607106,2.325653314590454,0.0913915932178497,1.4099024534225464,0.5782192945480347,0.4975996911525726,0.1064475178718566,-0.6377506852149963,5,1.0,1.0,-0.2475830535006318,1.0,0,0,0.0,-0.6207252578547049,94,-94,thymio-07
132,1788307453.3472383,2.324423789978028,1.4235321283340454,-0.8799157300047584,86.69136917607106,2.324423789978028,0.0921604260802269,1.4235321283340454,0.5123567581176758,0.6730325818061829,0.2795446217060089,-0.4542825818061828,5,1.0,-0.2761617933970463,1.0,1.0,0,0,0.0,-0.60536913620612,91,-91,thymio-07
133,1788307453.9555192,2.3173015117645264,1.4323875904083252,-0.2144243643549424,86.59136917607107,2.3173015117645264,0.0915014743804931,1.4323875904083252,0.4376333951950073,0.7542442083358765,0.3963191509246826,-0.2872698903083801,5,1.0,-0.2663906340819826,1.0,1.0,0,0,0.0,-0.5922597011740881,89,-89,thymio-07
134,1788307454.563952,2.3173015117645264,1.4323875904083252,-0.2144243643549424,86.49136917607107,2.3173015117645264,0.0915014743804931,1.4323875904083252,0.4376333951950073,0.7542442083358765,0.3963191509246826,-0.2872698903083801,5,1.0,-0.2663906340819826,1.0,1.0,0,0,0.0,-0.5694571818723357,86,-86,thymio-07
135,1788307455.172637,2.309901237487793,1.436406493186951,-0.0176484252519806,86.39136917607108,2.309901237487793,0.0916473641991615,1.436406493186951,0.3646555244922638,0.7931711673736572,0.4635114073753357,-0.1518648415803909,5,1.0,-0.2962978819541837,1.0,1.0,0,0,0.0,-0.4885329254030693,74,-74,thymio-07
136,1788307455.7819562,2.296982765197754,1.4381539821624756,0.1017130879623002,86.29136917607109,2.296982765197754,0.0917946696281433,1.4381539821624756,0.2080243080854416,0.8043093681335449,0.5496855974197388,0.0875115394592285,5,1.0,-0.3330329929828545,1.0,1.0,0,0,-0.0,-0.1553029893499413,23,-23,thymio-07
137,1788307456.3910031,2.3006434440612797,1.440669059753418,0.1022965396696462,86.19136917607109,2.3006434440612797,0.0917683243751525,1.440669059753418,0.1696727573871612,0.7922132611274719,0.5683965086936951,0.1432996541261673,5,1.0,-0.3349670189922805,1.0,1.0,0,0,-0.0,0.6265882223621061,-95,95,thymio-07
138,1788307456.9988732,2.3015542030334477,1.4415594339370728,0.100135976592746,86.0913691760711,2.3015542030334477,0.0918123126029968,1.4415594339370728,0.1569900065660476,0.7900404930114746,0.5700669288635254,0.1619073748588562,5,1.0,-0.3349501863890018,1.0,1.0,0,0,-0.0,0.6275162776072333,-95,95,thymio-07
139,1788307457.607021,2.3160159587860107,1.443299651145935,0.0602316551579322,85.9913691760711,2.3160159587860107,0.0912716016173362,1.443299651145935,0.3028638660907745,0.805883526802063,0.5055798292160034,-0.0566941909492015,5,1.0,1.0,1.0,-0.3281264290075223,0,0,-0.0,0.6133898431515398,-93,93,thymio-07
140,1788307458.2146688,2.3160159587860107,1.443299651145935,0.0602316551579322,85.89136917607111,2.3160159587860107,0.0912716016173362,1.443299651145935,0.3028638660907745,0.805883526802063,0.5055798292160034,-0.0566941909492015,5,1.0,1.0,1.0,-0.3281264290075223,0,0,-0.0,0.6282524094520757,-95,95,thymio-07
141,1788307458.8244832,2.3248794078826904,1.438741683959961,-0.0820905320781832,85.79136917607111,2.3248794078826904,0.0914959013462066,1.438741683959961,0.3976487517356872,0.7786511182785034,0.4343875050544739,-0.2165307700634002,5,1.0,1.0,1.0,-0.3028612316366708,0,0,-0.0,0.628252754893354,-95,95,thymio-07
142,1788307459.4332352,2.3343210220336914,1.428193211555481,-0.7840407649101926,85.69136917607112,2.3343210220336914,0.0916201546788215,1.428193211555481,0.5104999542236328,0.6830454468727112,0.2951725721359253,-0.4309430718421936,5,1.0,-0.2335758299854732,1.0,1.0,0,0,-0.0,0.6279677343570894,-95,95,thymio-07
143,1788307460.0409446,2.336352825164795,1.4157077074050903,-1.7167488268143387,85.59136917607113,2.336352825164795,0.091674156486988,1.4157077074050903,0.5661179423332214,0.5439779758453369,0.1500224471092224,-0.6009091138839722,5,1.0,-0.1541242773543798,1.0,1.0,0,0,-0.0,0.627590252819529,-95,95,thymio-07
144,1788307460.6492355,2.3310461044311523,1.4045908451080322,-2.055336305283951,85.49136917607113,2.3310461044311523,0.0911412760615348,1.4045908451080322,0.5903096795082092,0.3633887767791748,-0.0064604100771248,-0.7207227945327759,5,1.0,1.0,-0.0807804590395254,1.0,0,0,-0.0,0.6201651576922959,-94,94,thymio-07
145,1788307461.257014,2.3310461044311523,1.4045908451080322,-2.055336305283951,85.39136917607114,2.3310461044311523,0.0911412760615348,1.4045908451080322,0.5903096795082092,0.3633887767791748,-0.0064604100771248,-0.7207227945327759,5,1.0,1.0,-0.0807804590395254,1.0,0,0,-0.0,0.6277059567620307,-95,95,thymio-07
146,1788307461.8659632,2.3236734867095947,1.3988319635391235,-2.098938611579862,85.29136917607114,2.3236734867095947,0.0916196405887603,1.3988319635391235,0.5635963082313538,0.2338171452283859,-0.1268414407968521,-0.7820486426353455,5,1.0,1.0,-0.0350448199694989,1.0,0,0,-0.0003223034854082,0.6278152291948658,-96,94,thymio-07
147,1788307462.4738922,2.308307647705078,1.3963652849197388,-2.105076402799181,85.19136917607115,2.308307647705078,0.0912309512495994,1.3963652849197388,0.5064906477928162,-0.0533752366900444,-0.3009154498577118,-0.8062680959701538,5,1.0,1.0,0.0350850848335144,1.0,0,0,-0.0010650840796311,0.6279854825497129,-99,91,thymio-07
148,1788307463.082059,2.308307647705078,1.3963652849197388,-2.105076402799181,85.09136917607115,2.308307647705078,0.0912309512495994,1.3963652849197388,0.5064906477928162,-0.0533752366900444,-0.3009154498577118,-0.8062680959701538,5,1.0,1.0,0.0350850848335144,1.0,0,0,-0.0011813711122558,0.6280147047294085,-99,91,thymio-07
149,1788307463.6902668,2.298281192779541,1.4006154537200928,-1.94542139278854,84.99136917607116,2.298281192779541,0.0915253907442092,1.4006154537200928,0.4294198751449585,-0.2241268008947372,-0.4034149646759033,-0.7762874960899353,5,1.0,1.0,0.0633488914526188,1.0,0,0,-0.0,0.6280975666250044,-95,95,thymio-07
150,1788307464.2982311,2.301523208618164,1.398712158203125,-1.5927187588813867,84.89136917607117,2.301523208618164,0.0912191569805145,1.398712158203125,0.3504452109336853,-0.3602692782878876,-0.4793669879436493,-0.7194453477859497,5,1.0,0.119074859959307,1.0,1.0,0,0,-0.0004833133092421,0.6282365965539255,-97,93,thymio-07
151,1788307464.906693,2.3030405044555664,1.3985828161239624,-1.0950534815900177,84.79136917607117,2.3030405044555664,0.0913590714335441,1.3985828161239624,0.2721137106418609,-0.4575544595718384,-0.5236622095108032,-0.6651135087013245,5,1.0,0.1565542102213077,1.0,1.0,0,0,-0.0005456324964075,0.6282759748506023,-97,93,thymio-07
152,1788307465.5153248,2.3030405044555664,1.3985828161239624,-1.0950534815900177,84.69136917607118,2.3030405044555664,0.0913590714335441,1.3985828161239624,0.2721137106418609,-0.4575544595718384,-0.5236622095108032,-0.6651135087013245,5,1.0,0.1565542102213077,1.0,1.0,0,0,-0.0005524146865429,0.6282600079989513,-97,93,thymio-07
153,1788307466.1239252,2.304129838943481,1.4024920463562012,-0.4590004530816789,84.59136917607118,2.304129838943481,0.0916523337364196,1.4024920463562012,0.1863690763711929,-0.5668309330940247,-0.5613737106323242,-0.5734359622001648,5,1.0,0.1952806324663651,1.0,1.0,0,0,-0.0,0.6280668712304406,-95,95,thymio-07
154,1788307466.7331688,2.3094215393066406,1.415058732032776,0.0022180911237517,84.49136917607119,2.3094215393066406,0.0914249345660209,1.415058732032776,0.0003944393829442,-0.7185767889022827,-0.5861623883247375,-0.3742472529411316,5,1.0,0.2532424369631392,1.0,1.0,0,0,-0.0,0.6280260813452725,-95,95,thymio-07
155,1788307467.341322,2.3189828395843506,1.4227759838104248,0.0911443828465627,84.3913691760712,2.3189828395843506,0.09151541441679,1.4227759838104248,-0.1560851335525512,-0.7897024750709534,-0.5683177709579468,-0.17035973072052,5,1.0,0.2939795169345776,1.0,1.0,0,0,-0.0,0.6281458330822975,-95,95,thymio-07
156,1788307467.9493935,2.3295276165008545,1.424424171447754,0.0668027343603885,84.2913691760712,2.3295276165008545,0.0915278792381286,1.424424171447754,-0.2774870097637176,-0.8092735409736633,-0.51772540807724,0.0061518801376223,5,1.0,0.3180287473193128,1.0,1.0,0,0,-0.0,0.6282739868225318,-95,95,thymio-07
157,1788307468.558539,2.3407132625579834,1.4202549457550049,-0.0865989757505518,84.1913691760712,2.3407132625579834,0.0916951745748519,1.4202549457550049,-0.3987894654273987,-0.7789706587791443,-0.4334512948989868,0.2151549011468887,5,1.0,0.3219095662148796,1.0,1.0,0,0,-0.0,0.62830657619196,-95,95,thymio-07
158,1788307469.1663897,2.3478894233703613,1.4108381271362305,-0.6159482778442094,84.09136917607121,2.3478894233703613,0.0914972871541976,1.4108381271362305,-0.4899899363517761,-0.6995056867599487,-0.3188436329364776,0.411023736000061,5,1.0,0.3008844647968427,1.0,1.0,0,0,-0.0,0.6283123125942743,-95,95,thymio-07
159,1788307469.7750676,2.3478894233703613,1.4108381271362305,-0.6159482778442094,83.99136917607122,2.3478894233703613,0.0914972871541976,1.4108381271362305,-0.4899899363517761,-0.6995056867599487,-0.3188436329364776,0.411023736000061,5,1.0,0.3008844647968427,1.0,1.0,0,0,-0.0,0.6283033903690589,-95,95,thymio-07
160,1788307470.3837705,2.350482702255249,1.400073528289795,-1.5501971114119435,83.89136917607122,2.350482702255249,0.0916365832090377,1.400073528289795,-0.5491950511932373,-0.5826366543769836,-0.1969862133264541,0.5657877326011658,5,1.0,1.0,0.2611346671428975,1.0,0,0,-0.0,0.6262914441309344,-95,95,thymio-07
161,1788307470.9920642,2.3468151092529297,1.3873050212860107,-2.003450822370549,83.79136917607123,2.3468151092529297,0.0919591858983039,1.3873050212860107,-0.5858860015869141,-0.4146645665168762,-0.0352788567543029,0.6953750252723694,5,1.0,1.0,0.2030751502643328,1.0,0,0,-0.0013058065129659,0.6280978084636908,-99,90,thymio-07
162,1788307471.600481,2.338979005813598,1.379433274269104,-2.1370966972892504,83.69136917607123,2.338979005813598,0.0925494283437728,1.379433274269104,-0.5830599665641785,-0.2630953192710876,0.0719799622893333,0.7652717232704163,5,1.0,1.0,0.1711010650710691,1.0,0,0,-0.0039528893882014,0.6282877121273232,-109,81,thymio-07
163,1788307472.2090788,2.338979005813598,1.379433274269104,-2.1370966972892504,83.59136917607124,2.338979005813598,0.0925494283437728,1.379433274269104,-0.5830599665641785,-0.2630953192710876,0.0719799622893333,0.7652717232704163,5,1.0,1.0,0.1711010650710691,1.0,0,0,-0.0061305056561309,0.6282972154615688,-117,73,thymio-07
164,1788307472.816765,2.3273684978485107,1.3777154684066772,-2.1376411832717888,83.49136917607125,2.3273684978485107,0.0909191519021987,1.3777154684066772,-0.5490273833274841,-0.0586442984640598,0.2305361926555633,0.8012382984161377,5,1.0,1.0,0.1575496876396196,1.0,0,0,-0.0079351217953396,0.6282752973030226,-123,67,thymio-07
165,1788307473.4248636,2.3121676445007324,1.3861916065216064,-1.9394872476116944,83.39136917607125,2.3121676445007324,0.0913645550608635,1.3861916065216064,-0.4345889091491699,0.2193146795034408,0.4067952930927276,0.7730143070220947,5,1.0,1.0,0.2072573970532576,1.0,0,0,-0.0050520128500817,0.6281785822351218,-113,77,thymio-07
166,1788307474.0331304,2.309897899627685,1.392923355102539,-1.7414048938939857,83.29136917607126,2.309897899627685,0.0914346054196357,1.392923355102539,-0.3786699473857879,0.3224887549877167,0.4561180472373962,0.7379475235939026,5,1.0,1.0,0.2014107862916145,1.0,0,0,-0.0025625819581876,0.6280858427309292,-104,86,thymio-07
167,1788307474.642412,2.309413433074951,1.4071204662322998,-0.8449597601267467,83.19136917607126,2.309413433074951,0.0909875184297561,1.4071204662322998,-0.2380676865577697,0.5001626014709473,0.5381954312324524,0.6352220177650452,5,1.0,0.2110978794721982,1.0,1.0,0,0,-0.0,0.6279921669703683,-95,95,thymio-07
168,1788307475.2502651,2.313608407974243,1.420539379119873,-0.0822537838314478,83.09136917607127,2.313608407974243,0.0911832377314567,1.420539379119873,-0.0538627468049526,0.6768940091133118,0.5878279209136963,0.439740389585495,5,1.0,0.2614460020373845,1.0,1.0,0,0,-0.0,0.6282386470199388,-95,95,thymio-07
169,1788307475.858776,2.313608407974243,1.420539379119873,-0.0822537838314478,82.99136917607127,2.313608407974243,0.0911832377314567,1.420539379119873,-0.0538627468049526,0.6768940091133118,0.5878279209136963,0.439740389585495,5,1.0,0.2614460020373845,1.0,1.0,0,0,-0.0,0.6282948309826173,-95,95,thymio-07
170,1788307476.4677978,2.319270372390747,1.4284054040908811,0.0619702873892618,82.89136917607128,2.319270372390747,0.0914552137255668,1.4284054040908811,0.0671513527631759,0.7528067231178284,0.5890082716941833,0.28608039021492,5,1.0,0.3169769585996893,1.0,1.0,0,0,-0.0,0.6282889896610264,-95,95,thymio-07
171,1788307477.075626,2.331406831741333,1.434106945991516,0.0896427116308649,82.79136917607129,2.331406831741333,0.0917119905352592,1.434106945991516,0.2307699620723724,0.8072054982185364,0.539868950843811,0.0608774833381176,5,1.0,0.3992895766321767,1.0,1.0,0,0,-0.0,0.6282926092036363,-95,95,thymio-07
172,1788307477.6839304,2.3455309867858887,1.431881308555603,-0.0487680461221722,82.69136917607129,2.3455309867858887,0.091409333050251,1.431881308555603,0.3829278647899627,0.7846456170082092,0.4519694447517395,-0.1828145980834961,5,1.0,0.4405267766778844,1.0,1.0,0,0,-0.0,0.6283001670444426,-95,95,thymio-07
173,1788307478.2921672,2.3455309867858887,1.431881308555603,-0.0487680461221722,82.5913691760713,2.3455309867858887,0.091409333050251,1.431881308555603,0.3829278647899627,0.7846456170082092,0.4519694447517395,-0.1828145980834961,5,1.0,0.4405267766778844,1.0,1.0,0,0,-0.0,0.6282928973554335,-95,95,thymio-07
174,1788307478.9003692,2.353477954864502,1.42402982711792,-0.4245876047874017,82.4913691760713,2.353477954864502,0.0912536233663559,1.42402982711792,0.4700761437416076,0.7226657867431641,0.3486896455287933,-0.3676929175853729,5,1.0,0.3751480950302523,1.0,1.0,0,0,0.0,0.6282990046060061,-95,95,thymio-07
175,1788307479.508167,2.3575029373168945,1.4086483716964722,-1.6227075423815864,82.39136917607131,2.3575029373168945,0.0914231091737747,1.4086483716964722,0.5558218359947205,0.5680553913116455,0.1779700815677642,-0.580260157585144,5,1.0,1.0,0.2762542647466901,1.0,0,0,-0.0,0.6240260148075443,-94,94,thymio-07
176,1788307480.1161592,2.355188131332397,1.3995308876037598,-1.966831640619131,82.29136917607131,2.355188131332397,0.0910389944911003,1.3995308876037598,0.5870834589004517,0.4377135336399078,0.0532514005899429,-0.678899347782135,5,1.0,1.0,0.2272061037291979,1.0,0,0,-2.047885093231904e-05,0.6281831504885785,-95,95,thymio-07
177,1788307480.7257276,2.355188131332397,1.3995308876037598,-1.966831640619131,82.19136917607132,2.355188131332397,0.0910389944911003,1.3995308876037598,0.5870834589004517,0.4377135336399078,0.0532514005899429,-0.678899347782135,5,1.0,1.0,0.2272061037291979,1.0,0,0,-7.698607194055738e-05,0.6282815929331568,-95,95,thymio-07
178,1788307481.3345249,2.3489952087402344,1.391640543937683,-2.098357248619089,82.09136917607132,2.3489952087402344,0.0914100110530853,1.391640543937683,0.599145233631134,0.2926242053508758,-0.061804786324501,-0.7426818013191223,5,1.0,1.0,0.1833164401221154,1.0,0,0,-0.0023787144822553,0.6282937446007115,-103,86,thymio-07
179,1788307481.943288,2.334455728530884,1.3861132860183716,-2.1266718967711182,81.99136917607133,2.334455728530884,0.0910692140460014,1.3861132860183716,0.5355064868927002,0.0223095435649156,-0.2563325762748718,-0.8043809533119202,5,1.0,1.0,0.1586829346595497,1.0,0,0,-0.0048825786333206,0.6282711739684655,-112,78,thymio-07
180,1788307482.552155,2.3216447830200195,1.3918367624282837,-1.9547605367173928,81.89136917607134,2.3216447830200195,0.091494619846344,1.3918367624282837,0.4408095180988312,-0.2054101377725601,-0.4004631042480469,-0.7766098976135254,5,1.0,1.0,0.1902573962390106,1.0,0,0,-0.0029548053035767,0.6281565788064739,-105,84,thymio-07
181,1788307483.1608064,2.3160593509674072,1.4030470848083496,-1.4895193622031453,81.79136917607134,2.3160593509674072,0.0911305993795394,1.4030470848083496,0.3292562961578369,-0.3862540423870086,-0.4896020591259002,-0.7090049982070923,5,1.0,1.0,0.2466263486682189,1.0,0,0,-0.0,0.6279395575211612,-95,95,thymio-07
182,1788307483.7687912,2.3160593509674072,1.4030470848083496,-1.4895193622031453,81.69136917607135,2.3160593509674072,0.0911305993795394,1.4030470848083496,0.3292562961578369,-0.3862540423870086,-0.4896020591259002,-0.7090049982070923,5,1.0,1.0,0.2466263486682189,1.0,0,0,-0.0,0.6282642590225065,-95,95,thymio-07
183,1788307484.37828,2.314870595932007,1.4130265712738037,-0.7137878520648342,81.59136917607135,2.314870595932007,0.0909645706415176,1.4130265712738037,0.2217076122760772,-0.5194869041442871,-0.5487145781517029,-0.6163533329963684,5,1.0,0.3096435996196356,1.0,1.0,0,0,-0.0,0.628242777969435,-95,95,thymio-07
184,1788307484.9869285,2.3189165592193604,1.4293558597564695,-0.0020156546216956,81.49136917607136,2.3189165592193604,0.0913844853639602,1.4293558597564695,0.0053159589879214,-0.7139745354652405,-0.5889886021614075,-0.3785558938980102,5,1.0,0.4459520062269475,1.0,1.0,0,0,-0.0,0.628256450941834,-95,95,thymio-07
185,1788307485.5947683,2.3189165592193604,1.4293558597564695,-0.0020156546216956,81.39136917607136,2.3189165592193604,0.0913844853639602,1.4293558597564695,0.0053159589879214,-0.7139745354652405,-0.5889886021614075,-0.3785558938980102,5,1.0,0.4459520062269475,1.0,1.0,0,0,-0.0,0.6282724367709157,-95,95,thymio-07
186,1788307486.2033138,2.325864791870117,1.435484766960144,0.0830188505100864,81.29136917607137,2.325864791870117,0.0915971547365188,1.435484766960144,-0.1107517406344413,-0.7706961631774902,-0.5843507647514343,-0.2286826372146606,5,1.0,0.5265282349936977,1.0,1.0,0,0,-0.0,0.6282763918762105,-95,95,thymio-07
187,1788307486.8119793,2.3410732746124268,1.4377224445343018,0.0509536657582159,81.19136917607138,2.3410732746124268,0.0915846675634384,1.4377224445343018,-0.2943387031555176,-0.8087679743766785,-0.5084640979766846,0.0268933027982711,5,1.0,0.6599631676264912,1.0,1.0,0,0,-0.0,0.6282863455430412,-95,95,thymio-07
188,1788307487.4211974,2.354387044906616,1.4307034015655518,-0.205990534011077,81.09136917607138,2.354387044906616,0.0914877355098724,1.4307034015655518,-0.4336766004562378,-0.757514238357544,-0.3931140005588531,0.2890644371509552,5,1.0,0.7976433091504962,1.0,1.0,0,0,-0.0,0.6282707824521355,-95,95,thymio-07
189,1788307488.0290325,2.354387044906616,1.4307034015655518,-0.205990534011077,80.99136917607139,2.354387044906616,0.0914877355098724,1.4307034015655518,-0.4336766004562378,-0.757514238357544,-0.3931140005588531,0.2890644371509552,5,1.0,0.7976433091504962,1.0,1.0,0,0,-0.0,0.6282292586037485,-95,95,thymio-07
190,1788307488.636779,2.3606269359588623,1.4213356971740725,-0.8584299882972308,80.8913691760714,2.3606269359588623,0.0922695770859718,1.4213356971740725,-0.5058466792106628,-0.677621066570282,-0.2766148149967193,0.4565448462963104,5,1.0,0.8836545055428593,1.0,1.0,0,0,-0.0,0.6281524253560209,-95,95,thymio-07
191,1788307489.2450871,2.3618969917297363,1.4143985509872437,-1.4726732760508825,80.7913691760714,2.3618969917297363,0.0916993767023086,1.4143985509872437,-0.5495659112930298,-0.5955860018730164,-0.2008020579814911,0.5503937005996704,5,1.0,0.9456384984948284,1.0,1.0,0,0,-0.0,0.6282872598803888,-95,95,thymio-07
192,1788307489.8533573,2.356374502182007,1.3973734378814695,-2.0752798008498328,80.6913691760714,2.356374502182007,0.0916599035263061,1.3973734378814695,-0.5910317301750183,-0.3419257402420044,0.0214029923081398,0.7302809357643127,5,1.0,1.0,1.0,1.0,0,0,-0.0009389646201958,0.6282838249000312,-98,92,thymio-07
193,1788307490.4616544,2.3461945056915283,1.391199231147766,-2.1476890409396985,80.59136917607141,2.3461945056915283,0.0914889499545097,1.391199231147766,-0.5874373912811279,-0.1581176072359085,0.156660184264183,0.7780576944351196,5,1.0,1.0,1.0,1.0,0,0,-0.0032874096925418,0.6283063055842507,-107,83,thymio-07
194,1788307491.0702436,2.330582857131958,1.393181562423706,-2.065102613961169,80.49136917607142,2.330582857131958,0.0910099297761917,1.393181562423706,-0.4804379045963287,0.1097244769334793,0.3374464809894562,0.8020411729812622,5,1.0,1.0,1.0,1.0,0,0,-0.0025864106621497,0.6282999854468468,-104,86,thymio-07
195,1788307491.6783257,2.330582857131958,1.393181562423706,-2.065102613961169,80.39136917607142,2.330582857131958,0.0910099297761917,1.393181562423706,-0.4804379045963287,0.1097244769334793,0.3374464809894562,0.8020411729812622,5,1.0,1.0,1.0,1.0,0,0,-0.0026118882648332,0.6282945834818641,-104,86,thymio-07
196,1788307492.2860336,2.326267004013061,1.396315336227417,-1.9783543663419447,80.29136917607143,2.326267004013061,0.091302290558815,1.396315336227417,-0.4422236979007721,0.1966073662042617,0.3895822167396545,0.783587634563446,5,1.0,1.0,1.0,1.0,0,0,-0.0014201221292209,0.6282917280076696,-100,90,thymio-07
197,1788307492.89381,2.318365335464477,1.40920889377594,-1.3073819193189562,80.19136917607143,2.318365335464477,0.0910520255565643,1.40920889377594,-0.3028806746006012,0.4191142916679382,0.5087254047393799,0.6883349418640137,5,1.0,1.0,1.0,1.0,0,0,-0.0,0.628288519627154,-95,95,thymio-07
