tick,timestamp,x,y,heading,battery,raw_x,raw_y,raw_z,qx,qy,qz,qw,n_agents_seen,front_d,back_d,right_d,left_d,ir_front_max,ir_rear_max,v,w,left,right,hostname
1,1788222701.5178576,1.0978888273239136,0.8992876410484314,-1.771776679461058,100.0,1.0978888273239136,0.1008166000247001,0.8992876410484314,-0.615787148475647,-0.4269449710845947,-0.1121641471982002,0.6526434421539307,5,0.4464460523741582,1.0,1.0,1.0,0,0,-0.0632170300405283,-0.4861884641964178,-151,-298,thymio-08
2,1788222702.1213508,3.1445462703704834,-0.2760414183139801,-1.953823502506237,100.0,3.1445462703704834,0.0793589949607849,-0.2760414183139801,-0.5742868185043335,0.0108455857262015,0.2311773300170898,0.7852604985237122,5,1.0,-0.7232345909517794,-0.7724513800872543,1.0,0,0,-0.0022358157935051,0.1631778685445549,-33,17,thymio-08
3,1788222702.7298906,3.104621171951294,-0.2646910548210144,-1.9657763107048,99.87189897231043,3.104621171951294,0.0792335569858551,-0.2646910548210144,-0.6012461185455322,-0.082714095711708,0.1633293628692627,0.7778078317642212,5,1.0,-0.717354511402831,-0.8022098764149327,1.0,0,0,-0.021414468143499,0.5522535563692423,-159,7,thymio-08
4,1788222703.3385432,3.089799642562866,-0.2699037194252014,-1.9572350256889584,99.77189897231044,3.089799642562866,0.0800400599837303,-0.2699037194252014,-0.5862643122673035,-0.0178554337471723,0.2126646935939788,0.7815043330192566,5,1.0,-0.6714169107945778,-0.8254341304680536,-0.6620622582582678,0,0,0.0030877397759212,0.6185796304041306,-82,104,thymio-08
5,1788222703.947471,3.089799642562866,-0.2699037194252014,-1.9572350256889584,99.67189897231046,3.089799642562866,0.0800400599837303,-0.2699037194252014,-0.5862643122673035,-0.0178554337471723,0.2126646935939788,0.7815043330192566,5,1.0,-0.6714169107945778,-0.8254341304680536,-0.6620622582582678,0,0,0.0030877397759212,0.6215740834780894,-83,105,thymio-08
6,1788222704.5514064,10000.0,10000.0,0.0,99.67189897231046,3.089799642562866,0.0800400599837303,-0.2699037194252014,-0.5862643122673035,-0.0178554337471723,0.2126646935939788,0.7815043330192566,5,1.0,1.0,-1.0,1.0,0,0,0.03,0.4406401326927826,40,173,thymio-08
7,1788222705.1550765,3.08892560005188,-0.3081254065036773,-1.4917203726310655,99.67189897231046,3.08892560005188,0.0793197304010391,-0.3081254065036773,-0.4122766256332397,0.3654720187187195,0.4612865149974823,0.6954659819602966,5,1.0,-0.6687411975473676,-0.7783854841757756,-0.6445431549985269,0,0,0.012544517680669,0.4861389698953804,-29,118,thymio-08
8,1788222705.763182,3.086796998977661,-0.331346184015274,-0.8875695039425171,99.57189897231046,3.086796998977661,0.0792784094810485,-0.331346184015274,-0.3520143032073974,0.4537121653556824,0.521475076675415,0.6311061978340149,5,1.0,-0.7998924172801142,1.0,-0.6534845949751834,0,0,0.0078163215772768,0.6267901449590776,-67,122,thymio-08
9,1788222706.3709464,3.076138973236084,-0.3567334413528442,0.0114897356718981,99.47189897231048,3.076138973236084,0.0786481872200965,-0.3567334413528442,-0.2317342758178711,0.5761594772338867,0.5786055326461792,0.5287298560142517,5,-0.5942583563585652,-0.8148044654392063,1.0,-0.6450103574713406,0,0,0.0052243024467195,0.6263627735795578,-76,113,thymio-08
10,1788222706.979121,3.076138973236084,-0.3567334413528442,0.0114897356718981,99.37189897231048,3.076138973236084,0.0786481872200965,-0.3567334413528442,-0.2317342758178711,0.5761594772338867,0.5786055326461792,0.5287298560142517,5,-0.5942583563585652,-0.8148044654392063,1.0,-0.6450103574713406,2711,0,-0.08,0.6280713935122607,-379,-189,thymio-08
11,1788222707.5876164,3.056920051574707,-0.3663977384567261,0.3330866523123652,99.27189897231048,3.056920051574707,0.0788170620799064,-0.3663977384567261,-0.0960070267319679,0.6782721877098083,0.6139465570449829,0.3921725153923034,5,-0.6867408206816658,1.0,1.0,-0.8250525477638655,0,0,0.003164437899463,0.1204622798294386,-7,29,thymio-08
12,1788222708.196283,3.078617572784424,-0.3434596061706543,0.4185800235465273,99.17189897231049,3.078617572784424,0.0793474987149238,-0.3434596061706543,0.1050866469740867,0.7654880285263062,0.6086176633834839,0.1804704368114471,5,-0.664183387848598,1.0,1.0,-0.7964247462527032,0,0,0.0089186260032066,0.5428826622689732,-50,114,thymio-08
13,1788222708.8051798,3.078857183456421,-0.3434055149555206,0.424816119594599,99.07189897231048,3.078857183456421,0.0793018862605094,-0.3434055149555206,0.1037902161478996,0.7668187022209167,0.6080468893051147,0.1774704754352569,5,-0.6574228252234502,1.0,1.0,-0.7966870856669234,0,0,-0.0088658957809484,0.5778504454318878,-119,56,thymio-08
14,1788222709.4134853,3.063910007476806,-0.3305426836013794,0.4355613586315079,98.9718989723105,3.063910007476806,0.0788943469524383,-0.3305426836013794,0.2311262488365173,0.7930216789245605,0.5635465979576111,-0.010613945312798,5,-0.6583969714141751,1.0,1.0,-0.7892936085418419,0,0,-0.0103519846830897,0.4978485138799957,-112,38,thymio-08
15,1788222710.0213628,3.0670764446258545,-0.3155622482299804,0.1773407795284778,98.8718989723105,3.0670764446258545,0.0794856026768684,-0.3155622482299804,0.4123579263687134,0.7507456541061401,0.4747470319271087,-0.2023792862892151,5,-0.575443996469584,-0.7914686197665343,1.0,-0.6448549359934209,0,0,-0.0099148074269266,0.5382999054754009,-117,46,thymio-08
16,1788222710.6301255,3.0670764446258545,-0.3155622482299804,0.1773407795284778,98.77189897231052,3.0670764446258545,0.0794856026768684,-0.3155622482299804,0.4123579263687134,0.7507456541061401,0.4747470319271087,-0.2023792862892151,5,-0.575443996469584,-0.7914686197665343,1.0,-0.6448549359934209,0,0,-0.0099148074269266,0.136049111300535,-56,-15,thymio-08
17,1788222711.2386563,3.067927360534668,-0.3142640590667724,0.1702080577441691,98.67189897231052,3.067927360534668,0.0793093964457511,-0.3142640590667724,0.4173958003520965,0.746239960193634,0.4661549627780914,-0.2271700352430343,5,-0.5762761418579962,-0.7904980711307421,1.0,-0.6435459436954127,0,0,-0.0101098877027208,-0.063238639322634,-26,-45,thymio-08
18,1788222711.847747,3.079458951950073,-0.3085077106952667,-0.5111338005063275,98.57189897231052,3.079458951950073,0.079863503575325,-0.3085077106952667,0.5204025506973267,0.6514613628387451,0.3509732484817505,-0.4261422157287597,5,1.0,-0.7934250638061975,1.0,-0.6279872614975925,0,0,-0.0095215621749543,0.0106036802562442,-35,-32,thymio-08
19,1788222712.4557772,3.083369731903076,-0.3207370340824127,-0.5167539436941802,98.47189897231053,3.083369731903076,0.0791448503732681,-0.3207370340824127,0.5200454592704773,0.655738890171051,0.3431409299373626,-0.4263959527015686,5,1.0,-0.7929091596883542,1.0,-0.6248672773005741,0,0,-0.0096252589026407,-0.1085992405043934,-18,-51,thymio-08
20,1788222713.0634737,3.0832667350769043,-0.3289359509944916,-0.5014059836499776,98.37189897231052,3.0832667350769043,0.0794282779097557,-0.3289359509944916,0.5169819593429565,0.6531260013580322,0.3500066995620727,-0.4285456240177154,5,1.0,-0.7777433597457226,1.0,-0.6280424537755626,0,0,-0.0126735846911097,0.0755382427593928,-56,-34,thymio-08
21,1788222713.6720314,3.0832667350769043,-0.3289359509944916,-0.5014059836499776,98.27189897231054,3.0832667350769043,0.0794282779097557,-0.3289359509944916,0.5169819593429565,0.6531260013580322,0.3500066995620727,-0.4285456240177154,5,1.0,-0.7777433597457226,1.0,-0.6280424537755626,0,0,0.0126735846911097,0.1277221769165747,26,64,thymio-08
22,1788222714.2802489,3.0854923725128174,-0.3452184200286865,-0.4102215739933799,98.17189897231054,3.0854923725128174,0.0792687386274337,-0.3452184200286865,0.5098073482513428,0.6601539850234985,0.3624829947948456,-0.4158116579055786,5,1.0,-0.7577312458407404,1.0,-0.6304046373857952,0,0,0.0166960195860111,0.158196487673076,35,83,thymio-08
23,1788222714.888706,3.0860133171081543,-0.3454302549362182,-0.4329671784647644,98.07189897231056,3.0860133171081543,0.0791808515787124,-0.3454302549362182,0.5162392258644104,0.6628351807594299,0.3559514582157135,-0.4092008173465729,5,1.0,-0.7571064475754126,1.0,-0.6362219552278745,0,0,0.016821604037342,0.1361107608435228,39,80,thymio-08
24,1788222715.4967215,3.089682579040528,-0.3255800604820251,-0.7919781852994339,97.97189897231056,3.089682579040528,0.0798344835639,-0.3255800604820251,0.535642147064209,0.62480229139328,0.3212719261646271,-0.4685018658638,5,1.0,-0.7558525456831733,1.0,-0.6622463344710191,0,0,0.0170736383176821,0.1226631883251721,42,79,thymio-08
25,1788222716.1053574,3.0939276218414307,-0.3020578622817993,-1.1125733089038097,97.87189897231056,3.0939276218414307,0.0798298195004463,-0.3020578622817993,0.5668227076530457,0.593903660774231,0.2696412205696106,-0.5032734870910645,5,1.0,-0.7502265144049722,1.0,-0.6804206367538912,0,0,0.0182044706046005,0.1683939266404487,39,90,thymio-08
26,1788222716.7139137,3.070307493209839,-0.2702102959156036,-2.70788259955949,97.77189897231057,3.070307493209839,0.0688963159918785,-0.2702102959156036,0.8756359219551086,-0.2608691751956939,0.2264592349529266,0.3375282883644104,5,1.0,-0.7180367287759968,-0.7313299898041496,1.0,0,0,0.0220026720493659,-0.0644187921221389,88,68,thymio-08
27,1788222717.3217542,3.070307493209839,-0.2702102959156036,-2.70788259955949,97.67189897231056,3.070307493209839,0.0688963159918785,-0.2702102959156036,0.8756359219551086,-0.2608691751956939,0.2264592349529266,0.3375282883644104,5,1.0,-0.7180367287759968,-0.7313299898041496,1.0,0,0,0.0220026720493659,0.2135666158350856,46,110,thymio-08
28,1788222717.9298291,3.1043052673339844,-0.2702488005161285,-1.3928676308734844,97.57189897231058,3.1043052673339844,0.0802177563309669,-0.2702488005161285,0.5808367133140564,0.5514572858810425,0.2337417155504226,-0.5512608885765076,5,1.0,-0.6959133374276267,1.0,-0.6463365732769994,0,0,0.029121419177047,0.5835754246820825,15,192,thymio-08
29,1788222718.5378044,3.114508390426636,-0.2456921190023422,-1.504304684034624,97.47189897231058,3.114508390426636,0.0803422182798385,-0.2456921190023422,0.5915861129760742,0.5273584127426147,0.2055621743202209,-0.5741631388664246,5,1.0,-0.6871128329404352,-0.6946867983105294,-0.7181588507552996,0,0,0.0246500709981847,0.5777188506254971,0,175,thymio-08
30,1788222719.1456852,3.119823694229126,-0.2393688410520553,-1.617886788981886,97.3718989723106,3.119823694229126,0.0804047882556915,-0.2393688410520553,0.5985074043273926,0.4973037242889404,0.1797513365745544,-0.6018034219741821,5,1.0,-0.6829793549288058,-0.6897831198266932,-0.7229685654299945,0,0,0.023683318348571,0.59888228945805,-6,175,thymio-08
31,1788222719.7535012,3.1600804328918457,-0.2138848155736923,-1.96824924671432,97.2718989723106,3.1600804328918457,0.0814086347818374,-0.2138848155736923,0.6287261843681335,0.269531637430191,0.0120398635044693,-0.7293223738670349,5,1.0,-0.7348124006649016,-0.6736860064281655,1.0,0,0,0.0213027074663547,0.5098229103772428,-1,153,thymio-08
32,1788222720.3617814,3.2112364768981934,-0.2223799675703048,-1.9736549335823836,97.1718989723106,3.2112364768981934,0.0801443830132484,-0.2223799675703048,0.588408350944519,0.0274587776511907,-0.1967661082744598,-0.7837759852409363,5,1.0,-0.702281908516929,-0.6671863431754886,1.0,0,0,0.0278413363880972,0.4845198386700824,26,172,thymio-08
33,1788222720.9703248,3.2112364768981934,-0.2223799675703048,-1.9736549335823836,97.0718989723106,3.2112364768981934,0.0801443830132484,-0.2223799675703048,0.588408350944519,0.0274587776511907,-0.1967661082744598,-0.7837759852409363,5,1.0,-0.702281908516929,-0.6671863431754886,1.0,0,0,0.0278413363880972,0.5618037130068303,14,184,thymio-08
34,1788222721.5787668,3.233076333999634,-0.2395623475313186,-1.9363877734392136,96.9718989723106,3.233076333999634,0.0792151242494583,-0.2395623475313186,0.5438324213027954,-0.1172146275639534,-0.2943811118602752,-0.7770758867263794,5,1.0,-0.6735116943308379,-0.6767017989121604,1.0,0,0,0.0329829384186557,0.5818999090601716,29,205,thymio-08
35,1788222722.187949,3.256181001663208,-0.2842983901500702,-1.617412087786934,96.87189897231062,3.256181001663208,0.0788815170526504,-0.2842983901500702,0.4337096810340881,-0.3315945863723755,-0.4392955601215362,-0.7134146094322205,5,1.0,-0.6935607954257924,1.0,1.0,0,0,0.0295942801194157,0.6281666575499422,10,200,thymio-08
36,1788222722.7974172,3.257809400558472,-0.3073568642139435,-1.224562126760395,96.77189897231062,3.257809400558472,0.0788991451263427,-0.3073568642139435,0.3842240273952484,-0.4130094349384308,-0.4944633245468139,-0.6612874865531921,5,1.0,-0.7105506519176894,1.0,-0.5956014674368681,0,0,0.0261793189645444,0.6256033908006495,-1,187,thymio-08
37,1788222723.405475,3.257809400558472,-0.3073568642139435,-1.224562126760395,96.67189897231064,3.257809400558472,0.0788991451263427,-0.3073568642139435,0.3842240273952484,-0.4130094349384308,-0.4944633245468139,-0.6612874865531921,5,1.0,-0.7105506519176894,1.0,-0.5956014674368681,0,0,0.0261793189645444,0.6267340541084726,-2,188,thymio-08
38,1788222724.013934,3.240804433822632,-0.3545204102993011,0.0716377016616833,96.57189897231063,3.240804433822632,0.0779598951339721,-0.3545204102993011,0.2012515068054199,-0.5950438380241394,-0.5853424072265625,-0.5126354098320007,5,-0.5625201518513676,1.0,1.0,-0.7478507404663315,1337,0,0.0186820011662673,0.5665813202830974,-19,152,thymio-08
39,1788222724.6226134,3.2298026084899902,-0.3653294742107391,0.2602045573465208,96.47189897231064,3.2298026084899902,0.0784302130341529,-0.3653294742107391,0.1455386579036712,-0.6456137895584106,-0.6042324304580688,-0.4437392354011535,5,-0.544807380641518,1.0,1.0,-0.7788418134542695,2430,0,-0.08,0.6280667375770097,-379,-189,thymio-08
40,1788222725.230504,3.167630672454834,-0.3800852000713348,0.3858939544789606,96.36787722673704,3.167630672454834,0.0798062309622764,-0.3800852000713348,-0.1252247989177703,-0.7592012882232666,-0.6125521659851074,-0.180864542722702,5,-0.5546578947783052,1.0,1.0,-0.8548575541500654,2111,0,-0.08,0.5781234330778708,-372,-197,thymio-08
41,1788222725.8383453,3.2043278217315674,-0.3702815175056457,0.4325165980499088,96.26787722673706,3.2043278217315674,0.0787921845912933,-0.3702815175056457,-0.1968311220407486,-0.7861495018005371,-0.5837341547012329,-0.0498089641332626,5,-0.5197626466947014,1.0,1.0,-0.8290691372775163,0,0,-0.0023571034072192,0.4594433474123789,-78,61,thymio-08
42,1788222726.4470017,3.2603416442871094,-0.3759524226188659,0.3609754936844171,96.16787722673706,3.2603416442871094,0.0782567039132118,-0.3759524226188659,-0.3100281655788421,-0.7742828130722046,-0.5448182225227356,0.0868438482284545,5,-0.4513008447362617,1.0,1.0,-0.7783629530595992,0,0,-0.0125490464350205,0.3645751730026642,-100,10,thymio-08
43,1788222727.0558846,3.264396905899048,-0.3674740493297577,0.1430411262961186,96.06787722673708,3.264396905899048,0.0786797255277633,-0.3674740493297577,-0.4217777848243713,-0.7505733370780945,-0.4715057015419006,0.1908546090126037,5,-0.4274382214211008,1.0,1.0,-0.7777273269769097,0,0,-0.0126768072776411,0.2966609600615379,-90,0,thymio-08
44,1788222727.664008,3.264396905899048,-0.3674740493297577,0.1430411262961186,95.96787722673707,3.264396905899048,0.0786797255277633,-0.3674740493297577,-0.4217777848243713,-0.7505733370780945,-0.4715057015419006,0.1908546090126037,5,-0.4274382214211008,1.0,1.0,-0.7777273269769097,0,0,-0.0126768072776411,0.3673880801835434,-101,10,thymio-08
45,1788222728.2727137,3.2665398120880127,-0.3667604029178619,0.1405710466686356,95.86787722673708,3.2665398120880127,0.0788169801235199,-0.3667604029178619,-0.427207350730896,-0.7419995069503784,-0.4575050175189972,0.2400413453578949,5,-0.4211985106693942,1.0,1.0,-0.7764916716178595,0,0,0.04876878992506,0.3374286757126084,122,224,thymio-08
46,1788222728.8810253,3.283953905105591,-0.3718443512916565,-0.5258179491347486,95.76787722673708,3.283953905105591,0.079010933637619,-0.3718443512916565,-0.5196991562843323,-0.6488774418830872,-0.3504214286804199,0.4313651323318481,5,1.0,1.0,1.0,-0.7583655387964506,0,0,0.0621532762128305,0.334054940213512,170,271,thymio-08
47,1788222729.4887884,3.289416790008545,-0.3330780863761902,-1.162851082315134,95.66787722673708,3.289416790008545,0.0796084776520729,-0.3330780863761902,-0.5656915307044983,-0.5849510431289673,-0.2764449119567871,0.5112764835357666,5,1.0,-0.7583483727608787,1.0,-0.3840512410194912,0,0,0.0591987878210806,0.4915935054070697,136,285,thymio-08
48,1788222730.0968232,3.322809219360352,-0.2598136067390442,-1.7732606946550031,95.5678772267371,3.322809219360352,0.0784914270043373,-0.2598136067390442,-0.5845054388046265,-0.4645197093486786,-0.1805285066366195,0.6403002738952637,5,1.0,-0.7285994302189776,1.0,1.0,0,0,0.0842856848321886,0.6271195604588566,205,394,thymio-08
49,1788222730.7054274,3.322809219360352,-0.2598136067390442,-1.7732606946550031,95.4678772267371,3.322809219360352,0.0784914270043373,-0.2598136067390442,-0.5845054388046265,-0.4645197093486786,-0.1805285066366195,0.6403002738952637,5,1.0,-0.7285994302189776,1.0,1.0,0,0,0.0225515145259855,0.6268707343442643,-15,175,thymio-08
50,1788222731.3141828,3.364750385284424,-0.2200262546539306,-1.8240443537318056,95.36787722673712,3.364750385284424,0.0777252912521362,-0.2200262546539306,-0.6144370436668396,-0.3756969571113586,-0.0495794862508773,0.6919978260993958,5,1.0,-0.6952653345420221,1.0,1.0,0,0,0.0292516677570535,0.6268469603612549,9,199,thymio-08
51,1788222731.9229429,3.4282755851745605,-0.2020907402038574,-1.904622616107483,95.26787722673711,3.4282755851745605,0.0780148655176162,-0.2020907402038574,-0.6117109656333923,-0.1513247191905975,0.1477080881595611,0.762294590473175,5,1.0,-0.6552229550008722,1.0,1.0,0,0,0.0373001860448246,0.627367975178778,38,227,thymio-08
52,1788222732.531042,3.456226348876953,-0.2145949155092239,-1.9177257160781047,95.16787722673712,3.456226348876953,0.0792662873864173,-0.2145949155092239,-0.5830267667770386,0.009601229801774,0.2528680860996246,0.7720396518707275,5,1.0,-0.6480772748550696,1.0,1.0,0,0,0.038736467754131,0.6280848190873501,43,232,thymio-08
53,1788222733.1389182,3.485538482666016,-0.2420165985822677,-1.874155559925141,95.06787722673712,3.485538482666016,0.0774368345737457,-0.2420165985822677,-0.519896388053894,0.1857917159795761,0.3489684462547302,0.7572385668754578,5,1.0,-0.6221282497051341,1.0,1.0,0,0,0.043952221809268,0.6282918652887339,61,251,thymio-08
54,1788222733.747466,3.502593517303467,-0.2913520634174347,-1.4591063557615307,94.96787722673712,3.502593517303467,0.0780572965741157,-0.2913520634174347,-0.4081734120845794,0.3678970336914062,0.4669784903526306,0.6928040385246277,5,1.0,-0.6455090290651766,1.0,1.0,0,0,0.0392526851578995,0.6282848034365978,45,234,thymio-08
55,1788222734.3553438,3.502593517303467,-0.2913520634174347,-1.4591063557615307,94.86787722673714,3.502593517303467,0.0780572965741157,-0.2913520634174347,-0.4081734120845794,0.3678970336914062,0.4669784903526306,0.6928040385246277,5,1.0,-0.6455090290651766,1.0,1.0,0,0,0.0392526851578995,0.6282618624184373,45,234,thymio-08
56,1788222734.9648943,3.503267765045166,-0.3232930898666382,-0.7752686282536043,94.76787722673714,3.503267765045166,0.0770929828286171,-0.3232930898666382,-0.3364600241184234,0.4755656123161316,0.5204401016235352,0.6243190169334412,5,1.0,1.0,1.0,-0.6473571622551699,0,0,0.0388812103867108,0.6153938690032568,45,231,thymio-08
57,1788222735.5730996,3.476846218109131,-0.3775535225868225,0.2230726789142352,94.66787722673716,3.476846218109131,0.0769364386796951,-0.3775535225868225,-0.1585341095924377,0.63605797290802,0.5972952246665955,0.46209916472435,5,-0.6585770089881222,1.0,1.0,-0.2881130287636625,0,0,0.0764922305489267,0.625742370706858,177,366,thymio-08
58,1788222736.1810355,3.421670436859131,-0.4068138599395752,0.3961127631708074,94.5625802964078,3.421670436859131,0.0779609233140945,-0.4068138599395752,0.0309087075293064,0.7392132878303528,0.6163268685340881,0.2697212398052215,5,-0.6700291660260342,1.0,1.0,-0.3219036479623343,0,0,0.1158037515078347,0.6280781743284044,317,500,thymio-08
59,1788222736.789771,3.3671042919158936,-0.4149921834468841,0.2370251054929171,94.35929433535082,3.3671042919158936,0.0820172429084777,-0.4149921834468841,0.1974924653768539,0.7190276980400085,0.6338289380073547,0.2055649161338806,5,-0.6802210669358599,1.0,1.0,-0.3565212723496623,0,0,-0.0322755655458921,0.4931345351030251,-189,-40,thymio-08
60,1788222737.3983448,3.2757341861724854,-0.3926644623279571,0.4120072373780723,94.21104383240478,3.2757341861724854,0.0783475339412689,-0.3926644623279571,0.2782622575759887,0.7852582931518555,0.5479092597961426,-0.075729988515377,5,-0.694209946063027,1.0,1.0,-0.414847040249417,0,0,-0.0294638008413315,0.4768787621902278,-177,-33,thymio-08
61,1788222738.007007,3.2932546138763428,-0.3933139145374298,0.3149992665937917,94.1110438324048,3.2932546138763428,0.0783249586820602,-0.3933139145374298,0.3607962727546692,0.7649102807044983,0.4994401335716247,-0.1878778040409088,5,-0.6722140016794724,1.0,1.0,-0.3790171007813357,0,0,-0.033884985662426,0.3692080756842758,-176,-65,thymio-08
62,1788222738.6156054,3.2932546138763428,-0.3933139145374298,0.3149992665937917,94.0110438324048,3.2932546138763428,0.0783249586820602,-0.3933139145374298,0.3607962727546692,0.7649102807044983,0.4994401335716247,-0.1878778040409088,5,-0.6722140016794724,1.0,1.0,-0.3790171007813357,0,0,-0.033884985662426,0.3866201385392039,-179,-62,thymio-08
63,1788222739.223613,3.310560941696167,-0.402732789516449,0.1073422908695782,93.9110438324048,3.310560941696167,0.0789053291082382,-0.402732789516449,0.4390721321105957,0.7329720854759216,0.4517920017242431,-0.2566155791282654,5,-0.6403465379892332,1.0,1.0,-0.3539710105679557,0,0,-0.0402903458641641,0.3609380658413432,-198,-89,thymio-08
64,1788222739.8315084,3.333266258239746,-0.4255165755748749,-0.2571161719917936,93.8110438324048,3.333266258239746,0.0779989212751388,-0.4255165755748749,0.497546523809433,0.6789897084236145,0.3794147074222564,-0.3840116560459137,5,-0.5843893579605461,1.0,1.0,-0.3331025828121712,0,0,-0.05,0.36107166147211,-232,-123,thymio-08
65,1788222740.4396222,3.3451430797576904,-0.452462375164032,-0.7455927092641303,93.7110438324048,3.3451430797576904,0.0782543569803237,-0.452462375164032,0.535776674747467,0.6287620067596436,0.3268449306488037,-0.4591014385223388,5,1.0,1.0,1.0,-0.5337275942460635,0,0,-0.05,0.5348224051638067,-258,-97,thymio-08
66,1788222741.0482695,3.352571487426758,-0.4866518080234527,-1.2078866773347985,93.61104383240482,3.352571487426758,0.0775555446743965,-0.4866518080234527,0.5657004117965698,0.582233190536499,0.2594120800495147,-0.5231567025184631,5,1.0,-0.2816003427749793,1.0,-0.4724645499761919,0,0,-0.05,0.2931570793936557,-222,-133,thymio-08
67,1788222741.6565442,3.346197843551636,-0.5351262092590332,-1.68487283617646,93.51104383240482,3.346197843551636,0.0776801481842994,-0.5351262092590332,0.599631130695343,0.4769875705242157,0.1642248034477234,-0.6212533116340637,5,1.0,-0.2535232014718707,1.0,-0.381992572002973,0,0,0.149210121041241,0.5019689609775927,454,500,thymio-08
68,1788222742.2655983,3.346197843551636,-0.5351262092590332,-1.68487283617646,93.41104383240484,3.346197843551636,0.0776801481842994,-0.5351262092590332,0.599631130695343,0.4769875705242157,0.1642248034477234,-0.6212533116340637,5,1.0,-0.2432482605223095,1.0,-0.3552027851476669,0,0,0.136165927442478,0.6078051439274914,392,500,thymio-08
69,1788222742.868479,10000.0,10000.0,0.0,93.41104383240484,3.346197843551636,0.0776801481842994,-0.5351262092590332,0.599631130695343,0.4769875705242157,0.1642248034477234,-0.6212533116340637,5,1.0,1.0,1.0,1.0,0,0,0.03,0.6275525102903814,12,201,thymio-08
70,1788222743.472025,3.378711938858032,-0.4909537136554718,-1.7760409904868195,93.41104383240484,3.378711938858032,0.0781323388218879,-0.4909537136554718,0.610456645488739,0.4357833564281463,0.132552832365036,-0.6479702591896057,5,1.0,-0.2468620294887782,1.0,-0.3758899806506035,0,0,0.0001944662122381,0.6278144311181942,-94,95,thymio-08
71,1788222744.0754297,3.454218626022339,0.1725687980651855,-0.2954922987211619,93.41104383240484,3.454218626022339,0.0777673795819282,0.1725687980651855,-0.5351879000663757,-0.6787105202674866,-0.3991603553295135,0.3059364557266235,5,1.0,-0.977875734472289,1.0,-0.5778295903979225,0,0,-0.0,0.6282974319630658,-95,95,thymio-08
72,1788222744.679001,3.492234706878662,-0.4194845259189605,-1.96089537450086,93.41104383240484,3.492234706878662,0.0771543160080909,-0.4194845259189605,-0.5960168838500977,-0.0569056421518325,0.1847444325685501,0.7793556451797485,5,1.0,-0.2286766680418798,1.0,-0.4163601092621752,0,0,-0.1155714604079492,0.627730312478338,-500,-316,thymio-08
73,1788222745.28744,3.492185115814209,-0.4291290938854217,-1.921215285500789,93.31104383240483,3.492185115814209,0.0766077563166618,-0.4291290938854217,-0.5480592250823975,0.1076783537864685,0.2985303103923797,0.7738967537879944,5,1.0,-0.1380918050356544,1.0,-0.4077357750116622,0,0,-0.140915806056791,0.6281981049207853,-500,-406,thymio-08
74,1788222745.895744,3.492185115814209,-0.4291290938854217,-1.921215285500789,93.21104383240484,3.492185115814209,0.0766077563166618,-0.4291290938854217,-0.5480592250823975,0.1076783537864685,0.2985303103923797,0.7738967537879944,5,1.0,-0.1380918050356544,1.0,-0.4077357750116622,0,0,-0.1543896444994176,0.6279960292383291,-500,-454,thymio-08
75,1788222746.5038831,3.3802967071533203,-0.3557976186275482,-1.8705086412258576,92.9670865994436,3.3802967071533203,0.0773099064826965,-0.3557976186275482,-0.5030065178871155,0.2060961723327636,0.3516865372657776,0.7621191143989563,5,1.0,-0.2585475803160568,1.0,-0.4880024822887999,0,0,-0.1758532005590024,0.6281366459757353,-500,-500,thymio-08
76,1788222747.1119645,3.309730052947998,-0.2929722368717193,-1.8362133215543144,92.80580764522088,3.309730052947998,0.0785577073693275,-0.2929722368717193,-0.4987384378910064,0.2090566158294677,0.3657347857952118,0.7574914693832397,5,1.0,-0.3117362626368134,1.0,-0.5431473836122236,0,0,-0.1824987010278139,0.6281221596396389,-500,-500,thymio-08
77,1788222747.720358,3.232515811920166,-0.2228970378637313,-1.8830135040852805,92.63640096137256,3.232515811920166,0.0793000757694244,-0.2228970378637313,-0.5131233930587769,0.1956901848316192,0.3463155031204223,0.7605757713317871,5,1.0,-0.3673690999321536,1.0,-0.5751689854857434,0,0,-0.1846498660593553,0.6281737846475419,-500,-500,thymio-08
78,1788222748.3285575,3.1284313201904297,-0.1368328928947448,-1.901395316278918,92.33179313681974,3.1284313201904297,0.0803228989243507,-0.1368328928947448,-0.5237370729446411,0.1718059182167053,0.3315518200397491,0.7656732201576233,5,1.0,-0.4316694812265799,1.0,-0.5945365688264606,0,0,-0.1816771146550811,0.6282217381789412,-500,-500,thymio-08
79,1788222748.936169,3.1284313201904297,-0.1368328928947448,-1.901395316278918,92.23179313681976,3.1284313201904297,0.0803228989243507,-0.1368328928947448,-0.5237370729446411,0.1718059182167053,0.3315518200397491,0.7656732201576233,5,1.0,-0.4316694812265799,1.0,-0.5945365688264606,0,0,-0.1766227383760996,0.6282453158777639,-500,-500,thymio-08
80,1788222749.544341,3.052894353866577,-0.0808991640806198,-1.8761766319322557,91.9939064127189,3.052894353866577,0.0806327909231185,-0.0808991640806198,-0.5198726058006287,0.1525036394596099,0.3328351974487304,0.7718133330345154,5,1.0,-0.474841138813153,1.0,-0.5631940245598417,0,0,-0.1634476905141791,0.6282588144076667,-500,-486,thymio-08
81,1788222750.1528623,2.934260129928589,-0.0078726764768362,-1.9197143383697624,91.68498938670056,2.934260129928589,0.0822922736406326,-0.0078726764768362,-0.5337890982627869,0.134327620267868,0.3081645667552948,0.7759252786636353,5,-0.470698787400799,-0.5423455091983092,1.0,-0.5321158551010008,0,0,-0.0706260715695457,0.6282106689278708,-346,-156,thymio-08
82,1788222750.7605534,2.864698886871338,0.028610685840249,-1.894637572783708,91.39810379055108,2.864698886871338,0.0837472081184387,0.028610685840249,-0.5268760919570923,0.1518246680498123,0.3264768123626709,0.7699114680290222,5,-0.4023160024089719,-0.5743471763252203,1.0,-0.4937908992343269,0,0,0.0915088958942929,0.6282753028112839,230,420,thymio-08
83,1788222751.368251,2.864698886871338,0.028610685840249,-1.894637572783708,91.29810379055108,2.864698886871338,0.0837472081184387,0.028610685840249,-0.5268760919570923,0.1518246680498123,0.3264768123626709,0.7699114680290222,5,-0.4023160024089719,-0.5743471763252203,1.0,-0.4937908992343269,0,0,0.05,0.6280231828261014,83,272,thymio-08
84,1788222751.9776058,2.843493938446045,0.0331160873174667,-1.854389857477292,91.19810379055107,2.843493938446045,0.084611676633358,0.0331160873174667,-0.4958487153053283,0.2555188536643982,0.3747488260269165,0.740545392036438,5,-0.381317783927059,-0.562288157288076,1.0,-0.451425069200961,0,0,0.05,0.626566827406774,83,272,thymio-08
85,1788222752.586124,2.8669586181640625,-0.0544620007276535,-0.7049488624655034,91.0981037905511,2.8669586181640625,0.0827748477458953,-0.0544620007276535,-0.3225916922092438,0.4639412760734558,0.5427429676055908,0.6213881969451904,5,-0.4124804273074475,0.1792203005124681,1.0,-0.5679793044527042,0,0,0.05,0.517964809745021,99,256,thymio-08
86,1788222753.1948142,2.84543776512146,-0.1094895154237747,0.1237307554162661,90.98724871955372,2.84543776512146,0.0821034386754036,-0.1094895154237747,-0.186897411942482,0.6108980178833008,0.5853244662284851,0.4992677271366119,5,1.0,1.0,-0.4065117549158727,-0.5970391758329332,0,0,0.0489951256575804,0.256937130937295,135,213,thymio-08
87,1788222753.803396,2.79978084564209,-0.1560182869434356,0.3175216969201457,90.85272881205486,2.79978084564209,0.0825848579406738,-0.1560182869434356,-0.0662856996059417,0.6816655993461609,0.6224774718284607,0.3787612318992615,5,1.0,1.0,-0.2464172806652185,-0.6182781738355372,0,0,0.1424808933223505,0.3954727315052836,447,500,thymio-08
88,1788222754.4114597,2.789550542831421,-0.1632897555828094,0.3518544113769932,90.75272881205488,2.789550542831421,0.0824601426720619,-0.1632897555828094,-0.0523133873939514,0.6972015500068665,0.6199387907981873,0.3561590313911438,5,1.0,1.0,-0.2306792733742834,-0.6252001298852713,0,0,0.0939240405696111,0.4823342057055714,261,407,thymio-08
89,1788222755.0201578,2.789550542831421,-0.1632897555828094,0.3518544113769932,90.65272881205487,2.789550542831421,0.0824601426720619,-0.1632897555828094,-0.0523133873939514,0.6972015500068665,0.6199387907981873,0.3561590313911438,5,1.0,1.0,-0.2306792733742834,-0.6252001298852713,1140,0,0.058370533022398,0.5554115595841306,124,291,thymio-08
90,1788222755.6287217,2.6681923866271973,-0.2359590679407119,0.3759334871464137,90.21241605055634,2.6681923866271973,0.0824597775936126,-0.2359590679407119,0.0543752014636993,0.7420110106468201,0.6151992678642273,0.2607545852661133,5,-0.0901220949600007,1.0,-0.0676346976727367,-0.8031856689236605,2948,0,-0.08,0.5905797097268416,-373,-195,thymio-08
91,1788222756.236516,2.595582962036133,-0.2384039014577865,0.4613295449504617,89.84387998846475,2.595582962036133,0.0829212367534637,-0.2384039014577865,0.1707191467285156,0.7927097678184509,0.5818676352500916,0.0624215602874755,5,-0.8503735442724148,1.0,-0.0914421988433024,0.4023273955749638,0,0,0.0,0.6198569592106993,-94,94,thymio-08
92,1788222756.8450534,2.6352133750915527,-0.2374145239591598,0.4273947255175701,89.74387998846476,2.6352133750915527,0.0823174864053726,-0.2374145239591598,0.2406568825244903,0.7886890172958374,0.565446674823761,-0.0179964639246463,5,0.0068364842045802,1.0,-0.1886647765889174,-0.7662328345892758,0,0,0.019792974521998,0.5617227642104367,-14,155,thymio-08
93,1788222757.4536188,2.633683681488037,-0.2226885110139846,0.3251572553034707,89.64387998846476,2.633683681488037,0.082723818719387,-0.2226885110139846,0.3570929169654846,0.764026939868927,0.5048797726631165,-0.1839678734540939,5,0.0611446499170296,1.0,-0.2756541811567323,-0.7600092950702316,0,0,0.030251831733386,0.575710909320082,21,194,thymio-08
94,1788222758.061671,2.633683681488037,-0.2226885110139846,0.3251572553034707,89.54387998846477,2.633683681488037,0.082723818719387,-0.2226885110139846,0.3570929169654846,0.764026939868927,0.5048797726631165,-0.1839678734540939,5,0.0611446499170296,1.0,-0.2756541811567323,-0.7600092950702316,0,0,0.0329470525192127,0.6020359421500893,26,208,thymio-08
95,1788222758.6702864,2.628086566925049,-0.1721716672182083,-0.501784622481031,89.44387998846477,2.628086566925049,0.0839870572090148,-0.1721716672182083,0.5161312818527222,0.6481775045394897,0.3564223945140838,-0.4317842125892639,5,-0.413997151485664,0.7478513414562182,1.0,-0.7448720819034604,0,0,0.0671666807096966,0.6277204028691163,144,333,thymio-08
96,1788222759.2782092,2.649071455001831,-0.1206307932734489,-1.689563079115005,89.34387998846478,2.649071455001831,0.0846146941184997,-0.1206307932734489,0.5926544666290283,0.4866825640201568,0.2035866379737854,-0.6086487770080566,5,-0.5403680709845975,-0.7087796006740456,1.0,0.202259065734462,0,0,0.0321503462614705,0.6275468223416705,19,209,thymio-08
97,1788222759.8866718,2.6874895095825195,-0.0820271521806716,-1.90343694216993,89.24387998846478,2.6874895095825195,0.0844444185495376,-0.0820271521806716,0.6211113929748535,0.3486622869968414,0.0681113600730896,-0.6985815167427063,5,1.0,-0.6669663604113925,0.9963198555324216,-0.6474588749336784,0,0,0.0818806409498454,0.6280108914037088,196,386,thymio-08
98,1788222760.4952672,2.6874895095825195,-0.0820271521806716,-1.90343694216993,89.14387998846479,2.6874895095825195,0.0844444185495376,-0.0820271521806716,0.6211113929748535,0.3486622869968414,0.0681113600730896,-0.6985815167427063,5,1.0,-0.6669663604113925,0.9963198555324216,-0.6474588749336784,0,0,0.0349397615573101,0.624958439461735,30,219,thymio-08
99,1788222761.1037278,2.72903823852539,-0.0689314156770706,-1.9607585396024,89.0438799884648,2.72903823852539,0.0837564319372177,-0.0689314156770706,0.6235888004302979,0.233320727944374,-0.0341580100357532,-0.7453400492668152,5,1.0,-0.6354587927215671,1.0,-0.7050922306043095,0,0,0.0272764616485337,0.6273017729159535,2,192,thymio-08
100,1788222761.7126265,2.8134236335754395,-0.0781535804271698,-1.9699773506746985,88.9438799884648,2.8134236335754395,0.0820491537451744,-0.0781535804271698,0.5742857456207275,-0.0407066009938716,-0.2407771646976471,-0.7813867926597595,5,1.0,-0.5968549564521012,1.0,-0.6560533889377622,0,0,0.0371332688235097,0.6280192847293455,37,227,thymio-08
101,1788222762.320609,2.822784185409546,-0.0882592126727104,-1.9620616327727731,88.8438799884648,2.822784185409546,0.0822290554642677,-0.0882592126727104,0.5530176758766174,-0.1166806295514106,-0.2840381264686584,-0.7745187878608704,5,1.0,-0.6243299194654677,1.0,0.4653319056931806,0,0,0.043509686187441,0.6277854819806393,60,249,thymio-08
102,1788222762.9282286,2.8482015132904053,-0.1444443762302398,-1.537847449149096,88.74387998846481,2.8482015132904053,0.0823549777269363,-0.1444443762302398,0.4215853810310364,-0.3556529283523559,-0.4549399614334106,-0.6991469264030457,5,1.0,-0.6283195787137297,1.0,-0.4835928183103597,0,0,0.0427077646785403,0.6281187472548969,57,247,thymio-08
103,1788222763.536897,2.8409948348999023,-0.2083707600831985,-0.1331576555804599,88.64387998846482,2.8409948348999023,0.0814714506268501,-0.2083707600831985,0.2501418590545654,-0.5470312237739563,-0.5760262608528137,-0.5535158514976501,5,-0.3906203559839177,1.0,1.0,-0.6678150101606652,0,0,0.0347691829577062,0.5985689550436148,33,214,thymio-08
104,1788222764.144971,2.8409948348999023,-0.2083707600831985,-0.1331576555804599,88.54387998846482,2.8409948348999023,0.0814714506268501,-0.2083707600831985,0.2501418590545654,-0.5470312237739563,-0.5760262608528137,-0.5535158514976501,5,-0.3906203559839177,1.0,1.0,-0.6678150101606652,0,0,0.0347691829577062,0.6282465494568251,29,218,thymio-08
105,1788222764.7549353,2.8213586807250977,-0.2354712635278701,0.2307432535046669,88.44387998846483,2.8213586807250977,0.081223040819168,-0.2354712635278701,0.1586461961269378,-0.6371458768844604,-0.5980320572853088,-0.4596022069454193,5,-0.3437137837017622,1.0,1.0,-0.6975539598207062,0,0,0.028791654076038,0.6150779336526644,9,195,thymio-08
106,1788222765.362575,2.764975547790528,-0.2600370645523071,0.2736319384994075,88.24788351963586,2.764975547790528,0.0816393345594406,-0.2600370645523071,-0.0924655050039291,-0.7226331830024719,-0.622075617313385,-0.2868336141109466,5,-0.3347163538054343,-0.978025635560366,1.0,-0.7553431466359598,0,0,0.0,0.5756477536258694,-87,87,thymio-08
107,1788222765.9706552,2.7372751235961914,-0.2563182413578033,0.4251569368354868,88.14788351963587,2.7372751235961914,0.0815071910619735,-0.2563182413578033,-0.1554513275623321,-0.7822948694229126,-0.5922499895095825,-0.1144100129604339,5,-0.3736653827667527,1.0,-0.9515567909916436,-0.7777253365661165,0,0,0.0,-0.0028437265301213,0,0,thymio-08
108,1788222766.5787165,2.7286152839660645,-0.2456089109182357,0.4257938523496229,88.04788351963587,2.7286152839660645,0.0814158767461776,-0.2456089109182357,-0.245181918144226,-0.796563982963562,-0.5518473982810974,0.0289178621023893,5,-0.4150136136951764,1.0,1.0,-0.8373710664666704,1949,0,0.0026939573703616,0.4223521479550997,-54,73,thymio-08
109,1788222767.1877966,2.7286152839660645,-0.2456089109182357,0.4257938523496229,87.94788351963588,2.7286152839660645,0.0814158767461776,-0.2456089109182357,-0.245181918144226,-0.796563982963562,-0.5518473982810974,0.0289178621023893,5,-0.4150136136951764,1.0,1.0,-0.8373710664666704,2653,0,-0.08,0.1446079878012891,-306,-262,thymio-08
110,1788222767.7961104,2.725152969360352,-0.2402475774288177,0.3939555846448588,87.84788351963589,2.725152969360352,0.081634797155857,-0.2402475774288177,-0.2874936163425445,-0.7914956212043762,-0.5328407287597656,0.0834434628486633,5,-0.4199185022489936,1.0,1.0,-0.8589574774454969,0,0,0.0,0.2844375775636213,-43,43,thymio-08
111,1788222768.404097,2.768366813659668,-0.2624458074569702,0.3119058402830958,87.74788351963589,2.768366813659668,0.0802043601870536,-0.2624458074569702,-0.3464412987232208,-0.7732815146446228,-0.5134921669960022,0.1354252994060516,5,-0.346529521643679,1.0,1.0,-0.7631273025837153,0,0,0.0593694248188657,0.3183988372442906,163,259,thymio-08
112,1788222769.0124204,2.764168262481689,-0.2534427046775818,0.2290751054409496,87.6478835196359,2.764168262481689,0.0813835635781288,-0.2534427046775818,-0.3953745663166046,-0.7538369297981262,-0.4849410653114319,0.200601577758789,5,-0.3472514828525689,1.0,1.0,-0.7667865910892753,0,0,0.0558318140593361,0.303708236047309,153,244,thymio-08
113,1788222769.6211278,2.7307732105255127,-0.1895653903484344,-0.0594676569529113,87.47660692349024,2.7307732105255127,0.0824185609817504,-0.1895653903484344,-0.4740172326564789,-0.7042694091796875,-0.4117254614830017,0.3313524425029754,5,0.6018708017099237,1.0,1.0,-0.7983579889540023,0,0,0.0310372451579126,0.3137044392736116,63,158,thymio-08
114,1788222770.229322,2.724982500076294,-0.1575883626937866,-0.3783261129781596,87.37660692349024,2.724982500076294,0.082828089594841,-0.1575883626937866,-0.5054712891578674,-0.6635705232620239,-0.3648723065853119,0.4135713875293731,5,0.5665392014419537,1.0,1.0,-0.788150597608342,0,0,0.0355999788182233,0.4430180794176104,60,193,thymio-08
115,1788222770.837066,2.724982500076294,-0.1575883626937866,-0.3783261129781596,87.27660692349025,2.724982500076294,0.082828089594841,-0.1575883626937866,-0.5054712891578674,-0.6635705232620239,-0.3648723065853119,0.4135713875293731,5,0.5665392014419537,1.0,1.0,-0.788150597608342,0,0,0.0347660018913706,0.6141579276436433,31,216,thymio-08
116,1788222771.4458146,2.7282700538635254,-0.1225366741418838,-1.1504522171115708,87.17660692349025,2.7282700538635254,0.08389712870121,-0.1225366741418838,-0.5530000329017639,-0.5851932168006897,-0.2932843863964081,0.5154845118522644,5,1.0,-0.7701675433105951,1.0,0.5313089562987319,0,0,0.022613149722641,0.6282911716847455,-15,175,thymio-08
117,1788222772.0546036,2.7566163539886475,-0.079005941748619,-1.830484272996929,87.07660692349026,2.7566163539886475,0.0839830413460731,-0.079005941748619,-0.6054197549819946,-0.4218423962593078,-0.1373043209314346,0.6608051657676697,5,1.0,-0.7326793340296689,1.0,0.4999684587297366,0,0,-0.0277596135442748,0.6283165977146972,-194,-4,thymio-08
118,1788222772.6631398,2.7696361541748047,-0.0715779215097427,-1.800814323888428,86.97660692349027,2.7696361541748047,0.0829953327775001,-0.0715779215097427,-0.6201295852661133,-0.3910906016826629,-0.0632442459464073,0.6771172285079956,5,1.0,-0.7122174822054994,1.0,0.4986084928895973,0,0,0.0258442860766946,0.6283086162257883,-3,187,thymio-08
119,1788222773.2713718,2.782060384750366,-0.0818438977003097,-2.0017316853534197,86.87660692349027,2.782060384750366,0.0829933658242225,-0.0818438977003097,-0.612671434879303,-0.14962999522686,0.0873406454920768,0.7711136341094971,5,1.0,-0.6934269584845474,1.0,0.5243901275862215,0,0,0.0296211813446059,0.6282626003926953,10,200,thymio-08
120,1788222773.8798702,2.8261055946350098,-0.102645143866539,-1.930676435127487,86.77660692349028,2.8261055946350098,0.0818333253264427,-0.102645143866539,-0.5548810958862305,0.0894494578242302,0.2857929766178131,0.7761624455451965,5,1.0,-0.646575122736477,1.0,0.5652147414856334,0,0,0.0390384003299681,0.627953270605706,44,234,thymio-08
121,1788222774.488513,2.8261055946350098,-0.102645143866539,-1.930676435127487,86.67660692349028,2.8261055946350098,0.0818333253264427,-0.102645143866539,-0.5548810958862305,0.0894494578242302,0.2857929766178131,0.7761624455451965,5,1.0,-0.646575122736477,1.0,0.5652147414856334,0,0,0.0390384003299681,0.6278626150894904,44,234,thymio-08
122,1788222775.0965705,2.846951961517334,-0.1357108354568481,-1.811909162627907,86.57660692349029,2.846951961517334,0.0817660242319107,-0.1357108354568481,-0.4815100729465484,0.2625384926795959,0.3861398100852966,0.74169921875,5,1.0,-0.6241496022773563,1.0,0.6064712583030372,0,0,0.0435459299422514,0.6272833603071197,60,249,thymio-08
123,1788222775.7051451,2.854606866836548,-0.1711284518241882,-1.386975839753405,86.4766069234903,2.854606866836548,0.0819640010595321,-0.1711284518241882,-0.3981838524341583,0.3943881690502167,0.4736902713775635,0.6793564558029175,5,1.0,-0.6150743174523781,1.0,0.6430632334450366,0,0,0.045370062192072,0.6256520073885038,67,256,thymio-08
124,1788222776.3137517,2.837156295776367,-0.2382388859987259,0.0656912199023036,86.36613821521797,2.837156295776367,0.0809995010495185,-0.2382388859987259,-0.2017238289117813,0.5895206332206726,0.5920160412788391,0.51116544008255,5,0.6977588379363309,1.0,1.0,-0.6245424394427264,0,0,0.043466969672012,0.6143616239158675,62,247,thymio-08
125,1788222776.9230375,2.8088738918304443,-0.2681746780872345,0.3015596153880175,86.25528148322358,2.8088738918304443,0.0812596529722213,-0.2681746780872345,-0.0987927615642547,0.6693021655082703,0.6147065758705139,0.4054755568504333,5,-0.644452127971875,1.0,1.0,1.0,0,0,0.0394651222776531,0.6278612212948848,45,235,thymio-08
126,1788222777.5310147,2.8088738918304443,-0.2681746780872345,0.3015596153880175,86.15528148322359,2.8088738918304443,0.0812596529722213,-0.2681746780872345,-0.0987927615642547,0.6693021655082703,0.6147065758705139,0.4054755568504333,5,-0.644452127971875,1.0,1.0,1.0,0,0,0.0832313704144181,0.6279415897135694,201,391,thymio-08
127,1788222778.1391122,2.7719204425811768,-0.2848145663738251,0.378895590629178,85.98890680501358,2.7719204425811768,0.080926775932312,-0.2848145663738251,0.0207336470484733,0.7292833924293518,0.6204966902732849,0.2875758707523346,5,-0.6758878799394394,1.0,1.0,1.0,0,0,-0.0331465361321726,0.4942753796838178,-192,-43,thymio-08
128,1788222778.7478166,2.6907835006713867,-0.2784595787525177,0.4386001470793688,85.62618487699321,2.6907835006713867,0.0814809501171112,-0.2784595787525177,0.197650209069252,0.7939524054527283,0.5734524130821228,0.0415512695908546,5,-0.7529856310439285,1.0,1.0,1.0,0,0,-0.0176498881601703,0.4987450145922989,-138,13,thymio-08
129,1788222779.355997,2.6813201904296875,-0.2671339511871338,0.320609592071758,85.52618487699321,2.6813201904296875,0.0811324939131736,-0.2671339511871338,0.3439428210258484,0.7730007171630859,0.5149227976799011,-0.1379416137933731,5,-0.7850402946968065,1.0,1.0,1.0,0,0,-0.0112069007659418,0.4376381623663547,-106,26,thymio-08
130,1788222779.9638546,2.6813201904296875,-0.2671339511871338,0.320609592071758,85.42618487699322,2.6813201904296875,0.0811324939131736,-0.2671339511871338,0.3439428210258484,0.7730007171630859,0.5149227976799011,-0.1379416137933731,5,-0.7850402946968065,1.0,1.0,1.0,0,0,-0.0112069007659418,0.4174383747035308,-103,23,thymio-08
131,1788222780.5725253,2.695204734802246,-0.2651471197605133,0.0461336578061795,85.32618487699322,2.695204734802246,0.0819804817438125,-0.2651471197605133,0.4529969692230224,0.7161935567855835,0.4294136166572571,-0.3121933043003082,5,0.6717575073413624,1.0,1.0,-0.7798372530442197,0,0,0.0416693440248125,0.3735375407553974,92,204,thymio-08
132,1788222781.181091,2.6998655796051025,-0.2629900276660919,-0.2377217162152209,85.22618487699323,2.6998655796051025,0.0819262713193893,-0.2629900276660919,0.4925488829612732,0.6753842830657959,0.3846685886383056,-0.3915123343467712,5,0.6730640664614664,1.0,1.0,-0.7701622473255816,0,0,0.0491029204224696,0.4403862917764366,108,241,thymio-08
133,1788222781.7894192,2.6998655796051025,-0.2629900276660919,-0.2377217162152209,85.12618487699324,2.6998655796051025,0.0819262713193893,-0.2629900276660919,0.4925488829612732,0.6753842830657959,0.3846685886383056,-0.3915123343467712,5,0.6730640664614664,1.0,1.0,-0.7701622473255816,0,0,0.0476699317154408,0.4744005039872584,98,241,thymio-08
134,1788222782.3976731,2.713488817214966,-0.2353691905736923,-1.216409499356443,85.02618487699324,2.713488817214966,0.0825743973255157,-0.2353691905736923,0.5594982504844666,0.57757568359375,0.2821687459945678,-0.5232102870941162,5,1.0,1.0,1.0,-0.7565646612435062,0,0,0.0248736509693308,0.5721622626656674,2,175,thymio-08
135,1788222783.00575,2.7467527389526367,-0.1806849241256714,-1.794116747640647,84.92618487699325,2.7467527389526367,0.0827955156564712,-0.1806849241256714,0.606964647769928,0.4360829591751098,0.144875630736351,-0.6484108567237854,5,1.0,-0.7427927930871675,1.0,0.6223851183466924,0,0,-0.0145265972353753,0.628213643541811,-146,43,thymio-08
136,1788222783.6140978,2.7953643798828125,-0.1541085541248321,-1.96317278610124,84.82618487699325,2.7953643798828125,0.0822770670056343,-0.1541085541248321,0.6214520335197449,0.242936834692955,-0.0231613554060459,-0.7444747686386108,5,1.0,-0.7112089439112939,1.0,0.6148340192250086,0,0,-0.0783312135454228,0.6282535668432662,-373,-183,thymio-08
137,1788222784.2220953,2.777799606323242,-0.1655921339988708,-1.9624893007592168,84.72618487699326,2.777799606323242,0.0817127078771591,-0.1655921339988708,0.58342045545578,0.0061877602711319,-0.2168640792369842,-0.7826573252677917,5,1.0,-0.7349999140557673,1.0,0.6252236022340123,0,0,0.0212650172747907,0.6281902466106124,-19,170,thymio-08
138,1788222784.830092,2.766608238220215,-0.1727229356765747,-1.9193440770016448,84.62618487699326,2.766608238220215,0.0817246288061142,-0.1727229356765747,0.5416675209999084,-0.1131192669272422,-0.3001760840415954,-0.7769778966903687,5,1.0,-0.7502017566973346,1.0,0.6262890912580257,0,0,0.0182094469038357,0.6281656139341488,-30,160,thymio-08
139,1788222785.437811,2.766608238220215,-0.1727229356765747,-1.9193440770016448,84.52618487699327,2.766608238220215,0.0817246288061142,-0.1727229356765747,0.5416675209999084,-0.1131192669272422,-0.3001760840415954,-0.7769778966903687,5,1.0,-0.7502017566973346,1.0,0.6262890912580257,0,0,0.0182094469038357,0.6282298113409175,-30,160,thymio-08
140,1788222786.046262,2.7758405208587646,-0.1875004023313522,-1.846619548499505,84.42618487699328,2.7758405208587646,0.0812083408236503,-0.1875004023313522,0.5008159875869751,-0.2092645019292831,-0.3623256981372833,-0.7577017545700073,5,1.0,-0.7431637192279923,1.0,0.6383870381100722,0,0,0.0196240924351735,0.6281932925371444,-25,165,thymio-08
141,1788222786.654287,2.7764337062835693,-0.2318992912769317,-0.8552923477196659,84.32618487699328,2.7764337062835693,0.0812213122844696,-0.2318992912769317,0.340373694896698,-0.4576331675052643,-0.5227869749069214,-0.6335704326629639,5,1.0,1.0,1.0,-0.7209436141679446,0,0,-0.0904502916095457,0.6249009727703523,-416,-227,thymio-08
142,1788222787.2632003,2.7585408687591557,-0.2600468397140503,0.1206492780638437,84.22618487699329,2.7585408687591557,0.081686645746231,-0.2600468397140503,0.1910254508256912,-0.6063520908355713,-0.5888888835906982,-0.4990555047988891,5,-0.7170101951260908,1.0,-0.9854285647104484,-0.4811857328243578,0,0,-0.0,0.5710632797563071,-86,86,thymio-08
143,1788222787.871039,2.7721140384674072,-0.2237432301044464,0.2877304709241666,84.12618487699329,2.7721140384674072,0.081814244389534,-0.2237432301044464,0.1194134578108787,-0.6610062718391418,-0.6084056496620178,-0.4226745963096618,5,-0.7424838909454236,-0.9557152915068032,1.0,-0.4635164611406409,0,0,0.0,0.6283125727994329,-95,95,thymio-08
144,1788222788.4789672,2.7721140384674072,-0.2237432301044464,0.2877304709241666,84.0261848769933,2.7721140384674072,0.081814244389534,-0.2237432301044464,0.1194134578108787,-0.6610062718391418,-0.6084056496620178,-0.4226745963096618,5,-0.7424838909454236,1.0,1.0,-0.4635164611406409,0,0,-0.0197607379199698,0.3363405667908329,-121,-19,thymio-08
145,1788222789.0873322,2.7521605491638184,-0.2064141482114792,0.395649961220252,83.9261848769933,2.7521605491638184,0.0816884562373161,-0.2064141482114792,-0.127770721912384,-0.7716012001037598,-0.5989096760749817,-0.1720857471227646,5,-0.7978151560702749,1.0,1.0,-0.3955153582736095,1131,0,-0.0086391536298747,0.5199255876500255,-109,48,thymio-08
146,1788222789.6952124,2.7521605491638184,-0.2064141482114792,0.395649961220252,83.82618487699331,2.7521605491638184,0.0816884562373161,-0.2064141482114792,-0.127770721912384,-0.7716012001037598,-0.5989096760749817,-0.1720857471227646,5,-0.7978151560702749,1.0,1.0,-0.3955153582736095,0,0,-0.0086391536298747,0.4405817932087338,-97,36,thymio-08
147,1788222790.2980783,10000.0,10000.0,0.0,83.82618487699331,2.7521605491638184,0.0816884562373161,-0.2064141482114792,-0.127770721912384,-0.7716012001037598,-0.5989096760749817,-0.1720857471227646,5,1.0,1.0,-1.0,1.0,0,0,-0.03,-0.0564873138479472,-98,-115,thymio-08
148,1788222790.901877,10000.0,10000.0,0.0,83.82618487699331,2.7521605491638184,0.0816884562373161,-0.2064141482114792,-0.127770721912384,-0.7716012001037598,-0.5989096760749817,-0.1720857471227646,5,1.0,1.0,-1.0,1.0,0,0,0.03,0.0226603379821843,103,110,thymio-08
149,1788222791.5047953,10000.0,10000.0,0.0,83.82618487699331,2.7521605491638184,0.0816884562373161,-0.2064141482114792,-0.127770721912384,-0.7716012001037598,-0.5989096760749817,-0.1720857471227646,5,1.0,1.0,-1.0,1.0,0,0,0.03,0.4351045876435318,41,172,thymio-08
150,1788222792.107681,10000.0,10000.0,0.0,83.82618487699331,2.7521605491638184,0.0816884562373161,-0.2064141482114792,-0.127770721912384,-0.7716012001037598,-0.5989096760749817,-0.1720857471227646,5,1.0,1.0,-1.0,1.0,2987,0,-0.08,0.5249876444493293,-364,-205,thymio-08
151,1788222792.7106974,10000.0,10000.0,0.0,83.82618487699331,2.7521605491638184,0.0816884562373161,-0.2064141482114792,-0.127770721912384,-0.7716012001037598,-0.5989096760749817,-0.1720857471227646,5,1.0,1.0,-1.0,1.0,0,0,0.03,0.4886745492088013,33,180,thymio-08
152,1788222793.3142085,10000.0,10000.0,0.0,83.82618487699331,2.7521605491638184,0.0816884562373161,-0.2064141482114792,-0.127770721912384,-0.7716012001037598,-0.5989096760749817,-0.1720857471227646,5,1.0,1.0,-1.0,1.0,0,0,0.03,0.3778229055408046,50,164,thymio-08
153,1788222793.9175828,10000.0,10000.0,0.0,83.82618487699331,2.7521605491638184,0.0816884562373161,-0.2064141482114792,-0.127770721912384,-0.7716012001037598,-0.5989096760749817,-0.1720857471227646,5,1.0,1.0,-1.0,1.0,0,0,0.03,0.3169554777911614,59,154,thymio-08
154,1788222794.521133,10000.0,10000.0,0.0,83.82618487699331,2.7521605491638184,0.0816884562373161,-0.2064141482114792,-0.127770721912384,-0.7716012001037598,-0.5989096760749817,-0.1720857471227646,5,1.0,1.0,-1.0,1.0,0,0,0.03,0.271028020233963,66,148,thymio-08
155,1788222795.1248713,10000.0,10000.0,0.0,83.82618487699331,2.7521605491638184,0.0816884562373161,-0.2064141482114792,-0.127770721912384,-0.7716012001037598,-0.5989096760749817,-0.1720857471227646,5,1.0,1.0,-1.0,1.0,0,0,0.03,0.2420978727863631,70,143,thymio-08
156,1788222795.7286184,10000.0,10000.0,0.0,83.82618487699331,2.7521605491638184,0.0816884562373161,-0.2064141482114792,-0.127770721912384,-0.7716012001037598,-0.5989096760749817,-0.1720857471227646,5,1.0,1.0,-1.0,1.0,0,0,0.03,0.2282159510088064,72,141,thymio-08
157,1788222796.3324995,10000.0,10000.0,0.0,83.82618487699331,2.7521605491638184,0.0816884562373161,-0.2064141482114792,-0.127770721912384,-0.7716012001037598,-0.5989096760749817,-0.1720857471227646,5,1.0,1.0,-1.0,1.0,0,0,0.03,0.2210659839966295,73,140,thymio-08
158,1788222796.9352653,10000.0,10000.0,0.0,83.82618487699331,2.7521605491638184,0.0816884562373161,-0.2064141482114792,-0.127770721912384,-0.7716012001037598,-0.5989096760749817,-0.1720857471227646,5,1.0,1.0,-1.0,1.0,0,0,0.03,0.2148078869206635,74,139,thymio-08
159,1788222797.5396812,2.754966259002685,-0.2010926902294159,0.4656857424615261,83.82618487699331,2.754966259002685,0.0815790146589279,-0.2010926902294159,-0.1686243116855621,-0.7962868213653564,-0.5777038931846619,-0.0612485036253929,5,-0.8061259354727895,1.0,1.0,-0.3751601633753478,0,0,0.0257408746976004,-0.1260127381698512,110,72,thymio-08
160,1788222798.1430783,2.918642282485962,-0.0393561087548732,-1.9237298116588812,83.82618487699331,2.918642282485962,0.0834520682692527,-0.0393561087548732,-0.6298932433128357,-0.2419321686029434,0.0481912121176719,0.7364652156829834,5,1.0,-0.0751675939805895,-0.8178878009694318,0.4457908339388732,0,0,0.0142418196659425,-0.0047247785165328,51,50,thymio-08
161,1788222798.751409,2.918642282485962,-0.0393561087548732,-1.9237298116588812,83.72618487699332,2.918642282485962,0.0834520682692527,-0.0393561087548732,-0.6298932433128357,-0.2419321686029434,0.0481912121176719,0.7364652156829834,5,1.0,-0.0751675939805895,-0.8178878009694318,0.4457908339388732,0,0,-0.002436874081641,0.349244373681512,-61,44,thymio-08
162,1788222799.360849,2.9352283477783203,-0.0319368429481983,-1.9305754913125688,83.62618487699332,2.9352283477783203,0.0825705900788307,-0.0319368429481983,-0.6256950497627258,-0.249620720744133,0.0365478917956352,0.7381460070610046,5,1.0,-0.050453002047285,-0.6878648697753886,0.4268022621044509,0,0,-0.0712128592751203,0.6089917310713154,-345,-161,thymio-08
163,1788222799.9688108,2.9426825046539307,-0.0316309034824371,-1.9034426692109505,83.52618487699333,2.9426825046539307,0.083248496055603,-0.0316309034824371,-0.6283745765686035,-0.2179675847291946,0.086551159620285,0.7417172193527222,5,1.0,-0.0105248416364536,-0.6835351065182236,0.4281181489849717,0,0,-0.0651695263764509,0.6147773836482483,-324,-139,thymio-08
164,1788222800.5775175,2.894528150558472,-0.0453219152987003,-1.995703926295836,83.42229538854939,2.894528150558472,0.0824842229485511,-0.0453219152987003,-0.5785186290740967,0.0144429495558142,0.2101398408412933,0.788003146648407,5,1.0,-0.0358865535247987,-0.6706799472227772,0.444526262261725,0,0,-0.07012056516355,0.6182590358298525,-343,-156,thymio-08
165,1788222801.1859744,2.894528150558472,-0.0453219152987003,-1.995703926295836,83.32229538854939,2.894528150558472,0.0824842229485511,-0.0453219152987003,-0.5785186290740967,0.0144429495558142,0.2101398408412933,0.788003146648407,5,1.0,-0.0358865535247987,-0.6706799472227772,0.444526262261725,0,0,-0.0751033915942158,0.6187063426057863,-360,-173,thymio-08
166,1788222801.7944715,2.8581671714782715,-0.0399112664163112,-1.932441214929872,83.21970557278489,2.8581671714782715,0.0824093148112297,-0.0399112664163112,-0.5394101738929749,0.1266684830188751,0.2998591065406799,0.7765799164772034,5,1.0,-0.0299524648743336,-0.6613061993453369,0.445607108996958,0,0,-0.0884919664708339,0.6180879228438693,-408,-221,thymio-08
167,1788222802.4025571,2.790422201156616,0.0067294407635927,-1.5889662538918023,82.90703341705526,2.790422201156616,0.0850109085440635,0.0067294407635927,-0.4364130795001983,0.3409168422222137,0.4489587843418121,0.701252818107605,5,1.0,-0.0281292596328729,-0.6945369099655725,0.4035630453175307,0,0,-0.0712022390823941,0.5936332432604969,-343,-163,thymio-08
168,1788222803.010667,2.7735464572906494,0.0412593968212604,-1.0992549261587294,82.80703341705527,2.7735464572906494,0.0841338261961937,0.0412593968212604,-0.367623895406723,0.4211789667606354,0.5090369582176208,0.6544787883758545,5,1.0,-0.6632614358093303,1.0,0.3696415723969333,0,0,-0.1037124064260861,0.6272633117891011,-463,-274,thymio-08
169,1788222803.6200306,2.7598559856414795,0.1108278036117553,-0.0889496768004729,82.6964811195162,2.7598559856414795,0.0846944078803062,0.1108278036117553,-0.2511072158813476,0.5653428435325623,0.5585452914237976,0.5525937080383301,5,0.2965153329078531,-0.6056031953133161,1.0,0.0237585549582159,0,0,-0.0792095489662571,0.6125317797478761,-374,-189,thymio-08
170,1788222804.2281468,2.7598559856414795,0.1108278036117553,-0.0889496768004729,82.59648111951621,2.7598559856414795,0.0846944078803062,0.1108278036117553,-0.2511072158813476,0.5653428435325623,0.5585452914237976,0.5525937080383301,5,0.2965153329078531,-0.6056031953133161,1.0,0.0237585549582159,0,0,0.0472737577420234,0.6276008623831658,73,263,thymio-08
171,1788222804.8361108,2.7878782749176025,0.2046991884708404,0.280352212206433,82.49648111951622,2.7878782749176025,0.0852899700403213,0.2046991884708404,-0.089755468070507,0.6697303652763367,0.6125441789627075,0.4101157486438751,5,0.2001865876653208,-0.5433975430849505,1.0,0.1371740484290813,0,0,0.05,0.6282504539955407,83,273,thymio-08
172,1788222805.4448562,2.750704526901245,0.1934432089328766,0.4177819690386051,82.39648111951622,2.750704526901245,0.0852811634540557,0.1934432089328766,0.0332701951265335,0.7518056631088257,0.6063084006309509,0.2570436894893646,5,0.1941612639476932,1.0,1.0,-0.6518773669149931,0,0,0.0379726492500863,0.5060953400543996,58,211,thymio-08
173,1788222806.0526,2.701758623123169,0.194133847951889,0.4313280213885679,82.24370354023958,2.701758623123169,0.0862345173954963,0.194133847951889,0.1655624657869339,0.7822335362434387,0.5928924679756165,0.0958042666316032,5,0.1741856219427637,1.0,1.0,-0.7613802825338305,0,0,0.0159625632107,0.62714419860784,-38,151,thymio-08
174,1788222806.6604955,2.657003164291382,0.2196443825960159,0.3892145754886327,82.02615026617092,2.657003164291382,0.0858667641878128,0.2196443825960159,0.3119451105594635,0.7774628400802612,0.5308879613876343,-0.1280619204044342,5,0.1284040816741785,-0.8641484882575039,1.0,0.0435545059225057,0,0,0.0,0.6281071015806439,-95,95,thymio-08
175,1788222807.268799,2.657346248626709,0.2289561629295349,0.2909100564657381,81.92615026617092,2.657346248626709,0.0860605090856552,0.2289561629295349,0.3807636797428131,0.7516864538192749,0.4862143397331238,-0.231478676199913,5,0.1156438592177213,-0.8640809236685458,1.0,0.022913624541659,0,0,0.0,0.6256358372785991,-94,94,thymio-08
176,1788222807.8765883,2.657346248626709,0.2289561629295349,0.2909100564657381,81.82615026617093,2.657346248626709,0.0860605090856552,0.2289561629295349,0.3807636797428131,0.7516864538192749,0.4862143397331238,-0.231478676199913,5,0.1156438592177213,-0.8640809236685458,1.0,0.022913624541659,0,0,0.0,0.3907418060035281,-59,59,thymio-08
177,1788222808.4850235,2.6617138385772705,0.2319604754447937,0.1842837772127721,81.72615026617093,2.6617138385772705,0.0863955542445182,0.2319604754447937,0.4217693209648132,0.7203808426856995,0.4495071172714233,-0.3179709613323211,5,0.1135715364391889,-0.8601487544164379,1.0,0.0097381389796185,0,0,0.0,-0.0921865289059249,14,-14,thymio-08
178,1788222809.0932734,2.6721270084381104,0.2431077361106872,-0.6346258953101116,81.62615026617094,2.6721270084381104,0.0864792391657829,0.2431077361106872,0.5208243727684021,0.6385791301727295,0.3380198776721954,-0.4546442031860351,5,0.1124510830707976,-0.7960164494863231,1.0,0.0382039447459157,0,0,0.009000693653249,-0.049056186791968,39,25,thymio-08
179,1788222809.701015,2.6721270084381104,0.2431077361106872,-0.6346258953101116,81.52615026617094,2.6721270084381104,0.0864792391657829,0.2431077361106872,0.5208243727684021,0.6385791301727295,0.3380198776721954,-0.4546442031860351,5,0.1124510830707976,-0.7960164494863231,1.0,0.0382039447459157,0,0,0.009000693653249,0.1533124297204224,9,55,thymio-08
180,1788222810.311432,2.672028064727783,0.24326953291893,-0.6280118965564214,81.42615026617095,2.672028064727783,0.0864801257848739,0.24326953291893,0.5208303928375244,0.6390420198440552,0.3389750123023987,-0.4532736837863922,5,0.1239250218363201,-0.8049978703881773,1.0,0.0800558124951817,0,0,0.0071954280519763,0.3161248799775357,-22,73,thymio-08
181,1788222810.9215653,2.672595977783203,0.2549959719181061,-0.8108828604137428,81.32615026617096,2.672595977783203,0.08688685297966,0.2549959719181061,0.5399993658065796,0.6237170696258545,0.3175795972347259,-0.4674622118473053,5,1.0,-0.8267300070285046,1.0,0.1276731429151809,0,0,0.0028272685872705,0.5853465708466529,-78,98,thymio-08
182,1788222811.529994,2.677501916885376,0.2680433690547943,-1.23174725085894,81.22615026617096,2.677501916885376,0.0862653851509094,0.2680433690547943,0.5543621182441711,0.5782297253608704,0.2763435244560241,-0.531005859375,5,1.0,0.2806661868287121,-0.823006258859976,0.1211734452775212,0,0,0.0035757419691448,-0.0294343876154719,17,8,thymio-08
183,1788222812.1386523,2.6909728050231934,0.2773157060146332,-1.701672455527852,81.12615026617097,2.6909728050231934,0.086003229022026,0.2773157060146332,0.5966451168060303,0.4716666042804718,0.1557589769363403,-0.6303049325942993,5,1.0,0.3248261764355198,-0.8190416044701936,0.1121698513083651,0,1177,0.004372637501491,0.2809221610613862,-27,58,thymio-08
184,1788222812.7479634,2.698771476745605,0.2821287512779236,-1.8358008214603487,81.02615026617097,2.698771476745605,0.0866388604044914,0.2821287512779236,0.6037436127662659,0.4171473979949951,0.1288705766201019,-0.6669889092445374,5,1.0,0.4608975489850826,-0.8132021313174556,0.1030474582519085,0,1247,-0.0041702015193142,0.6089461552048401,-107,77,thymio-08
185,1788222813.356512,2.698771476745605,0.2821287512779236,-1.8358008214603487,80.92615026617098,2.698771476745605,0.0866388604044914,0.2821287512779236,0.6037436127662659,0.4171473979949951,0.1288705766201019,-0.6669889092445374,5,1.0,0.4608975489850826,-0.8132021313174556,0.1030474582519085,0,0,-0.0068735116745064,0.6185383094083161,-118,69,thymio-08
186,1788222813.9649272,2.708099842071533,0.2821187973022461,-1.8673717860723296,80.82615026617098,2.708099842071533,0.0863124132156372,0.2821187973022461,0.6188498735427856,0.3426518440246582,0.0321629643440246,-0.7061021327972412,5,1.0,0.4796795579698543,-0.8081989105166412,0.1004815821387856,0,0,-0.0100167517976934,0.622649940814416,-130,58,thymio-08
187,1788222814.572844,2.7223458290100098,0.2699014246463775,-1.949147853244693,80.72615026617099,2.7223458290100098,0.0872045308351516,0.2699014246463775,0.5993250012397766,0.0953243151307106,-0.1640492677688598,-0.7776957154273987,5,1.0,0.4936527109769353,-0.8065705162129492,0.109961113279962,0,0,-0.0144844542419781,0.6249440276224009,-146,43,thymio-08
188,1788222815.1812837,2.7238056659698486,0.2562486529350281,-1.900848208466176,80.626150266171,2.7238056659698486,0.0866502076387405,0.2562486529350281,0.546019971370697,-0.1016836538910865,-0.3051128983497619,-0.7735817432403564,5,1.0,0.5225060373203947,-0.808492271040675,0.1242578580063575,0,0,-0.018790188734238,0.6221364264852203,-161,27,thymio-08
189,1788222815.7895677,2.7195398807525635,0.2483875900506973,-1.777166772552829,80.526150266171,2.7195398807525635,0.086612157523632,0.2483875900506973,0.4880331456661224,-0.2304257005453109,-0.3925180435180664,-0.7447531819343567,5,1.0,0.525971728046013,-0.81025674083322,0.1364674444958584,1402,0,-0.0210259902460589,0.6094125957716439,-167,17,thymio-08
190,1788222816.3983226,2.7067689895629883,0.2446150183677673,-1.2535622968138005,80.426150266171,2.7067689895629883,0.0862147435545921,0.2446150183677673,0.3811849653720855,-0.4214704036712646,-0.4846047759056091,-0.6649954915046692,5,1.0,0.4875140939725984,-0.8073263765144874,0.1492579711748523,0,0,-0.0171179617530396,0.4257573033239567,-125,3,thymio-08
191,1788222817.0077577,2.7067689895629883,0.2446150183677673,-1.2535622968138005,80.32615026617101,2.7067689895629883,0.0862147435545921,0.2446150183677673,0.3811849653720855,-0.4214704036712646,-0.4846047759056091,-0.6649954915046692,5,1.0,0.4875140939725984,-0.8073263765144874,0.1492579711748523,0,0,-0.0143325677848437,0.463459538466112,-121,19,thymio-08
192,1788222817.616074,2.6936962604522705,0.2512894570827484,-0.1001598022745509,80.22615026617102,2.6936962604522705,0.0859772115945816,0.2512894570827484,0.2522461414337158,-0.562893271446228,-0.5590694546699524,-0.5540436506271362,5,0.1466465733585649,-0.7932766481346436,1.0,0.4237894488024274,0,0,-0.0063853072641916,0.6124163374807423,-115,70,thymio-08
193,1788222818.223686,2.684181928634644,0.262088268995285,0.274115585671745,80.12615026617102,2.684181928634644,0.0864978060126304,0.262088268995285,0.0954964309930801,-0.665250301361084,-0.61342453956604,-0.4147684872150421,5,0.1322319544847889,-0.7698144345955591,1.0,0.4801482815795774,0,0,0.0339996026847782,0.6282140686348645,26,216,thymio-08
194,1788222818.8319724,2.650824546813965,0.2676208615303039,0.4437739416373518,79.96862651884065,2.650824546813965,0.0864584445953369,0.2676208615303039,-0.1106238812208175,-0.7725116610527039,-0.6056191921234131,-0.155607059597969,5,0.1169759068303906,-0.7925450112900684,1.0,0.4364063713470827,0,0,0.0096984527306962,0.6282722689110173,-60,129,thymio-08
195,1788222819.439741,2.650824546813965,0.2676208615303039,0.4437739416373518,79.86862651884066,2.650824546813965,0.0864584445953369,0.2676208615303039,-0.1106238812208175,-0.7725116610527039,-0.6056191921234131,-0.155607059597969,5,0.1169759068303906,-0.7925450112900684,1.0,0.4364063713470827,0,0,0.0096984527306962,0.5295429871585533,-46,114,thymio-08
196,1788222820.048165,2.6217682361602783,0.2831814289093017,0.4242539412628074,79.7528109252994,2.6217682361602783,0.0866105556488037,0.2831814289093017,-0.2615331411361694,-0.783216655254364,-0.5617260336875916,0.0513429455459117,5,0.099271127991753,-0.8112957645039152,1.0,0.3978186032821611,0,0,0.005929551334713,0.0322264388031791,16,26,thymio-08
197,1788222820.656659,2.6217682361602783,0.2831814289093017,0.4242539412628074,79.6528109252994,2.6217682361602783,0.0866105556488037,0.2831814289093017,-0.2615331411361694,-0.783216655254364,-0.5617260336875916,0.0513429455459117,5,0.099271127991753,-0.8112957645039152,1.0,0.3978186032821611,0,0,0.005929551334713,-0.177169970820251,48,-6,thymio-08
1,1788223032.463294,2.812838077545166,1.3167974948883057,-0.0190407379887873,100.0,2.812838077545166,0.0896011814475059,1.3167974948883057,0.3536509871482849,-0.5079968571662903,-0.5208864808082581,-0.5878328084945679,5,1.0,1.0,1.0,-0.6278196694132772,0,0,0.033280310355412,0.6116973721651995,26,211,thymio-09
2,1788223033.0673194,2.99984073638916,-0.4531226456165313,-0.5419440895182692,100.0,2.99984073638916,0.0749479681253433,-0.4531226456165313,-0.5420513153076172,-0.589921236038208,-0.3229859173297882,0.5038387775421143,5,-0.7724513800872543,1.0,1.0,-0.6785658450058241,1983,0,0.0467706214637843,0.0416515512670433,160,172,thymio-09
3,1788223033.6751227,3.0122573375701904,-0.4407082200050354,-1.147745489150188,99.9,3.0122573375701904,0.0744044408202171,-0.4407082200050354,-0.5798704624176025,-0.5038135647773743,-0.2419010549783706,0.592795193195343,5,-0.8022098764149327,1.0,1.0,-0.6812679804682465,3669,0,-0.08,0.4881845291888856,-358,-211,thymio-09
4,1788223034.283296,3.021744966506958,-0.4316049814224243,-1.3049925108511082,99.8,3.021744966506958,0.0745675563812255,-0.4316049814224243,-0.598569393157959,-0.4492667019367218,-0.1915523409843444,0.6349660754203796,5,1.0,1.0,1.0,-0.8254341304680536,2766,0,-0.08,0.6281019703952347,-379,-189,thymio-09
5,1788223034.8918304,3.021744966506958,-0.4316049814224243,-1.3049925108511082,99.70000000000002,3.021744966506958,0.0745675563812255,-0.4316049814224243,-0.598569393157959,-0.4492667019367218,-0.1915523409843444,0.6349660754203796,5,1.0,1.0,1.0,-0.8254341304680536,0,0,0.0096821126504849,0.6203369208858427,-59,128,thymio-09
6,1788223035.4960992,10000.0,10000.0,0.0,99.70000000000002,3.021744966506958,0.0745675563812255,-0.4316049814224243,-0.598569393157959,-0.4492667019367218,-0.1915523409843444,0.6349660754203796,5,1.0,1.0,-1.0,1.0,0,0,0.03,0.6038009575669917,15,198,thymio-09
7,1788223036.099414,2.969111919403076,-0.4958753287792206,-1.52533955232148,99.70000000000002,2.969111919403076,0.0735712200403213,-0.4958753287792206,-0.6332180500030518,-0.1402135789394378,0.0717814490199089,0.7577747106552124,5,1.0,1.0,1.0,-0.7783854841757756,0,0,0.0217402558207685,0.6282103262215958,-18,172,thymio-09
8,1788223036.7071865,2.9817819595336914,-0.50285804271698,-2.3089184071373783,99.60000000000002,2.9817819595336914,0.0731779411435127,-0.50285804271698,0.7357310652732849,-0.125960573554039,-0.2226556837558746,0.6271031498908997,5,1.0,-0.6338224271349155,1.0,-0.7998924172801142,0,0,-0.002636960636241,0.6279397185087631,-104,85,thymio-09
9,1788223037.315649,2.9817819595336914,-0.50285804271698,-2.3089184071373783,99.50000000000004,2.9817819595336914,0.0731779411435127,-0.50285804271698,0.7357310652732849,-0.125960573554039,-0.2226556837558746,0.6271031498908997,5,1.0,-0.6338224271349155,1.0,-0.7998924172801142,0,0,-0.0128689907616255,0.6281363946049525,-141,49,thymio-09
10,1788223037.923659,2.992032527923584,-0.5227675437927246,-1.46693305379667,99.40000000000003,2.992032527923584,0.0737636461853981,-0.5227675437927246,-0.5638359785079956,0.1476665437221527,0.2986916601657867,0.7556897401809692,5,1.0,1.0,1.0,-0.8148044654392063,0,0,-0.0092893662753235,0.6274035338470648,-128,62,thymio-09
11,1788223038.5329294,2.974391460418701,-0.5216474533081055,-1.0251013325910856,99.30000000000004,2.974391460418701,0.0740367770195007,-0.5216474533081055,-0.4351115822792053,0.389660120010376,0.4604230225086212,0.6684711575508118,5,-0.8250525477638655,1.0,1.0,-0.6399969092668323,0,0,-0.0008332425902902,0.6273200985363181,-98,92,thymio-09
12,1788223039.141261,2.9636566638946533,-0.512700080871582,0.3319701404172606,99.20000000000005,2.9636566638946533,0.0744995921850204,-0.512700080871582,-0.3108490407466888,0.5411887764930725,0.5446486473083496,0.5602191090583801,5,-0.6415711908857137,1.0,-0.7964247462527032,1.0,0,0,0.016803342860568,0.4403782395907419,-7,126,thymio-09
13,1788223039.749754,2.9591434001922607,-0.5089927911758423,0.6918871070301487,99.10000000000004,2.9591434001922607,0.0747102871537208,-0.5089927911758423,-0.2413327097892761,0.6005419492721558,0.5778540968894958,0.4971847236156463,5,-0.6402944107956947,1.0,-0.7966870856669234,1.0,0,0,-0.0088658957809484,0.5482415429411805,-114,51,thymio-09
14,1788223040.3580923,2.946681499481201,-0.5068938732147217,0.9567261978272512,99.00000000000006,2.946681499481201,0.0737458020448684,-0.5068938732147217,-0.1288872808218002,0.6914592981338501,0.6090260148048401,0.3665507733821869,5,-0.630247149722749,1.0,-0.7892936085418419,1.0,0,0,-0.0103519846830897,0.5149106711870676,-115,41,thymio-09
15,1788223040.966259,2.952479600906372,-0.4910297393798828,1.020574760726845,98.90000000000006,2.952479600906372,0.0742951482534408,-0.4910297393798828,0.0528627969324588,0.761146068572998,0.6236069798469543,0.1702252030372619,5,-0.6199307272663979,1.0,-0.7914686197665343,1.0,0,0,-0.0099148074269266,0.3612319102426309,-90,19,thymio-09
16,1788223041.5742712,2.952479600906372,-0.4910297393798828,1.020574760726845,98.80000000000008,2.952479600906372,0.0742951482534408,-0.4910297393798828,0.0528627969324588,0.761146068572998,0.6236069798469543,0.1702252030372619,5,-0.6199307272663979,1.0,-0.7914686197665343,1.0,0,0,-0.0099148074269266,0.1862262498076068,-63,-7,thymio-09
17,1788223042.182152,2.9527993202209477,-0.490549623966217,1.8033642249859216,98.70000000000007,2.9527993202209477,0.0737307369709014,-0.490549623966217,0.1111422777175903,-0.5953931212425232,0.7664763927459717,-0.213701844215393,5,1.0,-0.7904980711307421,-0.6189191269195682,1.0,0,0,0.0399794804334951,-0.0321380743523809,147,137,thymio-09
18,1788223042.7901576,2.9673476219177246,-0.4832419455051422,1.8355739598495653,98.60000000000008,2.9673476219177246,0.0732058510184288,-0.4832419455051422,-0.2635513246059418,0.6278733611106873,-0.7257571816444397,0.0979398116469383,5,1.0,-0.7934250638061975,-0.5976108714970484,1.0,0,0,0.0379146850478093,-0.5415982405671252,216,53,thymio-09
19,1788223043.3983862,2.938692569732666,-0.4703534543514251,1.0238106877353657,98.44664355699256,2.938692569732666,0.0740669593214988,-0.4703534543514251,0.1779464334249496,0.7734174132347107,0.6082966327667236,0.0116592748090624,5,-0.6203774179950758,1.0,-0.7929091596883542,1.0,0,0,0.0272985616214412,-0.1470030946487704,119,75,thymio-09
20,1788223044.006588,2.938692569732666,-0.4703534543514251,1.0238106877353657,98.34664355699256,2.938692569732666,0.0740669593214988,-0.4703534543514251,0.1779464334249496,0.7734174132347107,0.6082966327667236,0.0116592748090624,5,-0.6203774179950758,1.0,-0.7929091596883542,1.0,0,0,0.0290723195866267,-0.1171421106755938,121,86,thymio-09
21,1788223044.6151326,2.9125211238861084,-0.4729469418525696,1.016741812793887,98.20910203909004,2.9125211238861084,0.0753781795501709,-0.4729469418525696,0.0964447855949401,0.7661490440368652,0.6233299970626831,0.1231820061802864,5,-0.6322731725404624,1.0,-0.7777433597457226,1.0,0,0,-0.0126735846911097,-0.0841457024336796,-32,-58,thymio-09
22,1788223045.22347,2.8793833255767822,-0.4748394787311554,1.0076314251442715,97.99897521294562,2.8793833255767822,0.0754293948411941,-0.4748394787311554,0.0639971047639846,0.7593868374824524,0.6256042718887329,0.1668991148471832,5,-0.6423885701108052,1.0,-0.7577312458407404,1.0,0,0,-0.0166960195860111,-0.1667344672764901,-34,-85,thymio-09
23,1788223045.8312109,2.8789501190185547,-0.4747111797332763,1.8659732285107105,97.89897521294564,2.8789501190185547,0.0723326578736305,-0.4747111797332763,0.1120304763317108,-0.5821624398231506,0.7656949162483215,-0.2494943141937255,5,1.0,-0.7571064475754126,-0.6454051055291753,1.0,0,0,-0.016821604037342,-0.4646591223916704,10,-130,thymio-09
24,1788223046.4398332,2.895179510116577,-0.4751598238945007,1.0419774729225135,97.79897521294563,2.895179510116577,0.0736651718616485,-0.4751598238945007,-0.00250876811333,-0.7511675357818604,-0.6265085935592651,-0.2079134732484817,5,-0.6532870299549833,1.0,-0.7558525456831733,1.0,0,0,-0.0170736383176821,-0.4145821465318746,2,-123,thymio-09
25,1788223047.0479677,2.9161863327026367,-0.4793154597282409,0.9539395516036676,97.69897521294564,2.9161863327026367,0.0746458694338798,-0.4793154597282409,0.1228111311793327,-0.6928651332855225,-0.61063152551651,-0.3632966876029968,5,-0.6567641435878286,1.0,-0.7502265144049722,1.0,0,0,0.0510077504687196,-0.4908551679351338,255,107,thymio-09
26,1788223047.6565006,2.9149959087371826,-0.4910847544670105,0.8029013330946428,97.59897521294565,2.9149959087371826,0.0748342722654342,-0.4910847544670105,0.1992279887199401,-0.6331396102905273,-0.5923597812652588,-0.4566753804683685,5,-0.6540088954105772,1.0,-0.7313299898041496,1.0,0,0,-0.0220026720493659,-0.2959596147246943,-33,-123,thymio-09
27,1788223048.2646768,2.9149959087371826,-0.4910847544670105,0.8029013330946428,97.49897521294564,2.9149959087371826,0.0748342722654342,-0.4910847544670105,0.1992279887199401,-0.6331396102905273,-0.5923597812652588,-0.4566753804683685,5,-0.6540088954105772,1.0,-0.7313299898041496,1.0,0,0,-0.0220026720493659,-0.1164346816056815,-61,-96,thymio-09
28,1788223048.8730223,2.910377264022827,-0.5064428448677063,0.5619232504294764,97.39897521294566,2.910377264022827,0.0743644163012504,-0.5064428448677063,0.2736530900001526,-0.576231062412262,-0.5595294833183289,-0.5291489958763123,5,-0.649370234396321,1.0,-0.6959133374276267,1.0,0,0,-0.029121419177047,0.2208781045027358,-137,-70,thymio-09
29,1788223049.481637,2.9226856231689453,-0.4851804673671722,0.1928560403260859,97.29897521294566,2.9226856231689453,0.0747309774160385,-0.4851804673671722,0.32041135430336,-0.5258353352546692,-0.5385265350341797,-0.5751721262931824,5,-0.680778401237919,1.0,-0.6946867983105294,1.0,0,0,-0.0293679535395835,0.3262567931724431,-154,-55,thymio-09
30,1788223050.0902631,2.923306941986084,-0.4814027845859527,0.234899339018352,97.19897521294568,2.923306941986084,0.0747129321098327,-0.4814027845859527,0.31551194190979,-0.5307332873344421,-0.5406930446624756,-0.5713366270065308,5,-0.6856384358793979,1.0,-0.6897831198266932,1.0,0,0,-0.0303535929148346,0.2726513030676903,-149,-67,thymio-09
31,1788223050.6981378,2.931160926818848,-0.4487127363681793,0.6353672474495937,97.09897521294567,2.931160926818848,0.0752830356359481,-0.4487127363681793,0.2528166472911834,-0.5895731449127197,-0.5716332793235779,-0.511588454246521,5,-0.7262225966779685,1.0,-0.6736860064281655,1.0,0,0,-0.0230292580677283,0.2305469168459031,-117,-47,thymio-09
32,1788223051.307263,2.943037748336792,-0.4222418963909149,0.8187593256976591,96.99897521294568,2.943037748336792,0.0753557085990905,-0.4222418963909149,0.1962337344884872,-0.6361896991729736,-0.5950698256492615,-0.4501632452011108,5,-0.7589250758123915,1.0,-0.6671863431754886,1.0,0,0,-0.0164560597617092,0.2306432826481663,-93,-24,thymio-09
33,1788223051.9152305,2.943037748336792,-0.4222418963909149,0.8187593256976591,96.89897521294569,2.943037748336792,0.0753557085990905,-0.4222418963909149,0.1962337344884872,-0.6361896991729736,-0.5950698256492615,-0.4501632452011108,5,-0.7589250758123915,1.0,-0.6671863431754886,1.0,0,0,-0.0164560597617092,0.1518235402141319,-81,-36,thymio-09
34,1788223052.5230968,2.9540884494781494,-0.4061015844345093,0.8946172340560476,96.79897521294568,2.9540884494781494,0.0751580223441124,-0.4061015844345093,0.1568619757890701,-0.6643933057785034,-0.60795658826828,-0.4054192006587982,5,-0.7681519295661813,1.0,-0.6767017989121604,1.0,0,0,-0.0146014621571975,0.0396380434527694,-58,-46,thymio-09
35,1788223053.1308217,2.9673891067504883,-0.3912826180458069,1.0016006525742025,96.6989752129457,2.9673891067504883,0.0732885152101516,-0.3912826180458069,0.1199888736009597,-0.7047805786132812,-0.610741376876831,-0.3404145538806915,5,-0.7639177583199733,1.0,-0.6935607954257924,1.0,0,0,-0.0154525305776853,-0.0641388312750676,-45,-65,thymio-09
36,1788223053.7385414,2.9774837493896484,-0.3850637376308441,1.004485109619786,96.5989752129457,2.9774837493896484,0.0733913332223892,-0.3850637376308441,0.1117212250828743,-0.7093679308891296,-0.6109204292297363,-0.3333044946193695,5,-0.7544384205089834,1.0,-0.7105506519176894,1.0,0,0,-0.0173578774776943,-0.0927693270859125,-48,-76,thymio-09
37,1788223054.3470008,2.9774837493896484,-0.3850637376308441,1.004485109619786,96.49897521294572,2.9774837493896484,0.0733913332223892,-0.3850637376308441,0.1117212250828743,-0.7093679308891296,-0.6109204292297363,-0.3333044946193695,5,-0.7544384205089834,1.0,-0.7105506519176894,1.0,0,0,-0.0173578774776943,-0.0934488576908726,-48,-76,thymio-09
38,1788223054.9556568,2.9886586666107178,-0.3798016905784607,0.965976694764608,96.39897521294571,2.9886586666107178,0.0747517719864845,-0.3798016905784607,0.1167196556925773,-0.6976920366287231,-0.6119760870933533,-0.3536773324012756,5,-0.7301954400701833,-0.7478507404663315,1.0,1.0,0,0,-0.0186820011662673,-0.2310921944527778,-31,-101,thymio-09
39,1788223055.5636184,3.007598161697388,-0.3704733550548553,0.909383396099547,96.29897521294572,3.007598161697388,0.0748609080910682,-0.3704733550548553,0.146106019616127,-0.6781826019287109,-0.5993166565895081,-0.3994258046150207,5,-0.6967586078581423,-0.7788418134542695,1.0,1.0,0,0,-0.0124527954956918,-0.3698581194289578,12,-100,thymio-09
40,1788223056.1716816,3.0230422019958496,-0.3608058393001556,0.8449329085529795,96.19897521294573,3.0230422019958496,0.075370080769062,-0.3608058393001556,0.1918881684541702,-0.6445541977882385,-0.5933135151863098,-0.4423889219760895,5,-0.6697697771421973,-0.8548575541500654,1.0,1.0,0,0,-0.0,-0.2316776535537619,35,-35,thymio-09
41,1788223056.7797909,3.033176183700561,-0.3555376827716827,0.6712705506850671,96.09897521294572,3.033176183700561,0.0753974914550781,-0.3555376827716827,0.2459470182657241,-0.5963761210441589,-0.5753552913665771,-0.5028041005134583,5,-0.6470226382483701,1.0,-0.8290691372775163,1.0,0,0,-0.0023571034072192,-0.0575767066272366,0,-17,thymio-09
42,1788223057.3882077,3.038435935974121,-0.3566315770149231,0.36994259134344,95.99897521294574,3.038435935974121,0.0752119421958923,-0.3566315770149231,0.3033581078052521,-0.5456336140632629,-0.5489383935928345,-0.5558097958564758,5,-0.6280259030732256,1.0,-0.7783629530595992,-0.2994954250272645,0,0,-0.0125490464350205,0.0307809521683901,-49,-40,thymio-09
43,1788223057.996027,3.041590690612793,-0.3514173328876495,0.2220761800873587,95.89897521294574,3.041590690612793,0.0755717679858207,-0.3514173328876495,0.3161557614803314,-0.5263555645942688,-0.544362485408783,-0.5715460777282715,5,-0.572702182361791,1.0,-0.7777273269769097,-0.6185966164253038,0,0,-0.0126768072776411,0.0740976473240768,-56,-34,thymio-09
44,1788223058.603834,3.041590690612793,-0.3514173328876495,0.2220761800873587,95.79897521294576,3.041590690612793,0.0755717679858207,-0.3514173328876495,0.3161557614803314,-0.5263555645942688,-0.544362485408783,-0.5715460777282715,5,-0.572702182361791,1.0,-0.7777273269769097,-0.6185966164253038,0,0,-0.0126768072776411,0.2552400652421197,-84,-6,thymio-09
45,1788223059.2120748,3.0426549911499023,-0.3485294282436371,0.2222020742238819,95.69897521294575,3.0426549911499023,0.0753148943185806,-0.3485294282436371,0.3194150924682617,-0.5277048349380493,-0.5412129759788513,-0.5714808106422424,5,-0.5699542546623773,1.0,-0.7764916716178595,-0.6177670623513352,0,0,-0.0129251740048102,0.2899586254734459,-90,-2,thymio-09
46,1788223059.81978,3.0457756519317627,-0.3244770169258117,0.5719961015617798,95.59897521294576,3.0457756519317627,0.0752017796039581,-0.3244770169258117,0.2734635770320892,-0.5754148960113525,-0.5635750889778137,-0.5258313417434692,5,-0.627607470647096,1.0,-0.7583655387964506,1.0,0,0,-0.0165685267019134,0.4334770777967294,-124,7,thymio-09
47,1788223060.428042,3.0473217964172363,-0.3138183355331421,0.7479405347047741,95.49897521294577,3.0473217964172363,0.0755407512187957,-0.3138183355331421,0.230219304561615,-0.6116794347763062,-0.584689736366272,-0.480609267950058,5,-0.6379083388212103,-0.7583483727608787,1.0,1.0,0,0,-0.0165719770750633,0.550967374112418,-142,24,thymio-09
48,1788223061.03575,3.052562952041626,-0.2967412173748016,0.9863997811265292,95.39897521294576,3.052562952041626,0.0736596286296844,-0.2967412173748016,0.1483510434627533,-0.688416063785553,-0.6083043813705444,-0.3661162257194519,5,-0.6534174981430116,-0.7285994302189776,1.0,1.0,0,0,-0.0225515145259855,-0.1459087106333189,-58,-102,thymio-09
49,1788223061.6440885,3.052562952041626,-0.2967412173748016,0.9863997811265292,95.29897521294578,3.052562952041626,0.0736596286296844,-0.2967412173748016,0.1483510434627533,-0.688416063785553,-0.6083043813705444,-0.3661162257194519,5,-0.6534174981430116,-0.7285994302189776,1.0,1.0,0,0,-0.0225515145259855,-0.232479304039528,-45,-115,thymio-09
50,1788223062.2521255,3.065161943435669,-0.2835946083068847,1.0311248285809542,95.19897521294578,3.065161943435669,0.0741414502263069,-0.2835946083068847,0.0586554631590843,-0.7329167723655701,-0.619907557964325,-0.2740567922592163,5,-0.6540117874062923,-0.6952653345420221,1.0,1.0,0,0,-0.0292516677570535,-0.1705287102924098,-78,-130,thymio-09
51,1788223062.8613985,3.089980125427246,-0.2770512402057647,1.020695902577943,95.0989752129458,3.089980125427246,0.0737598165869712,-0.2770512402057647,0.1171673983335495,-0.70792156457901,-0.6146420836448669,-0.3276188671588897,5,-0.6499970139763406,-0.6552229550008722,1.0,1.0,0,0,-0.0373001860448246,-0.1550986807988136,-109,-156,thymio-09
52,1788223063.4699452,3.1067235469818115,-0.2688073515892029,0.9968923040779832,94.9989752129458,3.1067235469818115,0.0739983320236206,-0.2688073515892029,0.1488531529903412,-0.6912915706634521,-0.6068787574768066,-0.3628456592559814,5,-0.6477393570450696,-0.6480772748550696,1.0,1.0,0,0,-0.038736467754131,-0.1453235176548212,-116,-160,thymio-09
53,1788223064.0785558,3.1067235469818115,-0.2688073515892029,0.9968923040779832,94.8989752129458,3.1067235469818115,0.0739983320236206,-0.2688073515892029,0.1488531529903412,-0.6912915706634521,-0.6068787574768066,-0.3628456592559814,5,-0.6588422771949121,-0.6221282497051341,1.0,1.0,0,0,-0.0365727022838226,-0.129526795336323,-110,-150,thymio-09
54,1788223064.6867058,3.150887012481689,-0.2345527410507202,0.8865698129696238,94.7989752129458,3.150887012481689,0.0743417292833328,-0.2345527410507202,0.2040964961051941,-0.644684374332428,-0.5959846377372742,-0.4330463409423828,5,-0.6393483986893863,-0.6455090290651766,1.0,1.0,0,0,-0.0392526851578995,-0.1035137383779023,-124,-155,thymio-09
55,1788223065.2950122,3.150887012481689,-0.2345527410507202,0.8865698129696238,94.6989752129458,3.150887012481689,0.0743417292833328,-0.2345527410507202,0.2040964961051941,-0.644684374332428,-0.5959846377372742,-0.4330463409423828,5,-0.6393483986893863,-0.6455090290651766,1.0,1.0,0,0,-0.0392526851578995,-0.0906774798488278,-126,-153,thymio-09
56,1788223065.903127,3.163182020187378,-0.22356678545475,0.7875875505002461,94.59897521294582,3.163182020187378,0.0758952125906944,-0.22356678545475,0.2156689167022705,-0.6228681206703186,-0.5905593037605286,-0.4655770063400268,5,-0.6336800402269727,-0.6473571622551699,1.0,1.0,0,0,-0.0388812103867108,-0.0791395970805301,-126,-150,thymio-09
57,1788223066.5113304,3.204327344894409,-0.1690547615289688,0.6406578821943874,94.49897521294582,3.204327344894409,0.0756198838353157,-0.1690547615289688,0.2627540826797485,-0.5875899791717529,-0.5683459043502808,-0.5125244855880737,5,-0.5676489166298406,-0.6585770089881222,1.0,-0.5879536104257692,0,0,-0.0366260211933874,-0.0600903011017581,-121,-139,thymio-09
58,1788223067.1190126,3.2179551124572754,-0.1451416462659835,0.5878979318412174,94.39897521294584,3.2179551124572754,0.0757534578442573,-0.1451416462659835,0.2750059962272644,-0.5776233673095703,-0.5624337792396545,-0.523823618888855,5,-0.5909259811171133,-0.6700291660260342,1.0,-0.5597740355498331,0,0,-0.0343241376287671,0.0178949740014578,-125,-119,thymio-09
59,1788223067.7269323,3.228584051132202,-0.1249993368983268,0.5307831527592435,94.29897521294583,3.228584051132202,0.0756473019719123,-0.1249993368983268,0.2817047238349914,-0.5677098631858826,-0.5608174800872803,-0.5327586531639099,5,-0.6217012618807983,-0.6802210669358599,1.0,-0.5307030067128902,0,0,-0.0322755655458921,0.053201323080482,-123,-107,thymio-09
60,1788223068.335279,3.245833158493042,-0.0868035480380058,0.571122814243374,94.19897521294584,3.245833158493042,0.07534821331501,-0.0868035480380058,0.2790708839893341,-0.5714110732078552,-0.5659874677658081,-0.5246590375900269,5,-0.6312331248824202,-0.694209946063027,1.0,-0.4767145853780883,0,0,-0.0294638008413315,0.081192859262345,-117,-92,thymio-09
61,1788223068.9434483,3.255465030670166,-0.0660636574029922,0.6180410963177292,94.09897521294585,3.255465030670166,0.0761119052767753,-0.0660636574029922,0.2702576816082001,-0.5837142467498779,-0.5630655884742737,-0.5188406109809875,5,-0.6112373563411527,-0.6722140016794724,1.0,-0.4513858286545005,0,0,-0.033884985662426,0.1057484583333301,-136,-104,thymio-09
62,1788223069.5511298,3.255465030670166,-0.0660636574029922,0.6180410963177292,93.99897521294584,3.255465030670166,0.0761119052767753,-0.0660636574029922,0.2702576816082001,-0.5837142467498779,-0.5630655884742737,-0.5188406109809875,5,-0.6112373563411527,-0.6722140016794724,1.0,-0.4513858286545005,0,0,-0.033884985662426,0.0954618993637874,-135,-106,thymio-09
63,1788223070.160396,3.265852928161621,-0.0440566875040531,0.6654296324380455,93.89897521294586,3.265852928161621,0.0765200182795524,-0.0440566875040531,0.2516427636146545,-0.5942233800888062,-0.5726915001869202,-0.5055680274963379,5,-0.5997814100093732,-0.6403465379892332,1.0,-0.4333237270610928,0,0,-0.0402903458641641,0.0967127657299721,-158,-129,thymio-09
64,1788223070.7683074,3.2842817306518555,-0.0107101602479815,0.7568798219879,93.79897521294586,3.2842817306518555,0.0763339325785636,-0.0107101602479815,0.2301998436450958,-0.6151701211929321,-0.5811997056007385,-0.4803965389728546,5,-0.5922758093976362,-0.5843893579605461,1.0,-0.3872305171257496,0,0,-0.0499525623110751,0.0980232328425786,-192,-163,thymio-09
65,1788223071.3763664,3.301929235458374,0.0141445845365524,0.7986982210530997,93.69897521294588,3.301929235458374,0.0762018114328384,0.0141445845365524,0.2220611721277237,-0.6238556504249573,-0.5864679217338562,-0.4664209187030792,5,-0.5810578921348668,-0.5337275942460635,1.0,-0.3352118074245976,0,0,-0.05,0.1235214021828883,-196,-159,thymio-09
66,1788223071.9842153,3.32363224029541,0.042730912566185,0.8464117672799909,93.59897521294587,3.32363224029541,0.0766294300556182,0.042730912566185,0.2109740674495697,-0.6376414895057678,-0.5880446434020996,-0.4506736397743225,5,-0.5568225905654449,1.0,1.0,-0.4724645499761919,0,0,-0.05,0.0781982390145775,-189,-166,thymio-09
67,1788223072.5923688,3.359998941421509,0.0858179032802581,0.8869134342697365,93.49897521294588,3.359998941421509,0.0755972191691398,0.0858179032802581,0.1792515218257904,-0.662960410118103,-0.5872368216514587,-0.4283752143383026,5,-0.4936028064806775,1.0,1.0,-0.381992572002973,0,0,-0.05,0.448970875343389,-245,-110,thymio-09
68,1788223073.201173,3.3831534385681152,0.1118403747677803,1.0048647827144477,93.39897521294589,3.3831534385681152,0.07509795576334,0.1118403747677803,0.1382643580436706,-0.7016195058822632,-0.6018326282501221,-0.3555426001548767,5,-0.4830025571043199,1.0,1.0,-0.3552027851476669,0,0,-0.05,0.5120768933437623,-255,-100,thymio-09
69,1788223073.8097358,3.3831534385681152,0.1118403747677803,1.0048647827144477,93.29897521294588,3.3831534385681152,0.07509795576334,0.1118403747677803,0.1382643580436706,-0.7016195058822632,-0.6018326282501221,-0.3555426001548767,5,-0.4830025571043199,1.0,1.0,-0.1944486624023628,0,0,-0.05,0.5182606242804954,-256,-99,thymio-09
70,1788223074.4175465,3.4131650924682617,0.1353299021720886,0.992759235381949,93.1989752129459,3.4131650924682617,0.0769159346818924,0.1353299021720886,0.0184339508414268,-0.7440518736839294,-0.6138322949409485,-0.2631672322750091,5,-0.5178105621406486,1.0,1.0,-0.3758899806506035,0,0,0.1625303210850951,-0.0355301095386737,500,500,thymio-09
71,1788223075.0258644,3.4567692279815674,0.1504806876182556,1.1124312671417351,93.0989752129459,3.4567692279815674,0.0787503942847251,0.1504806876182556,-0.0857403799891471,-0.7528620362281799,-0.6496247053146362,-0.0619278587400913,5,-0.5733080150329997,1.0,-0.977875734472289,-0.099766496955958,0,0,0.0,-0.1399493689349727,21,-21,thymio-09
72,1788223075.6341732,3.381060838699341,0.1564414799213409,1.0816094522428052,92.93812297429248,3.381060838699341,0.0771273151040077,0.1564414799213409,-0.0666040554642677,-0.7825897336006165,-0.6090550422668457,-0.1103146448731422,5,-0.708196127500319,1.0,1.0,-0.4163601092621752,0,0,-0.0266525783724358,0.2906628338697516,-139,-51,thymio-09
73,1788223076.24184,3.381060838699341,0.1564414799213409,1.0816094522428052,92.83812297429247,3.381060838699341,0.0771273151040077,0.1564414799213409,-0.0666040554642677,-0.7825897336006165,-0.6090550422668457,-0.1103146448731422,5,-0.708196127500319,1.0,1.0,-0.4163601092621752,0,0,-0.0266525783724358,0.3647202956877145,-150,-40,thymio-09
74,1788223076.849754,3.3809473514556885,0.1556098312139511,1.8346721016171408,92.73812297429248,3.3809473514556885,0.0778307765722274,0.1556098312139511,0.1389151662588119,-0.590698778629303,0.7660788297653198,-0.211897924542427,5,-0.1835505496862263,1.0,-0.7542497821126884,-0.4077357750116622,0,0,-0.0173957937953496,-0.2023768680309217,-31,-92,thymio-09
75,1788223077.457835,3.4175500869750977,0.1574095636606216,1.0651255285967238,92.63812297429249,3.4175500869750977,0.0771457403898239,0.1574095636606216,0.1527279615402221,0.790159285068512,0.5934998989105225,0.0089686065912246,5,-0.6904703111184345,1.0,1.0,-0.4880024822887999,0,0,-0.0302154674651946,0.1522641418064786,-130,-84,thymio-09
76,1788223078.06586,3.4308512210845947,0.1499005854129791,1.0814117862037955,92.53812297429248,3.4308512210845947,0.0761274620890617,0.1499005854129791,0.120607666671276,0.7827520966529846,0.6091434359550476,0.0411991588771343,5,-0.667184817033211,1.0,1.0,-0.5431473836122236,0,0,0.1346548025339861,0.3606158220871511,424,500,thymio-09
77,1788223078.6753037,3.4437572956085205,0.148139014840126,1.0692154641663514,92.4381229742925,3.4437572956085205,0.0764618515968322,0.148139014840126,0.1400622725486755,0.7897864580154419,0.5967063903808594,0.0236948933452367,5,-0.6420736527825548,1.0,1.0,-0.5751689854857434,0,0,-0.0399431957907064,0.49182564121836,-216,-68,thymio-09
78,1788223079.2847874,3.396502017974853,0.1700658053159713,1.0356315617519254,92.3242643691306,3.396502017974853,0.0759282559156417,0.1700658053159713,0.2221579402685165,0.7685716152191162,0.5964707732200623,-0.0645460411906242,5,-0.6797523458712755,1.0,1.0,-0.5945365688264606,0,0,-0.0323697784798736,0.4988656013915014,-190,-40,thymio-09
79,1788223079.8924432,3.396502017974853,0.1700658053159713,1.0356315617519254,92.2242643691306,3.396502017974853,0.0759282559156417,0.1700658053159713,0.2221579402685165,0.7685716152191162,0.5964707732200623,-0.0645460411906242,5,-0.6797523458712755,1.0,1.0,-0.5945365688264606,0,0,-0.0323697784798736,0.4468452459978795,-182,-48,thymio-09
80,1788223080.500949,3.42059588432312,0.1589086949825287,0.954627098490838,92.1242643691306,3.42059588432312,0.078930951654911,0.1589086949825287,-0.3175919950008392,-0.7551719546318054,-0.5444494485855103,0.1800709813833236,5,-0.6514714044358989,1.0,1.0,-0.5631940245598417,0,0,-0.0380542477083843,0.4355012528465307,-201,-69,thymio-09
81,1788223081.1102898,3.448026418685913,0.130013421177864,0.6891669687388267,92.0242643691306,3.448026418685913,0.0782893002033233,0.130013421177864,-0.4315756261348724,-0.7022640109062195,-0.4614803791046142,0.3280297815799713,5,-0.6100217329809792,1.0,1.0,-0.470698787400799,0,0,-0.0463856316708231,0.3691647795381947,-221,-109,thymio-09
82,1788223081.7181735,3.461066007614136,0.10039933770895,0.2949347026677982,91.9242643691306,3.461066007614136,0.0753905102610588,0.10039933770895,-0.492100715637207,-0.6430885791778564,-0.4163818657398224,0.4134008884429931,5,-0.5744183999567103,1.0,1.0,-0.4023160024089719,0,0,-0.05,0.3050581917962381,-224,-132,thymio-09
83,1788223082.3266275,3.461066007614136,0.10039933770895,0.2949347026677982,91.82426436913062,3.461066007614136,0.0753905102610588,0.10039933770895,-0.492100715637207,-0.6430885791778564,-0.4163818657398224,0.4134008884429931,5,-0.5744183999567103,1.0,1.0,-0.4023160024089719,0,0,-0.05,0.3898414593893944,-237,-119,thymio-09
84,1788223082.9367385,3.464454412460327,0.0649440661072731,-0.36528651202826,91.72426436913062,3.464454412460327,0.0747132375836372,0.0649440661072731,-0.533642053604126,-0.5929197669029236,-0.3628267645835876,0.4816939234733581,5,1.0,1.0,1.0,-0.5430117521041478,0,0,-0.05,0.4618932180253194,-247,-108,thymio-09
85,1788223083.5450733,3.4541401863098145,0.0076465839520096,-1.1003103063510946,91.62426436913064,3.4541401863098145,0.0759067311882972,0.0076465839520096,-0.5759447813034058,-0.5149141550064087,-0.2696661949157715,0.5748315453529358,5,1.0,-0.4124804273074475,1.0,-0.5105396616106559,0,0,0.1745049165153242,0.2422192359015273,500,500,thymio-09
86,1788223084.1534295,3.436724901199341,-0.0311383288353681,-1.3788738916606036,91.52426436913063,3.436724901199341,0.0750151872634887,-0.0311383288353681,-0.6199600100517273,-0.4101448357105255,-0.1746208369731903,0.6457077264785767,5,1.0,-0.4065117549158727,1.0,-0.5018615553052919,0,0,0.1599825293259883,0.4648347026603592,498,500,thymio-09
87,1788223084.761552,3.5348565578460693,0.0575190149247646,-1.3981189136658465,91.42426436913064,3.5348565578460693,0.0753468424081802,0.0575190149247646,-0.6224693059921265,-0.3995880782604217,-0.1678304523229599,0.6516857743263245,5,1.0,-0.2383447032411879,1.0,-0.4323406937147711,0,0,0.0333197468434129,0.5734010342212595,32,205,thymio-09
88,1788223085.369328,3.5677080154418945,0.0822952836751937,-1.460962858247522,91.32426436913065,3.5677080154418945,0.0750351250171661,0.0822952836751937,-0.6278002262115479,-0.3515625596046448,-0.1263116896152496,0.6828733682632446,5,1.0,-0.1880688081631595,1.0,-0.3628383588488491,0,0,-0.076317784165982,0.6274099920388163,-366,-176,thymio-09
89,1788223085.977852,3.5677080154418945,0.0822952836751937,-1.460962858247522,91.22426436913064,3.5677080154418945,0.0750351250171661,0.0822952836751937,-0.6278002262115479,-0.3515625596046448,-0.1263116896152496,0.6828733682632446,5,1.0,-0.1880688081631595,1.0,-0.3628383588488491,0,0,-0.1139755147203569,0.6275933867233737,-500,-310,thymio-09
90,1788223086.5858712,3.5535402297973637,0.0709269642829895,-1.4981073916214769,91.12426436913066,3.5535402297973637,0.07623191177845,0.0709269642829895,-0.6398566961288452,-0.2347765117883682,-0.0038987230509519,0.731743335723877,5,1.0,-0.0676346976727367,1.0,-0.2463907152395175,0,0,-0.146582266168289,0.6277256216259818,-500,-426,thymio-09
91,1788223087.1937425,3.458819627761841,0.0592118687927722,-1.51826026200063,90.71366108529556,3.458819627761841,0.0762465074658393,0.0592118687927722,-0.6145768165588379,-0.0834134370088577,0.1243757605552673,0.7745115160942078,5,1.0,-0.0914421988433024,1.0,-0.17582448403354,0,0,-0.1733378154055922,0.6274643124073731,-500,-500,thymio-09
92,1788223087.801495,3.3891735076904297,0.0730819627642631,-1.5500947845963444,90.4143403281906,3.3891735076904297,0.077178731560707,0.0730819627642631,-0.6219176650047302,-0.0535983368754386,0.1279805898666381,0.7706922292709351,5,1.0,-0.1886647765889174,1.0,-0.1529117773534576,0,0,-0.1910881712715139,0.6277244230520684,-500,-500,thymio-09
93,1788223088.4098651,3.3891735076904297,0.0730819627642631,-1.5500947845963444,90.3143403281906,3.3891735076904297,0.077178731560707,0.0730819627642631,-0.6219176650047302,-0.0535983368754386,0.1279805898666381,0.7706922292709351,5,1.0,-0.1886647765889174,1.0,-0.1529117773534576,0,0,-0.1978405651256719,0.6278129641350065,-500,-500,thymio-09
94,1788223089.0180514,3.287903070449829,0.0965821295976638,-1.526519619188874,89.9041321576939,3.287903070449829,0.0766072049736976,0.0965821295976638,0.6102690100669861,0.0623442344367504,-0.1353430747985839,-0.7780535817146301,5,1.0,-0.2756541811567323,1.0,-0.1216754967361816,0,0,-0.1992960455208698,0.6274094863253589,-500,-500,thymio-09
95,1788223089.6263993,3.1316843032836914,0.1331662386655807,-1.544435571244959,89.34386451184868,3.1316843032836914,0.078612670302391,0.1331662386655807,-0.623534083366394,-0.0502901151776313,0.1342484354972839,0.7685399651527405,5,1.0,-0.413997151485664,1.0,-0.063293226335281,0,0,-0.199289744396553,0.6245140588254462,-500,-500,thymio-09
96,1788223090.2342825,3.014819622039795,0.1615175455808639,-1.524545972476659,88.89103941686203,3.014819622039795,0.0794823914766311,0.1615175455808639,-0.6124534606933594,-0.0557060204446315,0.1417589336633682,0.7756946086883545,5,1.0,-0.5403680709845975,1.0,-0.0099593901248623,0,0,-0.1992673115706522,0.6207916753023575,-500,-500,thymio-09
97,1788223090.8425183,2.9212019443511963,0.184261605143547,-1.532348921789895,88.55600299599126,2.9212019443511963,0.0807896181941032,0.184261605143547,-0.6178528666496277,-0.0458827726542949,0.1448071300983429,0.771481454372406,5,1.0,-0.3560038444126638,-0.6474588749336784,0.0335737482555213,0,0,-0.1517257150941818,0.5674022709380339,-500,-453,thymio-09
98,1788223091.4512317,2.9212019443511963,0.184261605143547,-1.532348921789895,88.45600299599127,2.9212019443511963,0.0807896181941032,0.184261605143547,-0.6178528666496277,-0.0458827726542949,0.1448071300983429,0.771481454372406,5,1.0,-0.3560038444126638,-0.6474588749336784,0.0335737482555213,0,0,-0.1509879221688998,0.5942694622071213,-500,-447,thymio-09
99,1788223092.0595353,2.8429625034332275,0.2046809643507003,-1.5309345969447927,88.06088896978603,2.8429625034332275,0.0820752009749412,0.2046809643507003,-0.619559645652771,-0.0402576029300689,0.150159478187561,0.7694007158279419,5,1.0,-0.4288301631617269,-0.7050922306043095,0.0629365944341837,0,0,-0.1014558618059957,0.5867401995947501,-449,-272,thymio-09
100,1788223092.6677663,2.696004867553711,0.2469587922096252,-1.525193593298097,87.2700639358295,2.696004867553711,0.0828330591320991,0.2469587922096252,-0.6119836568832397,-0.0139078265056014,0.1725915372371673,0.7716830968856812,5,1.0,1.0,-0.6560533889377622,0.0982939096584638,0,0,-0.0731691173916264,0.4861257778402522,-333,-187,thymio-09
101,1788223093.277456,2.667388439178467,0.2558265030384063,-1.5264482500245378,87.1142313193643,2.667388439178467,0.0833384990692138,0.2558265030384063,-0.6015828847885132,0.0399568490684032,0.2085015326738357,0.7700836062431335,5,1.0,1.0,-0.6243299194654677,0.1036854697313705,0,0,-0.0305779330536047,0.5760953093717495,-196,-22,thymio-09
102,1788223093.885963,2.5891170501708984,0.3052500188350677,-1.4138153153021555,86.65357038177481,2.5891170501708984,0.0841105431318283,0.3052500188350677,-0.5272649526596069,0.2369972318410873,0.3550870418548584,0.7346680760383606,5,1.0,1.0,-0.573745233622525,0.0927980647782349,0,0,-0.0434030154071413,0.6136483491389332,-247,-62,thymio-09
103,1788223094.494558,2.565548181533813,0.3386168181896209,-0.8867403682061514,86.50449049975279,2.565548181533813,0.0851413831114769,0.3386168181896209,-0.4135207235813141,0.4206476211547851,0.4716862440109253,0.6554147005081177,5,1.0,-0.5173809229696891,-0.3906203559839177,0.0789065211443822,0,0,-0.0480173308689538,0.3577228049339612,-225,-117,thymio-09
104,1788223095.1024394,2.565548181533813,0.3386168181896209,-0.8867403682061514,86.4044904997528,2.565548181533813,0.0851413831114769,0.3386168181896209,-0.4135207235813141,0.4206476211547851,0.4716862440109253,0.6554147005081177,5,1.0,-0.5173809229696891,-0.3906203559839177,0.0789065211443822,0,0,0.0153116529395538,0.4420968407446401,-12,121,thymio-09
105,1788223095.7112217,2.560689687728882,0.3704009652137756,-0.0519047952486673,86.3044904997528,2.560689687728882,0.0849248096346855,0.3704009652137756,-0.3507586717605591,0.5046035051345825,0.5209739804267883,0.5923932790756226,5,0.0539784833172072,-0.4617201427577433,1.0,1.0,0,0,0.104735710019734,0.6146473669203402,279,465,thymio-09
106,1788223096.3192253,2.5494158267974854,0.3728716373443603,0.6798383251623417,86.20449049975281,2.5494158267974854,0.0845609456300735,0.3728716373443603,-0.2579837143421173,0.5931408405303955,0.5731818079948425,0.5030814409255981,5,0.0647187298820244,-0.4151341558981473,1.0,1.0,0,0,0.1701320967350236,0.6282971693450854,500,500,thymio-09
107,1788223096.9272048,2.5077438354492188,0.3298073410987854,0.8783907774950057,85.95168533402381,2.5077438354492188,0.0851311683654785,0.3298073410987854,-0.1837781071662902,0.6515099406242371,0.6003367900848389,0.4258593022823334,5,1.0,-0.3736653827667527,0.1133608108115333,-0.44224870437215,0,0,0.0428946042769679,0.3239651246569939,103,201,thymio-09
108,1788223097.5361075,2.4328556060791016,0.2624914050102234,0.9309130703860866,85.4257091882984,2.4328556060791016,0.085383839905262,0.2624914050102234,-0.1433135122060775,0.6778343915939331,0.6101121306419373,0.3844020366668701,5,1.0,-0.5151490853072036,0.1875579654257422,1.0,0,0,0.1877686117966191,0.6067888393547312,500,500,thymio-09
109,1788223098.144797,2.4328556060791016,0.2624914050102234,0.9309130703860866,85.3257091882984,2.4328556060791016,0.085383839905262,0.2624914050102234,-0.1433135122060775,0.6778343915939331,0.6101121306419373,0.3844020366668701,5,1.0,-0.5151490853072036,0.1875579654257422,1.0,0,0,0.1937124166893299,-0.0883425311064894,500,500,thymio-09
110,1788223098.7527814,2.378063440322876,0.2281505018472671,0.958568365018559,84.95234693620618,2.378063440322876,0.0858184695243835,0.2281505018472671,-0.1188408136367797,0.6922621130943298,0.6162986159324646,0.3561264276504516,5,1.0,-0.5207547979586393,0.2247062052127475,1.0,0,0,0.05,-0.2051466582338718,209,147,thymio-09
111,1788223099.3616676,2.2670552730560303,0.1618080288171768,0.9636445689968474,84.25614973739216,2.2670552730560303,0.086207166314125,0.1618080288171768,-0.1020738258957862,0.6979008316993713,0.6216341853141785,0.3407143950462341,5,1.0,-0.5450031274530898,0.3010776074225703,1.0,0,0,0.05,-0.230309458136012,212,143,thymio-09
112,1788223099.970379,2.237058162689209,0.1370787769556045,0.92203954665748,84.06920387598157,2.237058162689209,0.0856833085417747,0.1370787769556045,-0.1488679647445678,0.6736299395561218,0.609197199344635,0.3910753428936004,5,1.0,-0.5424579829041536,0.3225403679339425,1.0,0,0,0.05,-0.2603994595336208,217,138,thymio-09
113,1788223100.579151,2.202553033828736,0.0940743759274482,0.8064424899521767,83.84342134709013,2.202553033828736,0.0854404419660568,0.0940743759274482,-0.2256126850843429,0.6256334185600281,0.582308292388916,0.4675454497337341,5,1.0,-0.5396058746870607,0.3595227927571407,1.0,0,0,0.05,-0.2645883772131547,218,138,thymio-09
114,1788223101.1870346,2.187245607376098,0.0638895705342292,0.6426031121224778,83.73448601922757,2.187245607376098,0.0849329978227615,0.0638895705342292,-0.2735746502876282,0.5846516489982605,0.5649281740188599,0.5139994621276855,5,1.0,-0.5604244025320285,0.3865358864374333,1.0,0,0,0.05,-0.253909002492069,216,139,thymio-09
115,1788223101.7957227,2.187245607376098,0.0638895705342292,0.6426031121224778,83.63448601922758,2.187245607376098,0.0849329978227615,0.0638895705342292,-0.2735746502876282,0.5846516489982605,0.5649281740188599,0.5139994621276855,5,1.0,-0.5604244025320285,0.3865358864374333,1.0,0,0,0.05,-0.2218862713025364,211,144,thymio-09
116,1788223102.4044528,2.1753320693969727,0.0281540341675281,0.3490736989174516,83.53448601922759,2.1753320693969727,0.0844457000494003,0.0281540341675281,-0.3195531368255615,0.5435007214546204,0.5395086407661438,0.5580531358718872,5,0.419739696948173,-0.5851307937975768,-0.4297473423136003,1.0,0,0,0.05,-0.3134209649277394,225,130,thymio-09
117,1788223103.012609,2.170069456100464,-0.0269143171608448,-0.4331237336018736,83.43448601922759,2.170069456100464,0.083795852959156,-0.0269143171608448,-0.3799855709075928,0.4792765378952026,0.4969977736473083,0.6155471205711365,5,0.4771100258300924,1.0,-0.6194492906503614,1.0,0,0,0.0444906925792773,-0.0554812899895869,166,150,thymio-09
118,1788223103.620994,2.171506404876709,-0.0448887459933757,-0.7708436393671798,83.3344860192276,2.171506404876709,0.083413653075695,-0.0448887459933757,-0.4063062667846679,0.4484958350658417,0.4778922200202942,0.6366991400718689,5,0.4969632420836527,0.7829799486818616,-0.6358652249700362,1.0,0,0,0.1156638205355124,0.1508646445668053,388,434,thymio-09
119,1788223104.229236,2.1780779361724854,-0.1005225628614425,-0.961135618017575,83.2344860192276,2.1780779361724854,0.0835700035095214,-0.1005225628614425,-0.4251592755317688,0.3985961377620697,0.46763676404953,0.6645876169204712,5,-0.3987351181431455,0.7385399998459241,-0.6823289364816094,1.0,0,0,0.0014123993141619,0.6120724788009195,-87,97,thymio-09
120,1788223104.837513,2.1780033111572266,-0.1683583259582519,-0.2306011847621096,83.13448601922761,2.1780033111572266,0.0828322693705558,-0.1683583259582519,-0.3637048900127411,0.4894297122955322,0.5124915838241577,0.6045905947685242,5,0.6413657902924097,0.6821380509867865,-0.7048289646541686,1.0,0,0,-0.0968130145646773,0.0838110887587986,-357,-331,thymio-09
121,1788223105.4455132,2.1780033111572266,-0.1683583259582519,-0.2306011847621096,83.03448601922761,2.1780033111572266,0.0828322693705558,-0.1683583259582519,-0.3637048900127411,0.4894297122955322,0.5124915838241577,0.6045905947685242,5,0.6413657902924097,1.0,-0.7048289646541686,1.0,0,0,-0.1016556066678671,0.2581063062553257,-400,-322,thymio-09
122,1788223106.0542405,2.1847822666168213,-0.1307981163263321,0.3156513571324439,82.93448601922762,2.1847822666168213,0.0828866809606552,-0.1307981163263321,-0.3179529905319214,0.5385096669197083,0.5421772003173828,0.5612105131149292,5,0.6112865761866224,1.0,-0.7169177064329318,1.0,0,0,-0.0883986154598016,0.1428516744670487,-336,-293,thymio-09
123,1788223106.6626892,2.204103946685791,-0.0757585167884826,0.52716370107927,82.83448601922763,2.204103946685791,0.0834723487496376,-0.0757585167884826,-0.2936864197254181,0.5662118196487427,0.5537871718406677,0.5352311134338379,5,0.5570415002754094,1.0,-0.7306873373737988,1.0,0,0,-0.0556155252416784,0.0392728748680898,-204,-192,thymio-09
124,1788223107.2714918,2.2494776248931885,0.0162700582295656,0.6949111483827446,82.73448601922763,2.2494776248931885,0.0840790048241615,0.0162700582295656,-0.2545478343963623,0.5957710146903992,0.5757127404212952,0.4988158047199249,5,1.0,-0.7382205479875856,0.4558036877760476,1.0,0,0,-0.0302071769295536,-0.2413339523586725,-71,-144,thymio-09
125,1788223107.8800142,2.2666726112365723,0.0431484319269657,0.7201820330162416,82.63448601922764,2.2666726112365723,0.0844615921378135,0.0431484319269657,-0.2554380893707275,0.6013942360877991,0.5718618631362915,0.49603471159935,5,1.0,-0.7332740524591342,0.4217176380131535,1.0,0,0,0.0159502182759012,-0.5321348217880129,137,-24,thymio-09
126,1788223108.488447,2.2666726112365723,0.0431484319269657,0.7201820330162416,82.53448601922764,2.2666726112365723,0.0844615921378135,0.0431484319269657,-0.2554380893707275,0.6013942360877991,0.5718618631362915,0.49603471159935,5,1.0,-0.7332740524591342,0.4217176380131535,1.0,0,0,0.021611915455714,-0.6216834934475427,171,-17,thymio-09
127,1788223109.0965574,2.2797000408172607,0.0590955018997192,0.5250617183881792,82.43448601922765,2.2797000408172607,0.0841782316565513,0.0590955018997192,-0.2917563617229461,0.5671168565750122,0.5531743168830872,0.5359616279602051,5,0.3964601004247501,-0.7260852600816656,1.0,1.0,0,0,0.0230568627235852,-0.6233696252879658,176,-12,thymio-09
128,1788223109.7050705,2.288591861724853,0.0400087647140026,-1.0037721793262482,82.33448601922765,2.288591861724853,0.0844222977757453,0.0400087647140026,-0.4272453486919403,0.4076341390609741,0.4589607417583465,0.6638153791427612,5,1.0,1.0,-0.7332008821322886,0.3998251179358982,0,0,0.0216266226914099,-0.5955535422394695,167,-13,thymio-09
129,1788223110.3134503,2.3107922077178955,0.0237040389329195,-1.4590761472153002,82.23448601922766,2.3107922077178955,0.0838515013456344,0.0237040389329195,-0.5418799519538879,0.1940138638019561,0.3192589282989502,0.7528601884841919,5,-0.7452138371745474,1.0,1.0,0.4011883848429185,0,0,0.0192120187279159,-0.5883655852015817,157,-21,thymio-09
130,1788223110.921548,2.3107922077178955,0.0237040389329195,-1.4590761472153002,82.13448601922767,2.3107922077178955,0.0838515013456344,0.0237040389329195,-0.5418799519538879,0.1940138638019561,0.3192589282989502,0.7528601884841919,5,-0.7452138371745474,1.0,1.0,0.4011883848429185,0,0,0.0627286289956311,-0.5104800930776883,300,146,thymio-09
131,1788223111.5310435,2.3393688201904297,0.0238614026457071,-1.5486336566931849,82.03448601922767,2.3393688201904297,0.0835265293717384,0.0238614026457071,-0.6184758543968201,-0.0405016615986824,0.1388119012117386,0.7723849415779114,5,-0.7634927510365088,1.0,1.0,0.3925087008544741,0,0,-0.0155379570416617,0.3941444097162849,-115,4,thymio-09
132,1788223112.1397889,2.35819149017334,0.0268358755856752,-1.54084062245272,81.93448601922768,2.35819149017334,0.0834684371948242,0.0268358755856752,-0.6318402886390686,-0.130746528506279,0.0701488405466079,0.7607643008232117,5,-0.5541886150173474,1.0,-0.78185728492857,0.3887312079709597,0,0,-0.0118466857293574,0.3916136821565489,-101,17,thymio-09
133,1788223112.748566,2.35819149017334,0.0268358755856752,-1.54084062245272,81.83448601922768,2.35819149017334,0.0834684371948242,0.0268358755856752,-0.6318402886390686,-0.130746528506279,0.0701488405466079,0.7607643008232117,5,-0.5541886150173474,1.0,-0.78185728492857,0.3887312079709597,0,0,-0.0118466857293574,0.4327420159644909,-107,23,thymio-09
134,1788223113.356927,2.381585597991944,0.0300241746008396,-1.5454169100562551,81.73448601922769,2.381585597991944,0.0829896554350853,0.0300241746008396,-0.6365174055099487,-0.1596903651952743,0.0405291356146335,0.7534599900245667,5,-0.5771514383075644,1.0,-0.8141602987501835,0.392833942406138,0,0,-0.0053537799512131,0.5660203056068271,-104,66,thymio-09
135,1788223113.965468,2.368208408355713,0.0231839064508676,-1.5423703406660114,81.6344860192277,2.368208408355713,0.0834595412015914,0.0231839064508676,-0.6149994134902954,-0.0146207967773079,0.1619341224431991,0.771582305431366,5,-0.8218641139800782,1.0,0.9498828593320026,0.4140042375995447,0,0,-0.0038053130900042,0.1323642699904848,-34,6,thymio-09
136,1788223114.573551,2.354198217391968,0.0176919847726821,-1.485458147661788,81.5344860192277,2.354198217391968,0.0837978795170784,0.0176919847726821,-0.5533042550086975,0.1766972243785858,0.3018561601638794,0.7559862732887268,5,-0.8133662893377266,1.0,0.9372262435789204,0.4345704097281408,0,0,-0.0055133758431169,0.3791275435892614,-77,38,thymio-09
137,1788223115.181619,2.3445074558258057,0.0190309677273035,-1.3744196113609468,81.4344860192277,2.3445074558258057,0.0839971676468849,0.0190309677273035,-0.5004940629005432,0.2862212061882019,0.3782312273979187,0.7242404222488403,5,-0.7957641816817688,0.9327627719164236,1.0,0.4405797489073204,0,0,-0.0090513994819644,0.4070667810741535,-94,29,thymio-09
138,1788223115.7904086,2.3379812240600586,0.0219473112374544,-1.186993216983335,81.33448601922771,2.3379812240600586,0.0843482390046119,0.0219473112374544,-0.4564327597618103,0.3601247370243072,0.4327026307582855,0.689019501209259,5,1.0,1.0,-0.7813171515234566,0.43658434250108,0,0,-0.0119552525437852,0.3023145512893594,-88,3,thymio-09
139,1788223116.3988242,2.3379812240600586,0.0219473112374544,-1.186993216983335,81.23448601922772,2.3379812240600586,0.0843482390046119,0.0219473112374544,-0.4564327597618103,0.3601247370243072,0.4327026307582855,0.689019501209259,5,1.0,1.0,-0.7813171515234566,0.43658434250108,0,0,0.0456798209742061,0.4970981541252269,87,237,thymio-09
140,1788223117.0068514,2.333174705505371,0.0251031555235385,-0.9302405240911632,81.13448601922772,2.333174705505371,0.0844490081071853,0.0251031555235385,-0.4190230667591095,0.4124418199062347,0.4682066440582275,0.6596165299415588,5,0.4317952982421305,1.0,-0.7682056495647336,1.0,0,0,0.0450580530531453,0.3454809978302585,108,212,thymio-09
141,1788223117.6148036,2.3204433917999268,0.0164296012371778,0.2248166097288062,81.03448601922773,2.3204433917999268,0.0836819782853126,0.0164296012371778,-0.3232213258743286,0.5288106799125671,0.5385572910308838,0.5708269476890564,5,0.4305203754563755,1.0,-0.7512481363479453,1.0,0,0,0.0691819698420466,0.5618570081548239,161,331,thymio-09
142,1788223118.2236378,2.2984981536865234,-0.0146342162042856,0.7463027375036724,80.90073538293157,2.2984981536865234,0.0833673179149627,-0.0146342162042856,-0.2540778219699859,0.6063145399093628,0.5716429352760315,0.490970104932785,5,1.0,-0.7202647400764131,0.4538486534555395,1.0,0,0,0.0820077788199074,0.5564475799602947,207,375,thymio-09
143,1788223118.8319695,2.2984981536865234,-0.0146342162042856,0.7463027375036724,80.80073538293158,2.2984981536865234,0.0833673179149627,-0.0146342162042856,-0.2540778219699859,0.6063145399093628,0.5716429352760315,0.490970104932785,5,1.0,-0.7202647400764131,0.4538486534555395,1.0,0,0,0.0745725456600955,0.5947516511264415,175,355,thymio-09
144,1788223119.4403973,2.263770818710327,-0.0440571159124374,0.9134967596060246,80.58345796925929,2.263770818710327,0.0836489349603653,-0.0440571159124374,-0.1651231795549392,0.6656256318092346,0.6054511070251465,0.4038637280464172,5,1.0,-0.6677984844129519,0.4813815350179493,1.0,0,0,0.0347725046329966,0.6051077085949548,32,215,thymio-09
145,1788223120.048905,2.1605563163757324,-0.0683226361870765,1.0769859537860889,79.95205909205075,2.1605563163757324,0.082593023777008,-0.0683226361870765,0.0324496962130069,0.7627988457679749,0.6278150081634521,0.1514372676610946,5,1.0,-0.5297322643969198,0.5190062900513859,1.0,0,0,0.05,0.6173044852546383,84,271,thymio-09
146,1788223120.657596,2.1605563163757324,-0.0683226361870765,1.0769859537860889,79.85205909205075,2.1605563163757324,0.082593023777008,-0.0683226361870765,0.0324496962130069,0.7627988457679749,0.6278150081634521,0.1514372676610946,5,1.0,-0.5297322643969198,0.5190062900513859,1.0,0,0,0.05,0.6260651407577692,83,272,thymio-09
147,1788223121.2613132,10000.0,10000.0,0.0,79.85205909205075,2.1605563163757324,0.082593023777008,-0.0683226361870765,0.0324496962130069,0.7627988457679749,0.6278150081634521,0.1514372676610946,5,1.0,1.0,-1.0,1.0,0,0,0.03,0.523480782277421,28,186,thymio-09
148,1788223121.864035,10000.0,10000.0,0.0,79.85205909205075,2.1605563163757324,0.082593023777008,-0.0683226361870765,0.0324496962130069,0.7627988457679749,0.6278150081634521,0.1514372676610946,5,1.0,1.0,-1.0,1.0,0,0,0.03,0.6185866599743544,13,200,thymio-09
149,1788223122.467564,10000.0,10000.0,0.0,79.85205909205075,2.1605563163757324,0.082593023777008,-0.0683226361870765,0.0324496962130069,0.7627988457679749,0.6278150081634521,0.1514372676610946,5,1.0,1.0,-1.0,1.0,0,0,0.0156951138323061,0.6257422019600312,-39,150,thymio-09
150,1788223123.0706103,10000.0,10000.0,0.0,79.85205909205075,2.1605563163757324,0.082593023777008,-0.0683226361870765,0.0324496962130069,0.7627988457679749,0.6278150081634521,0.1514372676610946,5,1.0,1.0,-1.0,1.0,0,0,0.03,0.6269975312583504,12,201,thymio-09
151,1788223123.673656,10000.0,10000.0,0.0,79.85205909205075,2.1605563163757324,0.082593023777008,-0.0683226361870765,0.0324496962130069,0.7627988457679749,0.6278150081634521,0.1514372676610946,5,1.0,1.0,-1.0,1.0,0,0,-0.03,0.6227860777045909,-201,-13,thymio-09
152,1788223124.2770162,10000.0,10000.0,0.0,79.85205909205075,2.1605563163757324,0.082593023777008,-0.0683226361870765,0.0324496962130069,0.7627988457679749,0.6278150081634521,0.1514372676610946,5,1.0,1.0,-1.0,1.0,0,0,-0.03,0.6226568822724449,-201,-13,thymio-09
153,1788223124.8808124,10000.0,10000.0,0.0,79.85205909205075,2.1605563163757324,0.082593023777008,-0.0683226361870765,0.0324496962130069,0.7627988457679749,0.6278150081634521,0.1514372676610946,5,1.0,1.0,-1.0,1.0,0,0,-0.03,0.6059017242554278,-198,-15,thymio-09
154,1788223125.4845436,10000.0,10000.0,0.0,79.85205909205075,2.1605563163757324,0.082593023777008,-0.0683226361870765,0.0324496962130069,0.7627988457679749,0.6278150081634521,0.1514372676610946,5,1.0,1.0,-1.0,1.0,0,0,-0.03,0.5513822035317792,-190,-23,thymio-09
155,1788223126.0881734,10000.0,10000.0,0.0,79.85205909205075,2.1605563163757324,0.082593023777008,-0.0683226361870765,0.0324496962130069,0.7627988457679749,0.6278150081634521,0.1514372676610946,5,1.0,1.0,-1.0,1.0,0,0,-0.03,0.4872963572497742,-180,-33,thymio-09
156,1788223126.69164,10000.0,10000.0,0.0,79.85205909205075,2.1605563163757324,0.082593023777008,-0.0683226361870765,0.0324496962130069,0.7627988457679749,0.6278150081634521,0.1514372676610946,5,1.0,1.0,-1.0,1.0,0,0,-0.03,0.4320857957936915,-172,-41,thymio-09
157,1788223127.2952807,10000.0,10000.0,0.0,79.85205909205075,2.1605563163757324,0.082593023777008,-0.0683226361870765,0.0324496962130069,0.7627988457679749,0.6278150081634521,0.1514372676610946,5,1.0,1.0,-1.0,1.0,0,0,-0.03,0.4015119130123667,-167,-46,thymio-09
158,1788223127.8985133,10000.0,10000.0,0.0,79.85205909205075,2.1605563163757324,0.082593023777008,-0.0683226361870765,0.0324496962130069,0.7627988457679749,0.6278150081634521,0.1514372676610946,5,1.0,1.0,-1.0,1.0,0,0,-0.03,0.4048240371185913,-168,-45,thymio-09
159,1788223128.5028884,2.1423046588897705,-0.0633080974221229,1.0543198025388207,79.85205909205075,2.1423046588897705,0.0831252038478851,-0.0633080974221229,0.1124904230237007,0.7768994569778442,0.6150444746017456,0.0741177350282669,5,1.0,-0.5095055492544047,0.5189264502947852,1.0,0,0,-0.0133605949472655,0.273177145201539,-89,-6,thymio-09
160,1788223129.106668,1.9994518756866453,0.09840639680624,-0.1937765951399033,79.85205909205075,1.9994518756866453,0.0871662497520446,0.09840639680624,0.3552808761596679,-0.4871727526187897,-0.5198361873626709,-0.6051517724990845,5,0.3372038253010412,1.0,-0.281567682157413,1.0,0,0,0.0735595326452482,0.486605910537911,188,335,thymio-09
161,1788223129.7163656,1.9994518756866453,0.09840639680624,-0.1937765951399033,79.75205909205076,1.9994518756866453,0.0871662497520446,0.09840639680624,0.3552808761596679,-0.4871727526187897,-0.5198361873626709,-0.6051517724990845,5,0.3372038253010412,1.0,-0.281567682157413,1.0,0,0,0.1540124124478245,0.6204046009066478,454,500,thymio-09
162,1788223130.3245392,1.9871379137039185,0.0767046138644218,0.4384902772027073,79.65205909205076,1.9871379137039185,0.0860117003321647,0.0767046138644218,0.3065296411514282,-0.5530459880828857,-0.548595666885376,-0.547012448310852,5,1.0,-0.2735311120379275,-0.050453002047285,1.0,0,0,-0.0164774146858521,0.6281554565359654,-153,36,thymio-09
163,1788223130.932509,1.9492321014404297,0.012328996323049,0.6689453437045167,79.41083258816545,1.9492321014404297,0.0853818953037262,0.012328996323049,0.26993328332901,-0.5875788927078247,-0.5697500705718994,-0.5072199106216431,5,1.0,-0.2536920648916211,-0.0105248416364536,1.0,0,0,0.1587650793307459,0.6274773805115763,469,500,thymio-09
164,1788223131.5410132,1.9259456396102903,-0.019225126132369,0.8586522678783091,79.26998800632413,1.9259456396102903,0.08537607640028,-0.019225126132369,0.1928541660308838,-0.644072949886322,-0.5980492830276489,-0.4362503886222839,5,1.0,-0.2661915273766754,0.5145832030602651,1.0,0,0,-0.0029869972875465,0.6254556928290396,-105,84,thymio-09
165,1788223132.1495855,1.9259456396102903,-0.019225126132369,0.8586522678783091,79.16998800632413,1.9259456396102903,0.08537607640028,-0.019225126132369,0.1928541660308838,-0.644072949886322,-0.5980492830276489,-0.4362503886222839,5,1.0,-0.2661915273766754,0.5145832030602651,1.0,0,0,0.1277050591319116,0.6245291128273905,359,500,thymio-09
166,1788223132.7586176,1.883512020111084,-0.0616599060595035,0.8966627337177115,78.89941658259653,1.883512020111084,0.0858245715498924,-0.0616599060595035,0.1788113564252853,-0.657458484172821,-0.6010546684265137,-0.4177417159080505,5,1.0,-0.2590611852123571,0.5857826798735113,1.0,0,0,0.0232674363285123,0.6237406720580785,-12,177,thymio-09
167,1788223133.36684,1.8183552026748655,-0.0885985568165779,0.9966000611034208,78.50249025384842,1.8183552026748655,0.0865263566374778,-0.0885985568165779,0.0655960515141487,-0.7201209664344788,-0.6234720945358276,-0.2973307371139526,5,1.0,-0.1621327543648895,0.6461687762372752,1.0,0,0,0.1063082094685456,0.6226682530875658,284,472,thymio-09
168,1788223133.9749928,1.8175106048583984,-0.0871756896376609,1.006829438207463,78.40249025384843,1.8175106048583984,0.0857739672064781,-0.0871756896376609,0.0510435961186885,-0.7265901565551758,-0.6257822513580322,-0.2790304720401764,5,1.0,-0.180024804995343,0.6436408593124487,1.0,0,0,0.049108962189898,0.6220238707921586,81,268,thymio-09
169,1788223134.5838118,1.8175106048583984,-0.0871756896376609,1.006829438207463,78.30249025384843,1.8175106048583984,0.0857739672064781,-0.0871756896376609,0.0510435961186885,-0.7265901565551758,-0.6257822513580322,-0.2790304720401764,5,1.0,-0.180024804995343,0.6436408593124487,1.0,0,0,0.0927283980063635,0.6219759022349389,236,423,thymio-09
170,1788223135.1920114,1.7520668506622314,-0.0964151844382286,1.024673572552702,77.90850024399519,1.7520668506622314,0.0861680507659912,-0.0964151844382286,-0.0471305660903453,-0.7600628137588501,-0.6245068907737732,-0.1734199821949005,5,1.0,-0.1542002223344036,0.6716618272962067,1.0,0,0,0.0616561944380201,0.622039517091412,125,313,thymio-09
171,1788223135.8011117,1.675992488861084,-0.0595711134374141,1.0157730177924904,77.3917553468247,1.675992488861084,0.0869410410523414,-0.0595711134374141,-0.217953085899353,-0.7795730233192444,-0.5853889584541321,0.0456317625939846,5,1.0,-0.1038916699623577,0.1371740484290813,1.0,0,0,0.1031901864918811,0.6100474043408405,275,459,thymio-09
172,1788223136.4104486,1.6454551219940186,-0.0219519417732954,0.9518061533496436,77.17290219334059,1.6454551219940186,0.087032251060009,-0.0219519417732954,-0.323428750038147,-0.7501926422119141,-0.5454811453819275,0.1872304230928421,5,1.0,-0.0654920273016164,0.1204401245124715,1.0,0,0,0.0667823709601179,0.6198810542979466,144,331,thymio-09
173,1788223137.0184278,1.6152586936950684,0.0340254455804824,0.8502740630430323,76.97710474716972,1.6152586936950684,0.0885920152068138,0.0340254455804824,-0.3822985589504242,-0.7288897037506104,-0.5006368160247803,0.2681985795497894,5,1.0,-0.0217687905875153,0.0927696411566527,1.0,0,0,0.0882296715518377,0.6202977070741618,220,407,thymio-09
174,1788223137.627041,1.6132988929748535,0.1166653260588646,0.0213588748799917,76.87710474716972,1.6132988929748535,0.0888076499104499,0.1166653260588646,-0.5066839456558228,-0.6278160214424133,-0.382098913192749,0.4506872892379761,5,0.5307537430650442,1.0,-0.0014623632641085,1.0,0,0,0.0545728396019038,0.5572218567532884,110,278,thymio-09
175,1788223138.2356677,1.6317787170410156,0.157870277762413,-2.869166955420561,76.77710474716973,1.6317787170410156,0.0901477485895156,0.157870277762413,-0.6895025372505188,0.5077604651451111,-0.3430297374725342,-0.3861298561096191,5,0.7629509395055816,1.0,1.0,-0.0188377546304211,0,0,0.039512717946812,0.6262996558748344,46,235,thymio-09
176,1788223138.843516,1.6317787170410156,0.157870277762413,-2.869166955420561,76.67710474716974,1.6317787170410156,0.0901477485895156,0.157870277762413,-0.6895025372505188,0.5077604651451111,-0.3430297374725342,-0.3861298561096191,5,0.7629509395055816,1.0,1.0,-0.0188377546304211,0,0,-0.0668950458138203,0.6272654627586332,-332,-143,thymio-09
177,1788223139.45307,1.6484922170639038,0.1756199449300766,-1.232079938352565,76.57710474716974,1.6484922170639038,0.0893995687365531,0.1756199449300766,0.5958278179168701,0.4770304262638092,0.228404626250267,-0.6043696403503418,5,-0.0349284592372264,1.0,0.7783602252869088,1.0,0,0,-0.0458604136370829,0.6275233790928801,-258,-68,thymio-09
178,1788223140.0621717,1.6323386430740356,0.1564289778470993,-1.482959860179294,76.47275005257201,1.6323386430740356,0.0888956114649772,0.1564289778470993,0.6310044527053833,0.3028095066547394,0.0713224411010742,-0.7106707692146301,5,-0.0510844268808927,1.0,0.7149145821177081,0.5159033460648434,0,0,-0.0844555878131727,0.6282744160858336,-395,-205,thymio-09
179,1788223140.6707356,1.6323386430740356,0.1564289778470993,-1.482959860179294,76.37275005257202,1.6323386430740356,0.0888956114649772,0.1564289778470993,0.6310044527053833,0.3028095066547394,0.0713224411010742,-0.7106707692146301,5,-0.0510844268808927,1.0,0.7149145821177081,0.5159033460648434,0,0,-0.1345487360912055,0.6282934342538294,-500,-383,thymio-09
180,1788223141.278846,1.5916606187820437,0.13828806579113,-1.5375202014837772,76.12651067732205,1.5916606187820437,0.08899537473917,0.13828806579113,0.6349241137504578,0.1530251204967498,-0.0520868711173534,-0.7554745078086853,5,-0.014260203316415,1.0,1.0,0.5665134038152198,0,0,-0.1720883671822484,0.6282860707909977,-500,-500,thymio-09
181,1788223141.8869824,1.478552222251892,0.1547686010599136,-1.5246800271460683,75.43410325511148,1.478552222251892,0.0909630730748176,0.1547686010599136,0.6156963109970093,0.0041046827100217,-0.1807353049516677,-0.766965389251709,5,0.1369301511240135,1.0,1.0,0.6341283492391192,0,0,-0.1825249511622028,0.6282648759252938,-500,-500,thymio-09
182,1788223142.495129,1.392788290977478,0.1902047991752624,-1.5201689478575853,74.9564239129806,1.392788290977478,0.0924043953418731,0.1902047991752624,0.6108960509300232,-0.001234694616869,-0.186570331454277,-0.7694128751754761,5,0.2307123719057591,1.0,1.0,1.0,0,0,-0.1910328640901055,0.6283031224421803,-500,-500,thymio-09
183,1788223143.104691,1.3058089017868042,0.2261921614408493,-1.5395958652241803,74.4717457699516,1.3058089017868042,0.0924227088689804,0.2261921614408493,0.6119716167449951,-0.0112934429198503,-0.1823116242885589,-0.7694970965385437,5,-0.9411917433537892,1.0,1.0,1.0,0,0,-0.0,0.6280371089517646,-95,95,thymio-09
184,1788223143.7126482,1.222913384437561,0.2580321431159973,-1.566486284877753,73.9645619872171,1.222913384437561,0.0907613709568977,0.2580321431159973,0.5966623425483704,-0.095944233238697,-0.2230115383863449,-0.7648887038230896,5,-0.9921022840057296,1.0,1.0,1.0,0,0,-0.0,0.6276597653162586,-95,95,thymio-09
185,1788223144.3211622,1.222913384437561,0.2580321431159973,-1.566486284877753,73.8645619872171,1.222913384437561,0.0907613709568977,0.2580321431159973,0.5966623425483704,-0.095944233238697,-0.2230115383863449,-0.7648887038230896,5,-0.9921022840057296,1.0,1.0,1.0,0,0,-0.0,0.6280276863419266,-95,95,thymio-09
186,1788223144.9294271,1.2174172401428225,0.2526405453681946,-1.4205663435785123,73.7645619872171,1.2174172401428225,0.0930282101035118,0.2526405453681946,0.5472012162208557,-0.1900668144226074,-0.3380646109580993,-0.7417262196540833,5,-0.9959193603461218,1.0,1.0,1.0,0,0,-0.0,0.6280824224450472,-95,95,thymio-09
187,1788223145.5376842,1.2039591073989868,0.2485103905200958,-0.9656724032609368,73.66456198721711,1.2039591073989868,0.0927058756351471,0.2485103905200958,0.4307828545570373,-0.3963043689727783,-0.4698509275913238,-0.6607640981674194,5,-0.9824633340043412,1.0,1.0,1.0,0,0,-0.0,0.6280508359431066,-95,95,thymio-09
188,1788223146.146444,1.1936964988708496,0.2508851289749145,0.224748597482709,73.56456198721712,1.1936964988708496,0.0918442159891128,0.2508851289749145,0.3366637229919433,-0.5287275910377502,-0.5331188440322876,-0.5682332515716553,5,1.0,1.0,0.4668486276001748,1.0,0,0,-0.05,0.628266655254611,-273,-83,thymio-09
189,1788223146.7551117,1.1859593391418457,0.256421834230423,0.8206815344428442,73.46456198721712,1.1859593391418457,0.0929062515497207,0.256421834230423,0.2010887116193771,-0.6309047341346741,-0.6005266308784485,-0.4482080340385437,5,1.0,0.4742440693791059,0.7614895219110476,1.0,0,0,-0.0946196161095163,0.6135709166504005,-429,-244,thymio-09
190,1788223147.3636367,1.1859593391418457,0.256421834230423,0.8206815344428442,73.36456198721713,1.1859593391418457,0.0929062515497207,0.256421834230423,0.2010887116193771,-0.6309047341346741,-0.6005266308784485,-0.4482080340385437,5,1.0,0.4742440693791059,0.7614895219110476,1.0,0,0,0.0068723025205434,0.6263622821378279,-70,119,thymio-09
191,1788223147.971833,1.212436318397522,0.2876306772232055,0.9718545513714822,73.26456198721714,1.212436318397522,0.0930365324020385,0.2876306772232055,0.0762535631656646,-0.7091431021690369,-0.6248669028282166,-0.317557543516159,5,1.0,0.4484342268016525,0.7366409750378837,1.0,0,0,0.1078676349884755,0.6265022537784547,289,478,thymio-09
192,1788223148.5802767,1.2640905380249023,0.3123330175876617,1.0378224488202186,73.16456198721714,1.2640905380249023,0.09222212433815,0.3123330175876617,0.0500610843300819,0.7586933374404907,0.6295264363288879,0.1599210649728775,5,1.0,0.3995287654074435,0.6962433018935335,0.6387664473098684,0,0,-0.0084551867758828,0.6277269735024898,-125,65,thymio-09
193,1788223149.1899168,1.1992336511611938,0.350012719631195,1.8285317744398704,72.76467733175414,1.1992336511611938,0.0939012840390205,0.350012719631195,-0.2946228086948395,0.6331430673599243,-0.7135605812072754,0.056202158331871,5,1.0,0.4691708673286503,1.0,0.638114312881852,0,0,0.007863067195564,0.6274113203849979,-67,123,thymio-09
194,1788223149.798314,1.1992336511611938,0.350012719631195,1.8285317744398704,72.66467733175415,1.1992336511611938,0.0939012840390205,0.350012719631195,-0.2946228086948395,0.6331430673599243,-0.7135605812072754,0.056202158331871,5,1.0,0.4691708673286503,1.0,0.638114312881852,0,0,0.020197785078508,0.6279475776399398,-23,167,thymio-09
195,1788223150.4065073,1.2100812196731567,0.3582086265087127,0.8707191037965423,72.56467733175415,1.2100812196731567,0.0926253274083137,0.3582086265087127,0.3738118410110473,0.7325013279914856,0.5067965984344482,-0.2585801780223846,5,1.0,0.4364063713470827,0.7282666940910707,0.5221172126541189,0,0,-0.0259341033686482,0.6273670454906433,-187,3,thymio-09
196,1788223151.0141764,1.219896912574768,0.3739638924598694,0.1876864770237314,72.46467733175416,1.219896912574768,0.0934328958392143,0.3739638924598694,-0.4949910640716553,-0.6378644108772278,-0.399049699306488,0.4345944225788116,5,1.0,0.4204353048169249,0.3978186032821611,1.0,0,0,-0.0318756457943407,0.6223964525748054,-207,-19,thymio-09
197,1788223151.6223872,1.219896912574768,0.3739638924598694,0.1876864770237314,72.36467733175417,1.219896912574768,0.0934328958392143,0.3739638924598694,-0.4949910640716553,-0.6378644108772278,-0.399049699306488,0.4345944225788116,5,1.0,0.4204353048169249,0.3978186032821611,1.0,0,0,-0.0053622457002286,0.6235705547210085,-113,75,thymio-09
1,1788222701.6453323,2.9748940467834477,-0.0556210912764072,-0.4946669897382545,100.0,2.9748940467834477,0.0866857394576072,-0.0556210912764072,0.3455027341842651,-0.4384602308273315,-0.514777421951294,-0.6506801843643188,5,1.0,-0.706386502155485,-0.7232345909517794,-0.7249069495207133,0,0,-0.083663146066768,0.6279420673504175,-392,-202,thymio-11
2,1788222702.2532504,2.9748940467834477,-0.0556210912764072,-0.4946669897382545,99.9,2.9748940467834477,0.0866857394576072,-0.0556210912764072,0.3455027341842651,-0.4384602308273315,-0.514777421951294,-0.6506801843643188,5,1.0,-0.706386502155485,-0.7232345909517794,-0.7249069495207133,0,0,-0.0913325994244003,-0.0117228316338037,-323,-326,thymio-11
3,1788222702.8625855,2.979215621948242,-0.0098130404949188,0.1028283142656834,99.8,2.979215621948242,0.0873129218816757,-0.0098130404949188,0.2761024832725525,-0.522111713886261,-0.544954776763916,-0.5951395630836487,5,1.0,-0.717354511402831,1.0,-0.7320947361315242,0,0,0.0218489580375636,-0.0051796053728052,78,77,thymio-11
4,1788222703.4710844,3.0045430660247803,0.0588486306369304,0.2916507227133116,99.70000000000002,3.0045430660247803,0.0874071419239044,0.0588486306369304,0.2525112926959991,-0.5532703399658203,-0.5504946708679199,-0.5719140768051147,5,1.0,-0.6620622582582678,1.0,-0.6463005056957207,0,0,0.0359254860900881,0.5112230149378452,50,205,thymio-11
5,1788222704.0797668,3.0045430660247803,0.0588486306369304,0.2916507227133116,99.60000000000002,3.0045430660247803,0.0874071419239044,0.0588486306369304,0.2525112926959991,-0.5532703399658203,-0.5504946708679199,-0.5719140768051147,5,1.0,-0.6620622582582678,1.0,-0.6463005056957207,0,0,0.0359254860900881,0.6263455750447172,33,222,thymio-11
6,1788222704.683059,10000.0,10000.0,0.0,99.60000000000002,3.0045430660247803,0.0874071419239044,0.0588486306369304,0.2525112926959991,-0.5532703399658203,-0.5504946708679199,-0.5719140768051147,5,1.0,1.0,-1.0,1.0,0,0,0.03,0.125601205458537,88,126,thymio-11
7,1788222705.2868133,2.965878963470459,0.0272486358880996,0.8300312773703178,99.60000000000002,2.965878963470459,0.0874942019581794,0.0272486358880996,0.0443067215383052,-0.6972675323486328,-0.6198840737342834,-0.3572094738483429,5,1.0,-0.6445431549985269,1.0,-0.6793193337015886,0,0,0.1167968965997324,0.6166436995221578,322,500,thymio-11
8,1788222705.8951592,2.9503366947174072,0.0200681462883949,0.8504148799241462,99.50000000000004,2.9503366947174072,0.0879753679037094,0.0200681462883949,0.0281100533902645,-0.7132960557937622,-0.6126515865325928,-0.3392295241355896,5,1.0,-0.6248961482296438,1.0,-0.704658515303503,0,0,0.0857559025276401,0.6212564929270612,211,399,thymio-11
9,1788222706.5038135,2.871940851211548,-0.0037748222239315,0.8840894465321698,99.16177586311548,2.871940851211548,0.0885162353515625,-0.0037748222239315,-0.0522872880101203,-0.7499532103538513,-0.608543336391449,-0.2539907097816467,5,1.0,-0.5942583563585652,1.0,-0.7780778199169327,0,0,0.0126063581966965,0.6025597825886139,-46,136,thymio-11
10,1788222707.1117249,2.871940851211548,-0.0037748222239315,0.8840894465321698,99.06177586311549,2.871940851211548,0.0885162353515625,-0.0037748222239315,-0.0522872880101203,-0.7499532103538513,-0.608543336391449,-0.2539907097816467,5,1.0,-0.5942583563585652,1.0,-0.7780778199169327,0,0,0.0126063581966965,0.5636200330852178,-40,130,thymio-11
11,1788222707.719511,2.820185899734497,0.0032173655927181,0.9132605873095052,98.8296764079787,2.820185899734497,0.0872298702597618,0.0032173655927181,-0.2123376280069351,-0.7878446578979492,-0.5770537853240967,-0.0349619388580322,5,1.0,-0.5632550474256702,1.0,-0.7817091193274925,0,0,0.0118764670151739,0.567257008591195,-43,128,thymio-11
12,1788222708.3271918,2.81990909576416,0.0114332418888807,0.8065737100225596,98.7296764079787,2.81990909576416,0.0878852158784866,0.0114332418888807,-0.3447693288326263,-0.7756335139274597,-0.5104853510856628,0.1375914514064788,5,1.0,-0.5630050461681897,1.0,-0.7740732048909711,0,0,0.0134112858169148,0.0876033967901757,34,61,thymio-11
13,1788222708.9351847,2.822260618209839,0.0152357323095202,0.6926702775064131,98.6296764079787,2.822260618209839,0.0884418040513992,0.0152357323095202,-0.4073233902454376,-0.7493667006492615,-0.4699711501598358,0.2272980660200119,5,1.0,-0.56121169524151,1.0,-0.7733239043644035,0,0,0.0135618952227548,0.2629015234687267,8,88,thymio-11
14,1788222709.543544,2.823408842086792,0.025100115686655,0.4403437633303895,98.52967640797873,2.823408842086792,0.0889282375574112,0.025100115686655,-0.4690545797348022,-0.7084527611732483,-0.4061571359634399,0.3363315761089325,5,1.0,-0.7722916934861581,1.0,-0.7408919630787691,0,0,0.0137693696092822,0.4649188210498216,-21,119,thymio-11
15,1788222710.1522477,2.8264858722686768,0.0368167534470558,-0.1033274569764315,98.42967640797872,2.8264858722686768,0.0892133936285972,0.0368167534470558,-0.5247753858566284,-0.650817334651947,-0.3296948075294494,0.4385760724544525,5,1.0,-0.773056408228516,1.0,-0.7278638457620494,0,0,0.0136156619460682,0.1642666356586321,24,73,thymio-11
16,1788222710.7608087,2.8264858722686768,0.0368167534470558,-0.1033274569764315,98.32967640797872,2.8264858722686768,0.0892133936285972,0.0368167534470558,-0.5247753858566284,-0.650817334651947,-0.3296948075294494,0.4385760724544525,5,1.0,-0.773056408228516,1.0,-0.7278638457620494,0,0,0.0136156619460682,0.2734088190953578,7,90,thymio-11
17,1788222711.3694062,2.827777147293091,0.0374029576778411,-0.1679775526941407,98.22967640797872,2.827777147293091,0.0889628827571868,0.0374029576778411,-0.5280296206474304,-0.645046055316925,-0.3211816549301147,0.4493803679943084,5,1.0,-0.7726875335421128,1.0,-0.7259898805996611,0,0,0.0136898057580353,0.2901319462492999,5,92,thymio-11
18,1788222711.9776962,2.835463523864746,0.0489930845797061,-0.8796683594509385,98.12967640797874,2.835463523864746,0.0881608948111534,0.0489930845797061,-0.5599104762077332,-0.5617413520812988,-0.2390407174825668,0.5601843595504761,5,1.0,-0.7836280787698797,-0.5693247869577216,1.0,0,0,0.0114907561672541,0.2431723101407444,4,78,thymio-11
19,1788222712.586211,2.8455564975738525,0.0572459995746612,-1.1291135943084107,98.02967640797874,2.8455564975738525,0.087804839015007,0.0572459995746612,-0.6057819724082947,-0.489641398191452,-0.1565139442682266,0.6072750091552734,5,1.0,-0.7873406367469749,-0.5556500219954648,1.0,0,0,0.010744532013858,-0.13157596585125,58,18,thymio-11
20,1788222713.1943586,2.85162353515625,0.0615422651171684,-1.27285318099528,97.92967640797876,2.85162353515625,0.0887387543916702,0.0615422651171684,-0.6071843504905701,-0.4436026215553283,-0.1397904604673385,0.6442070007324219,5,1.0,-0.7045120122867692,-0.7862689300149006,1.0,0,0,0.0109599450670049,0.1366224209623396,18,60,thymio-11
21,1788222713.8030312,2.85162353515625,0.0615422651171684,-1.27285318099528,97.82967640797877,2.85162353515625,0.0887387543916702,0.0615422651171684,-0.6071843504905701,-0.4436026215553283,-0.1397904604673385,0.6442070007324219,5,1.0,-0.7045120122867692,-0.7862689300149006,1.0,0,0,0.0109599450670049,0.2730308048190913,-2,80,thymio-11
22,1788222714.411533,2.86161208152771,0.0717977508902549,-1.2057151630134926,97.72967640797876,2.86161208152771,0.0884029939770698,0.0717977508902549,-0.6100013256072998,-0.4602206349372864,-0.1311250627040863,0.6315866112709045,5,1.0,-0.6971899229407761,-0.7863795477432655,1.0,0,0,0.0109377109036036,0.3791986746290664,-18,96,thymio-11
23,1788222715.0205631,2.8643786907196045,0.0735176280140876,-1.3005832701572655,97.62967640797876,2.8643786907196045,0.0887282490730285,0.0735176280140876,-0.6197373270988464,-0.4227635562419891,-0.123579017817974,0.6495574116706848,5,1.0,-0.696810278308378,-0.7853933676176713,1.0,0,0,0.011135933108848,0.4467145048582035,-28,107,thymio-11
24,1788222715.6294715,2.8760104179382324,0.0746490731835365,-1.3911427995702106,97.52967640797876,2.8760104179382324,0.0886371582746505,0.0746490731835365,-0.6221292614936829,-0.3182370364665985,-0.0107823209837079,0.7152372002601624,5,1.0,-0.6974694561133999,-0.7773192519762727,1.0,0,0,0.0127588303527691,0.4908623220087181,-29,119,thymio-11
25,1788222716.2375364,2.882044553756714,0.068877100944519,1.7386152143741036,97.42967640797876,2.882044553756714,0.0891581624746322,0.068877100944519,-0.0159367062151432,-0.512733519077301,0.8195254802703857,-0.2553987503051758,5,-0.709374538562922,1.0,1.0,-0.7699834255470259,0,0,0.0510819810856236,0.6078524265038957,90,273,thymio-11
26,1788222716.8453236,2.897714376449585,0.0586212575435638,-1.4385205716044802,97.32967640797878,2.897714376449585,0.0870260298252105,0.0586212575435638,0.5816340446472168,0.0029129260219633,-0.237521544098854,-0.7779954075813293,5,1.0,-0.7151180595997981,-0.7655359774509756,1.0,0,0,0.0550469850696054,0.2600550645457617,156,235,thymio-11
27,1788222717.4538665,2.897714376449585,0.0586212575435638,-1.4385205716044802,97.2296764079788,2.897714376449585,0.0870260298252105,0.0586212575435638,0.5816340446472168,0.0029129260219633,-0.237521544098854,-0.7779954075813293,5,1.0,-0.7151180595997981,-0.7655359774509756,1.0,0,0,0.0553812858256237,0.0636600137721942,187,206,thymio-11
28,1788222718.0620308,2.9241905212402344,0.0361666083335876,-1.4298236015782095,97.1296764079788,2.9241905212402344,0.0865469723939895,0.0361666083335876,0.5578477382659912,-0.1002759709954261,-0.2977980375289917,-0.7681582570075989,5,1.0,-0.7032791998084367,-0.7651561774952556,1.0,0,0,0.0152036083234536,0.1968637078629789,24,84,thymio-11
29,1788222718.670185,2.96510910987854,-0.0050458670593798,-1.3882465528460566,97.0296764079788,2.96510910987854,0.0857690051198005,-0.0050458670593798,0.5302064418792725,-0.1425946503877639,-0.3305355310440063,-0.7676550149917603,5,1.0,-0.7596937763587218,-0.7181588507552996,1.0,0,0,0.0163015509518969,0.0611521068419069,49,67,thymio-11
30,1788222719.2786868,2.9657044410705566,-0.0075002266094088,-1.3639972544772991,96.9296764079788,2.9657044410705566,0.0863827690482139,-0.0075002266094088,0.5206174254417419,-0.1488983780145645,-0.3412835001945495,-0.7683178782463074,5,1.0,-0.7595098744664448,-0.7229685654299945,1.0,0,0,0.0163385152322445,0.5275661329128432,-22,138,thymio-11
31,1788222719.8870327,2.9749584197998047,-0.0221576504409313,-1.3328241388750848,96.8296764079788,2.9749584197998047,0.0860267803072929,-0.0221576504409313,0.5104947686195374,-0.1936491727828979,-0.3701795041561126,-0.7515730857849121,5,1.0,-0.7485285821379714,-0.7348124006649016,1.0,0,0,0.0185457549902677,0.615113869352418,-27,159,thymio-11
32,1788222720.4948182,2.9729678630828857,-0.041402880102396,-0.8208612785942373,96.7296764079788,2.9729678630828857,0.0868508592247963,-0.041402880102396,-0.3809083104133606,0.3917511403560638,0.4836983680725097,0.6837220191955566,5,1.0,-0.7403896689467285,-0.702281908516929,1.0,0,0,0.0201816765417075,0.5914059365226843,-18,161,thymio-11
33,1788222721.1039205,2.9729678630828857,-0.041402880102396,-0.8208612785942373,96.62967640797882,2.9729678630828857,0.0868508592247963,-0.041402880102396,-0.3809083104133606,0.3917511403560638,0.4836983680725097,0.6837220191955566,5,1.0,-0.7403896689467285,-0.702281908516929,1.0,0,0,0.0201816765417075,0.5951861393266689,-18,162,thymio-11
34,1788222721.7125075,2.96612286567688,-0.0487769432365894,0.0976426547589213,96.52967640797884,2.96612286567688,0.0867975205183029,-0.0487769432365894,-0.2721080780029297,0.5217701196670532,0.5454828143119812,0.5967927575111389,5,1.0,-0.6442515038255963,-0.6735116943308379,-0.7356322593120772,0,0,0.0211379158782724,0.5515048749011012,-8,158,thymio-11
35,1788222722.3207023,2.949440717697144,-0.0540453493595123,0.7633839866642287,96.42967640797885,2.949440717697144,0.0868286415934562,-0.0540453493595123,-0.0982673615217208,0.6672062873840332,0.6077528595924377,0.4193038940429687,5,1.0,-0.6639656177967432,1.0,-0.7280012064376737,0,0,0.0226717575060275,0.6133464669605918,-12,173,thymio-11
36,1788222722.92983,2.940167188644409,-0.0538197495043277,0.8552747482415111,96.32967640797884,2.940167188644409,0.0872242078185081,-0.0538197495043277,-0.0193848889321088,0.7184205055236816,0.6116077899932861,0.3308053910732269,5,-0.5848727164303081,-0.6683190799238391,1.0,-0.724406789347525,0,0,0.0233942353411474,0.6282791571400109,-12,178,thymio-11
37,1788222723.539127,2.9264228343963623,-0.0471582487225532,0.9076867899903948,96.22967640797884,2.9264228343963623,0.0869137868285179,-0.0471582487225532,0.1537555009126663,0.7807160019874573,0.5928641557693481,0.1239110603928566,5,-0.5678864274402908,-0.663268295071448,1.0,-0.7145655184251859,0,0,0.0253723307965376,0.5098301281304363,13,167,thymio-11
38,1788222724.1472783,2.9264228343963623,-0.0471582487225532,0.9076867899903948,96.12967640797883,2.9264228343963623,0.0869137868285179,-0.0471582487225532,0.1537555009126663,0.7807160019874573,0.5928641557693481,0.1239110603928566,5,-0.5678864274402908,-0.663268295071448,1.0,-0.7145655184251859,0,0,0.0253723307965376,0.2378476288874601,54,126,thymio-11
39,1788222724.755826,2.916508674621582,-0.0319761857390403,0.8634479544558875,96.02967640797884,2.916508674621582,0.0860940665006637,-0.0319761857390403,0.3009493947029114,0.7836337685585022,0.5367528200149536,-0.0851123854517936,5,1.0,-0.6512049215188709,1.0,-0.7034619370508155,0,0,0.027604150652786,0.0054333996039006,97,99,thymio-11
40,1788222725.364363,2.9070332050323486,-0.0162077415734529,0.778331687696848,95.92967640797886,2.9070332050323486,0.087034210562706,-0.0162077415734529,0.3687554597854614,0.7662271857261658,0.4933242499828338,-0.1831572651863098,5,1.0,-0.6382076193133108,1.0,-0.7023043242148845,0,0,0.0278368308328082,-0.3075650209680837,145,52,thymio-11
41,1788222725.973289,2.894984006881714,0.0001862470526248,0.7975309678592621,95.82967640797888,2.894984006881714,0.0879641249775886,0.0001862470526248,0.364257276058197,0.7685257196426392,0.4851028323173523,-0.2033723294734954,5,1.0,-0.6202749989238963,1.0,-0.7077964747482979,0,0,0.0267329085755921,-0.0943405072448656,109,81,thymio-11
42,1788222726.5819457,2.874262809753418,0.0177887752652168,0.8593554243911079,95.72403400760231,2.874262809753418,0.0879268646240234,0.0177887752652168,0.3118151426315307,0.7879646420478821,0.5183435082435608,-0.1149051189422607,5,1.0,-0.5932022196193985,1.0,-0.7261356695299196,0,0,0.0230467304244861,0.0133735454111113,80,84,thymio-11
43,1788222727.1916902,2.852136373519897,0.0339667424559593,0.8475324795917847,95.6127928997847,2.852136373519897,0.0879114344716072,0.0339667424559593,0.3086174428462982,0.7831270098686218,0.5329144597053528,-0.086426094174385,5,1.0,-0.572702182361791,1.0,-0.75044882548188,0,0,0.0181597860781421,0.070794246353986,54,75,thymio-11
44,1788222727.8001916,2.852136373519897,0.0339667424559593,0.8475324795917847,95.5127928997847,2.852136373519897,0.0879114344716072,0.0339667424559593,0.3086174428462982,0.7831270098686218,0.5329144597053528,-0.086426094174385,5,1.0,-0.572702182361791,1.0,-0.75044882548188,0,0,0.0181597860781421,0.1301027740396327,45,84,thymio-11
45,1788222728.4090383,2.8482584953308105,0.0374801084399223,0.8478637457663787,95.4127928997847,2.8482584953308105,0.0876212641596794,0.0374801084399223,0.3048635125160217,0.7866973876953125,0.5307313799858093,-0.080558106303215,5,1.0,-0.5699542546623773,1.0,-0.7554370685908622,0,0,0.0171571492132367,0.1608354000198027,37,85,thymio-11
46,1788222729.0174017,2.8252105712890625,0.0591995231807231,0.8199361344766385,95.31279289978472,2.8252105712890625,0.0880878418684005,0.0591995231807231,0.3325637280941009,0.7807518839836121,0.5151116251945496,-0.1203658804297447,5,1.0,-0.5596448390980084,1.0,-0.7850176134184155,0,0,0.0112114597028984,0.1768868660744286,13,67,thymio-11
47,1788222729.626281,2.8183512687683105,0.0685356110334396,0.7942055113156963,95.21279289978472,2.8183512687683105,0.0884173065423965,0.0685356110334396,0.3560752272605896,0.7715703248977661,0.502830982208252,-0.1582742035388946,5,1.0,-0.5565469353852731,1.0,-0.7895329914516864,0,0,0.010303868718211,0.2293529602742188,2,71,thymio-11
48,1788222730.2351096,2.814536094665528,0.0792506709694862,0.6900257835390229,95.11279289978472,2.814536094665528,0.0891560167074203,0.0792506709694862,0.4079239964485168,0.7498381733894348,0.4659708738327026,-0.2328345328569412,5,1.0,-0.5572120465878909,1.0,-0.7896115646183095,0,0,0.0102880755117197,0.2638939252560711,-3,76,thymio-11
49,1788222730.8428397,2.814536094665528,0.0792506709694862,0.6900257835390229,95.01279289978471,2.814536094665528,0.0891560167074203,0.0792506709694862,0.4079239964485168,0.7498381733894348,0.4659708738327026,-0.2328345328569412,5,1.0,-0.5572120465878909,1.0,-0.7896115646183095,0,0,0.0102880755117197,0.3546193103831606,-17,90,thymio-11
50,1788222731.4508233,2.8144285678863525,0.0851686224341392,0.5802277205511648,94.91279289978472,2.8144285678863525,0.0891139656305313,0.0851686224341392,0.4413290619850158,0.7289922833442688,0.4344758987426758,-0.2915984690189361,5,1.0,-0.5562885783437757,1.0,-0.7908044919981629,0,0,0.0100482971083692,0.4167305562315174,-27,99,thymio-11
51,1788222732.0592575,2.816862106323242,0.0948806777596473,0.1469362366720732,94.81279289978474,2.816862106323242,0.0895967856049537,0.0948806777596473,0.500518798828125,0.6757932901382446,0.3575063943862915,-0.4061693251132965,5,1.0,-0.7859532481678875,-0.323662286747888,-0.4728763117199839,0,0,0.0110233971182546,0.5106927818511553,-38,116,thymio-11
52,1788222732.6671033,2.821058511734009,0.0968512147665023,-0.4471941945335076,94.71279289978474,2.821058511734009,0.0896355286240577,0.0968512147665023,0.5438836812973022,0.6175144910812378,0.2879734933376312,-0.4898342788219452,5,1.0,-0.7814060802442067,-0.5382926967945387,-0.4679416394175094,0,0,0.0119373778709144,0.2055944305956475,11,73,thymio-11
53,1788222733.275381,2.827204465866089,0.0978032946586608,-1.0207142401865923,94.61279289978476,2.827204465866089,0.0886284708976745,0.0978032946586608,0.580452024936676,0.5298068523406982,0.1995010524988174,-0.585303008556366,5,1.0,-0.4703825734981802,-0.7749877212559735,1.0,0,0,0.0132274680275493,0.534730351502004,-34,128,thymio-11
54,1788222733.8841722,2.8357298374176025,0.1013205200433731,-1.227705983640854,94.51279289978476,2.8357298374176025,0.0885372757911682,0.1013205200433731,0.6080141067504883,0.4534454047679901,0.1282438486814499,-0.6389519572257996,5,1.0,-0.4866757496274408,-0.7580708590825314,1.0,0,0,0.0166277573244112,0.4548316509726455,-10,128,thymio-11
55,1788222734.4925127,2.8357298374176025,0.1013205200433731,-1.227705983640854,94.41279289978476,2.8357298374176025,0.0885372757911682,0.1013205200433731,0.6080141067504883,0.4534454047679901,0.1282438486814499,-0.6389519572257996,5,1.0,-0.4866757496274408,-0.7580708590825314,1.0,0,0,0.0166277573244112,0.507960413928716,-18,136,thymio-11
56,1788222735.1005814,2.8454248905181885,0.0995454415678978,-1.4050506201764978,94.31279289978475,2.8454248905181885,0.088581271469593,0.0995454415678978,0.6245396137237549,0.3143749535083771,0.0164761841297149,-0.7147358655929565,5,-0.2218742152649644,-0.4773345285076564,-0.7431101844845086,1.0,0,0,0.0373379208900691,0.4013926858645414,72,193,thymio-11
57,1788222735.7084322,2.857912540435791,0.0932393297553062,-1.4436060308825067,94.21279289978476,2.857912540435791,0.0880124270915985,0.0932393297553062,-0.6054316759109497,-0.1242110803723335,0.1506288647651672,0.7715796232223511,5,-0.5676489166298406,-0.3895117353587519,-0.723472939972726,1.0,0,0,0.0523105514107311,0.4215251194665501,122,250,thymio-11
58,1788222736.3170466,2.8766214847564697,0.0840100646018982,-1.4407269569446537,94.11279289978478,2.8766214847564697,0.0874535664916038,0.0840100646018982,-0.5848481059074402,-0.0207238420844078,0.2251936048269271,0.7789807915687561,5,-0.5909259811171133,-0.3073500387558683,-0.7147480323274138,1.0,0,0,0.0282714787653493,0.5734885309973883,14,187,thymio-11
59,1788222736.9250555,2.8995730876922607,0.0655167996883392,-1.4259674675941332,94.01279289978478,2.8995730876922607,0.0878799185156822,0.0655167996883392,-0.5573772192001343,0.0617830082774162,0.2779551744461059,0.7799066305160522,5,-0.6217012618807983,-0.3159753396097838,-0.7119848553553273,1.0,0,0,-0.0258910440735792,0.5642861615968842,-177,-7,thymio-11
60,1788222737.5331357,2.9034578800201416,0.0550818517804145,-1.1648757829191645,93.9127928997848,2.9034578800201416,0.0875368416309356,0.0550818517804145,-0.4499127268791199,0.2867845594882965,0.4308220148086548,0.7278225421905518,5,1.0,-0.7092426455182972,-0.6312331248824202,1.0,0,0,-0.0264422282508222,0.6211905307999428,-188,0,thymio-11
61,1788222738.141456,2.892097234725952,0.0775169134140014,-0.5966305013371116,93.8127928997848,2.892097234725952,0.0885564759373664,0.0775169134140014,-0.348540723323822,0.4338635802268982,0.4997566044330597,0.6637206673622131,5,1.0,-0.700808971511037,-0.6112373563411527,1.0,0,0,-0.0281373967262815,0.1652184698094623,-125,-75,thymio-11
62,1788222738.7498002,2.892097234725952,0.0775169134140014,-0.5966305013371116,93.7127928997848,2.892097234725952,0.0885564759373664,0.0775169134140014,-0.348540723323822,0.4338635802268982,0.4997566044330597,0.6637206673622131,5,1.0,-0.700808971511037,-0.6112373563411527,1.0,0,0,-0.0281373967262815,0.0362222556150794,-105,-95,thymio-11
63,1788222739.3578691,2.8914458751678467,0.1029128059744834,0.0806281858746089,93.6127928997848,2.8914458751678467,0.0884373039007186,0.1029128059744834,-0.2692591845989227,0.5139402151107788,0.5524869561195374,0.5984338521957397,5,1.0,-0.6810337053493476,-0.5997814100093732,-0.4007269980937653,0,0,0.0321122252247811,0.0111408022344204,112,116,thymio-11
64,1788222739.9654682,2.900564432144165,0.1330486536026001,0.2203394760036228,93.5127928997848,2.900564432144165,0.088690660893917,0.1330486536026001,-0.2537703514099121,0.5337725281715393,0.5615392923355103,0.5791037678718567,5,1.0,-0.6083821264935863,-0.5922758093976362,-0.3343651500109623,0,0,0.0467151925747891,0.0483686781462496,159,173,thymio-11
65,1788222740.5751567,2.8925535678863525,0.1125496923923492,0.2654248839104824,93.41279289978482,2.8925535678863525,0.0883037075400352,0.1125496923923492,-0.2461242079734802,0.542508602142334,0.5627568960189819,0.5730724334716797,5,1.0,-0.2796707773555262,-0.5810578921348668,-0.5936540801843491,0,0,0.0496755298829458,0.2357283901445679,141,212,thymio-11
66,1788222741.1846778,2.879807233810425,0.0800746157765388,0.2686637696120511,93.31279289978482,2.879807233810425,0.0885795950889587,0.0800746157765388,-0.25527024269104,0.5526501536369324,0.5450133085250854,0.5765201449394226,5,1.0,-0.2656440843455417,-0.5568225905654449,-0.622181046111463,0,0,0.0439416097315959,0.268635135861648,116,197,thymio-11
67,1788222741.7928944,2.853431463241577,0.036845464259386,0.5501907171657909,93.18118224464136,2.853431463241577,0.088225282728672,0.036845464259386,-0.1911317706108093,0.6001492738723755,0.5799899697303772,0.516624927520752,5,1.0,-0.248792264136895,-0.4936028064806775,-0.6765347086443669,0,0,-0.1183288694958128,0.2274050900844014,-455,-386,thymio-11
68,1788222742.4007611,2.866669178009033,0.0551843047142028,0.6952268109175335,93.08118224464135,2.866669178009033,0.0882396772503852,0.0551843047142028,-0.151028573513031,0.6378593444824219,0.593305766582489,0.4672410488128662,5,1.0,-0.2432482605223095,-0.4830025571043199,-0.6467451781685913,0,0,-0.1388979145449455,0.2174531328949145,-500,-461,thymio-11
69,1788222743.0093002,2.866669178009033,0.0551843047142028,0.6952268109175335,92.98118224464136,2.866669178009033,0.0882396772503852,0.0551843047142028,-0.151028573513031,0.6378593444824219,0.593305766582489,0.4672410488128662,5,1.0,1.0,-0.4830025571043199,-0.6467451781685913,0,0,-0.1419165887328211,0.1275545010753153,-500,-485,thymio-11
70,1788222743.617368,2.928882598876953,0.1177799850702285,0.7660108376716126,92.88118224464138,2.928882598876953,0.0882213935256004,0.1177799850702285,-0.1133846789598465,0.6640728712081909,0.6031121015548706,0.4270913004875183,5,1.0,-0.2468620294887782,-0.5178105621406486,-0.555437502500139,0,0,-0.1802353647547755,0.1081975214622992,-500,-500,thymio-11
71,1788222744.2256124,3.0308408737182617,0.2002431154251098,0.7888158013494451,92.7811822446414,3.0308408737182617,0.0879091992974281,0.2002431154251098,-0.0819440186023712,0.6785972118377686,0.6101060509681702,0.400701493024826,5,1.0,-0.5778295903979225,1.0,-0.4284876898832115,0,0,-0.1389902650885479,0.3497644061013059,-500,-441,thymio-11
72,1788222744.833593,3.103527069091797,0.2511944770812988,0.8136742735664586,92.6811822446414,3.103527069091797,0.0887970030307769,0.2511944770812988,-0.0691679865121841,0.6905710101127625,0.6089619398117065,0.3840481638908386,5,1.0,-0.708196127500319,1.0,-0.3438558322309868,0,0,0.0688369190767242,0.6075727334736365,153,336,thymio-11
73,1788222745.4425795,3.1792008876800537,0.2980772852897644,0.8461682266699615,92.5811822446414,3.1792008876800537,0.0892207473516464,0.2980772852897644,-0.0180170778185129,0.7103232741355896,0.6209107637405396,0.3310378193855285,5,1.0,-0.7542497821126884,1.0,-0.2640560831654859,0,0,0.0173957937953496,0.6262165904764979,-33,156,thymio-11
74,1788222746.0506494,3.1792008876800537,0.2980772852897644,0.8461682266699615,92.4811822446414,3.1792008876800537,0.0892207473516464,0.2980772852897644,-0.0180170778185129,0.7103232741355896,0.6209107637405396,0.3310378193855285,5,1.0,-0.7542497821126884,1.0,-0.2640560831654859,0,0,0.0173957937953496,0.6277945012718295,-33,157,thymio-11
75,1788222746.6604865,3.139424085617065,0.2967474162578583,0.9116704452783192,92.26323575341834,3.139424085617065,0.0886123701930046,0.2967474162578583,0.1593639552593231,0.7861171364784241,0.586347222328186,0.1132255271077156,5,1.0,-0.6904703111184345,1.0,-0.2927038297758374,0,0,0.0302154674651946,0.6279431173141525,13,202,thymio-11
76,1788222747.2690146,3.135509967803955,0.3069035112857818,0.8691991223419908,92.16323575341836,3.135509967803955,0.088828332722187,0.3069035112857818,0.2905224859714508,0.7872821688652039,0.5394254922866821,-0.0693082064390182,5,1.0,-0.667184817033211,1.0,-0.2830768493084631,0,0,0.0348958517763245,0.6268500114476974,29,219,thymio-11
77,1788222747.8775291,3.129788637161255,0.323693186044693,0.6897557125241045,92.06323575341835,3.129788637161255,0.0890681594610214,0.323693186044693,0.4106113314628601,0.7435303926467896,0.454368382692337,-0.2685335874557495,5,1.0,-0.6420736527825548,1.0,-0.2705904170698306,0,0,0.0399431957907064,0.6090992445553665,50,234,thymio-11
78,1788222748.4854536,3.1327991485595703,0.3545854687690735,-0.1121663229807081,91.96323575341836,3.1327991485595703,0.0885113179683685,0.3545854687690735,0.5114055871963501,0.6425601243972778,0.3375483155250549,-0.4600456357002258,5,1.0,-0.5110071916787022,-0.6797523458712755,1.0,0,0,0.0323697784798736,0.5467835657576133,32,198,thymio-11
79,1788222749.09358,3.1327991485595703,0.3545854687690735,-0.1121663229807081,91.86323575341837,3.1327991485595703,0.0885113179683685,0.3545854687690735,0.5114055871963501,0.6425601243972778,0.3375483155250549,-0.4600456357002258,5,1.0,-0.5110071916787022,-0.6797523458712755,1.0,0,0,0.0323697784798736,0.1120777553303351,98,132,thymio-11
80,1788222749.702212,3.144557237625122,0.3745301365852356,-0.9513813452080996,91.76323575341836,3.144557237625122,0.0882054716348648,0.3745301365852356,0.5761206746101379,0.544671356678009,0.2287890315055847,-0.5648661255836487,5,1.0,-0.5377491677144999,-0.6514714044358989,1.0,0,0,0.0380542477083843,-0.061619721412123,145,126,thymio-11
81,1788222750.3109205,3.165446281433105,0.4015942513942718,-1.1647088430635442,91.66323575341838,3.165446281433105,0.0874347686767578,0.4015942513942718,0.6053454875946045,0.4850506484508514,0.180018663406372,-0.6048769354820251,5,1.0,-0.5321158551010008,-0.6100217329809792,1.0,0,0,0.0463856316708231,0.35729496054649,111,219,thymio-11
82,1788222750.9193754,3.1830549240112305,0.4254305064678192,-1.1211072791161172,91.56323575341838,3.1830549240112305,0.0895920172333717,0.4254305064678192,0.5923217535018921,0.4990569651126861,0.1666199862957,-0.6101925373077393,5,1.0,-0.4937908992343269,-0.5744183999567103,1.0,0,0,0.05,0.6012950872400689,87,268,thymio-11
83,1788222751.5284402,3.2085118293762207,0.4462907016277313,-1.29178503635713,91.4632357534184,3.2085118293762207,0.087147556245327,0.4462907016277313,0.6333399415016174,0.4084784090518951,0.0960537418723106,-0.6502304673194885,5,1.0,-0.451425069200961,-0.5430117521041478,1.0,0,0,0.05,0.6242237295659141,83,272,thymio-11
84,1788222752.136265,3.2085118293762207,0.4462907016277313,-1.29178503635713,91.3632357534184,3.2085118293762207,0.087147556245327,0.4462907016277313,0.6333399415016174,0.4084784090518951,0.0960537418723106,-0.6502304673194885,5,1.0,-0.451425069200961,-0.5430117521041478,1.0,0,0,0.05,0.6234585325453398,84,272,thymio-11
85,1788222752.7457628,3.2551887035369877,0.4575259387493133,-1.4061218385819425,91.2632357534184,3.2551887035369877,0.0886877104640007,0.4575259387493133,-0.6242082118988037,-0.2217516303062439,0.0874150693416595,0.7440086603164673,5,1.0,-0.3606593507456263,-0.5105396616106559,1.0,0,0,-0.1414761668784329,0.6237627910201855,-500,-408,thymio-11
86,1788222753.3550406,3.290706157684326,0.4477228820323944,-1.4385709425136963,91.1632357534184,3.290706157684326,0.0887891724705696,0.4477228820323944,-0.5848737359046936,-0.0407167449593544,0.213126927614212,0.7815637588500977,5,1.0,-0.2902817426987072,-0.5018615553052919,1.0,0,0,-0.1719085374703558,0.5963970716924452,-500,-500,thymio-11
87,1788222753.963778,3.176190137863159,0.5011696815490723,-1.4100608436705793,90.47008392168334,3.176190137863159,0.0895721763372421,0.5011696815490723,-0.5605625510215759,0.0396215841174125,0.2747509777545929,0.7801997661590576,5,1.0,0.0132044977202361,-0.4323406937147711,1.0,0,0,-0.1901621473929597,0.4882096809944883,-500,-500,thymio-11
88,1788222754.5726414,3.116964101791382,0.5371301770210266,-1.4361234769661184,90.11446820836096,3.116964101791382,0.0896358415484428,0.5371301770210266,-0.5574347972869873,0.0686996579170227,0.2764380872249603,0.7798262238502502,5,1.0,0.0045086430379164,-0.3628383588488491,1.0,0,0,-0.1943219575514976,0.0779313713823982,-500,-500,thymio-11
89,1788222755.1804266,3.116964101791382,0.5371301770210266,-1.4361234769661184,90.01446820836095,3.116964101791382,0.0896358415484428,0.5371301770210266,-0.5574347972869873,0.0686996579170227,0.2764380872249603,0.7798262238502502,5,1.0,0.0045086430379164,-0.3628383588488491,1.0,0,0,-0.1966074040258479,-0.1563914078713747,-500,-500,thymio-11
90,1788222755.7883232,3.0197243690490723,0.6081988215446472,-1.3921601887565314,89.4806102273881,3.0197243690490723,0.0908128768205642,0.6081988215446472,-0.5441670417785645,0.0906500667333602,0.3075391352176666,0.7752965092658997,5,1.0,1.0,-0.2463907152395175,1.0,0,0,-0.1876800852445989,-0.1208122589670797,-500,-500,thymio-11
91,1788222756.396207,2.923347234725952,0.6911487579345703,-1.3655205874929504,88.86427955064921,2.923347234725952,0.0923699662089347,0.6911487579345703,-0.5250567197799683,0.1310069411993026,0.3340803682804107,0.7717143297195435,5,1.0,1.0,-0.17582448403354,1.0,0,0,-0.1859637377982389,-0.0365280935826643,-500,-500,thymio-11
92,1788222757.005327,2.8690731525421143,0.7470608949661255,-1.3530760015717,88.51569732663404,2.8690731525421143,0.0931242033839225,0.7470608949661255,-0.5149803757667542,0.1545033007860183,0.3466481268405914,0.768608570098877,5,1.0,1.0,-0.1529117773534576,1.0,0,0,-0.1904197299247696,0.0289081434875205,-500,-500,thymio-11
93,1788222757.6148052,2.798187494277954,0.8309978246688843,-1.306766495718421,88.08981405194174,2.798187494277954,0.094896987080574,0.8309978246688843,-0.4985198080539703,0.1872172653675079,0.3737033009529114,0.7594561576843262,5,1.0,1.0,-0.1216754967361816,1.0,0,0,-0.1911514535437554,0.0072353015126906,-500,-500,thymio-11
94,1788222758.222628,2.798187494277954,0.8309978246688843,-1.306766495718421,87.98981405194175,2.798187494277954,0.094896987080574,0.8309978246688843,-0.4985198080539703,0.1872172653675079,0.3737033009529114,0.7594561576843262,5,1.0,1.0,-0.1216754967361816,1.0,0,0,-0.1927389257658011,-0.0158164102094437,-500,-500,thymio-11
95,1788222758.8313208,2.706881046295166,0.973260223865509,-1.2395073344529246,87.35831483021009,2.706881046295166,0.0963332876563072,0.973260223865509,-0.4678831994533539,0.2457617074251175,0.4051262140274048,0.7460290789604187,5,1.0,1.0,-0.063293226335281,1.0,0,0,-0.163880799503523,-0.0417543405542987,-500,-500,thymio-11
96,1788222759.4392312,2.651078224182129,1.0876379013061523,-1.180342521746906,86.95258767871998,2.651078224182129,0.0976129919290542,1.0876379013061523,-0.4499526619911194,0.281660258769989,0.4249540567398071,0.7332285642623901,5,1.0,1.0,-0.0099593901248623,1.0,0,0,-0.1185306401233994,-0.0543829894737989,-413,-429,thymio-11
97,1788222760.0480084,2.615770101547241,1.1770836114883425,-1.1424166965386582,86.681748372778,2.615770101547241,0.0987162292003631,1.1770836114883425,-0.4415371119976043,0.2978240847587585,0.4354151785373688,0.7257819771766663,5,1.0,1.0,0.0335737482555213,1.0,0,0,-0.0830379297757944,-0.043574115474234,-288,-302,thymio-11
98,1788222760.6559782,2.615770101547241,1.1770836114883425,-1.1424166965386582,86.58174837277801,2.615770101547241,0.0987162292003631,1.1770836114883425,-0.4415371119976043,0.2978240847587585,0.4354151785373688,0.7257819771766663,5,1.0,1.0,0.0335737482555213,1.0,0,0,-0.0811448443052113,0.0026466712707314,-289,-288,thymio-11
99,1788222761.264345,2.5920910835266118,1.2430567741394043,-1.1717133744633448,86.37988462919941,2.5920910835266118,0.0997333452105522,1.2430567741394043,-0.4466089904308319,0.2951006591320038,0.428165853023529,0.7281003594398499,5,1.0,1.0,0.0629365944341837,1.0,0,0,-0.0561141403797981,0.1071346129290398,-216,-183,thymio-11
100,1788222761.8722155,2.5546154975891118,1.3416510820388794,-1.1571614886241153,86.08883872001712,2.5546154975891118,0.1012792065739631,1.3416510820388794,-0.443035364151001,0.3037457466125488,0.432146668434143,0.7243669033050537,5,1.0,1.0,0.0982939096584638,1.0,0,0,-0.0206805922332033,0.2877389571005335,-117,-30,thymio-11
101,1788222762.4808369,2.5486161708831787,1.3586530685424805,-1.1248001181524685,85.98883872001713,2.5486161708831787,0.1015128940343856,1.3586530685424805,-0.4336414635181427,0.317488431930542,0.4387289881706238,0.72018963098526,5,1.0,1.0,0.1036854697313705,1.0,0,0,-0.0142671034133688,0.4914080408519889,-125,24,thymio-11
102,1788222763.0892148,2.534739255905152,1.4021650552749634,-0.7168722575159219,85.88286089645685,2.534739255905152,0.1022385880351066,1.4021650552749634,0.3704475462436676,-0.4072524905204773,-0.4958748817443847,-0.6715818047523499,5,1.0,0.0927980647782349,0.570204527848732,1.0,0,0,-0.0,0.5472514062679785,-83,83,thymio-11
103,1788222763.6972928,2.530128240585327,1.4223392009735107,0.3784152016431141,85.78286089645685,2.530128240585327,0.1020132601261138,1.4223392009735107,0.2280918508768081,-0.5552419424057007,-0.5800550580024719,-0.5506510734558105,5,1.0,0.0789065211443822,1.0,1.0,0,0,-0.0,0.5983129088358432,-90,90,thymio-11
104,1788222764.305231,2.530128240585327,1.4223392009735107,0.3784152016431141,85.68286089645686,2.530128240585327,0.1020132601261138,1.4223392009735107,0.2280918508768081,-0.5552419424057007,-0.5800550580024719,-0.5506510734558105,5,1.0,0.0789065211443822,1.0,1.0,0,0,-0.0,0.6246964325378402,-94,94,thymio-11
105,1788222764.913534,2.5294551849365234,1.4291887283325195,0.7227363868425889,85.58286089645686,2.5294551849365234,0.1021762788295745,1.4291887283325195,0.1219580322504043,-0.647301971912384,-0.6083769202232361,-0.4427233636379242,5,1.0,0.0539784833172072,1.0,1.0,0,0,0.0,0.6281828539147764,-95,95,thymio-11
106,1788222765.5222428,2.534250020980835,1.4428064823150637,0.9095010370565912,85.48286089645687,2.534250020980835,0.1013251617550849,1.4428064823150637,-0.0911750495433807,-0.7571241855621338,-0.6167208552360535,-0.1952062845230102,5,1.0,0.7098541781946766,1.0,0.0647187298820244,0,0,-0.0,0.6271693931010611,-95,95,thymio-11
107,1788222766.1301007,2.540274381637573,1.4482619762420654,0.9252351962054276,85.38286089645688,2.540274381637573,0.1008120700716972,1.4482619762420654,-0.1996557563543319,-0.7795944809913635,-0.5918238759040833,-0.0459832921624183,5,1.0,0.7292183460633668,1.0,0.1133608108115333,0,0,-0.0,0.6276689545255538,-95,95,thymio-11
108,1788222766.7388685,2.5547828674316406,1.4497427940368652,0.8179165923904104,85.28286089645688,2.5547828674316406,0.1015460789203643,1.4497427940368652,-0.3649278879165649,-0.7594828605651855,-0.4906125664710998,0.2220648378133773,5,1.0,0.6957615253463982,1.0,0.1875579654257422,0,0,-0.0,0.6281694209131244,-95,95,thymio-11
109,1788222767.3473608,2.5547828674316406,1.4497427940368652,0.8179165923904104,85.18286089645689,2.5547828674316406,0.1015460789203643,1.4497427940368652,-0.3649278879165649,-0.7594828605651855,-0.4906125664710998,0.2220648378133773,5,1.0,0.6957615253463982,1.0,0.1875579654257422,0,0,-0.0,0.6281531719230394,-95,95,thymio-11
110,1788222767.9563968,2.562771797180176,1.4450418949127195,0.3847778489191582,85.08286089645689,2.562771797180176,0.1012279018759727,1.4450418949127195,-0.4795109927654266,-0.6918660402297974,-0.4046775102615356,0.357248842716217,5,1.0,0.2247062052127475,1.0,1.0,0,0,-0.0,0.6281072599141954,-95,95,thymio-11
111,1788222768.5647304,2.569868803024292,1.4338446855545044,-0.942536794502718,84.9828608964569,2.569868803024292,0.1014231815934181,1.4338446855545044,-0.5704181790351868,-0.5484482645988464,-0.2249947637319564,0.5685111880302429,5,1.0,0.3010776074225703,0.6334797333195921,1.0,0,0,-0.0,0.6276307551737961,-95,95,thymio-11
112,1788222769.1727033,2.569758176803589,1.4239193201065063,-1.3164197707146392,84.8828608964569,2.569758176803589,0.1016108617186546,1.4239193201065063,-0.618024468421936,-0.4037774801254272,-0.0918997079133987,0.6682544350624084,5,1.0,1.0,0.3225403679339425,1.0,0,0,-0.0,0.6270443608908011,-95,95,thymio-11
113,1788222769.7807617,2.564174175262451,1.4116712808609009,-1.4523324409277216,84.78286089645691,2.564174175262451,0.1015437841415405,1.4116712808609009,-0.6108950972557068,-0.1700741350650787,0.106962151825428,0.7657944560050964,5,1.0,1.0,0.3595227927571407,1.0,0,0,-0.0,0.6281282853443646,-95,95,thymio-11
114,1788222770.3899975,2.5559797286987305,1.4076863527297974,-1.4420213340420045,84.68286089645692,2.5559797286987305,0.1003200784325599,1.4076863527297974,-0.5780074000358582,-0.0162409096956253,0.2262410521507263,0.7838741540908813,5,1.0,1.0,0.3865358864374333,1.0,0,0,-0.0,0.6281169309340849,-95,95,thymio-11
115,1788222770.997853,2.5559797286987305,1.4076863527297974,-1.4420213340420045,84.58286089645692,2.5559797286987305,0.1003200784325599,1.4076863527297974,-0.5780074000358582,-0.0162409096956253,0.2262410521507263,0.7838741540908813,5,1.0,1.0,0.3865358864374333,1.0,0,0,-0.0,0.6281697487322513,-95,95,thymio-11
116,1788222771.606181,2.5470504760742188,1.40572190284729,-1.3544473686278,84.48286089645693,2.5470504760742188,0.1023284494876861,1.40572190284729,-0.51346355676651,0.1626331806182861,0.348905861377716,0.7669227719306946,5,1.0,1.0,0.419739696948173,1.0,0,0,-0.0,0.6282003776374521,-95,95,thymio-11
117,1788222772.2155795,2.534860849380493,1.4120625257492063,-0.8002425335489534,84.38286089645693,2.534860849380493,0.1020451560616493,1.4120625257492063,-0.3773386478424072,0.4059221446514129,0.4819448292255401,0.6786544919013977,5,1.0,0.4771100258300924,0.4999684587297366,1.0,0,0,-0.0,0.6274667599093399,-95,95,thymio-11
118,1788222772.8235302,2.5321779251098637,1.4156864881515503,-0.2884026383175166,84.28286089645694,2.5321779251098637,0.1021968573331832,1.4156864881515503,-0.3174052238464355,0.4677032232284546,0.5263399481773376,0.6351960301399231,5,1.0,0.4969632420836527,1.0,1.0,0,0,-0.0,0.6282933232812049,-95,95,thymio-11
119,1788222773.4322424,2.5283772945404053,1.42901873588562,0.697414768695146,84.18286089645694,2.5283772945404053,0.1021461263298988,1.42901873588562,-0.1311031579971313,0.6388592720031738,0.6066105961799622,0.454636663198471,5,1.0,0.5243901275862215,1.0,0.5613351993750832,0,0,-0.0,0.628295372369258,-95,95,thymio-11
120,1788222774.040166,2.532306671142578,1.4427155256271362,0.9219073192860128,84.08286089645695,2.532306671142578,0.1019263193011283,1.4427155256271362,0.0631039887666702,0.7557210326194763,0.6147174835205078,0.2168549299240112,5,1.0,0.5652147414856334,1.0,0.5858108418503367,0,0,-0.0,0.6279541223749785,-95,95,thymio-11
121,1788222774.649318,2.5394248962402344,1.4492336511611938,0.9135527928684776,83.98286089645696,2.5394248962402344,0.1010394394397735,1.4492336511611938,0.2033569365739822,0.7804723978042603,0.5890536904335022,0.0502467490732669,5,1.0,0.6064712583030372,1.0,0.572261420563493,0,0,-0.0,0.6281303573956012,-95,95,thymio-11
122,1788222775.2576694,2.5394248962402344,1.4492336511611938,0.9135527928684776,83.88286089645696,2.5394248962402344,0.1010394394397735,1.4492336511611938,0.2033569365739822,0.7804723978042603,0.5890536904335022,0.0502467490732669,5,1.0,0.6064712583030372,1.0,0.572261420563493,0,0,-0.0,0.6281416061509109,-95,95,thymio-11
123,1788222775.866283,2.5464956760406494,1.4511502981185913,0.8960702912085345,83.78286089645697,2.5464956760406494,0.1021481975913047,1.4511502981185913,0.2888588309288025,0.7807798385620117,0.5469239950180054,-0.0884173512458801,5,1.0,0.6430632334450366,1.0,0.5560846846053626,0,0,-0.0,0.6281625228817651,-95,95,thymio-11
124,1788222776.4753838,2.561760902404785,1.4456371068954468,0.4312948294514651,83.68286089645697,2.561760902404785,0.1016412526369094,1.4456371068954468,0.4676683843135834,0.6973555684089661,0.4050012826919555,-0.361877828836441,5,1.0,0.4558036877760476,1.0,1.0,0,0,-0.0,0.6281704112152421,-95,95,thymio-11
125,1788222777.0842009,2.5666024684906006,1.4401403665542605,-0.3693972602616497,83.58286089645698,2.5666024684906006,0.1013437658548355,1.4401403665542605,0.5409219861030579,0.6244214773178101,0.2997172474861145,-0.4771488010883331,5,1.0,0.4217176380131535,1.0,1.0,0,0,-0.0,0.6282035186805667,-95,95,thymio-11
126,1788222777.692412,2.5666024684906006,1.4401403665542605,-0.3693972602616497,83.48286089645698,2.5666024684906006,0.1013437658548355,1.4401403665542605,0.5409219861030579,0.6244214773178101,0.2997172474861145,-0.4771488010883331,5,1.0,0.4217176380131535,1.0,1.0,0,0,-0.0,0.6281601778620581,-95,95,thymio-11
127,1788222778.300168,2.569770336151123,1.4322341680526731,-1.0967827066397555,83.38286089645699,2.569770336151123,0.1018575429916381,1.4322341680526731,0.5877832770347595,0.5106764435768127,0.1965666115283966,-0.5958876609802246,5,1.0,1.0,0.3964601004247501,1.0,0,0,-0.0,0.6279508752849007,-95,95,thymio-11
128,1788222778.909079,2.568650245666504,1.418675422668457,-1.4261624342907462,83.282860896457,2.568650245666504,0.1015808209776878,1.418675422668457,-0.6252061724662781,-0.290592610836029,-0.0012433199444785,0.7243422269821167,5,1.0,1.0,0.3998251179358982,1.0,0,0,-0.0,0.6282084757195854,-95,95,thymio-11
129,1788222779.5171146,2.558495283126831,1.409941554069519,-1.4586818310914424,83.182860896457,2.558495283126831,0.1000207141041755,1.409941554069519,-0.5853712558746338,-0.045566190034151,0.1979737728834152,0.7849017977714539,5,1.0,1.0,0.4011883848429185,1.0,0,0,-0.0,0.6281699124964887,-95,95,thymio-11
130,1788222780.1252582,2.5445868968963623,1.4082043170928955,-1.3114722340681049,83.082860896457,2.5445868968963623,0.1023981049656868,1.4082043170928955,-0.4933416247367859,0.2122186869382858,0.3784129619598388,0.753910481929779,5,1.0,1.0,0.3925087008544741,1.0,0,0,-0.0,0.6281753565065301,-95,95,thymio-11
131,1788222780.7339184,2.5445868968963623,1.4082043170928955,-1.3114722340681049,82.98286089645701,2.5445868968963623,0.1023981049656868,1.4082043170928955,-0.4933416247367859,0.2122186869382858,0.3784129619598388,0.753910481929779,5,1.0,1.0,0.3925087008544741,1.0,0,0,-0.0,0.6281945373670647,-95,95,thymio-11
132,1788222781.342171,2.539100885391236,1.4107362031936646,-1.0955096482053008,82.88286089645702,2.539100885391236,0.1024556308984756,1.4107362031936646,-0.4313277900218963,0.3191176950931549,0.4463434219360351,0.7161689400672913,5,1.0,1.0,0.3887312079709597,1.0,0,0,-0.0,0.6281982243763905,-95,95,thymio-11
133,1788222781.9504826,2.530645608901977,1.4218631982803345,0.1896173429778489,82.78286089645702,2.530645608901977,0.102076306939125,1.4218631982803345,-0.2590707242488861,0.5237117409706116,0.5661041736602783,0.5814932584762573,5,1.0,0.392833942406138,1.0,1.0,0,0,-0.0,0.628148473153181,-95,95,thymio-11
134,1788222782.5583527,2.530645608901977,1.4218631982803345,0.1896173429778489,82.68286089645703,2.530645608901977,0.102076306939125,1.4218631982803345,-0.2590707242488861,0.5237117409706116,0.5661041736602783,0.5814932584762573,5,1.0,0.392833942406138,1.0,1.0,0,0,-0.0,0.6281895650427528,-95,95,thymio-11
135,1788222783.166955,2.5287022590637207,1.4351661205291748,0.7943209733819203,82.58286089645703,2.5287022590637207,0.1018573194742202,1.4351661205291748,-0.057595707476139,0.6843069791793823,0.6186650395393372,0.381654679775238,5,1.0,0.6223851183466924,1.0,0.4140042375995447,0,0,-0.0,0.6282645776614602,-95,95,thymio-11
136,1788222783.775092,2.5359528064727783,1.4479328393936155,0.914051953014508,82.48286089645704,2.5359528064727783,0.1012755557894706,1.4479328393936155,0.1394078135490417,0.7669336795806885,0.6113229393959045,0.1366104781627655,5,1.0,0.6148340192250086,1.0,0.4345704097281408,0,0,-0.0,0.6280232820011091,-95,95,thymio-11
137,1788222784.3829362,2.5512726306915283,1.4519729614257812,0.8235632969775586,82.38286089645705,2.5512726306915283,0.1006583869457244,1.4519729614257812,0.3483845293521881,0.7642371654510498,0.5198249220848083,-0.1560507267713546,5,1.0,0.6252236022340123,1.0,0.4405797489073204,0,0,-0.0,0.6281486301465448,-95,95,thymio-11
138,1788222784.9914658,2.559842586517334,1.448566198348999,0.5603851387567809,82.28286089645705,2.559842586517334,0.1021023914217948,1.448566198348999,0.444970041513443,0.7313254475593567,0.4289532601833343,-0.288381427526474,5,1.0,0.43658434250108,1.0,1.0,0,0,-0.0,0.6281892142620011,-95,95,thymio-11
139,1788222785.6001768,2.559842586517334,1.448566198348999,0.5603851387567809,82.18286089645706,2.559842586517334,0.1021023914217948,1.448566198348999,0.444970041513443,0.7313254475593567,0.4289532601833343,-0.288381427526474,5,1.0,0.43658434250108,1.0,1.0,0,0,-0.0,0.6282100036066848,-95,95,thymio-11
140,1788222786.208862,2.5640981197357178,1.4454072713851929,0.2822860980119492,82.08286089645706,2.5640981197357178,0.1020694896578788,1.4454072713851929,0.4821877181529999,0.6916755437850952,0.3701954185962677,-0.3899171352386474,5,1.0,0.4317952982421305,1.0,1.0,0,0,-0.0,0.6278255185110188,-95,95,thymio-11
141,1788222786.816677,2.571113348007202,1.4320807456970217,2.3952559224703727,81.98286089645707,2.571113348007202,0.101735696196556,1.4320807456970217,-0.4256684482097626,-0.3153668642044067,0.7089691758155823,-0.4655243158340454,5,0.4305203754563755,1.0,1.0,0.6682582474037904,0,0,-0.0,0.6232283581185288,-94,94,thymio-11
142,1788222787.4245727,2.571075439453125,1.4208333492279053,-1.36919473840313,81.88286089645707,2.571075439453125,0.1021085307002067,1.4208333492279053,0.6225762367248535,0.3365614712238312,0.0206982269883155,-0.7061846852302551,5,1.0,1.0,0.4534732480122521,1.0,0,0,-0.0,0.6283170684052454,-95,95,thymio-11
143,1788222788.0334013,2.564828634262085,1.4139741659164429,-1.4666834113921734,81.78286089645708,2.564828634262085,0.1003653034567833,1.4139741659164429,0.6058367490768433,0.1706084460020065,-0.097895510494709,-0.7708898782730103,5,1.0,1.0,0.4399161441807742,1.0,0,0,-0.0,0.6279620561674387,-95,95,thymio-11
144,1788222788.641264,2.564828634262085,1.4139741659164429,-1.4666834113921734,81.68286089645709,2.564828634262085,0.1003653034567833,1.4139741659164429,0.6058367490768433,0.1706084460020065,-0.097895510494709,-0.7708898782730103,5,1.0,1.0,0.4399161441807742,1.0,0,0,-0.0,0.6282214921106225,-95,95,thymio-11
145,1788222789.2495146,2.5466015338897705,1.4086610078811646,-1.3562756776295926,81.58286089645709,2.5466015338897705,0.1023168042302131,1.4086610078811646,0.5126286149024963,-0.1658312231302261,-0.3490932285785675,-0.7667110562324524,5,1.0,1.0,0.4461903924018606,1.0,0,0,-0.0,0.6281867798607366,-95,95,thymio-11
146,1788222789.8580723,2.5408730506896973,1.4102623462677002,-1.2148968284112804,81.4828608964571,2.5408730506896973,0.1023329943418502,1.4102623462677002,0.4599553942680359,-0.2771288454532623,-0.4172409474849701,-0.7331784963607788,5,1.0,1.0,0.4535907128618899,1.0,0,0,-0.0,0.628148313296442,-95,95,thymio-11
147,1788222790.4667065,2.5408730506896973,1.4102623462677002,-1.2148968284112804,81.3828608964571,2.5408730506896973,0.1023329943418502,1.4102623462677002,0.4599553942680359,-0.2771288454532623,-0.4172409474849701,-0.7331784963607788,5,1.0,1.0,0.4535907128618899,1.0,0,0,-0.0,0.6281178724735269,-95,95,thymio-11
148,1788222791.0702996,10000.0,10000.0,0.0,81.3828608964571,2.5408730506896973,0.1023329943418502,1.4102623462677002,0.4599553942680359,-0.2771288454532623,-0.4172409474849701,-0.7331784963607788,5,1.0,1.0,-1.0,1.0,0,0,-0.03,0.6211068318963594,-200,-13,thymio-11
149,1788222791.6730478,10000.0,10000.0,0.0,81.3828608964571,2.5408730506896973,0.1023329943418502,1.4102623462677002,0.4599553942680359,-0.2771288454532623,-0.4172409474849701,-0.7331784963607788,5,1.0,1.0,-1.0,1.0,0,0,-0.03,0.6218380772700027,-200,-13,thymio-11
150,1788222792.276395,10000.0,10000.0,0.0,81.3828608964571,2.5408730506896973,0.1023329943418502,1.4102623462677002,0.4599553942680359,-0.2771288454532623,-0.4172409474849701,-0.7331784963607788,5,1.0,1.0,-1.0,1.0,0,0,0.03,0.5329564311664187,26,187,thymio-11
151,1788222792.879516,10000.0,10000.0,0.0,81.3828608964571,2.5408730506896973,0.1023329943418502,1.4102623462677002,0.4599553942680359,-0.2771288454532623,-0.4172409474849701,-0.7331784963607788,5,1.0,1.0,-1.0,1.0,0,0,0.03,-0.310660687670872,154,60,thymio-11
152,1788222793.4832983,10000.0,10000.0,0.0,81.3828608964571,2.5408730506896973,0.1023329943418502,1.4102623462677002,0.4599553942680359,-0.2771288454532623,-0.4172409474849701,-0.7331784963607788,5,1.0,1.0,-1.0,1.0,0,0,0.03,-0.579199339593958,194,19,thymio-11
153,1788222794.0870864,10000.0,10000.0,0.0,81.3828608964571,2.5408730506896973,0.1023329943418502,1.4102623462677002,0.4599553942680359,-0.2771288454532623,-0.4172409474849701,-0.7331784963607788,5,1.0,1.0,-1.0,1.0,0,0,0.03,-0.6077452343292811,198,15,thymio-11
154,1788222794.6900966,10000.0,10000.0,0.0,81.3828608964571,2.5408730506896973,0.1023329943418502,1.4102623462677002,0.4599553942680359,-0.2771288454532623,-0.4172409474849701,-0.7331784963607788,5,1.0,1.0,-1.0,1.0,0,0,0.03,-0.6141322717442352,199,14,thymio-11
155,1788222795.293638,10000.0,10000.0,0.0,81.3828608964571,2.5408730506896973,0.1023329943418502,1.4102623462677002,0.4599553942680359,-0.2771288454532623,-0.4172409474849701,-0.7331784963607788,5,1.0,1.0,-1.0,1.0,0,0,0.03,-0.6163341757517301,200,14,thymio-11
156,1788222795.8972182,10000.0,10000.0,0.0,81.3828608964571,2.5408730506896973,0.1023329943418502,1.4102623462677002,0.4599553942680359,-0.2771288454532623,-0.4172409474849701,-0.7331784963607788,5,1.0,1.0,-1.0,1.0,0,0,0.03,-0.617066858862768,200,13,thymio-11
157,1788222796.5008562,10000.0,10000.0,0.0,81.3828608964571,2.5408730506896973,0.1023329943418502,1.4102623462677002,0.4599553942680359,-0.2771288454532623,-0.4172409474849701,-0.7331784963607788,5,1.0,1.0,-1.0,1.0,0,0,0.03,-0.617314613296237,200,13,thymio-11
158,1788222797.10418,10000.0,10000.0,0.0,81.3828608964571,2.5408730506896973,0.1023329943418502,1.4102623462677002,0.4599553942680359,-0.2771288454532623,-0.4172409474849701,-0.7331784963607788,5,1.0,1.0,-1.0,1.0,0,0,0.03,-0.61745373759016,200,13,thymio-11
159,1788222797.706991,10000.0,10000.0,0.0,81.3828608964571,2.5408730506896973,0.1023329943418502,1.4102623462677002,0.4599553942680359,-0.2771288454532623,-0.4172409474849701,-0.7331784963607788,5,1.0,1.0,-1.0,1.0,0,0,0.03,-0.6175361184404284,200,13,thymio-11
160,1788222798.3097515,2.4908089637756348,1.3492493629455566,-1.3625778010723038,81.3828608964571,2.4908089637756348,0.1018435582518577,1.3492493629455566,0.5331453084945679,-0.1108787134289741,-0.3289178609848022,-0.7715407609939575,5,1.0,1.0,0.3372038253010412,1.0,0,0,0.0168741294383534,-0.6177050742173963,153,-33,thymio-11
161,1788222798.917461,2.4908089637756348,1.3492493629455566,-1.3625778010723038,81.28286089645711,2.4908089637756348,0.1018435582518577,1.3492493629455566,0.5331453084945679,-0.1108787134289741,-0.3289178609848022,-0.7715407609939575,5,1.0,1.0,0.3372038253010412,1.0,0,0,0.015821105065054,-0.6226847039333077,150,-38,thymio-11
162,1788222799.525421,2.5191855430603027,1.3403173685073853,-1.4365753076219163,81.18286089645711,2.5191855430603027,0.1001118049025535,1.3403173685073853,0.5928016901016235,0.0788943991065025,-0.1886038035154342,-0.7789676189422607,5,1.0,1.0,0.364233852826566,1.0,0,0,0.0170477276930927,-0.62545229457258,155,-34,thymio-11
163,1788222800.1352322,2.537121057510376,1.3451361656188965,-1.4426675278286998,81.08286089645712,2.537121057510376,0.1008227095007896,1.3451361656188965,0.6228756308555603,0.2358146756887436,-0.0493971854448318,-0.7442964911460876,5,1.0,1.0,0.4281181489849717,1.0,0,0,0.0157977414742675,-0.627501755638968,151,-39,thymio-11
164,1788222800.743063,2.5560100078582764,1.3664076328277588,-1.146082061800166,80.98286089645713,2.5560100078582764,0.1015020757913589,1.3664076328277588,0.6025651693344116,0.4854307770729065,0.1512247622013092,-0.6151449680328369,5,1.0,0.5145832030602651,0.444526262261725,1.0,0,0,0.0035952236767245,-0.5972855629184618,103,-77,thymio-11
165,1788222801.351497,2.5590462684631348,1.3817977905273438,-0.6360320754032189,80.88286089645713,2.5590462684631348,0.1010046452283859,1.3817977905273438,0.5508561134338379,0.5933458805084229,0.2769155502319336,-0.5175095200538635,5,1.0,0.5857826798735113,0.445607108996958,1.0,0,0,0.0051947000941999,-0.6251041853750913,113,-76,thymio-11
166,1788222801.9594586,2.5590462684631348,1.3817977905273438,-0.6360320754032189,80.78286089645714,2.5590462684631348,0.1010046452283859,1.3817977905273438,0.5508561134338379,0.5933458805084229,0.2769155502319336,-0.5175095200538635,5,1.0,0.5857826798735113,0.445607108996958,1.0,0,0,0.0018769013579177,-0.6233783636632185,101,-87,thymio-11
167,1788222802.5683048,2.547830581665039,1.39629328250885,0.6812468616995684,80.68286089645714,2.547830581665039,0.1023599132895469,1.39629328250885,0.4116817712783813,0.7467864155769348,0.4570938050746918,-0.2527715861797333,5,1.0,0.4035630453175307,1.0,0.6461687762372752,0,0,0.0004289911637408,-0.6144975479856585,94,-91,thymio-11
168,1788222803.1765108,2.540776491165161,1.3979252576828003,0.8247998237008791,80.58286089645715,2.540776491165161,0.1023155450820922,1.3979252576828003,0.3328166902065277,0.778885543346405,0.5166681408882141,-0.1249976679682731,5,1.0,0.3696415723969333,1.0,0.6436408593124487,0,0,0.0002467126660747,-0.6082304316871343,93,-91,thymio-11
169,1788222803.785032,2.5289299488067627,1.3931993246078491,0.9095964773379466,80.48286089645715,2.5289299488067627,0.101312555372715,1.3931993246078491,0.1622206568717956,0.7775026559829712,0.5973214507102966,0.111270971596241,5,1.0,0.2965153329078531,1.0,0.6328108046692376,0,0,0.0012868513195172,-0.6211343329061672,98,-89,thymio-11
170,1788222804.3927886,2.5289299488067627,1.3931993246078491,0.9095964773379466,80.38286089645716,2.5289299488067627,0.101312555372715,1.3931993246078491,0.1622206568717956,0.7775026559829712,0.5973214507102966,0.111270971596241,5,1.0,0.2965153329078531,1.0,0.6328108046692376,0,0,0.0017016346602822,-0.626871260425199,101,-89,thymio-11
171,1788222805.001434,2.5205695629119877,1.3808940649032593,0.8097385298744042,80.28286089645717,2.5205695629119877,0.1020726934075355,1.3808940649032593,-0.0702340975403785,0.6882691383361816,0.61039137840271,0.3857139348983764,5,1.0,0.2001865876653208,1.0,0.66149799689846,0,0,0.0036113039207651,-0.6260297131149882,107,-82,thymio-11
172,1788222805.6095414,2.519459724426269,1.3710861206054688,0.4523327383171884,80.18286089645717,2.519459724426269,0.1019332930445671,1.3710861206054688,-0.2155158072710037,0.5750290751457214,0.5766577124595642,0.5388509631156921,5,1.0,0.1941612639476932,1.0,0.6363362082832149,0,0,0.0071308078563527,-0.6265192151843585,120,-69,thymio-11
173,1788222806.218185,2.522802352905273,1.360542058944702,-0.4989062194423184,80.08286089645718,2.522802352905273,0.1020199954509735,1.360542058944702,-0.3443528413772583,0.4399988949298858,0.5128307938575745,0.651787281036377,5,1.0,0.1741856219427637,1.0,1.0,0,0,0.0042198923635663,-0.6160558428537364,108,-78,thymio-11
174,1788222806.8266556,2.53650450706482,1.3472704887390137,-1.325967846113095,79.98286089645718,2.53650450706482,0.1017905697226524,1.3472704887390137,0.4993006289005279,-0.1970390081405639,-0.3694301545619964,-0.7585485577583313,5,1.0,0.5307537430650442,0.1284040816741785,1.0,0,0,0.0127487339426833,-0.6277461473574293,140,-49,thymio-11
175,1788222807.4349318,2.5484113693237305,1.3448737859725952,-1.4642397398608389,79.88286089645719,2.5484113693237305,0.1007655411958694,1.3448737859725952,0.5761775970458984,-0.0421425476670265,-0.2501845359802246,-0.7769498825073242,5,1.0,1.0,0.1156438592177213,1.0,0,0,0.0014100967544588,-0.5936643544028959,95,-85,thymio-11
176,1788222808.0437405,2.5484113693237305,1.3448737859725952,-1.4642397398608389,79.7828608964572,2.5484113693237305,0.1007655411958694,1.3448737859725952,0.5761775970458984,-0.0421425476670265,-0.2501845359802246,-0.7769498825073242,5,1.0,1.0,0.1156438592177213,1.0,0,0,0.0054229231391632,-0.6175095210204647,113,-74,thymio-11
177,1788222808.6523826,2.558229684829712,1.3463051319122314,-1.4590212266335076,79.6828608964572,2.558229684829712,0.0995012894272804,1.3463051319122314,0.5936483144760132,0.0916664004325866,-0.1657138466835022,-0.7821240425109863,5,1.0,1.0,0.1135715364391889,1.0,0,0,0.0039049589720202,-0.617225721160445,107,-79,thymio-11
178,1788222809.260862,2.5708343982696533,1.356523036956787,-1.346911703595029,79.5828608964572,2.5708343982696533,0.101230502128601,1.356523036956787,0.6190394163131714,0.3607979714870453,0.038894310593605,-0.6964929699897766,5,1.0,0.5159033460648434,0.1124510830707976,1.0,0,0,0.0011623053785426,-0.6045583789509033,95,-87,thymio-11
179,1788222809.868687,2.5740110874176025,1.3685534000396729,-1.0682610041809464,79.48286089645721,2.5740110874176025,0.1016625240445137,1.3685534000396729,0.5848971605300903,0.5183403491973877,0.2008772194385528,-0.5906496644020081,5,1.0,0.5665134038152198,0.1239250218363201,1.0,0,0,0.0022139082658908,-0.615779159004584,101,-85,thymio-11
180,1788222810.4772372,2.5740110874176025,1.3685534000396729,-1.0682610041809464,79.38286089645722,2.5740110874176025,0.1016625240445137,1.3685534000396729,0.5848971605300903,0.5183403491973877,0.2008772194385528,-0.5906496644020081,5,1.0,0.5665134038152198,0.1239250218363201,1.0,0,0,0.0003502090284685,-0.6153320254940466,94,-92,thymio-11
181,1788222811.085551,2.5682249069213867,1.383491277694702,0.3087758078465286,79.28286089645722,2.5682249069213867,0.1018752381205558,1.383491277694702,0.4826854765415191,0.6911057233810425,0.3803215324878692,-0.3804513812065124,5,1.0,0.1276731429151809,1.0,0.6341283492391192,0,0,-0.0020648027696837,-0.5858996728438908,81,-96,thymio-11
182,1788222811.6941142,2.55947208404541,1.388623833656311,0.7561383488306084,79.18286089645723,2.55947208404541,0.1023166179656982,1.388623833656311,0.3809377253055572,0.7622117400169373,0.4807372987270355,-0.2069093883037567,5,1.0,0.1211734452775212,1.0,0.6642097447785369,0,0,-0.0017466256813964,-0.5008454348060709,69,-82,thymio-11
183,1788222812.3022304,2.55143404006958,1.38630211353302,0.8732150808482402,79.08286089645723,2.55143404006958,0.1010531932115554,1.38630211353302,0.2670565247535705,0.7788820266723633,0.5671641230583191,-0.0186702292412519,5,1.0,0.1121698513083651,1.0,0.2778837218920904,0,0,-0.0028090934838128,-0.4584397755331591,59,-79,thymio-11
184,1788222812.9114254,2.545837879180908,1.380091667175293,0.8727363602439393,78.98286089645724,2.545837879180908,0.1004453226923942,1.380091667175293,0.1175019666552543,0.761617124080658,0.6071532964706421,0.1936427354812622,5,1.0,0.1030474582519085,1.0,0.2763002431465609,0,0,-0.004375659751462,-0.4267500863514423,49,-80,thymio-11
185,1788222813.51999,2.545837879180908,1.380091667175293,0.8727363602439393,78.88286089645725,2.545837879180908,0.1004453226923942,1.380091667175293,0.1175019666552543,0.761617124080658,0.6071532964706421,0.1936427354812622,5,1.0,0.1030474582519085,1.0,0.2763002431465609,0,0,-0.0049900321928999,-0.3329307260226305,33,-68,thymio-11
186,1788222814.1280222,2.54489803314209,1.3759952783584597,0.9006565219201743,78.78286089645725,2.54489803314209,0.1019821017980575,1.3759952783584597,0.0194235164672136,0.7449242472648621,0.6075578927993774,0.2749255299568176,5,1.0,0.1004815821387856,1.0,0.2767097767081909,0,0,-0.0066064410626804,-0.1342782293433067,-3,-44,thymio-11
187,1788222814.7368937,2.5474958419799805,1.3716237545013428,0.7620127308254885,78.68286089645726,2.5474958419799805,0.1014456301927566,1.3716237545013428,-0.0978403612971305,0.6647612452507019,0.6113502979278564,0.4180556237697601,5,1.0,0.109961113279962,1.0,0.7273089963722779,0,0,-0.007471874255627,0.2934416337900302,-71,18,thymio-11
188,1788222815.3451746,2.551500082015991,1.3729122877120972,0.7131949171558545,78.58286089645726,2.551500082015991,0.101641945540905,1.3729122877120972,-0.1402284353971481,0.6425924897193909,0.599697470664978,0.4558221101760864,5,1.0,0.1242578580063575,1.0,0.7526496831100535,0,0,-0.0081409520656265,0.6067806248363964,-121,63,thymio-11
189,1788222815.9547722,2.555111885070801,1.378639578819275,0.7520170489208131,78.48286089645727,2.555111885070801,0.1013272479176521,1.378639578819275,-0.1042542979121208,0.6587995290756226,0.61273193359375,0.4238795638084411,5,1.0,0.1364674444958584,1.0,0.7614895219110476,0,0,-0.0066853058866062,0.6264050072065065,-118,71,thymio-11
190,1788222816.5628142,2.5648510456085205,1.3908672332763672,0.8865306324865703,78.38286089645727,2.5648510456085205,0.1020286753773689,1.3908672332763672,0.0409952327609062,0.7489985823631287,0.6063812971115112,0.2638605237007141,5,1.0,0.1492579711748523,1.0,0.3275067534970672,0,0,-0.0029862789798786,0.6269096524484091,-105,84,thymio-11
191,1788222817.170754,2.5648510456085205,1.3908672332763672,0.8865306324865703,78.28286089645728,2.5648510456085205,0.1020286753773689,1.3908672332763672,0.0409952327609062,0.7489985823631287,0.6063812971115112,0.2638605237007141,5,1.0,0.1492579711748523,1.0,0.3275067534970672,0,0,-0.0025963767901885,0.626463492366566,-104,85,thymio-11
192,1788222817.779236,2.5784873962402344,1.3978958129882812,0.8824282212945604,78.18286089645729,2.5784873962402344,0.1002122536301612,1.3978958129882812,0.2173123657703399,0.7763924598693848,0.5888625979423523,0.0568432696163654,5,1.0,0.1466465733585649,1.0,0.3437189604343988,0,0,-0.0002997872881492,0.6243601824173756,-95,93,thymio-11
193,1788222818.3872216,2.595550060272217,1.3965243101119995,0.7239319764264049,78.08286089645729,2.595550060272217,0.1017681062221527,1.3965243101119995,0.3910907506942749,0.7626460194587708,0.4681005179882049,-0.2151771634817123,5,1.0,0.1322319544847889,1.0,0.7362787842385738,0,0,0.0005171898317432,0.5367044448729801,-79,83,thymio-11
194,1788222818.997068,2.607787847518921,1.3893563747406006,-0.1324464323581944,77.9828608964573,2.607787847518921,0.1013353690505027,1.3893563747406006,0.5250358581542969,0.6458251476287842,0.3296545445919037,-0.4456177651882171,5,1.0,0.1169759068303906,1.0,0.7282666940910707,0,0,0.0012058331187842,0.0404335608750794,-2,10,thymio-11
195,1788222819.6057043,2.607787847518921,1.3893563747406006,-0.1324464323581944,77.8828608964573,2.607787847518921,0.1013353690505027,1.3893563747406006,0.5250358581542969,0.6458251476287842,0.3296545445919037,-0.4456177651882171,5,1.0,0.1169759068303906,1.0,0.7282666940910707,0,0,0.0027840805805796,-0.5721789410860422,96,-77,thymio-11
196,1788222820.2134223,2.609695672988892,1.387882947921753,-0.5825744265544524,77.78286089645731,2.609695672988892,0.1003337427973747,1.387882947921753,0.5649916529655457,0.5952056050300598,0.2861161530017853,-0.4946233928203583,5,1.0,0.099271127991753,1.0,1.0,0,0,0.001139724117422,-0.5991135649213781,95,-86,thymio-11
197,1788222820.821056,2.602799892425537,1.3971270322799685,0.4908543296384677,77.68286089645731,2.602799892425537,0.1017394661903381,1.3971270322799685,0.4569088518619537,0.716597318649292,0.4089481830596924,-0.3323915302753448,5,1.0,0.0877357926762816,1.0,0.7259560074758888,0,0,0.0004650917736011,-0.5945039595995374,91,-88,thymio-11
1,1788309101.653857,-1.9285852909088133,1.4159361124038696,-0.4246003664415978,100.0,-1.9285852909088133,0.1185922250151634,1.4159361124038696,-0.3735646307468414,0.3460884392261505,0.5677816867828369,0.6467582583427429,5,1.0,1.0,1.0,1.0,0,0,-0.0,0.4483378705580623,-68,68,thymio-01
2,1788309102.2582858,2.7135002613067627,0.0344240590929985,-1.216369871253892,100.0,2.7135002613067627,0.0766951218247413,0.0344240590929985,0.6110308766365051,0.0789329558610916,-0.2747336328029632,-0.7381953001022339,5,-0.7249069495207133,1.0,-0.7170607670269722,1.0,0,0,-0.0622407980371721,-0.6045174670195742,-130,-312,thymio-01
3,1788309102.8669045,2.713454008102417,0.0333554856479167,-2.2484421034801425,99.9,2.713454008102417,0.0780143067240715,0.0333554856479167,-0.7489696741104126,0.3731410801410675,-0.2325692623853683,-0.4957033097743988,5,-0.7320947361315242,1.0,1.0,1.0,0,0,-0.0621831710424341,-0.5816722779302248,-133,-309,thymio-01
4,1788309103.4762998,2.650845766067505,0.023412587121129,-1.229448017613296,99.52328994253746,2.650845766067505,0.0777899175882339,0.023412587121129,-0.6386955380439758,-0.150022491812706,0.2148456126451492,0.7234657406806946,5,-0.6463005056957207,1.0,-0.6945642719334251,1.0,0,0,-0.0293925813413815,-0.3635859897345678,-50,-159,thymio-01
5,1788309104.0844378,2.650845766067505,0.023412587121129,-1.229448017613296,99.42328994253748,2.650845766067505,0.0777899175882339,0.023412587121129,-0.6386955380439758,-0.150022491812706,0.2148456126451492,0.7234657406806946,5,-0.6463005056957207,1.0,-0.6945642719334251,1.0,0,0,-0.0293925813413815,0.055323237300917,-113,-96,thymio-01
6,1788309104.688221,10000.0,10000.0,0.0,99.42328994253748,2.650845766067505,0.0777899175882339,0.023412587121129,-0.6386955380439758,-0.150022491812706,0.2148456126451492,0.7234657406806946,5,1.0,1.0,-1.0,1.0,0,0,-0.03,0.3797537576340333,-164,-49,thymio-01
7,1788309105.2918258,2.598100423812866,-0.0175744388252496,-1.1904570686115932,99.42328994253748,2.598100423812866,0.078858382999897,-0.0175744388252496,-0.6788239479064941,-0.2901410162448883,0.0928128734230995,0.6681332588195801,5,-0.6313434014013387,1.0,-0.7336052900861367,1.0,0,0,-0.0215453366926865,0.1508635902709785,-99,-54,thymio-01
8,1788309105.9004424,2.586891889572144,-0.0319579951465129,-1.2208087315315976,99.32328994253749,2.586891889572144,0.0773479714989662,-0.0319579951465129,-0.6576089859008789,-0.2325941324234008,0.1423005759716034,0.7022827863693237,5,-0.6346769918898743,1.0,-0.7533365008817794,1.0,0,0,0.0683808879104345,0.4491982928471524,175,311,thymio-01
9,1788309106.5090609,2.5743253231048584,-0.0430672392249107,-1.2339885084104378,99.22328994253748,2.5743253231048584,0.0773218795657157,-0.0430672392249107,-0.6442720890045166,-0.1835429221391677,0.1825098395347595,0.7196636199951172,5,-0.7012954272601419,1.0,-0.762597988754502,1.0,0,0,-0.015717804260345,0.5308554232700018,-136,24,thymio-01
10,1788309107.116881,2.5743253231048584,-0.0430672392249107,-1.2339885084104378,99.12328994253748,2.5743253231048584,0.0773218795657157,-0.0430672392249107,-0.6442720890045166,-0.1835429221391677,0.1825098395347595,0.7196636199951172,5,-0.7012954272601419,1.0,-0.762597988754502,1.0,0,0,-0.015717804260345,0.5187595620296871,-134,22,thymio-01
11,1788309107.7253354,2.603222608566284,-0.0292716976255178,-2.2952314824015203,99.02328994253747,2.603222608566284,0.0778259113430976,-0.0292716976255178,0.7372561693191528,-0.3944994509220123,0.2602362334728241,0.4828051626682281,5,-0.7437588619249832,1.0,1.0,-0.7817091193274925,0,0,-0.0118764670151739,0.2536246951455341,-80,-4,thymio-01
12,1788309108.3334925,2.58854079246521,-0.0324315652251243,-2.1296784715445702,98.9232899425375,2.58854079246521,0.0787019655108451,-0.0324315652251243,0.7800377011299133,-0.2741698920726776,0.0919718369841575,0.5548993945121765,5,-0.7656818604026217,1.0,1.0,1.0,0,0,-0.015097946059073,0.6160704868427361,-147,39,thymio-01
13,1788309108.9413517,2.584392547607422,-0.0319325700402259,-0.9584864163536332,98.8232899425375,2.584392547607422,0.0777313038706779,-0.0319325700402259,-0.4758947491645813,0.1736350953578949,0.468858003616333,0.7235656976699829,5,-0.7587068415478642,1.0,-0.7521325697656185,1.0,0,0,-0.0164999248488793,0.6058013532947352,-150,33,thymio-01
14,1788309109.5489595,2.5681464672088623,-0.0263891350477933,-0.3578006107508047,98.7232899425375,2.5681464672088623,0.0778784900903701,-0.0263891350477933,-0.339195042848587,0.3560978770256042,0.5735704898834229,0.655101478099823,5,1.0,1.0,-0.7555367668540007,1.0,0,0,-0.0171371098623458,0.6258557606939067,-155,34,thymio-01
15,1788309110.157534,2.5572428703308105,-0.0112324366346001,0.5118315596245862,98.62328994253753,2.5572428703308105,0.077878750860691,-0.0112324366346001,-0.1526841670274734,0.5362491011619568,0.6517814993858337,0.5141063928604126,5,1.0,-0.7569118142397997,-0.7278638457620494,1.0,0,0,-0.0168607253378002,0.4985767596466748,-135,15,thymio-01
16,1788309110.765294,2.5572428703308105,-0.0112324366346001,0.5118315596245862,98.52328994253752,2.5572428703308105,0.077878750860691,-0.0112324366346001,-0.1526841670274734,0.5362491011619568,0.6517814993858337,0.5141063928604126,5,1.0,-0.7569118142397997,-0.7278638457620494,1.0,0,0,-0.0168607253378002,0.133796159019494,-80,-40,thymio-01
17,1788309111.373142,2.556427001953125,-0.0095367552712559,0.5627075484826554,98.42328994253752,2.556427001953125,0.0779776945710182,-0.0095367552712559,-0.1338795125484466,0.5501934289932251,0.6576521992683411,0.4968472421169281,5,1.0,-0.7563776992901914,-0.7259898805996611,1.0,0,0,0.0169680824426715,-0.4152197607935875,123,-2,thymio-01
18,1788309111.981558,2.559063196182251,0.0129734678193926,0.7859700475371487,98.32328994253751,2.559063196182251,0.0787154510617256,0.0129734678193926,-0.0371148511767387,-0.6547060012817383,-0.6699230074882507,-0.348117470741272,5,1.0,-0.7578733684809379,-0.7226493250759604,1.0,0,0,0.0166674529353314,-0.4748436808539694,131,-12,thymio-01
19,1788309112.5909233,2.5598976612091064,0.0053488360717892,0.6783763953813122,98.22328994253752,2.5598976612091064,0.078324981033802,0.0053488360717892,-0.058841910213232,0.597426176071167,0.6679926514625549,0.4397788047790527,5,1.0,-0.7604738546742948,-0.7111096683941143,1.0,0,0,0.0161447552104667,-0.4545388760193754,126,-11,thymio-01
20,1788309113.1993835,2.562440872192383,-0.0059992233291268,0.4742700769118935,98.12328994253754,2.562440872192383,0.0778510197997093,-0.0059992233291268,-0.1716403663158416,0.5221565365791321,0.6501186490058899,0.524631142616272,5,1.0,-0.7621549137150601,-0.7045120122867692,1.0,0,0,0.0158068623432729,-0.3703990397321683,112,0,thymio-01
21,1788309113.8073368,2.562440872192383,-0.0059992233291268,0.4742700769118935,98.02328994253756,2.562440872192383,0.0778510197997093,-0.0059992233291268,-0.1716403663158416,0.5221565365791321,0.6501186490058899,0.524631142616272,5,1.0,-0.7621549137150601,-0.7045120122867692,1.0,0,0,0.0158068623432729,-0.3420956953756252,108,5,thymio-01
22,1788309114.4155517,2.5718374252319336,-0.0211744122207164,-0.1677828591021954,97.92328994253756,2.5718374252319336,0.0783882290124893,-0.0211744122207164,-0.3042639195919037,0.3903467655181885,0.5935951471328735,0.6345847249031067,5,1.0,-0.4546424208582565,-0.7635452229179371,1.0,0,0,0.0155274101934946,-0.4102701127394013,117,-7,thymio-01
23,1788309115.0234554,2.576216220855713,-0.0255173984915018,-0.3785474514875062,97.82328994253756,2.576216220855713,0.0776074901223182,-0.0255173984915018,-0.3452191352844238,0.3554343283176422,0.5698963403701782,0.6555214524269104,5,1.0,1.0,-0.7625242385568579,1.0,0,0,0.0157326280500715,-0.5047041651690475,132,-20,thymio-01
24,1788309115.6319468,2.592583417892456,-0.035402737557888,-0.8713284524609515,97.72328994253756,2.592583417892456,0.0774589255452156,-0.035402737557888,-0.4465984404087066,0.2215391844511032,0.4941015541553497,0.7122737169265747,5,-0.6974694561133999,1.0,-0.7637055494872432,1.0,0,0,0.015495184553064,-0.3270776059208779,104,6,thymio-01
25,1788309116.2403846,2.6092162132263184,-0.0354042425751686,-2.191599825218876,97.62328994253755,2.6092162132263184,0.0783003121614456,-0.0354042425751686,0.7643129825592041,-0.3357293903827667,0.1738296747207641,0.5223931670188904,5,-0.7690491717983466,1.0,1.0,-0.709374538562922,0,0,0.0333081869657143,-0.4044392057397494,179,57,thymio-01
26,1788309116.848165,2.6264381408691406,-0.0329239778220653,-1.2184711133143526,97.52328994253756,2.6264381408691406,0.0764130055904388,-0.0329239778220653,-0.5995970368385315,-0.0397507138550281,0.2978004515171051,0.7417669296264648,5,-0.7151180595997981,1.0,-0.7785149318994125,1.0,0,0,-0.0125184986882181,-0.537407874133197,37,-126,thymio-01
27,1788309117.455823,2.6264381408691406,-0.0329239778220653,-1.2184711133143526,97.42328994253758,2.6264381408691406,0.0764130055904388,-0.0329239778220653,-0.5995970368385315,-0.0397507138550281,0.2978004515171051,0.7417669296264648,5,-0.7151180595997981,1.0,-0.7785149318994125,1.0,0,0,-0.0125184986882181,0.1310090115738034,-64,-25,thymio-01
28,1788309118.0642009,2.6332664489746094,-0.0293242372572422,-1.2347695835642214,97.32328994253758,2.6332664489746094,0.0765695497393608,-0.0293242372572422,-0.6370621919631958,-0.1446028649806976,0.2159515470266342,0.7256767153739929,5,-0.7032791998084367,1.0,-0.7772601013484243,1.0,0,0,-0.0127707196289667,0.2083628198061699,-77,-14,thymio-01
29,1788309118.6724665,2.620806932449341,-0.0363516025245189,-1.2219982917880858,97.2232899425376,2.620806932449341,0.0769257247447967,-0.0363516025245189,-0.6482476592063904,-0.2003175318241119,0.1745757460594177,0.7135623097419739,5,-0.6559975247427781,1.0,-0.7630414090647235,1.0,0,0,-0.0156286767779905,0.1361727378909664,-76,-35,thymio-01
30,1788309119.2805295,2.618971109390259,-0.0371856242418289,-1.2175552942123171,97.1232899425376,2.618971109390259,0.0782245472073555,-0.0371856242418289,-0.6576756238937378,-0.1946819126605987,0.1825557649135589,0.704439640045166,5,-0.6537295903705455,1.0,-0.7612493263498343,1.0,0,0,-0.0159888854036832,0.0873907281965776,-70,-44,thymio-01
31,1788309119.8885975,2.604475259780884,-0.0466309376060962,-1.2288425799093303,97.0232899425376,2.604475259780884,0.0772092938423156,-0.0466309376060962,-0.6354312896728516,-0.1431035548448562,0.2208554744720459,0.7259279489517212,5,-0.6305566115637606,1.0,-0.7478078810305029,1.0,0,0,-0.0186906159128689,0.0908992970815614,-80,-53,thymio-01
32,1788309120.4974496,2.58197021484375,-0.0565876029431819,-1.2349502694708456,96.88794447318328,2.58197021484375,0.0769387185573577,-0.0565876029431819,-0.6257779002189636,-0.1093975901603698,0.2431477308273315,0.7330166101455688,5,-0.6106543354293974,1.0,-0.7266809542520336,1.0,0,0,-0.0229371281953412,0.0842873082441587,-94,-69,thymio-01
33,1788309121.1051192,2.58197021484375,-0.0565876029431819,-1.2349502694708456,96.78794447318327,2.58197021484375,0.0769387185573577,-0.0565876029431819,-0.6257779002189636,-0.1093975901603698,0.2431477308273315,0.7330166101455688,5,-0.6106543354293974,1.0,-0.7266809542520336,1.0,0,0,-0.0229371281953412,0.0810329957815656,-94,-69,thymio-01
34,1788309121.7132003,2.56642484664917,-0.0628374069929122,-1.2200714864807316,96.6879444731833,2.56642484664917,0.0771864280104637,-0.0628374069929122,-0.6177817583084106,-0.0963467508554458,0.2610155344009399,0.7354821562767029,5,-0.6020445272908409,1.0,-0.7162505251566544,1.0,0,0,-0.0250336444435124,0.0725510552838817,-100,-78,thymio-01
35,1788309122.3216913,2.537487268447876,-0.0714414864778518,-1.2132964585300543,96.4963846721364,2.537487268447876,0.0778840109705925,-0.0714414864778518,-0.6129944324493408,-0.06354970484972,0.2875344455242157,0.7331597805023193,5,-0.5897307550158363,1.0,-0.7023132051126026,1.0,0,0,-0.0278350457723668,0.0730556455282581,-110,-88,thymio-01
36,1788309122.9309733,2.523507595062256,-0.0751049444079399,-1.2116780331021595,96.39638467213642,2.523507595062256,0.0772392898797988,-0.0751049444079399,-0.6017430424690247,-0.0511171221733093,0.2947072088718414,0.7405674457550049,5,-0.5848727164303081,1.0,-0.6966609414057175,1.0,0,0,-0.0289711507774507,0.0739262751459111,-114,-92,thymio-01
37,1788309123.5391505,2.493364095687866,-0.0796260461211204,-1.1866502212621373,96.21710258997864,2.493364095687866,0.0795300975441932,-0.0796260461211204,-0.6115512251853943,-0.0473046079277992,0.313508540391922,0.7248998880386353,5,-0.5678864274402908,1.0,-0.6901584482605079,1.0,0,0,-0.0302781518996379,0.0719568360749875,-118,-97,thymio-01
38,1788309124.1471982,2.493364095687866,-0.0796260461211204,-1.1866502212621373,96.11710258997864,2.493364095687866,0.0795300975441932,-0.0796260461211204,-0.6115512251853943,-0.0473046079277992,0.313508540391922,0.7248998880386353,5,-0.5678864274402908,1.0,-0.6901584482605079,1.0,0,0,-0.0302781518996379,0.0741030768407769,-119,-96,thymio-01
39,1788309124.7560005,2.4645817279815674,-0.0837475880980491,-2.275427969979841,95.94602607854016,2.4645817279815674,0.0789638757705688,-0.0837475880980491,0.7438268065452576,-0.3855887949466705,0.2627482116222381,0.4785461723804474,5,-0.6884455732454652,1.0,1.0,-0.547380428150251,0,0,-0.0306224397776614,0.0586306502372185,-118,-100,thymio-01
40,1788309125.3658748,2.435915946960449,-0.0887854620814323,-2.281361587698437,95.7755025903816,2.435915946960449,0.0789756625890731,-0.0887854620814323,0.7452979683876038,-0.3859075605869293,0.2495707720518112,0.4830327928066253,5,-0.6845786726330152,1.0,1.0,-0.5256965792610189,0,0,-0.0313996868007639,0.4804017958790152,-184,-39,thymio-01
41,1788309125.9742956,2.4142556190490723,-0.091389887034893,-1.1794509464778444,95.64714451889849,2.4142556190490723,0.079079583287239,-0.091389887034893,0.5941006541252136,0.0245167352259159,-0.3279390335083008,-0.7340976595878601,5,-0.51306165283545,1.0,-0.68323742998215,1.0,0,0,-0.0316692765735878,0.6053020892739528,-204,-21,thymio-01
42,1788309126.5834353,2.384997129440308,-0.0946321114897728,-1.076405098855353,95.47332833800628,2.384997129440308,0.0787331089377403,-0.0946321114897728,0.5343905091285706,-0.0819959864020347,-0.4150177836418152,-0.731753945350647,5,-0.500482288282759,1.0,-0.6699048364756475,1.0,0,0,-0.0343491278683948,0.6271324252594713,-217,-27,thymio-01
43,1788309127.1925647,2.351572036743164,-0.0843900442123413,-0.7031951049495175,95.27313952209975,2.351572036743164,0.0786983370780944,-0.0843900442123413,0.4111694097518921,-0.2710646986961365,-0.5307623744010925,-0.6897499561309814,5,-0.488192452312076,1.0,-0.638854741316184,1.0,0,0,-0.040590196995447,0.6214619094399224,-238,-50,thymio-01
44,1788309127.8011458,2.351572036743164,-0.0843900442123413,-0.7031951049495175,95.17313952209976,2.351572036743164,0.0786983370780944,-0.0843900442123413,0.4111694097518921,-0.2710646986961365,-0.5307623744010925,-0.6897499561309814,5,-0.488192452312076,1.0,-0.638854741316184,1.0,0,0,-0.040590196995447,0.5284157479733154,-224,-64,thymio-01
45,1788309128.4098237,2.3450241088867188,-0.0801089778542518,-0.5571535042763425,95.07313952209978,2.3450241088867188,0.0787364095449447,-0.0801089778542518,0.3796298503875732,-0.3121903240680694,-0.5513956546783447,-0.674078106880188,5,-0.4857809628156718,1.0,-0.6312309960217091,1.0,0,0,-0.0421225697996364,0.4944839029979876,-224,-75,thymio-01
46,1788309129.0178795,2.316767454147339,-0.0208470858633518,0.5652577963701337,94.88389065235413,2.316767454147339,0.0794728472828865,-0.0208470858633518,0.128099113702774,-0.5544435381889343,-0.6558513045310974,-0.496026337146759,5,1.0,-0.5792201378109973,-0.4878551163390383,1.0,0,0,-0.1156032138602379,0.3658650832429196,-466,-356,thymio-01
47,1788309129.6260307,2.3199338912963867,0.0093475440517067,0.7141192422284499,94.78389065235412,2.3199338912963867,0.0798932537436485,0.0093475440517067,0.034255813807249,-0.6149826645851135,-0.6683301329612732,-0.4170824587345123,5,1.0,-0.5650246008396115,-0.5005776863226366,1.0,0,0,0.1114161259679944,0.0861347208611966,383,409,thymio-01
48,1788309130.234615,2.337196350097656,0.0591298751533031,0.7706296923441642,94.68389065235414,2.337196350097656,0.080121524631977,0.0591298751533031,-0.0273890532553195,-0.6471313238143921,-0.6708458662033081,-0.361160397529602,5,1.0,-0.5503633128663857,-0.5246133117949262,1.0,0,0,0.05,-0.420640878799107,241,114,thymio-01
49,1788309130.8425956,2.337196350097656,0.0591298751533031,0.7706296923441642,94.58389065235414,2.337196350097656,0.080121524631977,0.0591298751533031,-0.0273890532553195,-0.6471313238143921,-0.6708458662033081,-0.361160397529602,5,1.0,-0.5503633128663857,-0.5246133117949262,1.0,0,0,0.05,-0.514019391510092,255,100,thymio-01
50,1788309131.450992,2.312450647354126,0.013282535597682,0.7320800939640075,94.42372383377858,2.312450647354126,0.079813964664936,0.013282535597682,0.0163867883384227,-0.6245396733283997,-0.6696256995201111,-0.4016006886959076,5,1.0,-0.536427235153766,-0.4954238350923292,1.0,0,0,0.05,-0.5340370060808832,258,97,thymio-01
51,1788309132.0605724,2.305383443832397,-0.0430849008262157,0.435740871275605,94.3237238337786,2.305383443832397,0.0790922194719314,-0.0430849008262157,0.1758626401424408,-0.5117849111557007,-0.6497405767440796,-0.5338405966758728,5,1.0,1.0,-0.5250769948190307,1.0,0,0,0.05,-0.4919722314567484,252,103,thymio-01
52,1788309132.6687913,2.314985990524292,-0.0758179500699043,0.0459116280718108,94.2237238337786,2.314985990524292,0.0785977318882942,-0.0758179500699043,0.2756606042385101,-0.4322673678398132,-0.6099764704704285,-0.6042226552963257,5,1.0,1.0,-0.5297513749766682,1.0,0,0,0.150339931328708,-0.6259690617522117,500,440,thymio-01
53,1788309133.2772777,2.33530855178833,-0.1055313721299171,-0.4583360094121618,94.1237238337786,2.33530855178833,0.078407272696495,-0.1055313721299171,0.3615564405918121,-0.3296650946140289,-0.565493106842041,-0.6639394164085388,5,-0.4703825734981802,1.0,-0.542138371789334,1.0,0,0,0.0178542441077017,-0.4473179242461301,131,-4,thymio-01
54,1788309133.8861406,2.397883892059326,-0.1715060174465179,-0.6662937535584832,94.0237238337786,2.397883892059326,0.0786677822470665,-0.1715060174465179,0.4093862771987915,-0.272311121225357,-0.5401464104652405,-0.683001697063446,5,-0.4866757496274408,1.0,-0.5974573198511526,1.0,0,0,-0.0632381303378563,-0.3103805215024718,-178,-272,thymio-01
55,1788309134.4938955,2.397883892059326,-0.1715060174465179,-0.6662937535584832,93.9237238337786,2.397883892059326,0.0786677822470665,-0.1715060174465179,0.4093862771987915,-0.272311121225357,-0.5401464104652405,-0.683001697063446,5,-0.4866757496274408,1.0,-0.5974573198511526,1.0,0,0,-0.1811138919971714,0.4274640683424513,-500,-500,thymio-01
56,1788309135.1022794,2.393472671508789,-0.1681428253650665,-0.9155983944065732,93.82372383377862,2.393472671508789,0.0785138234496116,-0.1681428253650665,0.4714932739734649,-0.1831977665424347,-0.4843287765979767,-0.7138335704803467,5,-0.5937900188230008,1.0,0.1150126194214555,1.0,0,0,-0.1758149315145916,0.0905078624353318,-500,-500,thymio-01
57,1788309135.7109628,2.283862829208374,-0.1233227327466011,-0.9974965085275888,93.14589498606236,2.283862829208374,0.0785327404737472,-0.1233227327466011,0.4942130148410797,-0.1517060399055481,-0.456035852432251,-0.7244102358818054,5,-0.493346543432112,1.0,1.0,1.0,0,0,0.071477344299615,0.0754191159209289,243,265,thymio-01
58,1788309136.319183,2.2024149894714355,-0.0892504453659057,-0.9374283569583852,92.64677917265875,2.2024149894714355,0.0799152851104736,-0.0892504453659057,0.4770790338516235,-0.1672323644161224,-0.4760178327560425,-0.7196083068847656,5,-0.3073500387558683,1.0,-0.4200887732415179,1.0,0,0,0.0987796089363714,0.5829520137129485,263,439,thymio-01
59,1788309136.9275746,2.233349084854126,-0.103970393538475,-0.939540167590093,92.54677917265876,2.233349084854126,0.0790918320417404,-0.103970393538475,0.4767769575119018,-0.1726159900426864,-0.4759939610958099,-0.7185522317886353,5,-0.3159753396097838,1.0,-0.4679732533752541,1.0,0,0,0.1643268203779559,0.6021579006966091,493,500,thymio-01
60,1788309137.537456,2.3265204429626465,-0.18039470911026,-0.6295986008205183,92.44677917265876,2.3265204429626465,0.0778152719140052,-0.18039470911026,0.3957436084747314,-0.2882044315338135,-0.5432317852973938,-0.6820736527442932,5,-0.379958157184709,1.0,-0.6005105752042119,1.0,0,0,0.1646784961441977,0.4816590383138737,500,500,thymio-01
61,1788309138.145303,2.3941726684570312,-0.2479676753282547,-0.6283913194926711,92.34677917265876,2.3941726684570312,0.0776063650846481,-0.2479676753282547,0.3933165073394775,-0.2892071604728699,-0.5427372455596924,-0.6834455132484436,5,-0.672053671033674,1.0,-0.0937765543348834,1.0,0,0,0.131372723925071,0.4069956385696071,405,500,thymio-01
62,1788309138.7548733,2.3941726684570312,-0.2479676753282547,-0.6283913194926711,92.24677917265878,2.3941726684570312,0.0776063650846481,-0.2479676753282547,0.3933165073394775,-0.2892071604728699,-0.5427372455596924,-0.6834455132484436,5,-0.672053671033674,1.0,-0.0937765543348834,1.0,0,0,0.1331249538994657,0.2110077626532039,441,500,thymio-01
63,1788309139.3632512,2.457780599594116,-0.3150140047073364,-0.5222776687986479,92.14677917265878,2.457780599594116,0.076655775308609,-0.3150140047073364,0.370037704706192,-0.3165902197360992,-0.5565927028656006,-0.6730878949165344,5,-0.706954627804333,1.0,-0.1469851334243798,1.0,0,0,-0.026902119811329,0.1200729057934728,-114,-77,thymio-01
64,1788309139.9712708,2.5292561054229736,-0.4234058856964111,-0.2299586615897051,92.0467791726588,2.5292561054229736,0.0750389546155929,-0.4234058856964111,0.320557951927185,-0.3820219039916992,-0.5856712460517883,-0.6389765739440918,5,-0.7245965859368946,1.0,-0.1999871409883411,1.0,0,0,-0.0233560862266842,0.0820836839914002,-95,-71,thymio-01
65,1788309140.579587,2.5212013721466064,-0.4089349210262298,-0.1253471811350106,91.9467791726588,2.5212013721466064,0.0752282068133354,-0.4089349210262298,0.3014544248580932,-0.3981107175350189,-0.5975041389465332,-0.6273930072784424,5,-0.7657081337388125,1.0,-0.1790142809662023,1.0,0,0,-0.0150926651184986,0.1261985124375019,-73,-35,thymio-01
66,1788309141.1882572,2.5132551193237305,-0.3919407427310943,-0.0557048842615248,91.8467791726588,2.5132551193237305,0.0750923380255699,-0.3919407427310943,-0.288219690322876,0.4119680523872375,0.6030665636062622,0.6192919611930847,5,-0.779154974031157,1.0,-0.1595589953456764,1.0,0,0,-0.0123898502197374,0.1084921131002253,-60,-28,thymio-01
67,1788309141.796248,2.505255460739136,-0.3750853538513183,-2.162880673220445,91.7467791726588,2.505255460739136,0.0753112211823463,-0.3750853538513183,0.7346708178520203,-0.0133801568299531,-0.2777300179004669,0.6188262104988098,5,-0.1482231568015353,1.0,1.0,-0.7845669157172868,0,0,0.0303477364206214,0.0361054558542092,102,113,thymio-01
68,1788309142.4054544,2.50688099861145,-0.3802877366542816,0.1576888841743668,91.6467791726588,2.50688099861145,0.0759844630956649,-0.3802877366542816,-0.2461499571800232,0.4492898881435394,0.6247752904891968,0.5892408490180969,5,1.0,1.0,-0.7910013703220771,1.0,0,0,0.0397570013626001,0.0759013993754784,130,153,thymio-01
69,1788309143.0141084,2.50688099861145,-0.3802877366542816,0.1576888841743668,91.54677917265882,2.50688099861145,0.0759844630956649,-0.3802877366542816,-0.2461499571800232,0.4492898881435394,0.6247752904891968,0.5892408490180969,5,1.0,1.0,-0.7910013703220771,1.0,0,0,0.0396727754550368,0.2206663749914714,108,174,thymio-01
70,1788309143.621801,2.512698173522949,-0.4057077169418335,-2.174924902940869,91.44677917265882,2.512698173522949,0.0752639472484588,-0.4057077169418335,-0.7266412973403931,-0.0105403466150164,0.3058962821960449,-0.6150681972503662,5,-0.1341301069320278,1.0,1.0,-0.7759675653239367,0,0,0.0388135274087533,0.4025196145883335,77,199,thymio-01
71,1788309144.2295427,2.519430637359619,-0.4473255574703216,-2.219106197667162,91.34677917265884,2.519430637359619,0.0749033465981483,-0.4473255574703216,-0.6976309418678284,-0.0635822713375091,0.3666385114192962,-0.612245500087738,5,1.0,1.0,1.0,-0.7383589674263784,0,0,0.0627901724089962,0.6281393616647952,128,318,thymio-01
72,1788309144.8375597,2.5177133083343506,-0.4738858938217163,0.5800149354048179,91.24677917265883,2.5177133083343506,0.0748041048645973,-0.4738858938217163,0.1010435447096824,-0.5640632510185242,-0.6599447131156921,-0.4858969449996948,5,1.0,1.0,-0.7148881651059376,1.0,0,0,0.0175143335172572,0.6152829143946088,-31,155,thymio-01
73,1788309145.4460752,2.4988057613372803,-0.515758216381073,0.771293074684912,91.1079427634699,2.4988057613372803,0.0739868134260177,-0.515758216381073,-0.0342199131846427,-0.6532732248306274,-0.6662192940711975,-0.3580713868141174,5,1.0,1.0,-0.6689704527900953,1.0,0,0,0.0142992846438636,0.6221552233167182,-43,145,thymio-01
74,1788309146.054438,2.4988057613372803,-0.515758216381073,0.771293074684912,91.0079427634699,2.4988057613372803,0.0739868134260177,-0.515758216381073,-0.0342199131846427,-0.6532732248306274,-0.6662192940711975,-0.3580713868141174,5,1.0,1.0,-0.6689704527900953,1.0,0,0,0.0576545217074249,0.6217273126963148,111,299,thymio-01
75,1788309146.662439,2.4808156490325928,-0.5244380235671997,0.8185672297054492,90.8996168162721,2.4808156490325928,0.0733634382486343,-0.5244380235671997,-0.2619375586509704,-0.7316155433654785,-0.6180418729782104,-0.1189613491296768,5,1.0,1.0,-0.6517200091598924,1.0,0,0,0.0928347469145496,0.6181829670178748,237,423,thymio-01
76,1788309147.2703753,2.439804792404175,-0.5214998126029968,0.7107053180388725,90.65512239637393,2.439804792404175,0.0744049251079559,-0.5214998126029968,-0.4047305583953857,-0.7317079901695251,-0.5456826686859131,0.0550194755196571,5,1.0,1.0,-0.6318501385643296,1.0,0,0,0.1311007340366228,0.4519424046205397,398,500,thymio-01
77,1788309147.8790152,2.370171546936035,-0.4927942156791687,0.4919857867145669,90.23030273214826,2.370171546936035,0.0755184516310691,-0.4927942156791687,-0.4996486604213714,-0.7081992030143738,-0.4623727202415466,0.1871271282434463,5,1.0,1.0,-0.6156728668167826,1.0,0,0,0.1092488633469045,-0.5896840489494868,477,299,thymio-01
78,1788309148.4869037,2.2706997394561768,-0.4255874752998352,0.5487542584311562,89.53988225261364,2.2706997394561768,0.0759909227490425,-0.4255874752998352,-0.4804186224937439,-0.7202035188674927,-0.4698988795280456,0.1723371148109436,5,1.0,1.0,-0.6093281950825145,1.0,0,0,0.1359510668762429,-0.618257133370231,500,390,thymio-01
79,1788309149.0945306,2.2706997394561768,-0.4255874752998352,0.5487542584311562,89.43988225261364,2.2706997394561768,0.0759909227490425,-0.4255874752998352,-0.4804186224937439,-0.7202035188674927,-0.4698988795280456,0.1723371148109436,5,1.0,1.0,-0.6093281950825145,1.0,0,0,0.1374831432667447,-0.6216796397458279,500,395,thymio-01
80,1788309149.702408,2.1910386085510254,-0.3971314430236816,0.6858558179548533,88.95377528325828,2.1910386085510254,0.07686597853899,-0.3971314430236816,-0.4241288006305694,-0.7375620007514954,-0.5154783129692078,0.1019764840602874,5,1.0,1.0,-0.577466573622968,1.0,0,0,0.1467603155439817,-0.6216237800462293,500,428,thymio-01
81,1788309150.3104186,2.0615804195404053,-0.3787969350814819,0.7588929754626768,88.23074720051044,2.0615804195404053,0.078366994857788,-0.3787969350814819,-0.3651778697967529,-0.7371351718902588,-0.5685253739356995,0.0074771009385585,5,1.0,1.0,-0.5000712434217112,1.0,0,0,0.1492624104466685,-0.6210721337369339,500,437,thymio-01
82,1788309150.9194214,1.971485257148743,-0.3823895454406738,0.7820716673388746,87.73548352039815,1.971485257148743,0.0792131870985031,-0.3823895454406738,-0.3339157402515411,-0.7362127304077148,-0.58758944272995,-0.0350683629512786,5,1.0,1.0,-0.4362960546118926,1.0,0,0,0.1522992651658118,-0.6210341827032875,500,447,thymio-01
83,1788309151.5292158,1.881529450416565,-0.3951514959335327,0.8093934450348765,87.13074210369028,1.881529450416565,0.0794395506381988,-0.3951514959335327,-0.2983688116073608,-0.7364979982376099,-0.6027967929840088,-0.0719926059246063,5,1.0,1.0,-0.3659611911757144,1.0,0,0,0.153868872419041,-0.6213718916459116,500,453,thymio-01
84,1788309152.1378665,1.881529450416565,-0.3951514959335327,0.8093934450348765,87.03074210369029,1.881529450416565,0.0794395506381988,-0.3951514959335327,-0.2983688116073608,-0.7364979982376099,-0.6027967929840088,-0.0719926059246063,5,1.0,1.0,-0.3659611911757144,1.0,0,0,0.1529343275989062,-0.6214055611467945,500,450,thymio-01
85,1788309152.7460196,1.7436448335647583,-0.4321748912334442,0.8210028818090405,86.25480792388338,1.7436448335647583,0.0805465430021286,-0.4321748912334442,-0.258179098367691,-0.7316226959228516,-0.6189956665039062,-0.1221316009759903,5,1.0,1.0,-0.2230630024173324,1.0,0,0,0.1548395230689681,-0.6215676658087819,500,456,thymio-01
86,1788309153.3538637,1.640244722366333,-0.4740921854972839,0.8235693973895808,85.61687866086261,1.640244722366333,0.0811700746417045,-0.4740921854972839,-0.2269519567489624,-0.719560444355011,-0.6362894177436829,-0.1608147621154785,5,1.0,1.0,-0.1280570626774523,1.0,0,0,0.1553070132648868,-0.6217012545130842,500,458,thymio-01
87,1788309153.963536,1.517818808555603,-0.5392715334892273,0.8344712206258968,84.85003169963032,1.517818808555603,0.0811400115489959,-0.5392715334892273,-0.1805935353040695,-0.7133552432060242,-0.6454349756240845,-0.2047538161277771,5,1.0,1.0,-0.0357046826370691,1.0,0,0,0.1560536838864537,-0.6219674131695733,500,461,thymio-01
88,1788309154.5714946,1.469099998474121,-0.5717356204986572,0.8325485520260871,84.54909811731065,1.469099998474121,0.0813548639416694,-0.5717356204986572,-0.1663836687803268,-0.7067064046859741,-0.6514284014701843,-0.2202806919813156,5,1.0,1.0,0.0147781443903842,1.0,0,0,0.155929549434494,-0.6223667666749316,500,460,thymio-01
89,1788309155.1791475,1.469099998474121,-0.5717356204986572,0.8325485520260871,84.44909811731065,1.469099998474121,0.0813548639416694,-0.5717356204986572,-0.1663836687803268,-0.7067064046859741,-0.6514284014701843,-0.2202806919813156,5,1.0,1.0,0.0147781443903842,1.0,0,0,0.1542023183217484,-0.6225182515328603,500,454,thymio-01
90,1788309155.7874908,1.368226170539856,-0.6494656801223755,0.8111444106897943,83.8660211012946,1.368226170539856,0.0806749984622001,-0.6494656801223755,-0.1338513195514679,-0.6975340247154236,-0.6522145867347717,-0.2648515701293945,5,1.0,1.0,0.208347294326554,1.0,0,0,0.1577909333931251,-0.6236188989697902,500,466,thymio-01
91,1788309156.3959105,1.2775784730911257,-0.7375037670135498,0.8094563946735129,83.28066394101828,1.2775784730911257,0.0809781700372695,-0.7375037670135498,-0.0956624075770378,-0.6807554364204407,-0.6631655097007751,-0.2960274517536163,5,1.0,1.0,0.303266355212541,1.0,0,0,0.1523742780246276,-0.6241661435257628,500,447,thymio-01
92,1788309157.003719,1.2284752130508425,-0.7946953177452087,0.793449687380122,82.98849098564918,1.2284752130508425,0.0806178227066993,-0.7946953177452087,-0.077379859983921,-0.6720262169837952,-0.6640125513076782,-0.3185600638389587,5,1.0,1.0,0.3278152199626902,1.0,0,0,0.1499081836228418,-0.6245640170438591,500,438,thymio-01
93,1788309157.6114504,1.1666184663772583,-0.8806440234184265,0.7548823157847488,82.57313870216518,1.1666184663772583,0.0809233114123344,-0.8806440234184265,-0.0453568287193775,-0.6512516140937805,-0.6670452356338501,-0.3589776158332824,5,1.0,1.0,0.4099292552212086,1.0,0,0,0.1494985640613275,-0.6250356403798363,500,437,thymio-01
94,1788309158.2201145,1.1666184663772583,-0.8806440234184265,0.7548823157847488,82.47313870216519,1.1666184663772583,0.0809233114123344,-0.8806440234184265,-0.0453568287193775,-0.6512516140937805,-0.6670452356338501,-0.3589776158332824,5,1.0,1.0,0.4099292552212086,1.0,0,0,0.1455818133232209,-0.6250088711602483,500,423,thymio-01
95,1788309158.8281546,1.092793107032776,-1.0256847143173218,0.7190408125453742,81.98083547493084,1.092793107032776,0.0800376906991005,-1.0256847143173218,0.0197231993079185,-0.6209311485290527,-0.6685203313827515,-0.4088228940963745,5,1.0,1.0,0.5316892523310932,1.0,0,0,0.149349986173464,-0.6255521499698621,500,436,thymio-01
96,1788309159.436164,1.0560094118118286,-1.1420230865478516,-2.4157816052022256,81.67673016304023,1.0560094118118286,0.0789093077182769,-1.1420230865478516,0.631861686706543,0.1529249995946884,-0.4848379790782928,0.5850615501403809,5,1.0,1.0,1.0,0.6273758825695628,0,0,0.1408616811077028,-0.6259400589260828,500,406,thymio-01
97,1788309160.0448031,1.0414128303527832,-1.2290568351745603,0.5470827415091568,81.52502619594382,1.0414128303527832,0.0778442919254303,-1.2290568351745603,-0.1115583330392837,0.5502707362174988,0.6618230938911438,0.496736466884613,5,1.0,1.0,0.7040784571662488,1.0,0,0,0.1429730544998394,-0.6275315534839115,500,413,thymio-01
98,1788309160.652859,1.0414128303527832,-1.2290568351745603,0.5470827415091568,81.42502619594383,1.0414128303527832,0.0778442919254303,-1.2290568351745603,-0.1115583330392837,0.5502707362174988,0.6618230938911438,0.496736466884613,5,1.0,1.0,0.7040784571662488,1.0,0,0,0.111605635363912,-0.6267994811575087,491,302,thymio-01
99,1788309161.261243,1.0404270887374878,-1.3061338663101196,0.4249183067067292,81.32502619594383,1.0404270887374878,0.0770774334669113,-1.3061338663101196,-0.1553430706262588,0.5129162669181824,0.6526408791542053,0.53557950258255,5,1.0,1.0,0.7735852535214212,1.0,0,0,0.121693359776291,-0.6269072542941296,500,338,thymio-01
100,1788309161.8694923,1.078649401664734,-1.449089765548706,-0.1857857837917294,81.22502619594384,1.078649401664734,0.076368547976017,-1.449089765548706,-0.3253035545349121,0.3778329789638519,0.5977645516395569,0.6277718544006348,5,0.8931764880105011,1.0,1.0,1.0,0,0,0.0628962933483747,-0.6244613250136745,318,129,thymio-01
101,1788309162.478356,1.0969139337539673,-1.475512146949768,-0.3927139982036549,81.12502619594385,1.0969139337539673,0.0761172324419021,-1.475512146949768,-0.3617520928382873,0.3358299434185028,0.5778922438621521,0.6499186158180237,5,0.9102019093573792,1.0,1.0,1.0,0,0,0.0646473526548428,-0.6209052411060183,323,136,thymio-01
102,1788309163.0862105,1.145478367805481,-1.5218884944915771,-0.8597050446784777,81.02502619594385,1.145478367805481,0.0748441368341445,-1.5218884944915771,-0.4584569334983825,0.2220302671194076,0.501923680305481,0.6989938616752625,5,0.93208933708906,1.0,1.0,1.0,0,0,0.0494528222521285,-0.6194552845475828,269,82,thymio-01
103,1788309163.6942313,1.145478367805481,-1.5218884944915771,-0.8597050446784777,80.92502619594386,1.145478367805481,0.0748441368341445,-1.5218884944915771,-0.4584569334983825,0.2220302671194076,0.501923680305481,0.6989938616752625,5,0.932269879853574,1.0,1.0,1.0,0,0,0.0513915702978882,-0.6269254007097257,277,88,thymio-01
104,1788309164.297117,10000.0,10000.0,0.0,80.92502619594386,1.145478367805481,0.0748441368341445,-1.5218884944915771,-0.4584569334983825,0.2220302671194076,0.501923680305481,0.6989938616752625,5,1.0,1.0,1.0,1.0,0,0,0.03,-0.6279873266158632,201,12,thymio-01
105,1788309164.9000304,10000.0,10000.0,0.0,80.92502619594386,1.145478367805481,0.0748441368341445,-1.5218884944915771,-0.4584569334983825,0.2220302671194076,0.501923680305481,0.6989938616752625,5,1.0,1.0,1.0,1.0,0,0,0.03,-0.6273498225889698,201,12,thymio-01
106,1788309165.5029986,2.783177375793457,-0.272543340921402,-1.289691530937009,80.92502619594386,2.783177375793457,0.0783720090985298,-0.272543340921402,0.5381268858909607,-0.2569375336170196,-0.397797167301178,-0.6972517967224121,5,1.0,-0.7350864798259575,1.0,-0.978025635560366,0,0,0.0,-0.6136015033759371,93,-93,thymio-01
107,1788309166.1121058,2.783177375793457,-0.272543340921402,-1.289691530937009,80.82502619594386,2.783177375793457,0.0783720090985298,-0.272543340921402,0.5381268858909607,-0.2569375336170196,-0.397797167301178,-0.6972517967224121,5,1.0,-0.9515567909916436,1.0,-0.3409584510441218,0,0,0.0,-0.5977942185933052,90,-90,thymio-01
108,1788309166.717363,10000.0,10000.0,0.0,80.82502619594386,2.783177375793457,0.0783720090985298,-0.272543340921402,0.5381268858909607,-0.2569375336170196,-0.397797167301178,-0.6972517967224121,5,1.0,1.0,1.0,1.0,0,0,0.03,-0.6200384993948155,200,13,thymio-01
109,1788309167.3209825,10000.0,10000.0,0.0,80.82502619594386,2.783177375793457,0.0783720090985298,-0.272543340921402,0.5381268858909607,-0.2569375336170196,-0.397797167301178,-0.6972517967224121,5,1.0,1.0,1.0,1.0,0,0,0.03,-0.6162688225781805,200,14,thymio-01
110,1788309167.9248707,10000.0,10000.0,0.0,80.82502619594386,2.783177375793457,0.0783720090985298,-0.272543340921402,0.5381268858909607,-0.2569375336170196,-0.397797167301178,-0.6972517967224121,5,1.0,1.0,1.0,1.0,0,0,0.03,-0.6201595134692421,200,13,thymio-01
111,1788309168.52853,10000.0,10000.0,0.0,80.82502619594386,2.783177375793457,0.0783720090985298,-0.272543340921402,0.5381268858909607,-0.2569375336170196,-0.397797167301178,-0.6972517967224121,5,1.0,1.0,1.0,1.0,0,0,0.03,-0.6264940501854341,201,12,thymio-01
112,1788309169.1319563,10000.0,10000.0,0.0,80.82502619594386,2.783177375793457,0.0783720090985298,-0.272543340921402,0.5381268858909607,-0.2569375336170196,-0.397797167301178,-0.6972517967224121,5,1.0,1.0,1.0,1.0,0,0,0.03,-0.6274106448649688,201,12,thymio-01
113,1788309169.7353113,10000.0,10000.0,0.0,80.82502619594386,2.783177375793457,0.0783720090985298,-0.272543340921402,0.5381268858909607,-0.2569375336170196,-0.397797167301178,-0.6972517967224121,5,1.0,1.0,1.0,1.0,0,0,0.03,-0.6276420226742433,201,12,thymio-01
114,1788309170.3390603,10000.0,10000.0,0.0,80.82502619594386,2.783177375793457,0.0783720090985298,-0.272543340921402,0.5381268858909607,-0.2569375336170196,-0.397797167301178,-0.6972517967224121,5,1.0,1.0,1.0,1.0,0,0,0.03,-0.6276812616776934,201,12,thymio-01
115,1788309170.9425273,10000.0,10000.0,0.0,80.82502619594386,2.783177375793457,0.0783720090985298,-0.272543340921402,0.5381268858909607,-0.2569375336170196,-0.397797167301178,-0.6972517967224121,5,1.0,1.0,1.0,1.0,0,0,0.03,-0.6276707584526088,201,12,thymio-01
116,1788309171.5452511,10000.0,10000.0,0.0,80.82502619594386,2.783177375793457,0.0783720090985298,-0.272543340921402,0.5381268858909607,-0.2569375336170196,-0.397797167301178,-0.6972517967224121,5,1.0,1.0,1.0,1.0,0,0,0.03,-0.6276402652529932,201,12,thymio-01
117,1788309172.1486876,10000.0,10000.0,0.0,80.82502619594386,2.783177375793457,0.0783720090985298,-0.272543340921402,0.5381268858909607,-0.2569375336170196,-0.397797167301178,-0.6972517967224121,5,1.0,1.0,1.0,1.0,0,0,0.03,-0.6276027667718798,201,12,thymio-01
118,1788309172.7534678,1.2178136110305786,-1.5619112253189087,-0.6268466558915957,80.82502619594386,1.2178136110305786,0.0736623331904411,-1.5619112253189087,0.4066531956195831,-0.2913819849491119,-0.5458313822746277,-0.6721590757369995,5,0.7829799486818616,1.0,1.0,1.0,0,0,0.0274391657250611,-0.62558894859638,192,3,thymio-01
119,1788309173.3613796,1.2324062585830688,-1.5697152614593506,-0.91051202795306,80.72502619594387,1.2324062585830688,0.0744009539484977,-1.5697152614593506,0.4834724366664886,-0.1810980439186096,-0.4900180101394653,-0.7023818492889404,5,0.7385399998459241,1.0,1.0,1.0,0,0,0.0342547228239325,-0.6271301375960867,216,27,thymio-01
120,1788309173.9697762,1.2324062585830688,-1.5697152614593506,-0.91051202795306,80.62502619594387,1.2324062585830688,0.0744009539484977,-1.5697152614593506,0.4834724366664886,-0.1810980439186096,-0.4900180101394653,-0.7023818492889404,5,0.6821380509867865,1.0,1.0,1.0,0,0,0.0264707128609308,-0.6270388914801629,189,-1,thymio-01
121,1788309174.5730824,10000.0,10000.0,0.0,80.62502619594387,1.2324062585830688,0.0744009539484977,-1.5697152614593506,0.4834724366664886,-0.1810980439186096,-0.4900180101394653,-0.7023818492889404,5,1.0,1.0,1.0,1.0,0,0,0.03,-0.6282339624517413,201,12,thymio-01
122,1788309175.1760414,10000.0,10000.0,0.0,80.62502619594387,1.2324062585830688,0.0744009539484977,-1.5697152614593506,0.4834724366664886,-0.1810980439186096,-0.4900180101394653,-0.7023818492889404,5,1.0,1.0,1.0,1.0,0,0,0.03,-0.6259844928850566,201,12,thymio-01
123,1788309175.7794237,10000.0,10000.0,0.0,80.62502619594387,1.2324062585830688,0.0744009539484977,-1.5697152614593506,0.4834724366664886,-0.1810980439186096,-0.4900180101394653,-0.7023818492889404,5,1.0,1.0,1.0,1.0,0,0,0.03,-0.6270233533619851,201,12,thymio-01
124,1788309176.3825212,10000.0,10000.0,0.0,80.62502619594387,1.2324062585830688,0.0744009539484977,-1.5697152614593506,0.4834724366664886,-0.1810980439186096,-0.4900180101394653,-0.7023818492889404,5,1.0,1.0,1.0,1.0,0,0,0.03,-0.6274668725016513,201,12,thymio-01
125,1788309176.9858775,10000.0,10000.0,0.0,80.62502619594387,1.2324062585830688,0.0744009539484977,-1.5697152614593506,0.4834724366664886,-0.1810980439186096,-0.4900180101394653,-0.7023818492889404,5,1.0,1.0,1.0,1.0,0,0,0.03,-0.6277716115668961,201,12,thymio-01
126,1788309177.5893822,10000.0,10000.0,0.0,80.62502619594387,1.2324062585830688,0.0744009539484977,-1.5697152614593506,0.4834724366664886,-0.1810980439186096,-0.4900180101394653,-0.7023818492889404,5,1.0,1.0,1.0,1.0,0,0,0.03,-0.6276819928654023,201,12,thymio-01
127,1788309178.192817,10000.0,10000.0,0.0,80.62502619594387,1.2324062585830688,0.0744009539484977,-1.5697152614593506,0.4834724366664886,-0.1810980439186096,-0.4900180101394653,-0.7023818492889404,5,1.0,1.0,1.0,1.0,0,0,0.03,-0.6277049736959325,201,12,thymio-01
128,1788309178.7964752,10000.0,10000.0,0.0,80.62502619594387,1.2324062585830688,0.0744009539484977,-1.5697152614593506,0.4834724366664886,-0.1810980439186096,-0.4900180101394653,-0.7023818492889404,5,1.0,1.0,1.0,1.0,0,0,0.03,-0.6277404966656502,201,12,thymio-01
129,1788309179.3993697,10000.0,10000.0,0.0,80.62502619594387,1.2324062585830688,0.0744009539484977,-1.5697152614593506,0.4834724366664886,-0.1810980439186096,-0.4900180101394653,-0.7023818492889404,5,1.0,1.0,1.0,1.0,0,0,0.03,-0.6277815805056813,201,12,thymio-01
130,1788309180.0027776,10000.0,10000.0,0.0,80.62502619594387,1.2324062585830688,0.0744009539484977,-1.5697152614593506,0.4834724366664886,-0.1810980439186096,-0.4900180101394653,-0.7023818492889404,5,1.0,1.0,1.0,1.0,0,0,0.03,-0.6278216909978721,201,12,thymio-01
131,1788309180.606245,10000.0,10000.0,0.0,80.62502619594387,1.2324062585830688,0.0744009539484977,-1.5697152614593506,0.4834724366664886,-0.1810980439186096,-0.4900180101394653,-0.7023818492889404,5,1.0,1.0,1.0,1.0,0,0,0.03,-0.6278584296007915,201,12,thymio-01
132,1788309181.2093575,10000.0,10000.0,0.0,80.62502619594387,1.2324062585830688,0.0744009539484977,-1.5697152614593506,0.4834724366664886,-0.1810980439186096,-0.4900180101394653,-0.7023818492889404,5,1.0,1.0,1.0,1.0,0,0,0.03,-0.6278701445916921,201,12,thymio-01
133,1788309181.8123624,10000.0,10000.0,0.0,80.62502619594387,1.2324062585830688,0.0744009539484977,-1.5697152614593506,0.4834724366664886,-0.1810980439186096,-0.4900180101394653,-0.7023818492889404,5,1.0,1.0,1.0,1.0,0,0,0.03,-0.627817417288441,201,12,thymio-01
134,1788309182.4159057,10000.0,10000.0,0.0,80.62502619594387,1.2324062585830688,0.0744009539484977,-1.5697152614593506,0.4834724366664886,-0.1810980439186096,-0.4900180101394653,-0.7023818492889404,5,1.0,1.0,1.0,1.0,0,0,0.03,-0.627761833411105,201,12,thymio-01
135,1788309183.019003,1.2291340827941897,-1.5713907480239868,-0.9215095712096604,80.62502619594387,1.2291340827941897,0.0737361460924148,-1.5713907480239868,-0.4795301854610443,0.1916140466928482,0.4861554801464081,0.7049736380577087,5,0.9405676182136936,1.0,1.0,1.0,0,0,0.0290628581008026,-0.6263944806509384,198,9,thymio-01
136,1788309183.6266325,1.2295053005218506,-1.5715007781982422,-0.9270461042345022,80.52502619594388,1.2295053005218506,0.0737553685903549,-1.5715007781982422,-0.4815818667411804,0.1892320215702057,0.484639972448349,0.7052618861198425,5,0.9372262435789204,1.0,1.0,1.0,0,0,0.032267801840681,-0.6276455406153779,209,20,thymio-01
137,1788309184.2343369,1.2295053005218506,-1.5715007781982422,-0.9270461042345022,80.42502619594389,1.2295053005218506,0.0737553685903549,-1.5715007781982422,-0.4815818667411804,0.1892320215702057,0.484639972448349,0.7052618861198425,5,0.9327627719164236,1.0,1.0,1.0,0,0,0.023501340520172,-0.6264153930590232,178,-11,thymio-01
138,1788309184.8372502,10000.0,10000.0,0.0,80.42502619594389,1.2295053005218506,0.0737553685903549,-1.5715007781982422,-0.4815818667411804,0.1892320215702057,0.484639972448349,0.7052618861198425,5,1.0,1.0,1.0,1.0,0,0,0.03,-0.6280459385783093,201,12,thymio-01
139,1788309185.4400425,10000.0,10000.0,0.0,80.42502619594389,1.2295053005218506,0.0737553685903549,-1.5715007781982422,-0.4815818667411804,0.1892320215702057,0.484639972448349,0.7052618861198425,5,1.0,1.0,1.0,1.0,0,0,0.03,-0.6250167115036396,201,12,thymio-01
140,1788309186.0435646,10000.0,10000.0,0.0,80.42502619594389,1.2295053005218506,0.0737553685903549,-1.5715007781982422,-0.4815818667411804,0.1892320215702057,0.484639972448349,0.7052618861198425,5,1.0,1.0,1.0,1.0,0,0,0.03,-0.626382722284716,201,12,thymio-01
141,1788309186.6468215,10000.0,10000.0,0.0,80.42502619594389,1.2295053005218506,0.0737553685903549,-1.5715007781982422,-0.4815818667411804,0.1892320215702057,0.484639972448349,0.7052618861198425,5,1.0,1.0,1.0,1.0,0,0,0.03,-0.627033125872377,201,12,thymio-01
142,1788309187.249853,2.7706878185272217,-0.2682265043258667,-1.482204396350337,80.42502619594389,2.7706878185272217,0.0774628743529319,-0.2682265043258667,-0.6575950384140015,0.0222440250217914,0.1986292898654937,0.7263748049736023,5,1.0,-0.9854285647104484,1.0,-0.7030285497877004,0,0,0.0,-0.6146348275960265,93,-93,thymio-01
143,1788309187.858047,2.7706878185272217,-0.2682265043258667,-1.482204396350337,80.32502619594389,2.7706878185272217,0.0774628743529319,-0.2682265043258667,-0.6575950384140015,0.0222440250217914,0.1986292898654937,0.7263748049736023,5,1.0,-0.9854285647104484,1.0,-0.7030285497877004,0,0,0.0,-0.6119680101158335,92,-92,thymio-01
144,1788309188.4617198,10000.0,10000.0,0.0,80.32502619594389,2.7706878185272217,0.0774628743529319,-0.2682265043258667,-0.6575950384140015,0.0222440250217914,0.1986292898654937,0.7263748049736023,5,1.0,1.0,1.0,1.0,0,0,0.03,-0.621410026390565,200,13,thymio-01
145,1788309189.0656004,10000.0,10000.0,0.0,80.32502619594389,2.7706878185272217,0.0774628743529319,-0.2682265043258667,-0.6575950384140015,0.0222440250217914,0.1986292898654937,0.7263748049736023,5,1.0,1.0,1.0,1.0,0,0,0.03,-0.6212636936416939,200,13,thymio-01
146,1788309189.6685932,10000.0,10000.0,0.0,80.32502619594389,2.7706878185272217,0.0774628743529319,-0.2682265043258667,-0.6575950384140015,0.0222440250217914,0.1986292898654937,0.7263748049736023,5,1.0,1.0,1.0,1.0,0,0,0.03,-0.6240771632533536,201,12,thymio-01
147,1788309190.2722118,10000.0,10000.0,0.0,80.32502619594389,2.7706878185272217,0.0774628743529319,-0.2682265043258667,-0.6575950384140015,0.0222440250217914,0.1986292898654937,0.7263748049736023,5,1.0,1.0,1.0,1.0,0,0,0.03,-0.626848752315088,201,12,thymio-01
148,1788309190.874999,10000.0,10000.0,0.0,80.32502619594389,2.7706878185272217,0.0774628743529319,-0.2682265043258667,-0.6575950384140015,0.0222440250217914,0.1986292898654937,0.7263748049736023,5,1.0,1.0,1.0,1.0,0,0,0.03,-0.6275193648447731,201,12,thymio-01
149,1788309191.477949,10000.0,10000.0,0.0,80.32502619594389,2.7706878185272217,0.0774628743529319,-0.2682265043258667,-0.6575950384140015,0.0222440250217914,0.1986292898654937,0.7263748049736023,5,1.0,1.0,-1.0,1.0,0,0,0.03,-0.6259907276597725,201,12,thymio-01
150,1788309192.0813353,10000.0,10000.0,0.0,80.32502619594389,2.7706878185272217,0.0774628743529319,-0.2682265043258667,-0.6575950384140015,0.0222440250217914,0.1986292898654937,0.7263748049736023,5,1.0,1.0,-1.0,1.0,0,0,0.03,-0.6237490458769892,201,12,thymio-01
151,1788309192.6851208,10000.0,10000.0,0.0,80.32502619594389,2.7706878185272217,0.0774628743529319,-0.2682265043258667,-0.6575950384140015,0.0222440250217914,0.1986292898654937,0.7263748049736023,5,1.0,1.0,-1.0,1.0,0,0,0.03,-0.6220060512249028,201,13,thymio-01
152,1788309193.2885983,10000.0,10000.0,0.0,80.32502619594389,2.7706878185272217,0.0774628743529319,-0.2682265043258667,-0.6575950384140015,0.0222440250217914,0.1986292898654937,0.7263748049736023,5,1.0,1.0,-1.0,1.0,0,0,0.03,-0.620243718944691,200,13,thymio-01
153,1788309193.892228,10000.0,10000.0,0.0,80.32502619594389,2.7706878185272217,0.0774628743529319,-0.2682265043258667,-0.6575950384140015,0.0222440250217914,0.1986292898654937,0.7263748049736023,5,1.0,1.0,-1.0,1.0,0,0,0.03,-0.6187211347583135,200,13,thymio-01
154,1788309194.4950333,10000.0,10000.0,0.0,80.32502619594389,2.7706878185272217,0.0774628743529319,-0.2682265043258667,-0.6575950384140015,0.0222440250217914,0.1986292898654937,0.7263748049736023,5,1.0,1.0,-1.0,1.0,0,0,0.03,-0.6176313874234213,200,13,thymio-01
155,1788309195.0987968,10000.0,10000.0,0.0,80.32502619594389,2.7706878185272217,0.0774628743529319,-0.2682265043258667,-0.6575950384140015,0.0222440250217914,0.1986292898654937,0.7263748049736023,5,1.0,1.0,-1.0,1.0,0,0,0.03,-0.6171411003904853,200,13,thymio-01
156,1788309195.7015777,10000.0,10000.0,0.0,80.32502619594389,2.7706878185272217,0.0774628743529319,-0.2682265043258667,-0.6575950384140015,0.0222440250217914,0.1986292898654937,0.7263748049736023,5,1.0,1.0,-1.0,1.0,0,0,0.03,-0.6169489262221672,200,13,thymio-01
157,1788309196.305562,10000.0,10000.0,0.0,80.32502619594389,2.7706878185272217,0.0774628743529319,-0.2682265043258667,-0.6575950384140015,0.0222440250217914,0.1986292898654937,0.7263748049736023,5,1.0,1.0,-1.0,1.0,0,0,0.03,-0.6169486059580909,200,13,thymio-01
158,1788309196.909152,10000.0,10000.0,0.0,80.32502619594389,2.7706878185272217,0.0774628743529319,-0.2682265043258667,-0.6575950384140015,0.0222440250217914,0.1986292898654937,0.7263748049736023,5,1.0,1.0,-1.0,1.0,0,0,0.03,-0.617002889909563,200,13,thymio-01
159,1788309197.5126996,10000.0,10000.0,0.0,80.32502619594389,2.7706878185272217,0.0774628743529319,-0.2682265043258667,-0.6575950384140015,0.0222440250217914,0.1986292898654937,0.7263748049736023,5,1.0,1.0,-1.0,1.0,0,0,0.03,-0.6170746304086704,200,13,thymio-01
160,1788309198.1154425,10000.0,10000.0,0.0,80.32502619594389,2.7706878185272217,0.0774628743529319,-0.2682265043258667,-0.6575950384140015,0.0222440250217914,0.1986292898654937,0.7263748049736023,5,1.0,1.0,-1.0,1.0,0,0,0.03,-0.6171355368916636,200,13,thymio-01
161,1788309198.7185748,2.770280361175537,-0.1465291976928711,1.0475322556229436,80.32502619594389,2.770280361175537,0.082805149257183,-0.1465291976928711,0.1232108995318412,0.759919285774231,0.6279228329658508,0.1142566949129104,5,-0.195216154985798,1.0,-0.8178878009694318,-0.883313705448566,0,0,-0.0,-0.1017226061592961,15,-15,thymio-01
162,1788309199.3263211,2.770280361175537,-0.1465291976928711,1.0475322556229436,80.2250261959439,2.770280361175537,0.082805149257183,-0.1465291976928711,0.1232108995318412,0.759919285774231,0.6279228329658508,0.1142566949129104,5,-0.1897140135902512,1.0,-0.8001529109822277,-0.8863737791124419,0,0,-0.0,0.2320466567845591,-35,35,thymio-01
163,1788309199.929063,10000.0,10000.0,0.0,80.2250261959439,2.770280361175537,0.082805149257183,-0.1465291976928711,0.1232108995318412,0.759919285774231,0.6279228329658508,0.1142566949129104,5,1.0,1.0,1.0,1.0,0,0,0.03,0.5678221945097934,21,192,thymio-01
164,1788309200.5318584,10000.0,10000.0,0.0,80.2250261959439,2.770280361175537,0.082805149257183,-0.1465291976928711,0.1232108995318412,0.759919285774231,0.6279228329658508,0.1142566949129104,5,1.0,1.0,1.0,1.0,0,0,0.03,0.1703854715363477,81,132,thymio-01
165,1788309201.1348011,10000.0,10000.0,0.0,80.2250261959439,2.770280361175537,0.082805149257183,-0.1465291976928711,0.1232108995318412,0.759919285774231,0.6279228329658508,0.1142566949129104,5,1.0,1.0,1.0,1.0,0,0,0.03,0.5758396594557861,20,194,thymio-01
166,1788309201.7394958,10000.0,10000.0,0.0,80.2250261959439,2.770280361175537,0.082805149257183,-0.1465291976928711,0.1232108995318412,0.759919285774231,0.6279228329658508,0.1142566949129104,5,1.0,1.0,1.0,1.0,0,0,0.03,0.6266234314604638,12,201,thymio-01
167,1788309202.3429475,10000.0,10000.0,0.0,80.2250261959439,2.770280361175537,0.082805149257183,-0.1465291976928711,0.1232108995318412,0.759919285774231,0.6279228329658508,0.1142566949129104,5,1.0,1.0,1.0,1.0,0,0,0.03,0.6282087437131159,12,201,thymio-01
168,1788309202.9468024,10000.0,10000.0,0.0,80.2250261959439,2.770280361175537,0.082805149257183,-0.1465291976928711,0.1232108995318412,0.759919285774231,0.6279228329658508,0.1142566949129104,5,1.0,1.0,1.0,1.0,0,0,-0.03,0.6283155733356075,-201,-12,thymio-01
169,1788309203.549818,10000.0,10000.0,0.0,80.2250261959439,2.770280361175537,0.082805149257183,-0.1465291976928711,0.1232108995318412,0.759919285774231,0.6279228329658508,0.1142566949129104,5,1.0,1.0,1.0,1.0,0,0,-0.03,0.62823274665614,-201,-12,thymio-01
170,1788309204.1534617,10000.0,10000.0,0.0,80.2250261959439,2.770280361175537,0.082805149257183,-0.1465291976928711,0.1232108995318412,0.759919285774231,0.6279228329658508,0.1142566949129104,5,1.0,1.0,1.0,1.0,0,0,-0.03,0.6282127375043695,-201,-12,thymio-01
171,1788309204.7567525,10000.0,10000.0,0.0,80.2250261959439,2.770280361175537,0.082805149257183,-0.1465291976928711,0.1232108995318412,0.759919285774231,0.6279228329658508,0.1142566949129104,5,1.0,1.0,1.0,1.0,0,0,-0.03,0.6282134105743551,-201,-12,thymio-01
172,1788309205.3602738,10000.0,10000.0,0.0,80.2250261959439,2.770280361175537,0.082805149257183,-0.1465291976928711,0.1232108995318412,0.759919285774231,0.6279228329658508,0.1142566949129104,5,1.0,1.0,1.0,1.0,0,0,-0.03,0.6282136558278656,-201,-12,thymio-01
173,1788309205.9638684,10000.0,10000.0,0.0,80.2250261959439,2.770280361175537,0.082805149257183,-0.1465291976928711,0.1232108995318412,0.759919285774231,0.6279228329658508,0.1142566949129104,5,1.0,1.0,1.0,1.0,0,0,-0.03,0.6282129673744563,-201,-12,thymio-01
174,1788309206.5671234,10000.0,10000.0,0.0,80.2250261959439,2.770280361175537,0.082805149257183,-0.1465291976928711,0.1232108995318412,0.759919285774231,0.6279228329658508,0.1142566949129104,5,1.0,1.0,1.0,1.0,0,0,-0.03,0.6282122502468382,-201,-12,thymio-01
175,1788309207.1707428,10000.0,10000.0,0.0,80.2250261959439,2.770280361175537,0.082805149257183,-0.1465291976928711,0.1232108995318412,0.759919285774231,0.6279228329658508,0.1142566949129104,5,1.0,1.0,1.0,1.0,0,0,-0.03,0.6282115837736836,-201,-12,thymio-01
176,1788309207.773508,1.0846292972564695,-1.5272947549819946,-0.744979739576694,80.2250261959439,1.0846292972564695,0.0753569826483726,-1.5272947549819946,0.4298860430717468,-0.260341614484787,-0.5258703231811523,-0.6862074732780457,5,0.7629509395055816,1.0,1.0,1.0,0,0,-0.0607829439158901,0.627378373835143,-311,-121,thymio-01
177,1788309208.3823109,1.0719066858291626,-1.5160712003707886,-0.3518715304164503,80.1250261959439,1.0719066858291626,0.0755702629685401,-1.5160712003707886,0.3510786592960357,-0.3525204658508301,-0.5778318047523499,-0.6469802856445312,5,0.7783602252869088,1.0,1.0,1.0,0,0,-0.0710280281755683,0.6283121761553578,-347,-157,thymio-01
178,1788309208.9908817,1.0506806373596191,-1.4659423828125,0.4531383457027158,79.96620225954841,1.0506806373596191,0.0754894688725471,-1.4659423828125,0.1965625882148742,-0.5093348622322083,-0.6493856310844421,-0.5293765664100647,5,1.0,1.0,0.7149145821177081,1.0,0,0,-0.0875822000385969,0.6282223428619015,-406,-216,thymio-01
179,1788309209.599307,1.0506806373596191,-1.4659423828125,0.4531383457027158,79.86620225954842,1.0506806373596191,0.0754894688725471,-1.4659423828125,0.1965625882148742,-0.5093348622322083,-0.6493856310844421,-0.5293765664100647,5,1.0,1.0,0.7149145821177081,1.0,0,0,-0.0896884502011054,0.6282157399632539,-414,-224,thymio-01
180,1788309210.2026088,10000.0,10000.0,0.0,79.86620225954842,1.0506806373596191,0.0754894688725471,-1.4659423828125,0.1965625882148742,-0.5093348622322083,-0.6493856310844421,-0.5293765664100647,5,1.0,1.0,1.0,1.0,0,0,-0.03,0.6280570243710032,-201,-12,thymio-01
181,1788309210.8052728,10000.0,10000.0,0.0,79.86620225954842,1.0506806373596191,0.0754894688725471,-1.4659423828125,0.1965625882148742,-0.5093348622322083,-0.6493856310844421,-0.5293765664100647,5,1.0,1.0,1.0,1.0,0,0,-0.03,0.6282544950185249,-201,-12,thymio-01
182,1788309211.4090235,10000.0,10000.0,0.0,79.86620225954842,1.0506806373596191,0.0754894688725471,-1.4659423828125,0.1965625882148742,-0.5093348622322083,-0.6493856310844421,-0.5293765664100647,5,1.0,1.0,1.0,1.0,0,0,-0.03,0.6280524552173816,-201,-12,thymio-01
183,1788309212.0125964,10000.0,10000.0,0.0,79.86620225954842,1.0506806373596191,0.0754894688725471,-1.4659423828125,0.1965625882148742,-0.5093348622322083,-0.6493856310844421,-0.5293765664100647,5,1.0,1.0,1.0,1.0,0,0,-0.03,0.6280009248512246,-201,-12,thymio-01
184,1788309212.616249,1.3614236116409302,0.2061900198459625,-0.8955277525757896,79.86620225954842,1.3614236116409302,0.1041606962680816,0.2061900198459625,0.4847854971885681,-0.1435364335775375,-0.4902325570583343,-0.7099664807319641,5,0.2700696729645695,1.0,1.0,-0.9411917433537892,0,0,-0.0,0.6154521489208595,-93,93,thymio-01
185,1788309213.224846,1.2307467460632324,0.2593118548393249,-2.08218642172346,79.0523590437792,1.2307467460632324,0.1049668714404106,0.2593118548393249,-0.8015915751457214,0.2102410644292831,-0.0269140843302011,-0.5590395331382751,5,0.4186696777108609,-0.9921022840057296,1.0,0.7192959002909274,0,0,-0.0,0.6098403482799712,-92,92,thymio-01
186,1788309213.833527,1.221338391304016,0.2514392435550689,-1.1825879508523185,78.95235904377921,1.221338391304016,0.0823865458369255,0.2514392435550689,-0.4034919440746307,0.444817841053009,0.3944095075130462,0.6955376267433167,5,0.4325945394953812,-0.9959193603461218,1.0,1.0,0,0,-0.0,0.6283102308791741,-95,95,thymio-01
187,1788309214.4418666,1.221338391304016,0.2514392435550689,-1.1825879508523185,78.85235904377922,1.221338391304016,0.0823865458369255,0.2514392435550689,-0.4034919440746307,0.444817841053009,0.3944095075130462,0.6955376267433167,5,0.4390655526021809,-0.9824633340043412,1.0,1.0,0,0,0.0,0.6283144900628866,-95,95,thymio-01
188,1788309215.0451596,10000.0,10000.0,0.0,78.85235904377922,1.221338391304016,0.0823865458369255,0.2514392435550689,-0.4034919440746307,0.444817841053009,0.3944095075130462,0.6955376267433167,5,1.0,1.0,1.0,1.0,0,0,0.03,0.5462550479852355,24,189,thymio-01
189,1788309215.6486793,10000.0,10000.0,0.0,78.85235904377922,1.221338391304016,0.0823865458369255,0.2514392435550689,-0.4034919440746307,0.444817841053009,0.3944095075130462,0.6955376267433167,5,1.0,1.0,1.0,1.0,0,0,0.03,0.6275057983297978,12,201,thymio-01
190,1788309216.2516928,10000.0,10000.0,0.0,78.85235904377922,1.221338391304016,0.0823865458369255,0.2514392435550689,-0.4034919440746307,0.444817841053009,0.3944095075130462,0.6955376267433167,5,1.0,1.0,1.0,1.0,0,0,0.03,0.6280145499889653,12,201,thymio-01
191,1788309216.8546376,10000.0,10000.0,0.0,78.85235904377922,1.221338391304016,0.0823865458369255,0.2514392435550689,-0.4034919440746307,0.444817841053009,0.3944095075130462,0.6955376267433167,5,1.0,1.0,1.0,1.0,0,0,-0.03,0.6282995669387476,-201,-12,thymio-01
192,1788309217.45828,1.2711780071258545,-1.3346120119094849,-0.8305872801858674,78.85235904377922,1.2711780071258545,0.0762244537472724,-1.3346120119094849,-0.4487141966819763,0.2152648270130157,0.5078314542770386,0.7031528949737549,5,0.940748965310731,1.0,1.0,0.6387664473098684,0,0,-0.126792665522915,0.6282715359722185,-500,-356,thymio-01
193,1788309218.0667157,1.2711780071258545,-1.3346120119094849,-0.8305872801858674,78.75235904377922,1.2711780071258545,0.0762244537472724,-1.3346120119094849,-0.4487141966819763,0.2152648270130157,0.5078314542770386,0.7031528949737549,5,0.940748965310731,1.0,1.0,0.6387664473098684,0,0,-0.1349831361655769,0.6283029968262599,-500,-385,thymio-01
194,1788309218.6748772,1.2378606796264648,-1.2958389520645142,-0.1482635962249272,78.53654814147049,1.2378606796264648,0.0740204080939292,-1.2958389520645142,-0.320024311542511,0.4029288291931152,0.5887795090675354,0.6233550310134888,5,0.638114312881852,1.0,1.0,1.0,0,0,-0.148057184537186,0.6282809134729815,-500,-431,thymio-01
195,1788309219.2840197,1.1953243017196655,-1.171447992324829,0.3359861557455006,78.1940059466405,1.1953243017196655,0.0766947939991951,-1.171447992324829,-0.2163417786359787,0.4952246844768524,0.6287845969200134,0.559087336063385,5,0.5221172126541189,1.0,0.8788283848613558,1.0,0,0,-0.1750679702150576,0.6281651266842402,-500,-500,thymio-01
196,1788309219.892542,1.1953243017196655,-1.171447992324829,0.3359861557455006,78.09400594664051,1.1953243017196655,0.0766947939991951,-1.171447992324829,-0.2163417786359787,0.4952246844768524,0.6287845969200134,0.559087336063385,5,0.5221172126541189,1.0,0.8788283848613558,1.0,0,0,-0.1879593979183337,0.6282812993262463,-500,-500,thymio-01
197,1788309220.5009575,1.1825543642044067,-1.0530850887298584,0.4330760803006761,77.91948798454803,1.1825543642044067,0.0782312974333763,-1.0530850887298584,-0.1669029146432876,0.5206891298294067,0.6424767971038818,0.5368890166282654,5,0.4204353048169249,1.0,0.8365236004395709,1.0,0,0,-0.1896610289918093,0.628247009494447,-500,-500,thymio-01
1,1788309101.6233609,2.454087018966675,1.4226489067077637,-0.2256300045452,100.0,2.454087018966675,0.0909495577216148,1.4226489067077637,0.1289435178041458,-0.6224379539489746,-0.5769968032836914,-0.5128542184829712,5,1.0,1.0,-0.6278196694132772,0.4464460523741582,0,0,0.0,-0.6280256268384886,95,-95,thymio-07
2,1788309102.226823,2.750704050064087,-0.2474855631589889,-1.354476016544581,100.0,2.750704050064087,0.0755985826253891,-0.2474855631589889,0.30600106716156,-0.431609958410263,-0.4917745888233185,-0.6915446519851685,5,-0.706386502155485,1.0,-0.6785658450058241,-0.7170607670269722,0,0,0.00816553808486,-0.3940815833656534,89,-30,thymio-07
3,1788309102.8346677,2.7542736530303955,-0.250832051038742,-1.8080888054076445,99.9,2.7542736530303955,0.0746744126081466,-0.250832051038742,0.3840895295143127,-0.3101497888565063,-0.4392019808292389,-0.7505890727043152,5,-0.6812679804682465,1.0,1.0,-0.7143242176391447,0,0,0.0039312918207944,-0.399099809820966,74,-46,thymio-07
4,1788309103.443155,2.759633302688598,-0.2636266052722931,-2.0667006807083927,99.8,2.759633302688598,0.0743567794561386,-0.2636266052722931,0.4753197729587555,-0.1236937716603279,-0.3403369784355163,-0.8018364906311035,5,-0.6902302672017476,-0.6945642719334251,1.0,-0.5970811798803171,0,0,-0.0293925813413815,-0.4820854371389296,-32,-177,thymio-07
5,1788309104.050918,2.759633302688598,-0.2636266052722931,-2.0667006807083927,99.70000000000002,2.759633302688598,0.0743567794561386,-0.2636266052722931,0.4753197729587555,-0.1236937716603279,-0.3403369784355163,-0.8018364906311035,5,-0.6902302672017476,-0.6945642719334251,1.0,-0.5970811798803171,0,0,-0.0293925813413815,-0.3526989749543251,-51,-158,thymio-07
6,1788309104.6540637,10000.0,10000.0,0.0,99.70000000000002,2.759633302688598,0.0743567794561386,-0.2636266052722931,0.4753197729587555,-0.1236937716603279,-0.3403369784355163,-0.8018364906311035,5,1.0,1.0,-1.0,1.0,0,0,-0.03,-0.263138859118655,-67,-146,thymio-07
7,1788309105.256809,2.766340970993042,-0.2258355617523193,-2.1547858395574893,99.70000000000002,2.766340970993042,0.0752277001738548,-0.2258355617523193,0.5629261136054993,0.158485397696495,-0.1532675623893737,-0.7965587377548218,5,-0.6687411975473676,-0.7336052900861367,1.0,-0.6793193337015886,0,0,-0.0215453366926865,-0.3349657246651217,-26,-127,thymio-07
8,1788309105.8648932,2.7609453201293945,-0.2084749490022659,-2.1275568147069235,99.60000000000002,2.7609453201293945,0.0748974382877349,-0.2084749490022659,0.5711835026741028,0.2136178612709045,-0.1253318935632705,-0.7825655937194824,5,-0.6534845949751834,-0.7533365008817794,1.0,-0.704658515303503,0,0,0.0661648431553943,0.0354378530856703,230,240,thymio-07
9,1788309106.4727943,2.7609453201293945,-0.2084749490022659,-2.1275568147069235,99.50000000000004,2.7609453201293945,0.0748974382877349,-0.2084749490022659,0.5711835026741028,0.2136178612709045,-0.1253318935632705,-0.7825655937194824,5,-0.6534845949751834,-0.7533365008817794,1.0,-0.704658515303503,0,0,-0.0175793633227623,0.1406020213874505,-84,-41,thymio-07
10,1788309107.081401,2.7579104900360107,-0.1954523026943206,-2.092437913721678,99.40000000000003,2.7579104900360107,0.0754622146487236,-0.1954523026943206,0.589732825756073,0.3117620348930359,-0.0471631437540054,-0.743502140045166,5,-0.6450103574713406,-0.762597988754502,1.0,-0.7780778199169327,0,0,-0.0126063581966965,0.2760683110583253,-86,-3,thymio-07
11,1788309107.6896703,2.7801053524017334,-0.2164354026317596,-2.1042052308528847,99.30000000000004,2.7801053524017334,0.0757438689470291,-0.2164354026317596,0.5758446455001831,0.2866523861885071,-0.0711585283279419,-0.762345016002655,5,-0.6867408206816658,-0.7437588619249832,1.0,-0.7778312235333857,0,0,-0.0126559240697894,0.3058083121318771,-91,1,thymio-07
12,1788309108.2980566,2.768725872039795,-0.2097790986299514,-2.119857448378657,99.20000000000005,2.768725872039795,0.0755451470613479,-0.2097790986299514,0.5778119564056396,0.22794009745121,-0.116733968257904,-0.7749515771865845,5,-0.664183387848598,-0.7484361223248606,1.0,-0.7740732048909711,0,0,-0.0134112858169148,0.4737877683000469,-119,24,thymio-07
13,1788309108.9069607,2.76365327835083,-0.2049058973789215,-2.138932456924308,99.10000000000004,2.76365327835083,0.0752646625041961,-0.2049058973789215,0.5668748617172241,0.1809838861227035,-0.1453917026519775,-0.790416955947876,5,-0.6574228252234502,-0.7521325697656185,1.0,-0.7733239043644035,0,0,-0.0135618952227548,0.5410004344553896,-130,34,thymio-07
14,1788309109.5156395,2.7499547004699707,-0.1916379034519195,-2.141362457155992,99.00000000000006,2.7499547004699707,0.0750808790326118,-0.1916379034519195,0.5338700413703918,0.0239794235676527,-0.2469886839389801,-0.8083343505859375,5,-0.6583969714141751,-0.7555367668540007,1.0,-0.7722916934861581,0,0,-0.0137693696092822,0.5666479026003098,-134,37,thymio-07
15,1788309110.123564,2.739431858062744,-0.1739943325519561,-2.0135469628692664,98.90000000000006,2.739431858062744,0.0757120922207832,-0.1739943325519561,0.4444658160209656,-0.1994137614965438,-0.3766653835773468,-0.7879133224487305,5,-0.6448549359934209,-0.7569118142397997,1.0,-0.773056408228516,0,0,-0.0136156619460682,0.5738106188649882,-135,38,thymio-07
16,1788309110.731356,2.739431858062744,-0.1739943325519561,-2.0135469628692664,98.80000000000008,2.739431858062744,0.0757120922207832,-0.1739943325519561,0.4444658160209656,-0.1994137614965438,-0.3766653835773468,-0.7879133224487305,5,-0.6448549359934209,-0.7569118142397997,1.0,-0.773056408228516,0,0,-0.0136156619460682,0.527522631206256,-128,31,thymio-07
17,1788309111.339998,2.73872971534729,-0.1729764938354492,-1.980820379108538,98.70000000000007,2.73872971534729,0.0757216289639473,-0.1729764938354492,0.4369141757488251,-0.2161515802145004,-0.3909412622451782,-0.78073650598526,5,-0.6435459436954127,-0.7563776992901914,1.0,-0.7726875335421128,0,0,-0.0136898057580353,0.4968350270541791,-124,26,thymio-07
18,1788309111.9486072,2.742083787918091,-0.147390142083168,-1.1649693147592546,98.60000000000008,2.742083787918091,0.0766974613070488,-0.147390142083168,0.2968969345092773,-0.4573774933815002,-0.5112948417663574,-0.664255678653717,5,-0.7836280787698797,1.0,-0.6279872614975925,-0.7578733684809379,0,0,-0.0114907561672541,0.0571481246298277,-49,-32,thymio-07
19,1788309112.5572855,2.754629373550415,-0.1361697018146515,-0.2851214874725967,98.50000000000009,2.754629373550415,0.0765624120831489,-0.1361697018146515,0.1503795981407165,-0.6127960681915283,-0.560007631778717,-0.5368970632553101,5,-0.7873406367469749,1.0,-0.6248672773005741,-0.7604738546742948,0,0,-0.010744532013858,0.5671753890818451,-124,47,thymio-07
20,1788309113.165837,2.754629373550415,-0.1361697018146515,-0.2851214874725967,98.40000000000008,2.754629373550415,0.0765624120831489,-0.1361697018146515,0.1503795981407165,-0.6127960681915283,-0.560007631778717,-0.5368970632553101,5,-0.7873406367469749,1.0,-0.6248672773005741,-0.7604738546742948,0,0,-0.010744532013858,0.5889560511282196,-127,51,thymio-07
21,1788309113.7750733,2.7639617919921875,-0.1345555186271667,-0.1818919702825967,98.3000000000001,2.7639617919921875,0.0766554772853851,-0.1345555186271667,0.1207765117287635,-0.640188455581665,-0.5679497718811035,-0.5029959678649902,5,-0.7862689300149006,-0.6322731725404624,-0.6280424537755626,-0.7621549137150601,0,0,-0.0109599450670049,0.5691659819798826,-125,47,thymio-07
22,1788309114.3830426,2.783935546875,-0.1283460259437561,0.0517109473484351,98.2000000000001,2.783935546875,0.076840691268444,-0.1283460259437561,-0.0639838650822639,-0.7576169967651367,-0.5768207907676697,-0.2986642122268677,5,-0.7863795477432655,-0.6423885701108052,-0.6304046373857952,-0.7635452229179371,0,0,-0.0109377109036036,0.5034515736459358,-115,37,thymio-07
23,1788309114.991614,2.7911150455474854,-0.1293373852968216,0.0659437848245483,98.10000000000012,2.7911150455474854,0.076610654592514,-0.1293373852968216,-0.122044526040554,-0.7750678062438965,-0.5759171843528748,-0.2295525819063186,5,-0.7853933676176713,-0.6454051055291753,-0.6362219552278745,-0.7625242385568579,0,0,-0.011135933108848,0.3160697960112904,-87,8,thymio-07
24,1788309115.5996614,2.806687116622925,-0.1381374448537826,0.0845447982702132,98.00000000000011,2.806687116622925,0.0761382058262825,-0.1381374448537826,-0.2682754397392273,-0.8158422112464905,-0.5122049450874329,0.0087190931662917,5,-0.7773192519762727,-0.6532870299549833,-0.6622463344710191,-0.7637055494872432,0,0,-0.0127588303527691,-0.0292505274515303,-41,-50,thymio-07
25,1788309116.207332,2.8105196952819824,-0.1509460508823394,0.0162940087534515,97.90000000000012,2.8105196952819824,0.0766671299934387,-0.1509460508823394,-0.333660215139389,-0.8068501353263855,-0.4781794846057892,0.0949108600616455,5,-0.7699834255470259,-0.6567641435878286,-0.6804206367538912,-0.7690491717983466,0,0,-0.0142333314650477,0.0470439048198153,-58,-43,thymio-07
26,1788309116.8158162,2.8093249797821045,-0.1598090529441833,0.0106364960664735,97.80000000000013,2.8093249797821045,0.0757842883467674,-0.1598090529441833,-0.3362516760826111,-0.8045255541801453,-0.4806990325450897,0.0927475467324256,5,-0.7655359774509756,-0.6540088954105772,-0.7180367287759968,-0.7785149318994125,0,0,-0.0125184986882181,0.0970329566655301,-59,-30,thymio-07
27,1788309117.4241676,2.8093249797821045,-0.1598090529441833,0.0106364960664735,97.70000000000012,2.8093249797821045,0.0757842883467674,-0.1598090529441833,-0.3362516760826111,-0.8045255541801453,-0.4806990325450897,0.0927475467324256,5,-0.7655359774509756,-0.6540088954105772,-0.7180367287759968,-0.7785149318994125,0,0,-0.0125184986882181,0.1404312202492261,-66,-23,thymio-07
28,1788309118.0327606,2.807987689971924,-0.1692632287740707,0.0110639942556098,97.60000000000014,2.807987689971924,0.0752058178186416,-0.1692632287740707,-0.3376960456371307,-0.8073256015777588,-0.4728495478630066,0.1029577553272247,5,-0.7651561774952556,-0.649370234396321,-0.6885044592646414,-0.7772601013484243,0,0,-0.0127707196289667,0.1354926886408499,-66,-25,thymio-07
29,1788309118.6409562,2.8056862354278564,-0.186457946896553,-0.0243165720009073,97.50000000000014,2.8056862354278564,0.0754684135317802,-0.186457946896553,-0.366374522447586,-0.7943741083145142,-0.4602366983890533,0.1513993293046951,5,-0.7596937763587218,-0.680778401237919,-0.6871128329404352,-0.7630414090647235,0,0,-0.0156286767779905,0.148626393396929,-78,-33,thymio-07
30,1788309119.2495692,2.8053338527679443,-0.1883221715688705,-0.0328396119491181,97.40000000000016,2.8053338527679443,0.0752654299139976,-0.1883221715688705,-0.3708684146404266,-0.7931713461875916,-0.4564074873924255,0.1582027822732925,5,-0.7595098744664448,-0.6856384358793979,-0.6829793549288058,-0.7612493263498343,0,0,-0.0159888854036832,0.3123770551837593,-104,-10,thymio-07
31,1788309119.8594546,2.80154800415039,-0.2060072124004364,-0.0909856264657857,97.30000000000015,2.80154800415039,0.0756515711545944,-0.2060072124004364,-0.3997143805027008,-0.7787182927131653,-0.4425936937332153,0.1947744488716125,5,-0.7485285821379714,-0.7262225966779685,-0.6431652130708871,-0.7478078810305029,0,0,-0.0185457549902677,0.4054982361056019,-127,-5,thymio-07
32,1788309120.4680994,2.793982744216919,-0.2312383651733398,-0.364337420252081,97.20000000000016,2.793982744216919,0.0750336274504661,-0.2312383651733398,-0.4636389911174774,-0.7336600422859192,-0.3594449460506439,0.3429012596607208,5,-0.7403896689467285,1.0,-0.7589250758123915,-0.7266809542520336,0,0,-0.0164560597617092,0.504942586988757,-135,18,thymio-07
33,1788309121.0764244,2.793982744216919,-0.2312383651733398,-0.364337420252081,97.10000000000016,2.793982744216919,0.0750336274504661,-0.2312383651733398,-0.4636389911174774,-0.7336600422859192,-0.3594449460506439,0.3429012596607208,5,-0.7403896689467285,1.0,-0.7589250758123915,-0.7266809542520336,0,0,-0.0164560597617092,0.4408842648211668,-125,8,thymio-07
34,1788309121.6843226,2.786330461502075,-0.2443930059671402,-0.7938134434986441,97.00000000000016,2.786330461502075,0.0751407220959663,-0.2443930059671402,-0.5058730244636536,-0.6791383028030396,-0.2968038320541382,0.4413288235664367,5,-0.7356322593120772,1.0,-0.7681519295661813,-0.7162505251566544,0,0,-0.0146014621571975,0.5635121710019149,-137,33,thymio-07
35,1788309122.2930577,2.769735097885132,-0.2600330114364624,-1.679657552327669,96.90000000000018,2.769735097885132,0.0751070529222488,-0.2600330114364624,-0.5626716017723083,-0.5548731684684753,-0.1810941845178604,0.5854240655899048,5,-0.7639177583199733,-0.7023132051126026,1.0,-0.7280012064376737,0,0,-0.0154525305776853,0.4108716960591934,-117,7,thymio-07
36,1788309122.901985,2.761577844619751,-0.2655244469642639,-1.9147869651215923,96.80000000000018,2.761577844619751,0.0745440497994422,-0.2655244469642639,-0.5841957926750183,-0.4750047624111175,-0.0991979464888572,0.6505733132362366,5,-0.7544384205089834,-0.6966609414057175,1.0,-0.724406789347525,0,0,-0.0173578774776943,0.6200761043860906,-155,32,thymio-07
37,1788309123.5097342,2.761577844619751,-0.2655244469642639,-1.9147869651215923,96.7000000000002,2.761577844619751,0.0745440497994422,-0.2655244469642639,-0.5841957926750183,-0.4750047624111175,-0.0991979464888572,0.6505733132362366,5,-0.7544384205089834,-0.6966609414057175,1.0,-0.724406789347525,0,0,-0.0173578774776943,0.3127662569491625,-109,-14,thymio-07
38,1788309124.117729,2.742098808288574,-0.2669633030891418,-2.081588477261706,96.6000000000002,2.742098808288574,0.0750579759478569,-0.2669633030891418,-0.5887562036514282,-0.3326968550682068,0.0297646466642618,0.7360659837722778,5,-0.7301954400701833,-0.6901584482605079,1.0,-0.7145655184251859,0,0,-0.0222307165458931,0.3278417413087919,-128,-29,thymio-07
39,1788309124.7260408,2.7238290309906006,-0.2593325674533844,-2.141898924744268,96.5000000000002,2.7238290309906006,0.0748907104134559,-0.2593325674533844,-0.5659818053245544,-0.161743938922882,0.1584508866071701,0.7927148938179016,5,-0.6967586078581423,-0.6884455732454652,1.0,-0.7034619370508155,0,0,-0.027604150652786,0.3687938583689295,-154,-42,thymio-07
40,1788309125.3338294,2.712559223175049,-0.2435643523931503,-2.1525733864737804,96.4000000000002,2.712559223175049,0.0749317556619644,-0.2435643523931503,-0.5434948205947876,-0.0608998648822307,0.2200661748647689,0.8077595233917236,5,-0.6697697771421973,-0.6845786726330152,1.0,-0.7023043242148845,0,0,-0.0278368308328082,0.3952103617842483,-159,-39,thymio-07
41,1788309125.9420483,2.7041239738464355,-0.2229982316493988,-2.1408585146720065,96.3000000000002,2.7041239738464355,0.0756580159068107,-0.2229982316493988,-0.5183771848678589,0.024876857176423,0.2708632946014404,0.8107399940490723,5,-0.6470226382483701,-0.68323742998215,1.0,-0.7077964747482979,0,0,-0.0267329085755921,0.409803800878325,-157,-33,thymio-07
42,1788309126.5501258,2.70088529586792,-0.1959723085165023,-2.067502049472562,96.20000000000022,2.70088529586792,0.0755138471722602,-0.1959723085165023,-0.474621444940567,0.1322163939476013,0.3428335785865783,0.7998239994049072,5,-0.6280259030732256,-0.6699048364756475,1.0,-0.7261356695299196,0,0,-0.0230467304244861,0.4248257503239518,-146,-18,thymio-07
43,1788309127.1581025,2.70456600189209,-0.1688215434551239,-1.9240983154633389,96.10000000000022,2.70456600189209,0.075884573161602,-0.1688215434551239,-0.4125008583068847,0.2605663537979126,0.4100396633148193,0.7705944180488586,5,-0.6185966164253038,-0.638854741316184,1.0,-0.75044882548188,0,0,-0.0181597860781421,0.4311696907681631,-130,1,thymio-07
44,1788309127.766111,2.70456600189209,-0.1688215434551239,-1.9240983154633389,96.00000000000024,2.70456600189209,0.075884573161602,-0.1688215434551239,-0.4125008583068847,0.2605663537979126,0.4100396633148193,0.7705944180488586,5,-0.6185966164253038,-0.638854741316184,1.0,-0.75044882548188,0,0,-0.0181597860781421,0.4139507093923251,-127,-2,thymio-07
45,1788309128.373864,2.7062230110168457,-0.1631104052066803,-1.8724106884196423,95.90000000000023,2.7062230110168457,0.0763044282793998,-0.1631104052066803,-0.4029998183250427,0.286885529756546,0.4261414110660553,0.7574241757392883,5,-0.6177670623513352,-0.6312309960217091,1.0,-0.7554370685908622,0,0,-0.0171571492132367,0.409163910991666,-123,1,thymio-07
46,1788309128.981908,2.7247583866119385,-0.1320859044790268,-0.8736703637961334,95.80000000000024,2.7247583866119385,0.0770142972469329,-0.1320859044790268,-0.2598626315593719,0.5021017789840698,0.5275807976722717,0.6340533494949341,5,-0.7850176134184155,1.0,-0.627607470647096,-0.5792201378109973,0,0,-0.0112114597028984,0.0190501648430566,-43,-37,thymio-07
47,1788309129.5901184,2.735567569732666,-0.1261109709739685,-0.3874096729422001,95.70000000000024,2.735567569732666,0.0766946747899055,-0.1261109709739685,-0.1743934005498886,0.5894913673400879,0.5529041886329651,0.5624801516532898,5,-0.7895329914516864,1.0,-0.6379083388212103,-0.5650246008396115,0,0,-0.010303868718211,0.5332468211752331,-117,44,thymio-07
48,1788309130.1978598,2.751007318496704,-0.1224201694130897,-0.2392179573091972,95.60000000000024,2.751007318496704,0.0772580727934837,-0.1224201694130897,-0.1272105276584625,0.6299564242362976,0.560851514339447,0.52193683385849,5,-0.7896115646183095,1.0,-0.6534174981430116,-0.5503633128663857,0,0,-0.0102880755117197,0.5263575811802141,-116,43,thymio-07
49,1788309130.8063798,2.751007318496704,-0.1224201694130897,-0.2392179573091972,95.50000000000026,2.751007318496704,0.0772580727934837,-0.1224201694130897,-0.1272105276584625,0.6299564242362976,0.560851514339447,0.52193683385849,5,-0.7896115646183095,1.0,-0.6534174981430116,-0.5503633128663857,0,0,-0.0102880755117197,0.5052212383233045,-113,40,thymio-07
50,1788309131.4161987,2.75952696800232,-0.1177779138088226,-0.0308188603976207,95.40000000000026,2.75952696800232,0.0763311758637428,-0.1177779138088226,-0.0425553508102893,0.69572913646698,0.5843924880027771,0.4154943227767944,5,-0.7908044919981629,1.0,-0.6540117874062923,-0.536427235153766,0,0,-0.0100482971083692,0.4874652961461224,-109,38,thymio-07
51,1788309132.025361,2.7769994735717773,-0.1165106371045112,0.0626797849918849,95.30000000000028,2.7769994735717773,0.0766747295856475,-0.1165106371045112,0.1187920421361923,0.7761687636375427,0.5724336504936218,0.2361569553613662,5,-0.7859532481678875,1.0,-0.6499970139763406,-0.5250769948190307,0,0,-0.0110233971182546,0.4665800056748769,-110,31,thymio-07
52,1788309132.633597,2.785521507263184,-0.1199423521757125,0.0961182054127065,95.20000000000029,2.785521507263184,0.0768989250063896,-0.1199423521757125,0.1986163407564163,0.8030490875244141,0.5515503287315369,0.1070320755243301,5,-0.7814060802442067,1.0,-0.6477393570450696,-0.5297513749766682,0,0,-0.0119373778709144,0.4801872239475415,-115,30,thymio-07
53,1788309133.2422414,2.7950026988983154,-0.1260295510292053,0.0852778794256341,95.10000000000028,2.7950026988983154,0.0758897140622139,-0.1260295510292053,0.275439441204071,0.818198561668396,0.5039374828338623,-0.027042381465435,5,-0.7749877212559735,1.0,-0.6588422771949121,-0.542138371789334,0,0,-0.0132274680275493,0.4854709063044407,-120,26,thymio-07
54,1788309133.8512802,2.801159143447876,-0.1393480002880096,-0.0489513636625789,95.00000000000028,2.801159143447876,0.0765280425548553,-0.1393480002880096,0.3795881867408752,0.7889314293861389,0.4527120590209961,-0.1689727753400802,5,-0.7580708590825314,1.0,-0.6393483986893863,-0.5974573198511526,0,0,-0.0166277573244112,0.5067281383387063,-136,17,thymio-07
55,1788309134.4596004,2.801159143447876,-0.1393480002880096,-0.0489513636625789,94.90000000000028,2.801159143447876,0.0765280425548553,-0.1393480002880096,0.3795881867408752,0.7889314293861389,0.4527120590209961,-0.1689727753400802,5,-0.7580708590825314,1.0,-0.6393483986893863,-0.5974573198511526,0,0,-0.0166277573244112,0.5202956083043724,-138,19,thymio-07
56,1788309135.067299,2.8014976978302,-0.1548643708229065,-0.3253347406660816,94.8000000000003,2.8014976978302,0.0768204182386398,-0.1548643708229065,0.4658322930335998,0.7362907528877258,0.3825514018535614,-0.3074584305286407,5,-0.7431101844845086,1.0,-0.6336800402269727,-0.5937900188230008,0,0,-0.0196348529186137,0.5593190559180434,-154,15,thymio-07
57,1788309135.6759038,2.7902843952178955,-0.1763162910938263,-1.2872956255192902,94.7000000000003,2.7902843952178955,0.0759851932525634,-0.1763162910938263,0.5433215498924255,0.6209737062454224,0.2357133030891418,-0.5134516954421997,5,-0.5879536104257692,-0.493346543432112,1.0,-0.723472939972726,0,0,-0.023581939065482,0.5588243636536883,-168,1,thymio-07
58,1788309136.2845182,2.77731990814209,-0.1849204152822494,-1.8023786891787197,94.6000000000003,2.77731990814209,0.0752521231770515,-0.1849204152822494,0.5752015113830566,0.5200402736663818,0.1431493759155273,-0.6149874925613403,5,-0.5597740355498331,-0.4200887732415179,1.0,-0.7147480323274138,0,0,-0.0253356455021898,0.6278825185689644,-185,5,thymio-07
59,1788309136.892166,2.76127028465271,-0.1887599378824234,-2.002110299514753,94.50000000000033,2.76127028465271,0.075839452445507,-0.1887599378824234,0.586768627166748,0.4260147213935852,0.0562493428587913,-0.6863309741020203,5,-0.5307030067128902,-0.4679732533752541,1.0,-0.7119848553553273,0,0,-0.0258910440735792,0.5471371787021793,-175,-9,thymio-07
60,1788309137.5005045,2.7280032634735107,-0.1785910576581955,-2.1389034010517154,94.40000000000032,2.7280032634735107,0.0759433284401893,-0.1785910576581955,0.5703669786453247,0.1881730854511261,-0.1393911391496658,-0.7873008847236633,5,-0.4767145853780883,-0.6005105752042119,1.0,-0.7092426455182972,0,0,-0.0264422282508222,0.5227084527782011,-173,-15,thymio-07
61,1788309138.108384,2.7128591537475586,-0.1639087945222854,-2.1604052233990814,94.30000000000032,2.7128591537475586,0.0761351659893989,-0.1639087945222854,0.5437545776367188,0.0456169098615646,-0.224890798330307,-0.8072634935379028,5,-0.4513858286545005,1.0,-0.672053671033674,-0.700808971511037,0,0,0.0194252709665897,0.0179018572731095,66,72,thymio-07
62,1788309138.7174287,2.7128591537475586,-0.1639087945222854,-2.1604052233990814,94.20000000000032,2.7128591537475586,0.0761351659893989,-0.1639087945222854,0.5437545776367188,0.0456169098615646,-0.224890798330307,-0.8072634935379028,5,-0.4513858286545005,1.0,-0.672053671033674,-0.700808971511037,0,0,0.0558142510242174,0.3750726884596034,142,255,thymio-07
63,1788309139.325443,2.708308696746826,-0.1601845324039459,-2.137738101606456,94.10000000000034,2.708308696746826,0.0762074887752533,-0.1601845324039459,0.524083137512207,-0.0134688979014754,-0.2677501440048218,-0.8083720207214355,5,-0.4333237270610928,1.0,-0.706954627804333,-0.6810337053493476,0,0,0.0529925874085551,0.3894584296512803,129,247,thymio-07
64,1788309139.933183,2.700119972229004,-0.2056607455015182,-2.077798936463694,94.00000000000034,2.700119972229004,0.0754097923636436,-0.2056607455015182,0.4846046864986419,-0.1142155602574348,-0.3343738317489624,-0.8001919984817505,5,-0.3331025828121712,1.0,-0.7245965859368946,-0.6083821264935863,0,0,0.0098928030907446,0.4775559973351613,-37,107,thymio-07
65,1788309140.5412412,2.6832756996154785,-0.2381283342838287,-1.9938544252184067,93.90000000000036,2.6832756996154785,0.0755855590105056,-0.2381283342838287,0.4400775730609894,-0.2058561146259308,-0.384634792804718,-0.7848637104034424,5,-0.3077547436496348,1.0,-0.7657081337388125,-0.5936540801843491,0,0,-0.0118794270933519,0.5927027042391178,-132,47,thymio-07
66,1788309141.1490684,2.6743035316467285,-0.2392158955335617,-1.752469802985126,93.80000000000037,2.6743035316467285,0.0758819356560707,-0.2392158955335617,0.3808661103248596,-0.3196644186973572,-0.4540036022663116,-0.7393486499786377,5,-0.2956223371960662,1.0,-0.779154974031157,-0.622181046111463,0,0,0.0307796817079508,0.5910802926321204,20,199,thymio-07
67,1788309141.757078,2.66251540184021,-0.2262700349092483,-0.6779068301044213,93.70000000000036,2.66251540184021,0.0763844177126884,-0.2262700349092483,0.2210513651371002,-0.5340211987495422,-0.5392918586730957,-0.6124719977378845,5,-0.6765347086443669,-0.7845669157172868,-0.2535232014718707,1.0,0,0,0.0205787149681058,0.2691409807380365,32,114,thymio-07
68,1788309142.365103,2.646047830581665,-0.2229634970426559,-0.2871081779474926,93.60000000000036,2.646047830581665,0.0766581296920776,-0.2229634970426559,0.1458117514848709,-0.613625168800354,-0.5607011318206787,-0.536486029624939,5,-0.6467451781685913,-0.7910013703220771,-0.2372268844982997,1.0,0,0,0.0336236152931384,0.5502125499711744,36,203,thymio-07
69,1788309142.9737823,2.646047830581665,-0.2229634970426559,-0.2871081779474926,93.50000000000036,2.646047830581665,0.0766581296920776,-0.2229634970426559,0.1458117514848709,-0.613625168800354,-0.5607011318206787,-0.536486029624939,5,-0.6467451781685913,-0.7910013703220771,-0.1944486624023628,1.0,0,0,-0.0100087245652624,0.1153861012327878,-53,-18,thymio-07
70,1788309143.5819364,2.627422571182251,-0.2119759321212768,-0.084726257483791,93.40000000000038,2.627422571182251,0.0767421051859855,-0.2119759321212768,0.0705160647630691,-0.6771972179412842,-0.57551109790802,-0.4530105292797088,5,-0.555437502500139,-0.7759675653239367,-0.2025731857446853,1.0,0,0,-0.0130305193698887,-0.0316700089295618,-42,-51,thymio-07
71,1788309144.1899767,2.625540971755981,-0.2067369073629379,0.0014850012948661,93.30000000000038,2.625540971755981,0.0769467279314994,-0.2067369073629379,0.0117382584139704,-0.7179356813430786,-0.5801845788955688,-0.38446906208992,5,-0.4284876898832115,-0.7383589674263784,-0.099766496955958,1.0,0,0,-0.0205898475472979,0.2641711593450632,-113,-33,thymio-07
72,1788309144.7988043,2.6343212127685547,-0.2121488600969314,-0.0098437463531477,93.2000000000004,2.6343212127685547,0.0767609775066375,-0.2121488600969314,0.0136882001534104,-0.7161954641342163,-0.5772626399993896,-0.3919751942157745,5,-0.3438558322309868,-0.7148881651059376,-0.1713892440078073,1.0,0,0,-0.0253074788137065,-0.1130832917547189,-73,-107,thymio-07
73,1788309145.4068277,2.6515400409698486,-0.2202056050300598,0.0244958830714963,93.1000000000004,2.6515400409698486,0.0765772238373756,-0.2202056050300598,-0.0253351815044879,-0.7367727160453796,-0.5802181959152222,-0.3462238311767578,5,1.0,-0.6689704527900953,-0.2640560831654859,1.0,0,0,0.0345369389891908,0.1252351071136867,104,142,thymio-07
74,1788309146.0145924,2.6515400409698486,-0.2202056050300598,0.0244958830714963,93.0000000000004,2.6515400409698486,0.0765772238373756,-0.2202056050300598,-0.0253351815044879,-0.7367727160453796,-0.5802181959152222,-0.3462238311767578,5,1.0,-0.6689704527900953,-0.2640560831654859,1.0,0,0,0.0345369389891908,-0.1117069005772648,140,106,thymio-07
75,1788309146.622391,2.6481740474700928,-0.2170195132493972,0.0298436212070365,92.9000000000004,2.6481740474700928,0.0766211822628974,-0.2170195132493972,-0.030244804918766,-0.7392198443412781,-0.5810130834579468,-0.3392095267772674,5,1.0,-0.6517200091598924,-0.2927038297758374,1.0,0,0,0.0380042781588616,0.0999416773031238,120,150,thymio-07
76,1788309147.23072,2.6242024898529053,-0.200734257698059,0.0184125095899596,92.77265392669418,2.6242024898529053,0.0769259110093116,-0.200734257698059,-0.0147283058613538,-0.7310599088668823,-0.5811508297920227,-0.3572090268135071,5,1.0,-0.6318501385643296,-0.3117362626368134,1.0,0,0,0.0419981221485697,-0.2210797614540491,183,116,thymio-07
77,1788309147.8389435,2.5981056690216064,-0.1809703111648559,0.0344467320723294,92.63272530992283,2.5981056690216064,0.077629879117012,-0.1809703111648559,-0.0229810606688261,-0.7349908351898193,-0.5856154561042786,-0.3410496711730957,5,1.0,-0.6156728668167826,-0.3673690999321536,1.0,0,0,0.0452497537698267,0.0052906898939073,160,162,thymio-07
78,1788309148.4470797,2.5576364994049072,-0.1575915515422821,-0.0019987668747534,92.44619432974558,2.5576364994049072,0.0778288468718528,-0.1575915515422821,0.0027080948930233,-0.7211870551109314,-0.5789153575897217,-0.3804457187652588,5,1.0,1.0,-0.4316694812265799,-0.6093281950825145,0,0,0.0465250327884145,0.0214156330382007,162,169,thymio-07
79,1788309149.0548823,2.5576364994049072,-0.1575915515422821,-0.0019987668747534,92.3461943297456,2.5576364994049072,0.0778288468718528,-0.1575915515422821,0.0027080948930233,-0.7211870551109314,-0.5789153575897217,-0.3804457187652588,5,1.0,1.0,-0.4316694812265799,-0.6093281950825145,0,0,0.0465250327884145,0.044274410370801,159,172,thymio-07
80,1788309149.6634026,2.5283336639404297,-0.1391462683677673,0.0054742086746082,92.21142497455664,2.5283336639404297,0.0784570723772049,-0.1391462683677673,-0.006067594513297,-0.72255939245224,-0.5847727656364441,-0.368662416934967,5,1.0,1.0,-0.474841138813153,-0.577466573622968,0,0,0.05,0.1222257514859089,159,196,thymio-07
81,1788309150.2714968,2.485653877258301,-0.1093604862689971,0.0389579130065103,92.02739493446025,2.485653877258301,0.0794921219348907,-0.1093604862689971,-0.0175733789801597,-0.7384437322616577,-0.5789701342582703,-0.3452328443527221,5,1.0,1.0,-0.5423455091983092,-0.5000712434217112,0,0,0.1162486611641017,0.2673182782236173,373,453,thymio-07
82,1788309150.8799553,2.45120906829834,-0.0810379758477211,0.0493513489038415,91.87675083501335,2.45120906829834,0.0797687843441963,-0.0810379758477211,-0.0426455363631248,-0.747371256351471,-0.5819153189659119,-0.3177927434444427,5,1.0,1.0,-0.5743471763252203,-0.4362960546118926,0,0,-0.0082006037750771,0.5580631660078551,-113,55,thymio-07
83,1788309151.4878387,2.45120906829834,-0.0810379758477211,0.0493513489038415,91.77675083501336,2.45120906829834,0.0797687843441963,-0.0810379758477211,-0.0426455363631248,-0.747371256351471,-0.5819153189659119,-0.3177927434444427,5,1.0,1.0,-0.5743471763252203,-0.4362960546118926,0,0,-0.0571811395517238,0.6215563814926045,-297,-109,thymio-07
84,1788309152.0962038,2.4094250202178955,-0.0382739529013633,0.0759530669361896,91.60829769170088,2.4094250202178955,0.0805969834327697,-0.0382739529013633,-0.0840188413858413,-0.7652081251144409,-0.5817971229553223,-0.2625065147876739,5,1.0,1.0,-0.562288157288076,-0.3659611911757144,0,0,-0.0553989739959742,0.6215391701438044,-291,-103,thymio-07
85,1788309152.704638,2.432913303375244,-0.0653077811002731,0.0831809418153151,91.50829769170088,2.432913303375244,0.0801393613219261,-0.0653077811002731,-0.2431171089410781,-0.8107766509056091,-0.5306294560432434,-0.0443589463829994,5,1.0,1.0,-0.5679793044527042,-0.2230630024173324,0,0,-0.0552833657246297,0.6174636039523475,-290,-103,thymio-07
86,1788309153.313265,2.4405336380004883,-0.1170992031693458,-0.0201041965035129,91.4082976917009,2.4405336380004883,0.0793684050440788,-0.1170992031693458,-0.3602690398693084,-0.7995726466178894,-0.4603811800479889,0.1376193016767501,5,1.0,1.0,-0.5970391758329332,-0.1280570626774523,0,0,-0.0582184784207749,0.6175306979248402,-300,-114,thymio-07
87,1788309153.9215722,2.4167320728302,-0.1771357804536819,-0.4158661013389868,91.24534648444636,2.4167320728302,0.0793503075838089,-0.1771357804536819,-0.4710600078105926,-0.7239934206008911,-0.3524000644683838,0.3602085709571838,5,0.0132044977202361,-0.0357046826370691,-0.6182781738355372,1.0,0,0,0.0412700079916172,0.3668308732693282,91,202,thymio-07
88,1788309154.5298903,2.413628339767456,-0.1870742291212082,-0.7692124475161908,91.14534648444636,2.413628339767456,0.0792568773031234,-0.1870742291212082,-0.506206214427948,-0.6832889914512634,-0.2983524203300476,0.4334250390529632,5,-0.6252001298852713,0.0147781443903842,1.0,1.0,0,0,0.1420380299547251,0.6261673977868001,410,500,thymio-07
89,1788309155.1377494,2.413628339767456,-0.1870742291212082,-0.7692124475161908,91.04534648444636,2.413628339767456,0.0792568773031234,-0.1870742291212082,-0.506206214427948,-0.6832889914512634,-0.2983524203300476,0.4334250390529632,5,-0.6252001298852713,0.0147781443903842,1.0,1.0,2059,0,-0.08,0.6263034325052302,-379,-190,thymio-07
90,1788309155.7458036,2.482738494873047,-0.1671763509511947,-1.1928911409203726,90.94534648444638,2.482738494873047,0.0789894089102745,-0.1671763509511947,-0.5365628004074097,-0.6364347338676453,-0.2377137839794159,0.5005431771278381,5,-0.8031856689236605,0.208347294326554,1.0,1.0,3362,0,-0.08,0.4969925617292471,-359,-209,thymio-07
91,1788309156.3543353,2.459822177886963,-0.1737391799688339,-1.735598204239814,90.82294732345422,2.459822177886963,0.0787129551172256,-0.1737391799688339,-0.5692659020423889,-0.5407058000564575,-0.1713392287492752,0.595160961151123,5,-0.8503735442724148,0.303266355212541,1.0,-0.0236140643892777,0,0,-0.0,0.4943909606426001,-75,75,thymio-07
92,1788309156.9644265,2.409274816513061,-0.1730197072029113,-1.916822521439654,90.55226508046276,2.409274816513061,0.078887365758419,-0.1730197072029113,-0.5832316875457764,-0.4737750887870788,-0.096290573477745,0.6527680158615112,5,-0.7662328345892758,1.0,0.3278152199626902,0.0234559187266532,0,0,-0.0149872002475555,0.5198651034639045,-132,25,thymio-07
93,1788309157.5726564,2.396780252456665,-0.1774149090051651,-2.0430268091168045,90.45226508046277,2.396780252456665,0.0796330496668815,-0.1774149090051651,-0.5856633186340332,-0.3646005094051361,0.0154142240062356,0.7237591743469238,5,-0.7600092950702316,1.0,0.4099292552212086,0.0799683057936553,0,0,-0.0162381316908834,0.6103433150241497,-150,34,thymio-07
94,1788309158.1804645,2.396780252456665,-0.1774149090051651,-2.0430268091168045,90.35226508046276,2.396780252456665,0.0796330496668815,-0.1774149090051651,-0.5856633186340332,-0.3646005094051361,0.0154142240062356,0.7237591743469238,5,-0.7600092950702316,1.0,0.4099292552212086,0.0799683057936553,0,0,-0.0162381316908834,0.6277211244351953,-152,37,thymio-07
95,1788309158.788741,2.371703147888184,-0.1689581274986267,-2.147417033776785,90.18617276349964,2.371703147888184,0.0792003944516182,-0.1689581274986267,-0.5575650930404663,-0.1005148962140083,0.1986569464206695,0.799720823764801,5,-0.7448720819034604,1.0,0.5316892523310932,-0.1862360196385655,0,0,-0.0192807115374044,0.6270301259472958,-163,26,thymio-07
96,1788309159.3972838,2.358121395111084,-0.1523734629154205,-2.0656749591772963,90.08617276349965,2.358121395111084,0.0794568359851837,-0.1523734629154205,-0.4810822904109955,0.1217873618006706,0.3419057428836822,0.7980151772499084,5,-0.7087796006740456,1.0,0.6273758825695628,-0.2757612303483229,0,0,-0.0265353002645168,0.6260513740840951,-189,0,thymio-07
97,1788309160.005878,2.356551170349121,-0.1320582181215286,-1.8645596306447447,89.98617276349965,2.356551170349121,0.0794342383742332,-0.1320582181215286,-0.3985560536384582,0.2836340665817261,0.4268168807029724,0.7606130838394165,5,-0.6669663604113925,1.0,0.7040784571662488,-0.3560038444126638,0,0,-0.0349397615573101,0.6272532801384343,-219,-29,thymio-07
98,1788309160.613663,2.356551170349121,-0.1320582181215286,-1.8645596306447447,89.88617276349966,2.356551170349121,0.0794342383742332,-0.1320582181215286,-0.3985560536384582,0.2836340665817261,0.4268168807029724,0.7606130838394165,5,-0.6669663604113925,1.0,0.7040784571662488,-0.3560038444126638,0,0,-0.0349397615573101,0.623018614170957,-218,-30,thymio-07
99,1788309161.2216835,2.3654417991638184,-0.1138774529099464,-1.2920762056507615,89.78617276349966,2.3654417991638184,0.0796289592981338,-0.1138774529099464,-0.3138547539710998,0.4370327293872833,0.5027586221694946,0.6765585541725159,5,-0.6354587927215671,0.7735852535214212,1.0,0.3688882344013351,0,0,-0.0412727826629649,0.627498516071523,-241,-52,thymio-07
100,1788309161.8304029,2.408389091491699,-0.0882663577795028,-0.2425065415169052,89.68617276349967,2.408389091491699,0.0795553177595138,-0.0882663577795028,-0.1230161562561988,0.624212384223938,0.5718938112258911,0.5178449749946594,5,-0.560497686094143,0.8931764880105011,-0.5968549564521012,1.0,0,0,-0.0490321537531276,0.4015160104816485,-235,-114,thymio-07
101,1788309162.4382367,2.4222116470336914,-0.0866142958402633,-0.1331457617405633,89.58617276349968,2.4222116470336914,0.0793546438217163,-0.0866142958402633,-0.0713208615779876,0.6637253761291504,0.5787671208381653,0.4684129059314728,5,-0.5809334161425399,0.9102019093573792,-0.6014169992868801,1.0,0,0,-0.0481151831433371,0.6205817855334352,-265,-77,thymio-07
102,1788309163.0462308,2.4764397144317627,-0.1080518290400505,0.064630344852802,89.48617276349968,2.4764397144317627,0.0795096531510353,-0.1080518290400505,0.0574832484126091,0.7563470005989075,0.5805819034576416,0.29590505361557,5,-0.573745233622525,1.0,-0.6283195787137297,0.93208933708906,0,0,-0.0427077646785403,0.619315246955299,-245,-58,thymio-07
103,1788309163.6543202,2.5134897232055664,-0.1436135470867157,0.0984437303987961,89.38617276349969,2.5134897232055664,0.0782152265310287,-0.1436135470867157,0.2115983217954635,0.8096892833709717,0.540893018245697,0.0840490013360977,5,-0.5173809229696891,1.0,-0.6678150101606652,0.932269879853574,0,0,-0.0347691829577062,0.6272259624490314,-218,-29,thymio-07
104,1788309164.262124,2.5134897232055664,-0.1436135470867157,0.0984437303987961,89.28617276349969,2.5134897232055664,0.0782152265310287,-0.1436135470867157,0.2115983217954635,0.8096892833709717,0.540893018245697,0.0840490013360977,5,-0.5173809229696891,1.0,-0.6678150101606652,1.0,0,0,-0.0347691829577062,0.6055258101930173,-215,-32,thymio-07
105,1788309164.870513,2.524674892425537,-0.1693701297044754,0.0555905998411572,89.1861727634997,2.524674892425537,0.0785827934741973,-0.1693701297044754,0.302448958158493,0.8062209486961365,0.505953311920166,-0.0504352860152721,5,-0.4617201427577433,1.0,-0.6975539598207062,1.0,0,0,-0.028791654076038,0.5112111507340492,-179,-25,thymio-07
106,1788309165.4785385,2.523378849029541,-0.2143415808677673,-0.2029004190922192,89.0861727634997,2.523378849029541,0.0782943144440651,-0.2143415808677673,0.431639552116394,0.7602996826171875,0.390469878911972,-0.2883834540843963,5,-0.4151341558981473,1.0,-0.7553431466359598,1.0,0,0,0.0633436786426426,0.3029866403759793,179,271,thymio-07
107,1788309166.0869627,2.5153651237487797,-0.2306808978319168,-0.4928423713420509,88.98617276349971,2.5153651237487797,0.0779689401388168,-0.2306808978319168,0.4787105917930603,0.7166920900344849,0.3351601362228393,-0.3806001543998718,5,-0.44224870437215,1.0,-0.7777253365661165,1.0,0,0,0.0477862922256765,0.3629508309464207,115,225,thymio-07
108,1788309166.6952713,2.570298910140991,-0.2049980908632278,-1.012593835675342,88.88617276349972,2.570298910140991,0.0777203515172004,-0.2049980908632278,0.5282983183860779,0.6575644016265869,0.2639532387256622,-0.4678019285202026,5,1.0,1.0,-0.8373710664666704,-0.5151490853072036,1929,0,0.0017089639540007,0.5852464430050403,-82,94,thymio-07
109,1788309167.30393,2.570298910140991,-0.2049980908632278,-1.012593835675342,88.78617276349972,2.570298910140991,0.0777203515172004,-0.2049980908632278,0.5282983183860779,0.6575644016265869,0.2639532387256622,-0.4678019285202026,5,1.0,1.0,-0.8373710664666704,-0.5151490853072036,2453,0,-0.08,0.6133677361442399,-377,-192,thymio-07
110,1788309167.9126303,2.587741613388061,-0.2054547667503357,-1.5588598404065404,88.68617276349973,2.587741613388061,0.0773194059729576,-0.2054547667503357,0.5573977828025818,0.5786489844322205,0.1990363448858261,-0.5611217617988586,5,-0.8589574774454969,1.0,1.0,-0.5207547979586393,0,0,0.0,0.4833202166657638,-73,73,thymio-07
111,1788309168.5206213,2.536745071411133,-0.2074682414531707,-1.9908885994722931,88.3581497469961,2.536745071411133,0.0779658555984497,-0.2074682414531707,0.588771402835846,0.4335828423500061,0.0646634921431541,-0.6790969967842102,5,-0.7631273025837153,-0.5450031274530898,1.0,0.6334797333195921,0,0,0.0366222526185005,0.6125549426157183,38,223,thymio-07
112,1788309169.1292286,2.5329837799072266,-0.2148749232292175,-2.080982887508963,88.25814974699611,2.5329837799072266,0.0785834342241287,-0.2148749232292175,0.5821477174758911,0.318100243806839,-0.0500142313539981,-0.7466022372245789,5,-0.7667865910892753,-0.5424579829041536,1.0,0.6310515407986848,0,0,-0.0148758951910556,0.6266621487638576,-147,42,thymio-07
113,1788309169.7375784,2.532301902770996,-0.2305074483156204,-2.162694451410057,88.15814974699612,2.532301902770996,0.0768445953726768,-0.2305074483156204,0.5505859851837158,0.0835704281926155,-0.2004989385604858,-0.8060219287872314,5,1.0,-0.5396058746870607,1.0,-0.7983579889540023,0,0,-0.0085300442202455,0.628269056594765,-125,65,thymio-07
114,1788309170.345606,2.5225961208343506,-0.2236931771039962,-2.083502705004449,88.05814974699612,2.5225961208343506,0.0773064941167831,-0.2236931771039962,0.4960961937904358,-0.0692589282989502,-0.3164003193378448,-0.8055945634841919,5,1.0,-0.5604244025320285,1.0,-0.788150597608342,0,0,-0.0105817298807232,0.6283121409897579,-132,57,thymio-07
115,1788309170.9541962,2.5225961208343506,-0.2236931771039962,-2.083502705004449,87.95814974699613,2.5225961208343506,0.0773064941167831,-0.2236931771039962,0.4960961937904358,-0.0692589282989502,-0.3164003193378448,-0.8055945634841919,5,1.0,-0.5604244025320285,1.0,-0.788150597608342,0,0,-0.0105817298807232,0.6281320185496799,-132,57,thymio-07
116,1788309171.5627882,2.5156350135803223,-0.2127522379159927,-1.9516159471409251,87.85814974699613,2.5156350135803223,0.0776396840810775,-0.2127522379159927,0.4171656668186188,-0.2451187372207641,-0.3997762203216553,-0.7785041332244873,5,-0.7701675433105951,-0.5851307937975768,1.0,0.6107253807446809,0,0,0.0141963237945703,0.6281029811399285,-44,145,thymio-07
117,1788309172.1712346,2.5139522552490234,-0.1942919492721557,-1.0487435903088405,87.75814974699614,2.5139522552490234,0.0770993679761886,-0.1942919492721557,0.2648383975028991,-0.4729363322257995,-0.5200537443161011,-0.6601029634475708,5,-0.7326793340296689,1.0,1.0,-0.6194492906503614,0,0,0.0217314538600365,0.5461795281881745,-5,160,thymio-07
118,1788309172.7793732,2.506633043289185,-0.19190414249897,-0.5200727899690358,87.65814974699614,2.506633043289185,0.0777520388364791,-0.19190414249897,0.2255206555128097,-0.5577104687690735,-0.542641282081604,-0.5862080454826355,5,-0.7122174822054994,0.8715925776481643,1.0,-0.6358652249700362,0,0,0.0258442860766946,0.6278430320967181,-3,187,thymio-07
119,1788309173.3880882,2.488462448120117,-0.1752756983041763,-0.0780822164108769,87.55814974699615,2.488462448120117,0.0783594995737075,-0.1752756983041763,0.0500109121203422,-0.6837971806526184,-0.5805771350860596,-0.4391474723815918,5,0.5968068637539712,0.8673992257645797,-0.6934269584845474,-0.6823289364816094,0,0,0.0296211813446059,0.2687490572096123,65,146,thymio-07
120,1788309173.996038,2.474079132080078,-0.1499603390693664,0.0954661433461292,87.45814974699616,2.474079132080078,0.0789625495672226,-0.1499603390693664,-0.0852604433894157,-0.7758288383483887,-0.5728049874305725,-0.2504296898841858,5,0.5858108418503367,1.0,-0.646575122736477,-0.7048289646541686,0,0,0.0276215519298918,0.5259262782592539,19,178,thymio-07
121,1788309174.6045866,2.474079132080078,-0.1499603390693664,0.0954661433461292,87.35814974699616,2.474079132080078,0.0789625495672226,-0.1499603390693664,-0.0852604433894157,-0.7758288383483887,-0.5728049874305725,-0.2504296898841858,5,0.5858108418503367,1.0,-0.646575122736477,-0.7048289646541686,0,0,0.028122216249948,0.5730496653436742,13,186,thymio-07
122,1788309175.213303,2.469276189804077,-0.1293312013149261,0.0986709654604975,87.25814974699617,2.469276189804077,0.0787088125944137,-0.1293312013149261,-0.1726224422454834,-0.8015396595001221,-0.5544129610061646,-0.1426951587200164,5,0.572261420563493,1.0,-0.6241496022773563,-0.7169177064329318,0,0,0.0264078725649327,0.5919368726758815,4,183,thymio-07
123,1788309175.8229115,2.472464084625244,-0.1109615415334701,0.07414210168485,87.15814974699617,2.472464084625244,0.0785401538014411,-0.1109615415334701,-0.2621360123157501,-0.8073270916938782,-0.5283522605895996,-0.018748790025711,5,0.5560846846053626,1.0,-0.6150743174523781,-0.7306873373737988,0,0,0.0165886746507103,0.5832205697633529,-29,147,thymio-07
124,1788309176.431767,2.4910783767700195,-0.0878671407699585,-0.1106198381952991,87.05814974699618,2.4910783767700195,0.0792460814118385,-0.0878671407699585,-0.4062716364860534,-0.7772039771080017,-0.4218896031379699,0.2300146967172622,5,0.5274948642858812,1.0,-0.6245424394427264,-0.7382205479875856,0,0,0.0096327796696945,0.5710280794753899,-52,120,thymio-07
125,1788309177.0402951,2.5025620460510254,-0.0841783583164215,-0.3620191377895843,86.95814974699618,2.5025620460510254,0.0795857310295105,-0.0841783583164215,-0.4640658795833587,-0.7387189865112305,-0.3574653267860412,0.3334003090858459,5,0.5180730154551474,1.0,-0.644452127971875,-0.7332740524591342,0,0,0.0020827526612572,0.5642129518253529,-78,93,thymio-07
126,1788309177.6482944,2.5025620460510254,-0.0841783583164215,-0.3620191377895843,86.85814974699619,2.5025620460510254,0.0795857310295105,-0.0841783583164215,-0.4640658795833587,-0.7387189865112305,-0.3574653267860412,0.3334003090858459,5,0.5180730154551474,1.0,-0.644452127971875,-0.7332740524591342,0,0,0.0022763240144933,0.5467257336039154,-74,91,thymio-07
127,1788309178.2562964,2.5124802589416504,-0.0878562703728675,-0.9653930192794312,86.7581497469962,2.5124802589416504,0.0794390216469764,-0.0878562703728675,-0.5286687612533569,-0.6649518013000488,-0.2661652266979217,0.4555266797542572,5,1.0,1.0,-0.6758878799394394,-0.7260852600816656,0,0,0.0219624259804788,0.627879676316684,-17,173,thymio-07
128,1788309178.8648195,2.51580548286438,-0.1023616567254066,-1.864143048734145,86.6581497469962,2.51580548286438,0.0792900249361991,-0.1023616567254066,-0.5866850018501282,-0.4888886213302612,-0.0980413630604744,0.6381039023399353,5,-0.7529856310439285,-0.7332008821322886,1.0,0.5143828700787063,0,0,0.0172150014421455,0.4385041592698364,-5,127,thymio-07
129,1788309179.473004,2.521539688110352,-0.1217341646552085,-2.107563968533649,86.55814974699621,2.521539688110352,0.0790351405739784,-0.1217341646552085,-0.5840123891830444,-0.2866433560848236,0.0667045935988426,0.7565155029296875,5,-0.7850402946968065,-0.7452138371745474,1.0,0.5244989830797158,0,0,-0.0027517392296621,0.625551508204822,-104,85,thymio-07
130,1788309180.0814612,2.521539688110352,-0.1217341646552085,-2.107563968533649,86.45814974699621,2.521539688110352,0.0790351405739784,-0.1217341646552085,-0.5840123891830444,-0.2866433560848236,0.0667045935988426,0.7565155029296875,5,-0.7850402946968065,-0.7452138371745474,1.0,0.5244989830797158,0,0,-0.0112069007659418,0.6282095696565191,-135,55,thymio-07
131,1788309180.6893456,2.516674518585205,-0.1344393342733383,-2.145081822610694,86.35814974699622,2.516674518585205,0.0783812180161476,-0.1344393342733383,-0.5479815602302551,-0.0756968185305595,0.2155665010213852,0.8046846985816956,5,-0.7798372530442197,-0.7634927510365088,1.0,0.5352200517758363,0,0,-0.0122527121381118,0.6283100871599875,-138,51,thymio-07
132,1788309181.2976556,2.510217666625977,-0.1311240494251251,-2.119785316188671,86.25814974699622,2.510217666625977,0.0785103663802146,-0.1311240494251251,-0.5112312436103821,0.0379859693348407,0.2870596945285797,0.8091949224472046,5,-0.7701622473255816,-0.78185728492857,1.0,0.5344584670144454,0,0,-0.0118466857293574,0.6283090896778486,-137,53,thymio-07
133,1788309181.9064136,2.510217666625977,-0.1311240494251251,-2.119785316188671,86.15814974699623,2.510217666625977,0.0785103663802146,-0.1311240494251251,-0.5112312436103821,0.0379859693348407,0.2870596945285797,0.8091949224472046,5,-0.7701622473255816,-0.78185728492857,1.0,0.5344584670144454,0,0,-0.0118466857293574,0.6282676308348665,-137,53,thymio-07
134,1788309182.5147097,2.501583337783813,-0.1130952313542366,-1.8789836746434208,86.05814974699624,2.501583337783813,0.0786733999848365,-0.1130952313542366,-0.4042241275310516,0.2818919718265533,0.4241853058338165,0.7597410678863525,5,-0.7565646612435062,-0.8141602987501835,1.0,0.527595553752995,0,0,-0.0053537799512131,0.6282739037274744,-114,76,thymio-07
135,1788309183.1225362,2.5030031204223637,-0.0946333110332489,-0.8457194850580816,85.95814974699624,2.5030031204223637,0.0788974687457084,-0.0946333110332489,-0.269701600074768,0.5086768269538879,0.5247675776481628,0.6269991993904114,5,1.0,0.9405676182136936,-0.7427927930871675,-0.8218641139800782,0,0,-0.0038053130900042,0.464776019118173,-84,57,thymio-07
136,1788309183.7302122,2.5150928497314453,-0.0787147134542465,-0.1009080409070728,85.85814974699625,2.5150928497314453,0.0790923982858657,-0.0787147134542465,-0.0779134482145309,0.6686381697654724,0.5787178874015808,0.460367351770401,5,0.519194089909641,0.9602610242926588,-0.7112089439112939,-0.8133662893377266,0,0,-0.0055133758431169,0.5351823870618059,-100,61,thymio-07
137,1788309184.3379986,2.528420925140381,-0.0721077769994735,0.0625240039242522,85.75814974699625,2.528420925140381,0.0788287818431854,-0.0721077769994735,0.1006982773542404,0.7724185585975647,0.5723955631256104,0.2561112642288208,5,0.5166687018185383,0.9739049513172436,-0.7349999140557673,-0.7957641816817688,0,0,-0.0090513994819644,0.5908536555809242,-121,57,thymio-07
138,1788309184.9465587,2.5364973545074463,-0.0723551362752914,0.103504351217905,85.65814974699626,2.5364973545074463,0.078853502869606,-0.0723551362752914,0.1816866844892501,0.8049799203872681,0.5506418943405151,0.1256618350744247,5,0.5135328276024018,1.0,-0.7502017566973346,-0.7813171515234566,0,0,0.0242700657118463,0.563752136807845,1,171,thymio-07
139,1788309185.5550892,2.5364973545074463,-0.0723551362752914,0.103504351217905,85.55814974699626,2.5364973545074463,0.078853502869606,-0.0723551362752914,0.1816866844892501,0.8049799203872681,0.5506418943405151,0.1256618350744247,5,0.5135328276024018,1.0,-0.7502017566973346,-0.7813171515234566,0,0,0.0230582300245193,0.4333792310095548,16,147,thymio-07
140,1788309186.1636004,2.543252229690552,-0.0755680128931999,0.0636936599011734,85.45814974699627,2.543252229690552,0.0794873237609863,-0.0755680128931999,0.2568314373493194,0.8034053444862366,0.5356656312942505,0.0404946953058242,5,0.513550378470151,1.0,-0.7431637192279923,-0.7682056495647336,0,0,0.026179278020356,0.381858703099829,35,151,thymio-07
141,1788309186.7728584,2.560685873031616,-0.0527177900075912,-0.1048260798277866,85.35814974699628,2.560685873031616,0.0795380547642707,-0.0527177900075912,0.4033074378967285,0.7801420092582703,0.4354226291179657,-0.197810098528862,5,0.4774479108462863,1.0,-0.7209436141679446,-0.7512481363479453,0,0,0.0278184713594457,0.4165775434326296,36,162,thymio-07
142,1788309187.3809063,2.578495502471924,-0.0398884192109108,-0.3190456374145589,85.25814974699628,2.578495502471924,0.0797370746731758,-0.0398884192109108,0.4575091898441314,0.7463452219963074,0.3665460646152496,-0.315116286277771,5,0.4534732480122521,1.0,-0.7170101951260908,-0.7202647400764131,0,0,0.0225809651126187,0.4844589817499993,7,153,thymio-07
143,1788309187.9903762,2.578495502471924,-0.0398884192109108,-0.3190456374145589,85.15814974699629,2.578495502471924,0.0797370746731758,-0.0398884192109108,0.4575091898441314,0.7463452219963074,0.3665460646152496,-0.315116286277771,5,0.4534732480122521,1.0,-0.7170101951260908,-0.7202647400764131,0,0,0.0250144859467639,0.5648818113391673,4,174,thymio-07
144,1788309188.5982478,2.597442626953125,-0.0327739976346492,-0.7076946236764998,85.05814974699629,2.597442626953125,0.0795079842209816,-0.0327739976346492,0.5077344179153442,0.6910728216171265,0.3084697723388672,-0.4116680026054382,5,0.4399161441807742,1.0,-0.7424838909454236,-0.6677984844129519,0,0,0.0018831010110687,0.5590809384824678,-78,91,thymio-07
145,1788309189.207019,2.6324541568756104,-0.0422224923968315,-1.812911209796824,84.9581497469963,2.6324541568756104,0.078490987420082,-0.0422224923968315,0.5819596648216248,0.5090810656547546,0.1137208342552185,-0.6238807439804077,5,-0.7978151560702749,-0.5297322643969198,1.0,0.4461903924018606,0,0,-0.0066559296016014,0.6215499303749767,-118,70,thymio-07
146,1788309189.8150296,2.6324541568756104,-0.0422224923968315,-1.812911209796824,84.8581497469963,2.6324541568756104,0.078490987420082,-0.0422224923968315,0.5819596648216248,0.5090810656547546,0.1137208342552185,-0.6238807439804077,5,-0.7978151560702749,-0.5297322643969198,1.0,0.4461903924018606,0,0,-0.01353964804757,0.6277766854066756,-143,47,thymio-07
147,1788309190.417997,10000.0,10000.0,0.0,84.8581497469963,2.6324541568756104,0.078490987420082,-0.0422224923968315,0.5819596648216248,0.5090810656547546,0.1137208342552185,-0.6238807439804077,5,1.0,1.0,-1.0,1.0,0,0,0.03,0.2016564207027832,76,137,thymio-07
148,1788309191.021659,10000.0,10000.0,0.0,84.8581497469963,2.6324541568756104,0.078490987420082,-0.0422224923968315,0.5819596648216248,0.5090810656547546,0.1137208342552185,-0.6238807439804077,5,1.0,1.0,-1.0,1.0,0,0,0.03,0.2515334464475846,69,145,thymio-07
149,1788309191.6247876,10000.0,10000.0,0.0,84.8581497469963,2.6324541568756104,0.078490987420082,-0.0422224923968315,0.5819596648216248,0.5090810656547546,0.1137208342552185,-0.6238807439804077,5,1.0,1.0,-1.0,1.0,0,0,0.03,0.4237955337933843,43,171,thymio-07
150,1788309192.2284002,10000.0,10000.0,0.0,84.8581497469963,2.6324541568756104,0.078490987420082,-0.0422224923968315,0.5819596648216248,0.5090810656547546,0.1137208342552185,-0.6238807439804077,5,1.0,1.0,-1.0,1.0,0,0,0.03,0.6168426225747516,13,200,thymio-07
151,1788309192.8320851,10000.0,10000.0,0.0,84.8581497469963,2.6324541568756104,0.078490987420082,-0.0422224923968315,0.5819596648216248,0.5090810656547546,0.1137208342552185,-0.6238807439804077,5,1.0,1.0,-1.0,1.0,0,0,0.03,0.6278698052869697,12,201,thymio-07
152,1788309193.435005,10000.0,10000.0,0.0,84.8581497469963,2.6324541568756104,0.078490987420082,-0.0422224923968315,0.5819596648216248,0.5090810656547546,0.1137208342552185,-0.6238807439804077,5,1.0,1.0,-1.0,1.0,0,0,-0.0208990148385586,0.6263857831988625,-169,20,thymio-07
153,1788309194.0382974,10000.0,10000.0,0.0,84.8581497469963,2.6324541568756104,0.078490987420082,-0.0422224923968315,0.5819596648216248,0.5090810656547546,0.1137208342552185,-0.6238807439804077,5,1.0,1.0,-1.0,1.0,0,0,-0.03,0.6242886360277738,-201,-12,thymio-07
154,1788309194.6418724,10000.0,10000.0,0.0,84.8581497469963,2.6324541568756104,0.078490987420082,-0.0422224923968315,0.5819596648216248,0.5090810656547546,0.1137208342552185,-0.6238807439804077,5,1.0,1.0,-1.0,1.0,0,0,-0.03,0.6143692331454206,-199,-14,thymio-07
155,1788309195.2454605,10000.0,10000.0,0.0,84.8581497469963,2.6324541568756104,0.078490987420082,-0.0422224923968315,0.5819596648216248,0.5090810656547546,0.1137208342552185,-0.6238807439804077,5,1.0,1.0,-1.0,1.0,0,0,-0.03,0.5484737407590722,-189,-24,thymio-07
156,1788309195.849047,10000.0,10000.0,0.0,84.8581497469963,2.6324541568756104,0.078490987420082,-0.0422224923968315,0.5819596648216248,0.5090810656547546,0.1137208342552185,-0.6238807439804077,5,1.0,1.0,-1.0,1.0,0,0,-0.03,0.4525314021864285,-175,-38,thymio-07
157,1788309196.4519155,10000.0,10000.0,0.0,84.8581497469963,2.6324541568756104,0.078490987420082,-0.0422224923968315,0.5819596648216248,0.5090810656547546,0.1137208342552185,-0.6238807439804077,5,1.0,1.0,-1.0,1.0,0,0,-0.03,0.3655981966499874,-162,-51,thymio-07
158,1788309197.055611,10000.0,10000.0,0.0,84.8581497469963,2.6324541568756104,0.078490987420082,-0.0422224923968315,0.5819596648216248,0.5090810656547546,0.1137208342552185,-0.6238807439804077,5,1.0,1.0,-1.0,1.0,0,0,-0.03,0.3041649956499269,-153,-61,thymio-07
159,1788309197.659146,2.634999990463257,-0.0475607439875602,-1.9547792129510804,84.8581497469963,2.634999990463257,0.0776533558964729,-0.0475607439875602,0.5954285264015198,0.4377426207065582,0.0505823194980621,-0.6717795729637146,5,-0.8061259354727895,-0.5095055492544047,1.0,0.4535907128618899,0,0,-0.0005123608786455,0.2973061844721161,-47,43,thymio-07
160,1788309198.268069,2.661369562149048,-0.1900105327367782,0.0168667752820694,84.75814974699631,2.661369562149048,0.0776216387748718,-0.1900105327367782,-0.3362890779972076,-0.7928624749183655,-0.5008344054222107,0.0862768441438674,5,0.5409758316962416,1.0,-0.883313705448566,-0.281567682157413,0,0,-0.0,0.2601983758868977,-39,39,thymio-07
161,1788309198.876464,2.661369562149048,-0.1900105327367782,0.0168667752820694,84.65814974699632,2.661369562149048,0.0776216387748718,-0.1900105327367782,-0.3362890779972076,-0.7928624749183655,-0.5008344054222107,0.0862768441438674,5,0.5409758316962416,1.0,-0.883313705448566,-0.281567682157413,0,0,-0.0,0.3585510716456032,-54,54,thymio-07
162,1788309199.4852445,2.6657731533050537,-0.1925573796033859,-0.0666852241852899,84.55814974699632,2.6657731533050537,0.0766415148973465,-0.1925573796033859,-0.3875904977321625,-0.7873880863189697,-0.441603809595108,0.186493307352066,5,0.532206791821058,1.0,-0.6878648697753886,-0.2735311120379275,0,0,-0.0648386049169808,0.471159849799791,-302,-159,thymio-07
163,1788309200.0944004,2.66996693611145,-0.1952776312828064,-0.1991243066332537,84.45814974699633,2.66996693611145,0.0764067694544792,-0.1952776312828064,-0.4327588081359863,-0.7607391476631165,-0.3973522186279297,0.2758753001689911,5,0.5384393285344109,1.0,-0.6835351065182236,-0.2536920648916211,0,0,-0.0848806889487488,0.4617262846371034,-371,-232,thymio-07
164,1788309200.7029388,2.628781318664551,-0.242597222328186,-0.7151881718522812,84.26051000010652,2.628781318664551,0.0765987932682037,-0.242597222328186,-0.5064240097999573,-0.6893097162246704,-0.3078338503837585,0.4166834950447082,5,-0.6706799472227772,1.0,1.0,-0.2661915273766754,0,0,0.1022127244550293,0.5567799216542607,279,447,thymio-07
165,1788309201.310952,2.628781318664551,-0.242597222328186,-0.7151881718522812,84.16051000010653,2.628781318664551,0.0765987932682037,-0.242597222328186,-0.5064240097999573,-0.6893097162246704,-0.3078338503837585,0.4166834950447082,5,-0.6706799472227772,1.0,1.0,-0.2661915273766754,0,0,-0.0113356587119408,0.6239762069910689,-135,54,thymio-07
166,1788309201.9195602,2.6005804538726807,-0.2624254822731018,-1.057774515217973,84.02317769328693,2.6005804538726807,0.0772048681974411,-0.2624254822731018,-0.5305062532424927,-0.6517371535301208,-0.2593028843402862,0.4759871661663055,5,-0.6613061993453369,1.0,1.0,-0.2590611852123571,0,0,-0.0360774539315873,0.6278941321621722,-223,-33,thymio-07
167,1788309202.527512,2.642327070236206,-0.2621774971485138,-1.9160932092568967,83.92317769328693,2.642327070236206,0.0762490332126617,-0.2621774971485138,-0.5817756056785583,-0.4799101948738098,-0.1126048192381858,0.6469493508338928,5,1.0,-0.1621327543648895,1.0,-0.6945369099655725,0,0,-0.0293980810969199,0.6283095784401094,-199,-10,thymio-07
168,1788309203.1360967,2.622877359390259,-0.2617726922035217,-2.062964889319972,83.82317769328694,2.622877359390259,0.0766689255833625,-0.2617726922035217,-0.5919477343559265,-0.37887042760849,-0.0223395861685276,0.7110247015953064,5,1.0,-0.180024804995343,1.0,-0.6632614358093303,0,0,-0.0356844514023246,0.6282287645304859,-222,-32,thymio-07
169,1788309203.7443745,2.588707447052002,-0.2466863840818405,-2.152790400034742,83.66498535089995,2.588707447052002,0.0776242017745971,-0.2466863840818405,-0.555126965045929,-0.1715246140956878,0.1452120244503021,0.800828754901886,5,1.0,-0.1542002223344036,1.0,-0.6056031953133161,0,0,-0.0472737577420234,0.6280366117735358,-263,-73,thymio-07
170,1788309204.3527732,2.588707447052002,-0.2466863840818405,-2.152790400034742,83.56498535089996,2.588707447052002,0.0776242017745971,-0.2466863840818405,-0.555126965045929,-0.1715246140956878,0.1452120244503021,0.800828754901886,5,1.0,-0.1542002223344036,1.0,-0.6056031953133161,0,0,-0.1817198105421391,0.6281906858998801,-500,-500,thymio-07
171,1788309204.9612749,2.5660340785980225,-0.1969984918832779,-2.07362274962038,83.43931477530548,2.5660340785980225,0.0768618807196617,-0.1969984918832779,-0.4920439124107361,0.0809120759367942,0.325174480676651,0.8034971356391907,5,1.0,-0.1038916699623577,1.0,-0.5433975430849505,0,0,-0.1949986804012131,0.6281935638810018,-500,-500,thymio-07
172,1788309205.5702696,2.5802977085113525,-0.1121149808168411,-2.056668027345411,83.33931477530548,2.5802977085113525,0.0775763392448425,-0.1121149808168411,-0.484903335571289,0.1055098325014114,0.3411787748336792,0.7983316779136658,5,1.0,-0.0654920273016164,1.0,-0.6518773669149931,0,0,-0.1488783530034752,0.6282061717012002,-500,-434,thymio-07
173,1788309206.1787488,2.5968120098114014,-0.0214963797479867,-2.109256629132725,83.23931477530549,2.5968120098114014,0.0797916501760482,-0.0214963797479867,-0.5057986974716187,0.0977227240800857,0.318667471408844,0.7956563830375671,5,1.0,-0.0217687905875153,1.0,-0.7613802825338305,0,0,-0.0627605834674336,0.6282276269173069,-318,-128,thymio-07
174,1788309206.7882397,2.616455316543579,0.0892736688256263,-1.996149050292411,83.1393147753055,2.616455316543579,0.0801979899406433,0.0892736688256263,-0.4448690116405487,0.1990325152873993,0.3838732540607452,0.7842952609062195,5,1.0,-0.0014623632641085,1.0,-0.8641484882575039,0,1958,-0.0,0.6281732617144399,-95,95,thymio-07
175,1788309207.396098,2.616072416305542,0.0987422317266464,-1.99336136003896,83.0393147753055,2.616072416305542,0.0803602635860443,0.0987422317266464,-0.4461049437522888,0.2003149837255478,0.3857857882976532,0.7823257446289062,5,1.0,-0.0188377546304211,1.0,-0.8640809236685458,0,1915,-0.0,0.6281518848694174,-95,95,thymio-07
176,1788309208.004515,2.616072416305542,0.0987422317266464,-1.99336136003896,82.9393147753055,2.616072416305542,0.0803602635860443,0.0987422317266464,-0.4461049437522888,0.2003149837255478,0.3857857882976532,0.7823257446289062,5,1.0,-0.0188377546304211,1.0,-0.8640809236685458,0,2380,0.08,0.6281561778345925,189,379,thymio-07
177,1788309208.6123266,2.615379095077514,0.0992670878767967,-2.0241452880978352,82.83931477530551,2.615379095077514,0.0801783949136734,0.0992670878767967,-0.4550843238830566,0.189490333199501,0.3735752701759338,0.7857691645622253,5,1.0,-0.0349284592372264,1.0,-0.8601487544164379,0,0,-0.0,0.6281587529456516,-95,95,thymio-07
178,1788309209.221087,2.581054449081421,0.0594444274902343,-1.8033099372155483,82.67850795217487,2.581054449081421,0.0810905918478965,0.0594444274902343,-0.3962873220443725,0.3052828907966614,0.445617526769638,0.7424175143241882,5,1.0,-0.0510844268808927,1.0,-0.7960164494863231,0,0,-0.0348227640729563,0.6279449343088706,-219,-29,thymio-07
179,1788309209.8297024,2.581054449081421,0.0594444274902343,-1.8033099372155483,82.57850795217487,2.581054449081421,0.0810905918478965,0.0594444274902343,-0.3962873220443725,0.3052828907966614,0.445617526769638,0.7424175143241882,5,1.0,-0.0510844268808927,1.0,-0.7960164494863231,0,0,-0.0344029078734209,0.6281240876941313,-217,-27,thymio-07
180,1788309210.4379258,2.5799899101257324,0.0702492520213127,-1.0770786341555834,82.47850795217488,2.5799899101257324,0.0809832438826561,0.0702492520213127,-0.2716097831726074,0.4701012074947357,0.5168567895889282,0.6618853807449341,5,-0.8049978703881773,-0.014260203316415,1.0,0.2918586213819321,0,0,0.0051245669570407,0.6249734362880887,-76,113,thymio-07
181,1788309211.046646,2.619285345077514,0.0892206951975822,-0.1453766891733261,82.37850795217489,2.619285345077514,0.0800955295562744,0.0892206951975822,-0.0951533168554306,0.6517066359519958,0.578819215297699,0.4808249771595001,5,-0.8267300070285046,1.0,1.0,0.1369301511240135,0,0,0.0034661427152893,0.6135913048134106,-80,105,thymio-07
182,1788309211.6547167,2.626192092895508,0.0977256149053573,0.0273485058323501,82.27850795217489,2.626192092895508,0.0801096484065055,0.0977256149053573,0.0193915497511625,0.7316721677780151,0.5861909985542297,0.3473615348339081,5,-0.823006258859976,1.0,1.0,0.2307123719057591,0,0,-0.0035757419691448,0.6161091238171383,-106,80,thymio-07
183,1788309212.2633932,2.6338002681732178,0.1046729534864425,0.0829334181630576,82.1785079521749,2.6338002681732178,0.0797664076089859,0.1046729534864425,0.1567016094923019,0.7881817817687988,0.5685387849807739,0.1760048121213913,5,-0.8190416044701936,1.0,1.0,0.2700696729645695,1930,0,-0.004372637501491,0.4747770078568125,-87,56,thymio-07
184,1788309212.871841,2.647745132446289,0.1014645248651504,0.0364583565077665,82.0785079521749,2.647745132446289,0.0800164639949798,0.1014645248651504,0.317558228969574,0.7998803853988647,0.5054080486297607,-0.0625383779406547,5,-0.8132021313174556,1.0,1.0,0.4186696777108609,1825,0,-0.0055463716051914,0.4121120504027459,-82,43,thymio-07
185,1788309213.4804928,2.647745132446289,0.1014645248651504,0.0364583565077665,81.97850795217491,2.647745132446289,0.0800164639949798,0.1014645248651504,0.317558228969574,0.7998803853988647,0.5054080486297607,-0.0625383779406547,5,-0.8132021313174556,1.0,1.0,0.4186696777108609,1825,0,-0.0055463716051914,0.4006007010473009,-80,41,thymio-07
186,1788309214.088839,2.65283727645874,0.097450166940689,-0.0221338321913409,81.87850795217491,2.65283727645874,0.0802077576518058,0.097450166940689,0.36990487575531,0.7848111987113953,0.4736669361591339,-0.1512660831212997,5,-0.8081989105166412,1.0,1.0,0.4325945394953812,1682,0,-0.0065520189861551,0.3949610425901897,-83,36,thymio-07
187,1788309214.697609,2.6581528186798096,0.0864094421267509,-0.3049777920943044,81.77850795217492,2.6581528186798096,0.0802188962697982,0.0864094421267509,0.4581597149372101,0.7385665774345398,0.3802776634693146,-0.3162248134613037,5,-0.8065705162129492,1.0,1.0,0.4390655526021809,1930,0,-0.0068793262411972,0.4239612459995153,-88,40,thymio-07
188,1788309215.3059702,2.6574206352233887,0.0755945444107055,-0.8296536135487491,81.67850795217493,2.6574206352233887,0.0797139182686805,0.0755945444107055,0.5172609686851501,0.6753109693527222,0.2948639988899231,-0.4352601766586303,5,-0.808492271040675,1.0,1.0,0.2951587519849157,1871,0,-0.0064930535208243,0.4468698501303105,-91,44,thymio-07
189,1788309215.9142728,2.65563702583313,0.0687216371297836,-1.2863837230845696,81.57850795217493,2.65563702583313,0.0794113054871559,0.0687216371297836,0.5460686087608337,0.6220024824142456,0.2302483171224594,-0.5117692351341248,5,1.0,0.4742440693791059,1.0,-0.81025674083322,0,0,-0.0061383950925227,0.5184737147217059,-100,56,thymio-07
190,1788309216.522684,2.6501176357269287,0.0594504736363887,-1.8070619790644376,81.47850795217494,2.6501176357269287,0.0792339220643043,0.0594504736363887,0.5761551260948181,0.5164177417755127,0.1313822567462921,-0.6197554469108582,5,1.0,0.4484342268016525,1.0,-0.8073263765144874,0,0,0.0164287036141748,0.5470789335859333,-24,141,thymio-07
191,1788309217.1313698,2.6501176357269287,0.0594504736363887,-1.8070619790644376,81.37850795217494,2.6501176357269287,0.0792339220643043,0.0594504736363887,0.5761551260948181,0.5164177417755127,0.1313822567462921,-0.6197554469108582,5,1.0,0.4484342268016525,1.0,-0.8073263765144874,0,0,0.005259621376897,0.6214682333198724,-75,113,thymio-07
192,1788309217.740905,2.6457719802856445,0.0491355024278163,-2.061694299700135,81.27850795217495,2.6457719802856445,0.0795090273022651,0.0491355024278163,0.5947913527488708,0.367089569568634,0.0054691452533006,-0.715149462223053,5,1.0,0.3995287654074435,0.940748965310731,-0.7932766481346436,0,0,-0.0168977445455723,0.6280607976085767,-155,35,thymio-07
193,1788309218.3490255,2.641687154769897,0.0346882529556751,-2.158209465552976,81.17850795217495,2.641687154769897,0.0792977884411811,0.0346882529556751,0.5649619102478027,0.1349161118268966,-0.1684376001358032,-0.7963947057723999,5,1.0,0.4691708673286503,0.9245518491113188,-0.7698144345955591,0,0,-0.0353101117497594,0.6276858123755286,-220,-31,thymio-07
194,1788309218.956771,2.62622594833374,0.060584794729948,-2.009424658478837,81.07850795217496,2.62622594833374,0.0784496888518333,0.060584794729948,0.4654278755187988,-0.126340851187706,-0.3646110594272613,-0.7965386509895325,5,1.0,0.4398824230811504,0.8788283848613558,-0.7925450112900684,0,0,-0.0317167812536351,0.6256421131912558,-207,-18,thymio-07
195,1788309219.5645905,2.62622594833374,0.060584794729948,-2.009424658478837,80.97850795217497,2.62622594833374,0.0784496888518333,0.060584794729948,0.4654278755187988,-0.126340851187706,-0.3646110594272613,-0.7965386509895325,5,1.0,0.4398824230811504,0.8788283848613558,-0.7925450112900684,0,0,-0.0359192422898284,0.6258306874267547,-222,-33,thymio-07
196,1788309220.1728563,2.6287903785705566,0.0936637222766876,-1.7772819618557292,80.87850795217497,2.6287903785705566,0.0809067040681839,0.0936637222766876,0.3893502354621887,-0.3204239010810852,-0.4499557614326477,-0.7370717525482178,5,1.0,0.4293590293906113,0.8365236004395709,-0.8112957645039152,0,0,-0.0222544726221558,0.6216117878054255,-173,15,thymio-07
197,1788309220.7814174,2.6287903785705566,0.0936637222766876,-1.7772819618557292,80.77850795217498,2.6287903785705566,0.0809067040681839,0.0936637222766876,0.3893502354621887,-0.3204239010810852,-0.4499557614326477,-0.7370717525482178,5,1.0,0.4293590293906113,0.8365236004395709,-0.8112957645039152,0,0,-0.0222063131690799,0.6221991954647816,-173,15,thymio-07
