tick,timestamp,x,y,heading,battery,raw_x,raw_y,raw_z,qx,qy,qz,qw,n_agents_seen,front_d,back_d,right_d,left_d,ir_front_max,ir_rear_max,v,w,left,right,hostname
1,1788224670.4405727,1.335836410522461,-1.5347952842712402,-0.1370627063736695,100.0,1.335836410522461,0.0805233791470527,-1.5347952842712402,-0.4881229400634765,-0.6999733448028564,-0.3979021310806274,0.3368192613124847,5,0.9491352301452972,1.0,1.0,1.0,0,0,-0.0660818103736069,-0.6127702494538014,-142,-327,thymio-08
2,1788224671.0442114,3.11309027671814,-0.1611754447221756,2.446427612109118,100.0,3.11309027671814,0.0754712298512458,-0.1611754447221756,0.3798319697380066,0.361266553401947,-0.5962299704551697,0.6080493927001953,5,-0.7085086222874208,-0.9781837835513776,-0.6731251628289845,1.0,0,0,0.0,-0.1962702546575148,30,-30,thymio-08
3,1788224671.6519957,3.11309027671814,-0.1611754447221756,2.446427612109118,99.9,3.11309027671814,0.0754712298512458,-0.1611754447221756,0.3798319697380066,0.361266553401947,-0.5962299704551697,0.6080493927001953,5,-0.7085086222874208,-0.9781837835513776,-0.6731251628289845,1.0,0,0,0.0,0.3908305219567677,-59,59,thymio-08
4,1788224672.2551186,2.6742076873779297,-0.6015478372573853,-1.758791298708303,99.9,2.6742076873779297,0.0804728046059608,-0.6015478372573853,-0.6084981560707092,-0.4467471539974212,-0.1457831710577011,0.6394484043121338,5,-0.6360073048854187,1.0,1.0,-0.7043722288280456,0,0,-0.0274211820055628,0.0376691109047312,-103,-92,thymio-08
5,1788224672.8635132,2.671323776245117,-0.6040465235710144,-1.6628154135644402,99.8,2.671323776245117,0.0800763964653015,-0.6040465235710144,-0.6199648380279541,-0.4649719893932342,-0.1261467039585113,0.6192992925643921,5,-0.5729867883066628,1.0,1.0,-0.7473335645978707,0,0,-0.0187859535158279,0.5285660983124005,-147,13,thymio-08
6,1788224673.4716125,2.6637661457061768,-0.6174083948135376,-1.6858878125251475,99.70000000000002,2.6637661457061768,0.0801741033792495,-0.6174083948135376,-0.6265584826469421,-0.4449948668479919,-0.0942094027996063,0.6328733563423157,5,-0.5370398279302124,1.0,1.0,-0.7407524337670895,0,0,-0.0201087608128149,0.6051475135018022,-163,20,thymio-08
7,1788224674.0802362,2.6637661457061768,-0.6174083948135376,-1.6858878125251475,99.60000000000002,2.6637661457061768,0.0801741033792495,-0.6174083948135376,-0.6265584826469421,-0.4449948668479919,-0.0942094027996063,0.6328733563423157,5,-0.5370398279302124,1.0,1.0,-0.7407524337670895,0,0,-0.0201087608128149,0.5682247919006644,-157,14,thymio-08
8,1788224674.688605,2.6624138355255127,-0.6344340443611145,-1.9773116426693127,99.50000000000004,2.6624138355255127,0.079591117799282,-0.6344340443611145,-0.6226062774658203,-0.2414336651563644,0.0150235313922166,0.7442079782485962,5,1.0,1.0,1.0,-0.7328960517605505,0,0,0.0300382122203783,0.6268651844802797,12,201,thymio-08
9,1788224675.2978272,2.659653663635254,-0.6464512944221497,-1.9661685855506987,99.40000000000003,2.659653663635254,0.0800366774201393,-0.6464512944221497,-0.6029330492019653,-0.089297354221344,0.1582247018814087,0.7768287062644958,5,1.0,1.0,1.0,-0.7285930276549742,0,0,-0.0765911677161366,0.6283124387777191,-367,-177,thymio-08
10,1788224675.906287,2.659653663635254,-0.6464512944221497,-1.9661685855506987,99.30000000000004,2.659653663635254,0.0800366774201393,-0.6464512944221497,-0.6029330492019653,-0.089297354221344,0.1582247018814087,0.7768287062644958,5,1.0,1.0,1.0,-0.7285930276549742,0,0,-0.0894785600461935,0.6282201376094707,-413,-223,thymio-08
11,1788224676.5144804,2.674590349197388,-0.6699185967445374,-1.861414262045982,99.20000000000005,2.674590349197388,0.0789302513003349,-0.6699185967445374,-0.5202876329421997,0.1692380309104919,0.3475179374217987,0.7615055441856384,5,1.0,1.0,1.0,-0.7176944287603931,0,1673,-0.0987829416541926,0.6267567911942539,-446,-256,thymio-08
12,1788224677.1230035,2.609822988510132,-0.6072026491165161,-1.453368567276914,98.85963496427378,2.609822988510132,0.0807131975889206,-0.6072026491165161,-0.4070793092250824,0.3875979781150818,0.4646754562854767,0.6842010617256165,5,-0.429302127610948,1.0,1.0,-0.816768003623138,0,3834,0.08,0.5837287274824045,196,372,thymio-08
13,1788224677.7314577,2.5949411392211914,-0.590363621711731,-1.5959478805431937,98.7596349642738,2.5949411392211914,0.0801951065659523,-0.590363621711731,-0.4314511716365814,0.3227622210979461,0.4439467787742615,0.7159509062767029,5,-0.4201525595230225,1.0,1.0,-0.8516321090602221,0,0,-0.0,0.6281703083017288,-95,95,thymio-08
14,1788224678.3399365,2.5949411392211914,-0.590363621711731,-1.5959478805431937,98.6596349642738,2.5949411392211914,0.0801951065659523,-0.590363621711731,-0.4314511716365814,0.3227622210979461,0.4439467787742615,0.7159509062767029,5,-0.4201525595230225,1.0,1.0,-0.8516321090602221,0,0,-0.0,0.6283069281570529,-95,95,thymio-08
15,1788224678.9486911,2.604236364364624,-0.6522331237792969,-0.6507052892457357,98.5596349642738,2.604236364364624,0.0788579806685447,-0.6522331237792969,-0.339430958032608,0.5113921165466309,0.5026266574859619,0.6087948083877563,5,-0.7441270475791951,1.0,1.0,1.0,0,0,-0.0512418595014683,0.6283156071431341,-277,-87,thymio-08
16,1788224679.5564408,2.583700895309448,-0.6637986898422241,0.296986278839511,98.44978580191002,2.583700895309448,0.0802912637591362,-0.6637986898422241,-0.1362883001565933,0.6581244468688965,0.6037980318069458,0.4286323189735412,5,-0.7368436639349634,1.0,-0.3953012574617989,1.0,0,0,-0.0453614369133797,0.6212513204892863,-255,-67,thymio-08
17,1788224680.164235,2.601262331008911,-0.6316068768501282,0.390159348461867,98.34978580191004,2.601262331008911,0.0801283940672874,-0.6316068768501282,0.035516157746315,0.735215961933136,0.6217547059059143,0.2676139771938324,5,-0.7869649425934913,1.0,-0.449134214247501,1.0,0,0,-0.0108200465387082,0.614892952094517,-131,54,thymio-08
18,1788224680.7721984,2.601262331008911,-0.6316068768501282,0.390159348461867,98.24978580191004,2.601262331008911,0.0801283940672874,-0.6316068768501282,0.035516157746315,0.735215961933136,0.6217547059059143,0.2676139771938324,5,-0.7869649425934913,1.0,-0.449134214247501,1.0,0,0,-0.0108200465387082,0.557129867915565,-123,46,thymio-08
19,1788224681.3802109,2.613890647888184,-0.6163498759269714,0.4516830952492476,98.14978580191004,2.613890647888184,0.0799630507826805,-0.6163498759269714,0.1344653069972992,0.782426655292511,0.596015989780426,0.1203847080469131,5,-0.8117439136713931,1.0,-0.4946438916290924,1.0,0,0,-0.0058394733520499,0.2966196995934745,-66,24,thymio-08
20,1788224681.9882824,2.6153786182403564,-0.5983495116233826,0.3067159454082531,98.04978580191003,2.6153786182403564,0.079156145453453,-0.5983495116233826,0.3391899764537811,0.7725751399993896,0.5267853140830994,-0.102835476398468,5,-0.7855149014470304,1.0,-0.5461661247730527,1.0,0,0,-0.0111115048091468,0.0708228127620015,-50,-29,thymio-08
21,1788224682.5968158,2.6153786182403564,-0.5983495116233826,0.3067159454082531,97.94978580191004,2.6153786182403564,0.079156145453453,-0.5983495116233826,0.3391899764537811,0.7725751399993896,0.5267853140830994,-0.102835476398468,5,-0.7855149014470304,1.0,-0.5461661247730527,1.0,0,0,-0.0111115048091468,0.1030247337951433,-55,-24,thymio-08
22,1788224683.2049763,2.617840528488159,-0.5942133665084839,0.2570865904301782,97.84978580191006,2.617840528488159,0.0796359628438949,-0.5942133665084839,0.3839041292667389,0.7569074630737305,0.4937778413295746,-0.1894520968198776,5,-0.7428153993213922,1.0,-0.5024101267071194,1.0,0,0,-0.0196941047364001,0.0520174930627161,-78,-62,thymio-08
23,1788224683.8131008,2.628960371017456,-0.6021906733512878,0.2097920089352936,97.74978580191006,2.628960371017456,0.0797837898135185,-0.6021906733512878,0.4071663320064544,0.7455409169197083,0.4699280261993408,-0.2398999780416488,5,-0.7105535653940459,1.0,-0.3828469047368668,1.0,0,0,-0.0261787333557967,0.0398576367465697,-99,-87,thymio-08
24,1788224684.4207602,2.640200614929199,-0.6153669953346252,0.224888119603587,97.64978580191008,2.640200614929199,0.079356275498867,-0.6153669953346252,0.4043805599212646,0.7432370781898499,0.4666269719600677,-0.2575545012950897,5,-0.6746490168795636,1.0,-0.3750964957800041,1.0,0,0,-0.0333955476072077,0.0444145251772813,-125,-112,thymio-08
25,1788224685.0287476,2.640200614929199,-0.6153669953346252,0.224888119603587,97.54978580191008,2.640200614929199,0.079356275498867,-0.6153669953346252,0.4043805599212646,0.7432370781898499,0.4666269719600677,-0.2575545012950897,5,-0.6746490168795636,1.0,-0.3750964957800041,1.0,0,0,-0.0333955476072077,0.0384285638111063,-124,-113,thymio-08
26,1788224685.6317475,10000.0,10000.0,0.0,97.54978580191008,2.640200614929199,0.079356275498867,-0.6153669953346252,0.4043805599212646,0.7432370781898499,0.4666269719600677,-0.2575545012950897,5,1.0,1.0,-1.0,1.0,0,0,-0.03,0.1947931700342644,-136,-77,thymio-08
27,1788224686.2354753,10000.0,10000.0,0.0,97.54978580191008,2.640200614929199,0.079356275498867,-0.6153669953346252,0.4043805599212646,0.7432370781898499,0.4666269719600677,-0.2575545012950897,5,1.0,1.0,-1.0,1.0,0,0,-0.03,0.3083024658970746,-153,-60,thymio-08
28,1788224686.8387337,10000.0,10000.0,0.0,97.54978580191008,2.640200614929199,0.079356275498867,-0.6153669953346252,0.4043805599212646,0.7432370781898499,0.4666269719600677,-0.2575545012950897,5,1.0,1.0,-1.0,1.0,0,0,-0.03,0.404225840371083,-168,-46,thymio-08
29,1788224687.4422576,10000.0,10000.0,0.0,97.54978580191008,2.640200614929199,0.079356275498867,-0.6153669953346252,0.4043805599212646,0.7432370781898499,0.4666269719600677,-0.2575545012950897,5,1.0,1.0,-1.0,1.0,0,0,0.03,0.369067931133439,51,162,thymio-08
30,1788224688.045341,2.720556735992432,-0.7038055658340454,-0.2420670840945789,97.54978580191008,2.720556735992432,0.0785827115178108,-0.7038055658340454,0.4934969246387481,0.6775640845298767,0.3821575939655304,-0.3890030682086944,5,-0.4473330889985789,1.0,-0.4678659174177986,-0.6474142138793841,0,0,0.0212731302183288,0.1229472423532967,57,94,thymio-08
31,1788224688.6542318,2.720556735992432,-0.7038055658340454,-0.2420670840945789,97.44978580191008,2.720556735992432,0.0785827115178108,-0.7038055658340454,0.4934969246387481,0.6775640845298767,0.3821575939655304,-0.3890030682086944,5,-0.4473330889985789,1.0,-0.4678659174177986,-0.6474142138793841,0,0,0.0140615692231356,0.354601183813329,-4,104,thymio-08
32,1788224689.2573316,10000.0,10000.0,0.0,97.44978580191008,2.720556735992432,0.0785827115178108,-0.7038055658340454,0.4934969246387481,0.6775640845298767,0.3821575939655304,-0.3890030682086944,5,1.0,1.0,-1.0,1.0,0,0,0.03,0.6018438468751486,16,197,thymio-08
33,1788224689.860149,10000.0,10000.0,0.0,97.44978580191008,2.720556735992432,0.0785827115178108,-0.7038055658340454,0.4934969246387481,0.6775640845298767,0.3821575939655304,-0.3890030682086944,5,1.0,1.0,-1.0,1.0,0,0,0.03,0.6071743383444259,15,198,thymio-08
34,1788224690.4639606,10000.0,10000.0,0.0,97.44978580191008,2.720556735992432,0.0785827115178108,-0.7038055658340454,0.4934969246387481,0.6775640845298767,0.3821575939655304,-0.3890030682086944,5,1.0,1.0,-1.0,1.0,0,0,0.03,0.6087032913798857,15,199,thymio-08
35,1788224691.0671165,10000.0,10000.0,0.0,97.44978580191008,2.720556735992432,0.0785827115178108,-0.7038055658340454,0.4934969246387481,0.6775640845298767,0.3821575939655304,-0.3890030682086944,5,1.0,1.0,-1.0,1.0,0,0,0.03,0.5955160375444525,17,197,thymio-08
36,1788224691.6700516,10000.0,10000.0,0.0,97.44978580191008,2.720556735992432,0.0785827115178108,-0.7038055658340454,0.4934969246387481,0.6775640845298767,0.3821575939655304,-0.3890030682086944,5,1.0,1.0,-1.0,1.0,0,0,0.03,0.5872131172146319,18,195,thymio-08
37,1788224692.2730284,10000.0,10000.0,0.0,97.44978580191008,2.720556735992432,0.0785827115178108,-0.7038055658340454,0.4934969246387481,0.6775640845298767,0.3821575939655304,-0.3890030682086944,5,1.0,1.0,-1.0,1.0,0,0,0.03,0.5737698513529487,20,193,thymio-08
38,1788224692.876737,10000.0,10000.0,0.0,97.44978580191008,2.720556735992432,0.0785827115178108,-0.7038055658340454,0.4934969246387481,0.6775640845298767,0.3821575939655304,-0.3890030682086944,5,1.0,1.0,-1.0,1.0,0,0,0.03,0.5324307318966783,26,187,thymio-08
39,1788224693.4799557,2.749334812164306,-0.6425632834434509,-1.7988604011691565,97.44978580191008,2.749334812164306,0.0798664167523384,-0.6425632834434509,0.5988699197769165,0.4455819427967071,0.1652846485376358,-0.6445870995521545,5,-0.6017180188350224,1.0,1.0,-0.763260353557111,0,0,0.0480822365542099,0.4993765426616266,95,246,thymio-08
40,1788224694.0895574,2.898542881011963,-0.7013145685195923,-1.424329316240696,97.34978580191007,2.898542881011963,0.077310025691986,-0.7013145685195923,0.400267481803894,-0.3722065389156341,-0.4710910618305206,-0.6923304796218872,5,1.0,1.0,-0.6649867484830145,-0.6374432123664684,0,0,0.1231336940714317,0.577158524274034,350,500,thymio-08
41,1788224694.6980956,2.887903213500977,-0.7675268054008484,-0.1978173397793297,97.23629994844616,2.887903213500977,0.0775031670928001,-0.7675268054008484,0.2631700932979584,-0.5434703230857849,-0.56034255027771,-0.5669196248054504,5,-0.575728604459039,1.0,-0.613335966898289,1.0,0,0,0.1380459912963815,0.3370054255929728,440,500,thymio-08
42,1788224695.3059866,2.887903213500977,-0.7675268054008484,-0.1978173397793297,97.13629994844617,2.887903213500977,0.0775031670928001,-0.7675268054008484,0.2631700932979584,-0.5434703230857849,-0.56034255027771,-0.5669196248054504,5,-0.575728604459039,1.0,-0.613335966898289,1.0,0,0,0.1639985098209241,0.4544394887011193,500,500,thymio-08
43,1788224695.9144974,2.8500454425811768,-0.8641354441642761,0.1708331342482254,96.8511823414848,2.8500454425811768,0.077304221689701,-0.8641354441642761,0.1905887573957443,-0.618829607963562,-0.5841999650001526,-0.4893222451210022,5,-0.488132462613049,1.0,-0.4895340581971629,1.0,0,0,0.1941227068471622,0.3614463480822861,500,500,thymio-08
44,1788224696.522256,2.753866672515869,-1.0305105447769165,0.2112717118434526,96.23151139929548,2.753866672515869,0.0774857252836227,-1.0305105447769165,0.1571628004312515,-0.6318331956863403,-0.6012186408042908,-0.4632741212844848,5,-0.3262416832459495,1.0,-0.2338373889714153,1.0,0,0,0.1984882642078516,0.2957507972519029,500,500,thymio-08
45,1788224697.130091,2.753866672515869,-1.0305105447769165,0.2112717118434526,96.13151139929548,2.753866672515869,0.0774857252836227,-1.0305105447769165,0.1571628004312515,-0.6318331956863403,-0.6012186408042908,-0.4632741212844848,5,-0.3262416832459495,1.0,-0.2338373889714153,1.0,0,0,0.199016687828346,0.133258257180707,500,500,thymio-08
46,1788224697.738366,2.720774412155152,-1.0843459367752075,0.237733145163582,95.8834746971418,2.720774412155152,0.0771265253424644,-1.0843459367752075,0.1500619798898697,-0.6400488018989563,-0.6021348237991333,-0.4530481696128845,5,-0.2696145305977846,1.0,1.0,1.0,0,0,0.1999179561269666,-0.002506744520152,500,500,thymio-08
47,1788224698.3419511,2.6044251918792725,-1.2579416036605835,0.2793390853853563,95.8834746971418,2.6044251918792725,0.0764070078730583,-1.2579416036605835,0.1393011808395385,-0.658406674861908,-0.5946378111839294,-0.4398884177207947,5,-0.0778404625194292,1.0,-0.0326442003075019,1.0,0,0,0.1754392692979612,-0.0185074123150883,500,500,thymio-08
48,1788224698.949743,2.6044251918792725,-1.2579416036605835,0.2793390853853563,95.7834746971418,2.6044251918792725,0.0764070078730583,-1.2579416036605835,0.1393011808395385,-0.658406674861908,-0.5946378111839294,-0.4398884177207947,5,-0.0778404625194292,1.0,-0.0326442003075019,1.0,0,0,0.1766624711648018,0.1742587164793985,500,500,thymio-08
49,1788224699.5577495,2.547049045562744,-1.337360382080078,0.1818692699903352,95.3989950308233,2.547049045562744,0.0762145817279815,-1.337360382080078,0.1001991555094719,-0.646645188331604,-0.6063737273216248,-0.4517976641654968,5,0.0134904784491391,1.0,0.0448239657221509,1.0,0,0,0.1446464298485082,-0.0856002955905582,500,500,thymio-08
50,1788224700.1662753,2.4505984783172607,-1.4525991678237915,0.3327902024706612,94.81382521867812,2.4505984783172607,0.0749668106436729,-1.4525991678237915,-0.1160663738846778,0.6741676330566406,0.6059340238571167,0.4060426652431488,5,0.1872256107010987,1.0,0.15012128972484,1.0,0,0,0.0988467598998395,-0.0947203179286667,366,337,thymio-08
51,1788224700.7747474,2.4505984783172607,-1.4525991678237915,0.3327902024706612,94.71382521867814,2.4505984783172607,0.0749668106436729,-1.4525991678237915,-0.1160663738846778,0.6741676330566406,0.6059340238571167,0.4060426652431488,5,0.1872256107010987,1.0,0.15012128972484,1.0,0,0,0.0988147043052813,-0.2642975754436557,391,311,thymio-08
52,1788224701.378217,10000.0,10000.0,0.0,94.71382521867814,2.4505984783172607,0.0749668106436729,-1.4525991678237915,-0.1160663738846778,0.6741676330566406,0.6059340238571167,0.4060426652431488,5,1.0,1.0,1.0,1.0,0,0,0.03,-0.4574183678485459,176,38,thymio-08
53,1788224701.9818504,3.5403735637664795,-0.7674168348312378,0.3897241737297103,94.71382521867814,3.5403735637664795,0.0784067511558532,-0.7674168348312378,-0.0730917453765869,0.6485089659690857,0.6841621398925781,0.3256008625030517,5,-0.2617650171483151,1.0,-0.940245802427916,1.0,0,0,0.0,-0.4119515018473106,62,-62,thymio-08
54,1788224702.5895703,3.5403735637664795,-0.7674168348312378,0.3897241737297103,94.61382521867814,3.5403735637664795,0.0784067511558532,-0.7674168348312378,-0.0730917453765869,0.6485089659690857,0.6841621398925781,0.3256008625030517,5,-0.2617650171483151,1.0,-0.940245802427916,1.0,0,0,0.0,-0.3243232840277868,49,-49,thymio-08
55,1788224703.192619,10000.0,10000.0,0.0,94.61382521867814,3.5403735637664795,0.0784067511558532,-0.7674168348312378,-0.0730917453765869,0.6485089659690857,0.6841621398925781,0.3256008625030517,5,1.0,1.0,1.0,1.0,0,0,0.03,-0.4643066810538819,177,36,thymio-08
56,1788224703.7958086,2.3101580142974854,-1.648098707199097,1.9192476567885537,94.61382521867814,2.3101580142974854,0.0764225572347641,-1.648098707199097,-0.4219170808792114,0.6467337608337402,-0.3535568118095398,-0.5279384851455688,5,1.0,0.4180200027228244,0.4885318117294863,1.0,0,0,0.0206012490206913,-0.457015158659016,142,4,thymio-08
57,1788224704.4041064,2.3197412490844727,-1.6464489698410034,1.018010219935305,94.51382521867816,2.3197412490844727,0.0838454887270927,-1.6464489698410034,-0.1746467053890228,0.7995278239250183,-0.190424382686615,-0.5422106981277466,5,1.0,1.0,0.4032497181231427,1.0,0,0,0.0206883459839879,-0.4510530719071735,142,5,thymio-08
58,1788224705.011904,2.3197412490844727,-1.6464489698410034,1.018010219935305,94.41382521867816,2.3197412490844727,0.0838454887270927,-1.6464489698410034,-0.1746467053890228,0.7995278239250183,-0.190424382686615,-0.5422106981277466,5,1.0,1.0,0.4032497181231427,1.0,0,0,0.0212376739222111,-0.5584635705509308,160,-9,thymio-08
59,1788224705.6154978,2.557554006576538,-0.1843299865722656,-0.7116116133064558,94.41382521867816,2.557554006576538,0.081480823457241,-0.1843299865722656,0.6005623936653137,0.6476451754570007,0.3055204153060913,-0.3557217121124267,5,1.0,1.0,-0.9719677505519222,1.0,0,0,0.0,-0.4581605255490844,69,-69,thymio-08
60,1788224706.2238855,2.559927225112915,-0.190975934267044,-0.4497266112388391,94.31382521867816,2.559927225112915,0.0801969096064567,-0.190975934267044,0.5590411424636841,0.6834369897842407,0.3454982340335846,-0.3178332149982452,5,1.0,-0.974507868863219,-0.7516301501084098,1.0,0,0,0.0,-0.5848184121216009,88,-88,thymio-08
61,1788224706.8316922,2.559927225112915,-0.190975934267044,-0.4497266112388391,94.21382521867817,2.559927225112915,0.0801969096064567,-0.190975934267044,0.5590411424636841,0.6834369897842407,0.3454982340335846,-0.3178332149982452,5,1.0,-0.974507868863219,-0.7516301501084098,1.0,0,0,0.0,-0.4304166677931371,65,-65,thymio-08
62,1788224707.434542,10000.0,10000.0,0.0,94.21382521867817,2.559927225112915,0.0801969096064567,-0.190975934267044,0.5590411424636841,0.6834369897842407,0.3454982340335846,-0.3178332149982452,5,1.0,1.0,1.0,1.0,0,0,0.03,-0.6040573178523655,198,15,thymio-08
63,1788224708.0377512,2.5442254543304443,-0.2396764457225799,2.407546066178893,94.21382521867817,2.5442254543304443,0.0783520564436912,-0.2396764457225799,0.3481146693229675,0.36292165517807,-0.6021344065666199,0.6201114058494568,5,1.0,-0.9827997092703934,1.0,-0.5825626171490494,0,0,0.0,-0.6010668122052097,91,-91,thymio-08
64,1788224708.6412983,2.31282377243042,-1.6260122060775757,-1.429898691077197,94.21382521867817,2.31282377243042,0.0735725536942482,-1.6260122060775757,-0.5916021466255188,-0.5408751368522644,-0.2370545119047165,0.5488771200180054,5,1.0,1.0,1.0,0.3983684416893687,0,0,0.0266621019895621,-0.5296472365104549,175,15,thymio-08
65,1788224709.249656,2.31282377243042,-1.6260122060775757,-1.429898691077197,94.11382521867816,2.31282377243042,0.0735725536942482,-1.6260122060775757,-0.5916021466255188,-0.5408751368522644,-0.2370545119047165,0.5488771200180054,5,1.0,1.0,1.0,0.3983684416893687,0,0,0.0224663228878086,-0.5010291824177869,155,4,thymio-08
66,1788224709.8579412,2.2697057723999023,-1.6280567646026611,-3.0577806831630374,93.8807990955915,2.2697057723999023,0.0655029416084289,-1.6280567646026611,-0.752091646194458,0.3932262361049652,-0.4097992181777954,-0.3343591094017029,5,1.0,0.404120895688151,1.0,1.0,0,0,0.0094025702586081,-0.3411847877392209,85,-18,thymio-08
67,1788224710.4662433,2.294987440109253,-1.628068447113037,-0.100770957266806,93.7807990955915,2.294987440109253,0.0708208903670311,-1.628068447113037,-0.4801652729511261,-0.7199840545654297,-0.3920708894729614,0.3120013177394867,5,0.3724459708758698,1.0,1.0,1.0,0,0,0.0024407134852203,0.3668573588421829,-47,64,thymio-08
68,1788224711.0749266,2.294987440109253,-1.628068447113037,-0.100770957266806,93.68079909559152,2.294987440109253,0.0708208903670311,-1.628068447113037,-0.4801652729511261,-0.7199840545654297,-0.3920708894729614,0.3120013177394867,5,0.3724459708758698,1.0,1.0,1.0,0,0,-0.0086647725882653,0.6282894199464113,-126,64,thymio-08
69,1788224711.678372,3.3031346797943115,0.1773012280464172,2.7235987643901742,93.68079909559152,3.3031346797943115,0.0890668630599975,0.1773012280464172,0.4686715304851532,0.3103542029857635,-0.5782343149185181,0.5913309454917908,5,-0.4675770063769694,-0.9805914550293988,1.0,1.0,0,0,-0.0,0.6258915441554843,-95,95,thymio-08
70,1788224712.2867455,3.3103954792022705,0.2764460146427154,-0.8686089897628273,93.58079909559152,3.3103954792022705,0.0870795398950576,0.2764460146427154,-0.5864980220794678,-0.5686599612236023,-0.3973639607429504,0.4180286228656769,5,-0.9770303689039648,-0.3941010432855558,1.0,1.0,0,0,0.0,0.6229109329274934,-94,94,thymio-08
71,1788224712.890382,2.2889063358306885,-1.5956281423568726,-1.145297674701456,93.58079909559152,2.2889063358306885,0.0743055716156959,-1.5956281423568726,-0.5824529528617859,-0.5851069092750549,-0.2702888548374176,0.495320588350296,5,0.4839166177020839,1.0,1.0,0.2647461913499223,0,0,0.0280423353789109,0.4436296674936211,33,167,thymio-08
72,1788224713.498531,2.2889063358306885,-1.5956281423568726,-1.145297674701456,93.48079909559152,2.2889063358306885,0.0743055716156959,-1.5956281423568726,-0.5824529528617859,-0.5851069092750549,-0.2702888548374176,0.495320588350296,5,0.4839166177020839,1.0,1.0,0.2647461913499223,0,0,0.0311000782620408,0.565263249444338,25,196,thymio-08
73,1788224714.1068108,2.2996528148651123,-1.590758204460144,-1.6670156704264618,93.38079909559151,2.2996528148651123,0.0740827023983001,-1.590758204460144,-0.6080041527748108,-0.4826804995536804,-0.1887518316507339,0.6014342904090881,5,1.0,1.0,1.0,0.2402192895051655,0,0,0.0179232283852815,0.6210555609224401,-30,157,thymio-08
74,1788224714.7144382,2.3278822898864746,-1.572903394699097,-1.857065336271988,93.28079909559152,2.3278822898864746,0.0742319449782371,-1.572903394699097,-0.6295363306999207,-0.373888611793518,-0.0819306001067161,0.6761499643325806,5,1.0,1.0,1.0,0.2228055350899327,0,0,-0.0147131151508961,0.628242826657646,-147,43,thymio-08
75,1788224715.3221028,2.3278822898864746,-1.572903394699097,-1.857065336271988,93.18079909559154,2.3278822898864746,0.0742319449782371,-1.572903394699097,-0.6295363306999207,-0.373888611793518,-0.0819306001067161,0.6761499643325806,5,1.0,1.0,1.0,0.2228055350899327,0,0,-0.0410981831695207,0.628314732290754,-241,-51,thymio-08
76,1788224715.9259028,10000.0,10000.0,0.0,93.18079909559154,2.3278822898864746,0.0742319449782371,-1.572903394699097,-0.6295363306999207,-0.373888611793518,-0.0819306001067161,0.6761499643325806,5,1.0,1.0,-1.0,1.0,0,0,-0.03,0.6211643431901798,-200,-13,thymio-08
77,1788224716.5294266,10000.0,10000.0,0.0,93.18079909559154,2.3278822898864746,0.0742319449782371,-1.572903394699097,-0.6295363306999207,-0.373888611793518,-0.0819306001067161,0.6761499643325806,5,1.0,1.0,-1.0,1.0,0,0,-0.03,0.6169265023524617,-200,-13,thymio-08
78,1788224717.1329825,10000.0,10000.0,0.0,93.18079909559154,2.3278822898864746,0.0742319449782371,-1.572903394699097,-0.6295363306999207,-0.373888611793518,-0.0819306001067161,0.6761499643325806,5,1.0,1.0,1.0,1.0,0,0,-0.03,0.6283144436066928,-201,-12,thymio-08
79,1788224717.7367775,2.3490686416625977,-1.5748578310012815,-1.688893449025486,93.18079909559154,2.3490686416625977,0.0716951265931129,-1.5748578310012815,-0.4472146034240722,0.3108285069465637,0.4225294589996338,0.7244678735733032,5,1.0,1.0,1.0,0.2772015384330109,0,0,-0.0467668868070319,0.627994886068641,-261,-71,thymio-08
80,1788224718.3450642,2.352012872695923,-1.569520354270935,2.6932377735404005,93.08079909559154,2.352012872695923,0.0812084823846817,-1.569520354270935,-0.014355388469994,0.5693692564964294,-0.3122032284736633,0.7603563666343689,5,1.0,0.2878210162651538,1.0,1.0,0,0,-0.0465956233249387,0.6282200763607507,-260,-71,thymio-08
81,1788224718.9531658,2.3160102367401123,-1.508266806602478,2.554786671288115,92.83158340789517,2.3160102367401123,0.0762432515621185,-1.508266806602478,0.4218009710311889,0.2786844074726105,-0.6152445077896118,0.6048910617828369,5,1.0,0.1632268802803989,1.0,1.0,0,0,-0.0567923463243693,0.6282735960910959,-297,-107,thymio-08
82,1788224719.5616577,2.3160102367401123,-1.508266806602478,2.554786671288115,92.73158340789516,2.3160102367401123,0.0762432515621185,-1.508266806602478,0.4218009710311889,0.2786844074726105,-0.6152445077896118,0.6048910617828369,5,1.0,0.1632268802803989,1.0,1.0,0,0,0.0242399166216474,0.6283041540768101,-9,181,thymio-08
83,1788224720.1646705,10000.0,10000.0,0.0,92.73158340789516,2.3160102367401123,0.0762432515621185,-1.508266806602478,0.4218009710311889,0.2786844074726105,-0.6152445077896118,0.6048910617828369,5,1.0,1.0,1.0,1.0,0,0,0.03,0.6282723595265148,12,201,thymio-08
84,1788224720.7683809,10000.0,10000.0,0.0,92.73158340789516,2.3160102367401123,0.0762432515621185,-1.508266806602478,0.4218009710311889,0.2786844074726105,-0.6152445077896118,0.6048910617828369,5,1.0,1.0,1.0,1.0,0,0,0.03,0.6282868350279055,12,201,thymio-08
85,1788224721.371273,10000.0,10000.0,0.0,92.73158340789516,2.3160102367401123,0.0762432515621185,-1.508266806602478,0.4218009710311889,0.2786844074726105,-0.6152445077896118,0.6048910617828369,5,1.0,1.0,1.0,1.0,0,0,0.03,0.6282636917894547,12,201,thymio-08
86,1788224721.9742384,2.3208775520324707,-1.4375629425048828,0.2751201557840543,92.73158340789516,2.3208775520324707,0.0722215771675109,-1.4375629425048828,-0.366129606962204,-0.7751111388206482,-0.4863319098949432,0.1692129969596862,5,-0.138315197560195,1.0,0.3880437468121602,1.0,0,0,0.001831579202086,0.5902963115784933,-83,96,thymio-08
87,1788224722.5822074,2.3127996921539307,-1.3750284910202026,-0.9246499671719716,92.62385618879064,2.3127996921539307,0.0759439766407013,-1.3750284910202026,-0.5534233450889587,-0.6098476052284241,-0.3097072243690491,0.4752789437770843,5,0.3436217620388047,1.0,1.0,-0.2701453562244768,0,0,0.0183371074092966,0.6282986991659478,-30,160,thymio-08
88,1788224723.1901448,2.328847169876098,-1.3616372346878052,-1.5768062489780823,92.52385618879065,2.328847169876098,0.0750946030020713,-1.3616372346878052,-0.6087719798088074,-0.5034651756286621,-0.1855822503566742,0.5843618512153625,5,0.6335435534581428,1.0,1.0,-0.2932212084624556,0,0,-0.0765719355469474,0.6283160314331784,-367,-177,thymio-08
89,1788224723.800052,2.328847169876098,-1.3616372346878052,-1.5768062489780823,92.42385618879064,2.328847169876098,0.0750946030020713,-1.3616372346878052,-0.6087719798088074,-0.5034651756286621,-0.1855822503566742,0.5843618512153625,5,0.6335435534581428,1.0,1.0,-0.2932212084624556,0,0,-0.1151463049941315,0.6282692855857931,-500,-314,thymio-08
90,1788224724.4084067,2.3404734134674072,-1.3559471368789673,-1.819733062761702,92.32385618879064,2.3404734134674072,0.0765546560287475,-1.3559471368789673,-0.6334495544433594,-0.3796734511852264,-0.0666895434260368,0.6709263920783997,5,1.0,-0.2846661829047739,1.0,0.3048601320762429,0,0,-0.1316685851029026,0.6283157988211325,-500,-373,thymio-08
91,1788224725.016574,2.3404734134674072,-1.3559471368789673,-1.819733062761702,92.22385618879063,2.3404734134674072,0.0765546560287475,-1.3559471368789673,-0.6334495544433594,-0.3796734511852264,-0.0666895434260368,0.6709263920783997,5,1.0,-0.2561466893868477,1.0,0.2935553660208474,0,0,-0.1295355527910554,0.6280790634068476,-500,-365,thymio-08
92,1788224725.6245153,2.2590134143829346,-1.4233931303024292,-1.8886331566666892,91.7947966355267,2.2590134143829346,0.1069085821509361,-1.4233931303024292,-0.8456519246101379,-0.2069214284420013,0.0764374211430549,0.4860181510448456,5,1.0,-0.2186762476637195,1.0,0.3794396386049516,0,0,-0.104073428972131,0.6281561736008372,-465,-275,thymio-08
93,1788224726.2322612,2.2590134143829346,-1.4233931303024292,-1.8886331566666892,91.6947966355267,2.2590134143829346,0.1069085821509361,-1.4233931303024292,-0.8456519246101379,-0.2069214284420013,0.0764374211430549,0.4860181510448456,5,1.0,-0.2186762476637195,1.0,0.3794396386049516,0,0,-0.1037378090059566,0.6282136985795821,-463,-274,thymio-08
94,1788224726.83576,10000.0,10000.0,0.0,91.6947966355267,2.2590134143829346,0.1069085821509361,-1.4233931303024292,-0.8456519246101379,-0.2069214284420013,0.0764374211430549,0.4860181510448456,5,1.0,1.0,1.0,1.0,0,0,-0.03,0.6282123132755244,-201,-12,thymio-08
95,1788224727.4386642,10000.0,10000.0,0.0,91.6947966355267,2.2590134143829346,0.1069085821509361,-1.4233931303024292,-0.8456519246101379,-0.2069214284420013,0.0764374211430549,0.4860181510448456,5,1.0,1.0,1.0,1.0,0,0,-0.03,0.6283001465235104,-201,-12,thymio-08
96,1788224728.041925,10000.0,10000.0,0.0,91.6947966355267,2.2590134143829346,0.1069085821509361,-1.4233931303024292,-0.8456519246101379,-0.2069214284420013,0.0764374211430549,0.4860181510448456,5,1.0,1.0,1.0,1.0,0,0,-0.03,0.6283050058024249,-201,-12,thymio-08
97,1788224728.6451764,10000.0,10000.0,0.0,91.6947966355267,2.2590134143829346,0.1069085821509361,-1.4233931303024292,-0.8456519246101379,-0.2069214284420013,0.0764374211430549,0.4860181510448456,5,1.0,1.0,1.0,1.0,0,0,-0.03,0.6283020504849012,-201,-12,thymio-08
98,1788224729.248462,1.961936354637146,-1.4201252460479736,0.8928873284399295,91.6947966355267,1.961936354637146,0.058941438794136,-1.4201252460479736,0.3940832614898681,0.1147563904523849,-0.9084204435348512,0.0793828591704368,5,-0.1406204896217635,1.0,0.5989056314637737,1.0,0,0,-0.0890913117692636,0.6271243346700407,-411,-222,thymio-08
99,1788224729.8565698,1.944981813430786,-1.3632155656814575,0.3170968319940721,91.54495513572576,1.944981813430786,0.0792259648442268,-1.3632155656814575,0.1046743094921112,-0.6778689622879028,-0.6026666164398193,-0.407835841178894,5,1.0,1.0,0.5606875250122214,-0.0383746054902639,0,0,-0.10592933850891,0.6277619014661902,-471,-282,thymio-08
100,1788224730.4649196,1.944981813430786,-1.3632155656814575,0.3170968319940721,91.44495513572576,1.944981813430786,0.0792259648442268,-1.3632155656814575,0.1046743094921112,-0.6778689622879028,-0.6026666164398193,-0.407835841178894,5,1.0,1.0,0.5606875250122214,-0.0383746054902639,0,0,-0.1139858169541939,0.6281775598205955,-500,-310,thymio-08
101,1788224731.0736418,1.9639040231704712,-1.3162659406661987,2.429010513757171,91.34495513572575,1.9639040231704712,0.0832133442163467,-1.3162659406661987,-0.3999892175197601,-0.300885260105133,0.6309849619865417,-0.5927349925041199,5,1.0,0.5236473476691899,0.0505684756304776,1.0,0,0,-0.0622435160306929,0.6156278563193895,-314,-128,thymio-08
102,1788224731.681873,1.9639040231704712,-1.3162659406661987,2.429010513757171,91.24495513572576,1.9639040231704712,0.0832133442163467,-1.3162659406661987,-0.3999892175197601,-0.300885260105133,0.6309849619865417,-0.5927349925041199,5,1.0,0.5236473476691899,0.0505684756304776,1.0,0,0,0.0871362570089987,0.6079785469184106,218,401,thymio-08
103,1788224732.2847998,10000.0,10000.0,0.0,91.24495513572576,1.9639040231704712,0.0832133442163467,-1.3162659406661987,-0.3999892175197601,-0.300885260105133,0.6309849619865417,-0.5927349925041199,5,1.0,1.0,1.0,1.0,0,0,0.03,0.6280116160410734,12,201,thymio-08
104,1788224732.8878756,2.0483102798461914,-1.2321903705596924,0.3101037399472117,91.24495513572576,2.0483102798461914,0.0781235843896865,-1.2321903705596924,0.3220562636852264,0.7742169499397278,0.5414121150970459,-0.0611636377871036,5,1.0,1.0,0.4713107741803475,0.4128680671672979,0,0,0.0743783140863561,0.59637424534568,174,354,thymio-08
105,1788224733.4962916,2.020143508911133,-1.1924320459365845,0.1562029003992759,91.11595176450794,2.020143508911133,0.0799809321761131,-1.1924320459365845,0.4255402982234955,0.736991286277771,0.4642108380794525,-0.245494544506073,5,1.0,1.0,0.4889935253804771,0.4824532133875279,0,0,0.0973135862408424,0.2134712479233986,314,378,thymio-08
106,1788224734.10397,2.020143508911133,-1.1924320459365845,0.1562029003992759,91.01595176450796,2.020143508911133,0.0799809321761131,-1.1924320459365845,0.4255402982234955,0.736991286277771,0.4642108380794525,-0.245494544506073,5,1.0,1.0,0.4889935253804771,0.4824532133875279,0,0,0.1116354274597014,-0.6210449900171482,490,303,thymio-08
107,1788224734.712621,2.004879713058472,-1.1529638767242432,-0.0686158851355798,90.90847363454635,2.004879713058472,0.0801062360405922,-1.1529638767242432,0.4733840525150299,0.6981524229049683,0.4091437458992004,-0.3479830324649811,5,0.6367378347471999,1.0,0.4810000638346927,0.5205318864885884,0,0,0.1454963389524098,-0.627682245497326,500,422,thymio-08
108,1788224735.3203683,1.944331407546997,-0.9991127848625184,0.0937884184432218,90.45138931136516,1.944331407546997,0.0822081863880157,-0.9991127848625184,0.4426442980766296,0.7178424596786499,0.4375306665897369,-0.3119859993457794,5,1.0,1.0,0.3509075637336951,0.6514643429097546,0,0,0.1146536540360948,-0.6281814382915887,500,313,thymio-08
109,1788224735.9287293,1.944331407546997,-0.9991127848625184,0.0937884184432218,90.35138931136515,1.944331407546997,0.0822081863880157,-0.9991127848625184,0.4426442980766296,0.7178424596786499,0.4375306665897369,-0.3119859993457794,5,1.0,1.0,0.3509075637336951,0.6514643429097546,0,0,0.1568064924833342,-0.6282518441585392,500,462,thymio-08
110,1788224736.5367663,1.885285496711731,-0.9200482964515686,0.2361688950061515,90.00082756370284,1.885285496711731,0.0826427862048149,-0.9200482964515686,0.4005546271800995,0.744272768497467,0.4792501628398895,-0.2365024536848068,5,1.0,1.0,0.3685112257872869,0.6952425393294985,0,0,0.0974902424968223,-0.6282266667353413,441,252,thymio-08
111,1788224737.1459851,1.7675434350967407,-0.8344454169273376,0.3439469276496889,89.40870416200003,1.7675434350967407,0.0837228372693061,-0.8344454169273376,0.3313190639019012,0.7705905437469482,0.5305466651916504,-0.1222216263413429,5,1.0,1.0,0.446191088117978,0.725245145805574,0,0,0.1665068163172518,-0.6281340473794217,500,497,thymio-08
112,1788224737.7543354,1.6908338069915771,-0.8098796010017395,0.3945895314169196,89.02767685751593,1.6908338069915771,0.0847464129328727,-0.8098796010017395,0.2661683559417724,0.7794267535209656,0.5663726329803467,-0.0295048058032989,5,1.0,1.0,0.5229889783249932,0.7235088611447638,0,0,0.0986981778582563,-0.6279650645376568,446,256,thymio-08
113,1788224738.3629167,1.6018327474594116,-0.7893959879875183,0.4176350987335966,88.58568569161784,1.6018327474594116,0.0860261842608451,-0.7893959879875183,0.2056089341640472,0.7796112895011902,0.5893602967262268,0.0508512370288372,5,1.0,1.0,0.5212093808222706,0.7041248419873183,0,0,0.1580188156930437,-0.6276618776814344,500,467,thymio-08
114,1788224738.9714563,1.6018327474594116,-0.7893959879875183,0.4176350987335966,88.48568569161785,1.6018327474594116,0.0860261842608451,-0.7893959879875183,0.2056089341640472,0.7796112895011902,0.5893602967262268,0.0508512370288372,5,1.0,1.0,0.5212093808222706,0.7041248419873183,0,0,0.1248752753584542,-0.627494501755135,500,349,thymio-08
115,1788224739.5796368,1.5137540102005005,-0.7923752665519714,0.4434125356127718,88.03002380198674,1.5137540102005005,0.0870329141616821,-0.7923752665519714,0.1519010514020919,0.7752879858016968,0.6041116118431091,0.1044217571616172,5,1.0,1.0,0.5474090651280961,0.6765950988084997,0,0,0.1431485973386339,-0.6270479881002003,500,414,thymio-08
116,1788224740.18796,1.3604017496109009,-0.8202036023139954,0.4263367508191913,87.18609832636918,1.3604017496109009,0.0874641612172126,-0.8202036023139954,0.0920310243964195,0.7587131261825562,0.6167697310447693,0.1883610635995865,5,1.0,1.0,0.6169763025420962,0.6451079615785646,0,0,0.1374522489894601,-0.6265570366936318,500,394,thymio-08
117,1788224740.7968369,1.3604017496109009,-0.8202036023139954,0.4263367508191913,87.08609832636918,1.3604017496109009,0.0874641612172126,-0.8202036023139954,0.0920310243964195,0.7587131261825562,0.6167697310447693,0.1883610635995865,5,1.0,1.0,0.6169763025420962,0.6451079615785646,0,0,0.1428971326463428,-0.6264817940738046,500,413,thymio-08
118,1788224741.4049697,1.2796176671981812,-0.8489335775375366,0.4330512907944688,86.61529948034509,1.2796176671981812,0.08753452450037,-0.8489335775375366,0.054189633578062,0.7494395971298218,0.6211016178131104,0.2227929681539535,5,1.0,1.0,0.6609248691200542,0.6393703941763162,0,0,0.1394369426162418,-0.6261703146779665,500,401,thymio-08
119,1788224742.0135489,1.1480921506881714,-0.9230351448059082,0.4362186164727646,85.80869021998762,1.1480921506881714,0.0873573273420333,-0.9230351448059082,-0.0259503908455371,0.7285484075546265,0.6175932288169861,0.2951650023460388,5,0.619601903093272,1.0,0.7332341395476871,1.0,0,0,0.0972695122972795,-0.6011836466820348,436,255,thymio-08
120,1788224742.6217146,1.1480921506881714,-0.9230351448059082,0.4362186164727646,85.70869021998763,1.1480921506881714,0.0873573273420333,-0.9230351448059082,-0.0259503908455371,0.7285484075546265,0.6175932288169861,0.2951650023460388,5,0.619601903093272,1.0,0.7332341395476871,1.0,0,0,0.176535651936435,-0.6228661049741783,500,500,thymio-08
121,1788224743.2298994,1.090555191040039,-0.9717946648597716,0.3636136124031175,85.35531057028159,1.090555191040039,0.0877962261438369,-0.9717946648597716,-0.073506124317646,0.6917955875396729,0.6190292835235596,0.364442765712738,5,0.7111082129073838,1.0,0.7627945876944795,1.0,0,0,0.1557968726227631,-0.6109220516894152,500,461,thymio-08
122,1788224743.8379066,1.0111225843429563,-1.0844054222106934,0.2954575572413525,84.76560845407468,1.0111225843429563,0.0878292173147201,-1.0844054222106934,-0.12562957406044,0.6600250601768494,0.6081857681274414,0.4227223694324493,5,0.8260427857219914,1.0,0.7960868545995177,1.0,0,0,0.1560034949383318,-0.6046834091261521,500,463,thymio-08
123,1788224744.4460895,1.0111225843429563,-1.0844054222106934,0.2954575572413525,84.66560845407469,1.0111225843429563,0.0878292173147201,-1.0844054222106934,-0.12562957406044,0.6600250601768494,0.6081857681274414,0.4227223694324493,5,0.8260427857219914,1.0,0.7960868545995177,1.0,0,0,0.1627150298090918,-0.6000527594936897,500,488,thymio-08
124,1788224745.0543962,0.960284411907196,-1.154604434967041,0.271797784410003,84.32577483044635,0.960284411907196,0.0876865684986114,-1.154604434967041,-0.1264100819826126,0.6541382074356079,0.6086533665657043,0.4308883249759674,5,0.8474452176268858,1.0,0.8215934177881337,1.0,0,0,0.1705521296657208,-0.6006933584229207,500,500,thymio-08
125,1788224745.6621602,0.8725389838218689,-1.2821553945541382,0.2631708741210565,83.72719703812956,0.8725389838218689,0.0876160934567451,-1.2821553945541382,-0.1288773268461227,0.6501950025558472,0.6101061701774597,0.4340593516826629,5,1.0,1.0,0.8669734190371354,1.0,0,0,0.1463622830227377,-0.6227845916978978,500,426,thymio-08
126,1788224746.270893,0.8725389838218689,-1.2821553945541382,0.2631708741210565,83.62719703812957,0.8725389838218689,0.0876160934567451,-1.2821553945541382,-0.1288773268461227,0.6501950025558472,0.6101061701774597,0.4340593516826629,5,1.0,1.0,0.8669734190371354,1.0,0,0,0.0609782384156692,-0.6271545570046029,311,122,thymio-08
127,1788224746.8802576,0.7964813709259033,-1.3883297443389893,0.3024091108949922,83.15673499980514,0.7964813709259033,0.0871454253792762,-1.3883297443389893,-0.1326051503419876,0.6562490463256836,0.6114903092384338,0.4217022955417633,5,1.0,1.0,0.9371382828801174,1.0,0,0,0.1022000337322318,-0.6279174029118474,458,268,thymio-08
128,1788224747.4885323,0.7521001100540161,-1.496184468269348,-0.2881539619273274,82.8197002506238,0.7521001100540161,0.0857911705970764,-1.496184468269348,0.2583565413951874,-0.5298132300376892,-0.5614106059074402,-0.5808339715003967,5,1.0,1.0,-0.9862384977335784,1.0,0,0,0.0,-0.6246597220999919,94,-94,thymio-08
129,1788224748.0968635,0.7561036348342896,-1.545071005821228,-0.8503518402750063,82.7197002506238,0.7561036348342896,0.0862481296062469,-1.545071005821228,0.3421079814434051,-0.4598832428455353,-0.5219234824180603,-0.6317163109779358,5,1.0,1.0,-0.9852210172061556,1.0,0,0,0.0,-0.6258615415039448,95,-95,thymio-08
130,1788224748.7051742,0.7561036348342896,-1.545071005821228,-0.8503518402750063,82.61970025062381,0.7561036348342896,0.0862481296062469,-1.545071005821228,0.3421079814434051,-0.4598832428455353,-0.5219234824180603,-0.6317163109779358,5,1.0,1.0,-0.9852210172061556,1.0,0,0,0.0,-0.6239479049531618,94,-94,thymio-08
131,1788224749.3137894,0.7649610638618469,-1.5291383266448977,-1.777371251005879,82.51970025062381,0.7649610638618469,0.085073247551918,-1.5291383266448977,0.4808255732059479,-0.2578485012054443,-0.3973691761493683,-0.7378472685813904,5,-0.9784439540424784,1.0,1.0,1.0,0,0,0.0,-0.6210177287977874,94,-94,thymio-08
132,1788224749.9221492,0.7610780000686646,-1.5095059871673584,-1.9279948823941544,82.41970025062382,0.7610780000686646,0.0854127332568168,-1.5095059871673584,0.5854910612106323,-0.0075425617396831,-0.2462118417024612,-0.7723489999771118,5,1.0,1.0,-0.9595058753767188,1.0,0,0,0.0,-0.6210987522235367,94,-94,thymio-08
133,1788224750.5316992,0.7451916933059692,-1.493006706237793,-1.9702822289427844,82.31884625635686,0.7451916933059692,0.0865007787942886,-1.493006706237793,0.6313543319702148,0.1887287050485611,-0.0702204927802085,-0.7488940358161926,5,1.0,1.0,1.0,1.0,0,0,0.0694978428460643,-0.6245117272131275,341,153,thymio-08
134,1788224751.14036,0.7451916933059692,-1.493006706237793,-1.9702822289427844,82.21884625635687,0.7451916933059692,0.0865007787942886,-1.493006706237793,0.6313543319702148,0.1887287050485611,-0.0702204927802085,-0.7488940358161926,5,1.0,1.0,1.0,1.0,0,0,0.0569670463593098,-0.6250169284041922,297,108,thymio-08
135,1788224751.7438238,10000.0,10000.0,0.0,82.21884625635687,0.7451916933059692,0.0865007787942886,-1.493006706237793,0.6313543319702148,0.1887287050485611,-0.0702204927802085,-0.7488940358161926,5,1.0,1.0,-1.0,1.0,0,0,0.03,-0.6242870947526247,201,12,thymio-08
136,1788224752.3474145,0.7513964772224426,-1.4180885553359983,-1.1721249580210793,82.21884625635687,0.7513964772224426,0.0863504037261009,-1.4180885553359983,0.5621773600578308,0.5852829217910767,0.2732641100883484,-0.5164564847946167,5,1.0,1.0,1.0,1.0,0,0,0.0962561831114681,-0.6267121962633038,437,247,thymio-08
137,1788224752.9553726,0.7440730929374695,-1.4103399515151978,-0.6006727585802958,82.11884625635687,0.7440730929374695,0.0862715691328048,-1.4103399515151978,0.5266922116279602,0.6441487669944763,0.3392924666404724,-0.4388034343719482,5,1.0,1.0,1.0,1.0,0,0,0.0690645140994717,-0.6268944658534513,340,151,thymio-08
138,1788224753.5640707,0.7440730929374695,-1.4103399515151978,-0.6006727585802958,82.01884625635688,0.7440730929374695,0.0862715691328048,-1.4103399515151978,0.5266922116279602,0.6441487669944763,0.3392924666404724,-0.4388034343719482,5,1.0,1.0,1.0,1.0,0,0,0.0820380777852958,-0.6271593771928768,386,197,thymio-08
139,1788224754.1734688,0.6953074336051941,-1.3388828039169312,0.2435975998656365,81.6897077887215,0.6953074336051941,0.0874589756131172,-1.3388828039169312,0.3964078426361084,0.7479547262191772,0.4786893427371979,-0.2329832166433334,5,1.0,1.0,1.0,1.0,0,0,0.0910411060271186,-0.6271049324944347,418,229,thymio-08
140,1788224754.7816443,0.6595183610916138,-1.3224316835403442,0.3516243128281511,81.47322646974146,0.6595183610916138,0.0882495492696762,-1.3224316835403442,0.3254299759864807,0.7716856002807617,0.5341691970825195,-0.1151520237326622,5,1.0,1.0,1.0,1.0,0,0,0.1004829244132815,-0.6269376549099411,452,262,thymio-08
141,1788224755.389573,0.6595183610916138,-1.3224316835403442,0.3516243128281511,81.37322646974147,0.6595183610916138,0.0882495492696762,-1.3224316835403442,0.3254299759864807,0.7716856002807617,0.5341691970825195,-0.1151520237326622,5,1.0,1.0,1.0,1.0,0,0,0.0971733634700886,-0.6267934026466434,440,251,thymio-08
142,1788224755.9980116,0.6165132522583008,-1.3129408359527588,0.4223059898971364,81.1157389218871,0.6165132522583008,0.0885235220193862,-1.3129408359527588,0.2358172088861465,0.7829511165618896,0.5756498575210571,-0.0022546406835317,5,1.0,1.0,1.0,1.0,0,0,0.1005865624511116,-0.6266325343121582,452,263,thymio-08
143,1788224756.601693,-1.455115795135498,-0.5306156873703003,1.5313555596491852,81.1157389218871,-1.455115795135498,0.0962797552347183,-0.5306156873703003,-0.418315052986145,0.7501411437988281,-0.5077788233757019,-0.0667939037084579,5,1.0,1.0,1.0,-0.8796695713821927,0,0,0.0,-0.5462367526805404,82,-82,thymio-08
144,1788224757.2100644,-1.455115795135498,-0.5306156873703003,1.5313555596491852,81.0157389218871,-1.455115795135498,0.0962797552347183,-0.5306156873703003,-0.418315052986145,0.7501411437988281,-0.5077788233757019,-0.0667939037084579,5,1.0,1.0,1.0,-0.8796695713821927,0,0,0.0,-0.5129214193414082,77,-77,thymio-08
145,1788224757.813362,0.4287599921226501,-1.4087272882461548,0.3223918570650221,81.0157389218871,0.4287599921226501,0.0898630321025848,-1.4087272882461548,-0.1213830485939979,0.6675164699554443,0.6089171767234802,0.410984069108963,5,1.0,1.0,1.0,1.0,0,0,0.1086049004607336,-0.5317030335396016,466,306,thymio-08
146,1788224758.421775,0.4516319632530212,-1.4106991291046145,-0.6938107008492045,80.91573892188711,0.4516319632530212,0.0890402719378471,-1.4106991291046145,-0.3075950145721435,0.476650595664978,0.5336142182350159,0.6272522807121277,5,1.0,-0.9876265116423054,1.0,1.0,0,0,0.0,-0.3010438720844341,45,-45,thymio-08
147,1788224759.0303946,0.4516319632530212,-1.4106991291046145,-0.6938107008492045,80.81573892188712,0.4516319632530212,0.0890402719378471,-1.4106991291046145,-0.3075950145721435,0.476650595664978,0.5336142182350159,0.6272522807121277,5,1.0,-0.9876265116423054,1.0,1.0,0,0,0.0,0.5433436089340872,-82,82,thymio-08
148,1788224759.6386056,0.4893465936183929,-1.460026502609253,0.8850896818245273,80.71573892188712,0.4893465936183929,0.0672531053423881,-1.460026502609253,-0.5782626867294312,-0.02852538600564,0.8146129250526428,-0.0347034931182861,5,1.0,1.0,1.0,-0.9878353895750172,0,0,0.0,0.3344863300787482,-51,51,thymio-08
149,1788224760.2469492,0.4673061966896057,-1.4641692638397217,-1.333686404387763,80.5971763588825,0.4673061966896057,0.0882324948906898,-1.4641692638397217,-0.3916583359241485,0.4010000824928283,0.480263888835907,0.6746475696563721,5,1.0,1.0,-0.9845170121545094,1.0,0,0,0.0,-0.0365564388840295,6,-6,thymio-08
150,1788224760.8561072,0.4604618549346924,-1.4747347831726074,-0.5136384096055906,80.49717635888251,0.4604618549346924,0.0884006470441818,-1.4747347831726074,-0.2878634333610534,0.497743546962738,0.5471304655075073,0.6083043813705444,5,1.0,1.0,-0.983896064295194,1.0,0,0,0.0,0.4620222037464256,-70,70,thymio-08
151,1788224761.4639392,0.454520434141159,-1.4784077405929563,-0.0425127420135909,80.39717635888252,0.454520434141159,0.0880985036492347,-1.4784077405929563,-0.2760023772716522,0.575676441192627,0.5363261103630066,0.5520631670951843,5,1.0,1.0,-0.9783206396750618,1.0,0,0,0.0,0.6093364006755668,-92,92,thymio-08
152,1788224762.071654,0.454520434141159,-1.4784077405929563,-0.0425127420135909,80.29717635888252,0.454520434141159,0.0880985036492347,-1.4784077405929563,-0.2760023772716522,0.575676441192627,0.5363261103630066,0.5520631670951843,5,1.0,1.0,1.0,1.0,0,0,0.08779062728116,0.6274215364276736,217,407,thymio-08
153,1788224762.6799543,0.4413059651851654,-1.4826526641845703,0.2874117550129966,80.19717635888253,0.4413059651851654,0.089001253247261,-1.4826526641845703,0.1562557965517044,-0.6486268043518066,-0.6004393100738525,-0.4408401846885681,5,1.0,-0.9796030925872136,1.0,1.0,0,0,0.0,0.617615216476787,-93,93,thymio-08
154,1788224763.2880557,0.4371245205402374,-1.482977032661438,0.3878093923156722,80.09717635888254,0.4371245205402374,0.0898691564798355,-1.482977032661438,0.1317262947559356,-0.6769231557846069,-0.6091861724853516,-0.3915550708770752,5,1.0,-0.976155909505659,1.0,1.0,0,0,0.0,0.6278690727451612,-95,95,thymio-08
155,1788224763.8963227,0.4371245205402374,-1.482977032661438,0.3878093923156722,79.99717635888254,0.4371245205402374,0.0898691564798355,-1.482977032661438,0.1317262947559356,-0.6769231557846069,-0.6091861724853516,-0.3915550708770752,5,1.0,1.0,1.0,1.0,0,0,0.0517857256995847,0.6072016792751147,92,276,thymio-08
156,1788224764.4991157,10000.0,10000.0,0.0,79.99717635888254,0.4371245205402374,0.0898691564798355,-1.482977032661438,0.1317262947559356,-0.6769231557846069,-0.6091861724853516,-0.3915550708770752,5,1.0,1.0,-1.0,1.0,0,0,0.03,0.3906616690179552,48,166,thymio-08
157,1788224765.1022775,0.3306154906749725,-1.4780185222625732,0.3107159171542961,79.99717635888254,0.3306154906749725,0.088883027434349,-1.4780185222625732,-0.3570028841495514,-0.7635156512260437,-0.5143030881881714,0.1583832949399948,5,1.0,1.0,1.0,-0.9853286232850744,0,0,0.0,0.6154628556901507,-93,93,thymio-08
158,1788224765.7109644,0.3132997155189514,-1.451266527175903,0.1589866205745886,79.88994148033785,0.3132997155189514,0.0883450582623481,-1.451266527175903,-0.4136774241924286,-0.7592805624008179,-0.4592422842979431,0.2036186903715133,5,1.0,1.0,1.0,-0.9859030539696046,0,0,0.0,0.6204923309209277,-94,94,thymio-08
159,1788224766.3197744,0.3132997155189514,-1.451266527175903,0.1589866205745886,79.78994148033786,0.3132997155189514,0.0883450582623481,-1.451266527175903,-0.4136774241924286,-0.7592805624008179,-0.4592422842979431,0.2036186903715133,5,1.0,1.0,1.0,-0.9859030539696046,0,0,-0.0,0.6273038131570253,-95,95,thymio-08
160,1788224766.9276133,0.3026070594787597,-1.449267864227295,0.0009530009109819,79.68994148033786,0.3026070594787597,0.0891926065087318,-1.449267864227295,-0.4591139853000641,-0.7140452265739441,-0.4145723283290863,0.327846884727478,5,1.0,1.0,1.0,1.0,0,0,-0.0330140983031757,0.628169555060269,-212,-22,thymio-08
161,1788224767.5355525,0.2936352789402008,-1.4451230764389038,-0.373466184811428,79.58994148033787,0.2936352789402008,0.0894754454493522,-1.4451230764389038,-0.5037810802459717,-0.6675494909286499,-0.3606003224849701,0.4129768311977386,5,1.0,1.0,1.0,1.0,0,0,-0.0830268981921136,0.6283013886392802,-390,-200,thymio-08
162,1788224768.1436615,0.2975070476531982,-1.455674409866333,-0.277199943715908,79.48994148033788,0.2975070476531982,0.088216558098793,-1.455674409866333,-0.4797800183296203,-0.6703907251358032,-0.3682597279548645,0.4298515021800995,5,1.0,1.0,1.0,1.0,0,0,-0.0941668506153065,0.6283160508202718,-429,-240,thymio-08
163,1788224768.7513337,0.2975070476531982,-1.455674409866333,-0.277199943715908,79.38994148033788,0.2975070476531982,0.088216558098793,-1.455674409866333,-0.4797800183296203,-0.6703907251358032,-0.3682597279548645,0.4298515021800995,5,1.0,1.0,1.0,1.0,0,0,-0.094233228164569,0.6282578014134076,-430,-240,thymio-08
164,1788224769.3595908,0.307730495929718,-1.5079717636108398,-1.1035400589890365,79.28994148033789,0.307730495929718,0.0882461294531822,-1.5079717636108398,-0.5428082942962646,-0.5963510870933533,-0.2841234505176544,0.5186505913734436,5,1.0,1.0,1.0,1.0,0,0,-0.0742155280668058,0.6282504669833753,-359,-169,thymio-08
165,1788224769.9694805,0.2855087518692016,-1.6083111763000488,-1.7310184387457963,79.0902357324192,0.2855087518692016,0.0886182934045791,-1.6083111763000488,-0.6386241316795349,-0.4263256788253784,-0.098889373242855,0.6329506635665894,5,1.0,1.0,1.0,1.0,0,0,-0.0353358338069062,0.628228454014694,-220,-31,thymio-08
166,1788224770.5779276,0.2855087518692016,-1.6083111763000488,-1.7310184387457963,78.99023573241921,0.2855087518692016,0.0886182934045791,-1.6083111763000488,-0.6386241316795349,-0.4263256788253784,-0.098889373242855,0.6329506635665894,5,1.0,1.0,1.0,1.0,0,0,-0.035230013222286,0.6282245873256033,-220,-30,thymio-08
167,1788224771.181388,10000.0,10000.0,0.0,78.99023573241921,0.2855087518692016,0.0886182934045791,-1.6083111763000488,-0.6386241316795349,-0.4263256788253784,-0.098889373242855,0.6329506635665894,5,1.0,1.0,-1.0,1.0,0,0,-0.03,0.6229411303425587,-201,-13,thymio-08
168,1788224771.784789,10000.0,10000.0,0.0,78.99023573241921,0.2855087518692016,0.0886182934045791,-1.6083111763000488,-0.6386241316795349,-0.4263256788253784,-0.098889373242855,0.6329506635665894,5,1.0,1.0,-1.0,1.0,0,0,-0.03,0.6265980573186954,-201,-12,thymio-08
169,1788224772.3883111,0.2108458280563354,-1.6745721101760864,-1.841672279706959,78.99023573241921,0.2108458280563354,0.0880585014820098,-1.6745721101760864,-0.5117248892784119,0.184898093342781,0.359521210193634,0.7580863237380981,5,1.0,1.0,1.0,1.0,0,0,-0.0094997016128539,0.6283160345071203,-129,61,thymio-08
170,1788224772.9969172,0.2108458280563354,-1.6745721101760864,-1.841672279706959,78.89023573241921,0.2108458280563354,0.0880585014820098,-1.6745721101760864,-0.5117248892784119,0.184898093342781,0.359521210193634,0.7580863237380981,5,1.0,1.0,1.0,1.0,0,0,-0.0096783400467681,0.6279917770806185,-129,60,thymio-08
171,1788224773.6047132,0.2148968577384948,-1.6739866733551023,0.6154871098515757,78.79023573241922,0.2148968577384948,0.0666162297129631,-1.6739866733551023,-0.6109628081321716,0.0143805686384439,0.7903687953948975,0.0428358875215053,5,1.0,1.0,1.0,-0.9890629486780742,0,0,-0.0,0.6271807864313164,-95,95,thymio-08
172,1788224774.21256,0.2148968577384948,-1.6739866733551023,0.6154871098515757,78.69023573241923,0.2148968577384948,0.0666162297129631,-1.6739866733551023,-0.6109628081321716,0.0143805686384439,0.7903687953948975,0.0428358875215053,5,1.0,1.0,1.0,-0.9890629486780742,0,0,-0.0,0.6275708179126928,-95,95,thymio-08
173,1788224774.8202658,0.1848534643650055,-1.6839076280593872,-0.3335167686633697,78.51029568585426,0.1848534643650055,0.0879129692912101,-1.6839076280593872,-0.2607870101928711,0.5248209238052368,0.5573835372924805,0.5881128907203674,5,1.0,1.0,-0.9810110589314684,1.0,0,0,-0.0,0.615089919960356,-93,93,thymio-08
174,1788224775.429196,0.1576352417469024,-1.688808560371399,0.4409173504490726,78.34844485656683,0.1576352417469024,0.0898060277104377,-1.688808560371399,-0.0736260488629341,0.7093552350997925,0.6192854642868042,0.3284508883953094,5,1.0,-0.9790841389500105,1.0,1.0,0,0,-0.0,0.6153446785920138,-93,93,thymio-08
175,1788224776.0369203,0.1576352417469024,-1.688808560371399,0.4409173504490726,78.24844485656683,0.1576352417469024,0.0898060277104377,-1.688808560371399,-0.0736260488629341,0.7093552350997925,0.6192854642868042,0.3284508883953094,5,1.0,-0.9790841389500105,1.0,1.0,0,0,-0.0,0.6282261059282009,-95,95,thymio-08
176,1788224776.6448886,0.1271197348833084,-1.6641165018081665,0.3555895900619448,78.05852913859898,0.1271197348833084,0.0884579122066497,-1.6641165018081665,0.3196225464344024,0.7716345191001892,0.5401515364646912,-0.1032380983233451,5,1.0,1.0,1.0,1.0,0,0,-0.0084196536657159,0.6279079632651338,-125,65,thymio-08
177,1788224777.2535074,0.1271197348833084,-1.6641165018081665,0.3555895900619448,77.95852913859899,0.1271197348833084,0.0884579122066497,-1.6641165018081665,0.3196225464344024,0.7716345191001892,0.5401515364646912,-0.1032380983233451,5,1.0,1.0,1.0,1.0,0,0,-0.0084499472174905,0.6282953832105446,-125,65,thymio-08
178,1788224777.861675,0.1320569962263107,-1.6495981216430664,0.0734030185725633,77.858529138599,0.1320569962263107,0.0871087685227394,-1.6495981216430664,0.4444618821144104,0.7413995862007141,0.4410973489284515,-0.2412749081850052,5,1.0,1.0,1.0,1.0,0,0,-0.0179628137263737,0.6283081356596004,-159,31,thymio-08
179,1788224778.4703195,0.1427052915096283,-1.637883186340332,-0.8204840097731405,77.758529138599,0.1427052915096283,0.0881210565567016,-1.637883186340332,0.5277163982391357,0.6233547925949097,0.3166432380676269,-0.4823706150054931,5,1.0,1.0,1.0,1.0,0,0,-0.0237443211078563,0.6282788236507418,-179,11,thymio-08
180,1788224779.0783973,0.1427052915096283,-1.637883186340332,-0.8204840097731405,77.65852913859901,0.1427052915096283,0.0881210565567016,-1.637883186340332,0.5277163982391357,0.6233547925949097,0.3166432380676269,-0.4823706150054931,5,1.0,1.0,1.0,1.0,0,0,-0.0238883161881105,0.6282328927554144,-180,10,thymio-08
181,1788224779.686152,0.1547259986400604,-1.6456979513168335,-1.7119223274662776,77.55852913859901,0.1547259986400604,0.0902052745223045,-1.6456979513168335,0.6284079551696777,0.4477434158325195,0.1307718902826309,-0.622517466545105,5,1.0,1.0,1.0,1.0,0,0,-0.0209840266914919,0.6282344530916325,-169,20,thymio-08
182,1788224780.2940073,0.1551210731267929,-1.6504086256027222,-1.878688297898249,77.45852913859902,0.1551210731267929,0.0926670208573341,-1.6504086256027222,0.5839667320251465,0.3789498805999756,0.0727986618876457,-0.714198887348175,5,1.0,1.0,1.0,1.0,0,0,-0.019057826494861,0.628202901563877,-163,27,thymio-08
183,1788224780.9018798,0.1551210731267929,-1.6504086256027222,-1.878688297898249,77.35852913859902,0.1551210731267929,0.0926670208573341,-1.6504086256027222,0.5839667320251465,0.3789498805999756,0.0727986618876457,-0.714198887348175,5,1.0,1.0,1.0,1.0,0,0,-0.0190385363230648,0.6282182897584363,-163,27,thymio-08
184,1788224781.5099914,0.1508253514766693,-1.6835973262786863,-1.9269162603959615,77.25852913859903,0.1508253514766693,0.088370032608509,-1.6835973262786863,0.5682113170623779,-0.0370400659739971,-0.2611739933490753,-0.7794563174247742,5,1.0,1.0,1.0,1.0,0,0,-0.0062999284443433,0.6282346955959257,-117,72,thymio-08
185,1788224782.1185997,0.1383139789104461,-1.695615530014038,-1.648914233963016,77.15852913859904,0.1383139789104461,0.0886949524283409,-1.695615530014038,0.4487766325473785,-0.3004325032234192,-0.4344830214977264,-0.720808207988739,5,-0.9824805758604652,1.0,1.0,1.0,0,0,-0.0,0.624820040080621,-94,94,thymio-08
186,1788224782.7268324,0.1383139789104461,-1.695615530014038,-1.648914233963016,77.05852913859904,0.1383139789104461,0.0886949524283409,-1.695615530014038,0.4487766325473785,-0.3004325032234192,-0.4344830214977264,-0.720808207988739,5,-0.9824805758604652,1.0,1.0,1.0,0,0,-0.0,0.6281929880626752,-95,95,thymio-08
187,1788224783.3344927,0.1346645504236221,-1.7056583166122437,-1.1623019414627644,76.95852913859905,0.1346645504236221,0.0868912264704704,-1.7056583166122437,0.3657774627208709,-0.4350102841854095,-0.4900147914886474,-0.6609527468681335,5,1.0,1.0,-0.9863883449410016,1.0,0,0,-0.0,0.62538075663007,-94,94,thymio-08
188,1788224783.942474,0.1109733656048774,-1.721327304840088,0.3266780396715463,76.79828690599024,0.1109733656048774,0.0872832909226417,-1.721327304840088,0.1568185538053512,-0.6620379090309143,-0.5910663604736328,-0.4333061873912811,5,1.0,1.0,-0.9726344768087344,1.0,0,0,-0.0,0.6081211251827618,-92,92,thymio-08
189,1788224784.5509715,0.1109733656048774,-1.721327304840088,0.3266780396715463,76.69828690599024,0.1109733656048774,0.0872832909226417,-1.721327304840088,0.1568185538053512,-0.6620379090309143,-0.5910663604736328,-0.4333061873912811,5,1.0,1.0,-0.9726344768087344,1.0,0,0,0.0,0.589997258852879,-89,89,thymio-08
190,1788224785.1595097,0.1101851537823677,-1.7344123125076294,1.1590273914699356,76.59828690599025,0.1101851537823677,0.1032701507210731,-1.7344123125076294,0.0951804295182228,-0.8662344813346863,0.0157828275114297,-0.4902341365814209,5,1.0,1.0,1.0,1.0,0,0,0.0,0.6201604810105378,-94,94,thymio-08
191,1788224785.7675183,0.075687937438488,-1.7087774276733398,0.4133352024845997,76.38470098866844,0.075687937438488,0.0897280201315879,-1.7087774276733398,-0.2061987072229385,-0.7705356478691101,-0.6005577445030212,-0.0555641688406467,5,1.0,1.0,1.0,1.0,0,0,0.0,0.5830367436733361,-88,88,thymio-08
192,1788224786.3758912,0.065984733402729,-1.6814367771148682,0.2510521131821042,76.28470098866845,0.065984733402729,0.0890859514474868,-1.6814367771148682,-0.3930893540382385,-0.7503531575202942,-0.4771977066993713,0.2339516282081604,5,1.0,1.0,1.0,1.0,0,0,0.0033558125963161,0.6126332436516913,-81,104,thymio-08
193,1788224786.98417,0.065984733402729,-1.6814367771148682,0.2510521131821042,76.18470098866845,0.065984733402729,0.0890859514474868,-1.6814367771148682,-0.3930893540382385,-0.7503531575202942,-0.4771977066993713,0.2339516282081604,5,1.0,1.0,1.0,1.0,0,0,-0.0006183422211503,0.6235952541148524,-96,92,thymio-08
194,1788224787.5934343,0.0708368644118309,-1.6703808307647705,-0.0848530207081212,76.08470098866846,0.0708368644118309,0.0882306024432182,-1.6703808307647705,-0.4775720238685608,-0.7001287341117859,-0.4069334268569946,0.3408077657222748,5,1.0,1.0,1.0,1.0,0,0,-0.003222431056037,0.6228910588595633,-106,83,thymio-08
195,1788224788.2011738,0.0942720472812652,-1.6472761631011963,-1.7131155616541238,75.98470098866846,0.0942720472812652,0.0905128568410873,-1.6472761631011963,-0.6229148507118225,-0.4513142108917236,-0.1360507160425186,0.6243259310722351,5,1.0,1.0,1.0,1.0,0,0,0.001101842102008,0.5894594989650035,-85,93,thymio-08
196,1788224788.8097332,0.0942720472812652,-1.6472761631011963,-1.7131155616541238,75.88470098866847,0.0942720472812652,0.0905128568410873,-1.6472761631011963,-0.6229148507118225,-0.4513142108917236,-0.1360507160425186,0.6243259310722351,5,1.0,1.0,1.0,1.0,0,0,0.0077506773221555,0.3162514153950239,-20,75,thymio-08
197,1788224789.418389,0.0989471524953842,-1.64582359790802,-1.747637086890994,75.78470098866848,0.0989471524953842,0.0921716839075088,-1.64582359790802,-0.6524230241775513,-0.4020447731018066,-0.0680693909525871,0.6388041973114014,5,1.0,1.0,1.0,1.0,0,0,0.0115035862668803,-0.4785203067855231,113,-31,thymio-08
198,1788224790.027169,0.0989471524953842,-1.64582359790802,-1.747637086890994,75.68470098866848,0.0989471524953842,0.0921716839075088,-1.64582359790802,-0.6524230241775513,-0.4020447731018066,-0.0680693909525871,0.6388041973114014,5,1.0,1.0,1.0,1.0,0,0,0.0132261015360404,-0.6240406285047266,141,-47,thymio-08
1,1788225001.3980198,3.385800838470459,1.4961284399032593,-1.5217372825617146,100.0,3.385800838470459,0.0881708711385726,1.4961284399032593,0.6447198390960693,0.1946283429861068,-0.0209033265709877,-0.7389311790466309,5,1.0,-0.6855521580563749,-0.6165243776993848,1.0,0,0,-0.0,-0.3631932078002278,55,-55,thymio-09
2,1788225002.0016332,3.1149747371673584,-0.1393312811851501,1.0513091520747286,100.0,3.1149747371673584,0.0755586847662925,-0.1393312811851501,0.0165957398712635,0.7626322507858276,0.6183688044548035,0.1890415251255035,5,-0.6754698091770366,1.0,1.0,-0.9781837835513776,0,0,-0.0,0.000525718621485,0,0,thymio-09
3,1788225002.610183,3.1149747371673584,-0.1393312811851501,1.0513091520747286,99.9,3.1149747371673584,0.0755586847662925,-0.1393312811851501,0.0165957398712635,0.7626322507858276,0.6183688044548035,0.1890415251255035,5,-0.6754698091770366,1.0,1.0,-0.9781837835513776,0,0,-0.0,0.0004568482614298,0,0,thymio-09
4,1788225003.218563,3.1147572994232178,-0.1431730091571808,1.0334527294610787,99.8,3.1147572994232178,0.0757999569177627,-0.1431730091571808,-0.0380346998572349,0.74349445104599,0.6168151497840881,0.2555553913116455,5,-0.7089620243831163,1.0,1.0,-0.7058772827602581,0,0,-0.0264986330989936,0.5542291859553986,-178,-10,thymio-09
5,1788225003.8266866,3.114760637283325,-0.1431485712528228,1.032340902535422,99.70000000000002,3.114760637283325,0.0757998973131179,-0.1431485712528228,-0.0385917946696281,0.7432766556739807,0.6165051460266113,0.256850004196167,5,-0.7309241044137886,1.0,1.0,-0.7581492540436012,0,0,-0.0166119999372361,0.1976804502431967,-89,-29,thymio-09
6,1788225004.4351015,3.1286492347717285,-0.1346181035041809,1.0536765854828225,99.60000000000002,3.1286492347717285,0.0757646709680557,-0.1346181035041809,0.0508355349302291,0.7699257731437683,0.6183380484580994,0.1492919921875,5,-0.7037200029306043,1.0,1.0,-0.7606931049759267,0,0,-0.0161006858998387,0.1494763963246522,-80,-35,thymio-09
7,1788225005.0429215,3.1286492347717285,-0.1346181035041809,1.0536765854828225,99.50000000000004,3.1286492347717285,0.0757646709680557,-0.1346181035041809,0.0508355349302291,0.7699257731437683,0.6183380484580994,0.1492919921875,5,-0.7037200029306043,1.0,1.0,-0.7606931049759267,0,0,-0.0161006858998387,0.0238502517918937,-61,-54,thymio-09
8,1788225005.6514084,3.146188735961914,-0.1327447295188903,1.066224113734087,99.40000000000003,3.146188735961914,0.0759118348360061,-0.1327447295188903,0.0894667282700538,0.7782348990440369,0.6144682765007019,0.0936751440167427,5,-0.6649493858783848,1.0,1.0,-0.7702986446605208,0,0,-0.0141699724232353,-0.0784012715863256,-39,-62,thymio-09
9,1788225006.2604308,3.158377170562744,-0.133837878704071,1.0595266340574554,99.30000000000004,3.158377170562744,0.07654270529747,-0.133837878704071,0.1109592765569686,0.7788500189781189,0.61312335729599,0.071837417781353,5,-0.6315710448550227,1.0,1.0,-0.7770182419345627,0,0,-0.0128193333711528,-0.1647539592678931,-21,-70,thymio-09
10,1788225006.8700948,3.158377170562744,-0.133837878704071,1.0595266340574554,99.20000000000005,3.158377170562744,0.07654270529747,-0.133837878704071,0.1109592765569686,0.7788500189781189,0.61312335729599,0.071837417781353,5,-0.6315710448550227,1.0,1.0,-0.7770182419345627,0,0,-0.0128193333711528,-0.2385838532625425,-10,-82,thymio-09
11,1788225007.477979,3.176929473876953,-0.1399626731872558,1.0598221069056546,99.10000000000004,3.176929473876953,0.076406717300415,-0.1399626731872558,0.0896084681153297,0.7758661508560181,0.6166905760765076,0.0984620228409767,5,-0.5809641955588931,1.0,1.0,-0.776163635170659,0,0,-0.0129911093306975,-0.3066785018343347,0,-92,thymio-09
12,1788225008.0867674,3.1923770904541016,-0.1476051360368728,1.05059808518104,99.00000000000006,3.1923770904541016,0.0762056559324264,-0.1476051360368728,0.0192794892936944,0.7605476379394531,0.6218206882476807,0.1858351975679397,5,-0.5348850755277317,1.0,1.0,-0.7699567690499245,0,0,-0.0142386894209651,-0.3556858992949931,3,-104,thymio-09
13,1788225008.6955478,3.202839136123657,-0.151344284415245,1.040059530775527,98.90000000000006,3.202839136123657,0.0752909108996391,-0.151344284415245,-0.0466975532472133,0.7431726455688477,0.6145992279052734,0.2603489458560943,5,-0.5375056295112177,1.0,1.0,-0.7619113300217353,0,0,-0.0158558226656312,-0.3886869947118715,2,-115,thymio-09
14,1788225009.303708,3.202839136123657,-0.151344284415245,1.040059530775527,98.80000000000008,3.202839136123657,0.0752909108996391,-0.151344284415245,-0.0466975532472133,0.7431726455688477,0.6145992279052734,0.2603489458560943,5,-0.5375056295112177,1.0,1.0,-0.7619113300217353,0,0,-0.0158558226656312,-0.4126295828140216,6,-119,thymio-09
15,1788225009.912597,3.2198352813720703,-0.1539740562438964,0.9682281797167178,98.70000000000007,3.2198352813720703,0.0756404399871826,-0.1539740562438964,-0.1442681699991226,0.6878551840782166,0.6062047481536865,0.3722335398197174,5,-0.5444041055776659,1.0,1.0,-0.7411277039842274,0,0,-0.0200333314991702,-0.4242745594223305,-7,-135,thymio-09
16,1788225010.5209324,3.238800525665283,-0.1504450291395187,0.731247797671271,98.60000000000008,3.238800525665283,0.0751374810934066,-0.1504450291395187,-0.2621030211448669,0.6016342043876648,0.5682372450828552,0.4964320063591003,5,-0.5524900849600826,1.0,1.0,-0.704590775934226,0,0,-0.0273772540372205,-0.4253303508172,-33,-162,thymio-09
17,1788225011.1297965,3.254584550857544,-0.1379846781492233,-0.0125602261977215,98.50000000000009,3.254584550857544,0.0762627050280571,-0.1379846781492233,-0.3350538313388824,0.5015000700950623,0.5328561067581177,0.5935494899749756,5,1.0,-0.6604950930570654,1.0,-0.5618037078753332,0,0,-0.0362404862955298,-0.4968809306331299,-54,-204,thymio-09
18,1788225011.738367,3.254584550857544,-0.1379846781492233,-0.0125602261977215,98.40000000000008,3.254584550857544,0.0762627050280571,-0.1379846781492233,-0.3350538313388824,0.5015000700950623,0.5328561067581177,0.5935494899749756,5,1.0,-0.6604950930570654,1.0,-0.5618037078753332,0,0,-0.0362404862955298,-0.5276184448901442,-49,-208,thymio-09
19,1788225012.3463652,3.263826847076416,-0.1176129207015037,-0.994610262551236,98.3000000000001,3.263826847076416,0.0768378525972366,-0.1176129207015037,-0.4203893840312958,0.4143430888652801,0.4562630355358124,0.665895402431488,5,1.0,-0.6194478828246641,1.0,1.0,0,0,-0.0444909755522425,-0.6031034791658166,-67,-249,thymio-09
20,1788225012.9543247,3.2631466388702397,-0.0758071914315223,-1.420859071539876,98.2000000000001,3.2631466388702397,0.0769846588373184,-0.0758071914315223,-0.5151359438896179,0.2424559146165847,0.3479613363742828,0.744830846786499,5,1.0,-0.6241745653164177,-0.5702411626313142,1.0,0,0,0.0435409123714,-0.5839016906548635,243,67,thymio-09
21,1788225013.5624523,3.2631466388702397,-0.0758071914315223,-1.420859071539876,98.10000000000012,3.2631466388702397,0.0769846588373184,-0.0758071914315223,-0.5151359438896179,0.2424559146165847,0.3479613363742828,0.744830846786499,5,1.0,-0.6241745653164177,-0.5702411626313142,1.0,0,0,0.0435409123714,-0.4310200708836966,220,90,thymio-09
22,1788225014.170878,3.2546582221984863,-0.0492817759513855,-1.482795080996794,98.00000000000011,3.2546582221984863,0.0753626376390457,-0.0492817759513855,-0.5795388221740723,0.1048736497759819,0.2700701653957367,0.7617075443267822,5,1.0,-0.6575394103470293,-0.5317852092322677,1.0,0,0,0.036834578520247,-0.1631147032202216,156,106,thymio-09
23,1788225014.778803,3.315790891647339,-0.0571267716586589,-1.5431097736245654,97.90000000000012,3.315790891647339,0.0758988261222839,-0.0571267716586589,-0.62364262342453,-0.1199250295758247,0.0786326453089714,0.7684431076049805,5,1.0,-0.6246454019540463,-0.4571497098494277,1.0,0,0,0.0434462742072366,0.0115398551577235,153,156,thymio-09
24,1788225015.3865776,3.315790891647339,-0.0571267716586589,-1.5431097736245654,97.80000000000013,3.315790891647339,0.0758988261222839,-0.0571267716586589,-0.62364262342453,-0.1199250295758247,0.0786326453089714,0.7684431076049805,5,1.0,-0.6246454019540463,-0.4571497098494277,1.0,0,0,0.0434462742072366,0.1563526786440912,131,178,thymio-09
25,1788225015.9897425,10000.0,10000.0,0.0,97.80000000000013,3.315790891647339,0.0758988261222839,-0.0571267716586589,-0.62364262342453,-0.1199250295758247,0.0786326453089714,0.7684431076049805,5,1.0,1.0,-1.0,1.0,0,0,0.03,0.2667483375186656,66,147,thymio-09
26,1788225016.5934837,10000.0,10000.0,0.0,97.80000000000013,3.315790891647339,0.0758988261222839,-0.0571267716586589,-0.62364262342453,-0.1199250295758247,0.0786326453089714,0.7684431076049805,5,1.0,1.0,-1.0,1.0,0,0,0.03,0.5310975320458085,26,187,thymio-09
27,1788225017.1972232,10000.0,10000.0,0.0,97.80000000000013,3.315790891647339,0.0758988261222839,-0.0571267716586589,-0.62364262342453,-0.1199250295758247,0.0786326453089714,0.7684431076049805,5,1.0,1.0,-1.0,1.0,0,0,0.03,0.6239853563584303,12,201,thymio-09
28,1788225017.800689,3.345485210418701,-0.0559981279075145,-1.5404029332277025,97.80000000000013,3.345485210418701,0.0756954029202461,-0.0559981279075145,-0.6276565790176392,-0.1543905735015869,0.0499986335635185,0.7613875269889832,5,1.0,-0.6065823174214526,-0.4277920290377925,1.0,0,0,-0.0311357024890311,0.6125376391745081,-203,-18,thymio-09
29,1788225018.4086318,3.345485210418701,-0.0559981279075145,-1.5404029332277025,97.70000000000012,3.345485210418701,0.0756954029202461,-0.0559981279075145,-0.6276565790176392,-0.1543905735015869,0.0499986335635185,0.7613875269889832,5,1.0,-0.6065823174214526,-0.4277920290377925,1.0,0,0,-0.1177144074496478,0.6149788030265385,-500,-325,thymio-09
30,1788225019.0123107,10000.0,10000.0,0.0,97.70000000000012,3.345485210418701,0.0756954029202461,-0.0559981279075145,-0.6276565790176392,-0.1543905735015869,0.0499986335635185,0.7613875269889832,5,1.0,1.0,-1.0,1.0,0,0,-0.03,0.5409931756405839,-188,-25,thymio-09
31,1788225019.6160536,10000.0,10000.0,0.0,97.70000000000012,3.345485210418701,0.0756954029202461,-0.0559981279075145,-0.6276565790176392,-0.1543905735015869,0.0499986335635185,0.7613875269889832,5,1.0,1.0,-1.0,1.0,0,0,-0.03,0.283192015858438,-149,-64,thymio-09
32,1788225020.2194123,3.4492690563201904,-0.09615358710289,-1.4805602223515966,97.70000000000012,3.4492690563201904,0.0744518935680389,-0.09615358710289,-0.5383907556533813,0.1853759437799453,0.3023234903812408,0.7644421458244324,5,1.0,-0.3581963533508304,-0.3062879627940924,1.0,0,0,-0.1762378737753045,-0.0908197209544018,-500,-500,thymio-09
33,1788225020.8274474,3.4492690563201904,-0.09615358710289,-1.4805602223515966,97.60000000000014,3.4492690563201904,0.0744518935680389,-0.09615358710289,-0.5383907556533813,0.1853759437799453,0.3023234903812408,0.7644421458244324,5,1.0,-0.3581963533508304,-0.3062879627940924,1.0,0,0,-0.1727832686237912,-0.2446912683676785,-500,-500,thymio-09
34,1788225021.4310052,10000.0,10000.0,0.0,97.60000000000014,3.4492690563201904,0.0744518935680389,-0.09615358710289,-0.5383907556533813,0.1853759437799453,0.3023234903812408,0.7644421458244324,5,1.0,1.0,-1.0,1.0,0,0,-0.03,-0.3702128649594139,-51,-162,thymio-09
35,1788225022.0347738,10000.0,10000.0,0.0,97.60000000000014,3.4492690563201904,0.0744518935680389,-0.09615358710289,-0.5383907556533813,0.1853759437799453,0.3023234903812408,0.7644421458244324,5,1.0,1.0,-1.0,1.0,0,0,-0.03,-0.4353438981233271,-41,-172,thymio-09
36,1788225022.637835,10000.0,10000.0,0.0,97.60000000000014,3.4492690563201904,0.0744518935680389,-0.09615358710289,-0.5383907556533813,0.1853759437799453,0.3023234903812408,0.7644421458244324,5,1.0,1.0,-1.0,1.0,0,0,-0.03,-0.4435586698098816,-40,-174,thymio-09
37,1788225023.2416277,10000.0,10000.0,0.0,97.60000000000014,3.4492690563201904,0.0744518935680389,-0.09615358710289,-0.5383907556533813,0.1853759437799453,0.3023234903812408,0.7644421458244324,5,1.0,1.0,-1.0,1.0,0,0,-0.03,-0.3337475211359949,-56,-157,thymio-09
38,1788225023.8453236,10000.0,10000.0,0.0,97.60000000000014,3.4492690563201904,0.0744518935680389,-0.09615358710289,-0.5383907556533813,0.1853759437799453,0.3023234903812408,0.7644421458244324,5,1.0,1.0,-1.0,1.0,0,0,-0.03,-0.2426443282129177,-70,-143,thymio-09
39,1788225024.44879,3.382181167602539,0.0092112896963953,-0.9711463758940866,97.60000000000014,3.382181167602539,0.0758498981595039,0.0092112896963953,0.4242440462112427,-0.3989664912223816,-0.4650996327400207,-0.6667272448539734,5,1.0,-0.2953159526732951,1.0,1.0,0,0,-0.1582255109756249,-0.4251629060948515,-498,-500,thymio-09
40,1788225025.0525582,3.340317487716675,0.2361619472503662,-1.572713022697504,97.60000000000014,3.340317487716675,0.0774263069033622,0.2361619472503662,0.6027001738548279,-0.0453364960849285,-0.185059979557991,-0.7748870253562927,5,1.0,-0.2172235509198357,-0.189972996596929,1.0,0,0,-0.1616816514891436,-0.4993761145796838,-499,-500,thymio-09
41,1788225025.6605878,3.2515616416931152,0.2762130498886108,-2.3436688708902857,97.01835362680282,3.2515616416931152,0.0783155187964439,0.2762130498886108,-0.7219193577766418,0.1168251037597656,0.2535114884376526,-0.6331796050071716,5,0.1129347088989152,1.0,-0.2607388849356805,1.0,0,0,-0.0659328181184975,-0.3999521308472635,-174,-295,thymio-09
42,1788225026.2688498,3.2515616416931152,0.2762130498886108,-2.3436688708902857,96.91835362680284,3.2515616416931152,0.0783155187964439,0.2762130498886108,-0.7219193577766418,0.1168251037597656,0.2535114884376526,-0.6331796050071716,5,0.1129347088989152,1.0,-0.2607388849356805,1.0,0,0,-0.0309805951896704,-0.5931903160948439,-21,-200,thymio-09
43,1788225026.8775227,3.164123058319092,0.313723623752594,-1.5383060826351729,96.4232728346592,3.164123058319092,0.0802439749240875,0.313723623752594,0.6118952631950378,0.015548643656075,-0.1633199453353881,-0.7737370133399963,5,1.0,1.0,-0.292113256481057,1.0,0,0,-0.1114935989636398,-0.623697808875688,-302,-490,thymio-09
44,1788225027.4882388,3.094765901565552,0.3355245888233185,-1.5289835352706276,96.01381142749136,3.094765901565552,0.080275610089302,0.3355245888233185,0.6345757842063904,0.2393241822719574,0.027861226350069,-0.7343441843986511,5,1.0,1.0,-0.3146132895870019,1.0,0,0,-0.181364534967539,-0.5612682438792224,-500,-500,thymio-09
45,1788225028.096911,3.094765901565552,0.3355245888233185,-1.5289835352706276,95.91381142749135,3.094765901565552,0.080275610089302,0.3355245888233185,0.6345757842063904,0.2393241822719574,0.027861226350069,-0.7343441843986511,5,1.0,1.0,-0.3146132895870019,1.0,0,0,-0.1826135674592396,-0.4661364059971749,-500,-500,thymio-09
46,1788225028.70542,3.047684669494629,0.3257175087928772,-1.486397243072393,95.639285353195,3.047684669494629,0.0808237195014953,0.3257175087928772,0.6292794346809387,0.3123798072338104,0.0857001841068267,-0.706457257270813,5,1.0,1.0,-0.347759050685215,1.0,0,0,-0.182440127164981,-0.4164179463152359,-500,-500,thymio-09
47,1788225029.313522,2.87692666053772,0.2415988445281982,-1.487323638963404,94.45511387700232,2.87692666053772,0.0815148502588272,0.2415988445281982,0.632644772529602,0.3178758025169372,0.0962367504835128,-0.6996100544929504,5,1.0,1.0,-0.4890827760144191,1.0,0,0,-0.1722404015273485,-0.3994098300746319,-500,-500,thymio-09
48,1788225029.9221811,2.87692666053772,0.2415988445281982,-1.487323638963404,94.35511387700232,2.87692666053772,0.0815148502588272,0.2415988445281982,0.632644772529602,0.3178758025169372,0.0962367504835128,-0.6996100544929504,5,1.0,1.0,-0.4890827760144191,1.0,0,0,-0.1657930186687301,-0.4151100273654354,-500,-500,thymio-09
49,1788225030.5305536,2.794304370880127,0.2021864205598831,-1.4950067752643104,93.95393991376274,2.794304370880127,0.0815425813198089,0.2021864205598831,0.626582682132721,0.3155292570590973,0.0943608954548835,-0.7063508033752441,5,1.0,1.0,-0.544852049534672,1.0,0,0,-0.14542207382684,-0.4538289495995717,-448,-500,thymio-09
50,1788225031.1390288,2.6367483139038086,0.1255459934473037,-1.4647704376098816,93.012124708249,2.6367483139038086,0.0830768644809722,0.1255459934473037,0.6344870328903198,0.3191782832145691,0.0833948627114296,-0.6989970207214355,5,1.0,1.0,-0.6151354046287314,1.0,0,0,-0.0964931020767108,-0.5180399106542776,-265,-421,thymio-09
51,1788225031.7470164,2.6367483139038086,0.1255459934473037,-1.4647704376098816,92.912124708249,2.6367483139038086,0.0830768644809722,0.1255459934473037,0.6344870328903198,0.3191782832145691,0.0833948627114296,-0.6989970207214355,5,1.0,1.0,-0.6151354046287314,1.0,0,0,-0.0874250298323414,-0.5685935034070309,-225,-396,thymio-09
52,1788225032.3550172,2.572872877120972,0.095881313085556,-1.4882362628043235,92.5218681352893,2.572872877120972,0.0822993814945221,0.095881313085556,0.6289848685264587,0.3140130341053009,0.0890649855136871,-0.7055787444114685,5,1.0,1.0,-0.6274267451219715,1.0,0,0,-0.0697074527940895,-0.5987611842297018,-157,-338,thymio-09
53,1788225032.9633236,2.464721202850342,0.0212151911109685,-1.0803602033204776,91.76818940710751,2.464721202850342,0.0825230628252029,0.0212151911109685,-0.5706967115402222,-0.5202851891517639,-0.2784667909145355,0.5710209608078003,5,1.0,1.0,-0.6255632178259573,1.0,0,0,-0.0805151372199387,-0.6086189594535663,-194,-378,thymio-09
54,1788225033.5713909,2.464721202850342,0.0212151911109685,-1.0803602033204776,91.66818940710752,2.464721202850342,0.0825230628252029,0.0212151911109685,-0.5706967115402222,-0.5202851891517639,-0.2784667909145355,0.5710209608078003,5,1.0,1.0,-0.6255632178259573,1.0,0,0,-0.0693451897856757,-0.6103345637175394,-154,-339,thymio-09
55,1788225034.181338,2.445563316345215,-0.0100146355107426,-0.3653589965594435,91.52513294128056,2.445563316345215,0.0825673788785934,-0.0100146355107426,-0.5198211073875427,-0.5969334840774536,-0.3575915098190307,0.4955652356147766,5,1.0,1.0,-0.6254800315742116,1.0,0,0,-0.026643896171792,-0.5973504206781834,-4,-185,thymio-09
56,1788225034.789071,2.4353179931640625,-0.0949606969952583,0.7792869811151961,91.38942038661762,2.4353179931640625,0.0829797983169555,-0.0949606969952583,-0.406144231557846,-0.7194196581840515,-0.4950063824653625,0.2691671252250671,5,1.0,-0.6420815694818409,1.0,0.5504207681633841,0,0,-0.1170087696562837,-0.5955038075426303,-326,-500,thymio-09
57,1788225035.3977523,2.4353179931640625,-0.0949606969952583,0.7792869811151961,91.28942038661762,2.4353179931640625,0.0829797983169555,-0.0949606969952583,-0.406144231557846,-0.7194196581840515,-0.4950063824653625,0.2691671252250671,5,1.0,-0.6420815694818409,1.0,0.5504207681633841,0,0,-0.1327818950586126,-0.5918283888748131,-382,-500,thymio-09
58,1788225036.0060313,2.4451773166656494,-0.1356993466615677,0.985213447051784,91.18942038661764,2.4451773166656494,0.0822806432843208,-0.1356993466615677,-0.2627018094062805,-0.768951952457428,-0.5754138827323914,0.0927342921495437,5,1.0,-0.6485086430071527,1.0,0.5084060660723602,0,0,0.0386497627555623,-0.4918785232674345,212,63,thymio-09
59,1788225036.6140118,2.569019079208374,-0.210063949227333,1.0670631202760372,91.08942038661765,2.569019079208374,0.0777520090341568,-0.210063949227333,-0.1471764147281646,-0.7752336263656616,-0.6140145659446716,-0.0183836407959461,5,-0.9719677505519222,-0.7773996254177878,1.0,1.0,0,0,0.0,-0.0137548463034961,2,-2,thymio-09
60,1788225037.222709,2.5509278774261475,-0.2149629145860672,1.07646969233475,90.98942038661764,2.5509278774261475,0.0781498476862907,-0.2149629145860672,-0.06281428784132,-0.773009181022644,-0.6201806664466858,-0.1178445518016815,5,1.0,-0.7391819846538203,-0.974507868863219,1.0,0,0,0.0,-0.0315716905262039,5,-5,thymio-09
61,1788225037.8309152,2.5509278774261475,-0.2149629145860672,1.07646969233475,90.88942038661764,2.5509278774261475,0.0781498476862907,-0.2149629145860672,-0.06281428784132,-0.773009181022644,-0.6201806664466858,-0.1178445518016815,5,1.0,-0.7391819846538203,-0.974507868863219,1.0,0,0,0.0,-0.4710438966005182,71,-71,thymio-09
62,1788225038.4394858,2.5508511066436768,-0.2151379883289337,1.0746220154832589,90.78942038661764,2.5508511066436768,0.0782623589038848,-0.2151379883289337,-0.0624742321670055,-0.7719255685806274,-0.6212365031242371,-0.1195537000894546,5,1.0,-0.7205282554965009,1.0,1.0,0,0,0.0241738206452033,-0.6264206546332319,180,-9,thymio-09
63,1788225039.0481057,2.5477545261383057,-0.2227542251348495,1.042653263673567,90.68942038661766,2.5477545261383057,0.0789240822196006,-0.2227542251348495,0.0421722941100597,-0.7421503067016602,-0.619251549243927,-0.2529072165489197,5,1.0,-0.5834306523562514,-0.7012208707783512,-0.9827997092703934,0,0,0.0,-0.4420874050215111,67,-67,thymio-09
64,1788225039.6567786,2.5477545261383057,-0.2227542251348495,1.042653263673567,90.58942038661766,2.5477545261383057,0.0789240822196006,-0.2227542251348495,0.0421722941100597,-0.7421503067016602,-0.619251549243927,-0.2529072165489197,5,1.0,-0.5834306523562514,-0.7012208707783512,-0.9827997092703934,0,0,0.0,-0.2785439192148014,42,-42,thymio-09
65,1788225040.264989,2.538621187210083,-0.2389098107814788,0.9214551341254706,90.48942038661768,2.538621187210083,0.0798710063099861,-0.2389098107814788,0.1523416936397552,-0.6746944785118103,-0.6042372584342957,-0.3955715000629425,5,1.0,-0.5582034151659651,-0.6785799318747312,0.3983684416893687,0,0,0.032605433693179,-0.2781782792479391,158,74,thymio-09
66,1788225040.8726616,2.5414843559265137,-0.2433341443538665,0.8328905181274044,90.38942038661769,2.5414843559265137,0.0798212587833404,-0.2433341443538665,0.2184772789478302,-0.6314803957939148,-0.58736252784729,-0.4566241800785064,5,1.0,-0.555224810273516,-0.6694540892339684,0.404120895688151,0,0,0.0344397280639723,-0.4245280066796454,186,58,thymio-09
67,1788225041.4812393,2.545866012573242,-0.2717679440975189,-0.0648087627478979,90.28942038661768,2.545866012573242,0.0799040049314498,-0.2717679440975189,0.3472837805747986,-0.5017116069793701,-0.5230255722999573,-0.5950829386711121,5,1.0,0.3724459708758698,-0.6516201339759013,1.0,0,0,0.0380243530708438,-0.4607291257852283,205,66,thymio-09
68,1788225042.0899684,2.545866012573242,-0.2717679440975189,-0.0648087627478979,90.18942038661768,2.545866012573242,0.0799040049314498,-0.2717679440975189,0.3472837805747986,-0.5017116069793701,-0.5230255722999573,-0.5950829386711121,5,1.0,0.3724459708758698,-0.6516201339759013,1.0,0,0,0.0380243530708438,-0.5345276534506047,216,54,thymio-09
69,1788225042.6982262,2.5481181144714355,-0.2903414368629455,-0.6435553268596736,90.08942038661768,2.5481181144714355,0.0796914249658584,-0.2903414368629455,0.3917608261108398,-0.4496735334396362,-0.4909575581550598,-0.6350417137145996,5,-0.6400550437389727,1.0,-0.5527976616184329,1.0,0,0,0.0403489362084664,-0.4243247181408873,207,79,thymio-09
70,1788225043.306776,2.5742945671081543,-0.3387275636196136,-1.3981792844781131,89.9894203866177,2.5742945671081543,0.0790654197335243,-0.3387275636196136,0.5162035822868347,-0.2535013258457184,-0.3634616136550903,-0.7329165935516357,5,-0.6419920247669628,1.0,1.0,1.0,0,0,0.1403557786667058,-0.6274348048438091,500,404,thymio-09
71,1788225043.9153018,2.618581771850586,-0.3680562078952789,-1.5165723313591335,89.8894203866177,2.618581771850586,0.0779316946864128,-0.3680562078952789,0.5872666835784912,-0.0992935746908187,-0.2505009770393371,-0.7632221579551697,5,-0.6656599611586949,1.0,0.2647461913499223,1.0,0,0,-0.0352023478071023,-0.2353894828602975,-90,-161,thymio-09
72,1788225044.5231545,2.618581771850586,-0.3680562078952789,-1.5165723313591335,89.7894203866177,2.618581771850586,0.0779316946864128,-0.3680562078952789,0.5872666835784912,-0.0992935746908187,-0.2505009770393371,-0.7632221579551697,5,-0.6656599611586949,1.0,0.2647461913499223,1.0,0,0,-0.0352023478071023,0.3587174949402074,-179,-71,thymio-09
73,1788225045.1310413,2.6720879077911377,-0.4012810587882995,-1.538556897168749,89.68942038661771,2.6720879077911377,0.0768844634294509,-0.4012810587882995,0.6077863574028015,-0.0437034666538238,-0.2054991722106933,-0.7658040523529053,5,-0.6572962308556229,1.0,0.2402192895051655,-0.6933609071459244,0,0,-0.0296344576636691,0.079339179296436,-117,-93,thymio-09
74,1788225045.7403336,2.630934476852417,-0.3819362819194793,-1.515327794290397,89.43984927864224,2.630934476852417,0.0779328495264053,-0.3819362819194793,0.5903050899505615,-0.089758388698101,-0.2458550631999969,-0.7635696530342102,5,-0.6903080165251902,1.0,0.2228055350899327,1.0,0,0,-0.0302480886784367,0.5944603057858666,-197,-18,thymio-09
75,1788225046.348847,2.630934476852417,-0.3819362819194793,-1.515327794290397,89.33984927864225,2.630934476852417,0.0779328495264053,-0.3819362819194793,0.5903050899505615,-0.089758388698101,-0.2458550631999969,-0.7635696530342102,5,-0.6903080165251902,1.0,0.2228055350899327,1.0,0,0,-0.0302480886784367,0.5868248546463598,-196,-19,thymio-09
76,1788225046.9574423,2.615480422973633,-0.3719029426574707,-1.5143767021439491,89.23570596905334,2.615480422973633,0.0780414566397667,-0.3719029426574707,0.5822699069976807,-0.1189137175679206,-0.2628853619098663,-0.7600741982460022,5,-0.6880162070853633,1.0,1.0,1.0,0,0,-0.0307087423758419,0.5666354741417832,-195,-24,thymio-09
77,1788225047.5653572,2.615480422973633,-0.3719029426574707,-1.5143767021439491,89.13570596905335,2.615480422973633,0.0780414566397667,-0.3719029426574707,0.5822699069976807,-0.1189137175679206,-0.2628853619098663,-0.7600741982460022,5,-0.6880162070853633,1.0,1.0,1.0,0,0,-0.0307087423758419,0.4894103936455004,-183,-35,thymio-09
78,1788225048.1738284,2.584756135940552,-0.3527979552745819,-1.3128058102446871,88.9478204336032,2.584756135940552,0.0784634500741958,-0.3527979552745819,0.487933874130249,-0.305958092212677,-0.4004013538360595,-0.7127333879470825,5,-0.6749099024771072,1.0,1.0,1.0,0,0,-0.0333431096021014,0.5601907497294596,-203,-34,thymio-09
79,1788225048.782172,2.565330743789673,-0.3096196353435516,0.0847330331845395,88.80501546645284,2.565330743789673,0.0789566189050674,-0.3096196353435516,0.3407996594905853,-0.5176611542701721,-0.5261349081993103,-0.5822925567626953,5,1.0,0.2772015384330109,-0.6430438723583571,1.0,0,0,0.1290993728172979,0.3392780498722664,407,500,thymio-09
80,1788225049.3900678,2.565974235534668,-0.2930683195590973,0.5234986744978389,88.70501546645285,2.565974235534668,0.0804099142551422,-0.2930683195590973,0.2830282151699066,-0.5674854516983032,-0.558560311794281,-0.5346640944480896,5,1.0,0.2878210162651538,-0.6379248488262299,1.0,0,0,0.1591917941624679,0.2918961472228221,500,500,thymio-09
81,1788225049.9986942,2.4999232292175293,-0.3537809550762176,0.8604200572415373,88.28427646068604,2.4999232292175293,0.079404093325138,-0.3537809550762176,0.207426518201828,-0.6419453024864197,-0.5885133147239685,-0.4455700516700744,5,1.0,1.0,-0.5451531145525867,0.1632268802803989,0,0,0.1958341977293325,0.3191497422013509,500,500,thymio-09
82,1788225050.6064093,2.4999232292175293,-0.3537809550762176,0.8604200572415373,88.18427646068605,2.4999232292175293,0.079404093325138,-0.3537809550762176,0.207426518201828,-0.6419453024864197,-0.5885133147239685,-0.4455700516700744,5,1.0,1.0,-0.5451531145525867,0.1632268802803989,0,0,0.1959435168625525,0.2882246626385347,500,500,thymio-09
83,1788225051.2145977,2.445627927780152,-0.4098055362701416,0.9044076098369888,87.80042050240908,2.445627927780152,0.0789980888366699,-0.4098055362701416,0.2029748857021331,-0.651502251625061,-0.5910322070121765,-0.4301477074623108,5,1.0,1.0,-0.459479205446453,1.0,0,0,0.1972330528948985,0.0287561007635401,500,500,thymio-09
84,1788225051.823723,2.33129358291626,-0.5125638246536255,0.9060136169554278,87.06202652108495,2.33129358291626,0.0796550959348678,-0.5125638246536255,0.1724631488323211,-0.6618682146072388,-0.6025905013084412,-0.4111832678318023,5,1.0,1.0,-0.2911280036151532,1.0,0,0,0.198415151929419,-0.35489535186152,500,500,thymio-09
85,1788225052.4314134,2.33129358291626,-0.5125638246536255,0.9060136169554278,86.96202652108495,2.33129358291626,0.0796550959348678,-0.5125638246536255,0.1724631488323211,-0.6618682146072388,-0.6025905013084412,-0.4111832678318023,5,1.0,1.0,-0.2911280036151532,1.0,0,0,0.197759509499581,-0.5920653339694674,500,500,thymio-09
86,1788225053.039412,2.2533118724823,-0.5742095112800598,0.9287557125876376,86.51881160429346,2.2533118724823,0.0795576646924018,-0.5742095112800598,0.1557900011539459,-0.6733975410461426,-0.6060517430305481,-0.3936579525470733,5,1.0,1.0,-0.1765744007721272,-0.138315197560195,0,0,0.1773880918268019,-0.5942023964842492,500,500,thymio-09
87,1788225053.6478915,2.110724210739136,-0.6699090003967285,0.9523541927256858,85.51560204623358,2.110724210739136,0.0799058079719543,-0.6699090003967285,0.1246208772063255,-0.6839619874954224,-0.622636616230011,-0.3591507375240326,5,1.0,-0.2701453562244768,0.0215871504945559,1.0,0,0,0.173103680702358,-0.6118432526272143,500,500,thymio-09
88,1788225054.255674,2.025907278060913,-0.719164252281189,0.928801653901056,84.93397002980167,2.025907278060913,0.0807806104421615,-0.719164252281189,0.0962100774049758,-0.6916808485984802,-0.6232163310050964,-0.3520265519618988,5,1.0,-0.2932212084624556,0.1280529767186868,1.0,0,0,0.17017735402636,-0.6087724845456036,500,500,thymio-09
89,1788225054.864301,2.025907278060913,-0.719164252281189,0.928801653901056,84.83397002980168,2.025907278060913,0.0807806104421615,-0.719164252281189,0.0962100774049758,-0.6916808485984802,-0.6232163310050964,-0.3520265519618988,5,1.0,-0.2932212084624556,0.1280529767186868,1.0,0,0,0.1735624560013389,-0.6056697920523927,500,500,thymio-09
90,1788225055.4728894,1.920867919921875,-0.7721976041793823,0.977579457341955,84.11268848040369,1.920867919921875,0.0800199061632156,-0.7721976041793823,0.087532453238964,-0.7057506442070007,-0.6244654655456543,-0.3229506015777588,5,1.0,-0.2846661829047739,0.2493273773211879,1.0,0,0,0.1793275233694845,-0.5950410390458302,500,500,thymio-09
91,1788225056.0810747,1.82631254196167,-0.8132655024528503,0.9939927882702602,83.46846250695934,1.82631254196167,0.0801701173186302,-0.8132655024528503,0.0709886997938156,-0.7164602279663086,-0.6246616840362549,-0.3023956418037414,5,1.0,-0.2561466893868477,0.3593956119742441,1.0,0,0,0.189829740637678,-0.5813728618453604,500,500,thymio-09
92,1788225056.689617,1.7189785242080688,-0.8533501029014587,0.9922678894515666,82.86758762369358,1.7189785242080688,0.0808825269341468,-0.8533501029014587,0.0485696196556091,-0.7238509654998779,-0.6265516877174377,-0.2848047912120819,5,1.0,-0.2186762476637195,0.4651882098812319,1.0,0,0,0.1977839488307901,-0.5717848943580514,500,500,thymio-09
93,1788225057.298278,1.7189785242080688,-0.8533501029014587,0.9922678894515666,82.76758762369359,1.7189785242080688,0.0808825269341468,-0.8533501029014587,0.0485696196556091,-0.7238509654998779,-0.6265516877174377,-0.2848047912120819,5,1.0,-0.2186762476637195,0.4651882098812319,1.0,0,0,0.1990347992940048,-0.5040911513285777,500,500,thymio-09
94,1788225057.9066064,1.5951861143112185,-0.8906047344207764,1.0083804916479506,82.00278826317194,1.5951861143112185,0.082055926322937,-0.8906047344207764,0.0317203886806964,-0.7331764698028564,-0.6271143555641174,-0.2611011266708374,5,1.0,1.0,0.5884090427974211,1.0,0,0,0.1977593095196748,-0.4807490084826286,500,500,thymio-09
95,1788225058.5159004,1.4465144872665403,-0.927770733833313,1.0136391793695283,81.0784034466076,1.4465144872665403,0.0824181213974952,-0.927770733833313,0.0125390756875276,-0.7372376322746277,-0.6318076252937317,-0.2390452623367309,5,1.0,1.0,0.7553331504871064,1.0,0,0,0.1997453443943152,-0.5500708167319945,500,500,thymio-09
96,1788225059.1237068,1.353783369064331,-0.9452022314071656,0.9332898751212984,80.51409666440841,1.353783369064331,0.0794650167226791,-0.9452022314071656,-0.0220263469964265,-0.771004855632782,-0.5742789506912231,-0.2743538916110992,5,1.0,1.0,0.8792996946194962,1.0,0,0,0.1990181600227047,-0.5362430178767534,500,500,thymio-09
97,1788225059.7323923,1.353783369064331,-0.9452022314071656,0.9332898751212984,80.41409666440842,1.353783369064331,0.0794650167226791,-0.9452022314071656,-0.0220263469964265,-0.771004855632782,-0.5742789506912231,-0.2743538916110992,5,1.0,1.0,0.8792996946194962,1.0,0,0,0.1956040873555293,-0.608378229839485,500,500,thymio-09
98,1788225060.3406162,1.227277398109436,-0.9660182595252992,1.7481189598313789,79.6357053929509,1.227277398109436,0.0791035741567611,-0.9660182595252992,-0.007201425731182,0.5233541131019592,-0.8176001310348511,0.2399555295705795,5,1.0,-0.1406204896217635,1.0,1.0,0,0,0.1711829489981221,-0.6143260201089299,500,500,thymio-09
99,1788225060.9485922,1.053699612617493,-0.9895716309547424,1.665909222515416,78.55094373615576,1.053699612617493,0.0793454200029373,-0.9895716309547424,0.0075216274708509,0.5068232417106628,-0.8384918570518494,0.2000127881765365,5,1.0,-0.0383746054902639,1.0,1.0,0,0,0.1785183552668595,-0.6019529706917945,500,500,thymio-09
100,1788225061.5564945,1.053699612617493,-0.9895716309547424,1.665909222515416,78.45094373615576,1.053699612617493,0.0793454200029373,-0.9895716309547424,0.0075216274708509,0.5068232417106628,-0.8384918570518494,0.2000127881765365,5,1.0,-0.0383746054902639,1.0,1.0,0,0,0.1915899309560764,-0.5919583325138311,500,500,thymio-09
101,1788225062.1644387,0.9572466015815736,-0.9978330731391908,1.6543425827159035,77.91923164324558,0.9572466015815736,0.0796402841806411,-0.9978330731391908,-0.0155327059328556,0.5074031949043274,-0.8423407673835754,0.1810048818588256,5,1.0,0.0505684756304776,1.0,1.0,0,0,0.1975115938916916,-0.5657806759027214,500,500,thymio-09
102,1788225062.7724144,0.9572466015815736,-0.9978330731391908,1.6543425827159035,77.81923164324559,0.9572466015815736,0.0796402841806411,-0.9978330731391908,-0.0155327059328556,0.5074031949043274,-0.8423407673835754,0.1810048818588256,5,1.0,0.0505684756304776,1.0,1.0,0,0,0.1980088355154084,-0.4266623573234595,500,500,thymio-09
103,1788225063.3805234,0.8296194076538086,-1.002967357635498,1.0540345362262125,77.10806941611816,0.8296194076538086,0.0850488990545272,-1.002967357635498,0.0447705537080764,0.753669798374176,0.6376898884773254,0.152738556265831,5,1.0,1.0,1.0,1.0,0,0,0.1969668428522176,-0.3010923988546964,500,500,thymio-09
104,1788225063.989164,0.6485555171966553,-0.9936643838882446,1.0293569374029712,76.07951364295586,0.6485555171966553,0.0860157012939453,-0.9936643838882446,0.0814660042524337,0.7646692991256714,0.6256723403930664,0.1310662627220153,5,1.0,0.4128680671672979,1.0,1.0,0,0,0.1969676098154411,-0.1584875402155595,500,500,thymio-09
105,1788225064.5985403,0.545396089553833,-0.9807265996932985,1.0132007783733723,75.50902028891984,0.545396089553833,0.0879891961812973,-0.9807265996932985,0.1072618588805198,0.7685762643814087,0.6204865574836731,0.1130574494600296,5,1.0,0.4824532133875279,1.0,1.0,0,0,0.1969820781143194,-0.0619569057641299,500,500,thymio-09
106,1788225065.2070498,0.545396089553833,-0.9807265996932985,1.0132007783733723,75.40902028891985,0.545396089553833,0.0879891961812973,-0.9807265996932985,0.1072618588805198,0.7685762643814087,0.6204865574836731,0.1130574494600296,5,1.0,0.4824532133875279,1.0,1.0,0,0,0.1939116481705114,0.1221074143815206,500,500,thymio-09
107,1788225065.8160532,0.4877574145793915,-0.9698379039764404,1.006421581801467,75.06251612930309,0.4877574145793915,0.0895240008831024,-0.9698379039764404,0.1197037100791931,0.7601947784423828,0.6302036643028259,0.1030448377132415,5,1.0,0.5205318864885884,1.0,1.0,0,0,0.1852785036634147,0.4420598671669129,500,500,thymio-09
108,1788225066.419375,0.2863213717937469,-0.9237554669380188,0.9904913216625904,75.06251612930309,0.2863213717937469,0.0906748250126838,-0.9237554669380188,0.1508219242095947,0.7706950902938843,0.6143783330917358,0.0762961357831955,5,1.0,0.6514643429097546,1.0,1.0,0,0,0.1708946923511536,0.6171415463220755,500,500,thymio-09
109,1788225067.02714,0.2863213717937469,-0.9237554669380188,0.9904913216625904,74.9625161293031,0.2863213717937469,0.0906748250126838,-0.9237554669380188,0.1508219242095947,0.7706950902938843,0.6143783330917358,0.0762961357831955,5,1.0,0.6514643429097546,1.0,1.0,0,0,0.1427122610601773,0.6275832309638061,412,500,thymio-09
110,1788225067.6351378,0.1818518787622451,-0.8888794779777527,1.0047141801454416,74.32034271132457,0.1818518787622451,0.0914144217967987,-0.8888794779777527,0.1657498478889465,0.772656261920929,0.6111770272254944,0.0446306392550468,5,1.0,0.6952425393294985,1.0,1.0,0,0,0.132652582070087,0.6282684743031006,376,500,thymio-09
111,1788225068.2437208,0.0336962155997753,-0.825293779373169,0.9776685837271436,73.47572254326047,0.0336962155997753,0.0939904004335403,-0.825293779373169,0.2139012664556503,0.7751393914222717,0.5944685935974121,-0.003515686141327,5,1.0,0.725245145805574,1.0,1.0,0,0,0.1329195381936657,0.6282906373939967,377,500,thymio-09
112,1788225068.8516154,-0.0407634377479553,-0.7670676112174988,0.9530231917327896,73.00671713529495,-0.0407634377479553,0.0945733562111854,-0.7670676112174988,0.2779021859169006,0.7702351808547974,0.5662797093391418,-0.0939971581101417,5,1.0,0.7235088611447638,1.0,1.0,0,0,0.1493178622419009,0.6282938881351412,436,500,thymio-09
113,1788225069.4597952,-0.1078391373157501,-0.688517153263092,0.9241825464028022,72.56712067078578,-0.1078391373157501,0.0957439169287681,-0.688517153263092,0.321875512599945,0.7603556513786316,0.5395593047142029,-0.1647156178951263,5,1.0,0.7041248419873183,1.0,1.0,0,0,0.1593307309030071,0.62825170803932,471,500,thymio-09
114,1788225070.0675676,-0.1078391373157501,-0.688517153263092,0.9241825464028022,72.46712067078579,-0.1078391373157501,0.0957439169287681,-0.688517153263092,0.321875512599945,0.7603556513786316,0.5395593047142029,-0.1647156178951263,5,1.0,0.7041248419873183,1.0,1.0,0,0,0.1664399542430277,0.6282053412300781,497,500,thymio-09
115,1788225070.6767304,-0.1619736850261688,-0.6160579323768616,0.9062241982811204,72.13712730366595,-0.1619736850261688,0.097122348845005,-0.6160579323768616,0.3339051604270935,0.7562046051025391,0.534605860710144,-0.1756658852100372,5,1.0,0.6765950988084997,1.0,1.0,0,0,0.1693823354721609,0.628169304711812,500,500,thymio-09
116,1788225071.2850878,-0.2595271468162536,-0.4895345270633697,0.962888367034502,71.48197658093439,-0.2595271468162536,0.0973266512155532,-0.4895345270633697,0.317322164773941,0.7556480765342712,0.5404789447784424,-0.1902236193418502,5,1.0,0.6451079615785646,1.0,1.0,0,0,0.1677506694948859,0.6281007254491402,500,500,thymio-09
117,1788225071.8941472,-0.2595271468162536,-0.4895345270633697,0.962888367034502,71.38197658093439,-0.2595271468162536,0.0973266512155532,-0.4895345270633697,0.317322164773941,0.7556480765342712,0.5404789447784424,-0.1902236193418502,5,1.0,0.6451079615785646,1.0,1.0,0,0,0.1656864128921498,0.6281049775903332,494,500,thymio-09
118,1788225072.502318,-0.3122803866863251,-0.4242708683013916,0.9552373537381236,71.00108755943737,-0.3122803866863251,0.0980022251605987,-0.4242708683013916,0.319349467754364,0.7552639842033386,0.5410402417182922,-0.1867292076349258,5,1.0,0.6393703941763162,1.0,1.0,0,0,0.1620708184845785,0.628117584329132,481,500,thymio-09
119,1788225073.110279,-0.3743475973606109,-0.3472016453742981,0.9510044266622302,70.59159388371422,-0.3743475973606109,0.0985415577888488,-0.3472016453742981,0.3192585706710815,0.755707859992981,0.5421157479286194,-0.1819068193435669,5,1.0,0.619601903093272,1.0,1.0,0,0,0.1572156270539153,0.6281110352048891,464,500,thymio-09
120,1788225073.7181127,-0.3743475973606109,-0.3472016453742981,0.9510044266622302,70.49159388371423,-0.3743475973606109,0.0985415577888488,-0.3472016453742981,0.3192585706710815,0.755707859992981,0.5421157479286194,-0.1819068193435669,5,1.0,0.619601903093272,1.0,1.0,0,0,0.1534931451423142,0.6281423965512247,451,500,thymio-09
121,1788225074.3262558,-0.4648984372615814,-0.2384411096572876,0.9012228849932544,69.89158769157548,-0.4648984372615814,0.1005742251873016,-0.2384411096572876,0.3321942389011383,0.7590891718864441,0.5340330600738525,-0.168045699596405,5,1.0,0.7111082129073838,1.0,1.0,0,0,0.1504353347453408,0.6281824945442248,440,500,thymio-09
122,1788225074.9349854,-0.5551190376281738,-0.1279812902212143,0.901221607622416,69.29221563676113,-0.5551190376281738,0.1013081520795822,-0.1279812902212143,0.3332032859325409,0.7588472962379456,0.5327410101890564,-0.1712111830711364,5,1.0,0.8260427857219914,1.0,1.0,0,0,0.1469833915824704,0.6281970772739629,427,500,thymio-09
123,1788225075.542784,-0.5551190376281738,-0.1279812902212143,0.901221607622416,69.19221563676113,-0.5551190376281738,0.1013081520795822,-0.1279812902212143,0.3332032859325409,0.7588472962379456,0.5327410101890564,-0.1712111830711364,5,1.0,0.8260427857219914,1.0,1.0,0,0,0.1449230369314975,0.6282138517918713,420,500,thymio-09
124,1788225076.1514409,-0.5718320608139038,-0.1058485954999923,0.970058285108812,69.08244647362677,-0.5718320608139038,0.0995905473828315,-0.1058485954999923,0.3148649334907532,0.7550608515739441,0.5428131222724915,-0.1899925023317337,5,1.0,0.8474452176268858,1.0,1.0,0,0,0.1408903866575897,0.628201755167598,406,500,thymio-09
125,1788225076.754918,-0.6953291893005371,0.0711007416248321,0.9334130340503232,69.08244647362677,-0.6953291893005371,0.1013765335083007,0.0711007416248321,0.3451124727725982,0.7434186339378357,0.5228174328804016,-0.2342822551727295,5,1.0,1.0,1.0,1.0,0,0,0.1159041543324988,0.6279868978177747,317,500,thymio-09
126,1788225077.3635316,-0.6953291893005371,0.0711007416248321,0.9334130340503232,68.98244647362678,-0.6953291893005371,0.1013765335083007,0.0711007416248321,0.3451124727725982,0.7434186339378357,0.5228174328804016,-0.2342822551727295,5,1.0,1.0,1.0,1.0,0,0,0.0887685604830068,0.628217424469544,221,410,thymio-09
127,1788225077.9720397,-0.7463049292564392,0.1651395708322525,0.8459019352717485,68.62162085288938,-0.7463049292564392,0.1039398163557052,0.1651395708322525,0.3790826797485351,0.735448956489563,0.4982810616493225,-0.2590889036655426,5,1.0,1.0,1.0,1.0,0,0,0.0282058571484187,0.6282917694577191,5,195,thymio-09
128,1788225078.5804331,-0.7618995308876038,0.2923478186130523,0.0852822046249182,68.41695124744045,-0.7618995308876038,0.1051919162273407,0.2923478186130523,0.5016646385192871,0.6336144804954529,0.3860077261924743,-0.4448184072971344,5,1.0,1.0,1.0,1.0,0,0,-0.0986663676836264,0.6283138286976676,-445,-256,thymio-09
129,1788225079.1891856,-0.7528178691864014,0.3059902787208557,-0.5849857197166335,68.31695124744046,-0.7528178691864014,0.1055376008152961,0.3059902787208557,0.5387229919433594,0.5833554863929749,0.3292431533336639,-0.510952889919281,5,1.0,1.0,1.0,1.0,0,0,-0.1857859609249195,0.6283150195411987,-500,-500,thymio-09
130,1788225079.7978706,-0.7528178691864014,0.3059902787208557,-0.5849857197166335,68.21695124744046,-0.7528178691864014,0.1055376008152961,0.3059902787208557,0.5387229919433594,0.5833554863929749,0.3292431533336639,-0.510952889919281,5,1.0,1.0,1.0,1.0,0,0,-0.1899140544615253,0.6282217971611119,-500,-500,thymio-09
131,1788225080.4057157,-0.7862088680267334,0.233455628156662,-1.255901044325738,67.97204109050803,-0.7862088680267334,0.1031099259853363,0.233455628156662,0.5951502323150635,0.4738616347312927,0.2403339743614196,-0.6029021739959717,5,1.0,1.0,1.0,1.0,0,0,-0.1922393608089151,0.6282314475926782,-500,-500,thymio-09
132,1788225081.0134623,-0.8762621283531189,0.1188604682683944,-1.2449230358107806,67.37042525899422,-0.8762621283531189,0.1027619093656539,0.1188604682683944,0.5971119403839111,0.471861332654953,0.2190150767564773,-0.6106036305427551,5,1.0,1.0,1.0,1.0,0,0,-0.1918427061776854,0.6282020646850196,-500,-500,thymio-09
133,1788225081.6228805,-0.942019522190094,0.0390010736882686,-1.268232790758855,66.93746487095001,-0.942019522190094,0.1011614426970481,0.0390010736882686,0.5930124521255493,0.4681865274906158,0.2180815935134887,-0.6177200675010681,5,1.0,1.0,1.0,1.0,0,0,-0.1919149333795352,0.6282127452603015,-500,-500,thymio-09
134,1788225082.230626,-0.942019522190094,0.0390010736882686,-1.268232790758855,66.83746487095001,-0.942019522190094,0.1011614426970481,0.0390010736882686,0.5930124521255493,0.4681865274906158,0.2180815935134887,-0.6177200675010681,5,1.0,1.0,1.0,1.0,0,0,-0.1918928802834754,0.6282180729079645,-500,-500,thymio-09
135,1788225082.8393204,-0.9973957538604736,-0.0282637663185596,-1.3573125579134897,66.50516262451512,-0.9973957538604736,0.0988499149680137,-0.0282637663185596,0.5934858322143555,0.4499192833900451,0.2348742336034774,-0.6246448755264282,5,1.0,1.0,1.0,1.0,0,0,-0.1918027450324984,0.6282214275947591,-500,-500,thymio-09
136,1788225083.4476752,-1.096696138381958,-0.1478490829467773,-1.2001906262470377,65.84509987809997,-1.096696138381958,0.0979129150509834,-0.1478490829467773,0.5713825225830078,0.4850765168666839,0.1723959743976593,-0.6391420364379883,5,1.0,1.0,1.0,1.0,0,0,-0.1916864649739016,0.6282218198135231,-500,-500,thymio-09
137,1788225084.0577016,-1.1322797536849976,-0.1862604767084121,-1.2436488440646625,65.61667896171015,-1.1322797536849976,0.1017486080527305,-0.1862604767084121,0.601638913154602,0.468599408864975,0.2119451314210891,-0.6111665964126587,5,1.0,1.0,1.0,1.0,0,0,-0.1918143249228829,0.6282295097318481,-500,-500,thymio-09
138,1788225084.6655507,-1.1322797536849976,-0.1862604767084121,-1.2436488440646625,65.51667896171016,-1.1322797536849976,0.1017486080527305,-0.1862604767084121,0.601638913154602,0.468599408864975,0.2119451314210891,-0.6111665964126587,5,1.0,1.0,1.0,1.0,0,0,-0.1917553258150239,0.6282291829035739,-500,-500,thymio-09
139,1788225085.2738252,-1.235938549041748,-0.3086254298686981,-1.2951502490208648,64.82858019071291,-1.235938549041748,0.1000500172376632,-0.3086254298686981,0.5977860689163208,0.4596558213233948,0.220429852604866,-0.6186913847923279,5,1.0,1.0,1.0,1.0,0,0,-0.1916719311818166,0.6282289785832834,-500,-500,thymio-09
140,1788225085.8823185,-1.2894701957702637,-0.3709364533424377,-1.2626710991327434,64.44498639062634,-1.2894701957702637,0.1004093810915947,-0.3709364533424377,0.6009884476661682,0.4638883471488952,0.2102496325969696,-0.6159671545028687,5,1.0,1.0,1.0,1.0,0,0,-0.1916312183085068,0.6282298053522479,-500,-500,thymio-09
141,1788225086.491093,-1.2894701957702637,-0.3709364533424377,-1.2626710991327434,64.34498639062635,-1.2894701957702637,0.1004093810915947,-0.3709364533424377,0.6009884476661682,0.4638883471488952,0.2102496325969696,-0.6159671545028687,5,1.0,1.0,1.0,1.0,0,0,-0.1916783199714037,0.6282327437701859,-500,-500,thymio-09
142,1788225087.0994232,-1.3776615858078003,-0.4728590846061706,-1.2694804438542726,63.76410670126907,-1.3776615858078003,0.1004944816231727,-0.4728590846061706,0.6024634838104248,0.4612613618373871,0.2094331532716751,-0.6167767643928528,5,1.0,1.0,1.0,1.0,0,0,-0.1916125783594859,0.628231905735548,-500,-500,thymio-09
143,1788225087.7031276,-1.5174517631530762,-0.6342438459396362,-1.297984280647955,63.76410670126907,-1.5174517631530762,0.1013904213905334,-0.6342438459396362,0.6037671566009521,0.4542415142059326,0.2134509980678558,-0.6193292140960693,5,-0.8796695713821927,1.0,1.0,1.0,0,0,-0.0,0.6238163660168595,-94,94,thymio-09
144,1788225088.3120935,-1.5174517631530762,-0.6342438459396362,-1.297984280647955,63.66410670126907,-1.5174517631530762,0.1013904213905334,-0.6342438459396362,0.6037671566009521,0.4542415142059326,0.2134509980678558,-0.6193292140960693,5,-0.8796695713821927,1.0,1.0,1.0,0,0,-0.0,0.6282593498145461,-95,95,thymio-09
145,1788225088.9207509,-1.556071162223816,-0.6791386008262634,-1.3409542975688675,63.41356102421592,-1.556071162223816,0.1018000245094299,-0.6791386008262634,0.6079657077789307,0.4366643726825714,0.1995302885770797,-0.632368266582489,5,1.0,1.0,1.0,1.0,0,0,-0.1827336721555141,0.6283101777013919,-500,-500,thymio-09
146,1788225089.52887,-1.554403305053711,-0.686965823173523,-1.4925151420696756,63.31356102421592,-1.554403305053711,0.1020995900034904,-0.686965823173523,0.635156512260437,0.2716602683067322,0.0405375137925148,-0.7218958735466003,5,1.0,1.0,1.0,1.0,0,0,-0.1898737376649595,0.628255508458322,-500,-500,thymio-09
147,1788225090.137786,-1.6430755853652954,-0.7148548364639282,-1.505820907585707,62.71430926077235,-1.6430755853652954,0.1030480936169624,-0.7148548364639282,0.6366945505142212,0.2576329708099365,0.0336834341287612,-0.7260239720344543,5,1.0,1.0,1.0,1.0,0,0,-0.1905799536084192,0.6282116768321315,-500,-500,thymio-09
148,1788225090.7467742,-1.6430755853652954,-0.7148548364639282,-1.505820907585707,62.61430926077235,-1.6430755853652954,0.1030480936169624,-0.7148548364639282,0.6366945505142212,0.2576329708099365,0.0336834341287612,-0.7260239720344543,5,1.0,1.0,1.0,1.0,0,0,-0.1913214813814683,0.6282363003877989,-500,-500,thymio-09
149,1788225091.3550484,-1.7362395524978638,-0.7416110634803772,-1.4998988520205805,62.04514887973259,-1.7362395524978638,0.1048039123415947,-0.7416110634803772,0.6384372115135193,0.2606639564037323,0.0339064933359622,-0.7233966588973999,5,1.0,1.0,1.0,1.0,0,0,-0.1915471781900946,0.6282421174347043,-500,-500,thymio-09
150,1788225091.9634762,-1.837470293045044,-0.7700108289718628,-1.5122331872684844,61.425162453362944,-1.837470293045044,0.104869320988655,-0.7700108289718628,0.6340930461883545,0.247859314084053,0.0258698686957359,-0.7319990992546082,5,1.0,1.0,1.0,1.0,0,0,-0.1915244757143946,0.6282421616714136,-500,-500,thymio-09
151,1788225092.5720303,-1.9748214483261108,-0.8035473823547363,-1.4944935600495497,60.65320792951817,-1.9748214483261108,0.1069917902350425,-0.8035473823547363,0.6373661756515503,0.2500672340393066,0.0175832733511924,-0.7286436557769775,5,1.0,1.0,1.0,1.0,0,2749,0.08,0.6282411952627432,189,379,thymio-09
152,1788225093.1799102,-1.9748214483261108,-0.8035473823547363,-1.4944935600495497,60.553207929518166,-1.9748214483261108,0.1069917902350425,-0.8035473823547363,0.6373661756515503,0.2500672340393066,0.0175832733511924,-0.7286436557769775,5,1.0,1.0,1.0,1.0,0,2978,0.08,0.6282436078899369,189,379,thymio-09
153,1788225093.7877932,-2.0241048336029053,-0.8170766830444336,-1.4032074303151254,60.22504456234847,-2.0241048336029053,0.1042879298329353,-0.8170766830444336,0.5962890386581421,0.2818346321582794,-0.022514360025525,-0.7513334155082703,5,1.0,1.0,1.0,1.0,0,2255,0.08,0.6282433333165791,189,379,thymio-09
154,1788225094.396178,-1.969051957130432,-0.8172408938407898,-1.5334540700303965,60.12504456234847,-1.969051957130432,0.1087591126561164,-0.8172408938407898,-0.6277235150337219,-0.1047713980078697,0.0973506793379783,0.7651856541633606,5,1.0,1.0,1.0,1.0,0,0,-0.1915430632103945,0.6282457016953815,-500,-500,thymio-09
155,1788225095.00453,-1.9527604579925537,-0.8219440579414368,-1.5796352586235358,60.02504456234847,-1.9527604579925537,0.1065508052706718,-0.8219440579414368,-0.622779905796051,-0.0393501557409763,0.1205590888857841,0.7720506191253662,5,1.0,1.0,1.0,1.0,0,0,-0.1913975796375716,0.628242598982892,-500,-500,thymio-09
156,1788225095.6131394,-1.9527604579925537,-0.8219440579414368,-1.5796352586235358,59.92504456234847,-1.9527604579925537,0.1065508052706718,-0.8219440579414368,-0.622779905796051,-0.0393501557409763,0.1205590888857841,0.7720506191253662,5,1.0,1.0,1.0,1.0,0,2906,0.08,0.6282400661190342,189,379,thymio-09
157,1788225096.221936,-2.02290415763855,-0.7867459654808044,-1.5899499920598958,59.49442591342831,-2.02290415763855,0.106634147465229,-0.7867459654808044,0.5951768159866333,-0.0320687592029571,-0.1636868864297866,-0.7860934734344482,5,1.0,1.0,1.0,1.0,0,2151,0.08,0.6282389622724662,189,379,thymio-09
158,1788225096.8305018,-2.0534415245056152,-0.7767916321754456,-1.492890930587857,59.31153626215716,-2.0534415245056152,0.1095153391361236,-0.7767916321754456,0.5397125482559204,-0.0830222219228744,-0.238849252462387,-0.8029749989509583,5,1.0,1.0,1.0,1.0,0,0,-0.1909314469237464,0.6282384433564605,-500,-500,thymio-09
159,1788225097.439001,-2.0534415245056152,-0.7767916321754456,-1.492890930587857,59.21153626215716,-2.0534415245056152,0.1095153391361236,-0.7767916321754456,0.5397125482559204,-0.0830222219228744,-0.238849252462387,-0.8029749989509583,5,1.0,1.0,1.0,1.0,0,2660,0.08,0.6282404204096577,189,379,thymio-09
160,1788225098.04849,-2.029711961746216,-0.7982869148254395,-1.5863210116199495,59.11153626215716,-2.029711961746216,0.1096056476235389,-0.7982869148254395,0.5241590142250061,-0.194689854979515,-0.2484332621097564,-0.7909704446792603,5,1.0,1.0,1.0,1.0,0,2132,0.08,0.6282415237841835,189,379,thymio-09
161,1788225098.656426,-2.0438363552093506,-0.7881156802177429,-1.1642874439068625,59.01153626215716,-2.0438363552093506,0.099795252084732,-0.7881156802177429,0.5725206732749939,-0.1743848621845245,-0.4559264183044433,-0.6587421298027039,5,1.0,1.0,1.0,1.0,0,0,-0.1908801524546108,0.628237711582323,-500,-500,thymio-09
162,1788225099.2649071,-2.0342984199523926,-0.8109601140022278,-0.923615121333568,58.91153626215716,-2.0342984199523926,0.0972853451967239,-0.8109601140022278,0.541376531124115,-0.2090076059103012,-0.5326688289642334,-0.6160286664962769,5,1.0,1.0,1.0,1.0,0,0,-0.1911199459815779,0.6282420521191778,-500,-500,thymio-09
163,1788225099.873183,-2.0342984199523926,-0.8109601140022278,-0.923615121333568,58.81153626215716,-2.0342984199523926,0.0972853451967239,-0.8109601140022278,0.541376531124115,-0.2090076059103012,-0.5326688289642334,-0.6160286664962769,5,1.0,1.0,1.0,1.0,0,0,-0.1915776175301324,0.628247959664185,-500,-500,thymio-09
164,1788225100.4816203,-2.05168890953064,-0.7593673467636108,-0.8347504951911531,58.67170653208514,-2.05168890953064,0.0970611125230789,-0.7593673467636108,0.5357442498207092,-0.2090736180543899,-0.555598795413971,-0.6004801988601685,5,1.0,1.0,1.0,1.0,0,0,-0.1915826352563074,0.6282394471987928,-500,-500,thymio-09
165,1788225101.090443,-2.0609443187713623,-0.6371285319328308,3.124909049531348,58.503831613003925,-2.0609443187713623,0.1275797933340072,-0.6371285319328308,0.0446050837635993,-0.5460707545280457,0.3631299138069153,-0.7536270618438721,5,1.0,1.0,1.0,1.0,0,4056,0.08,0.6281541368876912,189,379,thymio-09
166,1788225101.699191,-2.0880746841430664,-0.5979148745536804,-1.554446405762458,58.32239081561563,-2.0880746841430664,0.1129169091582298,-0.5979148745536804,0.4543184340000152,-0.291215181350708,-0.2810282409191131,-0.793606698513031,5,1.0,1.0,1.0,1.0,0,2498,0.08,0.6283013000533777,189,379,thymio-09
167,1788225102.3070714,-2.0880746841430664,-0.5979148745536804,-1.554446405762458,58.222390815615626,-2.0880746841430664,0.1129169091582298,-0.5979148745536804,0.4543184340000152,-0.291215181350708,-0.2810282409191131,-0.793606698513031,5,1.0,1.0,1.0,1.0,0,0,-0.1909082781337559,0.6281153026783183,-500,-500,thymio-09
168,1788225102.91596,-2.0774312019348145,-0.6269144415855408,-0.9317388819126275,58.12239081561562,-2.0774312019348145,0.0992187187075614,-0.6269144415855408,0.5355393290519714,-0.2082988768815994,-0.5274967551231384,-0.625744640827179,5,1.0,1.0,1.0,1.0,0,0,-0.1913362581520275,0.6281696379384925,-500,-500,thymio-09
169,1788225103.5250146,-2.0551326274871826,-0.581699013710022,1.6466206853997924,58.02239081561562,-2.0551326274871826,0.1271390616893768,-0.581699013710022,0.4208180904388428,-0.4269537627696991,-0.7948802709579468,-0.093744620680809,5,1.0,1.0,1.0,1.0,1765,0,-0.1907204372180237,0.6281903400348093,-500,-500,thymio-09
170,1788225104.1336322,-2.0551326274871826,-0.581699013710022,1.6466206853997924,57.92239081561562,-2.0551326274871826,0.1271390616893768,-0.581699013710022,0.4208180904388428,-0.4269537627696991,-0.7948802709579468,-0.093744620680809,5,1.0,1.0,1.0,1.0,0,1830,-0.1897008518836677,0.6281804732321663,-500,-500,thymio-09
171,1788225104.742155,-2.050811767578125,-0.5558567643165588,2.54320919863063,57.82239081561562,-2.050811767578125,0.1178233250975608,-0.5558567643165588,0.0852708369493484,0.5254132747650146,-0.5819016098976135,0.6148660778999329,5,1.0,1.0,1.0,1.0,0,3149,0.08,0.6279323066802338,189,379,thymio-09
172,1788225105.3509383,-2.050811767578125,-0.5558567643165588,2.54320919863063,57.72239081561562,-2.050811767578125,0.1178233250975608,-0.5558567643165588,0.0852708369493484,0.5254132747650146,-0.5819016098976135,0.6148660778999329,5,1.0,1.0,1.0,1.0,0,0,-0.1728052409503102,0.6277224339491957,-500,-500,thymio-09
173,1788225105.9588397,-2.0970919132232666,-0.4465113878250122,-1.876863777155089,57.37363483947232,-2.0970919132232666,0.1227756887674331,-0.4465113878250122,-0.377734899520874,0.3966095745563507,0.1596490293741226,0.8212973475456238,5,1.0,1.0,1.0,1.0,0,0,-0.1912739642817088,0.6282673818812349,-500,-500,thymio-09
174,1788225106.567011,-2.060025930404663,-0.4706348776817322,2.783364588417358,57.27363483947232,-2.060025930404663,0.123649738729,-0.4706348776817322,0.0304950438439846,0.5412935018539429,-0.4924846887588501,0.6808306574821472,5,1.0,1.0,1.0,1.0,0,2986,0.08,0.6279216733192294,189,379,thymio-09
175,1788225107.1766465,-2.063401699066162,-0.4141866266727447,2.6864817446725144,57.17363483947232,-2.063401699066162,0.1215227544307708,-0.4141866266727447,0.126470685005188,0.4965377449989319,-0.5632277131080627,0.648251473903656,5,1.0,1.0,1.0,1.0,0,2712,0.08,0.6273276227302873,190,379,thymio-09
176,1788225107.785652,-2.089327573776245,-0.4359005391597748,-0.7805834513003687,57.01206369026848,-2.089327573776245,0.0982049778103828,-0.4359005391597748,-0.533502995967865,0.176979124546051,0.5681496262550354,0.6010483503341675,5,1.0,1.0,1.0,1.0,0,0,-0.1830803564212973,0.6281456026761252,-500,-500,thymio-09
177,1788225108.3938196,-2.089327573776245,-0.4359005391597748,-0.7805834513003687,56.91206369026848,-2.089327573776245,0.0982049778103828,-0.4359005391597748,-0.533502995967865,0.176979124546051,0.5681496262550354,0.6010483503341675,5,1.0,1.0,1.0,1.0,0,0,-0.1790575827482068,0.6279628885794063,-500,-500,thymio-09
178,1788225109.003337,-2.0863969326019287,-0.4564633965492248,-0.9540388032407092,56.81206369026848,-2.0863969326019287,0.1057314500212669,-0.4564633965492248,-0.4629636108875274,0.336158275604248,0.4937246739864349,0.6549032330513,5,1.0,1.0,1.0,1.0,2252,0,-0.08,0.6280694331295246,-379,-189,thymio-09
179,1788225109.6117563,-2.061087846755981,-0.3830729126930237,2.7632049635375804,56.71206369026848,-2.061087846755981,0.1236457079648971,-0.3830729126930237,-0.0163812413811683,0.5677983164787292,-0.4698076546192169,0.6757347583770752,5,1.0,1.0,1.0,1.0,4046,0,-0.08,0.6281172908806785,-379,-189,thymio-09
180,1788225110.2205331,-2.061087846755981,-0.3830729126930237,2.7632049635375804,56.61206369026848,-2.061087846755981,0.1236457079648971,-0.3830729126930237,-0.0163812413811683,0.5677983164787292,-0.4698076546192169,0.6757347583770752,5,1.0,1.0,1.0,1.0,4019,0,-0.08,0.6273934508018717,-379,-190,thymio-09
181,1788225110.8245802,10000.0,10000.0,0.0,56.61206369026848,-2.061087846755981,0.1236457079648971,-0.3830729126930237,-0.0163812413811683,0.5677983164787292,-0.4698076546192169,0.6757347583770752,5,1.0,1.0,-1.0,1.0,2828,0,-0.08,0.615422750812437,-377,-191,thymio-09
182,1788225111.4274986,-2.062906265258789,-0.1679406613111496,1.990922775903238,56.61206369026848,-2.062906265258789,0.1081989407539367,-0.1679406613111496,0.1442179232835769,0.4849761426448822,-0.7570793032646179,0.4133162200450897,5,1.0,1.0,1.0,1.0,1833,0,-0.0851267739783872,0.628184441964442,-397,-208,thymio-09
183,1788225112.0360048,-2.062906265258789,-0.1679406613111496,1.990922775903238,56.51206369026848,-2.062906265258789,0.1081989407539367,-0.1679406613111496,0.1442179232835769,0.4849761426448822,-0.7570793032646179,0.4133162200450897,5,1.0,1.0,1.0,1.0,0,0,-0.0232176077195393,0.6203859192001446,-176,11,thymio-09
184,1788225112.6438322,-1.9807393550872805,-0.1230426803231239,1.0211832380543893,56.41206369026848,-1.9807393550872805,0.108766533434391,-0.1230426803231239,-0.025882439687848,-0.750266969203949,-0.6305577158927917,-0.1970451325178146,5,1.0,1.0,1.0,1.0,0,0,-0.0268000783763674,0.6237529458371178,-189,-1,thymio-09
185,1788225113.2526782,-1.9327484369277956,-0.1144266724586486,0.9957266653438372,56.31206369026848,-1.9327484369277956,0.1092939376831054,-0.1144266724586486,-0.1987821012735366,-0.7775847315788269,-0.596519947052002,-0.0034479063469916,5,1.0,1.0,1.0,1.0,0,0,-0.0478590488103942,0.6240875902237569,-264,-76,thymio-09
186,1788225113.8613975,-1.9327484369277956,-0.1144266724586486,0.9957266653438372,56.21206369026847,-1.9327484369277956,0.1092939376831054,-0.1144266724586486,-0.1987821012735366,-0.7775847315788269,-0.596519947052002,-0.0034479063469916,5,1.0,1.0,1.0,1.0,0,0,-0.0642064105821207,0.6234568553826664,-322,-134,thymio-09
187,1788225114.4693265,-1.91437828540802,-0.1159229502081871,0.9945545476715862,56.11206369026847,-1.91437828540802,0.1074144020676612,-0.1159229502081871,-0.2751381397247314,-0.7661887407302856,-0.5669403672218323,0.1258274167776107,5,1.0,1.0,1.0,1.0,0,0,-0.0663711194611335,0.6229710839707188,-330,-142,thymio-09
188,1788225115.0781944,-1.8671369552612305,-0.176318272948265,0.4993203552634768,56.01206369026847,-1.8671369552612305,0.107217364013195,-0.176318272948265,-0.4654712975025177,-0.6670792102813721,-0.4319605231285095,0.3895536959171295,5,1.0,1.0,1.0,1.0,0,0,-0.0609265595930379,0.6222987486572787,-310,-123,thymio-09
189,1788225115.6862605,-1.8646749258041384,-0.2445010989904403,-0.9275604246250312,55.91206369026847,-1.8646749258041384,0.1064786911010742,-0.2445010989904403,-0.5629072785377502,-0.5419477224349976,-0.3074651658535003,0.5430406332015991,5,1.0,1.0,1.0,1.0,0,0,-0.0523574782670988,0.6209258089026628,-280,-92,thymio-09
190,1788225116.294077,-1.8646749258041384,-0.2445010989904403,-0.9275604246250312,55.81206369026847,-1.8646749258041384,0.1064786911010742,-0.2445010989904403,-0.5629072785377502,-0.5419477224349976,-0.3074651658535003,0.5430406332015991,5,1.0,1.0,1.0,1.0,0,0,0.0015625118219859,0.595009596079911,-84,95,thymio-09
191,1788225116.9035418,-1.881667137145996,-0.2873448729515075,-1.3339866435583807,55.682558001372506,-1.881667137145996,0.1062574535608291,-0.2873448729515075,-0.6108104586601257,-0.4365505576133728,-0.1974806785583496,0.6303457021713257,5,1.0,1.0,1.0,1.0,0,0,0.0401980636575678,0.4858688537269883,69,216,thymio-09
192,1788225117.5115075,-1.894842505455017,-0.3142701685428619,-1.4865198141612617,55.5825580013725,-1.894842505455017,0.1074875816702842,-0.3142701685428619,-0.6391454935073853,-0.2476505488157272,-0.0100799454376101,0.7280526757240295,5,1.0,1.0,1.0,1.0,0,0,0.0841918997261254,0.0029994416648087,299,300,thymio-09
193,1788225118.1202357,-1.894842505455017,-0.3142701685428619,-1.4865198141612617,55.4825580013725,-1.894842505455017,0.1074875816702842,-0.3142701685428619,-0.6391454935073853,-0.2476505488157272,-0.0100799454376101,0.7280526757240295,5,1.0,1.0,1.0,1.0,0,0,0.1070096227660939,-0.5672967304160496,466,295,thymio-09
194,1788225118.7288764,-1.874935746192932,-0.3183058798313141,-1.5145934952086963,55.3825580013725,-1.874935746192932,0.1074975281953811,-0.3183058798313141,0.6361258625984192,0.1655799746513366,-0.0554323866963386,-0.7515680193901062,5,1.0,1.0,1.0,1.0,0,0,0.1173586729674529,-0.624271957038948,500,323,thymio-09
195,1788225119.3384936,-1.7255340814590454,-0.3095441162586212,-1.5085374693924776,55.2825580013725,-1.7255340814590454,0.1044155061244964,-0.3095441162586212,-0.6342450976371765,-0.252911627292633,-0.0291273184120655,0.7300140261650085,5,1.0,1.0,1.0,1.0,0,0,0.1176459514591204,-0.6271380575187612,500,323,thymio-09
196,1788225119.947096,-1.6575847864151,-0.2751138210296631,-1.4408450936720107,55.1825580013725,-1.6575847864151,0.104327268898487,-0.2751138210296631,-0.6312887072563171,-0.3497291803359985,-0.1113629713654518,0.6832001805305481,5,1.0,1.0,1.0,1.0,0,0,0.1205935996794093,-0.6276121332897914,500,334,thymio-09
197,1788225120.5558589,-1.6575847864151,-0.2751138210296631,-1.4408450936720107,55.0825580013725,-1.6575847864151,0.104327268898487,-0.2751138210296631,-0.6312887072563171,-0.3497291803359985,-0.1113629713654518,0.6832001805305481,5,1.0,1.0,1.0,1.0,0,0,0.1181191464072847,-0.6277677117574044,500,325,thymio-09
1,1788224670.5731485,3.0975027084350586,1.366695523262024,-1.4171993781470285,100.0,3.0975027084350586,0.0968048572540283,1.366695523262024,0.5806393027305603,0.0416013561189174,-0.2245332598686218,-0.7814807295799255,5,-0.6855521580563749,1.0,-0.7398201027957161,1.0,0,0,-0.0133217906924992,0.6281659358382446,-142,48,thymio-11
2,1788224671.1760736,2.9832780361175537,-0.4237926602363586,0.653094941317311,100.0,2.9832780361175537,0.0829607248306274,-0.4237926602363586,0.2124952971935272,-0.6111037731170654,-0.5772078633308411,-0.4982259273529053,5,-0.6211069636203559,1.0,-0.7085086222874208,1.0,0,0,-0.0516371380600877,0.5074098699124553,-260,-107,thymio-11
3,1788224671.783896,2.9851415157318115,-0.4088328778743744,0.8555614959219366,99.9,2.9851415157318115,0.0833615064620971,-0.4088328778743744,0.089871659874916,-0.6900995373725891,-0.6108865141868591,-0.3774962127208709,5,-0.6806548466021579,1.0,-0.7058772827602581,-0.6360073048854187,0,0,-0.0271186661651881,0.0717083018393058,-107,-86,thymio-11
4,1788224672.3921874,2.9851415157318115,-0.4088328778743744,0.8555614959219366,99.8,2.9851415157318115,0.0833615064620971,-0.4088328778743744,0.089871659874916,-0.6900995373725891,-0.6108865141868591,-0.3774962127208709,5,-0.6806548466021579,1.0,-0.7058772827602581,-0.6360073048854187,0,0,-0.0271186661651881,0.054773852493496,-105,-88,thymio-11
5,1788224673.0002902,3.032160758972168,-0.3717430233955383,0.9314234528000718,99.70000000000002,3.032160758972168,0.0836037620902061,-0.3717430233955383,-0.0322029143571853,-0.7464442253112793,-0.6196858286857605,-0.240361288189888,5,-0.704206339560873,1.0,-0.7581492540436012,-0.5729867883066628,0,0,-0.0166119999372361,0.4119183232198908,-121,3,thymio-11
6,1788224673.6088028,3.0533447265625,-0.3630281090736389,0.9292974237192864,99.60000000000002,3.0533447265625,0.0834548100829124,-0.3630281090736389,-0.0452148206532001,-0.7526357173919678,-0.6152771711349487,-0.2300635278224945,5,-0.678814037163977,1.0,-0.7606931049759267,-0.5370398279302124,0,0,-0.0161006858998387,0.5736524807134843,-144,29,thymio-11
7,1788224674.2167194,3.0533447265625,-0.3630281090736389,0.9292974237192864,99.50000000000004,3.0533447265625,0.0834548100829124,-0.3630281090736389,-0.0452148206532001,-0.7526357173919678,-0.6152771711349487,-0.2300635278224945,5,-0.678814037163977,1.0,-0.7606931049759267,-0.5370398279302124,0,0,-0.0161006858998387,0.4991267301102797,-133,18,thymio-11
8,1788224674.8247757,3.074605941772461,-0.352215826511383,0.9565077396824327,99.40000000000003,3.074605941772461,0.0831426680088043,-0.352215826511383,-0.1598804146051406,-0.7840243577957153,-0.5950005054473877,-0.0756212323904037,5,-0.6497407602295604,1.0,-0.7702986446605208,-0.502936067895918,0,0,-0.0141699724232353,0.337919960876558,-101,1,thymio-11
9,1788224675.4334233,3.0938072204589844,-0.3484306037425995,0.9077847411099818,99.30000000000004,3.0938072204589844,0.0820841342210769,-0.3484306037425995,-0.273278534412384,-0.786249577999115,-0.5497642755508423,0.0699266493320465,5,-0.6223434559277892,1.0,-0.7770182419345627,-0.4760217116350461,0,0,-0.0128193333711528,0.2615195566873896,-85,-6,thymio-11
10,1788224676.0415962,3.117757797241211,-0.3569965660572052,0.7481574783516316,99.20000000000005,3.117757797241211,0.0827947854995727,-0.3569965660572052,-0.3971648216247558,-0.7407824993133545,-0.4823450148105621,0.2466671764850616,5,-0.5831353069384644,1.0,-0.776163635170659,-0.4720817858238282,0,0,-0.0129911093306975,0.2430066649464267,-83,-9,thymio-11
11,1788224676.6492543,3.117757797241211,-0.3569965660572052,0.7481574783516316,99.10000000000004,3.117757797241211,0.0827947854995727,-0.3569965660572052,-0.3971648216247558,-0.7407824993133545,-0.4823450148105621,0.2466671764850616,5,-0.5831353069384644,1.0,-0.776163635170659,-0.4720817858238282,0,0,-0.0129911093306975,0.2488601100365037,-84,-9,thymio-11
12,1788224677.2577531,3.132430076599121,-0.3708914220333099,0.4365596266984628,99.00000000000006,3.132430076599121,0.083266295492649,-0.3708914220333099,-0.467645913362503,-0.6942383646965027,-0.4085927009582519,0.3638578653335571,5,-0.7699567690499245,1.0,1.0,-0.4365932153569258,0,0,-0.0142386894209651,0.2787879021904075,-93,-8,thymio-11
13,1788224677.8674047,3.1391618251800537,-0.3819948732852936,0.0801859031371279,98.90000000000006,3.1391618251800537,0.0830350890755653,-0.3819948732852936,-0.508779764175415,-0.6590684652328491,-0.3629693686962127,0.418360024690628,5,-0.7619113300217353,1.0,1.0,-0.5411056520713717,0,0,-0.0158558226656312,0.623721838059398,-151,38,thymio-11
14,1788224678.4757907,3.1391618251800537,-0.3819948732852936,0.0801859031371279,98.80000000000008,3.1391618251800537,0.0830350890755653,-0.3819948732852936,-0.508779764175415,-0.6590684652328491,-0.3629693686962127,0.418360024690628,5,-0.7619113300217353,1.0,1.0,-0.5411056520713717,0,0,-0.0158558226656312,0.6238769060738294,-151,38,thymio-11
15,1788224679.0840032,3.1473355293273926,-0.4038349688053131,-0.8247511691420919,98.70000000000007,3.1473355293273926,0.0813055485486984,-0.4038349688053131,-0.5558754205703735,-0.5653941631317139,-0.2803618907928467,0.5410445332527161,5,-0.7411277039842274,-0.4290816382974013,1.0,-0.5305326021266108,0,0,-0.0200333314991702,0.5263672604338829,-151,8,thymio-11
16,1788224679.6922529,3.145615100860596,-0.4323278665542602,-1.365950802600184,98.60000000000008,3.145615100860596,0.0826119109988212,-0.4323278665542602,-0.6173712611198425,-0.3770032227039337,-0.0785070061683654,0.6859723329544067,5,1.0,-0.4312501722395629,1.0,-0.704590775934226,0,0,-0.0273772540372205,0.6218591572643852,-191,-3,thymio-11
17,1788224680.300501,3.125571250915528,-0.453855961561203,-1.484982340793378,98.50000000000009,3.125571250915528,0.082145981490612,-0.453855961561203,-0.6246386170387268,-0.182146668434143,0.0733726695179939,0.755821168422699,5,1.0,-0.4621119275005845,1.0,-0.6604950930570654,0,0,-0.0362404862955298,0.4722584103549719,-200,-57,thymio-11
18,1788224680.9092824,3.09779953956604,-0.4621512591838836,-1.4770876220532074,98.40000000000008,3.09779953956604,0.0816923826932907,-0.4621512591838836,-0.5918352603912354,-0.018687330186367,0.2062758654356002,0.7789943218231201,5,1.0,-0.4985659663334646,1.0,-0.6194478828246641,0,0,-0.0444909755522425,0.4729910528244676,-230,-87,thymio-11
19,1788224681.5177813,3.09779953956604,-0.4621512591838836,-1.4770876220532074,98.3000000000001,3.09779953956604,0.0816923826932907,-0.4621512591838836,-0.5918352603912354,-0.018687330186367,0.2062758654356002,0.7789943218231201,5,1.0,-0.4985659663334646,1.0,-0.6194478828246641,0,0,0.1564195335727301,0.4653085984706988,486,500,thymio-11
20,1788224682.126299,3.046489953994751,-0.4494434893131256,-1.4048997194003396,98.2000000000001,3.046489953994751,0.0814331173896789,-0.4494434893131256,0.5274864435195923,-0.1665390282869339,-0.3329919874668121,-0.763635516166687,5,1.0,-0.5461661247730527,1.0,-0.5702411626313142,0,0,0.1838884424246388,0.4989532207403123,500,500,thymio-11
21,1788224682.7348633,3.1082770824432373,-0.4964902102947235,-1.3790038980711108,98.10000000000012,3.1082770824432373,0.0809978544712066,-0.4964902102947235,-0.5286619663238525,0.1445212811231613,0.3352976739406585,0.7662935256958008,5,1.0,-0.5024101267071194,1.0,-0.5317852092322677,0,0,0.1794815381028236,0.411486597814814,500,500,thymio-11
22,1788224683.343166,3.1082770824432373,-0.4964902102947235,-1.3790038980711108,98.00000000000011,3.1082770824432373,0.0809978544712066,-0.4964902102947235,-0.5286619663238525,0.1445212811231613,0.3352976739406585,0.7662935256958008,5,1.0,-0.5024101267071194,1.0,-0.5317852092322677,0,0,0.05,0.4520557350733021,109,246,thymio-11
23,1788224683.9514697,3.2491888999938965,-0.5986106991767883,-1.3948765770246814,97.90000000000012,3.2491888999938965,0.0804914012551307,-0.5986106991767883,-0.5261508822441101,0.1591512411832809,0.3336425125598907,0.7658451795578003,5,1.0,-0.3828469047368668,1.0,-0.4571497098494277,0,0,0.05,0.4325243295586187,112,243,thymio-11
24,1788224684.559278,3.268141269683838,-0.6258422136306763,-1.2454530475214949,97.80000000000013,3.268141269683838,0.0800006985664367,-0.6258422136306763,-0.467241108417511,0.2619466483592987,0.4066132307052612,0.7400914430618286,5,1.0,-0.3750964957800041,1.0,-0.4277920290377925,0,0,0.05,0.5189555828916731,99,256,thymio-11
25,1788224685.167065,3.268141269683838,-0.6258422136306763,-1.2454530475214949,97.70000000000012,3.268141269683838,0.0800006985664367,-0.6258422136306763,-0.467241108417511,0.2619466483592987,0.4066132307052612,0.7400914430618286,5,1.0,-0.3750964957800041,1.0,-0.4277920290377925,0,0,0.05,0.5212586930690846,99,256,thymio-11
26,1788224685.7699854,10000.0,10000.0,0.0,97.70000000000012,3.268141269683838,0.0800006985664367,-0.6258422136306763,-0.467241108417511,0.2619466483592987,0.4066132307052612,0.7400914430618286,5,1.0,1.0,-1.0,1.0,0,0,0.03,-0.0351839465502829,112,101,thymio-11
27,1788224686.373585,10000.0,10000.0,0.0,97.70000000000012,3.268141269683838,0.0800006985664367,-0.6258422136306763,-0.467241108417511,0.2619466483592987,0.4066132307052612,0.7400914430618286,5,1.0,1.0,-1.0,1.0,0,0,0.03,0.4562513402223423,38,175,thymio-11
28,1788224686.9768753,10000.0,10000.0,0.0,97.70000000000012,3.268141269683838,0.0800006985664367,-0.6258422136306763,-0.467241108417511,0.2619466483592987,0.4066132307052612,0.7400914430618286,5,1.0,1.0,-1.0,1.0,0,0,0.03,0.5999845524339172,16,197,thymio-11
29,1788224687.5799203,3.251861572265625,-0.7648022770881653,0.7612400918613051,97.70000000000012,3.251861572265625,0.0790156349539756,-0.7648022770881653,-0.110665738582611,0.6606938242912292,0.6086953282356262,0.4251197874546051,5,-0.4678659174177986,1.0,-0.3062879627940924,1.0,0,0,0.121551008343116,0.6251386936499119,337,500,thymio-11
30,1788224688.1882856,3.251861572265625,-0.7648022770881653,0.7612400918613051,97.60000000000014,3.251861572265625,0.0790156349539756,-0.7648022770881653,-0.110665738582611,0.6606938242912292,0.6086953282356262,0.4251197874546051,5,-0.4678659174177986,1.0,-0.3062879627940924,1.0,0,0,0.1456730678086012,0.6271283148294431,423,500,thymio-11
31,1788224688.7920637,10000.0,10000.0,0.0,97.60000000000014,3.251861572265625,0.0790156349539756,-0.7648022770881653,-0.110665738582611,0.6606938242912292,0.6086953282356262,0.4251197874546051,5,1.0,1.0,-1.0,1.0,0,0,0.0078790566450351,0.6282422687690821,-67,123,thymio-11
32,1788224689.3956754,10000.0,10000.0,0.0,97.60000000000014,3.251861572265625,0.0790156349539756,-0.7648022770881653,-0.110665738582611,0.6606938242912292,0.6086953282356262,0.4251197874546051,5,1.0,1.0,-1.0,1.0,0,0,0.0236726145445182,0.622273676028722,-10,178,thymio-11
33,1788224689.999387,10000.0,10000.0,0.0,97.60000000000014,3.251861572265625,0.0790156349539756,-0.7648022770881653,-0.110665738582611,0.6606938242912292,0.6086953282356262,0.4251197874546051,5,1.0,1.0,-1.0,1.0,0,0,-0.03,0.6232854524031884,-201,-12,thymio-11
34,1788224690.6023133,10000.0,10000.0,0.0,97.60000000000014,3.251861572265625,0.0790156349539756,-0.7648022770881653,-0.110665738582611,0.6606938242912292,0.6086953282356262,0.4251197874546051,5,1.0,1.0,-1.0,1.0,0,0,-0.03,0.6261694483008192,-201,-12,thymio-11
35,1788224691.2057447,10000.0,10000.0,0.0,97.60000000000014,3.251861572265625,0.0790156349539756,-0.7648022770881653,-0.110665738582611,0.6606938242912292,0.6086953282356262,0.4251197874546051,5,1.0,1.0,-1.0,1.0,0,0,-0.03,0.6247154881577418,-201,-12,thymio-11
36,1788224691.8090694,10000.0,10000.0,0.0,97.60000000000014,3.251861572265625,0.0790156349539756,-0.7648022770881653,-0.110665738582611,0.6606938242912292,0.6086953282356262,0.4251197874546051,5,1.0,1.0,-1.0,1.0,0,0,-0.03,0.624493239711649,-201,-12,thymio-11
37,1788224692.4119754,10000.0,10000.0,0.0,97.60000000000014,3.251861572265625,0.0790156349539756,-0.7648022770881653,-0.110665738582611,0.6606938242912292,0.6086953282356262,0.4251197874546051,5,1.0,1.0,-1.0,1.0,0,0,-0.03,0.6246463994716629,-201,-12,thymio-11
38,1788224693.0151267,3.0977556705474854,-0.8395954966545105,0.9164036497757716,97.60000000000014,3.0977556705474854,0.0788263827562332,-0.8395954966545105,0.1767725795507431,0.7891051173210144,0.582091212272644,0.0850550755858421,5,-0.6017180188350224,1.0,-0.1092605205186022,1.0,0,0,0.1324312199717265,0.6092126385796757,379,500,thymio-11
39,1788224693.623042,3.0977556705474854,-0.8395954966545105,0.9164036497757716,97.50000000000014,3.0977556705474854,0.0788263827562332,-0.8395954966545105,0.1767725795507431,0.7891051173210144,0.582091212272644,0.0850550755858421,5,-0.6017180188350224,1.0,-0.1092605205186022,1.0,0,0,0.1778873313291231,0.4771669252250782,500,500,thymio-11
40,1788224694.231105,3.150470018386841,-0.924679160118103,-1.3749392663696962,97.40000000000016,3.150470018386841,0.0773354619741439,-0.924679160118103,-0.6099326610565186,-0.3686745762825012,-0.0657619535923004,0.6983814835548401,5,1.0,1.0,1.0,-0.6649867484830145,0,0,0.1338798106088604,0.4491089705560899,408,500,thymio-11
41,1788224694.8394098,3.2692689895629883,-0.8421461582183838,-1.4104504457974725,97.30000000000015,3.2692689895629883,0.0777857676148414,-0.8421461582183838,-0.6191842555999756,-0.336575835943222,-0.0479418449103832,0.7078341841697693,5,1.0,-0.613335966898289,1.0,-0.3148878369315722,0,0,0.1580997006283044,0.6056843694143934,470,500,thymio-11
42,1788224695.4478545,3.2692689895629883,-0.8421461582183838,-1.4104504457974725,97.20000000000016,3.2692689895629883,0.0777857676148414,-0.8421461582183838,-0.6191842555999756,-0.336575835943222,-0.0479418449103832,0.7078341841697693,5,1.0,-0.613335966898289,1.0,-0.3148878369315722,0,0,0.1034449053684268,0.6276417478057804,273,462,thymio-11
43,1788224696.0563474,3.358316659927368,-0.7945070266723633,-1.4199692444360832,97.10000000000016,3.358316659927368,0.0791085213422775,-0.7945070266723633,-0.6131249070167542,-0.2892154157161712,0.0093039525672793,0.73508220911026,5,1.0,-0.4895340581971629,1.0,-0.2795482741533845,0,0,-0.0487570197229832,0.6283027123528413,-268,-78,thymio-11
44,1788224696.6650476,3.4717695713043213,-0.7521128058433533,1.732352298277279,97.00000000000016,3.4717695713043213,0.0783047154545784,-0.7521128058433533,0.0685977861285209,0.5028143525123596,-0.8162593841552734,0.2760304808616638,5,-0.2338373889714153,1.0,0.145397190353208,1.0,0,0,-0.0436291554239167,0.4705335756911448,-226,-84,thymio-11
45,1788224697.27349,3.4717695713043213,-0.7521128058433533,1.732352298277279,96.90000000000018,3.4717695713043213,0.0783047154545784,-0.7521128058433533,0.0685977861285209,0.5028143525123596,-0.8162593841552734,0.2760304808616638,5,-0.2338373889714153,1.0,0.145397190353208,1.0,0,0,0.0706645951452159,0.6245986183048078,157,345,thymio-11
46,1788224697.8768609,10000.0,10000.0,0.0,96.90000000000018,3.4717695713043213,0.0783047154545784,-0.7521128058433533,0.0685977861285209,0.5028143525123596,-0.8162593841552734,0.2760304808616638,5,1.0,1.0,1.0,1.0,0,0,0.03,0.625276609736087,12,201,thymio-11
47,1788224698.4801097,3.4444689750671387,-0.7685697078704834,-1.356574960119842,96.90000000000018,3.4444689750671387,0.0756690725684166,-0.7685697078704834,-0.5064643025398254,0.2244573384523391,0.3705382347106933,0.7455295920372009,5,1.0,-0.2250018758565763,1.0,-0.1046716072290965,0,0,0.0838988969176865,0.555085287410501,214,382,thymio-11
48,1788224699.088331,3.451695680618286,-0.8042417764663696,-0.7959254091923187,96.80000000000018,3.451695680618286,0.0784636065363884,-0.8042417764663696,-0.3705147206783294,0.4065679609775543,0.48027104139328,0.6831991672515869,5,1.0,0.0448239657221509,1.0,-0.2034707173165146,0,0,0.0280670041258089,0.6281772218838324,5,195,thymio-11
49,1788224699.696875,3.451695680618286,-0.8042417764663696,-0.7959254091923187,96.7000000000002,3.451695680618286,0.0784636065363884,-0.8042417764663696,-0.3705147206783294,0.4065679609775543,0.48027104139328,0.6831991672515869,5,1.0,0.0448239657221509,1.0,-0.2034707173165146,0,0,-0.1091370195576649,0.6282923931978021,-483,-293,thymio-11
50,1788224700.305186,3.443778276443481,-0.8613008260726929,0.6715166841434637,96.6000000000002,3.443778276443481,0.0767653286457061,-0.8613008260726929,-0.2347361147403717,0.6190382838249207,0.5480571389198303,0.5111984610557556,5,-0.2586703478007103,1.0,1.0,0.15012128972484,0,0,-0.0807446488764469,0.6253516622157909,-381,-192,thymio-11
51,1788224700.9137356,3.471057653427124,-0.8086283206939697,0.7329142511937663,96.5000000000002,3.471057653427124,0.0776422470808029,-0.8086283206939697,-0.1230416744947433,0.6599676609039307,0.5906941890716553,0.4476425051689148,5,-0.2727692883226883,1.0,1.0,0.2006596126203266,0,0,-0.1041240858835554,0.6283102755468034,-465,-275,thymio-11
52,1788224701.5236194,3.471057653427124,-0.8086283206939697,0.7329142511937663,96.4000000000002,3.471057653427124,0.0776422470808029,-0.8086283206939697,-0.1230416744947433,0.6599676609039307,0.5906941890716553,0.4476425051689148,5,-0.2727692883226883,1.0,1.0,1.0,0,0,-0.0474299833510529,0.6282975311603178,-263,-74,thymio-11
53,1788224702.1319242,3.5887043476104736,-0.7317728400230408,0.9383427905374936,96.3000000000002,3.5887043476104736,0.0778862610459327,-0.7317728400230408,0.1078521758317947,0.7728611826896667,0.6054123044013977,0.1566187888383865,5,-0.2395746248652583,1.0,1.0,-0.940245802427916,0,0,0.0,0.4899772395143028,-74,74,thymio-11
54,1788224702.7408,3.616445779800415,-0.728126049041748,0.9366184993585608,96.20000000000022,3.616445779800415,0.077347308397293,-0.728126049041748,0.1869996488094329,0.7863332033157349,0.5863817930221558,0.0535510666668415,5,-0.2266606683931319,1.0,1.0,-0.9148061822386322,0,0,0.0,0.5181764026998706,-78,78,thymio-11
55,1788224703.3492355,3.616445779800415,-0.728126049041748,0.9366184993585608,96.10000000000022,3.616445779800415,0.077347308397293,-0.728126049041748,0.1869996488094329,0.7863332033157349,0.5863817930221558,0.0535510666668415,5,-0.2266606683931319,1.0,1.0,1.0,0,0,0.1858640447399608,0.5161065651266513,500,500,thymio-11
56,1788224703.952412,10000.0,10000.0,0.0,96.10000000000022,3.616445779800415,0.077347308397293,-0.728126049041748,0.1869996488094329,0.7863332033157349,0.5863817930221558,0.0535510666668415,5,1.0,1.0,1.0,1.0,0,0,0.03,0.2398762877992505,70,143,thymio-11
57,1788224704.556317,3.5936684608459477,-0.6671410202980042,0.7122963462652216,96.10000000000022,3.5936684608459477,0.0780140906572341,-0.6671410202980042,0.3987080752849579,0.755794107913971,0.4639354348182678,-0.2336045652627945,5,-0.3007124874202144,1.0,1.0,0.5988457139585475,0,0,0.1878443175950043,0.1801171005755538,500,500,thymio-11
58,1788224705.1644468,3.5936684608459477,-0.6671410202980042,0.7122963462652216,96.00000000000024,3.5936684608459477,0.0780140906572341,-0.6671410202980042,0.3987080752849579,0.755794107913971,0.4639354348182678,-0.2336045652627945,5,-0.3007124874202144,1.0,1.0,0.5988457139585475,0,0,0.1951198658017909,0.4615494267075804,500,500,thymio-11
59,1788224705.772649,3.541834592819214,-0.5706290602684021,0.5787679670494397,95.78831950768324,3.541834592819214,0.0786876752972602,-0.5706290602684021,0.4378029108047485,0.7281603813171387,0.4225702583789825,-0.3155082166194916,5,-0.3621569643244536,1.0,1.0,1.0,0,0,0.1971697761805467,0.5049081534279672,500,500,thymio-11
60,1788224706.3806612,3.4988348484039307,-0.4807935953140259,0.5249830394978479,95.57697125309603,3.4988348484039307,0.0801213160157203,-0.4807935953140259,0.4511664807796478,0.7185028195381165,0.4171028435230255,-0.3259261548519134,5,-0.4257185659300766,1.0,1.0,1.0,0,0,0.1922373728876897,0.2118384382698556,500,500,thymio-11
61,1788224706.988817,3.453700304031372,-0.3786013722419739,0.5223725391149512,95.4204048510768,3.453700304031372,0.0809692591428756,-0.3786013722419739,0.453223168849945,0.7159790396690369,0.4200360476970672,-0.3248576521873474,5,-0.3306332260724083,1.0,1.0,-0.4893124834329431,0,0,0.1812375446958212,0.1374825575043737,500,500,thymio-11
62,1788224707.597148,3.453700304031372,-0.3786013722419739,0.5223725391149512,95.32040485107682,3.453700304031372,0.0809692591428756,-0.3786013722419739,0.453223168849945,0.7159790396690369,0.4200360476970672,-0.3248576521873474,5,-0.3306332260724083,1.0,1.0,-0.4893124834329431,0,0,0.1926566330199799,0.3243292601156836,500,500,thymio-11
63,1788224708.2053142,3.39492416381836,-0.2296721041202545,0.4403725026842844,95.10926955787798,3.39492416381836,0.082308255136013,-0.2296721041202545,0.4631502628326416,0.7045859694480896,0.3990331292152405,-0.3603095710277557,5,1.0,1.0,1.0,-0.5622051057218258,0,0,0.1944234571291003,0.1884790186279692,500,500,thymio-11
64,1788224708.8132057,3.3707354068756104,-0.1467292606830597,0.3171214170485092,95.00259748268785,3.3707354068756104,0.0834399685263633,-0.1467292606830597,0.477103441953659,0.6921392679214478,0.3768289387226105,-0.3889930248260498,5,1.0,1.0,1.0,-0.5887204118411082,0,0,0.1842040072851036,0.1206084663492584,500,500,thymio-11
65,1788224709.421071,3.3707354068756104,-0.1467292606830597,0.3171214170485092,94.90259748268784,3.3707354068756104,0.0834399685263633,-0.1467292606830597,0.477103441953659,0.6921392679214478,0.3768289387226105,-0.3889930248260498,5,1.0,1.0,1.0,-0.5887204118411082,0,0,0.1816528935505011,0.4196787963477781,500,500,thymio-11
66,1788224710.029634,3.347745418548584,-0.047879621386528,0.1591367457009056,94.78251946142952,3.347745418548584,0.0840083137154579,-0.047879621386528,0.495920181274414,0.6804131865501404,0.3528920412063598,-0.4081279635429382,5,1.0,0.9033682266663712,1.0,-0.573199243226631,0,0,0.1633144717700169,0.612041771212078,488,500,thymio-11
67,1788224710.638864,3.328456163406372,0.1090289205312728,0.0236253112790323,94.56992772037552,3.328456163406372,0.0861048772931099,0.1090289205312728,-0.5110744833946228,-0.661853551864624,-0.3447779715061188,0.4264749884605407,5,1.0,-0.4918802521281963,1.0,-0.4803172055811807,0,0,0.1132785689589828,0.627246922341554,308,497,thymio-11
68,1788224711.2471087,3.328456163406372,0.1090289205312728,0.0236253112790323,94.46992772037554,3.328456163406372,0.0861048772931099,0.1090289205312728,-0.5110744833946228,-0.661853551864624,-0.3447779715061188,0.4264749884605407,5,1.0,-0.4918802521281963,1.0,-0.4803172055811807,0,0,0.0275187434856506,0.6281683144495651,3,193,thymio-11
69,1788224711.855113,3.3204147815704346,0.1863492131233215,0.0082332731839911,94.36992772037554,3.3204147815704346,0.0858066454529762,0.1863492131233215,-0.5014950633049011,-0.6562095284461975,-0.3444665968418121,0.446356862783432,5,1.0,-0.4349900922653514,1.0,-0.9805914550293988,0,0,-0.0,0.6282795669462681,-95,95,thymio-11
70,1788224712.4631572,3.333409786224365,0.2782445847988128,-1.130908885416288,94.26992772037556,3.333409786224365,0.0860482901334762,0.2782445847988128,0.5858396887779236,0.5018594264984131,0.1814527660608291,-0.6099212765693665,5,1.0,-0.9770303689039648,1.0,1.0,0,0,-0.0,0.6283141372520937,-95,95,thymio-11
71,1788224713.0712948,3.339119434356689,0.2739023864269256,1.8338664708297612,94.16992772037555,3.339119434356689,0.0867962539196014,0.2739023864269256,-0.1966250538825988,-0.4576991498470306,0.7888971567153931,-0.3598490059375763,5,-0.3721735219731332,1.0,1.0,1.0,0,0,-0.0788028159651828,0.6110390078921507,-372,-188,thymio-11
72,1788224713.6808813,3.339119434356689,0.2739023864269256,1.8338664708297612,94.06992772037556,3.339119434356689,0.0867962539196014,0.2739023864269256,-0.1966250538825988,-0.4576991498470306,0.7888971567153931,-0.3598490059375763,5,-0.3721735219731332,1.0,1.0,1.0,0,0,-0.0001053101419804,0.6282467113547612,-95,94,thymio-11
73,1788224714.288843,3.3135383129119877,0.2630298733711242,-1.4335926634578944,93.928282961494,3.3135383129119877,0.0865571871399879,0.2630298733711242,-0.6004229187965393,-0.1339050233364105,0.1492912620306015,0.7741277813911438,5,1.0,-0.3875077408308889,-0.3733872957676438,1.0,0,0,0.183009343220398,0.5447280193885536,500,500,thymio-11
74,1788224714.8967657,3.298462390899658,0.2431269288063049,-1.4524865740583828,93.828282961494,3.298462390899658,0.0857277512550354,0.2431269288063049,-0.5367728471755981,0.1255550384521484,0.2924306094646454,0.7814058661460876,5,1.0,-0.3997021060372704,-0.4019545616403827,1.0,0,0,0.1840244548439324,0.3380336717627468,500,500,thymio-11
75,1788224715.5046165,3.359590768814087,0.1991550326347351,-1.4075803670968707,93.728282961494,3.359590768814087,0.085390493273735,0.1991550326347351,0.5323861241340637,-0.1419368684291839,-0.3216639161109924,-0.7700333595275879,5,1.0,-0.4041288915246197,1.0,1.0,0,0,0.1954569617905831,0.604834492492693,500,500,thymio-11
76,1788224716.1124463,3.359590768814087,0.1991550326347351,-1.4075803670968707,93.628282961494,3.359590768814087,0.085390493273735,0.1991550326347351,0.5323861241340637,-0.1419368684291839,-0.3216639161109924,-0.7700333595275879,5,1.0,-0.3781045788012233,1.0,1.0,0,0,0.1795602074835944,0.5958127774843808,500,500,thymio-11
77,1788224716.7210865,3.4588983058929443,0.1141862869262695,-1.3691719702926433,93.528282961494,3.4588983058929443,0.0836777463555336,0.1141862869262695,-0.5126453638076782,0.1838522255420684,0.3509713113307953,0.7617167234420776,5,1.0,-0.4030717114480336,1.0,1.0,0,0,0.155912814773044,0.6256688742095533,459,500,thymio-11
78,1788224717.3293598,3.4588983058929443,0.1141862869262695,-1.3691719702926433,93.42828296149402,3.4588983058929443,0.0836777463555336,0.1141862869262695,-0.5126453638076782,0.1838522255420684,0.3509713113307953,0.7617167234420776,5,1.0,-0.4030717114480336,1.0,1.0,0,0,0.1378651547497966,0.6280118559878753,395,500,thymio-11
79,1788224717.9373162,3.591048240661621,-0.0128887305036187,-1.3605486568454408,93.32828296149404,3.591048240661621,0.0816720277070999,-0.0128887305036187,-0.4993203580379486,0.2134087234735489,0.3609432578086853,0.7581925988197327,5,1.0,-0.3756576904293454,1.0,1.0,2254,0,-0.08,0.6282823637379016,-379,-189,thymio-11
80,1788224718.5454185,3.648721933364868,-0.0946971476078033,-1.21627910558257,93.22828296149405,3.648721933364868,0.0813110843300819,-0.0946971476078033,-0.4527276158332824,0.2867869436740875,0.4150748252868652,0.73518967628479,5,1.0,-0.3405249766523003,1.0,1.0,1436,0,0.1551776604793618,0.6283049206945777,456,500,thymio-11
81,1788224719.153428,3.628497838973999,-0.0693835616111755,-0.7910141585260764,93.12828296149404,3.628497838973999,0.0812066122889518,-0.0693835616111755,-0.3775872886180877,0.4001864492893219,0.4859622418880462,0.6790577173233032,5,1.0,-0.3756133408339132,1.0,1.0,1479,0,0.1543684487182424,0.6282537883125512,454,500,thymio-11
82,1788224719.762834,3.6482322216033936,-0.1680160164833068,-0.7198289264540518,93.02828296149404,3.6482322216033936,0.080547034740448,-0.1680160164833068,-0.3612789511680603,0.4162503480911255,0.4886810779571533,0.6763166189193726,5,1.0,-0.4138127241949841,1.0,-0.2482686632856082,0,0,0.1093455789878213,0.6271893210504288,294,483,thymio-11
83,1788224720.3708794,3.6482322216033936,-0.1680160164833068,-0.7198289264540518,92.92828296149403,3.6482322216033936,0.080547034740448,-0.1680160164833068,-0.3612789511680603,0.4162503480911255,0.4886810779571533,0.6763166189193726,5,1.0,-0.4138127241949841,1.0,-0.2482686632856082,0,0,0.0516535635064565,0.6267817827937107,89,278,thymio-11
84,1788224720.9800568,3.645529508590698,-0.2706728279590606,0.1861593886783943,92.82243531976955,3.645529508590698,0.0800821483135223,-0.2706728279590606,-0.2569938004016876,0.5349154472351074,0.5514159202575684,0.5863107442855835,5,1.0,1.0,1.0,-0.4403196114008955,0,0,-0.0225578157706282,0.6278082853899298,-175,15,thymio-11
85,1788224721.588753,3.6289546489715576,-0.3015660047531128,0.6701760717591894,92.72243531976956,3.6289546489715576,0.0799166336655616,-0.3015660047531128,-0.1561588793992996,0.6332085728645325,0.5886420011520386,0.4776630103588104,5,-0.2563599228491505,1.0,1.0,-0.4700396909312953,0,0,0.0199078407825608,0.6280427764793737,-24,166,thymio-11
86,1788224722.1969795,3.6289546489715576,-0.3015660047531128,0.6701760717591894,92.62243531976958,3.6289546489715576,0.0799166336655616,-0.3015660047531128,-0.1561588793992996,0.6332085728645325,0.5886420011520386,0.4776630103588104,5,-0.2563599228491505,1.0,1.0,-0.4700396909312953,0,0,0.0917543481913171,0.6283107422939825,231,421,thymio-11
87,1788224722.8051727,3.624113082885742,-0.2820094227790832,0.8953377621761609,92.52243531976958,3.624113082885742,0.0806936845183372,-0.2820094227790832,0.0907899215817451,0.7666394114494324,0.6005017161369324,0.2083725035190582,5,-0.5034600849133386,1.0,1.0,0.5545371301836766,0,0,0.124344539228217,0.6091565290078991,350,500,thymio-11
88,1788224723.413177,3.5619966983795166,-0.2778668999671936,0.933030948607188,92.39321189902464,3.5619966983795166,0.0806168392300605,-0.2778668999671936,0.1928254663944244,0.7935559749603271,0.5752611756324768,0.0464960597455501,5,-0.5795577759716188,1.0,1.0,0.5902708021285115,0,0,0.1622086638320418,0.5201181422578941,498,500,thymio-11
89,1788224724.0214696,3.5619966983795166,-0.2778668999671936,0.933030948607188,92.29321189902464,3.5619966983795166,0.0806168392300605,-0.2778668999671936,0.1928254663944244,0.7935559749603271,0.5752611756324768,0.0464960597455501,5,-0.5795577759716188,1.0,1.0,0.5902708021285115,0,0,-0.05,0.3942782905599969,-237,-118,thymio-11
90,1788224724.6293914,3.4644317626953125,-0.2397327721118927,0.8799435617794087,92.0542751689402,3.4644317626953125,0.0807372406125068,-0.2397327721118927,0.2705985307693481,0.7947723269462585,0.5416351556777954,-0.0417729280889034,5,-0.4926312844102927,1.0,1.0,-0.6817580555200126,0,0,-0.0319666308404774,0.2563364174953388,-152,-75,thymio-11
91,1788224725.238138,3.4258761405944824,-0.2219928503036499,0.8697906930246031,91.9542751689402,3.4258761405944824,0.0815724357962608,-0.2219928503036499,0.3040732741355896,0.7858838438987732,0.5285346508026123,-0.1028455272316932,5,-0.5683022237305908,1.0,1.0,-0.712356277623468,0,0,-0.0258163881976829,0.3011783943524524,-137,-46,thymio-11
92,1788224725.8470297,3.4594738483428955,-0.2445296198129654,0.767119202913257,91.85427516894022,3.4594738483428955,0.0812186002731323,-0.2445296198129654,0.3768820166587829,0.7643992304801941,0.478462815284729,-0.2114879041910171,5,-0.5313585238422522,1.0,1.0,-0.6840258789252476,0,0,-0.0315107983360252,0.3470557195064014,-164,-60,thymio-11
93,1788224726.4547665,3.4594738483428955,-0.2445296198129654,0.767119202913257,91.75427516894024,3.4594738483428955,0.0812186002731323,-0.2445296198129654,0.3768820166587829,0.7643992304801941,0.478462815284729,-0.2114879041910171,5,-0.5313585238422522,1.0,1.0,-0.6840258789252476,0,0,-0.0315107983360252,0.3413661104767314,-164,-60,thymio-11
94,1788224727.063361,3.482194423675537,-0.2701612114906311,0.5716418709263773,91.65427516894025,3.482194423675537,0.0813912600278854,-0.2701612114906311,0.4397363364696502,0.7258656024932861,0.4218642711639404,-0.3190323412418365,5,-0.478580562835226,1.0,1.0,-0.6907087086189317,0,0,-0.0301675495675947,0.32373359204834,-156,-58,thymio-11
95,1788224727.6721313,3.500255823135376,-0.3116953372955322,-0.0958706497535675,91.55427516894024,3.500255823135376,0.0810106992721557,-0.3116953372955322,0.5084569454193115,0.6499873995780945,0.329070895910263,-0.4590211510658264,5,1.0,1.0,1.0,-0.6866717766316957,0,0,-0.0309789728970291,0.2274256818591516,-144,-76,thymio-11
96,1788224728.2813003,3.5029456615448,-0.3522279262542724,-0.8493214137442817,91.45427516894024,3.5029456615448,0.0799774900078773,-0.3522279262542724,0.5547353625297546,0.5658783912658691,0.2583902180194855,-0.5525259375572205,5,1.0,1.0,1.0,-0.6483888550524077,0,0,-0.038673840134466,0.3388457895831311,-189,-86,thymio-11
97,1788224728.8893776,3.5029456615448,-0.3522279262542724,-0.8493214137442817,91.35427516894023,3.5029456615448,0.0799774900078773,-0.3522279262542724,0.5547353625297546,0.5658783912658691,0.2583902180194855,-0.5525259375572205,5,1.0,1.0,1.0,-0.6483888550524077,0,0,0.137927782318522,0.6270492071698353,395,500,thymio-11
98,1788224729.4974291,3.498015880584717,-0.3769649267196655,-1.0594746442280851,91.25427516894024,3.498015880584717,0.0798557549715042,-0.3769649267196655,0.5739806890487671,0.5254606604576111,0.2152054011821746,-0.5900203585624695,5,1.0,-0.6258384512015751,1.0,-0.4238119318945557,0,0,0.0437500324942131,0.62779450987581,61,250,thymio-11
99,1788224730.105543,3.534667491912842,-0.3304129540920257,-1.299713611247347,91.15427516894026,3.534667491912842,0.0797448009252548,-0.3304129540920257,0.6067776679992676,0.4195708930492401,0.1018625944852829,-0.6673867702484131,5,1.0,-0.5513202313220018,1.0,-0.4365179532296948,0,0,-0.0802562264365675,0.6282425689699239,-380,-190,thymio-11
100,1788224730.7145083,3.531468629837036,-0.3351932764053345,-1.4382473782808776,91.05427516894026,3.531468629837036,0.0799959599971771,-0.3351932764053345,0.617783784866333,0.2933050990104675,0.0096856765449047,-0.7295351624488831,5,1.0,-0.54130815061824,1.0,1.0,0,0,0.05,0.6282594912674703,83,273,thymio-11
101,1788224731.322836,3.531468629837036,-0.3351932764053345,-1.4382473782808776,90.95427516894028,3.531468629837036,0.0799959599971771,-0.3351932764053345,0.617783784866333,0.2933050990104675,0.0096856765449047,-0.7295351624488831,5,1.0,-0.54130815061824,1.0,1.0,0,0,0.05,0.6282302757136542,83,273,thymio-11
102,1788224731.9306228,3.528367519378662,-0.3523885607719421,-1.4525868859943705,90.85427516894028,3.528367519378662,0.0804128870368003,-0.3523885607719421,0.5934323668479919,0.1009198948740959,-0.1627979725599289,-0.7817609310150146,5,1.0,-0.536758624477087,1.0,-0.3832892393701951,0,0,0.05,0.6281717591448561,83,273,thymio-11
103,1788224732.540349,3.528367519378662,-0.3523885607719421,-1.4525868859943705,90.75427516894028,3.528367519378662,0.0804128870368003,-0.3523885607719421,0.5934323668479919,0.1009198948740959,-0.1627979725599289,-0.7817609310150146,5,1.0,-0.536758624477087,1.0,-0.3832892393701951,0,0,0.05,0.6271586112695409,83,272,thymio-11
104,1788224733.1485517,3.5822408199310303,-0.3872324526309967,-1.3912074990787584,90.65427516894027,3.5822408199310303,0.0788885578513145,-0.3872324526309967,0.5042608976364136,-0.2017047703266143,-0.3450183868408203,-0.7655053734779358,5,1.0,-0.4921338576465445,1.0,-0.3392214430016705,0,0,-0.1747155913140122,0.6277783530599157,-500,-500,thymio-11
105,1788224733.7564306,3.5961625576019287,-0.4195223450660705,-1.1202817802705356,90.5542751689403,3.5961625576019287,0.0794504806399345,-0.4195223450660705,0.4179352521896362,-0.3494847416877746,-0.4336719810962677,-0.7177180051803589,5,1.0,0.7466089298775105,1.0,-0.4887205703647413,0,0,-0.1477851657467559,0.6274281504350454,-500,-430,thymio-11
106,1788224734.3650465,3.5961625576019287,-0.4195223450660705,-1.1202817802705356,90.4542751689403,3.5961625576019287,0.0794504806399345,-0.4195223450660705,0.4179352521896362,-0.3494847416877746,-0.4336719810962677,-0.7177180051803589,5,1.0,0.7466089298775105,1.0,-0.4887205703647413,0,0,-0.1726406260660334,0.6281503071010192,-500,-500,thymio-11
107,1788224734.9731998,3.577972173690796,-0.3734417557716369,-1.0373250822736757,90.3542751689403,3.577972173690796,0.0800002515316009,-0.3734417557716369,0.4033028483390808,-0.3683063685894012,-0.4477468132972717,-0.7079690098762512,5,1.0,0.7469062709600442,1.0,-0.5324051308090898,0,0,-0.1920465781113354,0.6282198301864695,-500,-500,thymio-11
108,1788224735.5760984,3.5262396335601807,-0.1736200153827667,-0.7001016107675966,90.3542751689403,3.5262396335601807,0.0815043300390243,-0.1736200153827667,0.3626275658607483,-0.4217158854007721,-0.4903634786605835,-0.6709700226783752,5,1.0,0.775463442840203,1.0,-0.5398776825773073,0,0,-0.196395657614516,0.6281524978147598,-500,-500,thymio-11
109,1788224736.1851478,3.5102322101593018,-0.0630846172571182,-0.5436176838705684,90.23389851531849,3.5102322101593018,0.0822729989886283,-0.0630846172571182,-0.3453582227230072,0.447706013917923,0.5000922679901123,0.6558924317359924,5,1.0,-0.5287072110070821,1.0,-0.5586995498329095,0,0,-0.1886118834643173,0.6264109128394394,-500,-500,thymio-11
110,1788224736.7937698,3.5102322101593018,-0.0630846172571182,-0.5436176838705684,90.13389851531848,3.5102322101593018,0.0822729989886283,-0.0630846172571182,-0.3453582227230072,0.447706013917923,0.5000922679901123,0.6558924317359924,5,1.0,-0.5287072110070821,1.0,-0.5586995498329095,0,0,-0.180861884950304,0.6273094489503436,-500,-500,thymio-11
111,1788224737.4016497,3.5005831718444824,0.1036500334739685,-0.227429988731532,89.96256827224617,3.5005831718444824,0.0838337317109108,0.1036500334739685,0.3143312633037567,-0.4801152646541595,-0.5256912112236023,-0.6279602646827698,5,1.0,-0.4811445454879475,1.0,-0.5669997314993862,0,0,-0.1626446493249216,0.6277119727620463,-500,-483,thymio-11
112,1788224738.010512,3.503303289413452,0.2093366980552673,-0.0678448949941543,89.86025811226352,3.503303289413452,0.0852505415678024,0.2093366980552673,-0.2975180149078369,0.498521089553833,0.5362952947616577,0.612655758857727,5,1.0,-0.4306472856264826,1.0,-0.5655671139153411,0,0,-0.1334421701366579,0.6276765076577449,-500,-379,thymio-11
113,1788224738.6196327,3.5127294063568115,0.3166711926460266,0.2101248591469739,89.76025811226353,3.5127294063568115,0.0855153426527977,0.3166711926460266,-0.2869431376457214,0.5395596027374268,0.5385939478874207,0.5800480842590332,5,1.0,1.0,1.0,-0.5462141746206368,0,0,-0.1002830348881901,0.6255307717092027,-451,-262,thymio-11
114,1788224739.2281506,3.5127294063568115,0.3166711926460266,0.2101248591469739,89.66025811226353,3.5127294063568115,0.0855153426527977,0.3166711926460266,-0.2869431376457214,0.5395596027374268,0.5385939478874207,0.5800480842590332,5,1.0,1.0,1.0,-0.5462141746206368,0,0,-0.0960845331042527,0.6273765156198907,-436,-247,thymio-11
115,1788224739.836341,3.5340702533721924,0.3995496034622192,0.6012377515857019,89.56025811226354,3.5340702533721924,0.0856448411941528,0.3995496034622192,0.1912390738725662,-0.6111263036727905,-0.5773861408233643,-0.5065348744392395,5,1.0,1.0,1.0,-0.5163047954893212,0,0,-0.1025606397048828,0.6277357498528648,-459,-270,thymio-11
116,1788224740.4443,3.616399049758911,0.5009755492210388,0.8818340726937626,89.46025811226355,3.616399049758911,0.0858877599239349,0.5009755492210388,-0.0005448427982628,-0.7256909608840942,-0.6201084852218628,-0.2980568408966064,5,1.0,1.0,1.0,-0.4439808307504778,0,1856,-0.108330558111125,0.6280321803328955,-480,-290,thymio-11
117,1788224741.0534074,3.686399459838867,0.5297017693519592,0.9379025442209858,89.36025811226355,3.686399459838867,0.0861980319023132,0.5297017693519592,-0.1033437177538871,-0.7741069197654724,-0.6030299663543701,-0.1625837832689285,5,1.0,1.0,1.0,-0.3987096364291372,0,3304,0.08,0.6282029574687352,189,379,thymio-11
118,1788224741.661065,3.686399459838867,0.5297017693519592,0.9379025442209858,89.26025811226356,3.686399459838867,0.0861980319023132,0.5297017693519592,-0.1033437177538871,-0.7741069197654724,-0.6030299663543701,-0.1625837832689285,5,1.0,1.0,1.0,-0.3987096364291372,0,2195,0.08,0.6282537987100041,189,379,thymio-11
119,1788224742.2693017,3.632735013961792,0.5422304272651672,0.9217595430742876,89.11057768766338,3.632735013961792,0.0853881165385246,0.5422304272651672,-0.2254576086997985,-0.7977869510650635,-0.5591955184936523,-0.0022761344444006,5,1.0,1.0,1.0,-0.4941239668854338,0,0,-0.1263620988794276,0.6282536477801361,-500,-354,thymio-11
120,1788224742.8778803,3.6093826293945312,0.5567957162857056,0.8805179036828417,89.01057768766339,3.6093826293945312,0.0853138342499733,0.5567957162857056,-0.2999985516071319,-0.7863991260528564,-0.5297015905380249,0.1048495694994926,5,1.0,1.0,1.0,-0.4336368172180463,0,0,-0.128927648345754,0.6282673603777361,-500,-363,thymio-11
121,1788224743.48658,3.6093826293945312,0.5567957162857056,0.8805179036828417,88.91057768766339,3.6093826293945312,0.0853138342499733,0.5567957162857056,-0.2999985516071319,-0.7863991260528564,-0.5297015905380249,0.1048495694994926,5,1.0,1.0,1.0,-0.4336368172180463,0,2562,0.08,0.6282677702491729,189,379,thymio-11
122,1788224744.094526,3.710193157196045,0.4718327224254608,0.7057647527704352,88.8105776876634,3.710193157196045,0.0853288546204567,0.4718327224254608,0.4119773805141449,0.7341995239257812,0.475056380033493,-0.2560219168663025,5,1.0,1.0,1.0,-0.2025333888567433,0,0,-0.1416963798124113,0.6282803874053619,-500,-409,thymio-11
123,1788224744.7024906,3.692523002624512,0.4984751343727112,0.5253887446158245,88.7105776876634,3.692523002624512,0.086760975420475,0.4984751343727112,0.4485754668712616,0.7140874862670898,0.4127467274665832,-0.3442373871803283,5,1.0,1.0,1.0,-0.1993760270046851,0,0,-0.1632218276476967,0.6282658821046846,-500,-485,thymio-11
124,1788224745.31101,3.692523002624512,0.4984751343727112,0.5253887446158245,88.61057768766341,3.692523002624512,0.086760975420475,0.4984751343727112,0.4485754668712616,0.7140874862670898,0.4127467274665832,-0.3442373871803283,5,1.0,1.0,1.0,-0.1993760270046851,1858,0,-0.1755503958524621,0.6282436989964116,-500,-500,thymio-11
125,1788224745.919609,3.720571994781494,0.3841055929660797,0.1984223028438334,88.51057768766341,3.720571994781494,0.0848569497466087,0.3841055929660797,0.485586553812027,0.6753614544868469,0.3629776537418365,-0.41992849111557,5,1.0,0.9317625656583204,1.0,-0.2383349799049395,2294,0,-0.08,0.6282036685479643,-379,-189,thymio-11
126,1788224746.5284936,3.722942590713501,0.2860348522663116,0.0155546588534236,88.41057768766342,3.722942590713501,0.0851642489433288,0.2860348522663116,0.5028753280639648,0.6562187075614929,0.346886396408081,-0.4429033398628235,5,1.0,0.9002810994250567,1.0,-0.2699607499963399,3678,0,-0.08,0.6281231939834258,-379,-189,thymio-11
127,1788224747.137006,3.722942590713501,0.2860348522663116,0.0155546588534236,88.31057768766343,3.722942590713501,0.0851642489433288,0.2860348522663116,0.5028753280639648,0.6562187075614929,0.346886396408081,-0.4429033398628235,5,1.0,0.9002810994250567,1.0,-0.2699607499963399,3770,0,-0.08,0.6280251868193928,-379,-189,thymio-11
128,1788224747.7455018,3.72635817527771,0.2028146982192993,-0.2768480203087478,88.21057768766343,3.72635817527771,0.0832906663417816,0.2028146982192993,0.5237743854522705,0.6314352750778198,0.3150858879089355,-0.4771486222743988,5,1.0,1.0,1.0,-0.272833890921608,3796,0,-0.08,0.6280230713609122,-379,-189,thymio-11
129,1788224748.354496,3.725686073303223,0.1689742058515548,-0.29690571903576,88.11057768766344,3.725686073303223,0.0831803604960441,0.1689742058515548,0.5318720936775208,0.6243788003921509,0.3233397901058197,-0.4719264507293701,5,1.0,1.0,1.0,-0.271329694548521,4210,0,-0.08,0.6281368385662454,-379,-189,thymio-11
130,1788224748.962994,3.725686073303223,0.1689742058515548,-0.29690571903576,88.01057768766344,3.725686073303223,0.0831803604960441,0.1689742058515548,0.5318720936775208,0.6243788003921509,0.3233397901058197,-0.4719264507293701,5,1.0,1.0,1.0,-0.271329694548521,4498,0,-0.08,0.6281597719624391,-379,-189,thymio-11
131,1788224749.57066,3.721016645431519,0.0926611870527267,-0.8086171965627718,87.91057768766345,3.721016645431519,0.0812814161181449,0.0926611870527267,0.5544120073318481,0.573567807674408,0.2475451231002807,-0.5498806238174438,5,1.0,1.0,1.0,-0.2898812592436409,3886,0,-0.08,0.6281970152723063,-379,-189,thymio-11
132,1788224750.1790273,3.680680990219116,0.0045637916773557,-1.356417186215322,87.71934997058649,3.680680990219116,0.081656314432621,0.0045637916773557,0.6113888621330261,0.380114197731018,0.0724492892622947,-0.6902666091918945,5,1.0,-0.2787073256987114,1.0,1.0,2459,0,-0.08,0.6279862902626266,-379,-189,thymio-11
133,1788224750.7877588,3.620655059814453,-0.0372388288378715,-1.4460172475754025,87.41802406804523,3.620655059814453,0.0819832682609558,-0.0372388288378715,0.608814001083374,0.2202876210212707,-0.0657739117741584,-0.7592711448669434,5,1.0,-0.3393947927990268,1.0,1.0,1738,0,-0.1792328045771049,0.6278900058349266,-500,-500,thymio-11
134,1788224751.3970764,3.5563440322875977,-0.0491866245865821,-1.439643799723342,87.15288054617523,3.5563440322875977,0.0823887288570404,-0.0491866245865821,-0.587929368019104,-0.09563909471035,0.1743931472301483,0.7840785980224609,5,1.0,-0.3663706830456033,1.0,1.0,0,0,-0.1828751581713298,0.6281744997963423,-500,-500,thymio-11
135,1788224752.0047758,3.5563440322875977,-0.0491866245865821,-1.439643799723342,87.05288054617523,3.5563440322875977,0.0823887288570404,-0.0491866245865821,-0.587929368019104,-0.09563909471035,0.1743931472301483,0.7840785980224609,5,1.0,-0.3663706830456033,1.0,1.0,0,0,-0.187413786710187,0.6282433106472418,-500,-500,thymio-11
136,1788224752.612651,3.392253398895264,-0.0337499380111694,-1.4692080840552522,86.11469118353493,3.392253398895264,0.0833037868142128,-0.0337499380111694,0.5796730518341064,0.0422687605023384,-0.1933154761791229,-0.7904567122459412,5,1.0,1.0,1.0,-0.3955970505218855,0,0,-0.1875570531237023,0.6280718113059975,-500,-500,thymio-11
137,1788224753.2204933,3.3399581909179688,-0.0250486638396978,-1.4579955108596363,85.81044655236427,3.3399581909179688,0.0834968909621238,-0.0250486638396978,-0.5836927890777588,-0.0423129424452781,0.2004015296697616,0.7857173085212708,5,1.0,1.0,1.0,-0.3929671119637014,0,0,-0.1709963154614418,0.6273254042720291,-500,-500,thymio-11
138,1788224753.8289702,3.3399581909179688,-0.0250486638396978,-1.4579955108596363,85.71044655236427,3.3399581909179688,0.0834968909621238,-0.0250486638396978,-0.5836927890777588,-0.0423129424452781,0.2004015296697616,0.7857173085212708,5,1.0,1.0,1.0,-0.3929671119637014,0,0,-0.1842135877582767,0.6282055576942465,-500,-500,thymio-11
139,1788224754.4376683,3.177088975906372,0.0117829237133264,-1.4653352695727853,84.87424518971785,3.177088975906372,0.0841013714671135,0.0117829237133264,0.5825762152671814,0.0094143589958548,-0.2178943008184433,-0.7829676866531372,5,1.0,1.0,1.0,-0.3596464978011411,0,0,-0.1906403142789684,0.6282110635196323,-500,-500,thymio-11
140,1788224755.046155,3.0924792289733887,0.0350763574242591,-1.4481685874223351,84.42909138847243,3.0924792289733887,0.0854043364524841,0.0350763574242591,-0.5680534243583679,0.0138680189847946,0.239872545003891,0.7871367335319519,5,1.0,1.0,1.0,-0.3268310905973032,0,0,-0.1941903682424949,0.6282526188852023,-500,-500,thymio-11
141,1788224755.654739,3.0924792289733887,0.0350763574242591,-1.4481685874223351,84.32909138847243,3.0924792289733887,0.0854043364524841,0.0350763574242591,-0.5680534243583679,0.0138680189847946,0.239872545003891,0.7871367335319519,5,1.0,1.0,1.0,-0.3268310905973032,0,0,-0.1950103386523472,0.628240193494826,-500,-500,thymio-11
142,1788224756.2633488,2.964606046676636,0.077153131365776,-1.4545451852113171,83.55801326844762,2.964606046676636,0.0855754241347312,0.077153131365776,-0.5724165439605713,0.0233966652303934,0.2430877238512039,0.782751739025116,5,1.0,1.0,1.0,-0.2602991399344758,0,0,-0.1947575797381856,0.6282277885159024,-500,-500,thymio-11
143,1788224756.8670273,2.753742218017578,0.1652557253837585,-1.421051408638093,83.55801326844762,2.753742218017578,0.0885655358433723,0.1652557253837585,-0.5433749556541443,0.0743264853954315,0.2835404276847839,0.7866538166999817,5,1.0,1.0,1.0,-0.1408363659542173,0,0,-0.1936845511560544,0.628227996289209,-500,-500,thymio-11
144,1788224757.476401,2.753742218017578,0.1652557253837585,-1.421051408638093,83.45801326844763,2.753742218017578,0.0885655358433723,0.1652557253837585,-0.5433749556541443,0.0743264853954315,0.2835404276847839,0.7866538166999817,5,1.0,1.0,1.0,-0.1408363659542173,0,0,-0.1934094950596012,0.6282562267572315,-500,-500,thymio-11
145,1788224758.0841403,2.672650098800659,0.2084850817918777,-1.4355507215425738,82.90448035054665,2.672650098800659,0.0891118347644805,0.2084850817918777,-0.5404551029205322,0.0920679345726966,0.2845726013183594,0.7864161729812622,5,1.0,1.0,1.0,-0.0973546222436995,0,0,-0.1926996396956544,0.6282616281748103,-500,-500,thymio-11
146,1788224758.6917324,2.54871153831482,0.2839694619178772,-1.4140984089753472,82.12305283571818,2.54871153831482,0.091216430068016,0.2839694619178772,-0.5281705856323242,0.1226160526275634,0.3072701394557953,0.7820397615432739,5,1.0,1.0,1.0,-0.0304831397193737,0,0,-0.191725066335993,0.62826209827105,-500,-500,thymio-11
147,1788224759.3001466,2.443687438964844,0.3570516109466553,-1.3968329363437504,81.39158131969201,2.443687438964844,0.0927913188934326,0.3570516109466553,-0.5193962454795837,0.1457328647375106,0.3236883878707886,0.7773129343986511,5,1.0,1.0,1.0,0.0159324452865607,0,0,-0.1908210333994621,0.6282666154497745,-500,-500,thymio-11
148,1788224759.9082644,2.443687438964844,0.3570516109466553,-1.3968329363437504,81.29158131969201,2.443687438964844,0.0927913188934326,0.3570516109466553,-0.5193962454795837,0.1457328647375106,0.3236883878707886,0.7773129343986511,5,1.0,1.0,1.0,0.0159324452865607,0,0,-0.1897697032494587,0.6282631609811012,-500,-500,thymio-11
149,1788224760.516265,2.3678035736083984,0.4173973202705383,-1.3655398160423635,80.76352455467809,2.3678035736083984,0.0938751250505447,0.4173973202705383,-0.5070636868476868,0.1742702573537826,0.3461403548717499,0.76987224817276,5,1.0,1.0,1.0,0.0225493501248175,0,0,-0.1877560406973333,0.6282483971828716,-500,-500,thymio-11
150,1788224761.1247523,2.279388666152954,0.4973942935466766,-1.3441720685672751,80.19701974815337,2.279388666152954,0.0952289476990699,0.4973942935466766,-0.4973790347576141,0.1971960365772247,0.3607723414897918,0.7639183402061462,5,1.0,1.0,1.0,0.0161793038144544,0,0,-0.1851774096232559,0.6282351971640673,-500,-500,thymio-11
151,1788224761.7331474,2.173303842544556,0.6064167618751526,-1.342199627746195,79.5645261986471,2.173303842544556,0.0965519323945045,0.6064167618751526,-0.4984217286109924,0.2006449997425079,0.3634221255779266,0.7610794305801392,5,0.0081364440908786,1.0,1.0,1.0,0,0,-0.1800128681338105,0.6282650965744266,-500,-500,thymio-11
152,1788224762.3413868,2.109656572341919,0.6701520085334778,-1.339345807646346,79.15579725307485,2.109656572341919,0.0972202122211456,0.6701520085334778,-0.4950322210788727,0.1973280608654022,0.361886590719223,0.7648810148239136,5,0.0103815326690255,1.0,1.0,1.0,0,0,-0.1818696001653192,0.6283096304364822,-500,-500,thymio-11
153,1788224762.9498072,2.109656572341919,0.6701520085334778,-1.339345807646346,79.05579725307486,2.109656572341919,0.0972202122211456,0.6701520085334778,-0.4950322210788727,0.1973280608654022,0.361886590719223,0.7648810148239136,5,0.0103815326690255,1.0,1.0,1.0,0,0,-0.1862729430007242,0.6283044535080264,-500,-500,thymio-11
154,1788224763.5574572,2.0046231746673584,0.7787050008773804,-1.3170144041813443,78.42935458751455,2.0046231746673584,0.098631277680397,0.7787050008773804,-0.4861162900924682,0.2216226160526275,0.3760660588741302,0.7570657730102539,5,0.0292245237768253,1.0,1.0,1.0,0,0,-0.1825104015338062,0.6282162849077533,-500,-500,thymio-11
155,1788224764.165257,1.971296310424805,0.8151090741157532,-1.3065126157300255,78.23389495279247,1.971296310424805,0.0992210432887077,0.8151090741157532,-0.4833744764328003,0.2327249497175216,0.382752001285553,0.7521231174468994,5,0.0378369530988467,1.0,1.0,1.0,0,0,-0.1794276216076833,0.6281556396750656,-500,-500,thymio-11
156,1788224764.7737164,1.971296310424805,0.8151090741157532,-1.3065126157300255,78.13389495279247,1.971296310424805,0.0992210432887077,0.8151090741157532,-0.4833744764328003,0.2327249497175216,0.382752001285553,0.7521231174468994,5,0.0378369530988467,1.0,1.0,1.0,0,0,-0.1766788133757262,0.628159541953166,-500,-500,thymio-11
157,1788224765.382099,1.8637224435806277,0.9479349851608276,-1.2726202629148502,77.41441744499932,1.8637224435806277,0.1009592562913894,0.9479349851608276,-0.4693902432918548,0.2514588832855224,0.3948697447776794,0.7486783266067505,5,0.0697573719803363,1.0,1.0,1.0,0,0,-0.1586573433785468,0.6281865085377686,-500,-469,thymio-11
158,1788224765.9902475,1.7786169052124023,1.059956192970276,-1.2586380608248524,76.84379956466917,1.7786169052124023,0.1021751910448074,1.059956192970276,-0.4642235338687897,0.2636155486106872,0.4007458388805389,0.7445845603942871,5,0.1053542968508021,1.0,1.0,1.0,0,0,-0.119153594809303,0.628198508068203,-500,-329,thymio-11
159,1788224766.598794,1.7786169052124023,1.059956192970276,-1.2586380608248524,76.74379956466917,1.7786169052124023,0.1021751910448074,1.059956192970276,-0.4642235338687897,0.2636155486106872,0.4007458388805389,0.7445845603942871,5,0.1053542968508021,1.0,1.0,1.0,0,0,-0.1207118711723271,0.6282094073864019,-500,-334,thymio-11
160,1788224767.2067204,1.7126909494400024,1.1575038433074951,-1.1121475228834723,76.29568343675766,1.7126909494400024,0.1034715846180915,1.1575038433074951,-0.4292377233505249,0.323741465806961,0.4406933486461639,0.718843400478363,5,0.1363409770646186,1.0,1.0,1.0,0,0,-0.0886375512964386,0.6282518396853584,-410,-220,thymio-11
161,1788224767.8146417,1.6763501167297363,1.294663429260254,-0.1667334679842276,75.97392680039653,1.6763501167297363,0.1046367734670639,1.294663429260254,-0.3070588409900665,0.4951925277709961,0.5215012431144714,0.6233264207839966,5,1.0,1.0,0.1373652812319237,1.0,0,0,-0.0381260705133586,0.6279848986847567,-230,-41,thymio-11
162,1788224768.423239,1.6826320886611938,1.352151870727539,0.5142030449457513,75.87392680039653,1.6826320886611938,0.1050600558519363,1.352151870727539,-0.2086829841136932,0.5930686593055725,0.5693321228027344,0.5296997427940369,5,1.0,1.0,0.1192000485105662,1.0,0,0,-0.0167058415015205,0.6277703327436024,-154,35,thymio-11
163,1788224769.0320332,1.6826320886611938,1.352151870727539,0.5142030449457513,75.77392680039654,1.6826320886611938,0.1050600558519363,1.352151870727539,-0.2086829841136932,0.5930686593055725,0.5693321228027344,0.5296997427940369,5,1.0,1.0,0.1192000485105662,1.0,0,0,-0.016391305665798,0.6277730917683495,-153,37,thymio-11
164,1788224769.6400735,1.69516921043396,1.3821057081222534,0.7904569301177244,75.67392680039654,1.69516921043396,0.1050642356276512,1.3821057081222534,-0.0936576202511787,0.6811174154281616,0.598656177520752,0.4109964668750763,5,1.0,0.0978941515319082,1.0,1.0,0,0,-0.0038518874276065,0.6221814522174156,-108,80,thymio-11
165,1788224770.2482903,1.719376564025879,1.4074435234069824,0.9124319966475972,75.57392680039655,1.719376564025879,0.104646511375904,1.4074435234069824,0.1554329097270965,0.7803537845611572,0.5941339135169983,0.1178712621331214,5,1.0,0.0670531735673325,1.0,1.0,0,0,-0.0,0.6282668867820483,-95,95,thymio-11
166,1788224770.8571682,1.7310855388641355,1.4136251211166382,0.835427450905398,75.47392680039655,1.7310855388641355,0.1049782633781433,1.4136251211166382,0.3297179043292999,0.7788136601448059,0.5178861618041992,-0.1285667717456817,5,1.0,0.0587000425538277,1.0,1.0,0,0,0.0,0.628292395573201,-95,95,thymio-11
167,1788224771.464986,1.7310855388641355,1.4136251211166382,0.835427450905398,75.37392680039656,1.7310855388641355,0.1049782633781433,1.4136251211166382,0.3297179043292999,0.7788136601448059,0.5178861618041992,-0.1285667717456817,5,1.0,0.0587000425538277,1.0,1.0,0,0,0.0,0.6282884447734768,-95,95,thymio-11
168,1788224772.0730968,1.7370537519454956,1.4147337675094604,0.688411717896805,75.27392680039657,1.7370537519454956,0.1049550473690033,1.4147337675094604,0.4102267026901245,0.7457597255706787,0.4573284387588501,-0.2576962411403656,5,1.0,1.0,0.0584382437583552,1.0,0,0,0.0,0.6251872034213529,-94,94,thymio-11
169,1788224772.6815464,1.7499022483825684,1.4086589813232422,-0.7080187949572654,75.17392680039657,1.7499022483825684,0.1045652106404304,1.4086589813232422,0.5562683939933777,0.5837691426277161,0.2694475948810577,-0.5264760851860046,5,1.0,1.0,0.0624784435471841,1.0,0,0,0.0,0.6223372684882643,-94,94,thymio-11
170,1788224773.290089,1.7547482252120972,1.3990696668624878,-1.3205020027149308,75.07392680039658,1.7547482252120972,0.10465819388628,1.3990696668624878,0.603455662727356,0.4206459522247314,0.1175491660833358,-0.6671435832977295,5,0.0671434663859362,1.0,1.0,1.0,0,0,0.0002291441633155,0.6282627091243328,-94,96,thymio-11
171,1788224773.8980994,1.7547482252120972,1.3990696668624878,-1.3205020027149308,74.97392680039658,1.7547482252120972,0.10465819388628,1.3990696668624878,0.603455662727356,0.4206459522247314,0.1175491660833358,-0.6671435832977295,5,0.0671434663859362,1.0,1.0,1.0,0,0,0.0001939560859043,0.628311432660095,-94,96,thymio-11
172,1788224774.5066223,1.754723310470581,1.388573408126831,-1.4584525588709538,74.87392680039659,1.754723310470581,0.1045847535133361,1.388573408126831,0.6151888966560364,0.2363166958093643,-0.0404337830841541,-0.7510406374931335,5,0.0713854787575629,1.0,1.0,1.0,0,0,-0.0005708664436635,0.6282599614610472,-97,93,thymio-11
173,1788224775.115048,1.754723310470581,1.388573408126831,-1.4584525588709538,74.7739268003966,1.754723310470581,0.1045847535133361,1.388573408126831,0.6151888966560364,0.2363166958093643,-0.0404337830841541,-0.7510406374931335,5,0.0713854787575629,1.0,1.0,1.0,0,0,-0.0031607785810595,0.6283070146761262,-106,84,thymio-11
174,1788224775.7235963,1.7427570819854736,1.3762032985687256,-1.4003315265644725,74.6739268003966,1.7427570819854736,0.1045658811926841,1.3762032985687256,0.5216419100761414,-0.1402784883975982,-0.3202742338180542,-0.7782262563705444,5,0.077336015719001,1.0,1.0,1.0,0,0,-0.0084118886418716,0.6282856314956113,-125,65,thymio-11
175,1788224776.3319452,1.7365741729736328,1.3760805130004885,-1.275955220928629,74.5739268003966,1.7365741729736328,0.1048755869269371,1.3760805130004885,0.4607152938842773,-0.2614431083202362,-0.3920980393886566,-0.7520956993103027,5,0.0775554317256563,1.0,1.0,1.0,0,0,-0.0088166656898073,0.628246662399771,-126,64,thymio-11
176,1788224776.9402812,1.7227643728256226,1.3877403736114502,-0.1460365533582597,74.47392680039661,1.7227643728256226,0.1050240844488143,1.3877403736114502,0.2989040613174438,-0.4967693388462066,-0.5240997076034546,-0.6238558292388916,5,1.0,1.0,0.0767791820593242,1.0,0,0,-0.004479047493156,0.6280089637217776,-111,79,thymio-11
177,1788224777.5482068,1.718666911125183,1.3995935916900637,0.6361256083483213,74.37392680039662,1.718666911125183,0.1051216423511505,1.3995935916900637,0.1699352115392685,-0.6259605884552002,-0.5791364908218384,-0.4938586354255676,5,1.0,1.0,0.0716607485283724,1.0,0,0,-0.0001411649660782,0.6276931605151082,-95,94,thymio-11
178,1788224778.1566503,1.718666911125183,1.3995935916900637,0.6361256083483213,74.27392680039662,1.718666911125183,0.1051216423511505,1.3995935916900637,0.1699352115392685,-0.6259605884552002,-0.5791364908218384,-0.4938586354255676,5,1.0,1.0,0.0716607485283724,1.0,0,0,-0.0001376164574739,0.6277371046353939,-95,94,thymio-11
179,1788224778.7646277,1.7179409265518188,1.411677598953247,0.8812599607686566,74.17392680039663,1.7179409265518188,0.1049882918596267,1.411677598953247,-0.0062778829596936,-0.7370539903640747,-0.60647052526474,-0.2981705665588379,5,1.0,0.0657624935552383,1.0,1.0,0,0,-0.0,0.6244944059044274,-94,94,thymio-11
180,1788224779.3730495,1.7228891849517822,1.4227784872055054,0.915990082728258,74.07392680039663,1.7228891849517822,0.1046666651964187,1.4227784872055054,-0.1891565918922424,-0.7864031791687012,-0.5841005444526672,-0.0679453536868095,5,1.0,0.060857429579695,1.0,1.0,0,0,-0.0,0.628281275756633,-95,95,thymio-11
181,1788224779.98079,1.7228891849517822,1.4227784872055054,0.915990082728258,73.97392680039664,1.7228891849517822,0.1046666651964187,1.4227784872055054,-0.1891565918922424,-0.7864031791687012,-0.5841005444526672,-0.0679453536868095,5,1.0,0.060857429579695,1.0,1.0,0,0,0.0,0.62828282634358,-95,95,thymio-11
182,1788224780.5893908,1.735246181488037,1.4285240173339844,0.747335300532121,73.87392680039665,1.735246181488037,0.1050122901797294,1.4285240173339844,-0.3870369791984558,-0.7580448985099792,-0.4753715693950653,0.2226927876472473,5,1.0,1.0,0.0607011535987109,1.0,0,0,0.0,0.6254170092564166,-94,94,thymio-11
183,1788224781.198868,1.7472416162490845,1.42541766166687,-0.2647561209849627,73.77392680039665,1.7472416162490845,0.1046107634902,1.42541766166687,-0.5271930694580078,-0.6321632862091064,-0.3170864880084991,0.4710555374622345,5,1.0,1.0,0.061983671069268,1.0,0,0,0.0,0.6116901920310621,-92,92,thymio-11
184,1788224781.8066416,1.7472416162490845,1.42541766166687,-0.2647561209849627,73.67392680039666,1.7472416162490845,0.1046107634902,1.42541766166687,-0.5271930694580078,-0.6321632862091064,-0.3170864880084991,0.4710555374622345,5,1.0,1.0,0.061983671069268,1.0,0,0,0.0,0.6273413936689776,-95,95,thymio-11
185,1788224782.4142635,1.753702163696289,1.4151792526245115,-1.261061319870298,73.57392680039666,1.753702163696289,0.1046560183167457,1.4151792526245115,-0.59770667552948,-0.454690933227539,-0.1492383182048797,0.6432191729545593,5,0.0577523664922701,1.0,1.0,1.0,0,0,0.0,0.6280654139041691,-95,95,thymio-11
186,1788224783.0227785,1.754855394363403,1.4081531763076782,-1.4118877132135177,73.47392680039667,1.754855394363403,0.104676179587841,1.4081531763076782,-0.6139611601829529,-0.3305144906044006,-0.0375682972371578,0.7158216238021851,5,0.051440420654057,1.0,1.0,1.0,0,0,0.0,0.6282388731509554,-95,95,thymio-11
187,1788224783.6312535,1.754855394363403,1.4081531763076782,-1.4118877132135177,73.37392680039667,1.754855394363403,0.104676179587841,1.4081531763076782,-0.6139611601829529,-0.3305144906044006,-0.0375682972371578,0.7158216238021851,5,0.051440420654057,1.0,1.0,1.0,0,0,-0.0,0.6282960521633059,-95,95,thymio-11
188,1788224784.2393205,1.7474828958511353,1.3936206102371216,-1.4574099644630445,73.27392680039668,1.7474828958511353,0.1042773351073265,1.3936206102371216,-0.5723304152488708,0.0020596852991729,0.2280613183975219,0.7876685857772827,5,0.0415178192074601,1.0,1.0,1.0,0,0,-0.0018489840197965,0.6283034731031563,-101,88,thymio-11
189,1788224784.8474836,1.7358038425445557,1.3900279998779297,-1.2882962729090617,73.17392680039669,1.7358038425445557,0.1049234792590141,1.3900279998779297,-0.464533656835556,0.2530926167964935,0.3870408833026886,0.7552165389060974,5,0.0468669837491173,1.0,1.0,1.0,0,0,-0.0034821841553933,0.6282302919442732,-107,82,thymio-11
190,1788224785.4561222,1.7358038425445557,1.3900279998779297,-1.2882962729090617,73.07392680039669,1.7358038425445557,0.1049234792590141,1.3900279998779297,-0.464533656835556,0.2530926167964935,0.3870408833026886,0.7552165389060974,5,0.0468669837491173,1.0,1.0,1.0,0,0,-0.003618822190598,0.628185075848254,-108,82,thymio-11
191,1788224786.063922,1.72705340385437,1.393215894699097,-0.7778322498493959,72.9739268003967,1.72705340385437,0.1048931181430816,1.393215894699097,-0.3654716312885284,0.4120472967624664,0.4801935255527496,0.6826871037483215,5,1.0,1.0,0.0553768634063196,1.0,0,0,-0.0024501907113549,0.6280363764624208,-104,86,thymio-11
192,1788224786.6721127,1.7182528972625732,1.4054527282714844,0.6155882856406296,72.8739268003967,1.7182528972625732,0.1050353050231933,1.4054527282714844,-0.1748952567577362,0.6202043890953064,0.5785072445869446,0.5000874996185303,5,1.0,1.0,0.0721349837822984,1.0,0,0,-0.0,0.626948715235375,-95,95,thymio-11
193,1788224787.280428,1.7182528972625732,1.4054527282714844,0.6155882856406296,72.77392680039671,1.7182528972625732,0.1050353050231933,1.4054527282714844,-0.1748952567577362,0.6202043890953064,0.5785072445869446,0.5000874996185303,5,1.0,1.0,0.0721349837822984,1.0,0,0,-0.0,0.6274845413041074,-95,95,thymio-11
194,1788224787.8890738,1.7170262336730957,1.412682056427002,0.818438760514518,72.67392680039671,1.7170262336730957,0.1050762832164764,1.412682056427002,-0.069362461566925,0.6964245438575745,0.6014129519462585,0.3853365182876587,5,1.0,0.0807082819582458,1.0,1.0,0,0,-0.0,0.6226938526310613,-94,94,thymio-11
195,1788224788.497267,1.7237367630004885,1.4306827783584597,0.8973160360819277,72.57392680039672,1.7237367630004885,0.1047959923744201,1.4306827783584597,0.2398328632116317,0.787333607673645,0.5679519176483154,0.0040699462406337,5,1.0,0.1007421404785948,1.0,1.0,0,0,-0.0,0.6282646992354829,-95,95,thymio-11
196,1788224789.1056504,1.7309775352478027,1.4339615106582642,0.8096087923024564,72.47392680039673,1.7309775352478027,0.1049360707402229,1.4339615106582642,0.3515553772449493,0.7727791666984558,0.5018350481987,-0.1654777228832245,5,1.0,0.1019735733915818,1.0,1.0,0,0,0.0,0.6280150450937971,-95,95,thymio-11
197,1788224789.7142682,1.7309775352478027,1.4339615106582642,0.8096087923024564,72.37392680039673,1.7309775352478027,0.1049360707402229,1.4339615106582642,0.3515553772449493,0.7727791666984558,0.5018350481987,-0.1654777228832245,5,1.0,0.1019735733915818,1.0,1.0,0,0,0.0,0.6282675387782387,-95,95,thymio-11
1,1788311070.5778615,2.313705921173096,0.1625513583421707,0.8198734102964247,100.0,2.313705921173096,0.080567792057991,0.1625513583421707,0.095362477004528,0.6734814643859863,0.6740066409111023,0.2881732583045959,5,1.0,1.0,0.3365761941648704,0.9491352301452972,0,0,0.0088714302113708,-0.5809812202355544,119,-56,thymio-01
2,1788311071.1818814,2.623338460922241,-0.2995243072509765,0.5893478851676424,100.0,2.623338460922241,0.0733553692698478,-0.2995243072509765,0.1213341727852821,-0.5515251755714417,-0.6687677502632141,-0.4835779666900635,5,1.0,-0.6211069636203559,-0.7296018011425509,1.0,0,0,0.0829425437203355,0.4730328032283086,223,366,thymio-01
3,1788311071.7906804,2.6252546310424805,-0.308502584695816,0.2645889850660277,99.9,2.6252546310424805,0.0734633579850196,-0.308502584695816,0.2320542335510254,-0.4640476703643799,-0.6388732194900513,-0.5680243968963623,5,1.0,-0.7043722288280456,-0.7367649782327685,1.0,0,0,-0.0141397025585431,0.490228599521154,-124,24,thymio-01
4,1788311072.3987038,2.6252546310424805,-0.308502584695816,0.2645889850660277,99.8,2.6252546310424805,0.0734633579850196,-0.308502584695816,0.2320542335510254,-0.4640476703643799,-0.6388732194900513,-0.5680243968963623,5,1.0,-0.7043722288280456,-0.7367649782327685,1.0,0,0,0.0209102393752135,0.591902710643045,-15,164,thymio-01
5,1788311073.007786,2.6391477584838867,-0.352163553237915,0.6355000180609567,99.70000000000002,2.6391477584838867,0.0726305246353149,-0.352163553237915,0.0934897065162658,-0.5702762603759766,-0.6722493767738342,-0.4627369344234466,5,1.0,-0.7473335645978707,-0.7072483577763082,1.0,0,0,0.0187859535158279,0.4191946509247106,3,130,thymio-01
6,1788311073.6155846,2.63479995727539,-0.358479768037796,0.7959131146390557,99.60000000000002,2.63479995727539,0.0719013959169387,-0.358479768037796,-0.0613920837640762,-0.6584670543670654,-0.6756817102432251,-0.3257398605346679,5,1.0,-0.7407524337670895,-0.6996843670665324,1.0,0,0,0.0201087608128149,0.1439262733996005,50,93,thymio-01
7,1788311074.2233262,2.63479995727539,-0.358479768037796,0.7959131146390557,99.50000000000004,2.63479995727539,0.0719013959169387,-0.358479768037796,-0.0613920837640762,-0.6584670543670654,-0.6756817102432251,-0.3257398605346679,5,1.0,-0.7407524337670895,-0.6996843670665324,1.0,0,0,0.0201087608128149,-0.0601266325110817,81,62,thymio-01
8,1788311074.8320034,2.624361038208008,-0.3687053620815277,0.8268718923429064,99.40000000000003,2.624361038208008,0.0720477551221847,-0.3687053620815277,-0.1753266304731369,-0.702264666557312,-0.6556940078735352,-0.2148263752460479,5,1.0,-0.7328960517605505,-0.6917142582041454,1.0,0,0,0.0216878935961293,-0.1845569981305352,105,49,thymio-01
9,1788311075.4403095,2.6120314598083496,-0.3778766691684723,0.8252038112911366,99.30000000000004,2.6120314598083496,0.0720239952206611,-0.3778766691684723,-0.1912455260753631,-0.7050349712371826,-0.6530503630638123,-0.1996899843215942,5,1.0,-0.7285930276549742,-0.6919033571403435,1.0,0,0,0.0225528014413501,-0.2538906614980291,118,42,thymio-01
10,1788311076.048207,2.5889012813568115,-0.3994508981704712,0.8204182269294167,99.17107190303618,2.5889012813568115,0.0724982693791389,-0.3994508981704712,-0.1353857666254043,-0.6899960041046143,-0.6632921695709229,-0.2561637461185455,5,1.0,-0.7176944287603931,-0.6979898640859197,1.0,0,0,0.0247434198191609,-0.2972525432389022,133,43,thymio-01
11,1788311076.6563845,2.5889012813568115,-0.3994508981704712,0.8204182269294167,99.07107190303618,2.5889012813568115,0.0724982693791389,-0.3994508981704712,-0.1353857666254043,-0.6899960041046143,-0.6632921695709229,-0.2561637461185455,5,1.0,-0.7176944287603931,-0.6979898640859197,1.0,1964,0,0.0247434198191609,-0.3481908823197089,140,35,thymio-01
12,1788311077.2647655,2.569055557250977,-0.4276238083839416,0.7931578725328272,98.9615796850714,2.569055557250977,0.0722686797380447,-0.4276238083839416,-0.0416210442781448,-0.6512577533721924,-0.677288830280304,-0.3397218585014343,5,1.0,-0.816768003623138,-0.6975218799290344,1.0,3972,0,-0.08,-0.3654112140892776,-229,-339,thymio-01
13,1788311077.873389,2.5624701976776123,-0.4448323547840118,0.7209950872633604,98.86157968507142,2.5624701976776123,0.0720213577151298,-0.4448323547840118,0.0310658700764179,-0.6129923462867737,-0.6739609837532043,-0.4111592471599579,5,1.0,-0.8516321090602221,-0.6623138666213675,1.0,0,0,0.0,-0.3486705780970372,53,-53,thymio-01
14,1788311078.4811635,2.5624701976776123,-0.4448323547840118,0.7209950872633604,98.76157968507142,2.5624701976776123,0.0720213577151298,-0.4448323547840118,0.0310658700764179,-0.6129923462867737,-0.6739609837532043,-0.4111592471599579,5,1.0,-0.8516321090602221,-0.6623138666213675,1.0,0,0,0.0,-0.3288944563118762,50,-50,thymio-01
15,1788311079.089744,2.5736043453216557,-0.3969117701053619,0.6094275120667967,98.66157968507144,2.5736043453216557,0.0731076598167419,-0.3969117701053619,-0.1124584823846817,0.5597727298736572,0.668847918510437,0.4760777950286865,5,1.0,-0.7441270475791951,-0.6752573077277788,1.0,0,0,0.0194304634365817,-0.3360081670203151,120,18,thymio-01
16,1788311079.698733,2.5749666690826416,-0.3994708359241485,0.2569153409503122,98.56157968507144,2.5749666690826416,0.0734373331069946,-0.3994708359241485,0.2288181185722351,-0.4616187512874603,-0.6402165293693542,-0.5698010325431824,5,1.0,-0.7368436639349634,-0.634980303648285,1.0,0,0,0.0208944235490723,-0.2732192806213849,115,33,thymio-01
17,1788311080.3084004,2.586181640625,-0.4180384278297424,-0.2506964323120781,98.46157968507144,2.586181640625,0.0732790157198906,-0.4180384278297424,-0.3340098857879638,0.3626175224781036,0.5932304859161377,0.6364145874977112,5,-0.5926791619154514,-0.7869649425934913,-0.4621119275005845,1.0,1612,0,0.0108200465387082,0.161743069185896,14,63,thymio-01
18,1788311080.916879,2.595010280609131,-0.4280969202518463,-0.3524186967143605,98.36157968507143,2.595010280609131,0.0731921792030334,-0.4280969202518463,-0.3529788553714752,0.3429661691188812,0.582614004611969,0.6467928886413574,5,-0.5566401796042737,-0.8117439136713931,-0.4985659663334646,1.0,2581,0,-0.08,-0.2265645516145085,-250,-318,thymio-01
19,1788311081.5250883,2.595010280609131,-0.4280969202518463,-0.3524186967143605,98.26157968507144,2.595010280609131,0.0731921792030334,-0.4280969202518463,-0.3529788553714752,0.3429661691188812,0.582614004611969,0.6467928886413574,5,-0.5566401796042737,-0.8117439136713931,-0.4985659663334646,1.0,2115,0,-0.08,-0.1593731551601061,-260,-308,thymio-01
20,1788311082.1328769,2.563220262527466,-0.3891975283622741,-0.4042451739039974,98.03386462463752,2.563220262527466,0.0736550986766815,-0.3891975283622741,-0.3588555455207824,0.3335530459880829,0.5759576559066772,0.6543989181518555,5,-0.5069891110926028,-0.7855149014470304,-0.5154124956401323,1.0,0,0,-0.0111115048091468,-0.1062132566162179,-23,-56,thymio-01
21,1788311082.742361,2.5253448486328125,-0.352859765291214,-0.5525527318999233,97.76941334540308,2.5253448486328125,0.0745652019977569,-0.352859765291214,-0.3903183937072754,0.3018519282341003,0.5578773617744446,0.6673153638839722,5,-0.4721826812992796,1.0,-0.7428153993213922,1.0,0,0,-0.0196941047364001,0.1042453367904521,-86,-54,thymio-01
22,1788311083.3512409,2.5253448486328125,-0.352859765291214,-0.5525527318999233,97.66941334540309,2.5253448486328125,0.0745652019977569,-0.352859765291214,-0.3903183937072754,0.3018519282341003,0.5578773617744446,0.6673153638839722,5,-0.4721826812992796,1.0,-0.7428153993213922,1.0,0,0,-0.0196941047364001,0.379147108345588,-127,-13,thymio-01
23,1788311083.959592,2.506748676300049,-0.3382144868373871,-0.5732752322922963,97.55439138254152,2.506748676300049,0.0750728771090507,-0.3382144868373871,-0.3944517374038696,0.2975958883762359,0.5548631548881531,0.6693066954612732,5,-0.4080550096667314,1.0,-0.7105535653940459,1.0,0,0,-0.0261787333557967,0.5546267122302829,-177,-9,thymio-01
24,1788311084.5677798,2.492482900619507,-0.3236583769321441,-0.1622724026752466,97.45439138254152,2.492482900619507,0.0747905969619751,-0.3236583769321441,-0.3173927664756775,0.3789584934711456,0.6020979285240173,0.627001166343689,5,-0.3814159950847274,-0.6746490168795636,-0.1716987295433405,1.0,0,0,0.105856656201353,0.607374427391742,284,468,thymio-01
25,1788311085.176404,2.492482900619507,-0.3236583769321441,-0.1622724026752466,97.35439138254154,2.492482900619507,0.0747905969619751,-0.3236583769321441,-0.3173927664756775,0.3789584934711456,0.6020979285240173,0.627001166343689,5,-0.3814159950847274,-0.6746490168795636,-0.1716987295433405,1.0,0,0,0.1035624579426653,0.5939101666847469,278,458,thymio-01
26,1788311085.7797308,10000.0,10000.0,0.0,97.35439138254154,2.492482900619507,0.0747905969619751,-0.3236583769321441,-0.3173927664756775,0.3789584934711456,0.6020979285240173,0.627001166343689,5,1.0,1.0,-1.0,1.0,0,0,0.03,0.5594209961860768,22,191,thymio-01
27,1788311086.3837032,10000.0,10000.0,0.0,97.35439138254154,2.492482900619507,0.0747905969619751,-0.3236583769321441,-0.3173927664756775,0.3789584934711456,0.6020979285240173,0.627001166343689,5,1.0,1.0,-1.0,1.0,0,0,-0.03,0.6223543798292018,-201,-13,thymio-01
28,1788311086.9872994,10000.0,10000.0,0.0,97.35439138254154,2.492482900619507,0.0747905969619751,-0.3236583769321441,-0.3173927664756775,0.3789584934711456,0.6020979285240173,0.627001166343689,5,1.0,1.0,-1.0,1.0,0,0,-0.03,0.5699651588400999,-193,-21,thymio-01
29,1788311087.5909867,2.505459308624268,-0.4222099184989929,0.795661575900279,97.35439138254154,2.505459308624268,0.0728302076458931,-0.4222099184989929,-0.3183123767375946,-0.7272710204124451,-0.6056419014930725,-0.0543320216238498,5,1.0,-0.6474142138793841,-0.5992259342006887,1.0,0,0,-0.109293027769548,0.1732023580381886,-414,-362,thymio-01
30,1788311088.1995256,2.505459308624268,-0.4222099184989929,0.795661575900279,97.25439138254154,2.505459308624268,0.0728302076458931,-0.4222099184989929,-0.3183123767375946,-0.7272710204124451,-0.6056419014930725,-0.0543320216238498,5,1.0,-0.6474142138793841,-0.5992259342006887,1.0,0,0,-0.0916572989974947,0.1279978447169744,-345,-306,thymio-01
31,1788311088.8025277,10000.0,10000.0,0.0,97.25439138254154,2.505459308624268,0.0728302076458931,-0.4222099184989929,-0.3183123767375946,-0.7272710204124451,-0.6056419014930725,-0.0543320216238498,5,1.0,1.0,-1.0,1.0,0,0,-0.03,-0.1752304081631056,-80,-133,thymio-01
32,1788311089.4055765,10000.0,10000.0,0.0,97.25439138254154,2.505459308624268,0.0728302076458931,-0.4222099184989929,-0.3183123767375946,-0.7272710204124451,-0.6056419014930725,-0.0543320216238498,5,1.0,1.0,-1.0,1.0,0,0,-0.03,-0.3535474348165674,-53,-160,thymio-01
33,1788311090.0091438,10000.0,10000.0,0.0,97.25439138254154,2.505459308624268,0.0728302076458931,-0.4222099184989929,-0.3183123767375946,-0.7272710204124451,-0.6056419014930725,-0.0543320216238498,5,1.0,1.0,-1.0,1.0,0,0,-0.03,-0.2221304942640362,-73,-140,thymio-01
34,1788311090.6136732,10000.0,10000.0,0.0,97.25439138254154,2.505459308624268,0.0728302076458931,-0.4222099184989929,-0.3183123767375946,-0.7272710204124451,-0.6056419014930725,-0.0543320216238498,5,1.0,1.0,-1.0,1.0,0,0,-0.03,-0.1697729479129817,-81,-132,thymio-01
35,1788311091.217286,10000.0,10000.0,0.0,97.25439138254154,2.505459308624268,0.0728302076458931,-0.4222099184989929,-0.3183123767375946,-0.7272710204124451,-0.6056419014930725,-0.0543320216238498,5,1.0,1.0,-1.0,1.0,0,0,-0.03,-0.1384018731446084,-86,-127,thymio-01
36,1788311091.8209977,10000.0,10000.0,0.0,97.25439138254154,2.505459308624268,0.0728302076458931,-0.4222099184989929,-0.3183123767375946,-0.7272710204124451,-0.6056419014930725,-0.0543320216238498,5,1.0,1.0,-1.0,1.0,0,0,-0.03,-0.1280224985203731,-87,-126,thymio-01
37,1788311092.424269,10000.0,10000.0,0.0,97.25439138254154,2.505459308624268,0.0728302076458931,-0.4222099184989929,-0.3183123767375946,-0.7272710204124451,-0.6056419014930725,-0.0543320216238498,5,1.0,1.0,-1.0,1.0,0,0,-0.03,-0.1169197242705754,-89,-124,thymio-01
38,1788311093.0277076,2.6844677925109863,-0.4136532843112945,0.7649539504786147,97.25439138254154,2.6844677925109863,0.07078867405653,-0.4136532843112945,-0.3547466695308685,-0.7253590822219849,-0.589704692363739,-0.0160462595522403,5,1.0,-0.763260353557111,-0.8554923255434863,1.0,0,0,-0.0,-0.1455913951228968,22,-22,thymio-01
39,1788311093.635675,2.6844677925109863,-0.4136532843112945,0.7649539504786147,97.15439138254156,2.6844677925109863,0.07078867405653,-0.4136532843112945,-0.3547466695308685,-0.7253590822219849,-0.589704692363739,-0.0160462595522403,5,1.0,-0.763260353557111,-0.8554923255434863,1.0,0,0,-0.0,-0.0206799950121583,3,-3,thymio-01
40,1788311094.2438085,2.7818379402160645,-0.3561404943466186,0.8310053598115368,97.05439138254155,2.7818379402160645,0.0704067274928093,-0.3561404943466186,-0.1127912178635597,-0.687751293182373,-0.6647201776504517,-0.2691159248352051,5,-0.859307102988369,-0.6374432123664684,-0.189972996596929,1.0,0,0,0.0,0.0192616644041372,-3,3,thymio-01
41,1788311094.8517368,2.783587455749512,-0.3540911972522735,0.8250947159006738,96.95439138254156,2.783587455749512,0.0700707659125328,-0.3540911972522735,-0.0875236243009567,-0.6722771525382996,-0.6750234365463257,-0.2910780906677246,5,-0.8670868298629089,-0.575728604459039,-0.2188685354784141,1.0,0,0,0.0,0.2339417085562795,-35,35,thymio-01
42,1788311095.4597845,2.783587455749512,-0.3540911972522735,0.8250947159006738,96.85439138254156,2.783587455749512,0.0700707659125328,-0.3540911972522735,-0.0875236243009567,-0.6722771525382996,-0.6750234365463257,-0.2910780906677246,5,-0.8670868298629089,-0.575728604459039,-0.2188685354784141,1.0,0,0,0.0,-0.0014286383576954,0,0,thymio-01
43,1788311096.0693388,2.7836732864379883,-0.3540082573890686,0.8250066668946578,96.75439138254156,2.7836732864379883,0.0699747204780578,-0.3540082573890686,-0.0867462828755378,-0.671404242515564,-0.6757793426513672,-0.2915710508823395,5,-0.8671195178744872,-0.488132462613049,-0.2353132555092001,1.0,0,0,0.0,-0.2350888709449295,35,-35,thymio-01
44,1788311096.6775606,2.783931255340576,-0.3540512025356293,0.8309438585011679,96.65439138254158,2.783931255340576,0.070386953651905,-0.3540512025356293,-0.1103206127882003,-0.687649667263031,-0.6643499135971069,-0.2713054418563843,5,-0.866406475409011,-0.2092371421752459,-0.2473684530190896,-0.3262416832459495,0,0,-0.0,0.29736958288675,-45,45,thymio-01
45,1788311097.28588,2.783931255340576,-0.3540512025356293,0.8309438585011679,96.55439138254158,2.783931255340576,0.070386953651905,-0.3540512025356293,-0.1103206127882003,-0.687649667263031,-0.6643499135971069,-0.2713054418563843,5,-0.866406475409011,-0.2092371421752459,-0.2473684530190896,-0.3262416832459495,0,0,-0.0,0.5688986306687357,-86,86,thymio-01
46,1788311097.894473,2.785008192062378,-0.3531244099140167,0.825529245278612,96.4543913825416,2.785008192062378,0.0704573467373848,-0.3531244099140167,-0.0893318131566047,-0.6767876744270325,-0.670586884021759,-0.2903299927711487,5,-0.8649136839440362,1.0,-0.2757303656818547,-0.2696145305977846,0,0,-0.0,0.539825468511903,-82,82,thymio-01
47,1788311098.5041494,2.7879316806793213,-0.3495206534862518,0.8209951076321333,96.3543913825416,2.7879316806793213,0.0708727538585662,-0.3495206534862518,-0.260106086730957,-0.7280953526496887,-0.6227341890335083,-0.1201007664203643,5,-0.8718115064217431,-0.2250018758565763,-0.4051928322426447,-0.0778404625194292,2592,0,-0.08,0.3449416789644956,-336,-232,thymio-01
48,1788311099.1131272,2.79323148727417,-0.3490009009838104,0.7940735108804353,96.2543913825416,2.79323148727417,0.070278100669384,-0.3490009009838104,-0.3335622251033783,-0.7393612265586853,-0.5844112038612366,-0.023341542109847,5,-0.8714516527252866,-0.2034707173165146,-0.451553864951019,0.0134904784491391,2854,0,-0.08,0.0613251811114854,-294,-275,thymio-01
49,1788311099.720975,2.79323148727417,-0.3490009009838104,0.7940735108804353,96.1543913825416,2.79323148727417,0.070278100669384,-0.3490009009838104,-0.3335622251033783,-0.7393612265586853,-0.5844112038612366,-0.023341542109847,5,-0.8714516527252866,-0.2034707173165146,-0.451553864951019,0.0134904784491391,0,0,-0.0,0.0398719180147259,-6,6,thymio-01
50,1788311100.3294845,2.9031968116760254,-0.3486110866069793,0.6903521260839502,96.0543913825416,2.9031968116760254,0.070035383105278,-0.3486110866069793,-0.4176165759563446,-0.7295414209365845,-0.5370769500732422,0.0701005086302757,5,-0.7903164918940523,-0.2586703478007103,1.0,0.1872256107010987,0,0,-0.0101463851292954,0.0874003785651616,-49,-23,thymio-01
51,1788311100.9386773,2.9031693935394287,-0.3485530018806457,0.6909706043651598,95.95439138254162,2.9031693935394287,0.0699776709079742,-0.3485530018806457,-0.4175252020359039,-0.7297593355178833,-0.5367519855499268,0.0708616003394126,5,-0.7887015967068179,-0.2727692883226883,1.0,0.1872687391958059,0,0,-0.0104709790619295,0.4607396431914797,-107,32,thymio-01
52,1788311101.5467384,2.9031693935394287,-0.3485530018806457,0.6909706043651598,95.85439138254162,2.9031693935394287,0.0699776709079742,-0.3485530018806457,-0.4175252020359039,-0.7297593355178833,-0.5367519855499268,0.0708616003394126,5,-0.7887015967068179,-0.2727692883226883,1.0,1.0,0,0,-0.0104709790619295,0.6282996811107123,-132,58,thymio-01
53,1788311102.1549516,2.924776315689087,-0.3532979488372803,0.4633781893929019,95.75439138254164,2.924776315689087,0.0702148675918579,-0.3532979488372803,-0.5069774985313416,-0.7053499817848206,-0.4523504674434662,0.202075257897377,5,-0.783475983553147,-0.2617650171483151,1.0,1.0,0,0,-0.0115213273058174,0.2910109184833583,-85,3,thymio-01
54,1788311102.7629929,2.932908535003662,-0.3582260012626648,0.1019879580128337,95.65439138254165,2.932908535003662,0.0701086446642875,-0.3582260012626648,-0.5709248781204224,-0.6633358597755432,-0.3716238737106323,0.3097194135189056,5,1.0,1.0,-0.2712158359909922,-0.778291174378628,0,0,-0.0125634739498957,0.0582334254810956,-53,-36,thymio-01
55,1788311103.371629,2.932908535003662,-0.3582260012626648,0.1019879580128337,95.55439138254164,2.932908535003662,0.0701086446642875,-0.3582260012626648,-0.5709248781204224,-0.6633358597755432,-0.3716238737106323,0.3097194135189056,5,1.0,1.0,-0.2266606683931319,-0.778291174378628,0,0,-0.0125634739498957,0.1038662212010766,-60,-29,thymio-01
56,1788311103.9802742,2.9429972171783447,-0.3712066411972046,-0.4139022248867174,95.45439138254164,2.9429972171783447,0.0699935033917427,-0.3712066411972046,-0.6215121150016785,-0.6029390692710876,-0.2762149572372436,0.4170041382312774,5,1.0,0.4180200027228244,1.0,-0.7750827889841706,0,0,0.0510190613861133,0.4488123196450175,114,249,thymio-01
57,1788311104.5887053,2.9500575065612797,-0.3848818838596344,-0.5365205704972058,95.35439138254164,2.9500575065612797,0.0698140636086463,-0.3848818838596344,-0.6335077285766602,-0.5849171876907349,-0.2504761219024658,0.4402289688587188,5,1.0,0.4032497181231427,-0.3007124874202144,-0.7754263490567597,1770,0,0.0142950294652376,-0.0461601946359633,58,44,thymio-01
58,1788311105.1971576,2.9500575065612797,-0.3848818838596344,-0.5365205704972058,95.25439138254166,2.9500575065612797,0.0698140636086463,-0.3848818838596344,-0.6335077285766602,-0.5849171876907349,-0.2504761219024658,0.4402289688587188,5,1.0,0.4032497181231427,-0.3007124874202144,-0.7754263490567597,0,0,0.0260978595815625,0.3215488294191648,44,141,thymio-01
59,1788311105.8049357,2.941557645797729,-0.3457069993019104,-0.8404587673289199,95.15439138254166,2.941557645797729,0.0698040723800659,-0.3457069993019104,-0.662725031375885,-0.5218010544776917,-0.1701983511447906,0.5094621181488037,5,1.0,1.0,-0.3621569643244536,-0.7916661172146675,0,0,0.0117961618273121,0.4621280643899227,-28,112,thymio-01
60,1788311106.41341,2.94140625,-0.3311982750892639,1.864598431080653,95.05439138254168,2.94140625,0.0699879229068756,-0.3311982750892639,-0.414284348487854,0.602105438709259,-0.6699431538581848,-0.1304371356964111,5,-0.5955881148609432,-0.4257185659300766,-0.78748670327556,1.0,0,0,0.0039477809929157,0.0903991676437903,0,28,thymio-01
61,1788311107.021298,2.9442007541656494,-0.3167427778244018,-1.1306441991360394,94.95439138254169,2.9442007541656494,0.0697954967617988,-0.3167427778244018,-0.6869522929191589,-0.3829640448093414,-0.0122814392670989,0.6174823045730591,5,-0.4893124834329431,-0.5976807366620946,1.0,-0.7907814655450788,0,0,0.0391558778653784,0.623531513149552,45,233,thymio-01
62,1788311107.6296642,2.9442007541656494,-0.3167427778244018,-1.1306441991360394,94.85439138254168,2.9442007541656494,0.0697954967617988,-0.3167427778244018,-0.6869522929191589,-0.3829640448093414,-0.0122814392670989,0.6174823045730591,5,-0.4893124834329431,-0.5957608378454912,1.0,-0.7907814655450788,0,0,0.0392337675057419,0.5282572014555212,60,219,thymio-01
63,1788311108.238042,2.9599597454071045,-0.2959424555301666,-1.21541343864169,94.75439138254168,2.9599597454071045,0.0703406408429145,-0.2959424555301666,-0.6678107976913452,-0.2252066433429718,0.1527106761932373,0.6928132176399231,5,-0.5622051057218258,-0.5834306523562514,1.0,-0.7997419621774781,0,0,0.0082518656023269,0.1241345349614728,11,48,thymio-01
64,1788311108.8477106,2.9804491996765137,-0.2828296422958374,-1.2139387923669838,94.65439138254168,2.9804491996765137,0.0704322904348373,-0.2828296422958374,-0.634429395198822,-0.1145106926560401,0.2530372142791748,0.7213590145111084,5,-0.5887204118411082,-0.5582034151659651,1.0,-0.8005356173374323,0,0,0.0080923409151761,0.2469529033802191,-9,66,thymio-01
65,1788311109.455626,2.9804491996765137,-0.2828296422958374,-1.2139387923669838,94.5543913825417,2.9804491996765137,0.0704322904348373,-0.2828296422958374,-0.634429395198822,-0.1145106926560401,0.2530372142791748,0.7213590145111084,5,-0.5887204118411082,-0.5582034151659651,1.0,-0.8005356173374323,0,0,0.0080923409151761,0.3523482541520623,-24,82,thymio-01
66,1788311110.0633185,2.9869847297668457,-0.2799071073532104,-1.1938342337835974,94.4543913825417,2.9869847297668457,0.0707662850618362,-0.2799071073532104,-0.6241806745529175,-0.0724529400467872,0.2947949767112732,0.7198923230171204,5,-0.573199243226631,-0.555224810273516,1.0,-0.8066650263104236,0,0,0.0068603297116048,0.4213248787842168,-39,88,thymio-01
67,1788311110.6712756,2.9964709281921387,-0.2789914309978485,-1.1154357803577986,94.3543913825417,2.9964709281921387,0.0703364685177803,-0.2789914309978485,-0.5649363994598389,0.0504762083292007,0.3932138979434967,0.7236586213111877,5,-0.4918802521281963,-0.5515792930622556,1.0,-0.8188649022185159,0,0,0.0044081546540782,0.4349592178255654,-50,81,thymio-01
68,1788311111.2792656,2.9964709281921387,-0.2789914309978485,-1.1154357803577986,94.25439138254173,2.9964709281921387,0.0703364685177803,-0.2789914309978485,-0.5649363994598389,0.0504762083292007,0.3932138979434967,0.7236586213111877,5,-0.4918802521281963,-0.5515792930622556,1.0,-0.8188649022185159,0,0,0.0044081546540782,0.3725220070058282,-41,72,thymio-01
69,1788311111.88774,2.997452974319458,-0.2806970477104187,-1.0054961372052826,94.15439138254172,2.997452974319458,0.0708559304475784,-0.2806970477104187,-0.4975312650203705,0.1432091146707534,0.4520049095153808,0.7263920903205872,5,-0.4521001204407063,-0.5527976616184329,1.0,-0.8308554455962134,0,0,0.0019980554351611,0.3873653435212391,-51,66,thymio-01
70,1788311112.497147,2.996864557266236,-0.2830442786216736,-0.4885865628104784,94.05439138254172,2.996864557266236,0.0709506496787071,-0.2830442786216736,-0.377557098865509,0.3165360987186432,0.5659972429275513,0.6609861850738525,5,-0.3618398614503298,1.0,1.0,-0.8374931157288277,0,0,0.0006638837385056,0.2449501803970065,-35,39,thymio-01
71,1788311113.1056128,2.9958484172821045,-0.2824957966804504,0.1301454788038762,93.95439138254171,2.9958484172821045,0.0701652988791465,-0.2824957966804504,-0.2598600387573242,0.4416830539703369,0.6227708458900452,0.5912237167358398,5,-0.8428481071043956,0.4839166177020839,1.0,-0.6150774777859539,0,0,0.0,0.5450532473120187,-82,82,thymio-01
72,1788311113.7136152,2.9958484172821045,-0.2824957966804504,0.1301454788038762,93.85439138254172,2.9958484172821045,0.0701652988791465,-0.2824957966804504,-0.2598600387573242,0.4416830539703369,0.6227708458900452,0.5912237167358398,5,-0.8428481071043956,0.4839166177020839,1.0,-0.6150774777859539,0,0,0.0,0.3741772483702178,-57,57,thymio-01
73,1788311114.3220396,2.994390726089477,-0.2798555195331573,0.5177429891798542,93.75439138254174,2.994390726089477,0.0696612298488617,-0.2798555195331573,-0.1693452149629593,0.5261943936347961,0.6580843329429626,0.5112404227256775,5,-0.8426569309320089,1.0,-0.3733872957676438,-0.6572962308556229,0,0,-0.0,-0.0432412184823812,7,-7,thymio-01
74,1788311114.9301655,2.993660926818848,-0.2748884558677673,0.7741888090780145,93.65439138254176,2.993660926818848,0.0696023851633071,-0.2748884558677673,-0.0105265183374285,0.6284831166267395,0.680012047290802,0.3774678111076355,5,-0.8332831729325624,1.0,-0.4019545616403827,-0.6236888606750957,0,0,-0.0015100822405549,0.3194958795718916,-54,43,thymio-01
75,1788311115.538266,2.993660926818848,-0.2748884558677673,0.7741888090780145,93.55439138254177,2.993660926818848,0.0696023851633071,-0.2748884558677673,-0.0105265183374285,0.6284831166267395,0.680012047290802,0.3774678111076355,5,-0.8260537238386817,1.0,-0.4041288915246197,-0.6115166184062686,0,0,-0.0029632015084249,0.3928497945242986,-70,49,thymio-01
76,1788311116.1412375,10000.0,10000.0,0.0,93.55439138254177,2.993660926818848,0.0696023851633071,-0.2748884558677673,-0.0105265183374285,0.6284831166267395,0.680012047290802,0.3774678111076355,5,1.0,1.0,-1.0,1.0,0,0,-0.03,0.5593065611834696,-191,-22,thymio-01
77,1788311116.744459,2.996449708938598,-0.2679613530635834,0.8617242562634662,93.55439138254177,2.996449708938598,0.0692636966705322,-0.2679613530635834,-0.119683600962162,-0.6989597082138062,-0.6612448692321777,-0.2447170466184616,5,-0.8181821680707844,1.0,-0.4030717114480336,-0.5817475373421588,0,0,0.0096381153783473,0.3363711125140465,-17,85,thymio-01
78,1788311117.3532934,2.996449708938598,-0.2679613530635834,0.8617242562634662,93.45439138254176,2.996449708938598,0.0692636966705322,-0.2679613530635834,-0.119683600962162,-0.6989597082138062,-0.6612448692321777,-0.2447170466184616,5,-0.8181821680707844,1.0,-0.4030717114480336,-0.5817475373421588,0,0,0.0111250952512229,0.293321438649992,-5,84,thymio-01
79,1788311117.961206,3.012680530548096,-0.2562031149864197,0.8084717040727218,93.35439138254176,3.012680530548096,0.071077637374401,-0.2562031149864197,-0.3194645643234253,-0.7324330806732178,-0.599949061870575,-0.039311196655035,5,-0.8224768891168556,1.0,-0.3756576904293454,-0.5517137888848976,1221,0,-0.003682145287512,0.2050957478578697,-44,18,thymio-01
80,1788311118.5707414,3.005807638168335,-0.255720317363739,0.7574749625117079,93.25439138254175,3.005807638168335,0.0705026611685752,-0.255720317363739,-0.3904177248477936,-0.729851484298706,-0.5574156045913696,0.0646425038576126,5,-0.8306298451534374,1.0,-0.3405249766523003,-0.5607798624947138,2106,0,-0.08,0.1003932585711002,-299,-269,thymio-01
81,1788311119.1794186,3.03012752532959,-0.2583809196949005,0.6487944488231818,93.15439138254176,3.03012752532959,0.0694160833954811,-0.2583809196949005,-0.4437318742275238,-0.7286425828933716,-0.5068380832672119,0.1236825436353683,5,-0.802396920106448,1.0,-0.3756133408339132,-0.4639615621360773,0,0,-0.0077182190586039,0.0900286260450074,-41,-14,thymio-01
82,1788311119.7873683,3.067796230316162,-0.2687847018241882,0.5890811704963999,93.05439138254178,3.067796230316162,0.0701504647731781,-0.2687847018241882,-0.4664786159992218,-0.7211264371871948,-0.4940245449542999,0.1353298723697662,5,-0.7634506623522772,1.0,-0.4138127241949841,-0.3652238260625932,0,0,-0.0155464168671922,0.1270476433320675,-74,-36,thymio-01
83,1788311120.3960774,3.067796230316162,-0.2687847018241882,0.5890811704963999,92.9543913825418,3.067796230316162,0.0701504647731781,-0.2687847018241882,-0.4664786159992218,-0.7211264371871948,-0.4940245449542999,0.1353298723697662,5,-0.7634506623522772,1.0,-0.4138127241949841,-0.3652238260625932,0,0,-0.0155464168671922,0.1573855014596061,-79,-31,thymio-01
84,1788311121.0058265,3.0830540657043457,-0.2726134359836578,0.5479337632456995,92.8543913825418,3.0830540657043457,0.069458469748497,-0.2726134359836578,-0.4819412231445312,-0.7167962789535522,-0.4733427464962005,0.1728649884462356,5,-0.7421079272312701,1.0,-0.4403196114008955,-0.214799893686379,0,0,-0.0198363066265147,0.1573573740181301,-94,-47,thymio-01
85,1788311121.6135793,3.0968520641326904,-0.278320163488388,0.4737257466434199,92.7543913825418,3.0968520641326904,0.0693446546792984,-0.278320163488388,-0.5038992762565613,-0.7054064869880676,-0.4525111019611358,0.209095612168312,5,-0.7314585110997145,1.0,-0.4700396909312953,-0.1105175709016952,0,0,-0.0219768392689573,0.1927000931634133,-107,-49,thymio-01
86,1788311122.2213202,3.0968520641326904,-0.278320163488388,0.4737257466434199,92.6543913825418,3.0968520641326904,0.0693446546792984,-0.278320163488388,-0.5038992762565613,-0.7054064869880676,-0.4525111019611358,0.209095612168312,5,-0.7314585110997145,1.0,-0.4700396909312953,-0.1105175709016952,0,0,-0.0219768392689573,0.2083201616922838,-110,-47,thymio-01
87,1788311122.829126,3.125300407409668,-0.2964830100536346,0.2413010459509266,92.5543913825418,3.125300407409668,0.0694064125418663,-0.2964830100536346,-0.5494005084037781,-0.6803363561630249,-0.3960665464401245,0.2800586521625519,5,-0.7182701032741823,1.0,-0.5034600849133386,0.0757373243199472,0,0,-0.0246277092418893,0.2451703469660192,-125,-50,thymio-01
88,1788311123.4367323,3.1406428813934326,-0.309564858675003,0.188598274246611,92.4543913825418,3.1406428813934326,0.0709321126341819,-0.309564858675003,-0.523392915725708,-0.7061252593994141,-0.3197498321533203,0.3538460731506347,5,-0.7150798635828928,1.0,-0.5795577759716188,0.1816971426749685,0,0,-0.0252689474198385,0.3961711118589853,-150,-30,thymio-01
89,1788311124.0449207,3.1406428813934326,-0.309564858675003,0.188598274246611,92.35439138254182,3.1406428813934326,0.0709321126341819,-0.309564858675003,-0.523392915725708,-0.7061252593994141,-0.3197498321533203,0.3538460731506347,5,-0.7150798635828928,1.0,-0.5795577759716188,0.1816971426749685,0,0,-0.0252689474198385,0.4248469545726842,-154,-26,thymio-01
90,1788311124.653662,3.1577017307281494,-0.3303414583206177,-0.3186847753137201,92.25439138254184,3.1577017307281494,0.0698346123099327,-0.3303414583206177,-0.6112806797027588,-0.6167760491371155,-0.291374921798706,0.4012778103351593,5,1.0,0.3048601320762429,-0.6817580555200126,-0.702130915042476,0,0,-0.0278716860764623,0.1451113124873921,-121,-77,thymio-01
91,1788311125.2623532,3.168600082397461,-0.3538162112236023,-0.7417270634785371,92.15439138254185,3.168600082397461,0.0695525631308555,-0.3538162112236023,-0.6467130184173584,-0.548858642578125,-0.1947567760944366,0.4925306141376495,5,-0.712356277623468,0.2935553660208474,1.0,-0.7161020722532712,0,0,0.070398368413407,0.4280799139461559,185,315,thymio-01
92,1788311125.871094,3.1725640296936035,-0.3806299269199371,-0.9274262501356004,92.05439138254184,3.1725640296936035,0.0690755918622016,-0.3806299269199371,-0.6677737832069397,-0.4961015582084656,-0.1410468816757202,0.5367188453674316,5,-0.6840258789252476,0.3794396386049516,1.0,-0.6995772912152334,0,0,0.0972894079110157,0.5976685546497362,255,436,thymio-01
93,1788311126.4789906,3.1725640296936035,-0.3806299269199371,-0.9274262501356004,91.95439138254184,3.1725640296936035,0.0690755918622016,-0.3806299269199371,-0.6677737832069397,-0.4961015582084656,-0.1410468816757202,0.5367188453674316,5,-0.6840258789252476,0.3794396386049516,1.0,-0.6995772912152334,0,0,-0.028384964465738,0.5720055086914199,-187,-14,thymio-01
94,1788311127.0886154,3.177638292312622,-0.3323357105255127,-1.0787302527436815,91.85439138254183,3.177638292312622,0.0693688839673996,-0.3323357105255127,-0.6829147338867188,-0.4202762246131897,-0.0475424267351627,0.5955963730812073,5,-0.6907087086189317,0.6696918260543117,1.0,-0.7034410981690282,0,0,-0.0276083392680253,0.5728691555184788,-185,-12,thymio-01
95,1788311127.6965835,3.185632467269897,-0.2986217141151428,-1.2179169621593149,91.75439138254184,3.185632467269897,0.0700173527002334,-0.2986217141151428,-0.6605211496353149,-0.2048340737819671,0.1723183691501617,0.7014707326889038,5,-0.6866717766316957,0.8402203852914489,1.0,-0.6965048609836447,0,0,-0.0290025229422874,0.6251591427640173,-197,-9,thymio-01
96,1788311128.3043668,3.151661157608032,-0.3139005303382873,-1.141097436680618,91.59697155435856,3.151661157608032,0.0701296851038932,-0.3139005303382873,-0.5841463208198547,0.0135862529277801,0.3676231205463409,0.7234928011894226,5,-0.6483888550524077,0.8960136682820534,1.0,-0.6941214816322848,0,0,-0.0294815821919107,0.6279834377874001,-200,-10,thymio-01
97,1788311128.9124198,3.151661157608032,-0.3139005303382873,-1.141097436680618,91.49697155435857,3.151661157608032,0.0701296851038932,-0.3139005303382873,-0.5841463208198547,0.0135862529277801,0.3676231205463409,0.7234928011894226,5,-0.6483888550524077,0.8960136682820534,1.0,-0.6941214816322848,0,0,-0.0294815821919107,0.6258453049971944,-199,-10,thymio-01
98,1788311129.5205252,3.127329111099243,-0.3137854039669037,-0.9704790638199324,91.37640475665404,3.127329111099243,0.0707197785377502,-0.3137854039669037,-0.5067992806434631,0.1445869505405426,0.46941077709198,0.708450973033905,5,-0.6258384512015751,0.5989056314637737,1.0,-0.7046137412488702,0,0,-0.0273726380089771,0.6271976930009411,-192,-3,thymio-01
99,1788311130.1289632,3.0858540534973145,-0.2868446111679077,-0.0385323065588383,91.16158123518856,3.0858540534973145,0.0700772628188133,-0.2868446111679077,-0.2952729165554046,0.4079433977603912,0.6092225909233093,0.6125715374946594,5,-0.7329864802513406,0.5606875250122214,-0.5513202313220018,1.0,0,0,-0.0216697174694805,0.582990626126737,-165,11,thymio-01
100,1788311130.736925,3.0760600566864014,-0.2637056112289428,0.4982964542553469,91.06158123518856,3.0760600566864014,0.0700558573007583,-0.2637056112289428,-0.1666212379932403,0.524508535861969,0.6558235287666321,0.5167433619499207,5,-0.7121998003420774,1.0,-0.54130815061824,0.5236473476691899,0,0,-0.0258478401312424,0.5105913257056726,-169,-15,thymio-01
101,1788311131.3456864,3.0760600566864014,-0.2637056112289428,0.4982964542553469,90.96158123518856,3.0760600566864014,0.0700558573007583,-0.2637056112289428,-0.1666212379932403,0.524508535861969,0.6558235287666321,0.5167433619499207,5,-0.7121998003420774,1.0,-0.54130815061824,0.5236473476691899,0,0,-0.0258478401312424,0.5940627723196121,-182,-2,thymio-01
102,1788311131.953615,3.077866315841675,-0.2349469661712646,0.7932465906961887,90.86158123518857,3.077866315841675,0.0705075934529304,-0.2349469661712646,-0.0007206993177533,-0.6405181884765625,-0.676063060760498,-0.3642453551292419,5,-0.7099100983979446,-0.536758624477087,1.0,1.0,0,0,-0.0263080702220131,0.626189135053417,-188,1,thymio-01
103,1788311132.5622427,3.077866315841675,-0.2349469661712646,0.7932465906961887,90.76158123518856,3.077866315841675,0.0705075934529304,-0.2349469661712646,-0.0007206993177533,-0.6405181884765625,-0.676063060760498,-0.3642453551292419,5,-0.7099100983979446,-0.536758624477087,1.0,1.0,0,0,-0.0263080702220131,0.6280003364959524,-188,1,thymio-01
104,1788311133.170657,3.1073262691497803,-0.2002300024032592,0.8249976972828881,90.66158123518858,3.1073262691497803,0.0716471523046493,-0.2002300024032592,0.266248345375061,0.7198092937469482,0.6315404772758484,0.1101959496736526,5,1.0,-0.4921338576465445,-0.7315010596199989,0.4713107741803475,0,0,-0.0219682870163802,-0.1917399316497852,-49,-107,thymio-01
105,1788311133.7800472,3.134582042694092,-0.1937554627656936,0.7616763948543634,90.56158123518858,3.134582042694092,0.0704440921545028,-0.1937554627656936,0.3882540762424469,0.7386153936386108,0.5463035702705383,-0.072515957057476,5,-0.7450267416158625,-0.4887205703647413,1.0,0.4889935253804771,0,0,0.076943626329057,0.1614862413225913,249,298,thymio-01
106,1788311134.387942,3.134582042694092,-0.1937554627656936,0.7616763948543634,90.4615812351886,3.134582042694092,0.0704440921545028,-0.1937554627656936,0.3882540762424469,0.7386153936386108,0.5463035702705383,-0.072515957057476,5,-0.7450267416158625,-0.4887205703647413,1.0,0.4889935253804771,0,0,0.0767014332864199,-0.4193419938412995,336,209,thymio-01
107,1788311134.9959598,3.143495559692383,-0.1943692862987518,0.7721267388381152,90.3615812351886,3.143495559692383,0.0707785561680793,-0.1943692862987518,0.3748036921024322,0.7369776964187622,0.5607176423072815,-0.0445183254778385,5,-0.7504415172125585,-0.5324051308090898,1.0,0.4810000638346927,0,0,-0.0181612550402757,-0.0957055261021454,-50,-79,thymio-01
108,1788311135.604329,3.043710231781006,-0.2024870365858078,0.8135340327972185,89.87564330010225,3.043710231781006,0.0715946108102798,-0.2024870365858078,-0.3122337162494659,-0.7360842227935791,-0.598820149898529,-0.0458769761025905,5,1.0,1.0,-0.7487145468213101,0.3509075637336951,0,0,-0.0185083760889166,-0.1094320243486506,-49,-82,thymio-01
109,1788311136.2126331,3.043710231781006,-0.2024870365858078,0.8135340327972185,89.77564330010226,3.043710231781006,0.0715946108102798,-0.2024870365858078,-0.3122337162494659,-0.7360842227935791,-0.598820149898529,-0.0458769761025905,5,1.0,1.0,-0.7487145468213101,0.3509075637336951,0,0,-0.0185083760889166,-0.3428405062477392,-14,-118,thymio-01
110,1788311136.8209825,3.056527614593506,-0.1990837156772613,0.8139949911180717,89.67564330010227,3.056527614593506,0.0720161497592926,-0.1990837156772613,-0.2929747998714447,-0.726257860660553,-0.6167599558830261,-0.079514093697071,5,1.0,1.0,-0.7055771460611009,0.3685112257872869,0,0,-0.0271789936417187,-0.449711557160739,-29,-164,thymio-01
111,1788311137.4287186,3.071818590164185,-0.1931171417236328,0.840403102776679,89.57564330010227,3.071818590164185,0.0719692185521125,-0.1931171417236328,-0.2392260730266571,-0.7138696908950806,-0.6443616151809692,-0.1340116560459137,5,1.0,1.0,-0.6270342728576257,0.446191088117978,0,0,0.1153567788977323,-0.5352932442888436,491,329,thymio-01
112,1788311138.0365467,3.0875258445739746,-0.1837807893753051,0.829359485821604,89.47564330010228,3.0875258445739746,0.0708122327923774,-0.1837807893753051,-0.0969512537121772,-0.6776002645492554,-0.6723591089248657,-0.2817652821540832,5,-0.6098145445372314,1.0,-0.4306472856264826,0.5229889783249932,0,0,0.1392555453651354,-0.2644610931244313,500,455,thymio-01
113,1788311138.644464,3.042640686035156,-0.2781728506088257,0.7699599859771538,89.17279663906069,3.042640686035156,0.0695973560214042,-0.2781728506088257,-0.0082151619717478,0.6288759112358093,0.6791456937789917,0.3784292638301849,5,1.0,1.0,-0.4750826315227009,0.5212093808222706,0,0,0.1778358602995677,-0.4979761750764332,500,500,thymio-01
114,1788311139.2530074,3.042640686035156,-0.2781728506088257,0.7699599859771538,89.0727966390607,3.042640686035156,0.0695973560214042,-0.2781728506088257,-0.0082151619717478,0.6288759112358093,0.6791456937789917,0.3784292638301849,5,1.0,1.0,-0.4750826315227009,0.5212093808222706,0,0,0.1714525731914133,-0.4257919732204512,500,500,thymio-01
115,1788311139.8615334,3.012054681777954,-0.3757525086402893,0.748664726973999,88.85051611243999,3.012054681777954,0.0693037360906601,-0.3757525086402893,-0.0261368285864591,0.6202381253242493,0.6759464144706726,0.3971373736858368,5,1.0,1.0,-0.3369565235717275,0.5474090651280961,0,0,0.1757610817860861,-0.3851126901748508,500,500,thymio-01
116,1788311140.4698462,2.961921453475952,-0.5445979237556458,0.744893117309807,88.43456564462019,2.961921453475952,0.0681969597935676,-0.5445979237556458,-0.0270545501261949,0.6184490323066711,0.676500141620636,0.3989190757274627,5,1.0,1.0,-0.094524451014356,0.6169763025420962,0,0,0.1878361082741314,-0.3072672580051233,500,500,thymio-01
117,1788311141.0787263,2.935168027877808,-0.635672926902771,0.7484417593540846,88.23025596973702,2.935168027877808,0.0678319036960601,-0.635672926902771,-0.0259274151176214,0.6175764799118042,0.6789768934249878,0.3961281180381775,5,1.0,1.0,0.0318593488814222,0.6609248691200542,0,0,0.1964543164006309,-0.1156348494900371,500,500,thymio-01
118,1788311141.687003,2.935168027877808,-0.635672926902771,0.7484417593540846,88.13025596973702,2.935168027877808,0.0678319036960601,-0.635672926902771,-0.0259274151176214,0.6175764799118042,0.6789768934249878,0.3961281180381775,5,1.0,1.0,0.0318593488814222,0.6609248691200542,0,0,0.1983010549649227,-0.1192307493419232,500,500,thymio-01
119,1788311142.295635,2.885937213897705,-0.8042444586753845,0.7427439661981863,87.70007798714626,2.885937213897705,0.0675332769751548,-0.8042444586753845,-0.0298606883734464,0.6173028349876404,0.6760910749435425,0.4011814892292022,5,1.0,1.0,0.2407308996506929,0.7332341395476871,0,0,0.1991085778285375,-0.4103974916194539,500,500,thymio-01
120,1788311142.903195,2.8603429794311523,-0.8914947509765625,0.7339656374520604,87.49518292084171,2.8603429794311523,0.0679397881031036,-0.8914947509765625,-0.0250940341502428,0.6151173114776611,0.6777183413505554,0.402117908000946,5,1.0,1.0,0.3208138377624405,0.7627945876944795,0,0,0.1990237019619112,-0.5727618312813761,500,500,thymio-01
121,1788311143.5110393,2.8603429794311523,-0.8914947509765625,0.7339656374520604,87.39518292084172,2.8603429794311523,0.0679397881031036,-0.8914947509765625,-0.0250940341502428,0.6151173114776611,0.6777183413505554,0.402117908000946,5,1.0,1.0,0.3208138377624405,0.7627945876944795,0,0,0.1880143989969862,-0.616283035502369,500,500,thymio-01
122,1788311144.1202824,2.815779209136963,-1.0459036827087402,0.7379848165360623,87.03943425104423,2.815779209136963,0.0677318796515464,-1.0459036827087402,-0.0272811464965343,0.6189627051353455,0.6737378239631653,0.4027633965015411,5,1.0,1.0,0.4733434246344381,0.7960868545995177,0,0,0.1619602610498337,-0.6221157976046184,500,482,thymio-01
123,1788311144.7285016,2.790844202041626,-1.131835699081421,0.7361114771760708,86.84178669110801,2.790844202041626,0.0668373703956604,-1.131835699081421,-0.027304446324706,0.6171094179153442,0.6752796173095703,0.4030236005783081,5,1.0,1.0,0.5733914965551297,0.8215934177881337,0,0,0.1431631900916074,-0.6240222842932708,500,414,thymio-01
124,1788311145.337283,2.790844202041626,-1.131835699081421,0.7361114771760708,86.74178669110802,2.790844202041626,0.0668373703956604,-1.131835699081421,-0.027304446324706,0.6171094179153442,0.6752796173095703,0.4030236005783081,5,1.0,1.0,0.5733914965551297,0.8215934177881337,0,0,0.1466712138585921,-0.6244824802620818,500,427,thymio-01
125,1788311145.945269,2.7487916946411133,-1.296596646308899,0.6741037659109961,86.38790441316138,2.7487916946411133,0.0654946342110633,-1.296596646308899,-0.0657354369759559,0.589530885219574,0.6730087399482727,0.4418047666549682,5,1.0,1.0,0.6935642332049394,0.8669734190371354,0,0,0.1199545829290266,-0.6254677714902172,500,332,thymio-01
126,1788311146.5551782,2.742987632751465,-1.3531593084335327,-2.3178726274662247,86.28790441316139,2.742987632751465,0.0650931671261787,-1.3531593084335327,0.6455025672912598,0.1575934886932373,-0.455559104681015,0.5924159288406372,5,1.0,0.9371382828801174,1.0,0.6825183862573669,0,0,0.0764428314894159,-0.5931218616662585,361,182,thymio-01
127,1788311147.1635027,2.742987632751465,-1.3531593084335327,-2.3178726274662247,86.18790441316139,2.742987632751465,0.0650931671261787,-1.3531593084335327,0.6455025672912598,0.1575934886932373,-0.455559104681015,0.5924159288406372,5,1.0,0.9371382828801174,1.0,0.6825183862573669,0,0,0.1090638610916573,-0.6146315827471366,480,295,thymio-01
128,1788311147.7665377,0.7615746855735779,-1.5062596797943115,-1.492703366334719,86.18790441316139,0.7615746855735779,0.081603892147541,-1.5062596797943115,0.6714773774147034,0.0373627841472625,-0.1435480415821075,-0.7260276675224304,5,1.0,1.0,1.0,-0.9862384977335784,0,0,0.0,-0.5999552213127203,91,-91,thymio-01
129,1788311148.3751445,0.7692728042602539,-1.551939845085144,-1.502037996948719,86.0879044131614,0.7692728042602539,0.079962745308876,-1.551939845085144,0.6907612681388855,0.1231842041015625,-0.056850366294384,-0.7102412581443787,5,1.0,-0.9852210172061556,1.0,1.0,0,0,0.0,-0.5980233060281712,90,-90,thymio-01
130,1788311148.982792,0.7692728042602539,-1.551939845085144,-1.502037996948719,85.9879044131614,0.7692728042602539,0.079962745308876,-1.551939845085144,0.6907612681388855,0.1231842041015625,-0.056850366294384,-0.7102412581443787,5,1.0,-0.9852210172061556,1.0,1.0,0,0,0.0,-0.6016585297255757,91,-91,thymio-01
131,1788311149.5911484,0.7777271866798401,-1.5466411113739014,-1.4766602367174508,85.88790441316141,0.7777271866798401,0.0793870911002159,-1.5466411113739014,0.6974742412567139,0.2194996625185012,0.0343382395803928,-0.6813006401062012,5,1.0,1.0,1.0,-0.9784439540424784,0,0,0.0,-0.5080533766551871,77,-77,thymio-01
132,1788311150.1995757,0.7777271866798401,-1.5466411113739014,-1.4766602367174508,85.78790441316141,0.7777271866798401,0.0793870911002159,-1.5466411113739014,0.6974742412567139,0.2194996625185012,0.0343382395803928,-0.6813006401062012,5,1.0,1.0,1.0,-0.9595058753767188,0,0,-0.0,-0.5682730465290433,86,-86,thymio-01
133,1788311150.80303,10000.0,10000.0,0.0,85.78790441316141,0.7777271866798401,0.0793870911002159,-1.5466411113739014,0.6974742412567139,0.2194996625185012,0.0343382395803928,-0.6813006401062012,5,1.0,1.0,1.0,1.0,0,0,-0.03,-0.5427764849013652,-25,-189,thymio-01
134,1788311151.4065585,10000.0,10000.0,0.0,85.78790441316141,0.7777271866798401,0.0793870911002159,-1.5466411113739014,0.6974742412567139,0.2194996625185012,0.0343382395803928,-0.6813006401062012,5,1.0,1.0,1.0,1.0,0,0,-0.03,-0.337810694829858,-56,-158,thymio-01
135,1788311152.0100982,10000.0,10000.0,0.0,85.78790441316141,0.7777271866798401,0.0793870911002159,-1.5466411113739014,0.6974742412567139,0.2194996625185012,0.0343382395803928,-0.6813006401062012,5,1.0,1.0,-1.0,1.0,0,0,0.03,-0.4554482623720138,175,38,thymio-01
136,1788311152.613183,10000.0,10000.0,0.0,85.78790441316141,0.7777271866798401,0.0793870911002159,-1.5466411113739014,0.6974742412567139,0.2194996625185012,0.0343382395803928,-0.6813006401062012,5,1.0,1.0,1.0,1.0,0,0,0.03,-0.599149703217233,197,16,thymio-01
137,1788311153.2167048,10000.0,10000.0,0.0,85.78790441316141,0.7777271866798401,0.0793870911002159,-1.5466411113739014,0.6974742412567139,0.2194996625185012,0.0343382395803928,-0.6813006401062012,5,1.0,1.0,1.0,1.0,0,0,0.03,-0.6237585322452162,201,12,thymio-01
138,1788311153.819431,10000.0,10000.0,0.0,85.78790441316141,0.7777271866798401,0.0793870911002159,-1.5466411113739014,0.6974742412567139,0.2194996625185012,0.0343382395803928,-0.6813006401062012,5,1.0,1.0,1.0,1.0,0,0,0.03,-0.627360234294095,201,12,thymio-01
139,1788311154.4224231,10000.0,10000.0,0.0,85.78790441316141,0.7777271866798401,0.0793870911002159,-1.5466411113739014,0.6974742412567139,0.2194996625185012,0.0343382395803928,-0.6813006401062012,5,1.0,1.0,1.0,1.0,0,0,0.03,-0.6277226902267261,201,12,thymio-01
140,1788311155.0253751,10000.0,10000.0,0.0,85.78790441316141,0.7777271866798401,0.0793870911002159,-1.5466411113739014,0.6974742412567139,0.2194996625185012,0.0343382395803928,-0.6813006401062012,5,1.0,1.0,1.0,1.0,0,0,0.03,-0.6278741417134099,201,12,thymio-01
141,1788311155.6291184,10000.0,10000.0,0.0,85.78790441316141,0.7777271866798401,0.0793870911002159,-1.5466411113739014,0.6974742412567139,0.2194996625185012,0.0343382395803928,-0.6813006401062012,5,1.0,1.0,1.0,1.0,0,0,0.03,-0.6279366949000434,201,12,thymio-01
142,1788311156.231865,10000.0,10000.0,0.0,85.78790441316141,0.7777271866798401,0.0793870911002159,-1.5466411113739014,0.6974742412567139,0.2194996625185012,0.0343382395803928,-0.6813006401062012,5,1.0,1.0,1.0,1.0,0,0,0.03,-0.6279295095914502,201,12,thymio-01
143,1788311156.8349972,10000.0,10000.0,0.0,85.78790441316141,0.7777271866798401,0.0793870911002159,-1.5466411113739014,0.6974742412567139,0.2194996625185012,0.0343382395803928,-0.6813006401062012,5,1.0,1.0,1.0,1.0,0,0,0.03,-0.6279032844991645,201,12,thymio-01
144,1788311157.4385605,10000.0,10000.0,0.0,85.78790441316141,0.7777271866798401,0.0793870911002159,-1.5466411113739014,0.6974742412567139,0.2194996625185012,0.0343382395803928,-0.6813006401062012,5,1.0,1.0,1.0,1.0,0,0,0.03,-0.6278713121753231,201,12,thymio-01
145,1788311158.0414653,10000.0,10000.0,0.0,85.78790441316141,0.7777271866798401,0.0793870911002159,-1.5466411113739014,0.6974742412567139,0.2194996625185012,0.0343382395803928,-0.6813006401062012,5,1.0,1.0,1.0,1.0,0,0,0.03,-0.6278387151952628,201,12,thymio-01
146,1788311158.6444523,0.4463386833667755,-1.4219516515731812,-1.4733026250159071,85.78790441316141,0.4463386833667755,0.0854635164141655,-1.4219516515731812,-0.6691685318946838,0.021051075309515,0.2063857614994049,0.7135651707649231,5,1.0,1.0,1.0,-0.9876265116423054,0,0,0.0,-0.6080129750366606,92,-92,thymio-01
147,1788311159.2525003,0.4819358885288238,-1.4697498083114624,-1.489055248868559,85.68790441316142,0.4819358885288238,0.0826915279030799,-1.4697498083114624,0.7052891254425049,0.1971511095762252,0.0184954013675451,-0.6807031035423279,5,1.0,1.0,1.0,-0.9878353895750172,0,0,0.0,-0.617840108402594,93,-93,thymio-01
148,1788311159.8610203,0.4819358885288238,-1.4697498083114624,-1.489055248868559,85.58790441316143,0.4819358885288238,0.0826915279030799,-1.4697498083114624,0.7052891254425049,0.1971511095762252,0.0184954013675451,-0.6807031035423279,5,1.0,1.0,1.0,-0.9878353895750172,0,0,0.0,-0.6160635677533627,93,-93,thymio-01
149,1788311160.469322,0.4803245961666107,-1.472692608833313,-1.485716475412393,85.48790441316143,0.4803245961666107,0.0832057297229766,-1.472692608833313,0.7031468152999878,0.1812573820352554,-0.0035311062820255,-0.6875448822975159,5,1.0,-0.9845170121545094,1.0,1.0,0,0,0.0,-0.5952523600987283,90,-90,thymio-01
150,1788311161.0769076,0.4763050973415375,-1.47804057598114,-1.4781333848756564,85.38790441316144,0.4763050973415375,0.0846532434225082,-1.47804057598114,0.6795260310173035,0.1511696726083755,-0.0463833957910537,-0.7164081931114197,5,1.0,-0.983896064295194,1.0,1.0,0,0,0.0,-0.5716209342995714,86,-86,thymio-01
151,1788311161.685069,0.4763050973415375,-1.47804057598114,-1.4781333848756564,85.28790441316144,0.4763050973415375,0.0846532434225082,-1.47804057598114,0.6795260310173035,0.1511696726083755,-0.0463833957910537,-0.7164081931114197,5,1.0,-0.9783206396750618,1.0,1.0,0,0,0.0,-0.4816478679763932,73,-73,thymio-01
152,1788311162.2929256,0.4584887623786926,-1.4938310384750366,-1.5029849479534096,85.17660618031229,0.4584887623786926,0.0824225172400474,-1.4938310384750366,0.6813716888427734,-0.0244101583957672,-0.1935129463672638,-0.7054710984230042,5,1.0,-0.9796030925872136,1.0,1.0,0,0,0.0,0.0697700968789263,-11,11,thymio-01
153,1788311162.9009886,0.4584887623786926,-1.4938310384750366,-1.5029849479534096,85.0766061803123,0.4584887623786926,0.0824225172400474,-1.4938310384750366,0.6813716888427734,-0.0244101583957672,-0.1935129463672638,-0.7054710984230042,5,1.0,-0.9796030925872136,1.0,1.0,0,0,0.0,0.5889267196704211,-89,89,thymio-01
154,1788311163.504238,10000.0,10000.0,0.0,85.0766061803123,0.4584887623786926,0.0824225172400474,-1.4938310384750366,0.6813716888427734,-0.0244101583957672,-0.1935129463672638,-0.7054710984230042,5,1.0,1.0,1.0,1.0,0,0,0.03,0.1649127932936015,82,131,thymio-01
155,1788311164.1075234,10000.0,10000.0,0.0,85.0766061803123,0.4584887623786926,0.0824225172400474,-1.4938310384750366,0.6813716888427734,-0.0244101583957672,-0.1935129463672638,-0.7054710984230042,5,1.0,1.0,1.0,1.0,0,0,0.03,0.3074952447493392,60,153,thymio-01
156,1788311164.7112362,10000.0,10000.0,0.0,85.0766061803123,0.4584887623786926,0.0824225172400474,-1.4938310384750366,0.6813716888427734,-0.0244101583957672,-0.1935129463672638,-0.7054710984230042,5,1.0,1.0,-1.0,1.0,0,0,0.03,-0.5205068899498895,185,28,thymio-01
157,1788311165.314678,0.316054105758667,-1.4803365468978882,0.8422349741725084,85.0766061803123,0.316054105758667,0.0882415696978569,-1.4803365468978882,0.1900150775909423,-0.632818341255188,-0.5936760902404785,-0.4593298435211181,5,1.0,1.0,-0.9853286232850744,1.0,0,0,0.0,-0.5932072272390424,90,-90,thymio-01
158,1788311165.923593,0.3027957081794739,-1.460773468017578,0.9132257408116368,84.9766061803123,0.3027957081794739,0.0885185152292251,-1.460773468017578,0.1510470360517501,-0.6698627471923828,-0.588049054145813,-0.4273957908153534,5,1.0,1.0,-0.9859030539696046,1.0,0,0,0.0,-0.6144010309118946,93,-93,thymio-01
159,1788311166.533955,0.3027957081794739,-1.460773468017578,0.9132257408116368,84.87660618031231,0.3027957081794739,0.0885185152292251,-1.460773468017578,0.1510470360517501,-0.6698627471923828,-0.588049054145813,-0.4273957908153534,5,1.0,1.0,-0.9859030539696046,1.0,0,0,0.0,-0.613224230443122,93,-93,thymio-01
160,1788311167.137416,10000.0,10000.0,0.0,84.87660618031231,0.3027957081794739,0.0885185152292251,-1.460773468017578,0.1510470360517501,-0.6698627471923828,-0.588049054145813,-0.4273957908153534,5,1.0,1.0,1.0,1.0,0,0,0.03,-0.6235759906063925,201,12,thymio-01
161,1788311167.741447,10000.0,10000.0,0.0,84.87660618031231,0.3027957081794739,0.0885185152292251,-1.460773468017578,0.1510470360517501,-0.6698627471923828,-0.588049054145813,-0.4273957908153534,5,1.0,1.0,1.0,1.0,0,0,0.03,-0.6245472883658607,201,12,thymio-01
162,1788311168.3452065,10000.0,10000.0,0.0,84.87660618031231,0.3027957081794739,0.0885185152292251,-1.460773468017578,0.1510470360517501,-0.6698627471923828,-0.588049054145813,-0.4273957908153534,5,1.0,1.0,1.0,1.0,0,0,0.03,-0.625987444591357,201,12,thymio-01
163,1788311168.9487636,10000.0,10000.0,0.0,84.87660618031231,0.3027957081794739,0.0885185152292251,-1.460773468017578,0.1510470360517501,-0.6698627471923828,-0.588049054145813,-0.4273957908153534,5,1.0,1.0,1.0,1.0,0,0,0.03,-0.626112545034748,201,12,thymio-01
164,1788311169.5523386,10000.0,10000.0,0.0,84.87660618031231,0.3027957081794739,0.0885185152292251,-1.460773468017578,0.1510470360517501,-0.6698627471923828,-0.588049054145813,-0.4273957908153534,5,1.0,1.0,1.0,1.0,0,0,0.03,-0.6264451986664332,201,12,thymio-01
165,1788311170.1550262,10000.0,10000.0,0.0,84.87660618031231,0.3027957081794739,0.0885185152292251,-1.460773468017578,0.1510470360517501,-0.6698627471923828,-0.588049054145813,-0.4273957908153534,5,1.0,1.0,1.0,1.0,0,0,0.03,-0.6266183102709831,201,12,thymio-01
166,1788311170.7586174,10000.0,10000.0,0.0,84.87660618031231,0.3027957081794739,0.0885185152292251,-1.460773468017578,0.1510470360517501,-0.6698627471923828,-0.588049054145813,-0.4273957908153534,5,1.0,1.0,1.0,1.0,0,0,0.03,-0.6267795746231068,201,12,thymio-01
167,1788311171.3625124,10000.0,10000.0,0.0,84.87660618031231,0.3027957081794739,0.0885185152292251,-1.460773468017578,0.1510470360517501,-0.6698627471923828,-0.588049054145813,-0.4273957908153534,5,1.0,1.0,-1.0,1.0,0,0,0.03,-0.6252477968634983,201,12,thymio-01
168,1788311171.965276,10000.0,10000.0,0.0,84.87660618031231,0.3027957081794739,0.0885185152292251,-1.460773468017578,0.1510470360517501,-0.6698627471923828,-0.588049054145813,-0.4273957908153534,5,1.0,1.0,-1.0,1.0,0,0,0.03,-0.6231218960731859,201,12,thymio-01
169,1788311172.5680623,10000.0,10000.0,0.0,84.87660618031231,0.3027957081794739,0.0885185152292251,-1.460773468017578,0.1510470360517501,-0.6698627471923828,-0.588049054145813,-0.4273957908153534,5,1.0,1.0,1.0,1.0,0,0,0.03,-0.6264973044938223,201,12,thymio-01
170,1788311173.171069,0.2107053101062774,-1.684147834777832,-1.480316148110858,84.87660618031231,0.2107053101062774,0.0827797055244445,-1.684147834777832,0.6992312073707581,0.215580478310585,0.0327660255134105,-0.680828332901001,5,1.0,1.0,1.0,-0.9890629486780742,0,0,0.0,-0.5616822296686452,85,-85,thymio-01
171,1788311173.778834,0.2107053101062774,-1.684147834777832,-1.480316148110858,84.77660618031231,0.2107053101062774,0.0827797055244445,-1.684147834777832,0.6992312073707581,0.215580478310585,0.0327660255134105,-0.680828332901001,5,1.0,1.0,1.0,-0.9890629486780742,0,0,0.0,-0.6017538621289096,91,-91,thymio-01
172,1788311174.3869689,0.202536329627037,-1.6910847425460815,-1.4891360619936411,84.67660618031232,0.202536329627037,0.0834670886397361,-1.6910847425460815,-0.6966760158538818,-0.1330634951591491,0.0551826059818267,0.702774167060852,5,1.0,-0.9810110589314684,1.0,1.0,0,0,0.0,-0.5910805806446837,89,-89,thymio-01
173,1788311174.9951496,0.202536329627037,-1.6910847425460815,-1.4891360619936411,84.57660618031233,0.202536329627037,0.0834670886397361,-1.6910847425460815,-0.6966760158538818,-0.1330634951591491,0.0551826059818267,0.702774167060852,5,1.0,-0.9810110589314684,1.0,1.0,0,0,0.0,-0.5936680966788244,90,-90,thymio-01
174,1788311175.603023,0.1719304174184799,-1.7042198181152344,-1.4035841734849988,84.39218712359987,0.1719304174184799,0.086805447936058,-1.7042198181152344,-0.6120186448097229,0.0973019227385521,0.2875191867351532,0.7302727699279785,5,1.0,1.0,1.0,-0.9790841389500105,0,0,0.0,-0.5287375302227878,80,-80,thymio-01
175,1788311176.211651,0.1719304174184799,-1.7042198181152344,-1.4035841734849988,84.29218712359987,0.1719304174184799,0.086805447936058,-1.7042198181152344,-0.6120186448097229,0.0973019227385521,0.2875191867351532,0.7302727699279785,5,1.0,1.0,1.0,-0.9790841389500105,0,0,-0.0,-0.5912320785934116,89,-89,thymio-01
176,1788311176.8144608,10000.0,10000.0,0.0,84.29218712359987,0.1719304174184799,0.086805447936058,-1.7042198181152344,-0.6120186448097229,0.0973019227385521,0.2875191867351532,0.7302727699279785,5,1.0,1.0,1.0,1.0,0,0,-0.0123819621237863,-0.5808325922579485,44,-132,thymio-01
177,1788311177.4182096,10000.0,10000.0,0.0,84.29218712359987,0.1719304174184799,0.086805447936058,-1.7042198181152344,-0.6120186448097229,0.0973019227385521,0.2875191867351532,0.7302727699279785,5,1.0,1.0,1.0,1.0,0,0,-0.03,-0.5497404712315301,-24,-190,thymio-01
178,1788311178.021124,10000.0,10000.0,0.0,84.29218712359987,0.1719304174184799,0.086805447936058,-1.7042198181152344,-0.6120186448097229,0.0973019227385521,0.2875191867351532,0.7302727699279785,5,1.0,1.0,1.0,1.0,0,0,0.03,-0.6004879794033079,197,16,thymio-01
179,1788311178.6245143,10000.0,10000.0,0.0,84.29218712359987,0.1719304174184799,0.086805447936058,-1.7042198181152344,-0.6120186448097229,0.0973019227385521,0.2875191867351532,0.7302727699279785,5,1.0,1.0,1.0,1.0,0,0,0.03,-0.6229253867670496,201,13,thymio-01
180,1788311179.2274458,10000.0,10000.0,0.0,84.29218712359987,0.1719304174184799,0.086805447936058,-1.7042198181152344,-0.6120186448097229,0.0973019227385521,0.2875191867351532,0.7302727699279785,5,1.0,1.0,1.0,1.0,0,0,0.03,-0.6266648528877734,201,12,thymio-01
181,1788311179.8309448,10000.0,10000.0,0.0,84.29218712359987,0.1719304174184799,0.086805447936058,-1.7042198181152344,-0.6120186448097229,0.0973019227385521,0.2875191867351532,0.7302727699279785,5,1.0,1.0,-1.0,1.0,0,0,0.03,-0.6250829798967635,201,12,thymio-01
182,1788311180.434038,10000.0,10000.0,0.0,84.29218712359987,0.1719304174184799,0.086805447936058,-1.7042198181152344,-0.6120186448097229,0.0973019227385521,0.2875191867351532,0.7302727699279785,5,1.0,1.0,1.0,1.0,0,0,0.03,-0.6278490619289359,201,12,thymio-01
183,1788311181.0377429,10000.0,10000.0,0.0,84.29218712359987,0.1719304174184799,0.086805447936058,-1.7042198181152344,-0.6120186448097229,0.0973019227385521,0.2875191867351532,0.7302727699279785,5,1.0,1.0,1.0,1.0,0,0,0.03,-0.6277808935973088,201,12,thymio-01
184,1788311181.6412811,10000.0,10000.0,0.0,84.29218712359987,0.1719304174184799,0.086805447936058,-1.7042198181152344,-0.6120186448097229,0.0973019227385521,0.2875191867351532,0.7302727699279785,5,1.0,1.0,1.0,1.0,0,0,0.03,-0.627811908311373,201,12,thymio-01
185,1788311182.2441704,0.155234009027481,-1.7004858255386353,-1.4770640630720249,84.29218712359987,0.155234009027481,0.0816471576690673,-1.7004858255386353,0.7044355273246765,0.2651515305042267,0.1019023284316062,-0.6504470109939575,5,1.0,-0.9824805758604652,1.0,1.0,0,0,0.0,-0.6246960811028676,94,-94,thymio-01
186,1788311182.8518414,0.1468092799186706,-1.7119543552398682,-1.494013862244108,84.19218712359988,0.1468092799186706,0.0829080715775489,-1.7119543552398682,0.7051886916160583,0.171187087893486,-0.008621571585536,-0.6879895925521851,5,1.0,-0.9863883449410016,1.0,1.0,0,0,0.0,-0.6257277067175677,94,-94,thymio-01
187,1788311183.4604218,0.1468092799186706,-1.7119543552398682,-1.494013862244108,84.09218712359989,0.1468092799186706,0.0829080715775489,-1.7119543552398682,0.7051886916160583,0.171187087893486,-0.008621571585536,-0.6879895925521851,5,1.0,-0.9863883449410016,1.0,1.0,0,0,0.0,-0.625508520564381,94,-94,thymio-01
188,1788311184.0681002,0.1384301632642746,-1.7229095697402954,-1.498808517999942,83.99218712359989,0.1384301632642746,0.0840902626514434,-1.7229095697402954,-0.6794199347496033,-0.0839324966073036,0.0977137684822082,0.7223544716835022,5,1.0,-0.9726344768087344,1.0,1.0,0,0,0.0,-0.6217139079349654,94,-94,thymio-01
189,1788311184.6775117,0.1384301632642746,-1.7229095697402954,-1.498808517999942,83.8921871235999,0.1384301632642746,0.0840902626514434,-1.7229095697402954,-0.6794199347496033,-0.0839324966073036,0.0977137684822082,0.7223544716835022,5,1.0,-0.969654291734206,1.0,1.0,0,0,0.0,-0.613662684201735,93,-93,thymio-01
190,1788311185.281176,10000.0,10000.0,0.0,83.8921871235999,0.1384301632642746,0.0840902626514434,-1.7229095697402954,-0.6794199347496033,-0.0839324966073036,0.0977137684822082,0.7223544716835022,5,1.0,1.0,1.0,1.0,0,0,0.03,-0.5630787809276718,192,22,thymio-01
191,1788311185.8857684,10000.0,10000.0,0.0,83.8921871235999,0.1384301632642746,0.0840902626514434,-1.7229095697402954,-0.6794199347496033,-0.0839324966073036,0.0977137684822082,0.7223544716835022,5,1.0,1.0,1.0,1.0,0,0,0.03,-0.6011657631926317,197,16,thymio-01
192,1788311186.4892306,10000.0,10000.0,0.0,83.8921871235999,0.1384301632642746,0.0840902626514434,-1.7229095697402954,-0.6794199347496033,-0.0839324966073036,0.0977137684822082,0.7223544716835022,5,1.0,1.0,1.0,1.0,0,0,0.03,-0.5804252382473933,194,19,thymio-01
193,1788311187.092667,10000.0,10000.0,0.0,83.8921871235999,0.1384301632642746,0.0840902626514434,-1.7229095697402954,-0.6794199347496033,-0.0839324966073036,0.0977137684822082,0.7223544716835022,5,1.0,1.0,1.0,1.0,0,0,0.03,-0.6152537909326318,199,14,thymio-01
194,1788311187.6957831,10000.0,10000.0,0.0,83.8921871235999,0.1384301632642746,0.0840902626514434,-1.7229095697402954,-0.6794199347496033,-0.0839324966073036,0.0977137684822082,0.7223544716835022,5,1.0,1.0,1.0,1.0,0,0,0.03,-0.6249176616637461,201,12,thymio-01
195,1788311188.2994173,10000.0,10000.0,0.0,83.8921871235999,0.1384301632642746,0.0840902626514434,-1.7229095697402954,-0.6794199347496033,-0.0839324966073036,0.0977137684822082,0.7223544716835022,5,1.0,1.0,1.0,1.0,0,0,0.03,-0.6264511275907715,201,12,thymio-01
196,1788311188.9026897,10000.0,10000.0,0.0,83.8921871235999,0.1384301632642746,0.0840902626514434,-1.7229095697402954,-0.6794199347496033,-0.0839324966073036,0.0977137684822082,0.7223544716835022,5,1.0,1.0,1.0,1.0,0,0,0.03,-0.6269628341071553,201,12,thymio-01
197,1788311189.5057857,10000.0,10000.0,0.0,83.8921871235999,0.1384301632642746,0.0840902626514434,-1.7229095697402954,-0.6794199347496033,-0.0839324966073036,0.0977137684822082,0.7223544716835022,5,1.0,1.0,1.0,1.0,0,0,0.03,-0.6271903264401785,201,12,thymio-01
1,1788311070.5379407,3.2322869300842285,1.142629861831665,-0.2313740644407564,100.0,3.2322869300842285,0.0828804671764373,1.142629861831665,0.4421662986278534,0.7532467246055603,0.3938776850700378,-0.286302238702774,5,-0.7398201027957161,0.3365761941648704,1.0,1.0,0,0,0.0811841285500564,-0.548475632278139,371,206,thymio-07
2,1788311071.1411395,2.793007135391236,-0.0872492343187332,-2.154950050646019,100.0,2.793007135391236,0.0778914466500282,-0.0872492343187332,0.5855950713157654,0.085543192923069,-0.2060483694076538,-0.7792977690696716,5,-0.6754698091770366,1.0,-0.7296018011425509,1.0,0,0,0.0466152314408128,-0.4104400609393955,228,104,thymio-07
3,1788311071.7492833,2.793007135391236,-0.0872492343187332,-2.154950050646019,99.9,2.793007135391236,0.0778914466500282,-0.0872492343187332,0.5855950713157654,0.085543192923069,-0.2060483694076538,-0.7792977690696716,5,-0.6754698091770366,1.0,-0.7296018011425509,1.0,0,0,-0.0223500379703472,-0.4877178538118003,-6,-153,thymio-07
4,1788311072.35787,2.822471141815185,-0.132170557975769,-2.170019990204732,99.8,2.822471141815185,0.0767712369561195,-0.132170557975769,0.5994926691055298,0.202081486582756,-0.1047661304473877,-0.7673303484916687,5,-0.7089620243831163,1.0,-0.7367649782327685,1.0,0,0,-0.0209102393752135,-0.5296514671165613,6,-154,thymio-07
5,1788311072.966345,2.844345569610596,-0.1413163095712661,-2.0645102814025,99.70000000000002,2.844345569610596,0.0756549015641212,-0.1413163095712661,0.6085914373397827,0.3816155195236206,0.0379547290503978,-0.6946550607681274,5,-0.7309241044137886,1.0,-0.7072483577763082,1.0,0,0,-0.0220842550128284,-0.4784512883834587,-6,-151,thymio-07
6,1788311073.574666,2.830939292907715,-0.1290827542543411,-1.8106337854419092,99.60000000000002,2.830939292907715,0.0762144550681114,-0.1290827542543411,0.5902029871940613,0.5092639327049255,0.1260771453380584,-0.6135268807411194,5,-0.7037200029306043,1.0,-0.6996843670665324,1.0,0,0,-0.0275522794109485,-0.4085424904496699,-36,-160,thymio-07
7,1788311074.1824126,2.830939292907715,-0.1290827542543411,-1.8106337854419092,99.50000000000004,2.830939292907715,0.0762144550681114,-0.1290827542543411,0.5902029871940613,0.5092639327049255,0.1260771453380584,-0.6135268807411194,5,-0.7037200029306043,1.0,-0.6996843670665324,1.0,0,0,-0.0275522794109485,-0.3145260474694587,-50,-145,thymio-07
8,1788311074.7904627,2.8096885681152344,-0.1204180642962455,-1.2345878137566837,99.40000000000003,2.8096885681152344,0.0768819451332092,-0.1204180642962455,0.5500266551971436,0.6202710866928101,0.263948380947113,-0.4930171072483063,5,-0.6649493858783848,-0.6917142582041454,-0.6497407602295604,1.0,0,0,-0.0299654341009667,-0.1370771460170683,-86,-127,thymio-07
9,1788311075.398765,2.7882566452026367,-0.1232792735099792,-0.6683512966657537,99.30000000000004,2.7882566452026367,0.0779158771038055,-0.1232792735099792,0.5175324082374573,0.6765697598457336,0.3480860590934753,-0.3914712071418762,5,1.0,-0.6919033571403435,-0.6315710448550227,1.0,0,0,-0.0299274252147909,0.5279738554937182,-186,-27,thymio-07
10,1788311076.0067005,2.7882566452026367,-0.1232792735099792,-0.6683512966657537,99.20000000000005,2.7882566452026367,0.0779158771038055,-0.1232792735099792,0.5175324082374573,0.6765697598457336,0.3480860590934753,-0.3914712071418762,5,1.0,-0.6919033571403435,-0.6315710448550227,1.0,0,0,-0.0299274252147909,-0.3808943713636888,-49,-164,thymio-07
11,1788311076.6160374,2.7558412551879883,-0.145964115858078,-0.452802411144102,99.04891682210295,2.7558412551879883,0.0770708322525024,-0.145964115858078,0.4846412241458893,0.719743013381958,0.3550500571727752,-0.3478971421718597,5,1.0,-0.6979898640859197,-0.5831353069384644,1.0,0,0,0.0287040373187301,-0.0450075660693068,109,95,thymio-07
12,1788311077.2242858,2.7253341674804688,-0.1668802052736282,-0.4602089730521506,98.858779037162,2.7253341674804688,0.0769161656498909,-0.1668802052736282,0.485215961933136,0.7113168835639954,0.3603236377239227,-0.3588325083255768,5,1.0,-0.6975218799290344,-0.546911016166238,1.0,0,0,0.028798102134264,-0.0293164907243865,107,98,thymio-07
13,1788311077.8325002,2.73804235458374,-0.1544024795293808,-0.4183437121084088,98.758779037162,2.73804235458374,0.0764437541365623,-0.1544024795293808,0.4729779958724975,0.7174298763275146,0.3592089414596557,-0.3640812635421753,5,1.0,-0.6623138666213675,-0.5411056520713717,1.0,0,0,0.0358749128091051,-0.0142290747853958,130,125,thymio-07
14,1788311078.4409645,2.73804235458374,-0.1544024795293808,-0.4183437121084088,98.65877903716202,2.73804235458374,0.0764437541365623,-0.1544024795293808,0.4729779958724975,0.7174298763275146,0.3592089414596557,-0.3640812635421753,5,1.0,-0.6623138666213675,-0.5411056520713717,1.0,0,0,0.0358749128091051,0.0075430165385858,126,129,thymio-07
15,1788311079.0492404,2.7625482082366943,-0.1308004260063171,-0.3895807450817599,98.55877903716204,2.7625482082366943,0.0773059874773025,-0.1308004260063171,0.4799147844314575,0.7203117609024048,0.3787630498409271,-0.3276759088039398,5,1.0,-0.6752573077277788,-0.5444041055776659,1.0,0,0,0.0332732811467164,0.0458700397174805,111,125,thymio-07
16,1788311079.6576796,2.7915239334106445,-0.1033660322427749,-0.3993384564368036,98.45877903716205,2.7915239334106445,0.0776740908622741,-0.1033660322427749,0.4806185066699981,0.7221072316169739,0.3735119998455047,-0.3287186026573181,5,1.0,-0.634980303648285,-0.5524900849600826,1.0,0,0,0.0413689589666947,-0.0264554685482435,151,143,thymio-07
17,1788311080.2660484,2.817950487136841,-0.0806118175387382,-0.453307253704494,98.35877903716204,2.817950487136841,0.0783539935946464,-0.0806118175387382,0.4845344722270965,0.7103596925735474,0.3633694946765899,-0.3585777878761291,5,1.0,-0.5926791619154514,-0.5618037078753332,1.0,0,0,0.0498714884549942,-0.0492347623181821,185,170,thymio-07
18,1788311080.8745954,2.817950487136841,-0.0806118175387382,-0.453307253704494,98.25877903716204,2.817950487136841,0.0783539935946464,-0.0806118175387382,0.4845344722270965,0.7103596925735474,0.3633694946765899,-0.3585777878761291,5,1.0,-0.5926791619154514,-0.5618037078753332,1.0,0,0,0.0498714884549942,-0.0573405974594839,186,169,thymio-07
19,1788311081.4826522,2.8442633152008057,-0.0587577149271965,-0.4401991541942487,98.15877903716203,2.8442633152008057,0.07693762332201,-0.0587577149271965,0.4819209575653076,0.7184226512908936,0.3588948845863342,-0.3504506349563598,5,1.0,-0.5566401796042737,-0.578436374052288,1.0,0,0,0.05,-0.0555684092164829,186,169,thymio-07
20,1788311082.091218,2.890075922012329,-0.0168243441730737,-0.3995896813788664,98.05877903716204,2.890075922012329,0.0770743414759635,-0.0168243441730737,0.4793278276920318,0.7316873073577881,0.3642326593399048,-0.3197079002857208,5,1.0,-0.5422618717029506,-0.6241745653164177,1.0,0,0,0.0435409123714,-0.0641688731198258,164,145,thymio-07
21,1788311082.6991737,2.890075922012329,-0.0168243441730737,-0.3995896813788664,97.95877903716206,2.890075922012329,0.0770743414759635,-0.0168243441730737,0.4793278276920318,0.7316873073577881,0.3642326593399048,-0.3197079002857208,5,1.0,-0.5422618717029506,-0.6241745653164177,1.0,0,0,0.0435409123714,-0.1271850886532387,174,135,thymio-07
22,1788311083.3077688,2.9151108264923096,0.0069547430612146,-0.3968363769266774,97.85877903716208,2.9151108264923096,0.0778923109173774,0.0069547430612146,0.4772847592830658,0.7245293855667114,0.3684781193733215,-0.3338868021965027,5,1.0,-0.4721826812992796,-0.6575394103470293,1.0,0,0,0.036834578520247,-0.0555763122500603,139,122,thymio-07
23,1788311083.9164276,2.954975128173828,0.0529436245560646,-0.2765728824040727,97.75877903716209,2.954975128173828,0.0788349211215972,0.0529436245560646,0.4570207297801971,0.736947774887085,0.3968542516231537,-0.3009098768234253,5,1.0,-0.4080550096667314,-0.6246454019540463,1.0,0,0,-0.1659113222339722,-0.1173860709144322,-500,-500,thymio-07
24,1788311084.5240908,2.954975128173828,0.0529436245560646,-0.2765728824040727,97.65877903716208,2.954975128173828,0.0788349211215972,0.0529436245560646,0.4570207297801971,0.736947774887085,0.3968542516231537,-0.3009098768234253,5,1.0,-0.4080550096667314,-0.6246454019540463,1.0,0,0,-0.164665585219562,-0.0021092611077864,-500,-500,thymio-07
25,1788311085.1275413,10000.0,10000.0,0.0,97.65877903716208,2.954975128173828,0.0788349211215972,0.0529436245560646,0.4570207297801971,0.736947774887085,0.3968542516231537,-0.3009098768234253,5,1.0,1.0,-1.0,1.0,0,0,-0.03,-0.0213790050773238,-103,-110,thymio-07
26,1788311085.7310936,10000.0,10000.0,0.0,97.65877903716208,2.954975128173828,0.0788349211215972,0.0529436245560646,0.4570207297801971,0.736947774887085,0.3968542516231537,-0.3009098768234253,5,1.0,1.0,-1.0,1.0,0,0,-0.03,-0.1462112990197904,-85,-129,thymio-07
27,1788311086.3345816,10000.0,10000.0,0.0,97.65877903716208,2.954975128173828,0.0788349211215972,0.0529436245560646,0.4570207297801971,0.736947774887085,0.3968542516231537,-0.3009098768234253,5,1.0,1.0,-1.0,1.0,0,0,-0.03,-0.1163726875917991,-89,-124,thymio-07
28,1788311086.9378598,2.9715704917907715,0.0725199654698371,-0.2506231398263252,97.65877903716208,2.9715704917907715,0.0786314830183982,0.0725199654698371,0.4528107643127441,0.7370936870574951,0.4059791564941406,-0.2946798801422119,5,1.0,-0.3814159950847274,-0.6065823174214526,1.0,0,0,-0.1728492937934638,-0.1785477785796906,-500,-500,thymio-07
29,1788311087.5458112,2.9715704917907715,0.0725199654698371,-0.2506231398263252,97.55877903716208,2.9715704917907715,0.0786314830183982,0.0725199654698371,0.4528107643127441,0.7370936870574951,0.4059791564941406,-0.2946798801422119,5,1.0,-0.3814159950847274,-0.6065823174214526,1.0,0,0,-0.1714579633232423,-0.2156060789241614,-500,-500,thymio-07
30,1788311088.149468,10000.0,10000.0,0.0,97.55877903716208,2.9715704917907715,0.0786314830183982,0.0725199654698371,0.4528107643127441,0.7370936870574951,0.4059791564941406,-0.2946798801422119,5,1.0,1.0,-1.0,1.0,0,0,-0.03,-0.396894856106133,-47,-167,thymio-07
31,1788311088.7530837,10000.0,10000.0,0.0,97.55877903716208,2.9715704917907715,0.0786314830183982,0.0725199654698371,0.4528107643127441,0.7370936870574951,0.4059791564941406,-0.2946798801422119,5,1.0,1.0,-1.0,1.0,0,0,-0.03,-0.3522665618432309,-53,-160,thymio-07
32,1788311089.3560314,2.8069589138031006,-0.1551367938518524,-0.0796285313131894,97.55877903716208,2.8069589138031006,0.0763463750481605,-0.1551367938518524,0.4033461809158325,0.764604926109314,0.461100310087204,-0.2001944482326507,5,1.0,-0.5992259342006887,-0.3581963533508304,1.0,0,2173,0.08,-0.3616757605904518,339,230,thymio-07
33,1788311089.9639623,2.8069589138031006,-0.1551367938518524,-0.0796285313131894,97.45877903716207,2.8069589138031006,0.0763463750481605,-0.1551367938518524,0.4033461809158325,0.764604926109314,0.461100310087204,-0.2001944482326507,5,1.0,-0.5992259342006887,-0.3581963533508304,1.0,0,0,-0.1739569567421961,-0.4884484564047701,-500,-500,thymio-07
34,1788311090.5677423,10000.0,10000.0,0.0,97.45877903716207,2.8069589138031006,0.0763463750481605,-0.1551367938518524,0.4033461809158325,0.764604926109314,0.461100310087204,-0.2001944482326507,5,1.0,1.0,-1.0,1.0,0,4024,0.08,-0.5940920136724578,374,195,thymio-07
35,1788311091.17057,10000.0,10000.0,0.0,97.45877903716207,2.8069589138031006,0.0763463750481605,-0.1551367938518524,0.4033461809158325,0.764604926109314,0.461100310087204,-0.2001944482326507,5,1.0,1.0,-1.0,1.0,0,2593,0.08,-0.4789274829825686,357,212,thymio-07
36,1788311091.7737086,10000.0,10000.0,0.0,97.45877903716207,2.8069589138031006,0.0763463750481605,-0.1551367938518524,0.4033461809158325,0.764604926109314,0.461100310087204,-0.2001944482326507,5,1.0,1.0,-1.0,1.0,0,0,-0.03,-0.4477220332388984,-39,-174,thymio-07
37,1788311092.3777497,10000.0,10000.0,0.0,97.45877903716207,2.8069589138031006,0.0763463750481605,-0.1551367938518524,0.4033461809158325,0.764604926109314,0.461100310087204,-0.2001944482326507,5,1.0,1.0,-1.0,1.0,0,0,-0.03,-0.3501572618107109,-54,-159,thymio-07
38,1788311092.9815958,10000.0,10000.0,0.0,97.45877903716207,2.8069589138031006,0.0763463750481605,-0.1551367938518524,0.4033461809158325,0.764604926109314,0.461100310087204,-0.2001944482326507,5,1.0,1.0,-1.0,1.0,0,0,-0.03,-0.2505323118194917,-69,-144,thymio-07
39,1788311093.5845284,2.734527111053467,-0.2773232460021972,0.0986972231982474,97.45877903716207,2.734527111053467,0.0752162709832191,-0.2773232460021972,0.2645860314369201,0.8091678619384766,0.5244975090026855,-0.012004860676825,5,1.0,-0.8554923255434863,-0.2953159526732951,1.0,0,0,-0.0,-0.2966539268202064,45,-45,thymio-07
40,1788311094.193064,2.7098913192749023,-0.234416976571083,-0.0569929483863216,97.30172078846242,2.7098913192749023,0.0759037137031555,-0.234416976571083,-0.0756689682602882,0.6723873019218445,0.5908592939376831,0.4393802285194397,5,1.0,-0.859307102988369,-0.2172235509198357,1.0,0,0,-0.0,-0.2209467759016821,33,-33,thymio-07
41,1788311094.8010106,2.716092824935913,-0.2388198375701904,-0.0687622849276783,97.20172078846242,2.716092824935913,0.0759704783558845,-0.2388198375701904,-0.0940409451723098,0.6650746464729309,0.5860431790351868,0.4531946778297424,5,-0.2607388849356805,-0.8670868298629089,-0.1855330757591702,1.0,0,0,0.0,-0.2719104062858192,41,-41,thymio-07
42,1788311095.4097786,2.716092824935913,-0.2388198375701904,-0.0687622849276783,97.10172078846244,2.716092824935913,0.0759704783558845,-0.2388198375701904,-0.0940409451723098,0.6650746464729309,0.5860431790351868,0.4531946778297424,5,-0.2607388849356805,-0.8670868298629089,-0.1855330757591702,1.0,0,0,0.0,-0.1425926317401236,22,-22,thymio-07
43,1788311096.0174649,2.7160372734069824,-0.2388578951358795,-0.0685510852494561,97.00172078846244,2.7160372734069824,0.0759521350264549,-0.2388578951358795,-0.094387874007225,0.6649631857872009,0.5860691666603088,0.4532526433467865,5,-0.292113256481057,-0.8671195178744872,-0.154949814027176,1.0,0,0,0.0,-0.1950755179025184,29,-29,thymio-07
44,1788311096.6254432,2.714756727218628,-0.2389815151691436,-0.1807571210792256,96.90172078846244,2.714756727218628,0.0761734396219253,-0.2389815151691436,-0.126778706908226,0.6334286332130432,0.5758371353149414,0.5011057257652283,5,-0.3146132895870019,-0.866406475409011,-0.0900160670492855,1.0,0,0,0.0,-0.4116080743415534,62,-62,thymio-07
45,1788311097.233748,2.714756727218628,-0.2389815151691436,-0.1807571210792256,96.80172078846245,2.714756727218628,0.0761734396219253,-0.2389815151691436,-0.126778706908226,0.6334286332130432,0.5758371353149414,0.5011057257652283,5,-0.3146132895870019,-0.866406475409011,-0.0900160670492855,1.0,0,0,0.0,-0.2489376649261542,38,-38,thymio-07
46,1788311097.8418803,2.7131056785583496,-0.237966775894165,-0.2117944269629643,96.70172078846244,2.7131056785583496,0.0756415128707885,-0.237966775894165,-0.1322266459465026,0.6275402307510376,0.5713157057762146,0.5121600031852722,5,-0.347759050685215,-0.8649136839440362,1.0,1.0,0,0,0.0,-0.2297133123122351,35,-35,thymio-07
47,1788311098.4506454,2.712735652923584,-0.2449138611555099,-0.7816164201532043,96.60172078846246,2.712735652923584,0.0759367123246193,-0.2449138611555099,-0.2587625384330749,0.5059428811073303,0.5423595309257507,0.618797242641449,5,-0.4890827760144191,0.0137327707040468,-0.8718115064217431,1.0,0,0,0.0,-0.1953681492109125,30,-30,thymio-07
48,1788311099.059179,2.712735652923584,-0.2449138611555099,-0.7816164201532043,96.50172078846246,2.712735652923584,0.0759367123246193,-0.2449138611555099,-0.2587625384330749,0.5059428811073303,0.5423595309257507,0.618797242641449,5,-0.4890827760144191,0.0137327707040468,-0.8718115064217431,1.0,0,0,0.0,-0.1473817877570265,22,-22,thymio-07
49,1788311099.6688504,2.7127835750579834,-0.2479144483804702,-1.125913634004999,96.40172078846248,2.7127835750579834,0.0752914249897003,-0.2479144483804702,-0.2887264192104339,0.4554371833801269,0.5199292302131653,0.6624859571456909,5,1.0,1.0,-0.8714516527252866,-0.544852049534672,0,0,0.0,0.3252659254990323,-49,49,thymio-07
50,1788311100.276888,2.7153115272521973,-0.2531801462173462,-1.6039551630178877,96.30172078846248,2.7153115272521973,0.075755126774311,-0.2531801462173462,-0.3630591332912445,0.3726968169212341,0.4771872162818908,0.7082213759422302,5,-0.7903164918940523,1.0,0.2221720824262818,-0.6151354046287314,0,0,-0.0190718539693707,0.5081638685563692,-144,9,thymio-07
51,1788311100.8848443,2.7153115272521973,-0.2531801462173462,-1.6039551630178877,96.20172078846248,2.7153115272521973,0.075755126774311,-0.2531801462173462,-0.3630591332912445,0.3726968169212341,0.4771872162818908,0.7082213759422302,5,-0.7903164918940523,1.0,0.2221720824262818,-0.6151354046287314,0,0,-0.0316376032915546,0.5629721097626916,-197,-27,thymio-07
52,1788311101.4933822,2.7147340774536133,-0.2506411373615265,-1.309370861580847,96.10172078846249,2.7147340774536133,0.0750735253095626,-0.2506411373615265,-0.3169140219688415,0.4195281267166137,0.5104783773422241,0.6804215908050537,5,-0.7887015967068179,1.0,-0.0647956843349966,-0.6274267451219715,0,0,-0.0104709790619295,0.5721028299402245,-124,49,thymio-07
53,1788311102.1012812,2.747623443603516,-0.2269274294376373,-0.1749786979955341,96.00172078846248,2.747623443603516,0.076129712164402,-0.2269274294376373,-0.1144971400499343,0.6357763409614563,0.5819031596183777,0.4940320551395416,5,1.0,1.0,-0.783475983553147,-0.6255632178259573,0,0,-0.0115213273058174,0.1254962545452684,-60,-22,thymio-07
54,1788311102.7096713,2.747623443603516,-0.2269274294376373,-0.1749786979955341,95.9017207884625,2.747623443603516,0.076129712164402,-0.2269274294376373,-0.1144971400499343,0.6357763409614563,0.5819031596183777,0.4940320551395416,5,1.0,1.0,-0.783475983553147,-0.6255632178259573,0,0,-0.0115213273058174,0.2266780883937927,-75,-7,thymio-07
55,1788311103.3177383,2.7565739154815674,-0.2220140993595123,-0.0165095340736063,95.8017207884625,2.7565739154815674,0.0754361525177955,-0.2220140993595123,-0.0399763099849224,0.6952568888664246,0.5923973321914673,0.4050742983818054,5,1.0,1.0,-0.778291174378628,-0.6254800315742116,0,0,-0.0125634739498957,0.2430510985880511,-81,-8,thymio-07
56,1788311103.9267848,2.7707743644714355,-0.2248024642467498,0.0751185058563588,95.70172078846252,2.7707743644714355,0.0757848694920539,-0.2248024642467498,0.032638993114233,0.7390090227127075,0.5990670323371887,0.3064623475074768,5,1.0,0.4885318117294863,-0.7750827889841706,-0.6420815694818409,0,0,0.0096194611470161,0.4445480631598865,-33,101,thymio-07
57,1788311104.5356023,2.7707743644714355,-0.2248024642467498,0.0751185058563588,95.60172078846252,2.7707743644714355,0.0757848694920539,-0.2248024642467498,0.032638993114233,0.7390090227127075,0.5990670323371887,0.3064623475074768,5,1.0,0.4885318117294863,-0.7750827889841706,-0.6420815694818409,0,0,0.0388040708103889,0.5483000954213498,55,221,thymio-07
58,1788311105.143775,2.785487413406372,-0.2304292917251587,0.1021131799844901,95.50172078846252,2.785487413406372,0.0753332823514938,-0.2304292917251587,0.0992102995514869,0.7713407278060913,0.5859026908874512,0.227834865450859,5,1.0,-0.7754263490567597,-0.0859442724125464,-0.6485086430071527,0,0,0.0506383978544508,0.5865470911751498,91,268,thymio-07
59,1788311105.7522686,2.792444944381714,-0.198725625872612,0.0778903949618947,95.40172078846253,2.792444944381714,0.0747842788696289,-0.198725625872612,0.2751466929912567,0.7992063164710999,0.5343339443206787,-0.0071287397295236,5,1.0,-0.7916661172146675,-0.1675637056777191,-0.7773996254177878,0,0,0.0336954952191644,0.3266403182013583,70,169,thymio-07
60,1788311106.3605857,2.808111906051636,-0.1643232703208923,-0.0361254912009338,95.30172078846252,2.808111906051636,0.0763980746269226,-0.1643232703208923,0.3806323111057281,0.7758027911186218,0.4760715365409851,-0.1631106436252594,5,1.0,-0.78748670327556,-0.2440091665653654,-0.7516301501084098,0,0,0.0107151726416124,0.1479984811509302,16,60,thymio-07
61,1788311106.9691796,2.808111906051636,-0.1643232703208923,-0.0361254912009338,95.20172078846254,2.808111906051636,0.0763980746269226,-0.1643232703208923,0.3806323111057281,0.7758027911186218,0.4760715365409851,-0.1631106436252594,5,1.0,-0.78748670327556,-0.2440091665653654,-0.7516301501084098,0,0,0.0107151726416124,0.2117847263798639,6,70,thymio-07
62,1788311107.577395,2.8228328227996826,-0.1450423449277877,-0.1614438190374452,95.10172078846254,2.8228328227996826,0.0765565633773803,-0.1450423449277877,0.4285351932048797,0.7587217092514038,0.4271478056907654,-0.2413373291492462,5,1.0,-0.7907814655450788,-0.3306332260724083,-0.7205282554965009,0,0,0.0100529254254391,0.2716281446139551,-5,77,thymio-07
63,1788311108.1857324,2.8357057571411133,-0.1376191675662994,-0.3780350320685532,95.00172078846256,2.8357057571411133,0.0768820121884346,-0.1376191675662994,0.4752997457981109,0.7270559072494507,0.3734488487243652,-0.3256007730960846,5,1.0,1.0,-0.7997419621774781,-0.7012208707783512,0,0,0.0082518656023269,0.220092080917413,-4,63,thymio-07
64,1788311108.7939892,2.8357057571411133,-0.1376191675662994,-0.3780350320685532,94.90172078846255,2.8357057571411133,0.0768820121884346,-0.1376191675662994,0.4752997457981109,0.7270559072494507,0.3734488487243652,-0.3256007730960846,5,1.0,1.0,-0.7997419621774781,-0.7012208707783512,0,0,0.0117479326162972,0.521982396086966,-37,121,thymio-07
65,1788311109.4023411,2.844616413116455,-0.1354039013385772,-0.6046008332997692,94.80172078846256,2.844616413116455,0.0767709016799926,-0.1354039013385772,0.5085278153419495,0.6983727216720581,0.3372898399829864,-0.3740462362766266,5,1.0,-0.6785799318747312,-0.8005356173374323,1.0,0,0,0.0130765700201846,0.1899393881290252,18,75,thymio-07
66,1788311110.0105264,2.85599946975708,-0.1363940685987472,-1.0820256018247782,94.70172078846257,2.85599946975708,0.076136901974678,-0.1363940685987472,0.5406098365783691,0.6419032216072083,0.2734718322753906,-0.4700153470039367,5,-0.5028370525869512,-0.6694540892339684,-0.8066650263104236,1.0,0,0,0.0204557381323658,0.5410923804100952,-9,154,thymio-07
67,1788311110.6200006,2.8724989891052246,-0.1456880122423172,-1.769254579011136,94.60172078846256,2.8724989891052246,0.0758413672447204,-0.1456880122423172,0.58832848072052,0.5248591303825378,0.1559003144502639,-0.5950525999069214,5,-0.8188649022185159,-0.6516201339759013,0.5829877430698163,1.0,0,0,0.0044081546540782,0.236335439606707,-20,51,thymio-07
68,1788311111.2285807,2.8724989891052246,-0.1456880122423172,-1.769254579011136,94.50172078846258,2.8724989891052246,0.0758413672447204,-0.1456880122423172,0.58832848072052,0.5248591303825378,0.1559003144502639,-0.5950525999069214,5,-0.8188649022185159,-0.6516201339759013,0.5829877430698163,1.0,1567,0,0.0044081546540782,0.0759587157641973,4,27,thymio-07
69,1788311111.8366334,2.8834352493286133,-0.154615119099617,-2.003234522915193,94.40172078846258,2.8834352493286133,0.0750441029667854,-0.154615119099617,0.6012976169586182,0.4298368692398071,0.0772133916616439,-0.6691185832023621,5,-0.8308554455962134,1.0,-0.6400550437389727,-0.4675770063769694,0,0,0.0019980554351611,0.1200563677835383,-11,25,thymio-07
70,1788311112.445206,2.8875374794006348,-0.161714881658554,-2.0779866290518414,94.3017207884626,2.8875374794006348,0.0748963132500648,-0.161714881658554,0.6103402972221375,0.3589630722999573,0.0132166389375925,-0.7060137987136841,5,-0.8374931157288277,1.0,-0.6419920247669628,-0.3941010432855558,0,0,0.0006638837385056,0.5192999487822891,-76,81,thymio-07
71,1788311113.053721,2.88793420791626,-0.1671752631664276,-2.1148427541110286,94.2017207884626,2.88793420791626,0.0751022547483444,-0.1671752631664276,0.6093230247497559,0.3032340109348297,-0.0353363193571567,-0.7317964434623718,5,-0.8428481071043956,1.0,-0.6656599611586949,-0.3721735219731332,0,0,-0.0,0.5939144414574608,-90,90,thymio-07
72,1788311113.6623068,2.88793420791626,-0.1671752631664276,-2.1148427541110286,94.1017207884626,2.88793420791626,0.0751022547483444,-0.1671752631664276,0.6093230247497559,0.3032340109348297,-0.0353363193571567,-0.7317964434623718,5,-0.8428481071043956,1.0,-0.6656599611586949,-0.3721735219731332,1188,0,-0.0,0.5391735165100376,-81,81,thymio-07
73,1788311114.2702696,2.8784103393554688,-0.1723679453134536,-2.157125632045629,94.0017207884626,2.8784103393554688,0.0747617781162262,-0.1723679453134536,0.5893127918243408,0.125889703631401,-0.1756250411272049,-0.7784716486930847,5,-0.8426569309320089,1.0,-0.6933609071459244,-0.3875077408308889,0,0,-0.0,0.4841464259765724,-73,73,thymio-07
74,1788311114.878788,2.861095428466797,-0.172421246767044,-2.0665862668830424,93.9017207884626,2.861095428466797,0.0748548135161399,-0.172421246767044,0.488414466381073,-0.1542205810546875,-0.3559668660163879,-0.7816359996795654,5,-0.8332831729325624,1.0,-0.6903080165251902,-0.3997021060372704,0,0,-0.0015100822405549,0.3950910244290233,-65,54,thymio-07
75,1788311115.487305,2.861095428466797,-0.172421246767044,-2.0665862668830424,93.80172078846262,2.861095428466797,0.0748548135161399,-0.172421246767044,0.488414466381073,-0.1542205810546875,-0.3559668660163879,-0.7816359996795654,5,-0.8332831729325624,1.0,-0.6903080165251902,-0.3997021060372704,0,0,-0.0015100822405549,0.3322435929387161,-56,45,thymio-07
76,1788311116.0957563,2.854542732238769,-0.1690264493227005,-1.9504937002175229,93.70172078846262,2.854542732238769,0.0752936899662017,-0.1690264493227005,0.4400495588779449,-0.2552032768726349,-0.4112268090248108,-0.7563863396644592,5,1.0,1.0,-0.6880162070853633,-0.3781045788012233,0,0,-0.0307087423758419,0.4206177553165001,-173,-46,thymio-07
77,1788311116.703889,2.854542732238769,-0.1690264493227005,-1.9504937002175229,93.60172078846264,2.854542732238769,0.0752936899662017,-0.1690264493227005,0.4400495588779449,-0.2552032768726349,-0.4112268090248108,-0.7563863396644592,5,1.0,1.0,-0.6880162070853633,-0.3781045788012233,0,0,-0.0307087423758419,0.428107763202136,-174,-44,thymio-07
78,1788311117.3117793,2.848773956298828,-0.1603462994098663,-1.5922116630882244,93.50172078846263,2.848773956298828,0.0762191414833068,-0.1603462994098663,0.3668800592422485,-0.3881610631942749,-0.4766347408294678,-0.6982474327087402,5,-0.8181821680707844,-0.6749099024771072,1.0,1.0,0,0,-0.0045453842177723,0.3789075858426362,-73,41,thymio-07
79,1788311117.919813,2.8798582553863525,-0.1370870769023895,-0.3989699906579962,93.40172078846264,2.8798582553863525,0.076310321688652,-0.1370870769023895,0.2030677497386932,-0.5732094645500183,-0.560475766658783,-0.5621933937072754,5,1.0,-0.6430438723583571,-0.8224768891168556,1.0,0,0,0.0106672314605775,0.4856481473870661,-35,111,thymio-07
80,1788311118.5284958,2.891206741333008,-0.1298614144325256,-0.1481859424236198,93.30172078846265,2.891206741333008,0.0764512866735458,-0.1298614144325256,0.110783539712429,-0.6375275254249573,-0.5909003615379333,-0.4817909598350525,5,1.0,0.5296700588301526,-0.8306298451534374,-0.6379248488262299,0,0,0.0017477895142468,0.577974905597788,-81,93,thymio-07
81,1788311119.136521,2.8908374309539795,-0.1168298944830894,0.0590805007685348,93.20172078846264,2.8908374309539795,0.0762497633695602,-0.1168298944830894,-0.0114074125885963,-0.7370309829711914,-0.5855792164802551,-0.337271898984909,5,1.0,-0.802396920106448,-0.2644928281822765,-0.5451531145525867,0,0,0.0191887154632326,0.5083226859086217,-9,145,thymio-07
82,1788311119.7450664,2.8908374309539795,-0.1168298944830894,0.0590805007685348,93.10172078846266,2.8908374309539795,0.0762497633695602,-0.1168298944830894,-0.0114074125885963,-0.7370309829711914,-0.5855792164802551,-0.337271898984909,5,1.0,-0.802396920106448,-0.2644928281822765,-0.5451531145525867,0,0,0.0162380675093831,0.5443658914860084,-25,140,thymio-07
83,1788311120.3532236,2.895364284515381,-0.1051272302865982,0.087243091516461,93.00172078846266,2.895364284515381,0.0762442499399185,-0.1051272302865982,-0.1483643800020218,-0.7780774235725403,-0.5826758742332458,-0.1818579882383346,5,1.0,-0.7634506623522772,-0.2482686632856082,-0.459479205446453,0,0,0.0155464168671922,0.6064060306737876,-36,147,thymio-07
84,1788311120.961653,2.9024360179901123,-0.0867312476038932,0.0656790511672524,92.90172078846268,2.9024360179901123,0.0773267224431037,-0.0867312476038932,-0.2866052985191345,-0.797370433807373,-0.5307965278625488,0.0176917947828769,5,1.0,-0.7421079272312701,-0.2382875366378813,-0.2911280036151532,0,0,0.0198363066265147,0.6166389475031936,-23,164,thymio-07
85,1788311121.5702505,2.9024360179901123,-0.0867312476038932,0.0656790511672524,92.80172078846267,2.9024360179901123,0.0773267224431037,-0.0867312476038932,-0.2866052985191345,-0.797370433807373,-0.5307965278625488,0.0176917947828769,5,1.0,-0.7421079272312701,-0.2382875366378813,-0.2911280036151532,0,0,0.0198363066265147,0.6175231626550236,-23,164,thymio-07
86,1788311122.17846,2.915749311447144,-0.0782220065593719,-0.0695355602300598,92.70172078846268,2.915749311447144,0.0771424174308776,-0.0782220065593719,-0.3951421976089477,-0.774143636226654,-0.4561233818531036,0.1910914331674575,5,1.0,0.476423862038557,-0.7314585110997145,-0.1765744007721272,0,0,0.0219768392689573,0.5572510129700341,-6,162,thymio-07
87,1788311122.7864876,2.94800877571106,-0.0757227018475532,-1.0940957859278069,92.60172078846269,2.94800877571106,0.0760349333286285,-0.0757227018475532,-0.5449420213699341,-0.6447483897209167,-0.2601641118526459,0.4686708152294159,5,-0.296642509090396,0.0215871504945559,-0.7182701032741823,1.0,0,0,0.0036929221724091,0.1200433662625141,-5,31,thymio-07
88,1788311123.3947282,2.9647176265716557,-0.0836365222930908,-1.7540020568010233,92.50172078846268,2.9647176265716557,0.0763904750347137,-0.0836365222930908,-0.5846468806266785,-0.5300635099411011,-0.1591381728649139,0.5932080745697021,5,-0.7150798635828928,0.1280529767186868,0.420349498114549,1.0,0,0,0.0449652430227636,0.6202465735007029,66,253,thymio-07
89,1788311124.0027423,2.9647176265716557,-0.0836365222930908,-1.7540020568010233,92.4017207884627,2.9647176265716557,0.0763904750347137,-0.0836365222930908,-0.5846468806266785,-0.5300635099411011,-0.1591381728649139,0.5932080745697021,5,-0.7150798635828928,0.1280529767186868,0.420349498114549,1.0,0,0,0.0602309913406014,0.6281779672038641,119,309,thymio-07
90,1788311124.6108782,2.976344347000122,-0.0921714156866073,-1.9596287951798352,92.3017207884627,2.976344347000122,0.0754124522209167,-0.0921714156866073,-0.6002132296562195,-0.4460090398788452,-0.0777076110243797,0.6593796014785767,5,-0.702130915042476,1.0,0.2493273773211879,1.0,0,0,-0.0278716860764623,0.6122281269480286,-191,-7,thymio-07
91,1788311125.2197034,3.003993272781372,-0.1207698062062263,-2.125625933096302,92.20172078846272,3.003993272781372,0.0754443556070327,-0.1207698062062263,-0.6034664511680603,-0.2875443696975708,0.0481108129024505,0.7421805262565613,5,-0.7161020722532712,1.0,0.3593956119742441,1.0,0,0,-0.0250634834770924,0.6277492309446223,-184,6,thymio-07
92,1788311125.827629,3.002305030822754,-0.131289854645729,-2.154907683933505,92.10172078846271,3.002305030822754,0.0753607302904129,-0.131289854645729,-0.5881383419036865,-0.1252897828817367,0.177419051527977,0.7790496349334717,5,-0.6995772912152334,1.0,0.4651882098812319,1.0,0,0,-0.028384964465738,0.6282426255756508,-196,-6,thymio-07
93,1788311126.4364345,3.002305030822754,-0.131289854645729,-2.154907683933505,92.00172078846272,3.002305030822754,0.0753607302904129,-0.131289854645729,-0.5881383419036865,-0.1252897828817367,0.177419051527977,0.7790496349334717,5,-0.6995772912152334,1.0,0.4651882098812319,1.0,0,0,-0.028384964465738,0.6282951725055907,-196,-6,thymio-07
94,1788311127.0441124,2.98486590385437,-0.1050304993987083,-2.108584016831292,91.88457270945884,2.98486590385437,0.0765743404626846,-0.1050304993987083,-0.5179653763771057,0.100988782942295,0.3242186307907104,0.7851086258888245,5,-0.7034410981690282,1.0,0.5884090427974211,1.0,0,0,-0.0276083392680253,0.6281955808255678,-193,-3,thymio-07
95,1788311127.652223,2.9866325855255127,-0.0674686431884765,-1.5574753313676446,91.78457270945884,2.9866325855255127,0.0764277055859565,-0.0674686431884765,-0.3639076352119446,0.3585190773010254,0.4928084313869476,0.7043970227241516,5,-0.4340980193671648,0.7553331504871064,-0.6965048609836447,1.0,0,0,-0.0290025229422874,0.5420786637890742,-185,-21,thymio-07
96,1788311128.2601166,3.011573076248169,-0.0402676500380039,-0.4458255225852654,91.68457270945883,3.011573076248169,0.0758727937936782,-0.0402676500380039,-0.1865751147270202,0.5647340416908264,0.5678915977478027,0.5690030455589294,5,1.0,0.8792996946194962,-0.6941214816322848,1.0,0,0,-0.0294815821919107,0.6282530198156921,-200,-10,thymio-07
97,1788311128.8682768,3.011573076248169,-0.0402676500380039,-0.4458255225852654,91.58457270945884,3.011573076248169,0.0758727937936782,-0.0402676500380039,-0.1865751147270202,0.5647340416908264,0.5678915977478027,0.5690030455589294,5,1.0,0.8792996946194962,-0.6941214816322848,1.0,0,0,-0.0294815821919107,0.6281220565345089,-200,-10,thymio-07
98,1788311129.4770646,3.0325815677642822,-0.0324481390416622,-0.1215460468017504,91.48457270945886,3.0325815677642822,0.0759412497282028,-0.0324481390416622,-0.0977491736412048,0.6440591812133789,0.5981677770614624,0.466720700263977,5,1.0,-0.7046137412488702,-0.4238119318945557,1.0,0,0,0.0726383525970734,0.6248955425132221,164,352,thymio-07
99,1788311130.0858705,3.061269521713257,-0.0196245424449443,0.0949639621975331,91.38457270945888,3.061269521713257,0.0756461322307586,-0.0196245424449443,0.0994643345475196,0.7739503383636475,0.5800853371620178,0.2336849868297577,5,1.0,-0.7329864802513406,-0.4365179532296948,0.7381165290258391,0,0,0.0471733126530402,0.624513693644334,73,262,thymio-07
100,1788311130.6943765,3.061269521713257,-0.0196245424449443,0.0949639621975331,91.28457270945889,3.061269521713257,0.0756461322307586,-0.0196245424449443,0.0994643345475196,0.7739503383636475,0.5800853371620178,0.2336849868297577,5,1.0,-0.7329864802513406,-0.4365179532296948,0.7381165290258391,0,0,0.0216697174694805,0.6210296002591396,-17,171,thymio-07
101,1788311131.3025515,3.050565004348755,0.0244077648967504,0.1113742458671471,91.18457270945888,3.050565004348755,0.0758075639605522,0.0244077648967504,0.221667930483818,0.7995970845222473,0.5551189184188843,0.0578877627849578,5,1.0,-0.7121998003420774,-0.4025033403657231,0.7171713892512617,0,0,0.0258478401312424,0.6228729147567963,-2,186,thymio-07
102,1788311131.9103303,3.062300205230713,0.0561775304377079,-0.0029039812657378,91.08457270945888,3.062300205230713,0.0773626342415809,0.0561775304377079,0.3675493597984314,0.7780798673629761,0.4840738177299499,-0.1586563885211944,5,1.0,-0.7099100983979446,-0.3832892393701951,1.0,0,0,0.0263080702220131,0.6163616989527249,0,187,thymio-07
103,1788311132.5186756,3.062300205230713,0.0561775304377079,-0.0029039812657378,90.98457270945887,3.062300205230713,0.0773626342415809,0.0561775304377079,0.3675493597984314,0.7780798673629761,0.4840738177299499,-0.1586563885211944,5,1.0,-0.7099100983979446,-0.3832892393701951,1.0,0,0,0.0263080702220131,0.6254054869122635,-1,188,thymio-07
104,1788311133.1265156,3.1001768112182617,0.0695167034864425,-0.9424920429667516,90.8845727094589,3.1001768112182617,0.0758696496486663,0.0695167034864425,0.5255778431892395,0.6531836986541748,0.2996526956558227,-0.4553321599960327,5,1.0,0.6652520933733295,-0.7315010596199989,1.0,0,0,0.0011548002419071,0.6166371136552072,-89,97,thymio-07
105,1788311133.7358758,3.1211957931518555,0.0621427781879901,-1.741026399866776,90.7845727094589,3.1211957931518555,0.0760399475693702,0.0621427781879901,0.5858774185180664,0.533301830291748,0.1675935387611389,-0.586727499961853,5,-0.3269079830093274,1.0,-0.7450267416158625,1.0,0,0,0.0314888165039051,0.5820282559877457,24,200,thymio-07
106,1788311134.343648,3.1211957931518555,0.0621427781879901,-1.741026399866776,90.6845727094589,3.1211957931518555,0.0760399475693702,0.0621427781879901,0.5858774185180664,0.533301830291748,0.1675935387611389,-0.586727499961853,5,-0.3269079830093274,1.0,-0.7450267416158625,1.0,0,0,-0.0189217462169326,0.6282456950834654,-162,28,thymio-07
107,1788311134.9530733,3.120933055877685,0.0554200671613216,-1.951230893005715,90.58457270945893,3.120933055877685,0.0756802335381507,0.0554200671613216,0.5990656614303589,0.4552860558032989,0.0929999575018882,-0.6520628333091736,5,-0.3763747827782071,1.0,-0.7504415172125585,1.0,0,0,-0.068604685625552,0.2348785069325436,-279,-208,thymio-07
108,1788311135.562288,3.1158695220947266,0.0395262651145458,-2.1338663560456745,90.48457270945892,3.1158695220947266,0.075713150203228,0.0395262651145458,0.5730897784233093,0.1184548288583755,-0.1948486566543579,-0.7871281504631042,5,-0.5398776825773073,1.0,-0.7487145468213101,1.0,0,0,-0.0683837903690609,0.032729741672809,-248,-238,thymio-07
109,1788311136.170004,3.1158695220947266,0.0395262651145458,-2.1338663560456745,90.38457270945892,3.1158695220947266,0.075713150203228,0.0395262651145458,0.5730897784233093,0.1184548288583755,-0.1948486566543579,-0.7871281504631042,5,-0.5398776825773073,1.0,-0.7487145468213101,1.0,0,0,-0.0695579117692709,0.1395108797838827,-268,-226,thymio-07
110,1788311136.77847,3.0955612659454346,0.0942253470420837,-2.140794684785758,90.24090807693489,3.0955612659454346,0.0769149512052536,0.0942253470420837,0.5632354021072388,0.0613069720566272,-0.2285479754209518,-0.7916901707649231,5,-0.5586995498329095,1.0,-0.7055771460611009,1.0,0,0,-0.0271789936417187,0.1338865513840409,-117,-76,thymio-07
111,1788311137.3864498,3.072476863861084,0.1817128360271453,-2.12871302228393,90.06644226416017,3.072476863861084,0.0774959400296211,0.1817128360271453,0.5616552233695984,0.0377939119935035,-0.2499909549951553,-0.7877941727638245,5,-0.5669997314993862,1.0,-0.6270342728576257,1.0,0,0,-0.0429661111556172,0.1529454191523873,-176,-130,thymio-07
112,1788311137.9950356,3.066700935363769,0.2078022360801696,-2.137594372180102,89.96644226416018,3.066700935363769,0.0782621949911117,0.2078022360801696,0.551734209060669,0.0054087918251752,-0.2626170217990875,-0.7915759682655334,5,-0.5655671139153411,1.0,-0.6098145445372314,1.0,0,0,-0.0464272765480164,0.2230155389247678,-199,-131,thymio-07
113,1788311138.6029136,3.0617196559906006,0.2490239888429641,-2.09942423342835,89.86644226416018,3.0617196559906006,0.0776305273175239,0.2490239888429641,0.5280930995941162,-0.0306693501770496,-0.2979105412960052,-0.7946233749389648,5,-0.5462141746206368,1.0,-0.4750826315227009,1.0,0,0,-0.05,0.3265932968554742,-227,-128,thymio-07
114,1788311139.2107768,3.0617196559906006,0.2490239888429641,-2.09942423342835,89.76644226416019,3.0617196559906006,0.0776305273175239,0.2490239888429641,0.5280930995941162,-0.0306693501770496,-0.2979105412960052,-0.7946233749389648,5,-0.5462141746206368,1.0,-0.4750826315227009,1.0,0,0,-0.05,0.53226217859508,-258,-97,thymio-07
115,1788311139.8192763,3.060734510421753,0.2888256907463074,-2.0687013275229096,89.6664422641602,3.060734510421753,0.0771758258342742,0.2888256907463074,0.4935699701309204,-0.0949341431260109,-0.3337577283382416,-0.7974848747253418,5,-0.5163047954893212,1.0,-0.3369565235717275,1.0,0,0,-0.05,0.5750091921805335,-264,-91,thymio-07
116,1788311140.427638,3.07614541053772,0.3582078218460083,-1.794564423891308,89.5664422641602,3.07614541053772,0.0779333561658859,0.3582078218460083,0.3963307440280914,-0.3197934329509735,-0.4477245807647705,-0.7349808812141418,5,-0.4439808307504778,1.0,-0.094524451014356,1.0,0,0,-0.05,0.6098653957662206,-270,-86,thymio-07
117,1788311141.0358567,3.07614541053772,0.3582078218460083,-1.794564423891308,89.46644226416021,3.07614541053772,0.0779333561658859,0.3582078218460083,0.3963307440280914,-0.3197934329509735,-0.4477245807647705,-0.7349808812141418,5,-0.4439808307504778,1.0,-0.094524451014356,1.0,0,0,-0.05,0.6149744672790062,-271,-85,thymio-07
118,1788311141.6449122,3.0988686084747314,0.3883435726165771,-1.2397765237161396,89.36644226416021,3.0988686084747314,0.0774415135383606,0.3883435726165771,0.3097902238368988,-0.428835779428482,-0.5180743336677551,-0.6721077561378479,5,-0.3987096364291372,1.0,0.0318593488814222,1.0,0,0,0.1636191371493271,0.6120976196650038,489,500,thymio-07
119,1788311142.2529447,3.1401195526123047,0.4165082275867462,-0.2380773236063147,89.26644226416022,3.1401195526123047,0.0780141279101371,0.4165082275867462,0.1496375799179077,-0.6053802967071533,-0.5875356197357178,-0.5156794190406799,5,1.0,0.2407308996506929,-0.4941239668854338,1.0,0,0,0.1666457150886136,0.5633971391360999,500,500,thymio-07
120,1788311142.8607323,3.1401195526123047,0.4165082275867462,-0.2380773236063147,89.16644226416022,3.1401195526123047,0.0780141279101371,0.4165082275867462,0.1496375799179077,-0.6053802967071533,-0.5875356197357178,-0.5156794190406799,5,1.0,0.2407308996506929,-0.4941239668854338,1.0,0,0,0.1392093579131226,0.5995045610918771,404,500,thymio-07
121,1788311143.4687777,3.056539297103882,0.4213438928127289,-0.2825737217877448,88.60645395940777,3.056539297103882,0.0781629905104637,0.4213438928127289,0.1483555287122726,-0.6052638292312622,-0.574238657951355,-0.5309391617774963,5,1.0,0.3208138377624405,-0.4336368172180463,1.0,0,0,0.027459724586424,0.6248935283182752,3,192,thymio-07
122,1788311144.077012,2.909738540649414,0.4318223297595978,-0.1948601497291537,87.78253463109233,2.909738540649414,0.0800374448299408,0.4318223297595978,0.1345492899417877,-0.624664843082428,-0.5803952217102051,-0.5048087239265442,5,1.0,0.4733434246344381,-0.2025333888567433,1.0,0,0,-0.0644436110004568,0.6262194178744294,-324,-134,thymio-07
123,1788311144.6856372,2.909738540649414,0.4318223297595978,-0.1948601497291537,87.68253463109234,2.909738540649414,0.0800374448299408,0.4318223297595978,0.1345492899417877,-0.624664843082428,-0.5803952217102051,-0.5048087239265442,5,1.0,0.4733434246344381,-0.2025333888567433,1.0,0,0,-0.1047877026825208,0.6242820043804254,-467,-278,thymio-07
124,1788311145.2941856,2.889586925506592,0.4463367164134979,0.012820389051086,87.56987703609072,2.889586925506592,0.0804545357823371,0.4463367164134979,0.0245026964694261,-0.7048881649971008,-0.5977975726127625,-0.3810124099254608,5,1.0,0.5733914965551297,-0.1993760270046851,1.0,0,0,-0.0860503214545025,0.5996563631905344,-396,-215,thymio-07
125,1788311145.9022515,2.955148935317993,0.3928795456886291,0.1021890299083563,87.46987703609072,2.955148935317993,0.0793564394116401,0.3928795456886291,-0.1466299891471862,-0.7820020318031311,-0.5806325674057007,-0.1727377921342849,5,1.0,0.6935642332049394,-0.2383349799049395,1.0,0,0,-0.0581012893186815,0.5653754715848869,-292,-121,thymio-07
126,1788311146.5102904,2.955148935317993,0.3928795456886291,0.1021890299083563,87.36987703609073,2.955148935317993,0.0793564394116401,0.3928795456886291,-0.1466299891471862,-0.7820020318031311,-0.5806325674057007,-0.1727377921342849,5,1.0,0.6935642332049394,-0.2383349799049395,1.0,0,0,-0.0232290884218682,0.5728730886667249,-169,4,thymio-07
127,1788311147.1183672,2.990022659301758,0.3196291625499725,0.092555013205446,87.26987703609073,2.990022659301758,0.0789644345641136,0.3196291625499725,-0.2569462954998016,-0.7995420694351196,-0.5426945090293884,-0.0139259919524192,5,1.0,0.6825183862573669,-0.2699607499963399,1.0,0,0,-0.0117852938434745,0.5872071835802891,-131,47,thymio-07
128,1788311147.72716,2.997567176818848,0.2569917738437652,-0.165787754221478,87.16987703609074,2.997567176818848,0.0775983855128288,0.2569917738437652,-0.4309017658233642,-0.7581272721290588,-0.4348117113113403,0.224734365940094,5,1.0,1.0,-0.272833890921608,1.0,0,0,0.0343133854506208,0.6118770920563178,30,214,thymio-07
129,1788311148.3352034,2.9973089694976807,0.2448035329580307,-0.4050239815852823,87.06987703609074,2.9973089694976807,0.0773663073778152,0.2448035329580307,-0.4796043634414673,-0.7197061777114868,-0.3712458908557892,0.3379042148590088,5,1.0,1.0,-0.271329694548521,1.0,0,0,0.001619494222092,0.6259300264924366,-89,100,thymio-07
130,1788311148.9439898,2.9973089694976807,0.2448035329580307,-0.4050239815852823,86.96987703609075,2.9973089694976807,0.0773663073778152,0.2448035329580307,-0.4796043634414673,-0.7197061777114868,-0.3712458908557892,0.3379042148590088,5,1.0,1.0,-0.271329694548521,1.0,0,0,-0.0406118663021299,0.6265919309334635,-239,-50,thymio-07
131,1788311149.552497,3.022601127624512,0.2394252270460128,-1.5002267415106951,86.86987703609076,3.022601127624512,0.0774441882967948,0.2394252270460128,-0.5622348785400391,-0.5878475308418274,-0.1979148387908935,0.5469525456428528,5,-0.2898812592436409,1.0,1.0,1.0,0,0,0.0441507144082096,0.627332109921775,62,252,thymio-07
132,1788311150.1608412,2.9924864768981934,0.2323072254657745,-2.0505491697685803,86.70769469715475,2.9924864768981934,0.0776905715465545,0.2323072254657745,-0.6069915890693665,-0.3632867038249969,0.0015810211189091,0.7068107724189758,5,-0.2787073256987114,1.0,1.0,1.0,0,0,-0.0331797933782158,0.628314146871621,-213,-23,thymio-07
133,1788311150.7686677,3.0039758682250977,0.2086898535490036,-2.1345919796581128,86.60769469715476,3.0039758682250977,0.078275978565216,0.2086898535490036,-0.5944109559059143,-0.2022923231124878,0.1276836693286895,0.7677566409111023,5,-0.3393947927990268,1.0,1.0,1.0,0,0,-0.1510119637483089,0.6282610154300973,-500,-442,thymio-07
134,1788311151.3775747,3.0039758682250977,0.2086898535490036,-2.1345919796581128,86.50769469715476,3.0039758682250977,0.078275978565216,0.2086898535490036,-0.5944109559059143,-0.2022923231124878,0.1276836693286895,0.7677566409111023,5,-0.3393947927990268,1.0,1.0,1.0,0,0,-0.1923379251755191,0.6283177231909939,-500,-500,thymio-07
135,1788311151.9859583,2.985383987426758,0.232798546552658,-2.141682290373774,86.3965848017546,2.985383987426758,0.0785603150725364,0.232798546552658,-0.5705517530441284,-0.0623769015073776,0.2281344830989837,0.7864696383476257,5,-0.3663706830456033,1.0,1.0,1.0,0,0,-0.1897085579899972,0.6282776216588061,-500,-500,thymio-07
136,1788311152.5938182,2.9544498920440674,0.3873120248317718,-2.1570381686306304,86.10366362347362,2.9544498920440674,0.0793371424078941,0.3873120248317718,-0.5569995045661926,-0.0352231748402118,0.2347640544176101,0.7958622574806213,5,-0.3955970505218855,1.0,1.0,1.0,0,0,-0.1914127084571921,0.6282779414863306,-500,-500,thymio-07
137,1788311153.2021468,2.944154739379883,0.4391955137252807,-2.14682573327375,86.00037270856379,2.944154739379883,0.0797990933060646,0.4391955137252807,-0.5602994561195374,-0.0421357490122318,0.2367861866950988,0.7926042675971985,5,-0.3929671119637014,1.0,1.0,1.0,0,0,-0.1915741392333871,0.6282698286658133,-500,-500,thymio-07
138,1788311153.8099833,2.944154739379883,0.4391955137252807,-2.14682573327375,85.9003727085638,2.944154739379883,0.0797990933060646,0.4391955137252807,-0.5602994561195374,-0.0421357490122318,0.2367861866950988,0.7926042675971985,5,-0.3929671119637014,1.0,1.0,1.0,0,0,-0.1913347188592753,0.6282544713376924,-500,-500,thymio-07
139,1788311154.4186842,2.9107460975646973,0.597636878490448,-2.144798453201523,85.59197909466842,2.9107460975646973,0.080739788711071,0.597636878490448,-0.5637394785881042,-0.0530816540122032,0.231521725654602,0.7910613417625427,5,-0.3596464978011411,1.0,1.0,1.0,0,0,-0.1922727933636727,0.6282630843266421,-500,-500,thymio-07
140,1788311155.0271368,2.8928918838500977,0.6815004944801331,-2.144707088599971,85.41855707452387,2.8928918838500977,0.0816392600536346,0.6815004944801331,-0.5644219517707825,-0.0532321855425834,0.2315598726272583,0.7905532121658325,5,-0.3268310905973032,1.0,1.0,1.0,0,0,-0.1910040505280881,0.6282151560354261,-500,-500,thymio-07
141,1788311155.6357188,2.8928918838500977,0.6815004944801331,-2.144707088599971,85.31855707452388,2.8928918838500977,0.0816392600536346,0.6815004944801331,-0.5644219517707825,-0.0532321855425834,0.2315598726272583,0.7905532121658325,5,-0.3268310905973032,1.0,1.0,1.0,0,0,-0.1885852424034765,0.6281267144648691,-500,-500,thymio-07
142,1788311156.2435057,2.8609321117401123,0.8132878541946411,-2.157089949967941,85.00451210298898,2.8609321117401123,0.0831150710582733,0.8132878541946411,-0.5674759149551392,-0.0660425424575805,0.2164362519979477,0.7916848659515381,5,1.0,1.0,-0.2602991399344758,1.0,0,0,-0.1854133042042436,0.628058096687922,-500,-500,thymio-07
143,1788311156.8474662,2.8014779090881348,1.0273946523666382,-2.160936966921226,85.00451210298898,2.8014779090881348,0.0845051258802414,1.0273946523666382,-0.5747404098510742,-0.0863347128033638,0.2011675089597702,0.7885122895240784,5,1.0,1.0,-0.1408363659542173,1.0,0,0,-0.1307818113891575,0.6274971622378106,-500,-370,thymio-07
144,1788311157.4558992,2.8014779090881348,1.0273946523666382,-2.160936966921226,84.90451210298899,2.8014779090881348,0.0845051258802414,1.0273946523666382,-0.5747404098510742,-0.0863347128033638,0.2011675089597702,0.7885122895240784,5,1.0,1.0,-0.1408363659542173,1.0,0,0,-0.1344512986437593,0.6280616770969148,-500,-383,thymio-07
145,1788311158.0646362,2.773733615875244,1.1099942922592163,-2.1571154720174106,84.68055842372182,2.773733615875244,0.0854691565036773,1.1099942922592163,-0.573826253414154,-0.0707006230950355,0.2139358967542648,0.7873730659484863,5,1.0,1.0,-0.0973546222436995,1.0,0,0,-0.1065868146099945,0.6280989772940628,-474,-284,thymio-07
146,1788311158.6724968,2.746803998947144,1.2379848957061768,-2.132897552684828,84.43204497856435,2.746803998947144,0.086871787905693,1.2379848957061768,-0.5434993505477905,0.0135565120726823,0.2742879092693329,0.7932155728340149,5,1.0,1.0,-0.0304831397193737,1.0,0,0,-0.0603611916306055,0.6281509517160152,-309,-120,thymio-07
147,1788311159.2802346,2.7477006912231445,1.3317524194717407,-2.0241345401439057,84.33204497856435,2.7477006912231445,0.0876496881246566,1.3317524194717407,-0.4643633663654327,0.1864157170057296,0.3761994838714599,0.7798011898994446,5,1.0,1.0,0.0159324452865607,1.0,0,0,-0.0255643474463897,0.6281388128728927,-186,4,thymio-07
148,1788311159.888732,2.7477006912231445,1.3317524194717407,-2.0241345401439057,84.23204497856436,2.7477006912231445,0.0876496881246566,1.3317524194717407,-0.4643633663654327,0.1864157170057296,0.3761994838714599,0.7798011898994446,5,1.0,1.0,0.0159324452865607,1.0,0,0,-0.025636694719165,0.6281456705408355,-186,4,thymio-07
149,1788311160.496807,2.758331537246704,1.3679641485214231,-1.774976401142334,84.13204497856437,2.758331537246704,0.088049829006195,1.3679641485214231,-0.3874875009059906,0.3242876529693603,0.4496181607246399,0.7365694642066956,5,1.0,1.0,0.0225493501248175,1.0,0,0,-0.0119041274152256,0.6280376291356422,-137,53,thymio-07
150,1788311161.1053004,2.772184371948242,1.3918912410736084,-0.9130000121173416,84.03204497856437,2.772184371948242,0.0883267968893051,1.3918912410736084,-0.2686830461025238,0.4938260018825531,0.5275844931602478,0.6368672251701355,5,1.0,0.0161793038144544,1.0,1.0,0,0,-0.0024818924738871,0.6244093267181113,-103,85,thymio-07
151,1788311161.7135856,2.79053807258606,1.409877896308899,-0.0573758258400602,83.93204497856438,2.79053807258606,0.0890180245041847,1.409877896308899,-0.0798386633396148,0.6723933815956116,0.5879223942756653,0.4425609409809112,5,1.0,0.0081364440908786,1.0,1.0,0,0,-0.0,0.6282355037151043,-95,95,thymio-07
152,1788311162.3219926,2.79053807258606,1.409877896308899,-0.0573758258400602,83.83204497856438,2.79053807258606,0.0890180245041847,1.409877896308899,-0.0798386633396148,0.6723933815956116,0.5879223942756653,0.4425609409809112,5,1.0,0.0081364440908786,1.0,1.0,0,0,-0.0,0.6282845748141052,-95,95,thymio-07
153,1788311162.9300349,2.797379732131958,1.4172409772872925,0.0669594946621727,83.73204497856439,2.797379732131958,0.0888091623783111,1.4172409772872925,0.0452789738774299,0.7480328679084778,0.5885517597198486,0.3033209443092346,5,1.0,1.0,1.0,0.0103815326690255,0,0,-0.0,0.6277693118799147,-95,95,thymio-07
154,1788311163.5396566,2.812979459762573,1.4240597486495972,0.0859471244638654,83.6320449785644,2.812979459762573,0.0892760455608367,1.4240597486495972,0.2484574615955352,0.8049820065498352,0.5377025008201599,0.0338985621929168,5,1.0,1.0,1.0,0.0292245237768253,0,0,-0.0,0.6280376636486641,-95,95,thymio-07
155,1788311164.147341,2.8182668685913086,1.423832654953003,0.055505047835223,83.5320449785644,2.8182668685913086,0.0887397453188896,1.423832654953003,0.3063789904117584,0.8065630197525024,0.5018486380577087,-0.0611233934760093,5,1.0,1.0,1.0,0.0378369530988467,0,0,-0.0,0.6280656362367485,-95,95,thymio-07
156,1788311164.75601,2.8182668685913086,1.423832654953003,0.055505047835223,83.4320449785644,2.8182668685913086,0.0887397453188896,1.423832654953003,0.3063789904117584,0.8065630197525024,0.5018486380577087,-0.0611233934760093,5,1.0,1.0,1.0,0.0378369530988467,0,0,-0.0,0.6278722091772946,-95,95,thymio-07
157,1788311165.3656354,2.833672046661377,1.4116709232330322,-0.4400860013332779,83.33204497856441,2.833672046661377,0.0897604823112487,1.4116709232330322,0.4715842604637146,0.7172242403030396,0.3488848805427551,-0.3761344850063324,5,1.0,0.0697573719803363,1.0,1.0,0,0,-0.0,0.6269219199471924,-95,95,thymio-07
158,1788311165.9745438,2.8373358249664307,1.3963651657104492,-1.6606148182974536,83.23204497856442,2.8373358249664307,0.0885308608412742,1.3963651657104492,0.5729737281799316,0.5551745891571045,0.178176075220108,-0.5759648680686951,5,1.0,0.1053542968508021,1.0,1.0,0,0,-0.000682468826224,0.6242965788708602,-97,92,thymio-07
159,1788311166.582538,2.8373358249664307,1.3963651657104492,-1.6606148182974536,83.13204497856442,2.8373358249664307,0.0885308608412742,1.3963651657104492,0.5729737281799316,0.5551745891571045,0.178176075220108,-0.5759648680686951,5,1.0,0.1053542968508021,1.0,1.0,0,0,-0.0002997205548863,0.6247472784598844,-95,93,thymio-07
160,1788311167.1910155,2.832094669342041,1.3836699724197388,-2.0488989741494223,83.03204497856443,2.832094669342041,0.0877065658569336,1.3836699724197388,0.6126745939254761,0.3644014298915863,0.0018430240452289,-0.7013116478919983,5,1.0,0.1363409770646186,1.0,1.0,0,0,0.0005983079103933,0.625481022228116,-92,97,thymio-07
161,1788311167.799682,2.816655158996582,1.3738627433776855,-2.165248966124515,82.93204497856443,2.816655158996582,0.0877106115221977,1.3738627433776855,0.5783535242080688,0.0765439793467521,-0.2055713534355163,-0.785740852355957,5,1.0,0.1373652812319237,1.0,1.0,0,0,0.0032078740987495,0.5765536467659141,-76,98,thymio-07
162,1788311168.4074814,2.807234764099121,1.373007893562317,-2.116272158407895,82.83204497856444,2.807234764099121,0.0877093747258186,1.373007893562317,0.5196552276611328,-0.0782764926552772,-0.3102998733520508,-0.7921775579452515,5,1.0,0.1192000485105662,1.0,1.0,0,0,0.0042983632272626,0.3531211282260783,-38,69,thymio-07
163,1788311169.0153072,2.807234764099121,1.373007893562317,-2.116272158407895,82.73204497856445,2.807234764099121,0.0877093747258186,1.373007893562317,0.5196552276611328,-0.0782764926552772,-0.3102998733520508,-0.7921775579452515,5,1.0,0.1192000485105662,1.0,1.0,0,0,0.0035004060173801,0.0218007146287171,9,16,thymio-07
164,1788311169.6234798,2.7985286712646484,1.3748037815093994,-1.99439409870462,82.63204497856445,2.7985286712646484,0.0880426838994026,1.3748037815093994,0.4490262567996979,-0.2272809743881225,-0.3929065763950348,-0.7696384191513062,5,1.0,0.0978941515319082,1.0,1.0,0,0,0.0027771342233072,-0.3080859770173726,56,-37,thymio-07
165,1788311170.2322793,2.791297435760498,1.3757795095443726,-1.7868543253881135,82.53204497856446,2.791297435760498,0.0879734456539154,1.3757795095443726,0.3941191136837005,-0.323289155960083,-0.4488914906978607,-0.7339282035827637,5,1.0,0.0670531735673325,1.0,1.0,0,0,0.0019451828954706,-0.46081664649393,76,-63,thymio-07
166,1788311170.8412786,2.7940895557403564,1.3677479028701782,-2.0111031643774457,82.43204497856446,2.7940895557403564,0.0878171473741531,1.3677479028701782,0.4569465517997741,-0.216154083609581,-0.3868396282196045,-0.771253764629364,5,1.0,0.0587000425538277,1.0,1.0,0,0,0.00160303778856,-0.5795919111743298,93,-82,thymio-07
167,1788311171.450258,2.7940895557403564,1.3677479028701782,-2.0111031643774457,82.33204497856447,2.7940895557403564,0.0878171473741531,1.3677479028701782,0.4569465517997741,-0.216154083609581,-0.3868396282196045,-0.771253764629364,5,1.0,0.0587000425538277,1.0,1.0,0,0,0.0009989152307646,-0.6131323296018679,96,-89,thymio-07
168,1788311172.0579531,2.7995760440826416,1.364050269126892,-2.095391074353608,82.23204497856447,2.7995760440826416,0.0880406200885772,1.364050269126892,0.5045865774154663,-0.1070526018738746,-0.3291564285755157,-0.7909414172172546,5,1.0,0.0584382437583552,1.0,1.0,0,0,0.0014423974546809,-0.615417286043677,98,-88,thymio-07
169,1788311172.6672697,2.816810369491577,1.3652501106262207,-2.147843140863074,82.13204497856448,2.816810369491577,0.0876088812947273,1.3652501106262207,0.5967655181884766,0.194828063249588,-0.1255304813385009,-0.768215537071228,5,1.0,0.0624784435471841,1.0,1.0,0,0,0.0017841970913885,-0.6167718234859624,99,-87,thymio-07
170,1788311173.275803,2.816810369491577,1.3652501106262207,-2.147843140863074,82.03204497856449,2.816810369491577,0.0876088812947273,1.3652501106262207,0.5967655181884766,0.194828063249588,-0.1255304813385009,-0.768215537071228,5,1.0,0.0624784435471841,1.0,1.0,0,0,0.002280571423754,-0.6177865314154751,101,-85,thymio-07
171,1788311173.8836892,2.8269152641296387,1.3731961250305176,-2.020645497790466,81.93204497856449,2.8269152641296387,0.0879303887486457,1.3731961250305176,0.6095395088195801,0.3950840830802917,0.0290971025824546,-0.6866757273674011,5,1.0,0.0671434663859362,1.0,1.0,0,0,0.0016489119885923,-0.6166754789984806,99,-87,thymio-07
172,1788311174.49226,2.8269152641296387,1.3731961250305176,-2.020645497790466,81.8320449785645,2.8269152641296387,0.0879303887486457,1.3731961250305176,0.6095395088195801,0.3950840830802917,0.0290971025824546,-0.6866757273674011,5,1.0,0.0671434663859362,1.0,1.0,0,0,0.0013599931508915,-0.6183996161991833,98,-89,thymio-07
173,1788311175.1010826,2.83145809173584,1.384521245956421,-1.6143939204500013,81.7320449785645,2.83145809173584,0.0885142832994461,1.384521245956421,0.571540117263794,0.5648300647735596,0.1698990166187286,-0.5704764127731323,5,1.0,0.0713854787575629,1.0,1.0,0,0,8.281253538944955e-05,-0.6024647203828749,91,-91,thymio-07
174,1788311175.709736,2.82509994506836,1.404880166053772,-0.1595893348248087,81.63204497856451,2.82509994506836,0.0893058702349662,1.404880166053772,0.4260021448135376,0.7582107782363892,0.415934145450592,-0.2657771110534668,5,1.0,1.0,1.0,0.077336015719001,0,0,-0.0,-0.5490313947151951,83,-83,thymio-07
175,1788311176.3182983,2.819024085998535,1.4087635278701782,-0.0389007200388551,81.53204497856451,2.819024085998535,0.0889515802264213,1.4087635278701782,0.3668507039546966,0.7955917119979858,0.4651200473308563,-0.1269563287496566,5,1.0,1.0,1.0,0.0775554317256563,0,0,-0.0,-0.5581658852360103,84,-84,thymio-07
176,1788311176.9273524,2.8046915531158447,1.4103347063064575,0.1168053199262435,81.43204497856452,2.8046915531158447,0.0889325216412544,1.4103347063064575,0.1956288367509842,0.7989717125892639,0.5608665943145752,0.093819610774517,5,1.0,1.0,1.0,0.0767791820593242,0,0,-0.0,-0.5045309781824089,76,-76,thymio-07
177,1788311177.535876,2.8046915531158447,1.4103347063064575,0.1168053199262435,81.33204497856453,2.8046915531158447,0.0889325216412544,1.4103347063064575,0.1956288367509842,0.7989717125892639,0.5608665943145752,0.093819610774517,5,1.0,1.0,1.0,0.0767791820593242,0,0,-0.0,-0.3335170144591405,50,-50,thymio-07
178,1788311178.1442304,2.7956693172454834,1.4055815935134888,0.0848380298850908,81.23204497856453,2.7956693172454834,0.0886927470564842,1.4055815935134888,0.0782200023531913,0.7631758451461792,0.5856176614761353,0.2617181241512298,5,1.0,1.0,1.0,0.0716607485283724,0,0,-0.0,0.1189772440206966,-18,18,thymio-07
179,1788311178.7520342,2.788946866989136,1.3981549739837646,-0.022860127225651,81.13204497856454,2.788946866989136,0.0882604867219924,1.3981549739837646,-0.0409501157701015,0.6928496360778809,0.593184232711792,0.4079400300979614,5,1.0,1.0,1.0,0.0657624935552383,0,0,-0.0004634107694149,0.5857685186640568,-90,87,thymio-07
180,1788311179.3611996,2.788946866989136,1.3981549739837646,-0.022860127225651,81.03204497856454,2.788946866989136,0.0882604867219924,1.3981549739837646,-0.0409501157701015,0.6928496360778809,0.593184232711792,0.4079400300979614,5,1.0,1.0,1.0,0.0657624935552383,0,0,-4.56170291777359e-05,0.6118920873627898,-93,92,thymio-07
181,1788311179.9694152,2.788759708404541,1.3978619575500488,-0.031859145311607,80.93204497856455,2.788759708404541,0.0881446003913879,1.3978619575500488,-0.0433661341667175,0.6890512704849243,0.5942737460136414,0.4125125706195831,5,1.0,1.0,1.0,0.060857429579695,0,0,0.0002299077329292,0.5632804519451496,-84,86,thymio-07
182,1788311180.577397,2.8010549545288086,1.4080889225006104,0.1026861864359554,80.83204497856455,2.8010549545288086,0.0887185186147689,1.4080889225006104,0.1547816842794418,0.7915762066841125,0.5682538151741028,0.1629030406475067,5,1.0,1.0,1.0,0.0607011535987109,0,0,0.0,0.3324501032538,-50,50,thymio-07
183,1788311181.1860344,2.8010549545288086,1.4080889225006104,0.1026861864359554,80.73204497856456,2.8010549545288086,0.0887185186147689,1.4080889225006104,0.1547816842794418,0.7915762066841125,0.5682538151741028,0.1629030406475067,5,1.0,1.0,1.0,0.0607011535987109,0,0,0.0,-0.0825446509088293,12,-12,thymio-07
184,1788311181.7942083,2.814417600631714,1.4095739126205444,0.053989951774505,80.63204497856456,2.814417600631714,0.0891476646065712,1.4095739126205444,0.3034713864326477,0.8109803199768066,0.4971325099468231,-0.055457018315792,5,1.0,1.0,1.0,0.061983671069268,0,0,0.0,-0.5016712690074177,76,-76,thymio-07
185,1788311182.4024396,2.816725969314575,1.4091105461120603,0.0185523974659855,80.53204497856457,2.816725969314575,0.0888146758079528,1.4091105461120603,0.3335317969322204,0.8057127594947815,0.4799370467662811,-0.0961447432637214,5,1.0,1.0,1.0,0.0577523664922701,0,0,0.0,-0.6121500943993053,92,-92,thymio-07
186,1788311183.010876,2.816725969314575,1.4091105461120603,0.0185523974659855,80.43204497856458,2.816725969314575,0.0888146758079528,1.4091105461120603,0.3335317969322204,0.8057127594947815,0.4799370467662811,-0.0961447432637214,5,1.0,1.0,1.0,0.0577523664922701,0,0,0.0,-0.6237414569550861,94,-94,thymio-07
187,1788311183.6193445,2.8115508556365967,1.4102904796600342,0.0858633559067683,80.33204497856458,2.8115508556365967,0.0890174955129623,1.4102904796600342,0.2696021497249603,0.8098984956741333,0.5208516716957092,-0.009630530141294,5,1.0,1.0,1.0,0.051440420654057,0,0,0.0,-0.6254858367886683,94,-94,thymio-07
188,1788311184.22771,2.7941787242889404,1.4014897346496582,0.0764303447517908,80.23204497856459,2.7941787242889404,0.0888857841491699,1.4014897346496582,0.0277277715504169,0.7446445226669312,0.5887549519538879,0.3132146000862121,5,1.0,1.0,1.0,0.0415178192074601,0,0,0.0,-0.6263277650037749,95,-95,thymio-07
189,1788311184.836289,2.787900924682617,1.3870422840118408,-0.2281676692409666,80.1320449785646,2.787900924682617,0.089066557586193,1.3870422840118408,-0.1559983640909195,0.6158180236816406,0.5701286792755127,0.5209472179412842,5,1.0,1.0,1.0,0.0468669837491173,0,0,0.0028789954009408,-0.6274197470473515,105,-85,thymio-07
190,1788311185.4456868,2.787900924682617,1.3870422840118408,-0.2281676692409666,80.0320449785646,2.787900924682617,0.089066557586193,1.3870422840118408,-0.1559983640909195,0.6158180236816406,0.5701286792755127,0.5209472179412842,5,1.0,1.0,1.0,0.0468669837491173,0,0,0.002671516922946,-0.627314325091113,104,-85,thymio-07
191,1788311186.0541568,2.787580728530884,1.376840114593506,-0.9714468156759964,79.9320449785646,2.787580728530884,0.0882098972797393,1.376840114593506,-0.2797582447528839,0.4840759336948395,0.5251918435096741,0.64154452085495,5,1.0,0.0553768634063196,1.0,1.0,0,0,0.0047969295889218,-0.6251936620318035,111,-77,thymio-07
192,1788311186.6622448,2.7948267459869385,1.3608921766281128,-1.986320739701146,79.83204497856461,2.7948267459869385,0.0880208238959312,1.3608921766281128,-0.4522024393081665,0.2321557849645614,0.3984736204147339,0.7634366154670715,5,1.0,0.0721349837822984,1.0,1.0,0,0,0.0063358289102036,-0.6234321069512362,117,-72,thymio-07
193,1788311187.2704058,2.7948267459869385,1.3608921766281128,-1.986320739701146,79.73204497856462,2.7948267459869385,0.0880208238959312,1.3608921766281128,-0.4522024393081665,0.2321557849645614,0.3984736204147339,0.7634366154670715,5,1.0,0.0721349837822984,1.0,1.0,0,0,0.005328099128427,-0.6261975320281588,113,-76,thymio-07
194,1788311187.8788214,2.801584482192993,1.354610562324524,-2.1078794317019813,79.63204497856462,2.801584482192993,0.0875820517539978,1.354610562324524,-0.5140787363052368,0.0879244357347488,0.3174100816249847,0.7919869422912598,5,1.0,0.0807082819582458,1.0,1.0,0,0,0.0045789294220471,-0.6234777518365756,110,-78,thymio-07
195,1788311188.4874458,2.827272891998291,1.3533012866973877,-2.1141623851208755,79.53204497856463,2.827272891998291,0.0880147218704223,1.3533012866973877,-0.5992699265480042,-0.30296590924263,0.0396461449563503,0.7399429082870483,5,1.0,0.1007421404785948,1.0,1.0,0,0,0.0055123023351304,-0.6207349248587668,113,-74,thymio-07
196,1788311189.0961392,2.836003065109253,1.3602176904678345,-1.948287117653808,79.43204497856463,2.836003065109253,0.0886168703436851,1.3602176904678345,-0.5950348377227783,-0.4526155292987823,-0.0793535485863685,0.6593753099441528,5,1.0,0.1019735733915818,1.0,1.0,0,0,0.0036723370070151,-0.6163163092674001,106,-80,thymio-07
197,1788311189.7046826,2.836003065109253,1.3602176904678345,-1.948287117653808,79.33204497856464,2.836003065109253,0.0886168703436851,1.3602176904678345,-0.5950348377227783,-0.4526155292987823,-0.0793535485863685,0.6593753099441528,5,1.0,0.1019735733915818,1.0,1.0,0,0,0.002945590413368,-0.6170037181217566,104,-83,thymio-07
