tick,timestamp,x,y,heading,battery,raw_x,raw_y,raw_z,qx,qy,qz,qw,n_agents_seen,front_d,back_d,right_d,left_d,ir_front_max,ir_rear_max,v,w,left,right,hostname
1,1788225173.9341338,-0.3089713752269745,-1.6103227138519287,-1.7182307634444278,100.0,-0.3089713752269745,0.0921459570527076,-1.6103227138519287,0.469804435968399,-0.2547629773616791,-0.4129261374473572,-0.7374765276908875,5,1.0,1.0,1.0,0.4552569209291017,0,0,0.0293626144773696,-0.1489095064830718,127,82,thymio-08
2,1788225174.5379317,2.600468873977661,-0.3249995708465576,-1.9603431126374016,100.0,2.600468873977661,0.0815865844488143,-0.3249995708465576,0.5688663721084595,-0.0337609238922596,-0.2406103014945984,-0.7857214212417603,5,-0.6124242420375976,1.0,-0.7370488777931737,-0.7413591899376266,0,0,0.0419940731508862,-0.5295876107986567,229,69,thymio-08
3,1788225175.145846,2.617727756500244,-0.3265765309333801,-1.9702839007904895,99.9,2.617727756500244,0.081453800201416,-0.3265765309333801,0.5830249786376953,0.0039374479092657,-0.2137238979339599,-0.7838294506072998,5,-0.6200858588535115,1.0,-0.7328847857818921,-0.760380786808057,0,0,-0.0398418046036635,-0.5901394899471314,-52,-231,thymio-08
4,1788225175.7544043,2.6318881511688232,-0.3236547708511352,-1.982366063417355,99.8,2.6318881511688232,0.0820275396108627,-0.3236547708511352,0.6012097597122192,0.0760028958320617,-0.1581177562475204,-0.7795954942703247,5,-0.6138110938308154,1.0,-0.7515205548990251,-0.7903452319696416,0,0,-0.010140608374102,-0.5292996735677131,44,-116,thymio-08
5,1788225176.362907,2.6019604206085205,-0.3216975629329681,-1.9412971382707052,99.6222855242024,2.6019604206085205,0.0828145667910575,-0.3216975629329681,0.6242339015007019,0.291607528924942,0.0182045921683311,-0.7245452404022217,5,-0.626141114971037,1.0,-0.7278650412142309,-0.7883240728083492,0,0,-0.0105468613655218,-0.3694250746694338,18,-93,thymio-08
6,1788225176.9713862,2.6019604206085205,-0.3216975629329681,-1.9412971382707052,99.52228552420242,2.6019604206085205,0.0828145667910575,-0.3216975629329681,0.6242339015007019,0.291607528924942,0.0182045921683311,-0.7245452404022217,5,-0.626141114971037,1.0,-0.7278650412142309,-0.7883240728083492,0,0,-0.0105468613655218,-0.2110993142586999,-6,-69,thymio-08
7,1788225177.5793576,2.577956438064575,-0.3288428485393524,-1.8589990153796452,99.37905385540049,2.577956438064575,0.0833128690719604,-0.3288428485393524,0.6044849753379822,0.4184239506721496,0.1511178910732269,-0.6608197689056396,5,-0.6325320209818245,1.0,-0.7076683741035275,-0.7791777364356065,0,0,-0.012385274976443,-0.064488586858292,-34,-54,thymio-08
8,1788225178.1873465,2.563545227050781,-0.3439677357673645,-1.4819020487894674,99.27905385540048,2.563545227050781,0.0833045095205307,-0.3439677357673645,0.5931089520454407,0.5313697457313538,0.2149288207292556,-0.5653969645500183,5,-0.6799309959143898,1.0,-0.7163933187893448,-0.7662500881323373,0,0,-0.0149837322854001,0.1032284844185647,-69,-38,thymio-08
9,1788225178.7956731,2.563545227050781,-0.3439677357673645,-1.4819020487894674,99.17905385540048,2.563545227050781,0.0833045095205307,-0.3439677357673645,0.5931089520454407,0.5313697457313538,0.2149288207292556,-0.5653969645500183,5,-0.6799309959143898,1.0,-0.7163933187893448,-0.7662500881323373,0,0,-0.0149837322854001,0.1869644808343266,-81,-25,thymio-08
10,1788225179.403911,2.55594539642334,-0.3588699698448181,-1.540370706538146,99.07905385540047,2.55594539642334,0.0832201093435287,-0.3588699698448181,0.5710415244102478,0.5291635990142822,0.2478982210159301,-0.5765795111656189,5,-0.6841905928889285,1.0,-0.7487931444303056,-0.7358239907918732,0,0,-0.0184925779695085,0.211644865825933,-98,-34,thymio-08
11,1788225180.012392,2.5553932189941406,-0.3720134794712066,-1.5742458096989829,98.9790538554005,2.5553932189941406,0.0837598890066146,-0.3720134794712066,0.6004424095153809,0.5094093084335327,0.2083625048398971,-0.5801345705986023,5,-0.7562387897442041,1.0,1.0,-0.7139628086098433,0,0,-0.0169960032614149,0.1080862234622849,-77,-44,thymio-08
12,1788225180.6208904,2.5553932189941406,-0.3720134794712066,-1.5742458096989829,98.8790538554005,2.5553932189941406,0.0837598890066146,-0.3720134794712066,0.6004424095153809,0.5094093084335327,0.2083625048398971,-0.5801345705986023,5,-0.7562387897442041,1.0,1.0,-0.7139628086098433,0,0,-0.0169960032614149,0.5448037878487997,-143,22,thymio-08
13,1788225181.2292404,2.5556235313415527,-0.3846892714500427,-1.5662948362724576,98.7790538554005,2.5556235313415527,0.0828543677926063,-0.3846892714500427,0.6145110130310059,0.5017019510269165,0.1684961169958114,-0.5850474834442139,5,-0.6519018922768991,1.0,-0.7685123441497704,-0.6939572225729058,0,0,-0.0145290188258961,0.5461542818142959,-134,31,thymio-08
14,1788225181.837513,2.553183317184448,-0.4030043482780456,-1.9146512293595368,98.67905385540053,2.553183317184448,0.0829324647784233,-0.4030043482780456,0.6213136315345764,0.3550067245960235,0.0862768590450286,-0.6931782364845276,5,-0.8021185204865642,1.0,1.0,-0.6464373228193447,0,0,-0.0077741773822005,0.6265791125577935,-122,67,thymio-08
15,1788225182.4461532,2.5581202507019043,-0.4160470366477966,-1.9851060965475005,98.57905385540052,2.5581202507019043,0.0818694308400154,-0.4160470366477966,0.6208484172821045,0.2096284478902816,-0.0424552708864212,-0.7541887760162354,5,-0.8248858576557683,1.0,1.0,-0.625856266017202,2102,0,-0.08,0.6282616886330536,-379,-189,thymio-08
16,1788225183.0547428,2.5581202507019043,-0.4160470366477966,-1.9851060965475005,98.47905385540052,2.5581202507019043,0.0818694308400154,-0.4160470366477966,0.6208484172821045,0.2096284478902816,-0.0424552708864212,-0.7541887760162354,5,-0.8248858576557683,1.0,1.0,-0.625856266017202,0,0,-0.0031979426111905,0.6281108002502955,-106,83,thymio-08
17,1788225183.663097,2.54119610786438,-0.4268061220645904,-1.973024404451086,98.37905385540051,2.54119610786438,0.0818249061703682,-0.4268061220645904,0.582632303237915,0.0007403148338198,-0.2141625136137008,-0.7840112447738647,5,-0.7868398764481426,1.0,1.0,-0.5688228091200316,0,0,-0.0108451848339233,0.628017332082222,-133,56,thymio-08
18,1788225184.2717953,2.5157947540283203,-0.4420463740825653,-1.7297238828100574,98.23846772766728,2.5157947540283203,0.081632986664772,-0.4420463740825653,0.4602891802787781,-0.2905129194259643,-0.4122180342674255,-0.7306246757507324,5,-0.7920902769921041,1.0,1.0,-0.4989218981342336,0,0,-0.009789854324587,0.628244831272675,-130,60,thymio-08
19,1788225184.8815815,2.5157947540283203,-0.4420463740825653,-1.7297238828100574,98.13846772766728,2.5157947540283203,0.081632986664772,-0.4420463740825653,0.4602891802787781,-0.2905129194259643,-0.4122180342674255,-0.7306246757507324,5,-0.7920902769921041,1.0,1.0,-0.4989218981342336,0,0,-0.009789854324587,0.6281393036605346,-130,60,thymio-08
20,1788225185.490099,2.5048866271972656,-0.4511243999004364,-0.880466869677142,98.0384677276673,2.5048866271972656,0.0819301754236221,-0.4511243999004364,0.3394780158996582,-0.4565348923206329,-0.5193724036216736,-0.6376385688781738,5,-0.5616728934899001,1.0,-0.7959935538515561,1.0,0,0,-0.0090052956758372,0.6144871234747551,-125,61,thymio-08
21,1788225186.0986953,2.488184690475464,-0.4539677798748016,0.1864783130511709,97.9384677276673,2.488184690475464,0.0819340497255325,-0.4539677798748016,0.1655167192220688,-0.6255517601966858,-0.5970355868339539,-0.4741705954074859,5,-0.396316931737724,1.0,-0.7794402068838029,1.0,0,0,-0.0123325184163556,0.6190920404667242,-137,50,thymio-08
22,1788225186.7064853,2.488184690475464,-0.4539677798748016,0.1864783130511709,97.83846772766732,2.488184690475464,0.0819340497255325,-0.4539677798748016,0.1655167192220688,-0.6255517601966858,-0.5970355868339539,-0.4741705954074859,5,-0.396316931737724,1.0,-0.7794402068838029,1.0,0,0,-0.0123325184163556,0.6186799693062662,-137,50,thymio-08
23,1788225187.3145654,2.4726357460021973,-0.4452384412288666,0.3933662581717541,97.73438849807816,2.4726357460021973,0.0828210860490799,-0.4452384412288666,-0.0373527221381664,-0.7383997440338135,-0.6190993785858154,-0.2647387683391571,5,1.0,-0.7506622996379391,-0.5383727513101078,1.0,0,0,-0.0181168777727742,0.341630687587749,-116,-13,thymio-08
24,1788225187.9230504,2.468238115310669,-0.4299363791942596,0.4415614971553951,97.63438849807817,2.468238115310669,0.0825984850525856,-0.4299363791942596,-0.1998400092124939,-0.7936701774597168,-0.5734843611717224,-0.0356002636253833,5,1.0,-0.7293198881567823,-0.5420494127261618,1.0,0,0,0.0885570679200079,-0.3853290762152399,373,256,thymio-08
25,1788225188.531387,2.468238115310669,-0.4299363791942596,0.4415614971553951,97.53438849807816,2.468238115310669,0.0825984850525856,-0.4299363791942596,-0.1998400092124939,-0.7936701774597168,-0.5734843611717224,-0.0356002636253833,5,1.0,-0.7293198881567823,-0.5420494127261618,1.0,0,0,0.0224067024804867,-0.4450462947064545,147,12,thymio-08
26,1788225189.1394167,2.469743013381958,-0.4228332936763763,0.4051979693305902,97.43438849807816,2.469743013381958,0.0828678905963897,-0.4228332936763763,-0.2696031928062439,-0.7919347286224365,-0.5451099872589111,0.0548530891537666,5,1.0,-0.7167182893094528,-0.5434922991876072,1.0,0,0,0.0249396238487999,-0.4601982230580736,158,19,thymio-08
27,1788225189.7478335,2.469743013381958,-0.4228332936763763,0.4051979693305902,97.33438849807816,2.469743013381958,0.0828678905963897,-0.4228332936763763,-0.2696031928062439,-0.7919347286224365,-0.5451099872589111,0.0548530891537666,5,1.0,-0.7167182893094528,-0.5434922991876072,1.0,0,0,0.0249396238487999,-0.4981903054403183,164,13,thymio-08
28,1788225190.3560708,2.405517101287842,-0.4252330362796783,0.4069543164359372,96.94848676317544,2.405517101287842,0.0833198130130767,-0.4252330362796783,-0.1016367524862289,-0.7630552649497986,-0.6084796786308289,-0.1927930563688278,5,1.0,1.0,-0.6330812740882488,1.0,0,0,0.041750663908262,-0.5110660845464302,226,71,thymio-08
29,1788225190.9657583,2.396618366241455,-0.4436287879943847,0.3819390521106212,96.84848676317546,2.396618366241455,0.0835015624761581,-0.4436287879943847,0.0385672301054,-0.7094683051109314,-0.6202722191810608,-0.332309752702713,5,-0.2757090148251525,1.0,-0.6176729646077866,1.0,0,0,0.1362973805744865,-0.5838194179752109,500,396,thymio-08
30,1788225191.5742671,2.376181125640869,-0.4849174320697784,0.2550667786673934,96.70194328274134,2.376181125640869,0.0830468013882637,-0.4849174320697784,0.145361378788948,-0.6462757587432861,-0.6015050411224365,-0.4465306103229522,5,-0.2063084454162828,1.0,-0.5923959139074801,1.0,0,0,0.1356420305861531,-0.6043957645454798,500,391,thymio-08
31,1788225192.1829622,2.376181125640869,-0.4849174320697784,0.2550667786673934,96.60194328274136,2.376181125640869,0.0830468013882637,-0.4849174320697784,0.145361378788948,-0.6462757587432861,-0.6015050411224365,-0.4465306103229522,5,-0.2063084454162828,1.0,-0.5923959139074801,1.0,0,0,0.1264628262693975,-0.6024177845361898,500,358,thymio-08
32,1788225192.7914226,2.335019588470459,-0.5747178196907043,0.1503564744062333,96.32207256346192,2.335019588470459,0.08211200684309,-0.5747178196907043,0.1870786398649215,-0.6122258901596069,-0.5913897156715393,-0.490346223115921,5,-0.0850594370012119,1.0,-0.5352264012308701,1.0,0,0,0.1449898673996272,-0.611192046033574,500,423,thymio-08
33,1788225193.3992746,2.30495834350586,-0.705308198928833,-0.1793254458917506,96.03967665648224,2.30495834350586,0.0811802372336387,-0.705308198928833,0.2690885961055755,-0.5472394824028015,-0.5561339855194092,-0.5646550059318542,5,0.0890345791028697,1.0,-0.4597837367290965,1.0,0,0,0.1228535159949663,-0.5549121523940284,500,353,thymio-08
34,1788225194.0072055,2.30495834350586,-0.705308198928833,-0.1793254458917506,95.93967665648223,2.30495834350586,0.0811802372336387,-0.705308198928833,0.2690885961055755,-0.5472394824028015,-0.5561339855194092,-0.5646550059318542,5,0.0890345791028697,1.0,-0.4597837367290965,1.0,0,0,0.1269812254937553,-0.2545130350068884,490,413,thymio-08
35,1788225194.6156218,2.299628257751465,-0.8217543363571167,-0.5986362428206338,95.79366382119966,2.299628257751465,0.0801084041595459,-0.8217543363571167,0.3200517892837524,-0.4990247786045074,-0.5260496139526367,-0.6097646951675415,5,-0.4062953686150785,1.0,1.0,0.2454901798140203,0,0,0.1922301580716604,-0.4407124503661727,500,500,thymio-08
36,1788225195.2237048,2.312943935394287,-0.918834924697876,-0.9513227180795268,95.69366382119966,2.312943935394287,0.0795366913080215,-0.918834924697876,0.3501183986663818,-0.4524668753147125,-0.5117934346199036,-0.6409043669700623,5,-0.3663508568292026,1.0,1.0,0.3820953261646993,0,0,0.177888562238326,0.101038665422419,500,500,thymio-08
37,1788225195.832234,2.3289389610290527,-1.0473768711090088,-0.8566127482493751,95.59366382119968,2.3289389610290527,0.0779506564140319,-1.0473768711090088,0.3323332965373993,-0.4600283205509186,-0.520106852054596,-0.6382925510406494,5,-0.2853316497586894,1.0,1.0,0.5561532147731263,0,0,0.1843550267512509,0.5623402269411384,500,500,thymio-08
38,1788225196.440524,2.3289389610290527,-1.0473768711090088,-0.8566127482493751,95.49366382119968,2.3289389610290527,0.0779506564140319,-1.0473768711090088,0.3323332965373993,-0.4600283205509186,-0.520106852054596,-0.6382925510406494,5,-0.2853316497586894,1.0,1.0,0.5561532147731263,0,0,0.168057730775915,0.626029344773239,500,500,thymio-08
39,1788225197.04889,2.3338170051574707,-1.1834182739257812,-0.7176854553943595,95.37855536005324,2.3338170051574707,0.0791839659214019,-1.1834182739257812,0.3061030507087707,-0.5114505290985107,-0.4945681095123291,-0.6325518488883972,5,-0.175224581887372,1.0,1.0,0.7422244064490793,0,0,0.1322724557895625,0.6279858311170458,375,500,thymio-08
40,1788225197.6579485,2.3215491771698,-1.3550384044647217,-0.1299855836398693,95.14639470853842,2.3215491771698,0.0774249956011772,-1.3550384044647217,0.269575297832489,-0.5804554224014282,-0.5121461153030396,-0.5728062987327576,5,-0.0113115535861718,1.0,1.0,1.0,0,0,0.0598515826664891,0.6282703502340566,118,308,thymio-08
41,1788225198.2661946,2.3215491771698,-1.3550384044647217,-0.1299855836398693,95.04639470853844,2.3215491771698,0.0774249956011772,-1.3550384044647217,0.269575297832489,-0.5804554224014282,-0.5121461153030396,-0.5728062987327576,5,-0.0113115535861718,1.0,1.0,1.0,0,0,0.0086288337591413,0.6279814134417162,-64,125,thymio-08
42,1788225198.8743927,2.299890279769897,-1.4110296964645386,0.2262063237813558,94.89190431343762,2.299890279769897,0.0702299103140831,-1.4110296964645386,0.2324031442403793,-0.5737116932868958,-0.6392814517021179,-0.4562487602233886,5,0.0519246846583179,1.0,0.5315558419176711,1.0,0,0,-0.0438126754105193,0.6240269204504523,-250,-61,thymio-08
43,1788225199.4826214,2.275195837020874,-1.4367437362670898,0.32409846515674,94.74841158397273,2.275195837020874,0.0744251906871795,-1.4367437362670898,0.0869355201721191,-0.6777178645133972,-0.617694079875946,-0.3893519043922424,5,1.0,1.0,0.0879992411622567,1.0,0,0,-0.0557320696702821,0.6282105650391346,-293,-103,thymio-08
44,1788225200.0911362,2.275195837020874,-1.4367437362670898,0.32409846515674,94.64841158397272,2.275195837020874,0.0744251906871795,-1.4367437362670898,0.0869355201721191,-0.6777178645133972,-0.617694079875946,-0.3893519043922424,5,1.0,1.0,0.0879992411622567,1.0,0,0,-0.0642997863047178,0.6263969435348112,-323,-134,thymio-08
45,1788225200.6941257,10000.0,10000.0,0.0,94.64841158397272,2.275195837020874,0.0744251906871795,-1.4367437362670898,0.0869355201721191,-0.6777178645133972,-0.617694079875946,-0.3893519043922424,5,1.0,1.0,1.0,1.0,0,0,-0.03,0.62786828344111,-201,-12,thymio-08
46,1788225201.2978747,10000.0,10000.0,0.0,94.64841158397272,2.275195837020874,0.0744251906871795,-1.4367437362670898,0.0869355201721191,-0.6777178645133972,-0.617694079875946,-0.3893519043922424,5,1.0,1.0,1.0,1.0,0,0,-0.03,0.6267553980326699,-201,-12,thymio-08
47,1788225201.9014816,10000.0,10000.0,0.0,94.64841158397272,2.275195837020874,0.0744251906871795,-1.4367437362670898,0.0869355201721191,-0.6777178645133972,-0.617694079875946,-0.3893519043922424,5,1.0,1.0,1.0,1.0,0,0,-0.03,0.6273078919748066,-201,-12,thymio-08
48,1788225202.504674,2.362375259399414,-1.4199732542037964,0.0536568377568329,94.64841158397272,2.362375259399414,0.07322359085083,-1.4199732542037964,-0.4488350450992584,-0.7327525019645691,-0.4276360273361206,0.2806212604045868,5,0.0173539235568054,1.0,1.0,1.0,0,0,-0.0635187840246879,0.6249244881178206,-320,-131,thymio-08
49,1788225203.1125562,2.3770341873168945,-1.4283814430236816,-0.5732940191526437,94.54841158397274,2.3770341873168945,0.0736506059765815,-1.4283814430236816,-0.5284756422042847,-0.6549984812736511,-0.3303191661834717,0.4272935092449188,5,0.0199195676933494,1.0,1.0,1.0,0,0,-0.0506631709457249,0.6244610197374182,-274,-86,thymio-08
50,1788225203.7211344,2.3770341873168945,-1.4283814430236816,-0.5732940191526437,94.44841158397274,2.3770341873168945,0.0736506059765815,-1.4283814430236816,-0.5284756422042847,-0.6549984812736511,-0.3303191661834717,0.4272935092449188,5,0.0199195676933494,1.0,1.0,1.0,0,0,-0.0590227440021861,0.6278340332704528,-305,-115,thymio-08
51,1788225204.3297052,2.386234760284424,-1.4650756120681765,-1.6800569372731688,94.34841158397276,2.386234760284424,0.072937436401844,-1.4650756120681765,0.5913626551628113,0.4869983792304992,0.1888851225376129,-0.6143657565116882,5,1.0,1.0,1.0,0.0788224229683001,0,0,-0.0552027343033928,0.6272270446210447,-291,-101,thymio-08
52,1788225204.937671,2.386234760284424,-1.4650756120681765,-1.6800569372731688,94.24841158397275,2.386234760284424,0.072937436401844,-1.4650756120681765,0.5913626551628113,0.4869983792304992,0.1888851225376129,-0.6143657565116882,5,1.0,1.0,1.0,0.0788224229683001,0,0,-0.073709737259617,0.6281919975694275,-357,-167,thymio-08
53,1788225205.545615,2.3792741298675537,-1.4914500713348389,-1.7786267251204395,94.14841158397276,2.3792741298675537,0.0740057453513145,-1.4914500713348389,0.6210451722145081,0.4220706820487976,0.1117059811949729,-0.6509078741073608,5,1.0,1.0,1.0,0.1462168415672704,0,0,0.0050994922329362,0.6208773930468934,-76,112,thymio-08
54,1788225206.1535585,2.3792741298675537,-1.4914500713348389,-1.7786267251204395,94.04841158397277,2.3792741298675537,0.0740057453513145,-1.4914500713348389,0.6210451722145081,0.4220706820487976,0.1117059811949729,-0.6509078741073608,5,1.0,1.0,1.0,0.1635245987311262,0,0,0.0569235751682831,0.0589647451027347,193,211,thymio-08
55,1788225206.7569768,10000.0,10000.0,0.0,94.04841158397277,2.3792741298675537,0.0740057453513145,-1.4914500713348389,0.6210451722145081,0.4220706820487976,0.1117059811949729,-0.6509078741073608,5,1.0,1.0,1.0,1.0,0,0,0.03,-0.5050637839102764,183,30,thymio-08
56,1788225207.3600397,10000.0,10000.0,0.0,94.04841158397277,2.3792741298675537,0.0740057453513145,-1.4914500713348389,0.6210451722145081,0.4220706820487976,0.1117059811949729,-0.6509078741073608,5,1.0,1.0,1.0,1.0,0,0,0.03,-0.6111303708665728,199,14,thymio-08
57,1788225207.9633908,10000.0,10000.0,0.0,94.04841158397277,2.3792741298675537,0.0740057453513145,-1.4914500713348389,0.6210451722145081,0.4220706820487976,0.1117059811949729,-0.6509078741073608,5,1.0,1.0,1.0,1.0,0,0,0.03,-0.6252394510021438,201,12,thymio-08
58,1788225208.5663786,10000.0,10000.0,0.0,94.04841158397277,2.3792741298675537,0.0740057453513145,-1.4914500713348389,0.6210451722145081,0.4220706820487976,0.1117059811949729,-0.6509078741073608,5,1.0,1.0,1.0,1.0,0,0,0.03,-0.6272477358395878,201,12,thymio-08
59,1788225209.169523,10000.0,10000.0,0.0,94.04841158397277,2.3792741298675537,0.0740057453513145,-1.4914500713348389,0.6210451722145081,0.4220706820487976,0.1117059811949729,-0.6509078741073608,5,1.0,1.0,1.0,1.0,0,0,0.03,-0.6277979024792473,201,12,thymio-08
60,1788225209.7726812,10000.0,10000.0,0.0,94.04841158397277,2.3792741298675537,0.0740057453513145,-1.4914500713348389,0.6210451722145081,0.4220706820487976,0.1117059811949729,-0.6509078741073608,5,1.0,1.0,-1.0,1.0,0,0,0.03,-0.6264194723296601,201,12,thymio-08
61,1788225210.3771126,2.358480930328369,-1.5539954900741575,-1.91001303811554,94.04841158397277,2.358480930328369,0.0750846490263938,-1.5539954900741575,0.6172041893005371,0.3530742824077606,0.0770421102643013,-0.6989006400108337,5,1.0,1.0,1.0,0.1846092395531708,0,0,0.0419664871562623,-0.6280186551552714,244,54,thymio-08
62,1788225210.985328,2.3599889278411865,-1.5454081296920776,-1.683162347601074,93.94841158397276,2.3599889278411865,0.0741028636693954,-1.5454081296920776,0.616049587726593,0.4714043140411377,0.1697115749120712,-0.6078312397003174,5,1.0,0.9365410982535968,1.0,0.1738838294928466,0,0,0.02223589248486,-0.627732225398122,174,-16,thymio-08
63,1788225211.5939,2.3599889278411865,-1.5454081296920776,-1.683162347601074,93.84841158397278,2.3599889278411865,0.0741028636693954,-1.5454081296920776,0.616049587726593,0.4714043140411377,0.1697115749120712,-0.6078312397003174,5,1.0,0.9365410982535968,1.0,0.1738838294928466,0,0,0.0450108226760035,-0.6272365502828903,255,65,thymio-08
64,1788225212.201619,2.340341091156006,-1.509099006652832,-0.3032815052139068,93.71056688010202,2.340341091156006,0.07388336956501,-1.509099006652832,0.5126894116401672,0.6788270473480225,0.3763025403022766,-0.3670691847801208,5,0.1549818085753493,1.0,1.0,-0.9915237670720032,0,0,0.0,-0.5414635930243485,82,-82,thymio-08
65,1788225212.8095322,2.330955982208252,-1.5078353881835938,0.195099478008673,93.61056688010204,2.330955982208252,0.0716261118650436,-1.5078353881835938,0.4056639373302459,0.7560260891914368,0.459621399641037,-0.2293676137924194,5,0.1538482934614056,1.0,-0.9970676923872877,1.0,0,0,0.0,-0.6132415692128887,93,-93,thymio-08
66,1788225213.4129782,2.90044379234314,-0.3381630182266235,2.377663709883067,93.61056688010204,2.90044379234314,0.0743919759988784,-0.3381630182266235,0.3396275043487549,0.3661723732948303,-0.6063042283058167,0.6188427209854126,5,0.8695204647803758,-0.979156557300538,1.0,-0.8299598555726266,0,0,0.0,-0.2586858967368586,39,-39,thymio-08
67,1788225214.0210743,2.90044379234314,-0.3381630182266235,2.377663709883067,93.51056688010205,2.90044379234314,0.0743919759988784,-0.3381630182266235,0.3396275043487549,0.3661723732948303,-0.6063042283058167,0.6188427209854126,5,0.8695204647803758,-0.979156557300538,1.0,-0.8299598555726266,0,0,0.0,-0.3106829768557054,47,-47,thymio-08
68,1788225214.6287806,2.900376558303833,-0.3329096436500549,1.981867811762875,93.41056688010204,2.900376558303833,0.0743768066167831,-0.3329096436500549,0.3151294589042663,0.4427055716514587,-0.6273770928382874,0.5577662587165833,5,-0.98494438621616,-0.9695529117590324,1.0,-0.8421957626357142,0,0,0.0,-0.5709374291639039,86,-86,thymio-08
69,1788225215.2368915,2.9040002822875977,-0.307502806186676,1.393358840069947,93.31056688010204,2.9040002822875977,0.0751529112458229,-0.307502806186676,0.0242443233728408,0.620394229888916,-0.6928883194923401,0.3666457831859588,5,0.9732799687808704,-0.969064967958177,1.0,-0.9606303652993202,0,0,0.0,-0.4396293205302447,66,-66,thymio-08
70,1788225215.8448975,2.9040002822875977,-0.307502806186676,1.393358840069947,93.21056688010204,2.9040002822875977,0.0751529112458229,-0.307502806186676,0.0242443233728408,0.620394229888916,-0.6928883194923401,0.3666457831859588,5,0.8899827564209484,1.0,-0.939636913597008,-0.8471063889766117,0,0,0.0,-0.0278081832278655,4,-4,thymio-08
71,1788225216.4480572,10000.0,10000.0,0.0,93.21056688010204,2.9040002822875977,0.0751529112458229,-0.307502806186676,0.0242443233728408,0.620394229888916,-0.6928883194923401,0.3666457831859588,5,1.0,1.0,-1.0,1.0,0,0,0.03,-0.2678272573280489,147,66,thymio-08
72,1788225217.0518022,10000.0,10000.0,0.0,93.21056688010204,2.9040002822875977,0.0751529112458229,-0.307502806186676,0.0242443233728408,0.620394229888916,-0.6928883194923401,0.3666457831859588,5,1.0,1.0,-1.0,1.0,0,0,0.03,-0.5601546566622603,191,22,thymio-08
73,1788225217.6552825,2.3663058280944824,-1.5231661796569824,-2.779671662022327,93.21056688010204,2.3663058280944824,0.0684191361069679,-1.5231661796569824,-0.7116043567657471,0.3875761330127716,-0.3408772349357605,-0.4766621589660644,5,1.0,0.6038555584265299,1.0,0.2084149410576592,0,0,-0.0276791630610797,-0.6217293803653315,-4,-192,thymio-08
74,1788225218.2638075,2.3663058280944824,-1.5231661796569824,-2.779671662022327,93.11056688010206,2.3663058280944824,0.0684191361069679,-1.5231661796569824,-0.7116043567657471,0.3875761330127716,-0.3408772349357605,-0.4766621589660644,5,1.0,0.6038555584265299,1.0,0.2084149410576592,0,0,-0.0536454790969826,0.3313476888939776,-241,-141,thymio-08
75,1788225218.872676,2.3749871253967285,-1.5375109910964966,-1.5598573652993872,93.01056688010206,2.3749871253967285,0.0721543654799461,-1.5375109910964966,0.4152224957942962,-0.3520074486732483,-0.4463528990745544,-0.7102465033531189,5,1.0,1.0,-0.9572903596692608,0.216824593028913,0,0,-0.0,0.1776385468036326,-27,27,thymio-08
76,1788225219.481098,2.3749871253967285,-1.5375109910964966,-1.5598573652993872,92.91056688010208,2.3749871253967285,0.0721543654799461,-1.5375109910964966,0.4152224957942962,-0.3520074486732483,-0.4463528990745544,-0.7102465033531189,5,1.0,1.0,-0.9572903596692608,0.216824593028913,0,0,-0.0,0.294888959976635,-45,45,thymio-08
77,1788225220.089084,2.3669755458831787,-1.5172876119613647,-1.7566777596399317,92.81056688010209,2.3669755458831787,0.0719561576843261,-1.5172876119613647,0.4644940197467804,-0.2833075821399688,-0.4034256339073181,-0.7356833219528198,5,1.0,0.720135554989701,1.0,0.1726078765246075,0,0,-0.0292195269117909,0.6108032997328922,-196,-12,thymio-08
78,1788225220.6971946,2.369288444519043,-1.4927607774734497,1.2847609051794675,92.71056688010208,2.369288444519043,0.0537148863077163,-1.4927607774734497,0.6194964051246643,0.0331733264029026,-0.7783524394035339,0.0963911935687065,5,0.7816830976374192,1.0,0.1469932577541399,-0.9867937481272816,0,0,-0.0,0.5134475195279414,-78,78,thymio-08
79,1788225221.3051584,2.369288444519043,-1.4927607774734497,1.2847609051794675,92.61056688010208,2.369288444519043,0.0537148863077163,-1.4927607774734497,0.6194964051246643,0.0331733264029026,-0.7783524394035339,0.0963911935687065,5,0.7816830976374192,1.0,0.1469932577541399,-0.9867937481272816,0,0,0.0,0.5799195086198182,-88,88,thymio-08
80,1788225221.9128609,2.3447842597961426,-1.492140293121338,2.6291743720129013,92.46537970199,2.3447842597961426,0.0726890191435813,-1.492140293121338,-0.5183358192443848,0.5824267864227295,-0.3627955615520477,-0.5103786587715149,5,1.0,0.1333843947446717,0.8686463146815802,-0.979797833766542,0,0,0.0,0.6187344528072023,-93,93,thymio-08
81,1788225222.521183,2.3447842597961426,-1.492140293121338,2.6291743720129013,92.36537970199,2.3447842597961426,0.0726890191435813,-1.492140293121338,-0.5183358192443848,0.5824267864227295,-0.3627955615520477,-0.5103786587715149,5,1.0,0.1333843947446717,0.8686463146815802,-0.979797833766542,0,0,0.0,0.6238438461893147,-94,94,thymio-08
82,1788225223.124076,2.9320104122161865,-0.5397350788116455,-1.9683443107205827,92.36537970199,2.9320104122161865,0.0847738683223724,-0.5397350788116455,0.7036653757095337,0.2075078636407852,-0.0372512601315975,-0.678533673286438,5,1.0,0.9723046408850388,-0.9810942630378824,-0.6767390013049487,0,0,0.0,0.3308080996216749,-50,50,thymio-08
83,1788225223.7326138,2.9320104122161865,-0.5397350788116455,-1.9683443107205827,92.26537970199,2.9320104122161865,0.0847738683223724,-0.5397350788116455,0.7036653757095337,0.2075078636407852,-0.0372512601315975,-0.678533673286438,5,1.0,1.0,-0.9697762640105644,-0.5854900366598936,0,0,-0.0,0.586617704953944,-89,89,thymio-08
84,1788225224.3358688,10000.0,10000.0,0.0,92.26537970199,2.9320104122161865,0.0847738683223724,-0.5397350788116455,0.7036653757095337,0.2075078636407852,-0.0372512601315975,-0.678533673286438,5,1.0,1.0,-1.0,1.0,0,0,0.03,0.3882733591074425,48,165,thymio-08
85,1788225224.9391031,10000.0,10000.0,0.0,92.26537970199,2.9320104122161865,0.0847738683223724,-0.5397350788116455,0.7036653757095337,0.2075078636407852,-0.0372512601315975,-0.678533673286438,5,1.0,1.0,-1.0,1.0,0,0,0.03,0.5177405823533715,28,185,thymio-08
86,1788225225.5426445,10000.0,10000.0,0.0,92.26537970199,2.9320104122161865,0.0847738683223724,-0.5397350788116455,0.7036653757095337,0.2075078636407852,-0.0372512601315975,-0.678533673286438,5,1.0,1.0,-1.0,1.0,0,0,0.03,0.6083550582020822,15,198,thymio-08
87,1788225226.145604,2.264779567718506,-1.4308682680130005,-0.0529682068145893,92.26537970199,2.264779567718506,0.0740131959319114,-1.4308682680130005,0.4738862812519073,0.7218639254570007,0.4085283875465393,-0.2957176268100738,5,0.0304532110824047,1.0,1.0,0.901611946702766,0,0,0.0935974866573357,0.6280569091265149,238,427,thymio-08
88,1788225226.7535186,2.264779567718506,-1.4308682680130005,-0.0529682068145893,92.16537970199,2.264779567718506,0.0740131959319114,-1.4308682680130005,0.4738862812519073,0.7218639254570007,0.4085283875465393,-0.2957176268100738,5,0.0304532110824047,1.0,1.0,0.901611946702766,0,0,0.0138504817873344,0.6280468221501586,-46,144,thymio-08
89,1788225227.362289,2.283463716506958,-1.3495324850082395,-1.509988973886201,92.06537970199,2.283463716506958,0.0765190124511718,-1.3495324850082395,0.6071529388427734,0.519961953163147,0.1993043571710586,-0.5668179392814636,5,1.0,0.7384759088824142,1.0,-0.02198912882889,0,0,-0.015835002787959,0.6283065218236604,-151,39,thymio-08
90,1788225227.9722168,2.328877687454224,-1.300750970840454,-1.8846133155561375,91.96537970199002,2.328877687454224,0.0764360278844833,-1.300750970840454,0.6290801167488098,0.3307637572288513,0.0328540876507759,-0.7026906609535217,5,1.0,0.6236586839056064,1.0,-0.057246247113277,0,0,-0.1125529942914634,0.6283174525035364,-495,-305,thymio-08
91,1788225228.5809844,2.3283843994140625,-1.3198540210723877,-1.8812596604074112,91.86537970199002,2.3283843994140625,0.1081505641341209,-1.3198540210723877,0.84902024269104,0.1998979747295379,-0.0963751971721649,-0.4794968366622925,5,1.0,0.5479246965983842,1.0,-0.0353444196220859,0,0,-0.129755845982867,0.6282774804968897,-500,-366,thymio-08
92,1788225229.1888628,2.3283843994140625,-1.3198540210723877,-1.8812596604074112,91.76537970199004,2.3283843994140625,0.1081505641341209,-1.3198540210723877,0.84902024269104,0.1998979747295379,-0.0963751971721649,-0.4794968366622925,5,1.0,0.5479246965983842,1.0,-0.0353444196220859,0,0,-0.1361975830240994,0.6282633665060031,-500,-389,thymio-08
93,1788225229.7972152,2.212935209274292,-1.3262574672698977,-1.988834607039408,91.0591105128805,2.212935209274292,0.0771387070417404,-1.3262574672698977,-0.5969509482383728,-0.027445763349533,0.1888565421104431,0.7792494297027588,5,1.0,0.3934694061350978,1.0,0.0309565283069888,0,0,-0.1346363723557375,0.628241594062368,-500,-384,thymio-08
94,1788225230.4055016,2.212935209274292,-1.3262574672698977,-1.988834607039408,90.9591105128805,2.212935209274292,0.0771387070417404,-1.3262574672698977,-0.5969509482383728,-0.027445763349533,0.1888565421104431,0.7792494297027588,5,1.0,0.3934694061350978,1.0,0.0309565283069888,0,0,-0.1353450037534051,0.6282498929680123,-500,-386,thymio-08
95,1788225231.013195,2.135857582092285,-1.3183014392852783,-1.9728387475195064,90.49354878919247,2.135857582092285,0.07764932513237,-1.3183014392852783,-0.5816168189048767,0.0172738879919052,0.2258584648370742,0.7812884449958801,5,1.0,0.3405539818875032,1.0,0.0729457256156709,0,0,-0.1360306340731719,0.6281903471848211,-500,-388,thymio-08
96,1788225231.6218178,2.135857582092285,-1.3183014392852783,-1.9728387475195064,90.39354878919248,2.135857582092285,0.07764932513237,-1.3183014392852783,-0.5816168189048767,0.0172738879919052,0.2258584648370742,0.7812884449958801,5,1.0,0.3405539818875032,1.0,0.0729457256156709,0,0,-0.134514542166551,0.62817202395668,-500,-383,thymio-08
97,1788225232.2254877,10000.0,10000.0,0.0,90.39354878919248,2.135857582092285,0.07764932513237,-1.3183014392852783,-0.5816168189048767,0.0172738879919052,0.2258584648370742,0.7812884449958801,5,1.0,1.0,-1.0,1.0,0,0,-0.03,0.5788145755969467,-194,-19,thymio-08
98,1788225232.8290892,1.8222233057022093,-1.1950316429138184,-1.7858315652290655,90.39354878919248,1.8222233057022093,0.0809161365032196,-1.1950316429138184,-0.4910255074501037,0.21619713306427,0.3857753276824951,0.7505531907081604,5,0.2217802207559938,1.0,1.0,0.2666318868484254,0,0,-0.1331088466701084,0.6283052260430613,-500,-378,thymio-08
99,1788225233.4384067,1.8222233057022093,-1.1950316429138184,-1.7858315652290655,90.29354878919249,1.8222233057022093,0.0809161365032196,-1.1950316429138184,-0.4910255074501037,0.21619713306427,0.3857753276824951,0.7505531907081604,5,0.2217802207559938,1.0,1.0,0.2666318868484254,0,0,-0.1735553538329906,0.6278324532966024,-500,-500,thymio-08
100,1788225234.0470216,1.7832844257354736,-1.148199200630188,-1.589127116965725,90.03970847879026,1.7832844257354736,0.0815764889121055,-1.148199200630188,-0.4274674952030182,0.3269489407539367,0.4441656470298767,0.7163050174713135,5,0.2308346486138248,1.0,1.0,0.3042944307228428,0,0,-0.1906238564043875,0.6283037275727914,-500,-500,thymio-08
101,1788225234.655582,1.7832844257354736,-1.148199200630188,-1.589127116965725,89.93970847879027,1.7832844257354736,0.0815764889121055,-1.148199200630188,-0.4274674952030182,0.3269489407539367,0.4441656470298767,0.7163050174713135,5,0.2308346486138248,1.0,1.0,0.3042944307228428,0,0,-0.1932484758470549,0.6282973372659139,-500,-500,thymio-08
102,1788225235.2632334,1.7123342752456665,-1.012457251548767,-1.583675296663427,89.47022708192979,1.7123342752456665,0.0827698037028312,-1.012457251548767,-0.4216758608818054,0.3420184552669525,0.443164199590683,0.7133150696754456,5,0.2515139948171863,1.0,1.0,0.2467736256666182,0,0,-0.1940705079938294,0.6282947071893314,-500,-500,thymio-08
103,1788225235.871732,1.65206778049469,-0.8965683579444885,-1.578735390216249,89.03830267494358,1.65206778049469,0.0846572294831276,-0.8965683579444885,-0.4259484112262726,0.3339830040931701,0.4465203285217285,0.7124906182289124,5,0.2731613598256992,1.0,1.0,0.1634154428500454,0,0,-0.1945322105955126,0.6282962029207015,-500,-500,thymio-08
104,1788225236.4801314,1.6016225814819336,-0.8031375408172607,-1.6298053973030164,88.7092711769907,1.6016225814819336,0.0859975144267082,-0.8031375408172607,-0.4392326176166534,0.3161888122558594,0.4373127222061157,0.7182317972183228,5,0.2954653864026886,1.0,1.0,0.0657445322520002,0,0,-0.1950238193696926,0.6282983856513306,-500,-500,thymio-08
105,1788225237.087805,1.6016225814819336,-0.8031375408172607,-1.6298053973030164,88.6092711769907,1.6016225814819336,0.0859975144267082,-0.8031375408172607,-0.4392326176166534,0.3161888122558594,0.4373127222061157,0.7182317972183228,5,0.2954653864026886,1.0,1.0,0.0657445322520002,0,0,-0.1945536782463768,0.6282882826686604,-500,-500,thymio-08
106,1788225237.6966586,1.536527395248413,-0.6953137516975403,-1.6410283078859988,88.15721827720874,1.536527395248413,0.0875942260026931,-0.6953137516975403,-0.4451795518398285,0.3098747730255127,0.4362460076808929,0.7179709076881409,5,0.4019431292991446,1.0,1.0,-0.0776525464332333,0,0,-0.1950256779849476,0.6282929613739904,-500,-500,thymio-08
107,1788225238.306237,1.462693691253662,-0.5807564854621887,-1.7152919557484676,87.66175047700773,1.462693691253662,0.0885833799839019,-0.5807564854621887,-0.4592557251453399,0.2963016033172607,0.4177169799804687,0.7258114218711853,5,0.4837302256825069,1.0,1.0,-0.2471154572616754,0,0,-0.1925262935689073,0.6282291519477501,-500,-500,thymio-08
108,1788225238.923251,1.462693691253662,-0.5807564854621887,-1.7152919557484676,87.56175047700773,1.462693691253662,0.0885833799839019,-0.5807564854621887,-0.4592557251453399,0.2963016033172607,0.4177169799804687,0.7258114218711853,5,0.4837302256825069,1.0,1.0,-0.2471154572616754,0,0,-0.1892912080203456,0.6281839735281547,-500,-500,thymio-08
109,1788225239.5319352,1.4362847805023191,-0.5427848100662231,-1.721565953770514,87.38960802902766,1.4362847805023191,0.0886081680655479,-0.5427848100662231,-0.4614288210868835,0.2884669303894043,0.4151383340358734,0.7290613055229187,5,0.4930820521628662,1.0,1.0,-0.3213032858612171,0,0,-0.1883370623423701,0.6282169117390702,-500,-500,thymio-08
110,1788225240.134948,1.2979536056518557,-0.3592314422130584,-1.7923162691563146,87.38960802902766,1.2979536056518557,0.090078666806221,-0.3592314422130584,-0.4764190018177032,0.2642540335655212,0.3914320468902588,0.7416035532951355,5,0.5630404794282537,1.0,1.0,-0.583733001449789,0,0,-0.1930768189731011,0.6282957778770278,-500,-500,thymio-08
111,1788225240.7445192,1.239362359046936,-0.2915120422840118,-1.8057617255613152,86.97378400385556,1.239362359046936,0.0911319553852081,-0.2915120422840118,-0.4843772351741791,0.2551129162311554,0.3875481486320495,0.7416889667510986,5,0.5484835368774637,1.0,1.0,-0.644213284980288,0,0,-0.1521814014128759,0.6282307613654736,-500,-446,thymio-08
112,1788225241.3525703,1.239362359046936,-0.2915120422840118,-1.8057617255613152,86.87378400385556,1.239362359046936,0.0911319553852081,-0.2915120422840118,-0.4843772351741791,0.2551129162311554,0.3875481486320495,0.7416889667510986,5,0.5484835368774637,1.0,1.0,-0.644213284980288,0,0,-0.1520594920354153,0.6281998417232528,-500,-445,thymio-08
113,1788225241.960654,1.145285725593567,-0.1876953989267349,-1.8117950881890423,86.30993780114899,1.145285725593567,0.0916480496525764,-0.1876953989267349,-0.4896680116653442,0.247322604060173,0.3853016793727875,0.7420238256454468,5,0.5236418633966498,1.0,1.0,-0.8264636014863325,0,0,-0.0107312956610758,0.628013309260361,-133,57,thymio-08
114,1788225242.5685096,1.0780858993530271,-0.1169547736644744,-1.7641234034625854,85.87542311142336,1.0780858993530271,0.0913054794073104,-0.1169547736644744,-0.4719629287719726,0.2524490058422088,0.3963825404644012,0.7459232807159424,5,-0.7951696786686937,1.0,1.0,1.0,0,0,-0.0191151937927479,0.6245221728451165,-162,26,thymio-08
115,1788225243.1763206,1.0780858993530271,-0.1169547736644744,-1.7641234034625854,85.77542311142336,1.0780858993530271,0.0913054794073104,-0.1169547736644744,-0.4719629287719726,0.2524490058422088,0.3963825404644012,0.7459232807159424,5,-0.7951696786686937,1.0,1.0,1.0,0,0,-0.0321177439502388,0.6283168361316182,-209,-19,thymio-08
116,1788225243.785263,1.055633306503296,-0.1114302277565002,-0.7976025128790711,85.64182510289895,1.055633306503296,0.0928334668278694,-0.1114302277565002,-0.3212316036224365,0.4556219279766083,0.5334866642951965,0.6360903978347778,5,-0.7614121969720762,1.0,0.3763666634073748,1.0,0,0,-0.0159561484086126,0.6272010004983514,-151,38,thymio-08
117,1788225244.393353,1.055633306503296,-0.1114302277565002,-0.7976025128790711,85.54182510289895,1.055633306503296,0.0928334668278694,-0.1114302277565002,-0.3212316036224365,0.4556219279766083,0.5334866642951965,0.6360903978347778,5,-0.7614121969720762,1.0,0.3763666634073748,1.0,0,0,-0.0159561484086126,0.6253658375121216,-151,38,thymio-08
118,1788225245.0019522,1.0409551858901978,-0.0941312760114669,0.2624760994498589,85.44182510289896,1.0409551858901978,0.0925237759947776,-0.0941312760114669,-0.1323646903038025,0.6519907116889954,0.6044951677322388,0.4381475448608398,5,1.0,1.0,-0.7291695308222493,1.0,0,0,-0.0224369243047278,0.6242962836683866,-174,15,thymio-08
119,1788225245.6099172,1.0409551858901978,-0.0941312760114669,0.2624760994498589,85.34182510289897,1.0409551858901978,0.0925237759947776,-0.0941312760114669,-0.1323646903038025,0.6519907116889954,0.6044951677322388,0.4381475448608398,5,1.0,1.0,-0.7291695308222493,1.0,0,0,-0.0224369243047278,0.5953645507373155,-170,10,thymio-08
120,1788225246.219663,1.0323293209075928,-0.0818343162536621,0.4404222898040446,85.24182510289897,1.0323293209075928,0.0933186113834381,-0.0818343162536621,0.0454781837761402,0.7501500844955444,0.6193914413452148,0.2270703464746475,5,1.0,1.0,-0.7072484630582768,1.0,0,0,0.0693093137258348,0.5105970654934983,169,323,thymio-08
121,1788225246.8279045,1.0446113348007202,-0.058924376964569,0.3108117716580518,85.14182510289898,1.0446113348007202,0.0929776430130004,-0.058924376964569,0.324662297964096,0.7719829082489014,0.5424153804779053,-0.0665003061294555,5,1.0,1.0,-0.721484489802717,1.0,0,0,0.081123391251963,0.3774165678940422,231,345,thymio-08
122,1788225247.4357543,1.0446113348007202,-0.058924376964569,0.3108117716580518,85.04182510289898,1.0446113348007202,0.0929776430130004,-0.058924376964569,0.324662297964096,0.7719829082489014,0.5424153804779053,-0.0665003061294555,5,1.0,1.0,-0.721484489802717,1.0,0,0,0.0904046583933003,0.1444980847892824,299,343,thymio-08
123,1788225248.043642,0.9707835912704468,0.0241787061095237,0.1185385014838775,84.60109860521654,0.9707835912704468,0.094088926911354,0.0241787061095237,0.4350313246250152,0.7316204905509949,0.4446630179882049,-0.2788440585136413,5,1.0,1.0,-0.6471552219261854,1.0,0,0,0.1532257005252376,-0.1397089272095871,500,500,thymio-08
124,1788225248.6514626,0.9707835912704468,0.0241787061095237,0.1185385014838775,84.50109860521654,0.9707835912704468,0.094088926911354,0.0241787061095237,0.4350313246250152,0.7316204905509949,0.4446630179882049,-0.2788440585136413,5,1.0,1.0,-0.6471552219261854,1.0,0,0,0.1543723602282302,-0.3891863943627821,500,490,thymio-08
125,1788225249.260577,0.9425559043884276,0.0808193683624267,-0.0072378058449751,84.298582481757,0.9425559043884276,0.0951768457889556,0.0808193683624267,0.4634908735752105,0.7100147008895874,0.4191552996635437,-0.324598491191864,5,1.0,1.0,-0.6087744183857271,1.0,0,0,0.1846206407720488,-0.5201153717592742,500,500,thymio-08
126,1788225249.869376,0.8729655146598816,0.2478940635919571,-0.1450414193393836,83.76831385521908,0.8729655146598816,0.0972252637147903,0.2478940635919571,0.4833785891532898,0.6925537586212158,0.3938320577144623,-0.3627820312976837,5,1.0,1.0,-0.4817630959929129,1.0,0,0,0.194656243197691,-0.5901670454752534,500,500,thymio-08
127,1788225250.4775543,0.8262382745742798,0.3823130428791046,-0.2497224954656798,83.39371895151606,0.8262382745742798,0.0988555327057838,0.3823130428791046,0.4982603788375854,0.682741105556488,0.3789743185043335,-0.3768020272254944,5,1.0,1.0,-0.4062149790605323,1.0,0,0,0.178442287542303,-0.6119796989907336,500,500,thymio-08
128,1788225251.08534,0.8262382745742798,0.3823130428791046,-0.2497224954656798,83.29371895151607,0.8262382745742798,0.0988555327057838,0.3823130428791046,0.4982603788375854,0.682741105556488,0.3789743185043335,-0.3768020272254944,5,1.0,1.0,-0.4062149790605323,1.0,0,0,0.1588245515997881,-0.6174300862879694,500,471,thymio-08
129,1788225251.6936293,0.7871121168136597,0.5144172310829163,-0.2927569355801811,82.96206464593902,0.7871121168136597,0.1002131476998329,0.5144172310829163,0.4990652799606323,0.6768980622291565,0.3712778389453888,-0.3935678005218506,5,1.0,1.0,-0.385083623675497,1.0,0,0,0.1494258203591453,-0.6198885292116092,500,437,thymio-08
130,1788225252.3014166,0.7510619759559631,0.6386693716049194,-0.2978502523608624,82.67445208683075,0.7510619759559631,0.1017574146389961,0.6386693716049194,0.5000977516174316,0.6758679151535034,0.3715155124664306,-0.3938033282756805,5,1.0,1.0,-0.3493713086576051,1.0,0,0,0.146884645599921,-0.6209833857700674,500,428,thymio-08
131,1788225252.910246,0.7510619759559631,0.6386693716049194,-0.2978502523608624,82.57445208683076,0.7510619759559631,0.1017574146389961,0.6386693716049194,0.5000977516174316,0.6758679151535034,0.3715155124664306,-0.3938033282756805,5,1.0,1.0,-0.3493713086576051,1.0,0,0,0.1464489629968294,-0.6218364080536023,500,426,thymio-08
132,1788225253.5187433,0.7191866040229797,0.7315267324447632,-0.166999989510709,82.31881017374691,0.7191866040229797,0.1029516160488128,0.7315267324447632,0.4861973524093628,0.688323974609375,0.3917708694934845,-0.3692395389080047,5,1.0,1.0,-0.3515863821524703,1.0,0,0,0.1490861167588164,-0.6235543472700075,500,436,thymio-08
133,1788225254.1271102,0.6552497148513794,0.8676464557647705,-0.0051374804786208,81.84827752589301,0.6552497148513794,0.1048610135912895,0.8676464557647705,0.463652104139328,0.7066444158554077,0.4213349223136902,-0.3288729786872864,5,1.0,1.0,-0.3273425056437499,1.0,0,0,0.138738237855264,-0.6225044386525541,500,399,thymio-08
134,1788225254.7357223,0.6552497148513794,0.8676464557647705,-0.0051374804786208,81.74827752589302,0.6552497148513794,0.1048610135912895,0.8676464557647705,0.463652104139328,0.7066444158554077,0.4213349223136902,-0.3288729786872864,5,1.0,1.0,-0.3273425056437499,1.0,0,0,0.1467566775735655,-0.6226277143220665,500,427,thymio-08
135,1788225255.3439877,0.6172170639038086,0.9330245852470398,0.0636665193638399,81.48426937367188,0.6172170639038086,0.1055236905813217,0.9330245852470398,0.4502195715904236,0.7166353464126587,0.4350419640541076,-0.3073672354221344,5,1.0,-0.1715277528678045,-0.3017047172027715,1.0,0,0,0.0569445010083715,-0.45751809445217,271,133,thymio-08
136,1788225255.9526317,0.5057192444801331,1.0703058242797852,0.2258433705807254,80.73792207826132,0.5057192444801331,0.1075896844267845,1.0703058242797852,0.400780975818634,0.7483630180358887,0.4786485433578491,-0.2241053283214569,5,1.0,0.0214570652695036,-0.2082065903116783,1.0,0,0,0.0971342051825564,-0.6032804489543893,436,254,thymio-08
137,1788225256.560663,0.4754480421543121,1.087397813796997,0.3103845376519238,80.5537189723101,0.4754480421543121,0.1077132076025009,1.087397813796997,0.3443686962127685,0.7710137367248535,0.5215229392051697,-0.1223190575838089,5,1.0,0.0608780399130524,-0.2000479107998686,1.0,0,0,0.0581931931719056,-0.6206655322494782,300,113,thymio-08
138,1788225257.168464,0.4754480421543121,1.087397813796997,0.3103845376519238,80.4537189723101,0.4754480421543121,0.1077132076025009,1.087397813796997,0.3443686962127685,0.7710137367248535,0.5215229392051697,-0.1223190575838089,5,1.0,0.0608780399130524,-0.2000479107998686,1.0,0,0,0.0246250161852252,-0.6113474209626322,180,-5,thymio-08
139,1788225257.776369,0.4089756608009338,1.104761838912964,0.3914294741634836,80.05182128420691,0.4089756608009338,0.1080523207783699,1.104761838912964,0.2260238379240036,0.7836803197860718,0.5771180391311646,0.0411479845643043,5,1.0,0.1263206313545393,-0.1694904391515179,1.0,0,0,0.04199047797399,-0.6095984117710975,241,57,thymio-08
140,1788225258.3844998,0.3843225240707397,1.1006420850753784,0.3964792485609378,79.90540996195391,0.3843225240707397,0.1083393543958664,1.1006420850753784,0.1512150019407272,0.7725400924682617,0.5999715924263,0.142653614282608,5,1.0,0.1392575867296601,-0.1620531555273902,1.0,0,0,0.0394707412755109,-0.6097956552575969,232,48,thymio-08
141,1788225258.9925003,0.3843225240707397,1.1006420850753784,0.3964792485609378,79.80540996195391,0.3843225240707397,0.1083393543958664,1.1006420850753784,0.1512150019407272,0.7725400924682617,0.5999715924263,0.142653614282608,5,1.0,0.1392575867296601,-0.1620531555273902,1.0,0,0,0.0417609688083244,-0.6117161637785316,241,56,thymio-08
142,1788225259.6008203,0.3628055155277252,1.0739972591400146,0.37674067307496,79.66533156653395,0.3628055155277252,0.1085444688796997,1.0739972591400146,-0.0294360611587762,0.7162114977836609,0.6137909889221191,0.3308102488517761,5,1.0,0.1429622591469637,-0.1483906317424246,1.0,0,0,0.0472865783968184,-0.6152371286260151,261,75,thymio-08
143,1788225260.209999,0.3514653444290161,1.041303038597107,0.0833091644058656,79.56533156653396,0.3514653444290161,0.1097222790122032,1.041303038597107,-0.1971511989831924,0.5936311483383179,0.5937411785125732,0.5061668157577515,5,1.0,0.2131825526289208,-0.1385984802719032,1.0,0,0,0.055901222993527,-0.6229428157067362,293,105,thymio-08
144,1788225260.8180604,0.3563059568405151,1.0102918148040771,-0.5413330966964116,79.46533156653396,0.3563059568405151,0.1085718944668769,1.0102918148040771,-0.2987763583660126,0.4927355349063873,0.5456483960151672,0.6084507703781128,5,0.4883434981926482,1.0,-0.1389782232861478,1.0,0,0,0.026829860024419,-0.5606580669516182,180,11,thymio-08
145,1788225261.4260602,0.3563059568405151,1.0102918148040771,-0.5413330966964116,79.36533156653397,0.3563059568405151,0.1085718944668769,1.0102918148040771,-0.2987763583660126,0.4927355349063873,0.5456483960151672,0.6084507703781128,5,0.4883434981926482,1.0,-0.1389782232861478,1.0,0,0,0.0482577355365815,-0.6096345651640532,264,79,thymio-08
146,1788225262.035011,0.3689335882663727,0.9848369359970092,-1.2986405873959697,79.26533156653397,0.3689335882663727,0.1074553653597831,0.9848369359970092,-0.3829196989536285,0.3964748978614807,0.4857325553894043,0.6784128546714783,5,-0.1442005582012699,1.0,0.2560166844792348,1.0,0,0,-0.00389188396184,-0.5984037153755067,77,-104,thymio-08
147,1788225262.6437004,0.4049937427043915,0.9694048166275024,-1.8976628839807312,79.16533156653398,0.4049937427043915,0.1066090241074562,0.9694048166275024,-0.5296334624290466,0.1520130038261413,0.3262230157852173,0.7680879235267639,5,-0.1649459732327862,1.0,1.0,1.0,0,0,0.1374070878274929,-0.627630489303827,500,393,thymio-08
148,1788225263.251954,0.4049937427043915,0.9694048166275024,-1.8976628839807312,79.06533156653398,0.4049937427043915,0.1066090241074562,0.9694048166275024,-0.5296334624290466,0.1520130038261413,0.3262230157852173,0.7680879235267639,5,-0.1649459732327862,1.0,1.0,1.0,0,0,-0.040289803912068,0.2357015756223677,-179,-108,thymio-08
149,1788225263.859916,0.4013985395431518,0.9815435409545898,-1.976069453959028,78.96533156653399,0.4013985395431518,0.1068563684821128,0.9815435409545898,0.5785372257232666,-0.0315173864364624,-0.2325033098459243,-0.7811808586120605,5,-0.983083778358915,1.0,1.0,1.0,0,0,-0.0,0.6281320004163745,-95,95,thymio-08
150,1788225264.4681096,0.4556612372398376,0.9727787971496582,-1.9863937203067603,78.865331566534,0.4556612372398376,0.1065714359283447,0.9727787971496582,0.5855639576911926,-0.0174425411969423,-0.2189345359802246,-0.7803064584732056,5,-0.1866529990046725,-0.9621888886309466,1.0,-0.1800896576698695,0,0,0.0,0.5818898918801327,-88,88,thymio-08
151,1788225265.0779817,0.4556612372398376,0.9727787971496582,-1.9863937203067603,78.765331566534,0.4556612372398376,0.1065714359283447,0.9727787971496582,0.5855639576911926,-0.0174425411969423,-0.2189345359802246,-0.7803064584732056,5,-0.1866529990046725,1.0,1.0,-0.1800896576698695,0,0,-0.0125043134988261,0.6256471026064093,-139,50,thymio-08
152,1788225265.6862788,0.4558959007263183,0.9593648314476012,-1.881697558263966,78.66533156653401,0.4558959007263183,0.1062598526477813,0.9593648314476012,0.5278675556182861,-0.1584829241037368,-0.3362597823143005,-0.7636545300483704,5,-0.2879343845992295,1.0,1.0,-0.9816584971560616,0,0,0.0,0.6251219433081984,-94,94,thymio-08
153,1788225266.2943442,0.4505477547645569,0.941361367702484,-1.3780583267979278,78.56533156653401,0.4505477547645569,0.1065283194184303,0.941361367702484,0.397960752248764,-0.3735753893852234,-0.4804950654506683,-0.6864352226257324,5,-0.965523684054306,1.0,-0.4268003673061665,1.0,0,0,0.0,0.5528438938250652,-83,83,thymio-08
154,1788225266.902176,0.4414372146129608,0.9352553486824036,-0.5529449581256443,78.46533156653402,0.4414372146129608,0.1067709103226661,0.9352553486824036,0.3002474308013916,-0.4931446611881256,-0.5428818464279175,-0.6098682284355164,5,-0.1031937484137798,1.0,-0.4984140003660493,1.0,0,0,0.0916428528195278,0.6222391564088866,232,420,thymio-08
155,1788225267.5106356,0.4235117137432098,0.925402820110321,0.2312698312592833,78.35684517912411,0.4235117137432098,0.1066765710711479,0.925402820110321,0.1249802187085151,-0.6474674344062805,-0.6060501337051392,-0.4448247849941253,5,1.0,-0.6233520034346867,-0.0610878172545665,1.0,0,0,0.0761046420477709,0.6203346470853722,177,364,thymio-08
156,1788225268.118812,0.4235117137432098,0.925402820110321,0.2312698312592833,78.25684517912411,0.4235117137432098,0.1066765710711479,0.925402820110321,0.1249802187085151,-0.6474674344062805,-0.6060501337051392,-0.4448247849941253,5,1.0,-0.6233520034346867,-0.0610878172545665,1.0,0,0,0.1301427367214098,0.6183315164937288,369,500,thymio-08
157,1788225268.7273958,0.3371077477931976,0.8696572184562683,0.4082312279406044,77.76615379271688,0.3371077477931976,0.1065863668918609,0.8696572184562683,-0.0323128551244735,-0.7419638633728027,-0.6167346239089966,-0.2609291076660156,5,1.0,-0.9880043507079936,0.0635718295327283,1.0,0,0,0.0,0.5984441142750722,-90,90,thymio-08
158,1788225269.3353372,0.2190990149974823,0.8581077456474304,0.380634144765223,77.04320217517186,0.2190990149974823,0.1076410859823226,0.8581077456474304,-0.1756423562765121,-0.7671499848365784,-0.6043476462364197,-0.1240753456950187,5,1.0,1.0,-0.8764339675476824,1.0,0,0,0.0,0.4548371472888698,-69,69,thymio-08
159,1788225269.9438567,0.2190990149974823,0.8581077456474304,0.380634144765223,76.94320217517186,0.2190990149974823,0.1076410859823226,0.8581077456474304,-0.1756423562765121,-0.7671499848365784,-0.6043476462364197,-0.1240753456950187,5,1.0,1.0,-0.7341678487478347,1.0,0,0,0.0214322624016852,0.5779464850929525,-11,163,thymio-08
160,1788225270.552415,0.2080594003200531,0.8746663331985474,0.3650272082252233,76.84320217517187,0.2080594003200531,0.1077134758234024,0.8746663331985474,-0.31435227394104,-0.7757434844970703,-0.5371538400650024,0.1042616441845893,5,1.0,1.0,-0.7445014052549883,1.0,0,0,0.0193552175437473,0.5962908642966024,-21,159,thymio-08
161,1788225271.161399,0.1967069506645202,0.9054296612739564,0.0788467162837323,76.74320217517187,0.1967069506645202,0.1082704216241836,0.9054296612739564,-0.4465714395046234,-0.7195097804069519,-0.4376519620418548,0.3022260069847107,5,1.0,1.0,-0.7327785454600697,1.0,0,0,0.0363335461253003,0.6100938205940867,37,221,thymio-08
162,1788225271.7696605,0.1967069506645202,0.9054296612739564,0.0788467162837323,76.64320217517188,0.1967069506645202,0.1082704216241836,0.9054296612739564,-0.4465714395046234,-0.7195097804069519,-0.4376519620418548,0.3022260069847107,5,1.0,1.0,-0.7327785454600697,1.0,0,0,0.0296437293889485,0.6062631518626194,14,197,thymio-08
163,1788225272.37758,0.1967247724533081,0.9260714054107666,-0.396595023989934,76.54320217517188,0.1967247724533081,0.1089698821306228,0.9260714054107666,-0.5036166906356812,-0.653773844242096,-0.3703944087028503,0.4263309836387634,5,1.0,1.0,-0.7315713932673058,1.0,0,0,0.0365805675038934,0.621438546881013,36,224,thymio-08
164,1788225272.9862766,0.240648940205574,0.9916198253631592,-1.818009835985945,76.44320217517189,0.240648940205574,0.1086208224296569,0.9916198253631592,-0.6178930997848511,-0.3990938365459442,-0.0902072936296463,0.6714127063751221,5,-0.7508275575425732,1.0,1.0,1.0,0,0,0.0516207203390685,0.6269874749006445,89,278,thymio-08
165,1788225273.5941284,0.240648940205574,0.9916198253631592,-1.818009835985945,76.3432021751719,0.240648940205574,0.1086208224296569,0.9916198253631592,-0.6178930997848511,-0.3990938365459442,-0.0902072936296463,0.6714127063751221,5,-0.7508275575425732,1.0,1.0,1.0,0,0,0.0609264974933898,0.6277131871425626,122,311,thymio-08
166,1788225274.2024462,0.2643019258975982,1.0027061700820925,-1.905006784800064,76.2432021751719,0.2643019258975982,0.1086652427911758,1.0027061700820925,-0.6264534592628479,-0.3039579689502716,-0.009705301374197,0.7176848649978638,5,-0.7658530926527041,1.0,1.0,1.0,0,0,-0.0150635283768064,0.6100509926742106,-146,39,thymio-08
167,1788225274.811042,0.3622044920921325,1.0061209201812744,-1.996616772140366,76.14320217517191,0.3622044920921325,0.1073746532201767,1.0061209201812744,-0.5943906307220459,-0.0204362049698829,0.1887373328208923,0.7814476490020752,5,0.5275461059276234,1.0,-0.8089505627577828,0.0057437195535685,1684,0,-0.0064009368856856,0.371097881287978,-79,33,thymio-08
168,1788225275.4193494,0.3622044920921325,1.0061209201812744,-1.996616772140366,76.04320217517191,0.3622044920921325,0.1073746532201767,1.0061209201812744,-0.5943906307220459,-0.0204362049698829,0.1887373328208923,0.7814476490020752,5,0.5275461059276234,1.0,-0.8089505627577828,0.0057437195535685,0,0,-0.0064009368856856,0.5030435672156692,-99,53,thymio-08
169,1788225276.028952,0.3633176684379577,0.994526982307434,-1.9264825932695369,75.94320217517192,0.3633176684379577,0.1072233766317367,0.994526982307434,-0.5405788421630859,0.1311831623315811,0.3056972622871399,0.7727320194244385,5,-0.9835647327734534,1.0,-0.8252350459655482,1.0,0,0,-0.0,0.6221419394346832,-94,94,thymio-08
170,1788225276.6369936,0.3641952872276306,0.9875532984733582,-1.7172646385474093,75.84320217517192,0.3641952872276306,0.10775838047266,0.9875532984733582,-0.4675351083278656,0.2639180421829223,0.4143067896366119,0.7349205613136292,5,0.028388404446737,1.0,-0.7919984400067972,-0.980916775926226,0,0,-0.0,0.4517029649487857,-68,68,thymio-08
171,1788225277.245685,0.3661071360111236,0.9871650338172911,-1.686748903472545,75.74320217517193,0.3661071360111236,0.107633389532566,0.9871650338172911,-0.4583586156368255,0.2809430062770843,0.4238838255405426,0.7289038896560669,5,0.0287298746525999,1.0,-0.7919228106095434,1.0,0,0,0.0057715280206796,0.6167719125774227,-73,114,thymio-08
172,1788225277.8537855,0.3786759972572326,0.9826796054840088,-1.302607520813963,75.64320217517194,0.3786759972572326,0.1075889468193054,0.9826796054840088,-0.3833649158477783,0.3966000378131866,0.485024482011795,0.6785950064659119,5,0.0262377820162891,1.0,-0.7853165584235658,1.0,0,0,0.0174524644150635,0.5767085043571616,-25,149,thymio-08
173,1788225278.4620724,0.3786759972572326,0.9826796054840088,-1.302607520813963,75.54320217517194,0.3786759972572326,0.1075889468193054,0.9826796054840088,-0.3833649158477783,0.3966000378131866,0.485024482011795,0.6785950064659119,5,0.0262377820162891,1.0,-0.7853165584235658,1.0,0,0,0.0337047951043796,0.5665490972226671,34,205,thymio-08
174,1788225279.0709026,0.3797963261604309,0.9692651033401488,-0.5548838684591528,75.44320217517195,0.3797963261604309,0.1073492914438247,0.9692651033401488,-0.298649400472641,0.4928386509418487,0.5430960655212402,0.6107089519500732,5,0.032617832783965,1.0,-0.7857599852292608,1.0,0,0,0.0375189395226617,0.5303539580869994,53,213,thymio-08
175,1788225279.6796632,0.3785490393638611,0.9670952558517456,-0.4804840787521298,75.34320217517195,0.3785490393638611,0.1080663055181503,0.9670952558517456,-0.2877476513385772,0.4971271455287933,0.5541276335716248,0.6025019288063049,5,0.0369157345110713,-0.7759294875333225,1.0,1.0,0,0,0.0333913335787968,0.5739329326910205,32,205,thymio-08
176,1788225280.287652,0.3785490393638611,0.9670952558517456,-0.4804840787521298,75.24320217517196,0.3785490393638611,0.1080663055181503,0.9670952558517456,-0.2877476513385772,0.4971271455287933,0.5541276335716248,0.6025019288063049,5,0.0369157345110713,-0.7759294875333225,1.0,1.0,0,0,0.0492973871586148,0.6252407936469181,81,270,thymio-08
177,1788225280.8957582,0.3604043424129486,0.9266161918640136,0.1096614516679705,75.11983717118153,0.3604043424129486,0.1072140783071518,0.9266161918640136,-0.1731737554073333,0.6077972650527954,0.5953965187072754,0.496080994606018,5,1.0,-0.7966205288352406,0.0724901017304777,1.0,0,0,0.0088792737041166,0.3832494500259502,-26,89,thymio-08
178,1788225281.5044863,0.311659574508667,0.8907277584075928,0.3779846051725202,74.84412928013052,0.311659574508667,0.1072890758514404,0.8907277584075928,-0.0174499005079269,0.7173247337341309,0.6190332770347595,0.3192780911922455,5,1.0,-0.8009347912031729,0.1300396019521874,1.0,0,0,0.0080121069681622,0.3540210186554716,-25,82,thymio-08
179,1788225282.1135516,0.2965745031833648,0.8876575231552124,0.406567150297537,74.74412928013052,0.2965745031833648,0.1073630154132843,0.8876575231552124,0.0433051735162735,0.7422930598258972,0.6198484301567078,0.250825971364975,5,1.0,-0.985543973942275,0.1358941275726806,1.0,0,0,0.0,-0.23827866208754,36,-36,thymio-08
180,1788225282.721975,0.2901423275470733,0.8878371715545654,0.4260789600647516,74.64412928013053,0.2901423275470733,0.1072029992938041,0.8878371715545654,0.0702029839158058,0.7556226253509521,0.615697979927063,0.212184265255928,5,1.0,-0.9857385622537552,0.1270476025507059,1.0,0,0,0.0,-0.1786678939605071,27,-27,thymio-08
181,1788225283.3304307,0.2901423275470733,0.8878371715545654,0.4260789600647516,74.54412928013053,0.2901423275470733,0.1072029992938041,0.8878371715545654,0.0702029839158058,0.7556226253509521,0.615697979927063,0.212184265255928,5,1.0,-0.9857385622537552,0.1270476025507059,1.0,0,0,0.0,-0.0103576748320849,2,-2,thymio-08
182,1788225283.9338,10000.0,10000.0,0.0,74.54412928013053,0.2901423275470733,0.1072029992938041,0.8878371715545654,0.0702029839158058,0.7556226253509521,0.615697979927063,0.212184265255928,5,1.0,1.0,-1.0,1.0,0,0,0.03,-0.0055265950968968,107,106,thymio-08
183,1788225284.5366604,0.2821156084537506,0.8852158188819885,0.4135356480934198,74.54412928013053,0.2821156084537506,0.1074782013893127,0.8852158188819885,0.0638711377978324,0.7501702308654785,0.6178841590881348,0.2266809046268463,5,1.0,-0.7697768819789443,0.1295086974180048,-0.9866550394453014,0,0,0.0,0.4131744567520796,-62,62,thymio-08
184,1788225285.1444492,0.2821156084537506,0.8852158188819885,0.4135356480934198,74.44412928013054,0.2821156084537506,0.1074782013893127,0.8852158188819885,0.0638711377978324,0.7501702308654785,0.6178841590881348,0.2266809046268463,5,1.0,-0.7697768819789443,0.1295086974180048,-0.9866550394453014,0,0,0.0,0.2467091375779939,-37,37,thymio-08
185,1788225285.7528856,0.2647708654403686,0.8795493245124817,0.4169391006472618,74.34072377276244,0.2647708654403686,0.1074804067611694,0.8795493245124817,0.0757751390337944,0.7547447681427002,0.615997314453125,0.2125225216150283,5,1.0,-0.7827091701031121,0.1525698825445216,1.0,0,0,0.0116754568092744,0.1253869630568558,23,60,thymio-08
186,1788225286.3610682,0.2539197206497192,0.8884670734405518,0.3961840357945534,74.24072377276245,0.2539197206497192,0.1059878319501876,0.8884670734405518,0.1784195452928543,0.7821072936058044,0.5873488783836365,0.1072199493646621,5,1.0,-0.7905976422571572,0.1671995466602365,1.0,0,0,0.0100898739063113,0.4962655480536584,-39,111,thymio-08
187,1788225286.9693358,0.2451039552688598,0.8919302821159363,0.3709216419193097,74.14072377276246,0.2451039552688598,0.1078306660056114,0.8919302821159363,0.2312828749418258,0.7747510075569153,0.5860422849655151,0.053137868642807,5,1.0,-0.7855756840483483,0.1798512055656171,1.0,0,0,0.0110992875062819,-0.0945704631197989,54,25,thymio-08
188,1788225287.577243,0.2451039552688598,0.8919302821159363,0.3709216419193097,74.04072377276246,0.2451039552688598,0.1078306660056114,0.8919302821159363,0.2312828749418258,0.7747510075569153,0.5860422849655151,0.053137868642807,5,1.0,-0.7855756840483483,0.1798512055656171,1.0,0,0,0.0110992875062819,-0.0196598385497072,42,36,thymio-08
189,1788225288.185829,0.2255622446537017,0.9073732495307922,0.3601866876799477,73.9197821054243,0.2255622446537017,0.1080724149942398,0.9073732495307922,0.3111357390880584,0.7750046253204346,0.542726993560791,-0.0894977301359176,5,1.0,-0.7610614217896772,0.2079772126331764,1.0,0,0,0.0160266542202748,-0.1566792575745383,81,33,thymio-08
190,1788225288.7945354,0.2171743810176849,0.9115862846374512,0.3514891768848835,73.81978210542431,0.2171743810176849,0.1076303943991661,0.9115862846374512,0.3044973611831665,0.7798505425453186,0.5426675081253052,-0.0680187717080116,5,1.0,-0.7613019300785535,0.2222322229096986,1.0,0,0,0.0159783120542107,-0.14094756642655,78,35,thymio-08
191,1788225289.4035826,0.2171743810176849,0.9115862846374512,0.3514891768848835,73.71978210542431,0.2171743810176849,0.1076303943991661,0.9115862846374512,0.3044973611831665,0.7798505425453186,0.5426675081253052,-0.0680187717080116,5,1.0,-0.7613019300785535,0.2222322229096986,1.0,0,0,0.0159783120542107,-0.144199996669562,79,35,thymio-08
192,1788225290.0119932,0.202169120311737,0.9129704236984252,0.3488835005657669,73.61978210542432,0.202169120311737,0.1084014847874641,0.9129704236984252,0.2754548490047455,0.7773296236991882,0.5655759572982788,-0.0026475437916815,5,1.0,-0.7579247445668882,0.237929254569019,1.0,0,0,0.0166571263420554,-0.1503779307509105,82,36,thymio-08
193,1788225290.620217,0.1858880519866943,0.913384735584259,0.3519532971571317,73.51978210542433,0.1858880519866943,0.1080741509795188,0.913384735584259,0.2398290932178497,0.7766424417495728,0.5798282623291016,0.0557472519576549,5,1.0,-0.7470125875007978,0.2513733255616024,1.0,0,0,0.0188504699123396,-0.1539078945848849,90,44,thymio-08
194,1788225291.2290795,0.1747018098831176,0.9125066995620728,0.3670620789615615,73.41978210542433,0.1747018098831176,0.1082208901643753,0.9125066995620728,0.2095442414283752,0.7736825942993164,0.5912953615188599,0.0887493342161178,5,1.0,-0.743929483998111,0.2607917717950068,1.0,0,0,0.0194701737163796,-0.1398066120363505,90,48,thymio-08
195,1788225291.837301,0.1747018098831176,0.9125066995620728,0.3670620789615615,73.31978210542434,0.1747018098831176,0.1082208901643753,0.9125066995620728,0.2095442414283752,0.7736825942993164,0.5912953615188599,0.0887493342161178,5,1.0,-0.743929483998111,0.2607917717950068,1.0,0,0,0.0194701737163796,-0.0919864893234068,83,55,thymio-08
196,1788225292.445686,0.1573690921068191,0.9099200963974,0.3824422173425352,73.21715831285779,0.1573690921068191,0.1084217578172683,0.9099200963974,0.1741627901792526,0.7691302299499512,0.6021677255630493,0.1244993954896926,5,1.0,-0.990321199495042,-0.7204065830816806,1.0,0,0,0.0,0.0731134719531003,-11,11,thymio-08
197,1788225293.053722,0.1423896551132202,0.9065450429916382,0.4230234340982624,73.1171583128578,0.1423896551132202,0.1086416468024253,0.9065450429916382,0.1411892920732498,0.7711618542671204,0.6061007380485535,0.1342270523309707,5,1.0,1.0,-0.68762703284409,-0.9860415230311994,0,0,0.0,0.0624852852887851,-9,9,thymio-08
1,1788225504.676615,2.8409957885742188,1.4002540111541748,1.0129630564371477,100.0,2.8409957885742188,0.0912719890475273,1.4002540111541748,-0.0291971787810325,0.7345563769340515,0.6277557015419006,0.2559247016906738,5,-0.7401421484048789,-0.9679113331441924,1.0,1.0,0,0,0.0,0.5024486075952396,-76,76,thymio-09
2,1788225505.279607,3.026408672332764,-0.2523615956306457,0.2330681901826978,100.0,3.026408672332764,0.0760992839932441,-0.2523615956306457,-0.3151413798332214,0.5288727879524231,0.5431542992591858,0.5709316730499268,5,1.0,-0.6798558733982732,1.0,-0.7270732433122314,0,0,0.0069052155404531,0.1284777058722282,5,44,thymio-09
3,1788225505.8883314,3.019488573074341,-0.2501215934753418,0.7319260093738489,99.9,3.019488573074341,0.0762939676642417,-0.2501215934753418,-0.2393055707216262,0.607305109500885,0.5794203877449036,0.4880423843860626,5,-0.725222148458063,1.0,1.0,-0.6871036722344928,0,0,0.0273731776389918,0.5980352420977874,7,188,thymio-09
4,1788225506.496771,3.019488573074341,-0.2501215934753418,0.7319260093738489,99.8,3.019488573074341,0.0762939676642417,-0.2501215934753418,-0.2393055707216262,0.607305109500885,0.5794203877449036,0.4880423843860626,5,-0.725222148458063,1.0,1.0,-0.6871036722344928,0,0,0.058456667105852,0.6115166499358464,115,300,thymio-09
5,1788225507.0997424,10000.0,10000.0,0.0,99.8,3.019488573074341,0.0762939676642417,-0.2501215934753418,-0.2393055707216262,0.607305109500885,0.5794203877449036,0.4880423843860626,5,1.0,1.0,1.0,1.0,0,0,0.03,0.6260866096293191,12,201,thymio-09
6,1788225507.7030826,2.9728686809539795,-0.2617081701755523,1.01133934729007,99.8,2.9728686809539795,0.0756760463118553,-0.2617081701755523,-0.0406586192548275,0.7370405793190002,0.6179895997047424,0.2705678343772888,5,-0.7154429568510303,1.0,1.0,-0.7134224964862509,0,0,0.0673863074745137,0.0391076054956433,234,245,thymio-09
7,1788225508.3113546,2.9397072792053223,-0.2545276582241058,1.850196013159964,99.70000000000002,2.9397072792053223,0.0743947625160217,-0.2545276582241058,0.1749214828014373,-0.605899453163147,0.7516419291496277,-0.1931910514831543,5,-0.7347863277995018,1.0,1.0,-0.6929791715456666,0,0,0.0823820513405666,0.3397364431197787,241,344,thymio-09
8,1788225508.919983,2.9397072792053223,-0.2545276582241058,1.850196013159964,99.60000000000002,2.9397072792053223,0.0743947625160217,-0.2545276582241058,0.1749214828014373,-0.605899453163147,0.7516419291496277,-0.1931910514831543,5,-0.7347863277995018,1.0,1.0,-0.6929791715456666,0,0,-0.0213079481123001,0.1555424516435668,-99,-52,thymio-09
9,1788225509.5295782,2.867793083190918,-0.239543542265892,1.046429541006603,99.4628886153174,2.867793083190918,0.0760838314890861,-0.239543542265892,-0.1404738128185272,-0.7775094509124756,-0.6114051342010498,-0.0439319312572479,5,-0.7837224792133008,-0.6391441341471016,1.0,-0.6799309959143898,0,0,-0.0114717816781265,0.3404326741380007,-92,11,thymio-09
10,1788225510.1377373,2.845139503479004,-0.2280945926904678,1.0657276303632237,99.36288861531742,2.845139503479004,0.0755530223250389,-0.2280945926904678,0.1840611100196838,0.7753352522850037,0.6032165288925171,-0.0332675389945507,5,-0.7810510746371302,-0.6274706168796053,1.0,-0.6841905928889285,0,0,-0.0120087339979368,0.2793461880051368,-85,0,thymio-09
11,1788225510.7457292,2.860466480255127,-0.2296859174966812,0.9745800113939804,99.26288861531742,2.860466480255127,0.0772559344768524,-0.2296859174966812,0.2715762853622436,0.7636598348617554,0.5777463316917419,-0.0963284149765968,5,-0.756199196291353,-0.6581624875231705,1.0,-0.6664505841653778,0,0,-0.017003961545438,0.1327619198686124,-80,-40,thymio-09
12,1788225511.3541112,2.860466480255127,-0.2296859174966812,0.9745800113939804,99.16288861531744,2.860466480255127,0.0772559344768524,-0.2296859174966812,0.2715762853622436,0.7636598348617554,0.5777463316917419,-0.0963284149765968,5,-0.756199196291353,-0.6581624875231705,1.0,-0.6664505841653778,0,0,-0.017003961545438,0.2660843262764672,-101,-20,thymio-09
13,1788225511.963173,2.870456457138061,-0.2321531325578689,0.898267175218793,99.06288861531743,2.870456457138061,0.0784736648201942,-0.2321531325578689,-0.3315742313861847,-0.754718542098999,-0.5444175601005554,0.155139222741127,5,-0.7418679622744128,-0.670813036890404,1.0,-0.6519018922768991,0,0,-0.019884539582843,0.3277691831014079,-120,-21,thymio-09
14,1788225512.57101,2.8936939239501958,-0.2505808770656585,0.8417516248199326,98.96288861531744,2.8936939239501958,0.0754007846117019,-0.2505808770656585,-0.3902497291564941,-0.719186544418335,-0.5080199241638184,0.2690569460391998,5,-0.703804358748686,-0.7002495509726208,1.0,-0.6298643788279881,0,0,-0.0275353238915141,-0.0156356262706312,-95,-100,thymio-09
15,1788225513.1791005,2.8936939239501958,-0.2505808770656585,0.8417516248199326,98.86288861531744,2.8936939239501958,0.0754007846117019,-0.2505808770656585,-0.3902497291564941,-0.719186544418335,-0.5080199241638184,0.2690569460391998,5,-0.703804358748686,-0.7002495509726208,1.0,-0.6298643788279881,0,0,-0.0275353238915141,0.1736797691264412,-124,-72,thymio-09
16,1788225513.7872615,2.9023425579071045,-0.2647266089916229,0.7914630032538383,98.76288861531744,2.9023425579071045,0.0750664621591568,-0.2647266089916229,-0.4099337160587311,-0.7066438794136047,-0.4867512881755829,0.3093250691890716,5,-0.6831039263889085,-0.7130832364372771,1.0,-0.6335001679923775,0,0,-0.0256702694761073,0.1875150376152128,-120,-63,thymio-09
17,1788225514.3952882,2.9023425579071045,-0.2647266089916229,0.7914630032538383,98.66288861531746,2.9023425579071045,0.0750664621591568,-0.2647266089916229,-0.4099337160587311,-0.7066438794136047,-0.4867512881755829,0.3093250691890716,5,-0.6831039263889085,-0.7130832364372771,1.0,-0.6335001679923775,0,0,-0.0256702694761073,0.1553313162213043,-115,-68,thymio-09
18,1788225515.00344,2.91591739654541,-0.2922765910625458,0.6868907774643853,98.56288861531746,2.91591739654541,0.0755807161331176,-0.2922765910625458,-0.4347621500492096,-0.6969178915023804,-0.4653418660163879,0.3297639787197113,5,-0.6429946264783366,-0.731981800532904,1.0,-0.6270192820571829,0,0,-0.0218716580928862,0.1576040449311919,-102,-54,thymio-09
19,1788225515.611412,2.930516004562378,-0.3297342956066131,0.401026449640347,98.46288861531748,2.930516004562378,0.0750917121767997,-0.3297342956066131,-0.4791448712348938,-0.6605777740478516,-0.4208182394504547,0.3961935043334961,5,-0.5874775883298486,-0.7337026415851109,1.0,-0.646414372043487,0,0,-0.0215257690413927,0.1615265638256423,-101,-52,thymio-09
20,1788225516.219112,2.930516004562378,-0.3297342956066131,0.401026449640347,98.36288861531747,2.930516004562378,0.0750917121767997,-0.3297342956066131,-0.4791448712348938,-0.6605777740478516,-0.4208182394504547,0.3961935043334961,5,-0.5874775883298486,-0.7337026415851109,1.0,-0.646414372043487,0,0,-0.0215257690413927,0.1741488695069276,-103,-50,thymio-09
21,1788225516.8271856,2.9335899353027344,-0.3497822284698486,0.2040951215681841,98.26288861531748,2.9335899353027344,0.0752360522747039,-0.3497822284698486,-0.4966271817684173,-0.6412268877029419,-0.4005086719989776,0.426359623670578,5,-0.5537173713555591,-0.72482409383502,1.0,-0.6699990407525815,0,0,-0.0233103571391609,0.2048548861208747,-114,-52,thymio-09
22,1788225517.4367647,2.935654401779175,-0.3728886544704437,-0.2153538354943536,98.16288861531748,2.935654401779175,0.0756727382540702,-0.3728886544704437,0.5221994519233704,0.6145428419113159,0.3566542863845825,-0.4716381430625915,5,-0.51318536884718,-0.6994227712316814,-0.7140246267432648,-0.547506525016205,0,0,-0.0254810500246037,0.126012309371008,-110,-72,thymio-09
23,1788225518.045488,2.9343931674957275,-0.4003371596336365,-0.7066055372673392,98.06288861531748,2.9343931674957275,0.0765895172953605,-0.4003371596336365,0.5567761659622192,0.5745822787284851,0.2969085574150085,-0.5212494730949402,5,1.0,-0.7300975866935183,-0.702698198908748,-0.4789233553783962,0,0,-0.0222503850746028,0.2438149651776777,-116,-42,thymio-09
24,1788225518.653646,2.9343931674957275,-0.4003371596336365,-0.7066055372673392,97.9628886153175,2.9343931674957275,0.0765895172953605,-0.4003371596336365,0.5567761659622192,0.5745822787284851,0.2969085574150085,-0.5212494730949402,5,1.0,-0.7300975866935183,-0.702698198908748,-0.4789233553783962,0,0,0.0222503850746028,0.0521858132444312,71,87,thymio-09
25,1788225519.2623668,2.928462505340576,-0.426104724407196,-0.973280712910844,97.8628886153175,2.928462505340576,0.0753285959362983,-0.426104724407196,0.5660218000411987,0.5388758778572083,0.2744532823562622,-0.5602745413780212,5,1.0,-0.7538522515222494,-0.6940564962696859,-0.4661084108581277,0,0,0.0174756974440278,0.0033584689466456,62,63,thymio-09
26,1788225519.8706625,2.928462505340576,-0.426104724407196,-0.973280712910844,97.76288861531752,2.928462505340576,0.0753285959362983,-0.426104724407196,0.5660218000411987,0.5388758778572083,0.2744532823562622,-0.5602745413780212,5,1.0,-0.7538522515222494,-0.6940564962696859,-0.4661084108581277,0,0,0.0174756974440278,0.052252250350229,54,70,thymio-09
27,1788225520.479437,2.9284374713897705,-0.4322076141834259,-1.1312773773150937,97.66288861531751,2.9284374713897705,0.0749033167958259,-0.4322076141834259,0.5768213868141174,0.508923351764679,0.2531649172306061,-0.5866699814796448,5,1.0,-0.7658101763499086,-0.7006058211172459,-0.4525017870245105,0,0,0.0150721545536683,0.1262132109646697,34,73,thymio-09
28,1788225521.087441,2.9463255405426025,-0.403129905462265,-1.2073901102467386,97.56288861531752,2.9463255405426025,0.0750173404812812,-0.403129905462265,0.5826457142829895,0.4905120134353637,0.2406336069107055,-0.6016789078712463,5,-0.6832210281604023,-0.7606619051091179,1.0,-0.3327088791499918,0,0,0.0161069570730672,0.5730902146460559,-29,144,thymio-09
29,1788225521.6957386,2.9600629806518555,-0.3921997249126434,-1.3615114218063669,97.46288861531752,2.9600629806518555,0.075210727751255,-0.3921997249126434,-0.6010909676551819,-0.4276646971702575,-0.1803046017885208,0.6506019830703735,5,-0.6689325416428487,-0.7590834608224062,1.0,-0.2310394864586091,0,0,0.0164242243746963,0.1592120297669084,34,82,thymio-09
30,1788225522.3042462,2.9600629806518555,-0.3921997249126434,-1.3615114218063669,97.36288861531752,2.9600629806518555,0.075210727751255,-0.3921997249126434,-0.6010909676551819,-0.4276646971702575,-0.1803046017885208,0.6506019830703735,5,-0.6689325416428487,-0.7590834608224062,1.0,-0.2310394864586091,0,0,0.0164242243746963,0.351905506707171,5,111,thymio-09
31,1788225522.9118176,2.9745376110076904,-0.3899461030960083,-1.468940026472813,97.26288861531754,2.9745376110076904,0.0747112855315208,-0.3899461030960083,-0.6219329833984375,-0.3257173299789428,-0.0877449363470077,0.7066883444786072,5,-0.657103757309891,-0.7638908931492164,1.0,-0.1289033506252833,0,0,0.0154579304770074,0.4837489659878839,-18,128,thymio-09
32,1788225523.5210652,2.989591598510742,-0.3895655572414398,-1.5005103113416909,97.16288861531754,2.989591598510742,0.0748721435666084,-0.3895655572414398,-0.630977988243103,-0.242792546749115,-0.0112744523212313,0.7367438673973083,5,-0.7139695691047209,-0.769964708296981,1.0,-0.0252886740169562,0,0,-0.0142370936323067,0.6051090135144631,-142,41,thymio-09
33,1788225524.129447,2.989591598510742,-0.3895655572414398,-1.5005103113416909,97.06288861531756,2.989591598510742,0.0748721435666084,-0.3895655572414398,-0.630977988243103,-0.242792546749115,-0.0112744523212313,0.7367438673973083,5,-0.7139695691047209,-0.769964708296981,1.0,-0.0252886740169562,0,0,-0.0142370936323067,0.628034221788766,-145,44,thymio-09
34,1788225524.7385266,2.9989328384399414,-0.3981955349445343,-1.5587798820557817,96.96288861531757,2.9989328384399414,0.0734476819634437,-0.3981955349445343,0.6250168085098267,0.0528730452060699,-0.1232466846704483,-0.7690050005912781,5,-0.7695462909338773,-0.7809101520292012,1.0,1.0,0,0,-0.0120370594421305,0.6283185095614046,-138,52,thymio-09
35,1788225525.347018,2.979060173034668,-0.405318021774292,-1.4703795603511602,96.86288861531756,2.979060173034668,0.0746757984161377,-0.405318021774292,0.5603470802307129,-0.1601710170507431,-0.3028697073459625,-0.7540732026100159,5,-0.7250225315542946,-0.800487156823113,1.0,0.2182318223814288,0,0,-0.0081020814785542,0.6189761025535981,-122,65,thymio-09
36,1788225525.955473,2.979060173034668,-0.405318021774292,-1.4703795603511602,96.76288861531756,2.979060173034668,0.0746757984161377,-0.405318021774292,0.5603470802307129,-0.1601710170507431,-0.3028697073459625,-0.7540732026100159,5,-0.7250225315542946,-0.800487156823113,1.0,0.2182318223814288,0,0,-0.0081020814785542,0.6283023668564863,-124,66,thymio-09
37,1788225526.563871,2.963275909423828,-0.4036397933959961,-1.2179460272570095,96.66288861531756,2.963275909423828,0.0747156143188476,-0.4036397933959961,0.4683069586753845,-0.3410155177116394,-0.4280003905296325,-0.6936950087547302,5,-0.6915716180940854,-0.8076379380525512,1.0,0.2991474653219657,0,0,-0.0066647744514371,0.628317198876825,-119,71,thymio-09
38,1788225527.172444,2.948741912841797,-0.3970030546188354,0.1472763740774105,96.56288861531758,2.948741912841797,0.0754918828606605,-0.3970030546188354,0.3317972123622894,-0.5217298865318298,-0.5328117609024048,-0.5777718424797058,5,1.0,1.0,-0.6798973574400324,-0.8172995253196855,0,0,-0.0047227954107431,0.5592003037904372,-101,68,thymio-09
39,1788225527.780797,2.948741912841797,-0.3970030546188354,0.1472763740774105,96.46288861531758,2.948741912841797,0.0754918828606605,-0.3970030546188354,0.3317972123622894,-0.5217298865318298,-0.5328117609024048,-0.5777718424797058,5,1.0,1.0,1.0,-0.8172995253196855,0,0,-0.0047227954107431,0.6283119857589285,-112,78,thymio-09
40,1788225528.3885765,2.940915107727051,-0.3825202882289886,0.8678928270418815,96.3628886153176,2.940915107727051,0.0752692744135856,-0.3825202882289886,0.177403524518013,-0.656193733215332,-0.5942465662956238,-0.4298941195011139,5,0.483291880456713,1.0,-0.6870165456352738,-0.8177885955274878,0,0,0.0051353364398887,0.5827484843629667,-70,106,thymio-09
41,1788225528.9966228,2.94000244140625,-0.3625563681125641,1.0641573347778337,96.2628886153176,2.94000244140625,0.073382019996643,-0.3625563681125641,-0.0464852303266525,-0.7625319361686707,-0.6287981271743774,-0.144904226064682,5,0.6178186487511272,1.0,-0.6982605999114251,-0.8156844035341493,0,0,0.0100068169887472,0.6180839899456129,-58,129,thymio-09
42,1788225529.6045487,2.94000244140625,-0.3625563681125641,1.0641573347778337,96.1628886153176,2.94000244140625,0.073382019996643,-0.3625563681125641,-0.0464852303266525,-0.7625319361686707,-0.6287981271743774,-0.144904226064682,5,0.6178186487511272,1.0,-0.6982605999114251,-0.8156844035341493,0,0,0.011571947767266,0.6221036065535234,-53,135,thymio-09
43,1788225530.2123983,2.9388885498046875,-0.3524968922138214,1.0402301075011475,96.0628886153176,2.9388885498046875,0.0745671540498733,-0.3524968922138214,-0.1786146759986877,-0.7750020027160645,-0.6061819791793823,0.0034992690198123,5,0.701858129503476,1.0,-0.6777605509376607,-0.814916824324516,0,0,0.0099692597623359,0.6099452926938309,-57,128,thymio-09
44,1788225530.8204346,2.9428365230560303,-0.3298066854476928,0.8495494028266903,95.9628886153176,2.9428365230560303,0.0748815909028053,-0.3298066854476928,-0.3879741728305816,-0.7195309400558472,-0.5094232559204102,0.2687735259532928,5,0.8468956890127866,1.0,-0.6235543760584896,-0.7996777132944127,0,0,0.0105177296574103,0.5852404792733432,-51,126,thymio-09
45,1788225531.4284286,2.952911376953125,-0.3197900652885437,0.1689846857043448,95.86288861531762,2.952911376953125,0.0752338171005249,-0.3197900652885437,-0.5000617504119873,-0.6388673782348633,-0.3971723020076751,0.4290000796318054,5,1.0,0.2999777635659046,-0.6057751793754163,-0.7815992474952509,0,0,0.0244887204439534,0.6223136631736825,-7,181,thymio-09
46,1788225532.037105,2.952911376953125,-0.3197900652885437,0.1689846857043448,95.76288861531762,2.952911376953125,0.0752338171005249,-0.3197900652885437,-0.5000617504119873,-0.6388673782348633,-0.3971723020076751,0.4290000796318054,5,1.0,1.0,-0.6057751793754163,-0.7815992474952509,0,0,-0.0061388912710943,0.6280640700405538,-117,73,thymio-09
47,1788225532.6457584,2.9603431224823,-0.3163797855377197,-0.5757420443869301,95.66288861531764,2.9603431224823,0.0765300169587135,-0.3163797855377197,-0.5501844882965088,-0.5880956649780273,-0.3122181892395019,0.5039448142051697,5,-0.5980146983392144,-0.7776686318848354,1.0,1.0,0,0,0.0398057547029296,0.6182658504612771,48,235,thymio-09
48,1788225533.2543554,2.9816739559173584,-0.3146462440490722,-1.4633854587884332,95.56288861531765,2.9816739559173584,0.0747225433588028,-0.3146462440490722,-0.6204972267150879,-0.3389834761619568,-0.1023751944303512,0.6997090578079224,5,-0.5854053813565527,-0.7489500682805452,0.2606924630477463,1.0,0,0,0.0581672063771038,0.6279514266733629,112,301,thymio-09
49,1788225533.8623135,2.9816739559173584,-0.3146462440490722,-1.4633854587884332,95.46288861531764,2.9816739559173584,0.0747225433588028,-0.3146462440490722,-0.6204972267150879,-0.3389834761619568,-0.1023751944303512,0.6997090578079224,5,-0.5854053813565527,-0.7489500682805452,0.2606924630477463,1.0,0,0,-0.0184610362756103,0.6275542343348856,-160,29,thymio-09
50,1788225534.4705112,3.0017330646514893,-0.3199155628681183,-2.341363043637692,95.36288861531764,3.0017330646514893,0.0745429992675781,-0.3199155628681183,-0.7581222057342529,0.2681075036525726,0.0694447383284568,-0.5903782248497009,5,1.0,1.0,-0.7333920057039196,-0.5978480428048569,0,0,-0.0215882068535121,0.2538028418127749,-115,-38,thymio-09
51,1788225535.079095,3.0017330646514893,-0.3199155628681183,-2.341363043637692,95.26288861531764,3.0017330646514893,0.0745429992675781,-0.3199155628681183,-0.7581222057342529,0.2681075036525726,0.0694447383284568,-0.5903782248497009,5,1.0,1.0,-0.7333920057039196,-0.5978480428048569,0,0,-0.0215882068535121,0.6188600113625471,-170,17,thymio-09
52,1788225535.687605,3.037630319595337,-0.3384293913841247,-1.5039328893601815,95.16288861531766,3.037630319595337,0.0748884677886962,-0.3384293913841247,0.5893083810806274,-0.080864667892456,-0.2460265010595321,-0.7652761340141296,5,-0.6472445795309332,-0.7248417493095076,0.2949276367763376,1.0,0,0,-0.0233068083887889,0.6145201276240745,-176,10,thymio-09
53,1788225536.2964942,3.005941390991211,-0.325055330991745,-1.3291157060295968,95.05012335153113,3.005941390991211,0.0751558169722557,-0.325055330991745,0.4977433085441589,-0.2870781421661377,-0.3937946856021881,-0.7174702286720276,5,-0.6402006762788182,-0.7830477124800334,0.3174928003569361,1.0,0,0,0.0441811024393318,0.6279643182601042,62,252,thymio-09
54,1788225536.9052184,3.005941390991211,-0.325055330991745,-1.3291157060295968,94.95012335153112,3.005941390991211,0.0751558169722557,-0.325055330991745,0.4977433085441589,-0.2870781421661377,-0.3937946856021881,-0.7174702286720276,5,-0.6402006762788182,-0.7830477124800334,0.3174928003569361,1.0,2415,0,-0.08,0.5250691333685297,-364,-205,thymio-09
55,1788225537.5150309,2.98659610748291,-0.3145128488540649,2.796109079844179,94.85012335153112,2.98659610748291,0.0759702920913696,-0.3145128488540649,0.4169265031814575,0.3111369907855987,-0.6525726318359375,0.5509220957756042,5,-0.8206361650913572,1.0,1.0,-0.5680654090052997,0,0,-0.0040521308166372,0.0174289497781706,-17,-12,thymio-09
56,1788225538.1230216,2.98659610748291,-0.3145128488540649,2.796109079844179,94.75012335153112,2.98659610748291,0.0759702920913696,-0.3145128488540649,0.4169265031814575,0.3111369907855987,-0.6525726318359375,0.5509220957756042,5,-0.8206361650913572,1.0,1.0,-0.5680654090052997,0,0,-0.0040521308166372,0.1367372660669326,-35,6,thymio-09
57,1788225538.731083,2.9860928058624268,-0.2975131571292877,0.6532788990861182,94.65012335153114,2.9860928058624268,0.0761927738785743,-0.2975131571292877,0.2622213363647461,-0.5881876349449158,-0.5711249113082886,-0.5090104341506958,5,1.0,1.0,-0.5018646503727149,-0.8109073158800313,0,0,-0.0060076295081136,0.2481138638599518,-59,16,thymio-09
58,1788225539.3398566,2.994277000427246,-0.2785264253616333,0.7576124473710664,94.55012335153114,2.994277000427246,0.0760924741625785,-0.2785264253616333,0.2273773252964019,-0.6145479679107666,-0.5851488709449768,-0.4777354001998901,5,1.0,-0.4285629096823263,1.0,-0.7717419506500689,0,0,0.0554185814016519,0.5548237337598573,113,281,thymio-09
59,1788225539.9477744,2.994277000427246,-0.2785264253616333,0.7576124473710664,94.45012335153116,2.994277000427246,0.0760924741625785,-0.2785264253616333,0.2273773252964019,-0.6145479679107666,-0.5851488709449768,-0.4777354001998901,5,1.0,-0.4285629096823263,1.0,-0.7717419506500689,0,0,0.0532389893630381,-0.2502329559619086,227,151,thymio-09
60,1788225540.5511234,10000.0,10000.0,0.0,94.45012335153116,2.994277000427246,0.0760924741625785,-0.2785264253616333,0.2273773252964019,-0.6145479679107666,-0.5851488709449768,-0.4777354001998901,5,1.0,1.0,-1.0,1.0,0,0,0.03,-0.2411336020721143,143,70,thymio-09
61,1788225541.1547992,2.935948848724365,-0.3008047044277191,0.9900740857654676,94.45012335153116,2.935948848724365,0.0751683935523033,-0.3008047044277191,0.1178229749202728,-0.7037912011146545,-0.6099469661712646,-0.3446164727210998,5,0.8962897606161455,1.0,1.0,-0.8098775702267443,0,0,0.0225142162994605,-0.1504792182070058,103,57,thymio-09
62,1788225541.762976,2.921877145767212,-0.3156732022762298,0.9342491468895116,94.35012335153117,2.921877145767212,0.0755177289247512,-0.3156732022762298,0.1523409336805343,-0.6796222925186157,-0.60053950548172,-0.3927569985389709,5,0.8724715431216117,1.0,1.0,-0.7929143273554533,0,0,0.0005962995262889,0.0118462990931878,0,4,thymio-09
63,1788225542.3715727,2.921877145767212,-0.3156732022762298,0.9342491468895116,94.25012335153116,2.921877145767212,0.0755177289247512,-0.3156732022762298,0.1523409336805343,-0.6796222925186157,-0.60053950548172,-0.3927569985389709,5,0.8724715431216117,1.0,1.0,-0.7929143273554533,0,0,-0.0123616481683658,0.534685974171668,-125,37,thymio-09
64,1788225542.979914,2.914395570755005,-0.3257836103439331,0.8811197391488967,94.15012335153116,2.914395570755005,0.0761307626962661,-0.3257836103439331,0.1754143834114074,-0.65650475025177,-0.6002677083015442,-0.4217937588691711,5,0.8548402722022177,-0.7888456747878946,1.0,0.3086653535145203,0,0,0.0039568538046085,0.6112011267770943,-78,106,thymio-09
65,1788225543.5899122,2.908162832260132,-0.3294267356395721,0.9706470915112676,94.05012335153116,2.908162832260132,0.0756754204630851,-0.3294267356395721,0.1322047859430313,-0.6918304562568665,-0.6107069849967957,-0.361842006444931,5,0.8586875893198598,1.0,1.0,-0.8053679026438101,0,0,-0.0069446906743351,0.6151262497573252,-118,68,thymio-09
66,1788225544.1988409,2.908162832260132,-0.3294267356395721,0.9706470915112676,93.95012335153118,2.908162832260132,0.0756754204630851,-0.3294267356395721,0.1322047859430313,-0.6918304562568665,-0.6107069849967957,-0.361842006444931,5,0.8586875893198598,1.0,1.0,-0.8053679026438101,0,0,-0.0074172421604922,0.6249269603021861,-121,68,thymio-09
67,1788225544.808546,2.9044017791748047,-0.3175926804542541,1.02397374185362,93.85012335153118,2.9044017791748047,0.0765786692500114,-0.3175926804542541,-0.0419570468366146,-0.7584818601608276,-0.6251062750816345,-0.1794074475765228,5,0.8750855659661765,1.0,1.0,-0.979156557300538,0,0,-0.0,0.626100782022913,-95,95,thymio-09
68,1788225545.4170666,2.9133834838867188,-0.3052123785018921,1.054166947300013,93.7501233515312,2.9133834838867188,0.0747215002775192,-0.3052123785018921,-0.1818306297063827,-0.7740626335144043,-0.6061174869537354,0.0196576137095689,5,0.928100676937058,1.0,1.0,-0.9695529117590324,0,0,-0.0,0.6277261036560593,-95,95,thymio-09
69,1788225546.0261605,2.9314706325531006,-0.2929443120956421,0.7866586794406234,93.6501233515312,2.9314706325531006,0.0752306431531906,-0.2929443120956421,0.4085568785667419,0.7119979858398438,0.4921653568744659,-0.2896783053874969,5,1.0,1.0,1.0,-0.969064967958177,0,2463,0.08,0.6283141613636439,189,379,thymio-09
70,1788225546.6339364,2.9437592029571533,-0.2616829574108124,-0.106320315814921,93.5501233515312,2.9437592029571533,0.0758755579590797,-0.2616829574108124,0.5196794271469116,0.6212776899337769,0.3687205612659454,-0.4560621082782745,5,1.0,-0.939636913597008,1.0,0.9359462657647462,0,1867,-0.0,0.6251987119688835,-94,94,thymio-09
71,1788225547.2426643,2.9437592029571533,-0.2616829574108124,-0.106320315814921,93.4501233515312,2.9437592029571533,0.0758755579590797,-0.2616829574108124,0.5196794271469116,0.6212776899337769,0.3687205612659454,-0.4560621082782745,5,1.0,-0.8023085218690339,1.0,0.9359462657647462,0,0,-0.0207233320535398,0.6283159471846191,-169,21,thymio-09
72,1788225547.851059,2.9532101154327397,-0.2434726804494857,-0.8976946081844384,93.3501233515312,2.9532101154327397,0.0755027160048484,-0.2434726804494857,0.5613090395927429,0.5479808449745178,0.2986210584640503,-0.5435758233070374,5,1.0,0.8951841976703336,-0.7887103199617265,1.0,0,0,-0.0160551691711116,0.6222321553312343,-151,37,thymio-09
73,1788225548.459841,2.9532101154327397,-0.2434726804494857,-0.8976946081844384,93.25012335153122,2.9532101154327397,0.0755027160048484,-0.2434726804494857,0.5613090395927429,0.5479808449745178,0.2986210584640503,-0.5435758233070374,5,1.0,0.8951841976703336,-0.7887103199617265,1.0,0,0,-0.0044842308216984,0.6238844782127027,-110,78,thymio-09
74,1788225549.0681918,2.952159881591797,-0.2708799839019775,-1.4940387711353686,93.15012335153122,2.952159881591797,0.076128751039505,-0.2708799839019775,0.6320549845695496,0.2669546008110046,0.034633744508028,-0.726665198802948,5,1.0,0.76914965166677,-0.8135714961121152,1.0,0,0,0.0035985004328344,0.6145936874819469,-80,106,thymio-09
75,1788225549.676191,2.952159881591797,-0.2708799839019775,-1.4940387711353686,93.05012335153124,2.952159881591797,0.076128751039505,-0.2708799839019775,0.6320549845695496,0.2669546008110046,0.034633744508028,-0.726665198802948,5,1.0,0.76914965166677,-0.8135714961121152,1.0,2082,0,-0.08,0.6258464689272878,-379,-190,thymio-09
76,1788225550.2848384,2.944445848464966,-0.2883588969707489,-1.5268867762849565,92.95012335153125,2.944445848464966,0.0754468739032745,-0.2883588969707489,-0.6159855127334595,-0.0152437109500169,0.1711478382349014,0.7687899470329285,5,1.0,0.7162612880578108,-0.8249178150647197,1.0,0,0,-0.0010374443870101,0.6267959699848977,-98,91,thymio-09
77,1788225550.8935268,2.9044299125671387,-0.272144615650177,-1.4535665768811554,92.7608169071129,2.9044299125671387,0.0760779231786727,-0.272144615650177,-0.5476700067520142,0.2017174065113067,0.3291831016540527,0.7422979474067688,5,1.0,0.6666335491784681,-0.7615749688521207,1.0,0,0,-0.0213835631407074,0.6268008740605003,-171,19,thymio-09
78,1788225551.5014586,2.9044299125671387,-0.272144615650177,-1.4535665768811554,92.6608169071129,2.9044299125671387,0.0760779231786727,-0.272144615650177,-0.5476700067520142,0.2017174065113067,0.3291831016540527,0.7422979474067688,5,1.0,0.6666335491784681,-0.7615749688521207,1.0,0,0,-0.0434813728080598,0.6256260204317151,-249,-60,thymio-09
79,1788225552.1099684,2.890589475631714,-0.269521415233612,-1.1933635630548332,92.56081690711292,2.890589475631714,0.0764820203185081,-0.269521415233612,-0.4595851600170135,0.3523426353931427,0.4316896200180053,0.6915781497955322,5,1.0,0.6839760097123289,-0.7458408705262085,1.0,0,0,-0.0673694810062803,0.5938782140661397,-329,-150,thymio-09
80,1788225552.7183974,2.87597131729126,-0.2395283877849578,0.3319264575473424,92.46081690711291,2.87597131729126,0.0766189023852348,-0.2395283877849578,0.3129533529281616,-0.53987717628479,-0.5455510020256042,-0.5594344735145569,5,1.0,-0.6912071702717075,1.0,0.7339770500230074,0,0,-0.066591112505121,0.5424388342399508,-319,-155,thymio-09
81,1788225553.3264496,2.87597131729126,-0.2395283877849578,0.3319264575473424,92.36081690711292,2.87597131729126,0.0766189023852348,-0.2395283877849578,0.3129533529281616,-0.53987717628479,-0.5455510020256042,-0.5594344735145569,5,1.0,-0.6912071702717075,1.0,0.7339770500230074,0,0,-0.0844432911356943,0.6061163104346485,-392,-209,thymio-09
82,1788225553.934699,2.8795101642608643,-0.2191278636455536,0.6527506337646978,92.26081690711293,2.8795101642608643,0.0775833800435066,-0.2191278636455536,0.2555761635303497,-0.5903454422950745,-0.5727513432502747,-0.5080639123916626,5,1.0,-0.6767390013049487,1.0,0.858341308476702,0,0,0.0329754607377053,0.6239154031081531,23,211,thymio-09
83,1788225554.5430548,2.9841058254241943,-0.1264227777719497,1.051648362842441,92.16081690711292,2.9841058254241943,0.0764851048588752,-0.1264227777719497,-0.0102619202807545,-0.7629764080047607,-0.6158450245857239,-0.1962058544158935,5,1.0,1.0,1.0,-0.5854900366598936,0,0,0.05,0.5613615046797368,93,262,thymio-09
84,1788225555.1510017,2.9841058254241943,-0.1264227777719497,1.051648362842441,92.06081690711294,2.9841058254241943,0.0764851048588752,-0.1264227777719497,-0.0102619202807545,-0.7629764080047607,-0.6158450245857239,-0.1962058544158935,5,1.0,1.0,1.0,-0.5652633220011876,0,0,0.05,0.6137327441359903,85,270,thymio-09
85,1788225555.759183,2.9717304706573486,-0.1146248579025268,1.0526105806693042,91.96081690711294,2.9717304706573486,0.0767836794257164,-0.1146248579025268,-0.12291070073843,-0.7837373614311218,-0.6056821942329407,-0.0616265311837196,5,1.0,1.0,1.0,-0.5506154142263515,0,0,0.05,0.6220554171696345,84,272,thymio-09
86,1788225556.3685122,2.9717304706573486,-0.1146248579025268,1.0526105806693042,91.86081690711296,2.9717304706573486,0.0767836794257164,-0.1146248579025268,-0.12291070073843,-0.7837373614311218,-0.6056821942329407,-0.0616265311837196,5,1.0,1.0,1.0,-0.5506154142263515,0,0,-0.088515088811044,0.6240156178002517,-409,-220,thymio-09
87,1788225556.97708,2.9193239212036133,-0.0561563707888126,0.9310574236815992,91.56327638251224,2.9193239212036133,0.0793250352144241,-0.0561563707888126,0.344153881072998,0.75003582239151,0.5080538392066956,-0.2467502653598785,5,0.9949875711238968,1.0,1.0,-0.4642275305065005,0,0,-0.1250595864817326,0.6278288686127171,-500,-350,thymio-09
88,1788225557.5859425,2.9193239212036133,-0.0561563707888126,0.9310574236815992,91.46327638251223,2.9193239212036133,0.0793250352144241,-0.0561563707888126,0.344153881072998,0.75003582239151,0.5080538392066956,-0.2467502653598785,5,0.9949875711238968,1.0,1.0,-0.4642275305065005,0,0,-0.1395282120311861,0.6247597668003134,-500,-401,thymio-09
89,1788225558.193828,2.9434561729431152,-0.13040192425251,0.2746085073557718,91.36327638251224,2.9434561729431152,0.0768728777766227,-0.13040192425251,-0.4925892651081085,-0.6577123999595642,-0.4004189372062683,0.4055057764053345,5,1.0,-0.5543924932679527,1.0,0.9726191548950482,0,0,-0.1850087881967123,0.6281538969891945,-500,-500,thymio-09
90,1788225558.8022397,2.9359586238861084,-0.2639676928520202,-0.3205226167385797,91.20138460329473,2.9359586238861084,0.0761738494038581,-0.2639676928520202,-0.5271252393722534,-0.60550457239151,-0.3497506380081177,0.4828848838806152,5,1.0,-0.6952768857261507,1.0,0.8780266608830525,0,0,-0.1127302657387515,0.6279708136860863,-495,-306,thymio-09
91,1788225559.4107924,2.9359586238861084,-0.2639676928520202,-0.3205226167385797,91.10138460329472,2.9359586238861084,0.0761738494038581,-0.2639676928520202,-0.5271252393722534,-0.60550457239151,-0.3497506380081177,0.4828848838806152,5,1.0,-0.6952768857261507,1.0,0.8780266608830525,0,2761,0.08,0.6280743857206268,189,379,thymio-09
92,1788225560.0186715,2.9167027473449707,-0.3764390349388122,-0.7380642622056062,90.91186734691728,2.9167027473449707,0.0757804289460182,-0.3764390349388122,-0.5488824248313904,-0.5701820850372314,-0.3072274625301361,0.5284239053726196,5,1.0,0.1062915115222544,-0.8155886276867862,0.7699941276751334,0,0,0.0050666858349559,0.6185124806527015,-75,111,thymio-09
93,1788225560.6271906,2.9167027473449707,-0.3764390349388122,-0.7380642622056062,90.8118673469173,2.9167027473449707,0.0757804289460182,-0.3764390349388122,-0.5488824248313904,-0.5701820850372314,-0.3072274625301361,0.5284239053726196,5,1.0,0.1062915115222544,-0.8155886276867862,0.7699941276751334,0,0,0.0050666858349559,0.6122457330607431,-74,110,thymio-09
94,1788225561.2358522,2.938868284225464,-0.375382512807846,-1.3768698879617145,90.7118673469173,2.938868284225464,0.075300857424736,-0.375382512807846,-0.6048809885978699,-0.415309339761734,-0.166463628411293,0.6587314009666443,5,1.0,0.1903517180956311,-0.765841932188732,1.0,0,0,0.0150657716300648,0.5484541433249353,-29,136,thymio-09
95,1788225561.8437622,2.938868284225464,-0.375382512807846,-1.3768698879617145,90.61186734691732,2.938868284225464,0.075300857424736,-0.375382512807846,-0.6048809885978699,-0.415309339761734,-0.166463628411293,0.6587314009666443,5,1.0,0.1903517180956311,-0.765841932188732,1.0,0,0,-0.0464970121359683,0.5418870623805466,-247,-83,thymio-09
96,1788225562.4516315,2.952226400375366,-0.3885429203510284,-1.5313591647755338,90.51186734691731,2.952226400375366,0.0750424712896347,-0.3885429203510284,0.6339165568351746,0.1632157415151596,-0.0469334572553634,-0.7545247673988342,5,1.0,0.5896661696037746,-0.7601853662967104,1.0,0,0,-0.0320959458345698,0.5706195869148705,-200,-28,thymio-09
97,1788225563.059652,2.9390623569488525,-0.3954456746578216,-1.5198837588470286,90.41186734691732,2.9390623569488525,0.075161188840866,-0.3954456746578216,0.6097128987312317,-0.0081186322495341,-0.1915188133716583,-0.7690935134887695,5,1.0,0.5337584835338673,-0.7461718354859694,1.0,0,0,-0.0174842097168007,0.6021488353069768,-153,29,thymio-09
98,1788225563.668415,2.9390623569488525,-0.3954456746578216,-1.5198837588470286,90.31186734691732,2.9390623569488525,0.075161188840866,-0.3954456746578216,0.6097128987312317,-0.0081186322495341,-0.1915188133716583,-0.7690935134887695,5,1.0,0.5337584835338673,-0.7461718354859694,1.0,0,0,-0.0311851291771201,0.6217345105898162,-205,-17,thymio-09
99,1788225564.2761364,2.893411874771118,-0.3825160264968872,-1.376625871016964,90.11152176258756,2.893411874771118,0.0756865739822387,-0.3825160264968872,0.5142818093299866,-0.2587533891201019,-0.3736009895801544,-0.7273123264312744,5,1.0,0.3377910843798386,-0.7189181797463445,1.0,0,0,-0.0663438790876942,0.6191959988052975,-329,-142,thymio-09
100,1788225564.88484,2.873732089996338,-0.3624013364315033,-0.6988755565541052,90.00772030526826,2.873732089996338,0.0758404657244682,-0.3624013364315033,0.3972501754760742,-0.4422716200351715,-0.4881675243377685,-0.6389684081077576,5,1.0,0.3373942731545092,-0.6871075746578076,0.511616079312295,0,0,-0.1012710971766511,0.541446764460841,-442,-278,thymio-09
101,1788225565.4935338,2.873732089996338,-0.3624013364315033,-0.6988755565541052,89.90772030526827,2.873732089996338,0.0758404657244682,-0.3624013364315033,0.3972501754760742,-0.4422716200351715,-0.4881675243377685,-0.6389684081077576,5,1.0,0.3373942731545092,-0.6871075746578076,0.511616079312295,0,0,-0.0863573203948563,0.5143568510605456,-385,-229,thymio-09
102,1788225566.102913,2.8851988315582275,-0.2756925821304321,0.6035939453325585,89.80772030526828,2.8851988315582275,0.0769208744168281,-0.2756925821304321,0.2646344900131225,-0.5814386606216431,-0.5679413676261902,-0.5189801454544067,5,0.5809966555332311,-0.6367804677097851,1.0,0.3781843274224361,0,0,-0.0858343838475216,0.6139286710151108,-398,-212,thymio-09
103,1788225566.711582,2.8925318717956543,-0.2581915557384491,0.6900747385556505,89.70772030526828,2.8925318717956543,0.0769589766860008,-0.2581915557384491,0.2409942746162414,-0.5999414324760437,-0.5786828994750977,-0.4971098303794861,5,0.6625241579344272,-0.6289212160477333,1.0,0.3881492520559353,0,0,0.0731130161231624,0.6278448671346025,165,355,thymio-09
104,1788225567.3197918,2.8925318717956543,-0.2581915557384491,0.6900747385556505,89.60772030526829,2.8925318717956543,0.0769589766860008,-0.2581915557384491,0.2409942746162414,-0.5999414324760437,-0.5786828994750977,-0.4971098303794861,5,0.6625241579344272,-0.6289212160477333,1.0,0.3881492520559353,0,0,0.0425868355744055,0.6283124725907557,56,246,thymio-09
105,1788225567.928129,2.970023393630981,-0.1633867770433426,1.040332942017753,89.5077203052683,2.970023393630981,0.0767880231142044,-0.1633867770433426,0.0159070175141096,-0.7500872015953064,-0.62016361951828,-0.2291581183671951,5,0.7658471749662783,1.0,1.0,-0.5291724795699315,0,0,0.05,0.4699071679264188,107,249,thymio-09
106,1788225568.5361545,2.9199461936950684,-0.1527503877878189,1.0572044833283618,89.20593806768508,2.9199461936950684,0.0769431218504905,-0.1527503877878189,0.1362161785364151,0.7852684855461121,0.6026740074157715,0.0397818945348262,5,0.7558838720262493,1.0,1.0,-0.5314921936243777,0,0,0.05,0.6265645752313379,83,272,thymio-09
107,1788225569.146105,2.880111694335937,-0.1176677495241165,0.9795861235715622,89.00723674933073,2.880111694335937,0.0795401334762573,-0.1176677495241165,0.2832362651824951,0.7692570686340332,0.5572171807289124,-0.1324006021022796,5,0.7165439994087563,-0.4694684595702358,1.0,0.4837302256825069,0,0,0.05,0.6281268527978207,83,273,thymio-09
108,1788225569.7547898,2.880111694335937,-0.1176677495241165,0.9795861235715622,88.90723674933074,2.880111694335937,0.0795401334762573,-0.1176677495241165,0.2832362651824951,0.7692570686340332,0.5572171807289124,-0.1324006021022796,5,0.7165439994087563,-0.4694684595702358,1.0,0.4837302256825069,0,0,0.1498109146317409,0.6275279245439048,438,500,thymio-09
109,1788225570.3626702,2.8701345920562744,-0.1003852114081382,0.8760052039633681,88.80723674933074,2.8701345920562744,0.0786473527550697,-0.1003852114081382,0.3452798128128052,0.768215000629425,0.4978244304656982,-0.2068781852722168,5,0.7038634154416048,-0.4386800504683077,1.0,0.4930820521628662,0,0,0.1809439633195914,0.4273203147086962,500,500,thymio-09
110,1788225570.9713323,2.849743604660034,0.0530620291829109,0.4493451527631706,88.57828335351886,2.849743604660034,0.0800220444798469,0.0530620291829109,0.4767012596130371,0.6712585091590881,0.4285445213317871,-0.3721794188022613,5,1.0,-0.4014903031352811,1.0,0.5976388197427769,0,0,0.1948849610420246,0.157297629153902,500,500,thymio-09
111,1788225571.5800471,2.849743604660034,0.0530620291829109,0.4493451527631706,88.47828335351886,2.849743604660034,0.0800220444798469,0.0530620291829109,0.4767012596130371,0.6712585091590881,0.4285445213317871,-0.3721794188022613,5,1.0,-0.4014903031352811,1.0,0.5976388197427769,0,0,0.1964000596263132,0.0798498277544275,500,500,thymio-09
112,1788225572.1878958,2.842578887939453,0.1413660794496536,0.3736173711001149,88.3638021635722,2.842578887939453,0.0818546637892723,0.1413660794496536,0.473471999168396,0.6600008010864258,0.4077417552471161,-0.4170971512794494,5,1.0,-0.352017646927549,1.0,0.6523665743254305,0,0,0.1968243592137575,0.257456776657177,500,500,thymio-09
113,1788225572.7961068,2.837869167327881,0.283397763967514,0.1960338000613126,88.20343810048962,2.837869167327881,0.0813981965184211,0.283397763967514,0.4960832297801971,0.6354086399078369,0.4037118554115295,-0.4326362013816833,5,1.0,-0.2591607046944681,1.0,0.6427621960873504,0,0,0.1953114228046733,0.4145896834196205,500,500,thymio-09
114,1788225573.4045138,2.837869167327881,0.283397763967514,0.1960338000613126,88.10343810048963,2.837869167327881,0.0813981965184211,0.283397763967514,0.4960832297801971,0.6354086399078369,0.4037118554115295,-0.4326362013816833,5,1.0,-0.2591607046944681,1.0,0.6427621960873504,0,0,0.195039176267315,0.5391604596111154,500,500,thymio-09
115,1788225574.0124812,2.840873003005981,0.3860318958759308,0.0804547103244841,88.00343810048963,2.840873003005981,0.0832541361451149,0.3860318958759308,0.5011197328567505,0.6345691680908203,0.3837105929851532,-0.4460574686527252,5,1.0,-0.1823981108890007,1.0,0.6194593845371736,0,0,0.1866817414674232,0.5726416482528869,500,500,thymio-09
116,1788225574.6209996,2.840873003005981,0.3860318958759308,0.0804547103244841,87.90343810048964,2.840873003005981,0.0832541361451149,0.3860318958759308,0.5011197328567505,0.6345691680908203,0.3837105929851532,-0.4460574686527252,5,1.0,-0.1823981108890007,1.0,0.6194593845371736,0,0,0.1769653376253867,0.6136709663662877,500,500,thymio-09
117,1788225575.2299669,2.8581697940826416,0.5504807233810425,-0.2317138246595433,87.80343810048964,2.8581697940826416,0.0838687717914581,0.5504807233810425,0.5155321359634399,0.6121296286582947,0.3571013212203979,-0.4816665351390838,5,1.0,-0.0449542882356713,1.0,0.6743325437245324,0,0,0.130905912203656,0.6259707803657956,371,500,thymio-09
118,1788225575.8385568,2.8853535652160645,0.6989578008651733,-0.5198182257544555,87.70343810048965,2.8853535652160645,0.0835435688495636,0.6989578008651733,0.5379601120948792,0.5851233005523682,0.3429702818393707,-0.5006006360054016,5,1.0,0.0886149133617253,1.0,1.0,0,0,0.0506399375452339,0.6283069478626402,85,275,thymio-09
119,1788225576.4469934,2.8853535652160645,0.6989578008651733,-0.5198182257544555,87.60343810048965,2.8853535652160645,0.0835435688495636,0.6989578008651733,0.5379601120948792,0.5851233005523682,0.3429702818393707,-0.5006006360054016,5,1.0,0.0886149133617253,1.0,1.0,0,0,-0.1061837286118224,0.6283090780500388,-472,-282,thymio-09
120,1788225577.0558028,2.9273784160614014,0.8182339668273926,-1.07165506686875,87.50343810048966,2.9273784160614014,0.0839007943868637,0.8182339668273926,0.5733427405357361,0.5203713774681091,0.2803243398666382,-0.5673710703849792,5,1.0,0.2155851244252544,1.0,1.0,0,0,-0.1460858847706783,0.6282752853299225,-500,-424,thymio-09
121,1788225577.6642752,2.9273784160614014,0.8182339668273926,-1.07165506686875,87.40343810048967,2.9273784160614014,0.0839007943868637,0.8182339668273926,0.5733427405357361,0.5203713774681091,0.2803243398666382,-0.5673710703849792,5,1.0,0.2155851244252544,1.0,1.0,0,0,-0.1496027847409035,0.6282892543952366,-500,-437,thymio-09
122,1788225578.2726002,2.898291826248169,0.7895639538764954,-1.4810354742498115,87.24274390686121,2.898291826248169,0.0846006497740745,0.7895639538764954,0.6241381168365479,0.340954840183258,0.1204921156167984,-0.6925915479660034,5,1.0,0.2112059560594168,1.0,1.0,0,0,-0.1431691790486564,0.6283004832124319,-500,-414,thymio-09
123,1788225578.8815477,2.7620577812194824,0.7103551626205444,-2.3967909756993078,86.40469356463827,2.7620577812194824,0.0845984742045402,0.7103551626205444,-0.7667065858840942,0.3547809422016144,-0.0555383078753948,-0.5321718454360962,5,1.0,1.0,0.0995597090278017,1.0,0,0,-0.0975523399870825,0.6215850463385062,-440,-253,thymio-09
124,1788225579.489925,2.7620577812194824,0.7103551626205444,-2.3967909756993078,86.30469356463827,2.7620577812194824,0.0845984742045402,0.7103551626205444,-0.7667065858840942,0.3547809422016144,-0.0555383078753948,-0.5321718454360962,5,1.0,1.0,0.0995597090278017,1.0,0,0,-0.1061300822699743,0.6281150225233607,-472,-282,thymio-09
125,1788225580.0982227,2.6915037631988525,0.6745128631591797,-1.5286517415885674,85.82557468563832,2.6915037631988525,0.0846780389547348,0.6745128631591797,-0.6334729194641113,-0.2760685086250305,-0.0697275698184967,0.7194694876670837,5,1.0,0.0483803440684598,1.0,1.0,0,0,-0.1071423693646724,0.6282356472425322,-476,-286,thymio-09
126,1788225580.7066228,2.5543172359466557,0.6513231992721558,-1.5684539897759933,85.04801885966158,2.5543172359466557,0.0867983773350715,0.6513231992721558,-0.6160953640937805,-0.0206186324357986,0.1413921266794204,0.7746028304100037,5,1.0,-0.0060840380734812,1.0,1.0,0,0,-0.144061311025511,0.6283033212184068,-500,-417,thymio-09
127,1788225581.314952,2.5543172359466557,0.6513231992721558,-1.5684539897759933,84.94801885966159,2.5543172359466557,0.0867983773350715,0.6513231992721558,-0.6160953640937805,-0.0206186324357986,0.1413921266794204,0.7746028304100037,5,1.0,-0.0060840380734812,1.0,1.0,0,0,-0.1726376926282182,0.628252706704476,-500,-500,thymio-09
128,1788225581.9239392,2.450585126876831,0.6967939734458923,-1.5275222671260609,84.35902671749454,2.450585126876831,0.0886287838220596,0.6967939734458923,-0.5791059732437134,0.110484592616558,0.2489231377840042,0.7684183716773987,5,1.0,-0.0173285179520921,1.0,1.0,0,0,-0.1848012416032082,0.628099923114111,-500,-500,thymio-09
129,1788225582.5326023,2.3507699966430664,0.7732132077217102,-1.519439353808672,83.83268612916436,2.3507699966430664,0.090076133608818,0.7732132077217102,-0.5763942003250122,0.1302854120731353,0.2652666270732879,0.7618588805198669,5,1.0,-0.0163611114759512,1.0,1.0,0,0,-0.1892094528018343,0.6280267926704416,-500,-500,thymio-09
130,1788225583.1404214,2.255147218704224,0.850158154964447,-1.5169893991057832,83.37593482428981,2.255147218704224,0.0910937264561653,0.850158154964447,-0.5684502124786377,0.1283139288425445,0.2622318267822265,0.7691777944564819,5,1.0,-0.0289966965938479,1.0,1.0,0,0,-0.1910312281585712,0.6280213556184757,-500,-500,thymio-09
131,1788225583.7486932,2.255147218704224,0.850158154964447,-1.5169893991057832,83.27593482428982,2.255147218704224,0.0910937264561653,0.850158154964447,-0.5684502124786377,0.1283139288425445,0.2622318267822265,0.7691777944564819,5,1.0,-0.0289966965938479,1.0,1.0,0,0,-0.1920678455922937,0.628042898175768,-500,-500,thymio-09
132,1788225584.3569362,2.179039478302002,0.9119859337806702,-1.5071195780840636,82.87578806440361,2.179039478302002,0.0922543257474899,0.9119859337806702,-0.5677146911621094,0.1300244927406311,0.2683336436748504,0.7673270106315613,5,1.0,-0.0537456552052961,1.0,1.0,0,0,-0.1879350683618201,0.6280524822273713,-500,-500,thymio-09
133,1788225584.9655166,2.062678575515747,1.0087672472000122,-1.5007368554766851,82.47307427282486,2.062678575515747,0.0929887667298317,1.0087672472000122,-0.5657013058662415,0.1345548927783966,0.273772120475769,0.766110897064209,5,1.0,-0.1072918657822455,1.0,1.0,0,0,-0.150856562406686,0.6280662490948669,-500,-441,thymio-09
134,1788225585.5742846,2.062678575515747,1.0087672472000122,-1.5007368554766851,82.37307427282487,2.062678575515747,0.0929887667298317,1.0087672472000122,-0.5657013058662415,0.1345548927783966,0.273772120475769,0.766110897064209,5,1.0,-0.1072918657822455,1.0,1.0,0,0,-0.1510165568072688,0.6280838612358,-500,-442,thymio-09
135,1788225586.1824846,2.004345417022705,1.057170867919922,-1.5004688518454088,82.08777724435471,2.004345417022705,0.0939601734280586,1.057170867919922,-0.5646744966506958,0.1399187296628952,0.2768210172653198,0.7648109197616577,5,1.0,-0.140349548970905,1.0,1.0,0,0,-0.1323816681453117,0.6280913635567841,-500,-376,thymio-09
136,1788225586.791005,1.873553276062012,1.1777335405349731,-1.4788901718931984,81.4467705095345,1.873553276062012,0.0955322757363319,1.1777335405349731,-0.5527240633964539,0.1826499998569488,0.3083796203136444,0.7523545026779175,5,1.0,-0.2198343926045963,0.0917179677515538,1.0,0,0,-0.0827596542216733,0.6263179398603175,-389,-199,thymio-09
137,1788225587.4000616,1.8236215114593504,1.2331825494766235,-1.4153474885000488,81.15275155431608,1.8236215114593504,0.0962705314159393,1.2331825494766235,-0.5231721997261047,0.2372002303600311,0.3522204756736755,0.7388962507247925,5,1.0,-0.2583577666755998,0.1286669018815307,1.0,0,0,-0.0628168439309273,0.6274092046703447,-318,-128,thymio-09
138,1788225588.009846,1.8236215114593504,1.2331825494766235,-1.4153474885000488,81.05275155431609,1.8236215114593504,0.0962705314159393,1.2331825494766235,-0.5231721997261047,0.2372002303600311,0.3522204756736755,0.7388962507247925,5,1.0,-0.2583577666755998,0.1286669018815307,1.0,0,0,-0.0633554500554803,0.6277167061506067,-320,-130,thymio-09
139,1788225588.6186209,1.790848731994629,1.2822315692901611,-1.257089484920522,80.86903167551145,1.790848731994629,0.0974863618612289,1.2822315692901611,-0.4701891243457794,0.3338389694690704,0.4158326387405395,0.7032474279403687,5,1.0,-0.3230485318055066,1.0,1.0,0,0,-0.0458691901034417,0.6282626976696981,-258,-68,thymio-09
140,1788225589.22714,1.7732975482940674,1.3600008487701416,0.2753605669847512,80.73874159743877,1.7732975482940674,0.0975408405065536,1.3600008487701416,-0.3120979368686676,0.5381864905357361,0.5383985042572021,0.5683989524841309,5,1.0,1.0,1.0,-0.3478194240651859,0,0,-0.0152166503886287,0.6250392573778576,-148,40,thymio-09
141,1788225589.8354113,1.7732975482940674,1.3600008487701416,0.2753605669847512,80.63874159743878,1.7732975482940674,0.0975408405065536,1.3600008487701416,-0.3120979368686676,0.5381864905357361,0.5383985042572021,0.5683989524841309,5,1.0,1.0,1.0,-0.3478194240651859,0,0,-0.0140124418907683,0.625977214634502,-144,45,thymio-09
142,1788225590.443925,1.7808723449707031,1.399634599685669,0.871990592636811,80.53874159743879,1.7808723449707031,0.0979700982570648,1.399634599685669,-0.1691202372312545,0.6552534699440002,0.6047468185424805,0.4199079275131225,5,1.0,1.0,1.0,-0.3428470008503347,0,0,-0.0001186738015508,0.6279657683667264,-95,94,thymio-09
143,1788225591.052688,1.7868651151657104,1.4219200611114502,1.0182334260445982,80.43874159743879,1.7868651151657104,0.0970879197120666,1.4219200611114502,0.0295110289007425,0.7455395460128784,0.6369578242301941,0.1938676834106445,5,1.0,1.0,1.0,-0.3460908067517724,0,0,-0.0,0.6280727168708125,-95,95,thymio-09
144,1788225591.6608555,1.7908400297164917,1.433948993682861,1.0462575040366646,80.3387415974388,1.7908400297164917,0.0975501537322998,1.433948993682861,0.1797964870929718,0.7769465446472168,0.6032477617263794,-0.0109293395653367,5,1.0,1.0,1.0,-0.3467050190175729,0,0,-0.0,0.6281279114275081,-95,95,thymio-09
145,1788225592.2693453,1.7908400297164917,1.433948993682861,1.0462575040366646,80.2387415974388,1.7908400297164917,0.0975501537322998,1.433948993682861,0.1797964870929718,0.7769465446472168,0.6032477617263794,-0.0109293395653367,5,1.0,1.0,1.0,-0.3467050190175729,0,0,-0.0,0.6282095201417267,-95,95,thymio-09
146,1788225592.8779802,1.79680073261261,1.4416804313659668,0.9762240496536948,80.13874159743881,1.79680073261261,0.0983422622084617,1.4416804313659668,0.3001547753810882,0.7569141387939453,0.5588972568511963,-0.1569146364927292,5,1.0,1.0,1.0,-0.3487533473408227,0,0,-0.0,0.6282574242858964,-95,95,thymio-09
147,1788225593.485814,1.816535472869873,1.446723461151123,0.1492188310718054,80.03874159743881,1.816535472869873,0.0974265411496162,1.446723461151123,0.5026033520698547,0.6275699138641357,0.4054293632507324,-0.4349402487277984,5,1.0,0.2766513381920634,1.0,-0.3493628944249657,0,0,-0.0,0.6280029284932418,-95,95,thymio-09
148,1788225594.0943663,1.816535472869873,1.446723461151123,0.1492188310718054,79.93874159743882,1.816535472869873,0.0974265411496162,1.446723461151123,0.5026033520698547,0.6275699138641357,0.4054293632507324,-0.4349402487277984,5,1.0,0.2766513381920634,1.0,-0.3493628944249657,0,0,-0.0,0.6272668857133307,-95,95,thymio-09
149,1788225594.7026088,1.824431300163269,1.4438544511795044,-0.8945398631262997,79.83874159743883,1.824431300163269,0.0967946425080299,1.4438544511795044,-0.5609244704246521,-0.5453631281852722,-0.3151241540908813,0.5372518301010132,5,1.0,-0.3540028026141751,1.0,1.0,0,0,-0.0,0.6281380868059256,-95,95,thymio-09
150,1788225595.3110113,1.837181568145752,1.429729461669922,-1.4892672038986552,79.73874159743883,1.837181568145752,0.0976099669933319,1.429729461669922,-0.6298798322677612,-0.3032602071762085,-0.0756442546844482,0.7110292315483093,5,1.0,-0.3681625379554901,0.2522748947993405,1.0,0,0,-0.0,0.6272720446442487,-95,95,thymio-09
151,1788225595.9187746,1.837181568145752,1.429729461669922,-1.4892672038986552,79.63874159743884,1.837181568145752,0.0976099669933319,1.429729461669922,-0.6298798322677612,-0.3032602071762085,-0.0756442546844482,0.7110292315483093,5,1.0,-0.3681625379554901,0.2522748947993405,1.0,0,0,-0.0,0.6279492854966708,-95,95,thymio-09
152,1788225596.527281,1.8391484022140503,1.4193075895309448,-1.560166007877509,79.53874159743884,1.8391484022140503,0.0976027622818946,1.4193075895309448,-0.6298458576202393,-0.140882521867752,0.0488719716668129,0.762271523475647,5,1.0,-0.3776350079226367,0.2555467626726022,1.0,0,0,-0.0,0.6280990537602396,-95,95,thymio-09
153,1788225597.136087,1.8328722715377808,1.4050101041793823,-1.5339856829064848,79.43874159743885,1.8328722715377808,0.0976239889860153,1.4050101041793823,-0.5820149183273315,0.0966670364141464,0.2371951192617416,0.7717852592468262,5,1.0,-0.4020420223778788,1.0,1.0,0,0,-0.0,0.6283151828465144,-95,95,thymio-09
154,1788225597.744218,1.8247417211532595,1.3986669778823853,-1.4295454688646925,79.33874159743885,1.8247417211532595,0.0974824875593185,1.3986669778823853,-0.5297068953514099,0.2268670946359634,0.3443237841129303,0.7412038445472717,5,1.0,-0.4216301476993562,1.0,1.0,0,0,-0.0001919153896391,0.6282902667161869,-96,94,thymio-09
155,1788225598.3528624,1.8247417211532595,1.3986669778823853,-1.4295454688646925,79.23874159743886,1.8247417211532595,0.0974824875593185,1.3986669778823853,-0.5297068953514099,0.2268670946359634,0.3443237841129303,0.7412038445472717,5,1.0,-0.4216301476993562,1.0,1.0,0,0,-0.0001092183184081,0.6283012407498558,-95,94,thymio-09
156,1788225598.960671,1.8093602657318115,1.3963580131530762,-0.7372513928027553,79.13874159743887,1.8093602657318115,0.0967335551977157,1.3963580131530762,-0.3982284963130951,0.439225822687149,0.4839616417884826,0.6436427235603333,5,1.0,-0.4578312189917859,1.0,1.0,0,0,-9.869018439756568e-05,0.6282686130147042,-95,95,thymio-09
157,1788225599.5689366,1.794438719749451,1.4036786556243896,0.7814112785706957,79.03874159743887,1.794438719749451,0.0979622304439544,1.4036786556243896,-0.2171587198972702,0.6230915188789368,0.5867847800254822,0.4693428575992584,5,1.0,1.0,1.0,-0.4957945014691186,0,0,-0.0,0.6252378353920807,-94,94,thymio-09
158,1788225600.1773682,1.794438719749451,1.4036786556243896,0.7814112785706957,78.93874159743888,1.794438719749451,0.0979622304439544,1.4036786556243896,-0.2171587198972702,0.6230915188789368,0.5867847800254822,0.4693428575992584,5,1.0,1.0,1.0,-0.4957945014691186,0,0,0.0,0.6277303706765562,-95,95,thymio-09
159,1788225600.7865942,1.786268711090088,1.41673743724823,1.0201561814562146,78.83874159743888,1.786268711090088,0.0978863909840583,1.41673743724823,-0.0342556573450565,0.7363657355308533,0.624860942363739,0.2571788132190704,5,-0.519182662519208,1.0,1.0,0.4370446771087135,0,0,0.0,0.6283169440090871,-95,95,thymio-09
160,1788225601.3952708,1.7902171611785889,1.4342331886291504,1.0436596184383775,78.73874159743889,1.7902171611785889,0.0977274253964424,1.4342331886291504,0.1657639443874359,0.7811890244483948,0.6017938256263733,0.0104968156665563,5,-0.5187430973901896,1.0,1.0,0.4656522586558727,0,0,0.0,0.617464472693035,-93,93,thymio-09
161,1788225602.004031,1.800792932510376,1.4440089464187622,0.8972017761375657,78.6387415974389,1.800792932510376,0.0995468571782112,1.4440089464187622,0.3447097539901733,0.7530333995819092,0.5237280130386353,-0.1995619088411331,5,1.0,1.0,1.0,-0.5011284514890648,0,0,0.0,0.6053800512167696,-91,91,thymio-09
162,1788225602.6127996,1.800792932510376,1.4440089464187622,0.8972017761375657,78.5387415974389,1.800792932510376,0.0995468571782112,1.4440089464187622,0.3447097539901733,0.7530333995819092,0.5237280130386353,-0.1995619088411331,5,1.0,1.0,1.0,-0.5011284514890648,0,0,0.0,0.4750099387063275,-72,72,thymio-09
163,1788225603.2207673,1.8072189092636108,1.4465794563293457,0.7666009558776552,78.4387415974389,1.8072189092636108,0.0974527597427368,1.4465794563293457,0.4153887033462524,0.705411434173584,0.4781817495822906,-0.3181025683879852,5,1.0,1.0,1.0,-0.4894430182635979,0,0,0.0,0.4734264846948998,-71,71,thymio-09
164,1788225603.8294623,1.8072189092636108,1.4465794563293457,0.7666009558776552,78.33874159743891,1.8072189092636108,0.0974527597427368,1.4465794563293457,0.4153887033462524,0.705411434173584,0.4781817495822906,-0.3181025683879852,5,1.0,1.0,1.0,-0.4894430182635979,0,0,0.0,0.536903177791851,-81,81,thymio-09
165,1788225604.4384148,1.8257739543914795,1.4449678659439087,-1.006200755179524,78.23874159743892,1.8257739543914795,0.0975824296474456,1.4449678659439087,0.5692964196205139,0.5310402512550354,0.2912143766880035,-0.5559605360031128,5,1.0,-0.469313038426512,1.0,1.0,0,0,0.0,0.5802137157441168,-88,88,thymio-09
166,1788225605.0466092,1.8331494331359863,1.4397672414779663,-1.3706165971654216,78.13874159743892,1.8331494331359863,0.0975805670022964,1.4397672414779663,0.6100807189941406,0.4243999421596527,0.192131906747818,-0.6409146785736084,5,1.0,-0.4669294247071663,1.0,1.0,0,0,0.0,0.5770724940024369,-87,87,thymio-09
167,1788225605.6543906,1.8396230936050413,1.4232823848724363,-1.5577104694757216,78.03874159743893,1.8396230936050413,0.0975095406174659,1.4232823848724363,0.6326045393943787,0.17952561378479,-0.0145464893430471,-0.7532401084899902,5,1.0,-0.4637210146925745,1.0,1.0,0,0,0.0,0.577474835886575,-87,87,thymio-09
168,1788225606.2625222,1.8396230936050413,1.4232823848724363,-1.5577104694757216,77.93874159743893,1.8396230936050413,0.0975095406174659,1.4232823848724363,0.6326045393943787,0.17952561378479,-0.0145464893430471,-0.7532401084899902,5,1.0,-0.4637210146925745,1.0,1.0,0,0,0.0,0.5995797819411915,-91,91,thymio-09
169,1788225606.8710527,1.8384735584259035,1.41369366645813,-1.5752173036443948,77.83874159743894,1.8384735584259035,0.0972751826047897,1.41369366645813,0.6163480877876282,0.0344748720526695,-0.1266257464885711,-0.7764615416526794,5,1.0,-0.4680421340399913,1.0,1.0,0,0,0.0,0.6170673568544927,-93,93,thymio-09
170,1788225607.4793894,1.8246499300003047,1.3993957042694092,-1.3963674956096106,77.73874159743895,1.8246499300003047,0.0975006148219108,1.3993957042694092,0.5186786651611328,-0.2407689988613128,-0.3595925569534302,-0.7373574376106262,5,1.0,-0.4951961909157876,1.0,1.0,0,0,0.0001933436384211,0.6230971806410451,-93,95,thymio-09
171,1788225608.087946,1.8225818872451784,1.3981870412826538,-1.347355489712306,77.63874159743895,1.8225818872451784,0.0971646383404731,1.3981870412826538,0.4974358379840851,-0.2768867909908294,-0.3828531801700592,-0.7275401949882507,5,1.0,-0.4993296702774047,1.0,1.0,0,0,0.0005626741275136,0.6249438761138504,-92,96,thymio-09
172,1788225608.696497,1.8225818872451784,1.3981870412826538,-1.347355489712306,77.53874159743896,1.8225818872451784,0.0971646383404731,1.3981870412826538,0.4974358379840851,-0.2768867909908294,-0.3828531801700592,-0.7275401949882507,5,1.0,-0.4993296702774047,1.0,1.0,0,0,0.0005498595891023,0.6256044300039795,-93,96,thymio-09
173,1788225609.3051765,1.801524519920349,1.399402141571045,0.381076777121335,77.43874159743896,1.801524519920349,0.0978718474507331,1.399402141571045,0.2975592315196991,-0.5477583408355713,-0.5510344505310059,-0.5547797083854675,5,1.0,1.0,1.0,-0.5299985371197427,0,0,5.25609275271864e-05,0.5562291938772299,-84,84,thymio-09
174,1788225609.9139447,1.790186047554016,1.4082473516464231,0.9193932062347744,77.33874159743897,1.790186047554016,0.0983393415808677,1.4082473516464231,0.1336687952280044,-0.6791331171989441,-0.6117632389068604,-0.3829578161239624,5,-0.543315808039704,1.0,1.0,0.4697782463366127,0,0,0.0,0.6275032501831277,-95,95,thymio-09
175,1788225610.5229692,1.7867367267608645,1.419922947883606,1.034941571513028,77.23874159743897,1.7867367267608645,0.0973762199282646,1.419922947883606,-0.0020947786979377,-0.7517096400260925,-0.6239042282104492,-0.2137094587087631,5,-0.5496314807517899,1.0,1.0,0.4718451151451301,0,0,0.0,0.5714262364988844,-86,86,thymio-09
176,1788225611.1311705,1.7867367267608645,1.419922947883606,1.034941571513028,77.13874159743898,1.7867367267608645,0.0973762199282646,1.419922947883606,-0.0020947786979377,-0.7517096400260925,-0.6239042282104492,-0.2137094587087631,5,-0.5496314807517899,1.0,1.0,0.4718451151451301,0,0,-0.0,0.4032815851301409,-61,61,thymio-09
177,1788225611.7393782,1.791435718536377,1.4357647895812988,1.0383469489388035,77.03874159743899,1.791435718536377,0.0974563881754875,1.4357647895812988,-0.185777947306633,-0.7797313928604126,-0.5977519154548645,0.0140770832076668,5,-0.5466197854785573,1.0,1.0,0.5113517618093582,0,0,-0.0,0.3284301470629376,-50,50,thymio-09
178,1788225612.3477478,1.7991095781326294,1.443442463874817,0.9381658134756226,76.93874159743899,1.7991095781326294,0.0986954644322395,1.443442463874817,-0.3234095871448517,-0.7536061406135559,-0.5444967150688171,0.1760890036821365,5,1.0,1.0,1.0,-0.5392985630316337,0,0,-0.0,0.3387676419439843,-51,51,thymio-09
179,1788225612.9558206,1.8032112121582031,1.445531964302063,0.8507847783669851,76.838741597439,1.8032112121582031,0.0991861298680305,1.445531964302063,-0.3746117055416107,-0.7392966747283936,-0.5014358162879944,0.2483318746089935,5,1.0,1.0,1.0,-0.5262115476144956,0,0,-0.0,0.1007863770182756,-15,15,thymio-09
180,1788225613.564775,1.809128999710083,1.4484392404556274,0.7175912342699835,76.738741597439,1.809128999710083,0.097098983824253,1.4484392404556274,-0.4302366375923157,-0.6875788569450378,-0.4646347463130951,0.3553117215633392,5,1.0,1.0,1.0,-0.504339560987623,0,0,0.0,0.2325594298611984,-35,35,thymio-09
181,1788225614.1726606,1.809128999710083,1.4484392404556274,0.7175912342699835,76.63874159743901,1.809128999710083,0.097098983824253,1.4484392404556274,-0.4302366375923157,-0.6875788569450378,-0.4646347463130951,0.3553117215633392,5,1.0,1.0,1.0,-0.504339560987623,0,0,0.0,0.3712862189697598,-56,56,thymio-09
182,1788225614.7810822,1.811793327331543,1.4486758708953855,0.5480166781559994,76.53874159743901,1.811793327331543,0.0975678861141204,1.4486758708953855,-0.456822395324707,-0.6713205575942993,-0.4353055953979492,0.3887813985347748,5,1.0,1.0,1.0,-0.4943760900146635,0,0,0.0,0.4461873385399543,-67,67,thymio-09
183,1788225615.3893962,1.8244237899780276,1.4475687742233276,-0.8203230599495077,76.43874159743902,1.8244237899780276,0.09788778424263,1.4475687742233276,-0.556602954864502,-0.5553680062294006,-0.3171927630901336,0.530234158039093,5,1.0,-0.4755676065900048,1.0,1.0,0,0,0.0,0.511918522708643,-77,77,thymio-09
184,1788225615.9980292,1.8244237899780276,1.4475687742233276,-0.8203230599495077,76.33874159743903,1.8244237899780276,0.09788778424263,1.4475687742233276,-0.556602954864502,-0.5553680062294006,-0.3171927630901336,0.530234158039093,5,1.0,-0.4755676065900048,1.0,1.0,0,0,0.0,0.4477275336538745,-68,68,thymio-09
185,1788225616.606338,1.8316450119018557,1.442773938179016,-1.296391731743621,76.23874159743903,1.8316450119018557,0.0976051539182663,1.442773938179016,-0.5989178419113159,-0.4596774876117706,-0.2246564626693725,0.6160547733306885,5,1.0,-0.4713154622657984,1.0,1.0,0,0,0.0,0.3224874120381873,-49,49,thymio-09
186,1788225617.2149324,1.8384090662002563,1.4311689138412476,-1.5033003758948715,76.13874159743904,1.8384090662002563,0.0976106971502304,1.4311689138412476,-0.6309474110603333,-0.2934633195400238,-0.0730213224887847,0.7144596576690674,5,1.0,-0.4712479046785058,1.0,1.0,0,0,0.0,0.4522988744604785,-68,68,thymio-09
187,1788225617.823416,1.8384090662002563,1.4311689138412476,-1.5033003758948715,76.03874159743904,1.8384090662002563,0.0976106971502304,1.4311689138412476,-0.6309474110603333,-0.2934633195400238,-0.0730213224887847,0.7144596576690674,5,1.0,-0.4712479046785058,1.0,1.0,0,0,0.0,0.5457239854956395,-82,82,thymio-09
188,1788225618.432045,1.8394660949707031,1.426116704940796,-1.5421512660267769,75.93874159743905,1.8394660949707031,0.0973214954137802,1.426116704940796,-0.633652925491333,-0.2168639898300171,-0.0124449618160724,0.7424952387809753,5,1.0,-0.4750662769329532,1.0,1.0,0,0,0.0,0.5940203666605933,-90,90,thymio-09
189,1788225619.0408905,1.836963176727295,1.4111708402633667,-1.5479223464391727,75.83874159743905,1.836963176727295,0.0975739732384681,1.4111708402633667,-0.6017297506332397,0.0099617475643754,0.1744555681943893,0.7793506979942322,5,1.0,-0.494509084168205,1.0,1.0,0,0,0.0,0.6162155684503725,-93,93,thymio-09
190,1788225619.6491847,1.829245686531067,1.4024056196212769,-1.4738861968859869,75.73874159743906,1.829245686531067,0.097370870411396,1.4024056196212769,-0.5524359941482544,0.1839136034250259,0.3114570379257202,0.7509891986846924,5,1.0,-0.5131685309073271,1.0,1.0,0,0,0.0,0.6230585837413747,-94,94,thymio-09
191,1788225620.2590322,1.829245686531067,1.4024056196212769,-1.4738861968859869,75.63874159743906,1.829245686531067,0.097370870411396,1.4024056196212769,-0.5524359941482544,0.1839136034250259,0.3114570379257202,0.7509891986846924,5,1.0,-0.5131685309073271,1.0,1.0,0,0,0.0,0.6248442674034731,-94,94,thymio-09
192,1788225620.867515,1.8140376806259155,1.396725296974182,-0.9958644185662662,75.53874159743907,1.8140376806259155,0.096939817070961,1.396725296974182,-0.4267015755176544,0.4073932766914367,0.4602666795253753,0.6634087562561035,5,1.0,-0.5346506757651854,1.0,1.0,0,0,0.0003274703025817,0.6247341993168152,-93,96,thymio-09
193,1788225621.4761477,1.7984836101531982,1.40152108669281,0.6547213112113144,75.43874159743908,1.7984836101531982,0.0972026586532592,1.40152108669281,-0.2736295461654663,0.5820159912109375,0.5727755427360535,0.508244514465332,5,1.0,1.0,1.0,-0.5519600538897103,0,0,0.0,0.5236085339773204,-79,79,thymio-09
194,1788225622.0848486,1.7915483713150024,1.4089045524597168,0.8934650199190202,75.33874159743908,1.7915483713150024,0.0982875525951385,1.4089045524597168,-0.1457061171531677,0.6678463220596313,0.6111364960670471,0.3990778923034668,5,-0.5584969501342176,1.0,1.0,0.5106885015698286,0,0,0.0,0.6261749894362204,-95,95,thymio-09
195,1788225622.6934686,1.7915483713150024,1.4089045524597168,0.8934650199190202,75.23874159743909,1.7915483713150024,0.0982875525951385,1.4089045524597168,-0.1457061171531677,0.6678463220596313,0.6111364960670471,0.3990778923034668,5,-0.5584969501342176,1.0,1.0,0.5106885015698286,0,0,0.0,0.5366345041150938,-81,81,thymio-09
196,1788225623.301556,1.7874886989593506,1.4204024076461792,1.0312480108874509,75.1387415974391,1.7874886989593506,0.0973736718297004,1.4204024076461792,0.0036563025787472,0.7520754933357239,0.6230781674385071,0.2148088365793228,5,-0.5599135382612777,1.0,1.0,0.4822509445380603,0,0,-0.0,0.459870884893036,-69,69,thymio-09
197,1788225623.9099128,1.7897655963897705,1.4321857690811155,1.048221064408808,75.0387415974391,1.7897655963897705,0.0973822921514511,1.4321857690811155,0.142152801156044,0.7782800793647766,0.6102985739707947,0.040105253458023,5,-0.548028209357079,1.0,1.0,0.4585386542813048,0,0,-0.0,0.3150584479082084,-48,48,thymio-09
1,1788225173.8580625,2.665879964828491,-0.5810422301292419,0.0337661528359296,100.0,2.665879964828491,0.0843242928385734,-0.5810422301292419,-0.5157949328422546,-0.6665984988212585,-0.343331903219223,0.4143974781036377,5,-0.7370488777931737,1.0,-0.7503788510574113,1.0,0,0,-0.0236389749449625,0.4329643652478902,-149,-19,thymio-11
2,1788225174.4671688,2.665879964828491,-0.5810422301292419,0.0337661528359296,99.9,2.665879964828491,0.0843242928385734,-0.5810422301292419,-0.5157949328422546,-0.6665984988212585,-0.343331903219223,0.4143974781036377,5,-0.7370488777931737,1.0,-0.7503788510574113,1.0,0,0,0.0470398967123522,-0.3125577848391642,214,120,thymio-11
3,1788225175.0756638,2.668112277984619,-0.5902566909790039,-0.4608588334802306,99.8,2.668112277984619,0.0850752592086792,-0.5902566909790039,-0.5541816353797913,-0.6146882176399231,-0.2866446673870086,0.4825722277164459,5,-0.7328847857818921,1.0,-0.7395145381930643,1.0,0,0,-0.020357577823194,-0.0345919199627972,-67,-78,thymio-11
4,1788225175.6833048,2.6713101863861084,-0.5702453255653381,-0.2188925428230854,99.70000000000002,2.6713101863861084,0.0849761515855789,-0.5702453255653381,-0.5375232100486755,-0.6430574059486389,-0.3100820183753967,0.448770672082901,5,-0.7515205548990251,1.0,-0.7209128684052126,1.0,0,0,-0.0179443684652959,0.1871710612523774,-92,-35,thymio-11
5,1788225176.2917397,2.6713101863861084,-0.5702453255653381,-0.2188925428230854,99.60000000000002,2.6713101863861084,0.0849761515855789,-0.5702453255653381,-0.5375232100486755,-0.6430574059486389,-0.3100820183753967,0.448770672082901,5,-0.7515205548990251,1.0,-0.7209128684052126,1.0,0,0,-0.0179443684652959,0.2586268940237406,-103,-25,thymio-11
6,1788225176.8996365,2.668373107910156,-0.5870072245597839,-2.951985137178566,99.50000000000004,2.668373107910156,0.0856430307030677,-0.5870072245597839,0.5644667148590088,0.1838386058807373,-0.59953373670578,0.5367867350578308,5,1.0,-0.7278650412142309,1.0,-0.7095901468774468,0,0,-0.0226991267159395,0.1515281025439242,-104,-58,thymio-11
7,1788225177.5075572,2.666125059127808,-0.6090941429138184,-0.7045325434464784,99.40000000000003,2.666125059127808,0.084722027182579,-0.6090941429138184,-0.5649562478065491,-0.5849453210830688,-0.2559743523597717,0.5226286053657532,5,-0.695035196375436,1.0,1.0,-0.7076683741035275,0,0,0.1054522040152132,0.419163954604049,311,438,thymio-11
8,1788225178.1158953,2.666125059127808,-0.6090941429138184,-0.7045325434464784,99.30000000000004,2.666125059127808,0.084722027182579,-0.6090941429138184,-0.5649562478065491,-0.5849453210830688,-0.2559743523597717,0.5226286053657532,5,-0.695035196375436,1.0,1.0,-0.7076683741035275,0,0,0.106214993334735,0.4929030787797516,303,452,thymio-11
9,1788225178.724278,2.6700754165649414,-0.6083356738090515,-0.9627451177087716,99.20000000000005,2.6700754165649414,0.0840529799461364,-0.6083356738090515,-0.5684002637863159,-0.5450765490531921,-0.2395015358924865,0.5678483843803406,5,-0.6929351464426522,1.0,1.0,-0.7163933187893448,0,0,-0.0250049429233417,0.3070023018505078,-135,-42,thymio-11
10,1788225179.332888,2.7360329627990723,-0.5358049273490906,-1.2325413855948222,99.10000000000004,2.7360329627990723,0.0828962177038192,-0.5358049273490906,-0.6080121994018555,-0.4551413953304291,-0.1382172703742981,0.63565993309021,5,-0.7551031825486341,1.0,1.0,-0.7487931444303056,0,0,-0.0172242603077245,0.4006088223914938,-122,-1,thymio-11
11,1788225179.9415953,2.7336983680725098,-0.5400089621543884,-1.3470416249911787,99.00000000000006,2.7336983680725098,0.0836895406246185,-0.5400089621543884,-0.6109773516654968,-0.376389741897583,-0.0589954145252704,0.693943202495575,5,-0.7438264671634764,1.0,1.0,-0.7562387897442041,0,0,-0.0169960032614149,0.5742451315490679,-147,26,thymio-11
12,1788225180.5502405,2.7336983680725098,-0.5400089621543884,-1.3470416249911787,98.90000000000006,2.7336983680725098,0.0836895406246185,-0.5400089621543884,-0.6109773516654968,-0.376389741897583,-0.0589954145252704,0.693943202495575,5,-0.7438264671634764,1.0,1.0,-0.7562387897442041,0,0,-0.0169960032614149,0.6074876609388501,-152,31,thymio-11
13,1788225181.1580296,2.718251466751098,-0.5510500073432922,-1.424907528992844,98.80000000000008,2.718251466751098,0.0840967148542404,-0.5510500073432922,-0.6139956712722778,-0.2673032879829407,0.0303843114525079,0.742047905921936,5,-0.7179325714813989,1.0,1.0,-0.7685123441497704,0,0,-0.0145290188258961,0.6264767179411238,-146,43,thymio-11
14,1788225181.7660313,2.680739164352417,-0.5555793642997742,1.6561935799352092,98.67292663490385,2.680739164352417,0.0826627984642982,-0.5555793642997742,0.1659848242998123,-0.5718060731887817,0.7979183197021484,-0.0938790738582611,5,1.0,-0.6598555884730626,-0.8021185204865642,1.0,0,1165,-0.0077741773822005,0.0542725852655889,-36,-19,thymio-11
15,1788225182.3737402,2.6708319187164307,-0.5512079000473022,-1.413322265814653,98.57292663490384,2.6708319187164307,0.0826195776462555,-0.5512079000473022,-0.5215544700622559,0.1730076074600219,0.3295712769031524,0.7677448987960815,5,-0.6335001679923775,1.0,1.0,-0.8248858576557683,0,2147,0.08,0.6157650149616567,191,377,thymio-11
16,1788225182.9820807,2.6708319187164307,-0.5512079000473022,-1.413322265814653,98.47292663490384,2.6708319187164307,0.0826195776462555,-0.5512079000473022,-0.5215544700622559,0.1730076074600219,0.3295712769031524,0.7677448987960815,5,-0.6335001679923775,1.0,1.0,-0.8248858576557683,0,0,-0.0031979426111905,0.6279327737539417,-106,83,thymio-11
17,1788225183.590126,2.683837890625,-0.5866374969482422,-1.1958496349127792,98.37292663490383,2.683837890625,0.083399198949337,-0.5866374969482422,-0.4541183412075043,0.2706086635589599,0.4197644591331482,0.7377975583076477,5,-0.6270192820571829,1.0,1.0,-0.7868398764481426,0,0,-0.0108451848339233,0.6281910795990482,-133,56,thymio-11
18,1788225184.1982484,2.683837890625,-0.5866374969482422,-1.1958496349127792,98.27292663490384,2.683837890625,0.083399198949337,-0.5866374969482422,-0.4541183412075043,0.2706086635589599,0.4197644591331482,0.7377975583076477,5,-0.6270192820571829,1.0,1.0,-0.7868398764481426,0,0,-0.0108451848339233,0.6281666166354812,-133,56,thymio-11
19,1788225184.8060274,2.6753084659576416,-0.5770099759101868,0.2411726697574865,98.17292663490386,2.6753084659576416,0.0843153074383735,-0.5770099759101868,-0.2515629827976227,0.5470136404037476,0.548710823059082,0.5800074934959412,5,-0.7920902769921041,1.0,-0.646414372043487,1.0,0,0,-0.009789854324587,0.5475063783445505,-117,48,thymio-11
20,1788225185.4137173,2.6779465675354004,-0.5610612630844116,0.7384618032312269,98.07292663490388,2.6779465675354004,0.0840945318341255,-0.5610612630844116,-0.1061999946832656,0.6570073962211609,0.6094304323196411,0.4308798909187317,5,-0.7959935538515561,1.0,-0.6699990407525815,1.0,0,0,-0.0090052956758372,0.5566799947329846,-116,52,thymio-11
21,1788225186.021377,2.6779465675354004,-0.5610612630844116,0.7384618032312269,97.97292663490389,2.6779465675354004,0.0840945318341255,-0.5610612630844116,-0.1061999946832656,0.6570073962211609,0.6094304323196411,0.4308798909187317,5,-0.7959935538515561,1.0,-0.6699990407525815,1.0,0,0,-0.0090052956758372,0.1968756122348421,-62,-2,thymio-11
22,1788225186.629722,2.6891493797302246,-0.5474958419799805,0.8899722935109144,97.87292663490388,2.6891493797302246,0.0850005447864532,-0.5474958419799805,0.0573131516575813,0.7516676187515259,0.6096516251564026,0.2450224012136459,5,-0.7794402068838029,-0.526210029254638,-0.6994227712316814,1.0,0,0,-0.0123325184163556,-0.333880215591696,7,-94,thymio-11
23,1788225187.237773,2.7034952640533447,-0.5426880121231079,0.8957403670119488,97.77292663490388,2.7034952640533447,0.0839264169335365,-0.5426880121231079,0.1664823144674301,0.7797585129737854,0.59212726354599,0.116814948618412,5,-0.7506622996379391,-0.5276016244729985,-0.7300975866935183,1.0,0,0,-0.0181168777727742,-0.2562080723864074,-26,-103,thymio-11
24,1788225187.8467443,2.7132630348205566,-0.5481100678443909,0.8994824529268755,97.67292663490387,2.7132630348205566,0.0843040719628334,-0.5481100678443909,0.0858794376254081,0.7675765156745911,0.5990603566169739,0.2111343741416931,5,-0.7293198881567823,-0.5338817528190191,-0.7538522515222494,1.0,0,0,-0.0174756974440278,-0.2326103186653551,-27,-97,thymio-11
25,1788225188.454633,2.7132630348205566,-0.5481100678443909,0.8994824529268755,97.5729266349039,2.7132630348205566,0.0843040719628334,-0.5481100678443909,0.0858794376254081,0.7675765156745911,0.5990603566169739,0.2111343741416931,5,-0.7293198881567823,-0.5338817528190191,-0.7538522515222494,1.0,0,0,-0.0174756974440278,-0.1892615352976649,-34,-91,thymio-11
26,1788225189.0631196,2.724560022354126,-0.5498030185699463,0.8965787862223902,97.4729266349039,2.724560022354126,0.0843149051070213,-0.5498030185699463,0.0456171557307243,0.7537118792533875,0.6045934557914734,0.2535831332206726,5,-0.7167182893094528,-0.5426685341456139,-0.7658101763499086,1.0,0,0,-0.0150721545536683,-0.1711568017352396,-28,-79,thymio-11
27,1788225189.671517,2.724560022354126,-0.5498030185699463,0.8965787862223902,97.3729266349039,2.724560022354126,0.0843149051070213,-0.5498030185699463,0.0456171557307243,0.7537118792533875,0.6045934557914734,0.2535831332206726,5,-0.7167182893094528,-0.5426685341456139,-0.7658101763499086,1.0,0,0,-0.0150721545536683,-0.1585603493068292,-30,-77,thymio-11
28,1788225190.2795906,2.753577709197998,-0.5470231175422668,0.8301012280084268,97.27292663490392,2.753577709197998,0.0840363502502441,-0.5470231175422668,-0.049159076064825,0.7056295871734619,0.6044626832008362,0.3664629459381103,5,-0.6330812740882488,1.0,-0.7606619051091179,1.0,0,0,-0.0161069570730672,0.0481644590117407,-65,-50,thymio-11
29,1788225190.8872943,2.768502950668335,-0.5402787327766418,0.7880502251420918,97.17292663490392,2.768502950668335,0.0836620405316352,-0.5402787327766418,-0.0729664415121078,0.6818191409111023,0.6107031106948853,0.3960307538509369,5,-0.6176729646077866,1.0,-0.7590834608224062,1.0,0,0,-0.0164242243746963,0.1790014243340543,-85,-31,thymio-11
30,1788225191.4956343,2.783289194107056,-0.5304111242294312,0.8112613385554241,97.07292663490392,2.783289194107056,0.0839592963457107,-0.5304111242294312,-0.0450918860733509,0.6994265913963318,0.6095955967903137,0.370354562997818,5,-0.5923959139074801,-0.4971947194906562,-0.7638908931492164,1.0,0,0,-0.0154579304770074,0.3662552834439901,-110,0,thymio-11
31,1788225192.1038582,2.783289194107056,-0.5304111242294312,0.8112613385554241,96.97292663490391,2.783289194107056,0.0839592963457107,-0.5304111242294312,-0.0450918860733509,0.6994265913963318,0.6095955967903137,0.370354562997818,5,-0.5923959139074801,-0.4971947194906562,-0.7638908931492164,1.0,0,0,-0.0154579304770074,-0.3746391438708977,2,-111,thymio-11
32,1788225192.7115324,2.7989394664764404,-0.5203267335891724,0.8735792141257743,96.87292663490392,2.7989394664764404,0.0837367996573448,-0.5203267335891724,0.0301065314561128,0.7417322397232056,0.608120858669281,0.2812754213809967,5,-0.0261608713734213,-0.5401507462346609,-0.769964708296981,-0.5352264012308701,0,0,-0.0142370936323067,-0.0619990037902192,-41,-60,thymio-11
33,1788225193.3208091,2.8149847984313965,-0.5192107558250427,0.8298822909830816,96.77292663490394,2.8149847984313965,0.0838604792952537,-0.5192107558250427,-0.032966461032629,0.7058500051498413,0.6137107014656067,0.3522046208381653,5,0.0917442946271196,1.0,-0.7809101520292012,-0.4597837367290965,0,0,0.0173396351927553,0.2226044862160144,28,95,thymio-11
34,1788225193.9294257,2.8149847984313965,-0.5192107558250427,0.8298822909830816,96.67292663490394,2.8149847984313965,0.0838604792952537,-0.5192107558250427,-0.032966461032629,0.7058500051498413,0.6137107014656067,0.3522046208381653,5,0.0917442946271196,1.0,-0.7809101520292012,-0.4597837367290965,0,0,0.0109080316195635,0.4437381188446515,-28,106,thymio-11
35,1788225194.537393,2.813122272491455,-0.5178748369216919,0.8676397126680548,96.57292663490396,2.813122272491455,0.0839801952242851,-0.5178748369216919,-0.0072930525057017,0.7287908792495728,0.6070756316184998,0.3166542947292328,5,0.1849898691145968,1.0,-0.800487156823113,-0.4062953686150785,0,0,0.010457203108396,0.4284038578472693,-28,102,thymio-11
36,1788225195.1456535,2.80470871925354,-0.5142316818237305,0.8900136502770266,96.47292663490396,2.80470871925354,0.0842073634266853,-0.5142316818237305,0.0952591374516487,0.7630914449691772,0.6049892902374268,0.2064100354909896,5,0.2602623356261757,1.0,-0.8076379380525512,-0.3663508568292026,0,0,0.0120557029681497,0.4125552801101907,-19,105,thymio-11
37,1788225195.7540178,2.80470871925354,-0.5142316818237305,0.8900136502770266,96.37292663490396,2.80470871925354,0.0842073634266853,-0.5142316818237305,0.0952591374516487,0.7630914449691772,0.6049892902374268,0.2064100354909896,5,0.2602623356261757,1.0,-0.8076379380525512,-0.3663508568292026,0,0,0.0142529996096085,0.4011376559749681,-10,111,thymio-11
38,1788225196.362018,2.801055908203125,-0.5061036348342896,0.8743522198116791,96.27292663490395,2.801055908203125,0.0831421837210655,-0.5061036348342896,0.2215779572725296,0.7865078449249268,0.5738365650177002,0.0549586303532123,5,0.3468566576449639,1.0,-0.8172995253196855,-0.2853316497586894,0,0,0.010863923936589,0.354041686935322,-15,92,thymio-11
39,1788225196.9702494,2.7974228858947754,-0.4962911903858185,0.8336454514386245,96.17292663490396,2.7974228858947754,0.0831907466053962,-0.4962911903858185,-0.3161824941635132,-0.7868891358375549,-0.521378755569458,0.0948601365089416,5,0.438682461913884,1.0,-0.8177885955274878,-0.175224581887372,0,0,0.0101626011176008,0.4340617643589759,-29,102,thymio-11
40,1788225197.5780487,2.7974228858947754,-0.4962911903858185,0.8336454514386245,96.07292663490398,2.7974228858947754,0.0831907466053962,-0.4962911903858185,-0.3161824941635132,-0.7868891358375549,-0.521378755569458,0.0948601365089416,5,0.438682461913884,1.0,-0.8177885955274878,-0.175224581887372,0,0,0.0064054498210008,0.4784434473580755,-49,95,thymio-11
41,1788225198.1865046,2.800555944442749,-0.4844886660575866,0.5919341934893736,95.97292663490398,2.800555944442749,0.0838736146688461,-0.4844886660575866,-0.4386466443538666,-0.7297588586807251,-0.4371214807033539,0.2897690534591675,5,0.5767682885344732,1.0,-0.8156844035341493,-0.0113115535861718,0,0,0.006882437999497,0.5843741005559933,-64,113,thymio-11
42,1788225198.7955544,2.8064534664154053,-0.4831113815307617,0.078685521930077,95.872926634904,2.8064534664154053,0.0843461453914642,-0.4831113815307617,-0.5141924619674683,-0.668660581111908,-0.3534702658653259,0.4044229686260223,5,1.0,0.0519246846583179,-0.814916824324516,0.671045654762261,1370,0,0.0084061116188036,0.6031824671026935,-61,121,thymio-11
43,1788225199.404117,2.8064534664154053,-0.4831113815307617,0.078685521930077,95.772926634904,2.8064534664154053,0.0843461453914642,-0.4831113815307617,-0.5141924619674683,-0.668660581111908,-0.3534702658653259,0.4044229686260223,5,1.0,0.0519246846583179,-0.814916824324516,0.671045654762261,0,0,0.0058660075228013,0.6207501107089475,-73,115,thymio-11
44,1788225200.0126598,2.8170816898345947,-0.4870232045650482,-1.1466290419480036,95.672926634904,2.8170816898345947,0.0829085931181907,-0.4870232045650482,-0.6026171445846558,-0.4869382977485657,-0.1592704951763153,0.6118631958961487,5,-0.7996777132944127,0.0879992411622567,1.0,0.836859078397099,0,0,0.0238919451999496,0.6281651001270683,-10,180,thymio-11
45,1788225200.621248,2.8202686309814453,-0.4946699440479278,-1.3909058008651722,95.572926634904,2.8202686309814453,0.083521544933319,-0.4946699440479278,-0.6130638122558594,-0.3140351176261902,-0.0011187427444383,0.7249369025230408,5,-0.7815992474952509,1.0,0.082981792933211,0.9559367687965734,0,0,-0.0067240657794232,0.5914481947702057,-113,65,thymio-11
46,1788225201.2297382,2.8202686309814453,-0.4946699440479278,-1.3909058008651722,95.472926634904,2.8202686309814453,0.083521544933319,-0.4946699440479278,-0.6130638122558594,-0.3140351176261902,-0.0011187427444383,0.7249369025230408,5,-0.7815992474952509,1.0,1.0,0.9559367687965734,0,0,-0.0118985512534545,0.6283022707602484,-137,53,thymio-11
47,1788225201.8374596,2.829450845718384,-0.4974709153175354,-1.4402521213123856,95.37292663490402,2.829450845718384,0.0831618458032608,-0.4974709153175354,-0.6102536916732788,-0.2161069810390472,0.0731944069266319,0.758637547492981,5,-0.3827098395899904,1.0,1.0,-0.7776686318848354,0,0,-0.012688604991148,0.6188917039049837,-139,48,thymio-11
48,1788225202.4453564,2.81278133392334,-0.5020847320556641,-1.438726211747976,95.27292663490402,2.81278133392334,0.08240707218647,-0.5020847320556641,0.5272863507270813,-0.1173013225197792,-0.2918529510498047,-0.7893232703208923,5,-0.7489500682805452,1.0,0.0173539235568054,1.0,0,0,-0.0184610362756103,0.6280636997113441,-160,29,thymio-11
49,1788225203.053258,2.7977960109710693,-0.4937030076980591,-1.1930861707844258,95.17292663490404,2.7977960109710693,0.0836960077285766,-0.4937030076980591,0.4530092775821686,-0.2827886939048767,-0.4223279058933258,-0.732429027557373,5,-0.7333920057039196,0.0199195676933494,1.0,1.0,0,0,-0.0215882068535121,0.6265133032764655,-171,18,thymio-11
50,1788225203.6612625,2.7977960109710693,-0.4937030076980591,-1.1930861707844258,95.07292663490404,2.7977960109710693,0.0836960077285766,-0.4937030076980591,0.4530092775821686,-0.2827886939048767,-0.4223279058933258,-0.732429027557373,5,-0.7333920057039196,0.0199195676933494,1.0,1.0,0,0,-0.0215882068535121,0.5988745784757071,-167,14,thymio-11
51,1788225204.2692332,2.788377285003662,-0.4581958353519439,0.3327193128727743,94.97292663490404,2.788377285003662,0.0841429680585861,-0.4581958353519439,0.2376604229211807,-0.5586106777191162,-0.5591974258422852,-0.5645971298217773,5,1.0,0.0788224229683001,-0.7248417493095076,1.0,0,0,-0.0233068083887889,0.3774003003264659,-140,-26,thymio-11
52,1788225204.8771105,2.788377285003662,-0.4581958353519439,0.3327193128727743,94.87292663490403,2.788377285003662,0.0841429680585861,-0.4581958353519439,0.2376604229211807,-0.5586106777191162,-0.5591974258422852,-0.5645971298217773,5,1.0,0.0788224229683001,-0.7248417493095076,1.0,0,0,-0.0233068083887889,0.0909139159946611,-97,-69,thymio-11
53,1788225205.485638,2.811471462249756,-0.4236535131931305,0.8676275356427716,94.77292663490404,2.811471462249756,0.084371343255043,-0.4236535131931305,0.006412788759917,-0.7278317213058472,-0.608938992023468,-0.3152986764907837,5,1.0,1.0,-0.7830477124800334,0.1462168415672704,0,0,-0.0116074097915132,-0.091753581172086,-27,-55,thymio-11
54,1788225206.09517,2.837312936782837,-0.4155496656894684,0.8771923147618512,94.67292663490406,2.837312936782837,0.0842579826712608,-0.4155496656894684,-0.0261072143912315,-0.7416566014289856,-0.6076672077178955,-0.2828505933284759,5,1.0,1.0,-0.8206361650913572,0.1635245987311262,0,1395,0.0090753276967525,-0.3694042222264332,88,-24,thymio-11
55,1788225206.703432,2.837312936782837,-0.4155496656894684,0.8771923147618512,94.57292663490406,2.837312936782837,0.0842579826712608,-0.4155496656894684,-0.0261072143912315,-0.7416566014289856,-0.6076672077178955,-0.2828505933284759,5,1.0,1.0,-0.8206361650913572,1.0,0,0,0.0096055045176601,-0.6073870939284227,126,-58,thymio-11
56,1788225207.3113449,2.839977979660034,-0.4190242886543274,0.8242999430557272,94.47292663490408,2.839977979660034,0.0842300206422805,-0.4190242886543274,0.0333805792033672,-0.7018547058105469,-0.6173804998397827,-0.3537330627441406,5,0.961155421161036,1.0,-0.8109073158800313,1.0,0,0,0.0098946686780618,-0.6219438835084831,129,-59,thymio-11
57,1788225207.92016,2.839977979660034,-0.4190242886543274,0.8242999430557272,94.37292663490408,2.839977979660034,0.0842300206422805,-0.4190242886543274,0.0333805792033672,-0.7018547058105469,-0.6173804998397827,-0.3537330627441406,5,0.961155421161036,1.0,-0.8109073158800313,1.0,0,0,0.0060854098064649,-0.6101904661465143,114,-71,thymio-11
58,1788225208.5290003,2.835866451263428,-0.4444485604763031,-0.0488287239315505,94.27292663490408,2.835866451263428,0.0841339975595474,-0.4444485604763031,0.2827636897563934,-0.4996870160102844,-0.5407685041427612,-0.614757776260376,5,-0.7717419506500689,1.0,-0.2708119582101809,0.9038459338078022,0,0,0.0170899465771665,-0.5628431480632294,146,-24,thymio-11
59,1788225209.137414,2.835866451263428,-0.4444485604763031,-0.0488287239315505,94.17292663490409,2.835866451263428,0.0841339975595474,-0.4444485604763031,0.2827636897563934,-0.4996870160102844,-0.5407685041427612,-0.614757776260376,5,-0.7717419506500689,1.0,-0.2708119582101809,0.9038459338078022,0,0,0.0393415908760885,-0.580568746899692,227,52,thymio-11
60,1788225209.7471747,2.846232891082764,-0.4594691097736358,-1.1645594498320355,94.07292663490408,2.846232891082764,0.0833181217312812,-0.4594691097736358,0.4408875107765198,-0.2934534847736358,-0.4275210499763489,-0.7326179146766663,5,1.0,0.8753284687219751,1.0,1.0,0,0,0.1848330221310343,-0.4803073628656048,500,500,thymio-11
61,1788225210.35521,2.878485679626465,-0.4830322861671448,-1.426434906521061,93.9729266349041,2.878485679626465,0.0824300199747085,-0.4830322861671448,0.5512577295303345,-0.044501420110464,-0.2662667632102966,-0.789453387260437,5,1.0,0.8763244952799314,0.1846092395531708,-0.8098775702267443,0,0,0.0046619815173702,-0.1309523162041438,36,-3,thymio-11
62,1788225210.963851,2.947301149368286,-0.5222355723381042,-1.4214007517477207,93.8729266349041,2.947301149368286,0.081666275858879,-0.5222355723381042,0.5708183646202087,0.0045586782507598,-0.2442335039377212,-0.7838977575302124,5,1.0,0.931226144508223,0.1738838294928466,-0.7929143273554533,0,0,-0.0040246989479501,0.1906553081323024,-43,14,thymio-11
63,1788225211.5725186,2.947301149368286,-0.5222355723381042,-1.4214007517477207,93.77292663490412,2.947301149368286,0.081666275858879,-0.5222355723381042,0.5708183646202087,0.0045586782507598,-0.2442335039377212,-0.7838977575302124,5,1.0,0.931226144508223,0.1738838294928466,-0.7929143273554533,0,0,-0.0156568662391099,0.6140283470757206,-148,37,thymio-11
64,1788225212.1807928,2.9662575721740723,-0.5315588712692261,-1.427627870742497,93.67292663490412,2.9662575721740723,0.0818184316158294,-0.5315588712692261,0.5781469941139221,0.0399161614477634,-0.2192038744688034,-0.7849218845367432,5,1.0,0.9260797821177708,0.1549818085753493,-0.7888456747878946,0,0,-0.0199547349942964,0.6260548381435284,-165,24,thymio-11
65,1788225212.7906315,2.9417641162872314,-0.5221243500709534,-1.3174181126758555,93.56128128424068,2.9417641162872314,0.0817531645298004,-0.5221243500709534,-0.4919158816337585,0.2147843241691589,0.3761954009532928,0.7552242875099182,5,1.0,0.1509211892532971,1.0,-0.8053679026438101,0,0,-0.0191279183694415,0.6282344651477754,-163,27,thymio-11
66,1788225213.399033,2.928253173828125,-0.506775438785553,-0.99887093740039,93.46128128424068,2.928253173828125,0.0827987045049667,-0.506775438785553,-0.3988700211048126,0.3743013739585876,0.4545148611068725,0.7030060291290283,5,1.0,0.8921692929774772,1.0,-0.8299598555726266,0,0,-0.0041787805050119,0.6271052333947628,-110,80,thymio-11
67,1788225214.0075188,2.928253173828125,-0.506775438785553,-0.99887093740039,93.36128128424068,2.928253173828125,0.0827987045049667,-0.506775438785553,-0.3988700211048126,0.3743013739585876,0.4545148611068725,0.7030060291290283,5,1.0,0.8921692929774772,1.0,-0.8299598555726266,0,0,-0.0039582215453588,0.6280601622773836,-109,81,thymio-11
68,1788225214.6163232,2.9218335151672363,-0.4900446832180023,0.0204574872516705,93.2612812842407,2.9218335151672363,0.0831084996461868,-0.4900446832180023,-0.2784104943275451,0.5103972554206848,0.5426592230796814,0.6062204837799072,5,-0.8524380310571689,1.0,1.0,0.9227946044286116,0,0,0.0,0.6272615067896524,-95,95,thymio-11
69,1788225215.2250712,2.921346426010132,-0.4713560044765472,0.8126241649956785,93.1612812842407,2.921346426010132,0.0830253437161445,-0.4713560044765472,-0.0517788901925087,0.6975927352905273,0.608807384967804,0.37421515583992,5,-0.8706890325649213,1.0,-0.8221903311236267,0.9734175869666704,0,0,0.0,0.5009180860952126,-76,76,thymio-11
70,1788225215.8330953,2.926043748855591,-0.45957151055336,0.9021898092533078,93.0612812842407,2.926043748855591,0.0828991755843162,-0.45957151055336,0.11443742364645,0.7635899782180786,0.6108349561691284,0.1752572059631347,5,-0.8471063889766117,1.0,-0.8023085218690339,1.0,0,0,-0.0,0.5847917927732444,-88,88,thymio-11
71,1788225216.4409654,2.926043748855591,-0.45957151055336,0.9021898092533078,92.96128128424073,2.926043748855591,0.0828991755843162,-0.45957151055336,0.11443742364645,0.7635899782180786,0.6108349561691284,0.1752572059631347,5,0.8966734644648793,1.0,-0.8023085218690339,1.0,0,0,-0.0077359871043241,0.356009136956233,-81,26,thymio-11
72,1788225217.0507426,2.930995225906372,-0.4546535909175873,0.9114757518217846,92.86128128424072,2.930995225906372,0.0831592231988906,-0.4546535909175873,0.2020195722579956,0.7838395237922668,0.5847591161727905,0.0532960370182991,5,0.8515491533441113,1.0,-0.7887103199617265,1.0,0,0,-0.0104692256876929,0.2088312160580578,-69,-6,thymio-11
73,1788225217.659964,2.9500997066497803,-0.4582293033599853,0.7911444689932896,92.76128128424072,2.9500997066497803,0.0829604491591453,-0.4582293033599853,0.3608753681182861,0.769189178943634,0.4988365173339844,-0.1711113899946212,5,0.7601760436196343,1.0,-0.8135714961121152,0.2084149410576592,0,0,-0.0054721292814648,0.2742823618012624,-61,22,thymio-11
74,1788225218.268279,2.9500997066497803,-0.4582293033599853,0.7911444689932896,92.66128128424072,2.9500997066497803,0.0829604491591453,-0.4582293033599853,0.3608753681182861,0.769189178943634,0.4988365173339844,-0.1711113899946212,5,0.7601760436196343,1.0,-0.8135714961121152,0.2084149410576592,1606,0,0.0178377892196377,0.379365975386953,6,121,thymio-11
75,1788225218.8759704,2.960029602050781,-0.4636250436306,0.5923184819979737,92.56128128424074,2.960029602050781,0.0827753990888595,-0.4636250436306,0.4382041990756988,0.7345497608184814,0.4399861097335815,-0.2735435664653778,5,-0.8249178150647197,1.0,1.0,0.216824593028913,2162,0,-0.08,0.521405850137673,-363,-206,thymio-11
76,1788225219.4847324,2.960029602050781,-0.4636250436306,0.5923184819979737,92.46128128424074,2.960029602050781,0.0827753990888595,-0.4636250436306,0.4382041990756988,0.7345497608184814,0.4399861097335815,-0.2735435664653778,5,-0.8249178150647197,1.0,1.0,0.216824593028913,0,0,0.0125690213895635,0.4591211959827468,-25,114,thymio-11
77,1788225220.0925934,2.967510461807251,-0.5033095479011536,0.0465677993347286,92.36128128424076,2.967510461807251,0.082679234445095,-0.5033095479011536,0.5128247737884521,0.6648920774459839,0.3480711579322815,-0.4168641269207001,5,-0.7615749688521207,0.1726078765246075,1.0,0.7521192551665392,0,0,-0.0159234312607237,0.4595835180771681,-126,13,thymio-11
78,1788225220.7006843,2.9735498428344727,-0.5111037492752075,-0.7302788253543788,92.26128128424077,2.9735498428344727,0.0818027183413505,-0.5111037492752075,0.5540629625320435,0.5821122527122498,0.2651515603065491,-0.5327798128128052,5,1.0,0.1469932577541399,1.0,-0.7458408705262085,0,0,-0.019085985024232,0.6047506500491148,-159,24,thymio-11
79,1788225221.3090036,2.9735498428344727,-0.5111037492752075,-0.7302788253543788,92.16128128424076,2.9735498428344727,0.0818027183413505,-0.5111037492752075,0.5540629625320435,0.5821122527122498,0.2651515603065491,-0.5327798128128052,5,1.0,0.1469932577541399,1.0,-0.7458408705262085,0,0,-0.019085985024232,0.6255375409718361,-162,27,thymio-11
80,1788225221.9169943,2.9650745391845703,-0.5367985367774963,-1.2744685887482752,92.06128128424076,2.9650745391845703,0.0816915109753608,-0.5367985367774963,0.6097973585128784,0.4269465804100036,0.1010347455739975,-0.6600422263145447,5,1.0,0.1333843947446717,1.0,-0.6912071702717075,0,0,-0.0300673587753867,0.6259743068463395,-201,-12,thymio-11
81,1788225222.525531,2.928072214126587,-0.5583227276802063,-1.4371253312402898,91.86366372016134,2.928072214126587,0.0827289745211601,-0.5583227276802063,0.5980219841003418,0.1138695776462555,-0.1626457870006561,-0.7764984965324402,5,1.0,0.9736624243974096,0.1083988897388696,-0.9810942630378824,0,0,0.0,0.6192468116746046,-94,94,thymio-11
82,1788225223.1341865,2.928072214126587,-0.5583227276802063,-1.4371253312402898,91.76366372016136,2.928072214126587,0.0827289745211601,-0.5583227276802063,0.5980219841003418,0.1138695776462555,-0.1626457870006561,-0.7764984965324402,5,1.0,0.9736624243974096,1.0,-0.9810942630378824,0,0,0.0,0.6282263426156652,-95,95,thymio-11
83,1788225223.742733,2.9066200256347656,-0.5564072132110596,1.6261152976202773,91.6450082797821,2.9066200256347656,0.0796563252806663,-0.5564072132110596,-0.209986999630928,0.5596805810928345,-0.8005704879760742,0.0418355166912078,5,1.0,1.0,-0.5652633220011876,1.0,0,0,0.0386518271024335,0.6170898015432831,44,231,thymio-11
84,1788225224.3529403,2.9066200256347656,-0.5564072132110596,1.6261152976202773,91.54500827978212,2.9066200256347656,0.0796563252806663,-0.5564072132110596,-0.209986999630928,0.5596805810928345,-0.8005704879760742,0.0418355166912078,5,1.0,1.0,-0.5652633220011876,1.0,0,0,0.0195795314549169,0.5712725161144535,-17,156,thymio-11
85,1788225224.961236,2.8946423530578613,-0.5596287250518799,-1.094467044379127,91.44500827978212,2.8946423530578613,0.0822248607873916,-0.5596287250518799,0.4277258217334747,-0.3157248795032501,-0.444856733083725,-0.7207433581352234,5,1.0,1.0,1.0,-0.5506154142263515,0,0,0.0359143837333894,0.6278515423886896,33,222,thymio-11
86,1788225225.5698805,2.8946423530578613,-0.5596287250518799,-1.094467044379127,91.34500827978212,2.8946423530578613,0.0822248607873916,-0.5596287250518799,0.4277258217334747,-0.3157248795032501,-0.444856733083725,-0.7207433581352234,5,1.0,1.0,1.0,-0.5506154142263515,0,0,-0.0321063488799679,0.6273838720765822,-209,-19,thymio-11
87,1788225226.1792245,2.872880458831787,-0.5926010012626648,0.5025959572849188,91.22215468281564,2.872880458831787,0.0826214179396629,-0.5926010012626648,0.1915907263755798,-0.598556399345398,-0.5679811239242554,-0.5314326286315918,5,-0.4642275305065005,1.0,1.0,0.0304532110824047,0,0,-0.0193652337146277,0.6178404459457155,-162,24,thymio-11
88,1788225226.788199,2.872880458831787,-0.5926010012626648,0.5025959572849188,91.12215468281563,2.872880458831787,0.0826214179396629,-0.5926010012626648,0.1915907263755798,-0.598556399345398,-0.5679811239242554,-0.5314326286315918,5,-0.4642275305065005,1.0,1.0,0.0304532110824047,0,0,-0.0488626238093622,0.6279933812048015,-268,-79,thymio-11
89,1788225227.3960483,2.8883984088897705,-0.5748401284217834,0.8685224715781814,91.02215468281564,2.8883984088897705,0.0827341005206108,-0.5748401284217834,-0.038314513862133,-0.7424308061599731,-0.6089299917221069,-0.2766456305980682,5,0.9512039722250388,1.0,-0.5543924932679527,-0.02198912882889,0,0,0.0203164944618849,0.6130040502034028,-20,165,thymio-11
90,1788225228.0039554,2.932182788848877,-0.5701911449432373,0.8881308178603167,90.92215468281564,2.932182788848877,0.081924095749855,-0.5701911449432373,-0.2182248830795288,-0.7875373959541321,-0.5743435621261597,-0.0478767976164817,5,0.8948921533922056,1.0,-0.6952768857261507,-0.057246247113277,0,0,0.0117615456790783,0.5919252194647038,-48,131,thymio-11
91,1788225228.6119626,2.931917905807495,-0.5611468553543091,0.8188268511003258,90.82215468281564,2.931917905807495,0.0818688347935676,-0.5611468553543091,-0.3332428634166717,-0.7819780707359314,-0.512190043926239,0.1229671463370323,5,-0.8155886276867862,1.0,1.0,-0.0353444196220859,2212,0,-0.08,0.6269744159633213,-379,-190,thymio-11
92,1788225229.219844,2.931917905807495,-0.5611468553543091,0.8188268511003258,90.72215468281566,2.931917905807495,0.0818688347935676,-0.5611468553543091,-0.3332428634166717,-0.7819780707359314,-0.512190043926239,0.1229671463370323,5,-0.8155886276867862,1.0,1.0,-0.0353444196220859,0,0,0.0105119438542065,0.6239973975754843,-57,132,thymio-11
93,1788225229.8287866,2.9612607955932617,-0.6096435785293579,0.2769079790274062,90.62215468281566,2.9612607955932617,0.0817198604345321,-0.6096435785293579,-0.4902550280094147,-0.6926398277282715,-0.3749920129776001,0.373203843832016,5,-0.765841932188732,1.0,1.0,0.0309565283069888,0,0,-0.0150657716300648,0.6244893971448893,-148,41,thymio-11
94,1788225230.437431,2.9612607955932617,-0.6096435785293579,0.2769079790274062,90.52215468281568,2.9612607955932617,0.0817198604345321,-0.6096435785293579,-0.4902550280094147,-0.6926398277282715,-0.3749920129776001,0.373203843832016,5,-0.765841932188732,1.0,1.0,0.0309565283069888,0,0,-0.0150657716300648,0.624990848501651,-148,41,thymio-11
95,1788225231.0457938,2.965254068374634,-0.629204273223877,-1.151466824792417,90.42215468281567,2.965254068374634,0.0809983015060424,-0.629204273223877,-0.5877981185913086,-0.4953005909919739,-0.1764797866344452,0.6148379445075989,5,1.0,0.0729457256156709,1.0,-0.7601853662967104,0,0,-0.0162027413743612,0.628048378909895,-152,37,thymio-11
96,1788225231.6540184,2.965254068374634,-0.629204273223877,-1.151466824792417,90.32215468281568,2.965254068374634,0.0809983015060424,-0.629204273223877,-0.5877981185913086,-0.4953005909919739,-0.1764797866344452,0.6148379445075989,5,1.0,0.0729457256156709,1.0,-0.7601853662967104,0,0,-0.0162027413743612,0.62818578533941,-152,37,thymio-11
97,1788225232.2633972,2.9495291709899902,-0.6503281593322754,-1.4122088549841458,90.22215468281568,2.9495291709899902,0.081227533519268,-0.6503281593322754,-0.6159840226173401,-0.2814367413520813,0.0224316865205764,0.735427737236023,5,1.0,0.6093931353115749,1.0,-0.7461718354859694,0,0,0.0134983477018191,0.623828929550516,-46,142,thymio-11
98,1788225232.871461,2.928759813308716,-0.6627829670906067,-1.5187922828142038,90.11925500095064,2.928759813308716,0.0809420645236969,-0.6627829670906067,-0.5373666882514954,0.0537396557629108,0.2174531668424606,0.8130579590797424,5,1.0,0.2217802207559938,1.0,-0.7189181797463445,0,0,0.0156010414088349,0.628303820046669,-39,150,thymio-11
99,1788225233.4799123,2.928759813308716,-0.6627829670906067,-1.5187922828142038,90.01925500095065,2.928759813308716,0.0809420645236969,-0.6627829670906067,-0.5373666882514954,0.0537396557629108,0.2174531668424606,0.8130579590797424,5,1.0,0.2217802207559938,1.0,-0.7189181797463445,0,0,-0.0148491400574485,0.628133103258021,-148,42,thymio-11
100,1788225234.089022,2.925196886062622,-0.6726182103157043,-1.2777709809548017,89.91925500095066,2.925196886062622,0.081098087131977,-0.6726182103157043,0.4746570289134979,-0.2391790896654129,-0.3919408321380615,-0.7509170174598694,5,1.0,0.2308346486138248,1.0,-0.6871075746578076,0,0,-0.0362058282367163,0.6281047855648235,-223,-34,thymio-11
101,1788225234.697184,2.913577079772949,-0.6396234631538391,-0.0334768731894401,89.81925500095066,2.913577079772949,0.0815075561404228,-0.6396234631538391,0.284078985452652,-0.4988504946231842,-0.5444062352180481,-0.61161208152771,5,-0.6367804677097851,1.0,1.0,0.2515139948171863,0,0,0.018502611555425,0.614512362637815,-27,159,thymio-11
102,1788225235.3055086,2.913577079772949,-0.6396234631538391,-0.0334768731894401,89.71925500095067,2.913577079772949,0.0815075561404228,-0.6396234631538391,0.284078985452652,-0.4988504946231842,-0.5444062352180481,-0.61161208152771,5,-0.6367804677097851,1.0,1.0,0.2515139948171863,0,0,0.0368320305896302,0.6281743070334985,36,226,thymio-11
103,1788225235.9131527,2.9037230014801025,-0.6309577822685242,0.7197487059881302,89.61925500095067,2.9037230014801025,0.0817382484674453,-0.6309577822685242,0.1214419305324554,-0.6516355276107788,-0.6008215546607971,-0.446806937456131,5,-0.6289212160477333,1.0,1.0,0.2731613598256992,0,0,-0.0425868355744055,0.6283075053011304,-246,-56,thymio-11
104,1788225236.5212152,2.892014265060425,-0.6300938129425049,0.8658374454754938,89.51925500095068,2.892014265060425,0.0821204110980033,-0.6300938129425049,-0.0128028690814971,-0.7298099398612976,-0.6148439645767212,-0.2986310720443725,5,0.846610147764786,1.0,-0.5291724795699315,0.2954653864026886,0,0,-0.05,0.3849010271072742,-236,-120,thymio-11
105,1788225237.1297338,2.892014265060425,-0.6300938129425049,0.8658374454754938,89.41925500095068,2.892014265060425,0.0821204110980033,-0.6300938129425049,-0.0128028690814971,-0.7298099398612976,-0.6148439645767212,-0.2986310720443725,5,0.846610147764786,1.0,-0.5291724795699315,0.2954653864026886,0,0,-0.05,0.2284357379708897,-212,-143,thymio-11
106,1788225237.7388444,2.9436235427856445,-0.6230050325393677,0.9276049917435428,89.31925500095069,2.9436235427856445,0.0817530527710914,-0.6230050325393677,-0.1318201422691345,-0.7832621932029724,-0.5920534133911133,-0.1363696157932281,5,0.4019431292991446,1.0,-0.5314921936243777,1.0,0,0,-0.05,0.3537994033477781,-231,-124,thymio-11
107,1788225238.3473237,2.9990622997283936,-0.6374139785766602,0.9125575692981318,89.2192550009507,2.9990622997283936,0.0814015045762062,-0.6374139785766602,-0.210277110338211,-0.7865692377090454,-0.579275906085968,-0.039139300584793,5,-0.4694684595702358,1.0,1.0,1.0,0,0,0.1999099447721022,0.55178583794852,500,500,thymio-11
108,1788225238.9553392,2.9990622997283936,-0.6374139785766602,0.9125575692981318,89.1192550009507,2.9990622997283936,0.0814015045762062,-0.6374139785766602,-0.210277110338211,-0.7865692377090454,-0.579275906085968,-0.039139300584793,5,-0.4694684595702358,1.0,1.0,1.0,0,0,0.1984303894708273,-0.2256552871805214,500,500,thymio-11
109,1788225239.5631835,3.0182344913482666,-0.644724428653717,0.9001662040886762,89.01925500095071,3.0182344913482666,0.0812484323978424,-0.644724428653717,-0.2425754070281982,-0.792711615562439,-0.5592247843742371,0.0057598887942731,5,-0.4386800504683077,1.0,1.0,1.0,0,0,0.1993343029458923,-0.0470690116004262,500,500,thymio-11
110,1788225240.1716175,2.8573784828186035,-0.5483917593955994,0.9130447234266068,88.10698365760544,2.8573784828186035,0.0827580690383911,-0.5483917593955994,-0.2246143370866775,-0.790628969669342,-0.5694271922111511,-0.0143899731338024,5,0.5630404794282537,1.0,-0.4014903031352811,1.0,0,0,0.194280202190569,-0.1863249180177503,500,500,thymio-11
111,1788225240.7800682,2.7806107997894287,-0.5069011449813843,0.8960762554934263,87.68657469305182,2.7806107997894287,0.0838846191763877,-0.5069011449813843,-0.2419325709342956,-0.7876564264297485,-0.5666250586509705,-0.0014107793103903,5,0.5484835368774637,1.0,-0.352017646927549,1.0,0,0,0.198933209799552,0.0435850161836971,500,500,thymio-11
112,1788225241.3884397,2.7806107997894287,-0.5069011449813843,0.8960762554934263,87.58657469305183,2.7806107997894287,0.0838846191763877,-0.5069011449813843,-0.2419325709342956,-0.7876564264297485,-0.5666250586509705,-0.0014107793103903,5,0.5484835368774637,1.0,-0.352017646927549,1.0,0,0,0.1980969143487467,0.0071155887667529,500,500,thymio-11
113,1788225241.99624,2.65585732460022,-0.4385556280612945,0.8724805637822683,86.84794871257944,2.65585732460022,0.0848929658532142,-0.4385556280612945,-0.241064041852951,-0.7935100793838501,-0.5583240389823914,-0.0224570967257022,5,0.4890410090609109,1.0,-0.2591607046944681,1.0,0,0,0.1985667003181985,0.0605219435006346,500,500,thymio-11
114,1788225242.6041713,2.56592869758606,-0.3882935643196106,0.9049710239993196,86.39626447977899,2.56592869758606,0.0868038535118103,-0.3882935643196106,-0.2292311042547226,-0.7916221022605896,-0.5662178993225098,-0.0136020220816135,5,0.3195565420485646,1.0,-0.1823981108890007,1.0,0,0,0.1987295063164479,0.0160718461055347,500,500,thymio-11
115,1788225243.2126038,2.56592869758606,-0.3882935643196106,0.9049710239993196,86.296264479779,2.56592869758606,0.0868038535118103,-0.3882935643196106,-0.2292311042547226,-0.7916221022605896,-0.5662178993225098,-0.0136020220816135,5,0.3195565420485646,1.0,-0.1823981108890007,1.0,0,0,0.19868758851505,0.000497425259038,500,500,thymio-11
116,1788225243.8211436,2.4251158237457275,-0.3060941398143768,0.904470411984244,85.50567209362524,2.4251158237457275,0.0887806043028831,-0.3060941398143768,-0.2409483641386032,-0.7889666557312012,-0.565197765827179,0.0051955957897007,5,0.156590331164516,1.0,-0.0449542882356713,1.0,0,0,0.198965911755822,-0.0167631190648887,500,500,thymio-11
117,1788225244.4289308,2.4251158237457275,-0.3060941398143768,0.904470411984244,85.40567209362524,2.4251158237457275,0.0887806043028831,-0.3060941398143768,-0.2409483641386032,-0.7889666557312012,-0.565197765827179,0.0051955957897007,5,0.156590331164516,1.0,-0.0449542882356713,1.0,0,0,0.1987011860523527,-0.0178955627175144,500,500,thymio-11
118,1788225245.0372598,2.2997326850891118,-0.2251693904399871,0.9113455570248644,84.85850085747752,2.2997326850891118,0.0899414643645286,-0.2251693904399871,-0.2388534843921661,-0.7935153245925903,-0.5596285462379456,0.0099265174940228,5,0.0067546967223142,1.0,0.0886149133617253,1.0,0,0,0.1989560417076675,-0.0019948713765952,500,500,thymio-11
119,1788225245.6453905,2.180589199066162,-0.1485992521047592,0.8696591457097789,84.4897982331554,2.180589199066162,0.0905776023864746,-0.1485992521047592,-0.2500132918357849,-0.7954649925231934,-0.5519590377807617,-0.0083676166832447,5,-0.1297223417641986,1.0,0.2155851244252544,1.0,0,0,0.198761248686169,0.0237484458584247,500,500,thymio-11
120,1788225246.253675,2.180589199066162,-0.1485992521047592,0.8696591457097789,84.3897982331554,2.180589199066162,0.0905776023864746,-0.1485992521047592,-0.2500132918357849,-0.7954649925231934,-0.5519590377807617,-0.0083676166832447,5,-0.1297223417641986,1.0,0.2155851244252544,1.0,0,0,0.1984964801266912,0.0574341908824381,500,500,thymio-11
121,1788225246.8615448,2.0172343254089355,-0.0503553412854671,0.911120328955219,83.90464493886026,2.0172343254089355,0.0926913470029831,-0.0503553412854671,-0.2363999485969543,-0.7943078279495239,-0.5596054792404175,0.0056580048985779,5,-0.3052571534078394,1.0,0.2112059560594168,1.0,0,0,0.1984061061667957,0.0628678981971911,500,500,thymio-11
122,1788225247.4698188,2.0172343254089355,-0.0503553412854671,0.911120328955219,83.80464493886026,2.0172343254089355,0.0926913470029831,-0.0503553412854671,-0.2363999485969543,-0.7943078279495239,-0.5596054792404175,0.0056580048985779,5,-0.3052571534078394,1.0,0.2112059560594168,1.0,0,0,0.1982527625154659,0.0750367157022746,500,500,thymio-11
123,1788225248.0784848,1.880845546722412,0.0435590222477912,0.8893448572608893,83.51119777098397,1.880845546722412,0.0942707955837249,0.0435590222477912,-0.2540596425533294,-0.795671820640564,-0.5495685935020447,0.0182884857058525,5,-0.4432468823888671,1.0,0.0995597090278017,1.0,0,0,0.1974999199387604,0.0706658351569757,500,500,thymio-11
124,1788225248.686335,1.816419243812561,0.0877020582556724,0.893958920469303,83.35743336923709,1.816419243812561,0.095098078250885,0.0877020582556724,-0.2455392479896545,-0.7902506589889526,-0.5614243149757385,0.0041682203300297,5,-0.1304572700530191,1.0,0.0483803440684598,-0.5017760844385382,0,0,0.1454891000305487,-0.0279932525749709,500,500,thymio-11
125,1788225249.2941003,1.816419243812561,0.0877020582556724,0.893958920469303,83.25743336923709,1.816419243812561,0.095098078250885,0.0877020582556724,-0.2455392479896545,-0.7902506589889526,-0.5614243149757385,0.0041682203300297,5,-0.1304572700530191,1.0,0.0483803440684598,-0.5017760844385382,0,0,0.1762186275666321,0.1933786848541684,500,500,thymio-11
126,1788225249.902401,1.670885443687439,0.1851466298103332,0.8764600681927135,82.88594109021028,1.670885443687439,0.0961188673973083,0.1851466298103332,-0.2706426680088043,-0.7910493612289429,-0.5474511384963989,0.0359295532107353,5,-0.2035986898918775,1.0,-0.0060840380734812,-0.6063321614427616,0,0,0.1600560211860622,0.1675138255703765,500,500,thymio-11
127,1788225250.510929,1.5599114894866943,0.2701509296894073,0.8806966565442789,82.52102177540685,1.5599114894866943,0.0975155383348465,0.2701509296894073,-0.2658907473087311,-0.7885898351669312,-0.5537014603614807,0.0290355440229177,5,-0.2614952950771505,1.0,-0.0173285179520921,-0.653851719099721,0,0,0.1309887439535783,0.2211235176035248,432,499,thymio-11
128,1788225251.1206713,1.5599114894866943,0.2701509296894073,0.8806966565442789,82.42102177540686,1.5599114894866943,0.0975155383348465,0.2701509296894073,-0.2658907473087311,-0.7885898351669312,-0.5537014603614807,0.0290355440229177,5,-0.2614952950771505,1.0,-0.0173285179520921,-0.653851719099721,0,0,0.1366774995019655,0.2714852873547605,445,500,thymio-11
129,1788225251.7288885,1.4574227333068848,0.3499216139316559,0.8518763072051767,82.06277214920456,1.4574227333068848,0.098355658352375,0.3499216139316559,-0.29163458943367,-0.7860851287841797,-0.5424560904502869,0.0525429770350456,5,-0.3132344863302527,1.0,-0.0163611114759512,-0.6992593090353749,0,0,0.1013582296883987,0.1986434829066325,330,390,thymio-11
130,1788225252.3366745,1.3730045557022097,0.4328767359256744,0.8346941718493381,81.8716739645046,1.3730045557022097,0.1001227498054504,0.4328767359256744,-0.3161052465438843,-0.7847458720207214,-0.5248880386352539,0.0935094282031059,5,-0.3481537577178468,1.0,-0.0289966965938479,-0.7115313923810336,0,0,0.0919603893470292,0.1720913938354229,301,353,thymio-11
131,1788225252.944667,1.3730045557022097,0.4328767359256744,0.8346941718493381,81.7716739645046,1.3730045557022097,0.1001227498054504,0.4328767359256744,-0.3161052465438843,-0.7847458720207214,-0.5248880386352539,0.0935094282031059,5,-0.3481537577178468,1.0,-0.0289966965938479,-0.7115313923810336,0,0,0.0948081238178336,0.2128842406879821,305,369,thymio-11
132,1788225253.553248,1.325489163398743,0.4926704168319702,0.8175434818012923,81.59305172716454,1.325489163398743,0.100463643670082,0.4926704168319702,-0.3424165248870849,-0.7770796418190002,-0.5072110295295715,0.1470894068479538,5,-0.3515863821524703,1.0,-0.0537456552052961,-0.7289724145793988,0,0,0.0806764561866821,0.1434138776057597,265,308,thymio-11
133,1788225254.1623826,1.270523190498352,0.587570309638977,0.7350023205133049,81.2861393742105,1.270523190498352,0.1015442013740539,0.587570309638977,-0.3866530954837799,-0.7642918825149536,-0.4711036682128906,0.2107575982809066,5,-0.3273425056437499,1.0,-0.1072918657822455,-0.7586661860607369,0,0,0.0566973029547537,0.1446563972154815,180,223,thymio-11
134,1788225254.7708104,1.2516628503799438,0.6330525875091553,0.707051899396347,81.18110224333921,1.2516628503799438,0.1020644083619117,0.6330525875091553,-0.4006093442440033,-0.7550156116485596,-0.4624027609825134,0.2358966618776321,5,-0.3017047172027715,1.0,-0.140349548970905,-0.7068240852342009,0,0,0.0886340836285171,0.2251436413939723,281,349,thymio-11
135,1788225255.3785467,1.2516628503799438,0.6330525875091553,0.707051899396347,81.08110224333922,1.2516628503799438,0.1020644083619117,0.6330525875091553,-0.4006093442440033,-0.7550156116485596,-0.4624027609825134,0.2358966618776321,5,-0.3017047172027715,1.0,-0.140349548970905,-0.7068240852342009,0,0,0.0849246247505826,0.2994304008983152,257,347,thymio-11
136,1788225255.9865844,1.227001428604126,0.7341899871826172,0.5025562887312667,80.87612427573714,1.227001428604126,0.1031283065676689,0.7341899871826172,-0.4547160267829895,-0.7202998399734497,-0.4106144309043884,0.3252649903297424,5,-0.2082065903116783,-0.5797315842419652,-0.2198343926045963,1.0,0,0,0.180463126170789,0.2259010990074069,500,500,thymio-11
137,1788225256.5946004,1.223060131072998,0.791737973690033,0.3405658883410942,80.77612427573715,1.223060131072998,0.1033590510487556,0.791737973690033,-0.4792606830596924,-0.7003991007804871,-0.3811512887477875,0.3667072355747223,5,1.0,-0.503434367499825,-0.2583577666755998,-0.2000479107998686,0,0,0.1523234819154528,-0.0515020885007566,500,500,thymio-11
138,1788225257.2030094,1.223060131072998,0.791737973690033,0.3405658883410942,80.67612427573715,1.223060131072998,0.1033590510487556,0.791737973690033,-0.4792606830596924,-0.7003991007804871,-0.3811512887477875,0.3667072355747223,5,1.0,-0.503434367499825,-0.2583577666755998,-0.2000479107998686,0,0,0.05,-0.0365599495861937,183,172,thymio-11
139,1788225257.8116426,1.2208054065704346,0.910871922969818,0.3383457524494155,80.54891616507405,1.2208054065704346,0.1045474633574485,0.910871922969818,-0.4789432287216186,-0.6985304355621338,-0.381364107131958,0.3704456984996795,5,1.0,-0.3447627418181068,-0.3230485318055066,-0.1694904391515179,0,0,0.0489128077030181,-0.026593604785324,178,170,thymio-11
140,1788225258.420349,1.221206545829773,1.0067317485809326,0.3222795751483991,80.44891616507405,1.221206545829773,0.105359248816967,1.0067317485809326,-0.4821206629276275,-0.6964348554611206,-0.3803480565547943,0.3713131844997406,5,1.0,-0.2018062331734189,-0.3478194240651859,-0.1620531555273902,0,0,0.0393268251419067,-0.0250650630314166,144,136,thymio-11
141,1788225259.0289907,1.221206545829773,1.0067317485809326,0.3222795751483991,80.34891616507406,1.221206545829773,0.105359248816967,1.0067317485809326,-0.4821206629276275,-0.6964348554611206,-0.3803480565547943,0.3713131844997406,5,1.0,-0.2018062331734189,-0.3478194240651859,-0.1620531555273902,0,0,0.0393268251419067,0.0200884281329158,137,143,thymio-11
142,1788225259.6371026,1.2184265851974487,1.0534639358520508,0.3893678888967704,80.24891616507406,1.2184265851974487,0.1056064069271087,1.0534639358520508,-0.472348153591156,-0.7062546610832214,-0.3886730670928955,0.3564054071903229,5,1.0,-0.1486446292396402,-0.3428470008503347,-0.1483906317424246,0,0,0.018834662529796,0.0208117261327332,64,70,thymio-11
143,1788225260.2451258,1.2153483629226685,1.0974936485290527,0.4018130536280808,80.14891616507407,1.2153483629226685,0.1059624850749969,1.0974936485290527,-0.4718978404998779,-0.7079095840454102,-0.3925105929374695,0.3494453728199005,5,1.0,-0.1299155055322737,-0.3460908067517724,-0.1385984802719032,0,0,0.0287451980672573,0.0425324750110251,96,109,thymio-11
144,1788225260.854405,1.2147856950759888,1.118934154510498,0.3843447944759521,80.04891616507408,1.2147856950759888,0.106177844107151,1.118934154510498,-0.4750471711158752,-0.704598069190979,-0.3910593092441559,0.353474885225296,5,1.0,-0.1060846766342907,-0.3467050190175729,-0.1389782232861478,0,0,0.0430359925151485,0.0744151818943802,142,164,thymio-11
145,1788225261.4625306,1.2147856950759888,1.118934154510498,0.3843447944759521,79.94891616507408,1.2147856950759888,0.106177844107151,1.118934154510498,-0.4750471711158752,-0.704598069190979,-0.3910593092441559,0.353474885225296,5,1.0,-0.1060846766342907,-0.3467050190175729,-0.1389782232861478,0,0,0.0344737955332272,0.0696509057005146,112,133,thymio-11
146,1788225262.0706575,1.214299201965332,1.1432411670684814,0.3468163689190455,79.84891616507409,1.214299201965332,0.1065319776535034,1.1432411670684814,-0.4799130856990814,-0.6984133124351501,-0.3858147263526916,0.3647593557834625,5,1.0,-0.0689338405638667,-0.3487533473408227,-0.1442005582012699,0,0,0.0485277180142807,0.093986896236371,158,187,thymio-11
147,1788225262.679896,1.213910460472107,1.192921161651611,0.3146653465222129,79.74891616507409,1.213910460472107,0.106882706284523,1.192921161651611,-0.4830986261367798,-0.6971227526664734,-0.3779599666595459,0.3711898326873779,5,1.0,-0.0974190139437231,-0.3493628944249657,-0.1649459732327862,0,0,0.0397185314304026,0.0901511759469314,128,155,thymio-11
148,1788225263.288309,1.213910460472107,1.192921161651611,0.3146653465222129,79.6489161650741,1.213910460472107,0.106882706284523,1.192921161651611,-0.4830986261367798,-0.6971227526664734,-0.3779599666595459,0.3711898326873779,5,1.0,-0.0974190139437231,-0.3493628944249657,-0.1649459732327862,0,0,0.0414120672302564,0.08755890460164,134,160,thymio-11
149,1788225263.8978007,1.2145397663116455,1.221305012702942,0.2684333624016197,79.5489161650741,1.2145397663116455,0.1072186082601547,1.221305012702942,-0.4898341000080108,-0.6916947960853577,-0.3724049627780914,0.3780681788921356,5,1.0,-0.1166784148614001,-0.3540028026141751,-0.1720628493696273,0,0,0.0356272031230454,0.0993316012695116,112,142,thymio-11
150,1788225264.505587,1.2198386192321775,1.2810404300689695,0.0881133149069408,79.44891616507411,1.2198386192321775,0.1079297810792923,1.2810404300689695,-0.5073847770690918,-0.6706812381744385,-0.350049614906311,0.41256844997406,5,1.0,-0.1426444971367313,-0.3681625379554901,-0.1800896576698695,0,0,0.028422885541041,0.2396972215554274,65,137,thymio-11
151,1788225265.113628,1.2240678071975708,1.3057421445846558,-0.090281861200931,79.34891616507412,1.2240678071975708,0.1077387705445289,1.3057421445846558,-0.5235971808433533,-0.6528196334838867,-0.3299477994441986,0.4368147253990173,5,1.0,-0.1508465175531558,-0.3776350079226367,-0.179763819366194,0,0,0.0251690940637377,0.3529980143572643,36,143,thymio-11
152,1788225265.722123,1.2240678071975708,1.3057421445846558,-0.090281861200931,79.24891616507412,1.2240678071975708,0.1077387705445289,1.3057421445846558,-0.5235971808433533,-0.6528196334838867,-0.3299477994441986,0.4368147253990173,5,1.0,-0.1508465175531558,-0.3776350079226367,-0.179763819366194,0,0,0.0231787558596758,0.2846081633968294,39,125,thymio-11
153,1788225266.3297358,1.2365449666976929,1.3306329250335691,-0.6632464240875153,79.14891616507413,1.2365449666976929,0.1079291328787803,1.3306329250335691,-0.564025342464447,-0.5904301404953003,-0.2606390714645386,0.5151067972183228,5,-0.4020420223778788,-0.1526957366436829,1.0,1.0,0,0,0.0259393076594813,0.6008430511197302,1,183,thymio-11
154,1788225266.9374423,1.2463761568069458,1.340714931488037,-0.9445227762642956,79.04891616507413,1.2463761568069458,0.1082959845662117,1.340714931488037,-0.5809863209724426,-0.5445926785469055,-0.2152521461248397,0.565278947353363,5,-0.4216301476993562,-0.1459607989918336,1.0,1.0,0,0,0.0233564945584363,0.2976060872919159,38,128,thymio-11
155,1788225267.5457418,1.2665106058120728,1.3493680953979492,-1.3189067979223092,78.94891616507414,1.2665106058120728,0.1082828417420387,1.3493680953979492,-0.6137534976005554,-0.3980455100536346,-0.0787940844893455,0.6772429347038269,5,-0.4578312189917859,-0.11981057440671,1.0,1.0,0,0,0.0193402631131405,0.1914474046817979,40,98,thymio-11
156,1788225268.1537335,1.2665106058120728,1.3493680953979492,-1.3189067979223092,78.84891616507414,1.2665106058120728,0.1082828417420387,1.3493680953979492,-0.6137534976005554,-0.3980455100536346,-0.0787940844893455,0.6772429347038269,5,-0.4578312189917859,-0.11981057440671,1.0,1.0,0,0,0.0190921219774268,0.3900881408145061,9,127,thymio-11
157,1788225268.761381,1.290198802947998,1.353540062904358,-1.3947685511765748,78.74891616507415,1.290198802947998,0.1078578382730484,1.353540062904358,-0.6174800395965576,-0.3094629943370819,0.0001014526642393,0.7231536507606506,5,-0.4957945014691186,-0.0630955439446835,1.0,1.0,0,0,0.0167626181436173,0.5115846025263585,-18,137,thymio-11
158,1788225269.3693364,1.3078677654266355,1.3486530780792236,-1.4496390334310827,78.64891616507416,1.3078677654266355,0.1075628846883773,1.3486530780792236,-0.6130565404891968,-0.1756833642721176,0.103565439581871,0.7632635831832886,5,-0.519182662519208,-0.0121682214041649,1.0,1.0,0,0,0.0169546231431996,0.578651107274682,-27,148,thymio-11
159,1788225269.9790838,1.3078677654266355,1.3486530780792236,-1.4496390334310827,78.54891616507416,1.3078677654266355,0.1075628846883773,1.3486530780792236,-0.6130565404891968,-0.1756833642721176,0.103565439581871,0.7632635831832886,5,-0.519182662519208,-0.0121682214041649,1.0,1.0,0,0,0.0154269417441479,0.606070155206726,-37,146,thymio-11
160,1788225270.5871642,1.3163341283798218,1.3374605178833008,-1.4370063041632286,78.44891616507417,1.3163341283798218,0.1071616113185882,1.3374605178833008,-0.5687693357467651,0.0193730480968952,0.2497109174728393,0.7834351658821106,5,-0.5187430973901896,0.0041767787088431,1.0,1.0,0,0,-0.0062539482116699,0.6149167223891765,-115,71,thymio-11
161,1788225271.1953197,1.3128101825714111,1.3289411067962646,-1.2720688557212625,78.34891616507417,1.3128101825714111,0.1074556186795234,1.3289411067962646,-0.473101407289505,0.2306197732686996,0.3909817039966583,0.7550649046897888,5,-0.5011284514890648,0.0192707804526905,1.0,1.0,0,0,-0.0071058893203735,0.6183254757827709,-119,68,thymio-11
162,1788225271.803912,1.3128101825714111,1.3289411067962646,-1.2720688557212625,78.24891616507418,1.3128101825714111,0.1074556186795234,1.3289411067962646,-0.473101407289505,0.2306197732686996,0.3909817039966583,0.7550649046897888,5,-0.5011284514890648,0.0192707804526905,1.0,1.0,0,0,-0.0071058893203735,0.6176151070135277,-119,68,thymio-11
163,1788225272.41168,1.3067173957824707,1.333531379699707,-1.029009748561753,78.14891616507418,1.3067173957824707,0.1076486930251121,1.333531379699707,-0.4088169932365417,0.3417498767375946,0.4544356763362884,0.7138375043869019,5,-0.4894430182635979,0.0278223421907795,1.0,1.0,0,0,-0.0066468620300292,0.6141611174161918,-116,69,thymio-11
164,1788225273.020558,1.2993988990783691,1.3590534925460815,0.6362813318335481,78.04891616507419,1.2993988990783691,0.1079612374305725,1.3590534925460815,-0.164513349533081,0.6211147308349609,0.5912445187568665,0.4874237179756164,5,1.0,1.0,-0.469313038426512,0.0588615819804503,0,0,0.0047630162599346,0.3469923100280788,-35,69,thymio-11
165,1788225273.629001,1.2993988990783691,1.3590534925460815,0.6362813318335481,77.9489161650742,1.2993988990783691,0.1079612374305725,1.3590534925460815,-0.164513349533081,0.6211147308349609,0.5912445187568665,0.4874237179756164,5,1.0,1.0,-0.469313038426512,0.0588615819804503,0,0,0.0023549633443927,0.3186396177618954,-40,56,thymio-11
166,1788225274.2369957,1.3021308183670044,1.3688291311264038,0.8348723550169952,77.8489161650742,1.3021308183670044,0.1080179661512374,1.3688291311264038,-0.0485770106315612,0.7033184170722961,0.6100916862487793,0.361623615026474,5,1.0,1.0,-0.4669294247071663,0.0688477651655821,0,0,0.0069851451527599,0.56448522055685,-60,110,thymio-11
167,1788225274.8449018,1.302703857421875,1.3764206171035769,0.8927665915517888,77.7489161650742,1.302703857421875,0.107825718820095,1.3764206171035769,0.0963653251528739,0.7618815898895264,0.607546329498291,0.202824667096138,5,1.0,-0.4637210146925745,1.0,0.0057437195535685,0,0,0.0077006542654046,0.6277479748283783,-67,122,thymio-11
168,1788225275.453097,1.3048059940338137,1.3818351030349731,0.8950002668311541,77.64891616507421,1.3048059940338137,0.1076890528202056,1.3818351030349731,0.2093387246131897,0.7865623831748962,0.5782525539398193,0.055865291506052,5,1.0,-0.4680421340399913,1.0,-0.0034209798618329,0,0,0.0036760112557616,0.6276606038494406,-82,108,thymio-11
169,1788225276.0614097,1.3048059940338137,1.3818351030349731,0.8950002668311541,77.54891616507422,1.3048059940338137,0.1076890528202056,1.3818351030349731,0.2093387246131897,0.7865623831748962,0.5782525539398193,0.055865291506052,5,1.0,-0.4680421340399913,1.0,-0.0034209798618329,0,0,0.0046657542236984,0.6274410370434715,-78,111,thymio-11
170,1788225276.6706977,1.3174772262573242,1.3868508338928225,0.6816237183011311,77.44891616507422,1.3174772262573242,0.1082979291677475,1.3868508338928225,0.408174455165863,0.7536191344261169,0.4527270495891571,-0.2459473609924316,5,1.0,1.0,-0.4951961909157876,0.028388404446737,0,0,0.0011795231416723,0.3203859372019707,-44,53,thymio-11
171,1788225277.279306,1.3195323944091797,1.3870084285736084,0.6070928577885955,77.34891616507423,1.3195323944091797,0.1082084849476814,1.3870084285736084,0.4318043291568756,0.7372271418571472,0.4334297776222229,-0.2866701781749725,5,1.0,1.0,-0.4993296702774047,0.0287298746525999,0,0,0.000567983677105,0.22833179035813,-32,36,thymio-11
172,1788225277.8890195,1.329483151435852,1.3822890520095823,-0.3642272517280274,77.24891616507423,1.329483151435852,0.1080216169357299,1.3822890520095823,0.5377897024154663,0.6246169209480286,0.3015567362308502,-0.4792697131633758,5,1.0,0.0803492188298087,-0.5299985371197427,0.0262377820162891,0,0,0.0044666775774313,0.0229977737222653,12,19,thymio-11
173,1788225278.497629,1.329483151435852,1.3822890520095823,-0.3642272517280274,77.14891616507424,1.329483151435852,0.1080216169357299,1.3822890520095823,0.5377897024154663,0.6246169209480286,0.3015567362308502,-0.4792697131633758,5,1.0,0.0803492188298087,-0.5299985371197427,0.0262377820162891,0,0,0.0038911847423411,0.5201048283140152,-65,92,thymio-11
174,1788225279.1060884,1.331969141960144,1.382007360458374,-0.6409090800292461,77.04891616507425,1.331969141960144,0.107882559299469,1.382007360458374,0.5572966933250427,0.5931454300880432,0.2694804668426513,-0.5147613883018494,5,1.0,0.032617832783965,-0.543315808039704,1.0,0,0,0.0030274610878637,-0.03355640612139,16,6,thymio-11
175,1788225279.7142966,1.3360191583633425,1.3784637451171875,-1.1214161572528654,76.94891616507425,1.3360191583633425,0.1077739968895912,1.3784637451171875,0.5934418439865112,0.5003435015678406,0.17791448533535,-0.6048385500907898,5,-0.5496314807517899,0.0369157345110713,1.0,1.0,0,0,0.0085944376158845,0.6223803520859131,-63,125,thymio-11
176,1788225280.3223689,1.339572191238403,1.3771674633026123,-1.2687444655039046,76.84891616507426,1.339572191238403,0.1076737493276596,1.3771674633026123,0.6087355017662048,0.4338533580303192,0.1118444576859474,-0.6547542810440063,5,-0.5466197854785573,0.0724901017304777,1.0,1.0,0,0,0.0083866836951973,0.606855545328216,-62,121,thymio-11
177,1788225280.9302406,1.339572191238403,1.3771674633026123,-1.2687444655039046,76.74891616507426,1.339572191238403,0.1076737493276596,1.3771674633026123,0.6087355017662048,0.4338533580303192,0.1118444576859474,-0.6547542810440063,5,-0.5466197854785573,0.0724901017304777,1.0,1.0,0,0,-0.0022832536697387,0.6054649642549154,-100,83,thymio-11
178,1788225281.5392008,1.3423466682434082,1.3676716089248655,-1.4308232583551064,76.64891616507427,1.3423466682434082,0.1074022352695465,1.3676716089248655,0.6132460236549377,0.2178979068994522,-0.0770321115851402,-0.7553251385688782,5,-0.5392985630316337,0.1224176623587849,1.0,1.0,0,0,-0.0032328391075134,0.5976817275531621,-102,79,thymio-11
179,1788225282.147111,1.3341279029846191,1.3637596368789673,-1.4435875371637183,76.54891616507427,1.3341279029846191,0.1070679575204849,1.3637596368789673,0.5917549729347229,0.0719601213932037,-0.1892400830984115,-0.7802793979644775,5,-0.5262115476144956,0.1176271576872132,1.0,1.0,0,0,-0.0036240363121032,0.6068942266320099,-105,79,thymio-11
180,1788225282.755111,1.3183914422988892,1.3628889322280884,-1.3235622412876542,76.44891616507428,1.3183914422988892,0.1079227998852729,1.3628889322280884,0.4965045750141144,-0.1881717592477798,-0.3659241497516632,-0.7643128633499146,5,-0.504339560987623,0.121415479918862,1.0,1.0,0,0,-0.0037111067771911,0.6161517592927991,-106,80,thymio-11
181,1788225283.3645215,1.3183914422988892,1.3628889322280884,-1.3235622412876542,76.34891616507429,1.3183914422988892,0.1079227998852729,1.3628889322280884,0.4965045750141144,-0.1881717592477798,-0.3659241497516632,-0.7643128633499146,5,-0.504339560987623,0.121415479918862,1.0,1.0,0,0,-0.0037111067771911,0.6204136656798018,-107,81,thymio-11
182,1788225283.9727705,1.3103357553482056,1.3664640188217163,-1.0808208961978276,76.24891616507429,1.3103357553482056,0.1082377508282661,1.3664640188217163,0.4232477247714996,-0.3228658437728882,-0.4469539523124695,-0.7189236283302307,5,-0.4943760900146635,0.1226362316623572,1.0,1.0,0,0,-0.0033535981178283,0.6219129619926345,-106,82,thymio-11
183,1788225284.5808587,1.301021933555603,1.385625243186951,0.492481360169132,76.1489161650743,1.301021933555603,0.1081777364015579,1.385625243186951,0.2046675831079483,-0.5850806832313538,-0.57857346534729,-0.5301364660263062,5,1.0,1.0,-0.4755676065900048,0.1295086974180048,0,0,-0.0014374756813049,0.3876085002983128,-64,53,thymio-11
184,1788225285.1893165,1.301021933555603,1.385625243186951,0.492481360169132,76.0489161650743,1.301021933555603,0.1081777364015579,1.385625243186951,0.2046675831079483,-0.5850806832313538,-0.57857346534729,-0.5301364660263062,5,1.0,1.0,-0.4755676065900048,0.1295086974180048,0,0,-0.0014374756813049,0.3669827902838197,-61,50,thymio-11
185,1788225285.797115,1.3025529384613037,1.3940812349319458,0.756566875250968,75.94891616507431,1.3025529384613037,0.1081421673297882,1.3940812349319458,0.1039458587765693,-0.6660483479499817,-0.6032149791717529,-0.4262705147266388,5,1.0,1.0,-0.4713154622657984,0.1440536911816408,0,0,0.0010306193348835,0.5677784182507446,-82,89,thymio-11
186,1788225286.4056256,1.3077211380004885,1.4037485122680664,0.8729039942219785,75.84891616507431,1.3077211380004885,0.1079581826925277,1.4037485122680664,-0.0397168770432472,-0.7432418465614319,-0.6097264885902405,-0.2724845111370086,5,1.0,-0.4712479046785058,1.0,0.1278568636725408,0,0,0.0,0.6258220542385058,-95,95,thymio-11
187,1788225287.0136445,1.3121861219406128,1.408979415893555,0.9022445343842812,75.74891616507432,1.3121861219406128,0.1079771518707275,1.408979415893555,-0.1417603641748428,-0.7778035402297974,-0.5952392816543579,-0.143582597374916,5,1.0,-0.4750662769329532,1.0,0.1363690599782041,0,0,0.0,0.6275503406823113,-95,95,thymio-11
188,1788225287.6222007,1.3121861219406128,1.408979415893555,0.9022445343842812,75.64891616507433,1.3121861219406128,0.1079771518707275,1.408979415893555,-0.1417603641748428,-0.7778035402297974,-0.5952392816543579,-0.143582597374916,5,1.0,-0.4750662769329532,1.0,0.1363690599782041,0,0,0.0,0.6279415042763381,-95,95,thymio-11
189,1788225288.2310922,1.328951120376587,1.413703680038452,0.7879156413025021,75.54891616507433,1.328951120376587,0.1085288822650909,1.413703680038452,-0.3602674007415771,-0.7723156809806824,-0.4948369264602661,0.1699188649654388,5,1.0,-0.494509084168205,1.0,0.1531577226180165,0,0,0.0,0.6280885768882458,-95,95,thymio-11
190,1788225288.8394177,1.340032935142517,1.409598469734192,0.3610925960922975,75.44891616507434,1.340032935142517,0.1084078922867775,1.409598469734192,-0.4782669842243194,-0.7008658051490784,-0.3878374695777893,0.3600414991378784,5,1.0,1.0,-0.5131685309073271,0.1573102673306916,0,0,-0.0,0.1688435996620345,-25,25,thymio-11
191,1788225289.448481,1.340032935142517,1.409598469734192,0.3610925960922975,75.34891616507434,1.340032935142517,0.1084078922867775,1.409598469734192,-0.4782669842243194,-0.7008658051490784,-0.3878374695777893,0.3600414991378784,5,1.0,1.0,-0.5131685309073271,0.1573102673306916,0,0,0.0,0.4647018296328827,-70,70,thymio-11
192,1788225290.0567336,1.3463853597640991,1.4014384746551514,-0.6214890897587955,75.24891616507435,1.3463853597640991,0.1079053282737732,1.4014384746551514,-0.5558157563209534,-0.5950393676757812,-0.2741481959819793,0.5117028951644897,5,1.0,0.1549854207811036,-0.5346506757651854,1.0,0,0,0.0,0.1401891338015989,-21,21,thymio-11
193,1788225290.6650443,1.3482753038406372,1.3934780359268188,-1.1473933953001398,75.14891616507435,1.3482753038406372,0.1077823340892791,1.3934780359268188,-0.5953514575958252,-0.4910847842693329,-0.1657607108354568,0.6139346361160278,5,-0.5519600538897103,0.1352797411865649,1.0,1.0,0,0,0.0024642575178043,0.625499174150395,-86,103,thymio-11
194,1788225291.2736592,1.3482240438461304,1.390394926071167,-1.2465430702232367,75.04891616507436,1.3482240438461304,0.1077824309468269,1.390394926071167,-0.6059622764587402,-0.445050984621048,-0.1186815127730369,0.6485784649848938,5,-0.5584969501342176,0.1117061967334531,1.0,1.0,0,0,0.0027515733932958,0.6283060871296938,-85,105,thymio-11
195,1788225291.8821857,1.3469785451889038,1.380798101425171,-1.4216605365150914,74.94891616507437,1.3469785451889038,0.1076035872101783,1.380798101425171,-0.6156082153320312,-0.2572167217731476,0.0429045334458351,0.7436567544937134,5,-0.5599135382612777,0.074357234046011,1.0,1.0,0,0,-0.0019201898574829,0.6275920375904114,-102,88,thymio-11
196,1788225292.4909294,1.3469785451889038,1.380798101425171,-1.4216605365150914,74.84891616507437,1.3469785451889038,0.1076035872101783,1.380798101425171,-0.6156082153320312,-0.2572167217731476,0.0429045334458351,0.7436567544937134,5,-0.5599135382612777,0.074357234046011,1.0,1.0,0,0,-0.0019201898574829,0.6265322395698344,-101,88,thymio-11
197,1788225293.0996284,1.3392605781555176,1.3741201162338257,-1.4491241723444177,74.74891616507438,1.3392605781555176,0.1071693524718284,1.3741201162338257,-0.5890202522277832,-0.0604158081114292,0.1938055157661438,0.7822049260139465,5,-0.548028209357079,0.0331968859092106,1.0,1.0,0,0,-0.0025879883766174,0.6253844494754003,-104,85,thymio-11
1,1788311573.8607192,2.873236656188965,1.3995249271392822,0.445770016700997,100.0,2.873236656188965,0.0785043388605117,1.3995249271392822,0.0249316450208425,-0.6465615630149841,-0.5318340063095093,-0.5463416576385498,5,1.0,1.0,1.0,-0.9679113331441924,0,0,0.0,0.1751701201957439,-26,26,thymio-01
2,1788311574.4638884,2.9153220653533936,-0.5543210506439209,-1.2280066788863344,100.0,2.9153220653533936,0.0689988359808921,-0.5543210506439209,0.6379371285438538,0.134648248553276,-0.2285090535879135,-0.7229728698730469,5,1.0,-0.7503788510574113,1.0,-0.6798558733982732,0,0,0.0610539309076038,0.4640731566511398,147,287,thymio-01
3,1788311575.0724828,2.926884889602661,-0.5506380796432495,-1.2123850404490957,99.9,2.926884889602661,0.0689624026417732,-0.5506380796432495,0.6174352765083313,0.0661724880337715,-0.2870657742023468,-0.7293751835823059,5,1.0,-0.7395145381930643,1.0,-0.6871036722344928,0,0,0.000529254170776,0.613431932466485,-91,95,thymio-01
4,1788311575.6809523,2.950659990310669,-0.5450628399848938,-1.1738840340613752,99.8,2.950659990310669,0.0692231133580207,-0.5450628399848938,0.5922715663909912,0.0013970569707453,-0.3442266285419464,-0.7285057306289673,5,1.0,-0.7209128684052126,1.0,-0.6986409623548341,0,0,0.0240965134505522,0.6113049370843044,-7,178,thymio-01
5,1788311576.2896783,2.950659990310669,-0.5450628399848938,-1.1738840340613752,99.70000000000002,2.950659990310669,0.0692231133580207,-0.5450628399848938,0.5922715663909912,0.0013970569707453,-0.3442266285419464,-0.7285057306289673,5,1.0,-0.7209128684052126,1.0,-0.6138110938308154,0,0,0.0240965134505522,0.3905452170295078,27,145,thymio-01
6,1788311576.8980863,2.957792043685913,-0.5493236780166626,-0.8165814273579608,99.60000000000002,2.957792043685913,0.0688152238726615,-0.5493236780166626,0.4447450339794159,-0.2336754649877548,-0.5109991431236267,-0.6974794864654541,5,-0.7134224964862509,-0.7095901468774468,1.0,-0.5796920320749598,0,0,0.0256020782062635,0.5609299978458073,6,176,thymio-01
7,1788311577.5069156,2.9689276218414307,-0.5616968870162964,-0.2686648598887768,99.50000000000004,2.9689276218414307,0.0689175724983215,-0.5616968870162964,0.337434709072113,-0.3689242601394653,-0.585896909236908,-0.6377754807472229,5,-0.6929791715456666,1.0,1.0,-0.695035196375436,0,0,0.0292979255285373,0.1963807223141671,74,134,thymio-01
8,1788311578.1157136,2.9689276218414307,-0.5616968870162964,-0.2686648598887768,99.40000000000003,2.9689276218414307,0.0689175724983215,-0.5616968870162964,0.337434709072113,-0.3689242601394653,-0.585896909236908,-0.6377754807472229,5,-0.6929791715456666,1.0,1.0,-0.695035196375436,0,0,-0.0292979255285373,0.5912068965026339,-193,-15,thymio-01
9,1788311578.7241766,2.977800846099853,-0.5851165056228638,0.3837638634653517,99.30000000000004,2.977800846099853,0.0682722553610801,-0.5851165056228638,0.2073231935501098,-0.4990878701210022,-0.6392919421195984,-0.5470231771469116,5,-0.6391441341471016,1.0,1.0,-0.6929351464426522,0,0,-0.0297200355650269,0.6258585270564481,-200,-11,thymio-01
10,1788311579.3327494,2.978524208068848,-0.577920138835907,0.7024492996360698,99.20000000000005,2.978524208068848,0.0682707205414772,-0.577920138835907,0.0747851580381393,-0.5922301411628723,-0.6747297048568726,-0.4340629577636719,5,-0.7551031825486341,1.0,1.0,1.0,0,0,-0.0172242603077245,0.532761059102393,-142,19,thymio-01
11,1788311579.9416935,2.9910452365875244,-0.5474492311477661,0.8555012659357786,99.10000000000004,2.9910452365875244,0.0681989341974258,-0.5474492311477661,-0.1053547710180282,-0.6931971907615662,-0.6635754704475403,-0.2608556449413299,5,-0.7438264671634764,1.0,1.0,1.0,0,0,-0.0194908801001412,0.0848203394152256,-82,-56,thymio-01
12,1788311580.5502963,2.9910452365875244,-0.5474492311477661,0.8555012659357786,99.00000000000006,2.9910452365875244,0.0681989341974258,-0.5474492311477661,-0.1053547710180282,-0.6931971907615662,-0.6635754704475403,-0.2608556449413299,5,-0.7438264671634764,1.0,1.0,1.0,0,0,-0.0194908801001412,0.1753453318157034,-96,-43,thymio-01
13,1788311581.159917,3.0013294219970703,-0.535999596118927,0.8724374707799711,98.90000000000006,3.0013294219970703,0.0682242736220359,-0.535999596118927,-0.1947800815105438,-0.7185879349708557,-0.6475897431373596,-0.1622334718704223,5,-0.7179325714813989,1.0,1.0,1.0,0,0,-0.0246955531322388,0.1907290852633345,-117,-59,thymio-01
14,1788311581.7686098,3.0210824012756348,-0.5235703587532043,0.8579063557754836,98.80000000000008,3.0210824012756348,0.0680257156491279,-0.5235703587532043,-0.2416158616542816,-0.7295722961425781,-0.6292571425437927,-0.1156789436936378,5,-0.7002495509726208,1.0,1.0,-0.6598555884730626,0,0,-0.0282498402545032,0.2225699628639509,-134,-67,thymio-01
15,1788311582.377095,3.0519487857818604,-0.5112311244010925,0.7640712999461385,98.70000000000007,3.0519487857818604,0.0677568018436431,-0.5112311244010925,-0.3218275010585785,-0.7373660206794739,-0.589533269405365,-0.0718962177634239,5,-0.7130832364372771,1.0,1.0,-0.6186987181885725,0,0,-0.0256702694761073,0.3721276963763295,-147,-35,thymio-01
16,1788311582.9856622,3.0519487857818604,-0.5112311244010925,0.7640712999461385,98.60000000000008,3.0519487857818604,0.0677568018436431,-0.5112311244010925,-0.3218275010585785,-0.7373660206794739,-0.589533269405365,-0.0718962177634239,5,-0.7130832364372771,1.0,1.0,-0.6186987181885725,0,0,-0.0256702694761073,0.3769929107185194,-148,-34,thymio-01
17,1788311583.5937014,3.081723213195801,-0.5045554637908936,0.7828664105304552,98.50000000000009,3.081723213195801,0.068997822701931,-0.5045554637908936,0.3694415986537933,0.7410028576850891,0.558876097202301,-0.0456649810075759,5,-0.731981800532904,1.0,1.0,-0.595757517156428,0,0,-0.0218716580928862,0.3680741703751874,-133,-22,thymio-01
18,1788311584.2018883,3.081723213195801,-0.5045554637908936,0.7828664105304552,98.40000000000008,3.081723213195801,0.068997822701931,-0.5045554637908936,0.3694415986537933,0.7410028576850891,0.558876097202301,-0.0456649810075759,5,-0.731981800532904,1.0,1.0,-0.595757517156428,0,0,-0.0218716580928862,0.3764289650298005,-135,-21,thymio-01
19,1788311584.8098545,3.126636028289795,-0.5118390321731567,0.6165070678255367,98.3000000000001,3.126636028289795,0.0699045360088348,-0.5118390321731567,0.4335804283618927,0.7813714742660522,0.3848312199115753,-0.2310226261615753,5,-0.7337026415851109,1.0,1.0,-0.5462601244275016,0,0,-0.0215257690413927,0.3630781459682528,-131,-22,thymio-01
20,1788311585.4178252,3.1475534439086914,-0.5249978303909302,0.4122666415642424,98.2000000000001,3.1475534439086914,0.070350706577301,-0.5249978303909302,0.4530096352100372,0.761659562587738,0.2893521189689636,-0.3618456125259399,5,-0.72482409383502,1.0,1.0,-0.5313536464109896,0,0,-0.0233103571391609,0.3567127624997951,-137,-29,thymio-01
21,1788311586.026156,3.1475534439086914,-0.5249978303909302,0.4122666415642424,98.10000000000012,3.1475534439086914,0.070350706577301,-0.5249978303909302,0.4530096352100372,0.761659562587738,0.2893521189689636,-0.3618456125259399,5,-0.72482409383502,1.0,1.0,-0.5313536464109896,0,0,-0.0233103571391609,0.3822524585164891,-141,-25,thymio-01
22,1788311586.634002,3.1653048992156982,-0.5456961393356323,-0.2225199414326013,98.00000000000011,3.1653048992156982,0.0696938633918762,-0.5456961393356323,0.5516148805618286,0.6556435227394104,0.247039720416069,-0.4525748789310455,5,1.0,1.0,1.0,-0.7140246267432648,0,0,-0.0254810500246037,0.3975724397595611,-151,-31,thymio-01
23,1788311587.2424085,3.1771903038024902,-0.5744750499725342,-0.8344161362967766,97.90000000000012,3.1771903038024902,0.0682784914970398,-0.5744750499725342,0.6482676267623901,0.5280808806419373,0.1667723208665847,-0.5225578546524048,5,1.0,1.0,1.0,-0.702698198908748,0,0,-0.0277576620193416,0.2263596318842797,-133,-64,thymio-01
24,1788311587.8513467,3.178184509277344,-0.6054889559745789,-1.0605876715785532,97.80000000000013,3.178184509277344,0.0678322091698646,-0.6054889559745789,-0.6775833368301392,-0.4363444447517395,-0.0695158913731575,0.587921679019928,5,1.0,-0.5338817528190191,1.0,-0.6940564962696859,0,0,0.0976019812136474,0.5890049544348485,258,436,thymio-01
25,1788311588.4598956,3.178184509277344,-0.6054889559745789,-1.0605876715785532,97.70000000000012,3.178184509277344,0.0678322091698646,-0.6054889559745789,-0.6775833368301392,-0.4363444447517395,-0.0695158913731575,0.587921679019928,5,1.0,-0.5338817528190191,1.0,-0.6940564962696859,0,0,0.0798497924735258,0.6262951381236739,189,378,thymio-01
26,1788311589.0689578,3.1820340156555176,-0.594146728515625,-1.1110352639577123,97.60000000000014,3.1820340156555176,0.0683306455612182,-0.594146728515625,-0.6845895648002625,-0.3920226097106933,-0.0121511723846197,0.6144165992736816,5,1.0,-0.5426685341456139,1.0,-0.7006058211172459,0,0,0.0281782299554335,0.6282423829427993,5,195,thymio-01
27,1788311589.6767757,3.1820340156555176,-0.594146728515625,-1.1110352639577123,97.50000000000014,3.1820340156555176,0.0683306455612182,-0.594146728515625,-0.6845895648002625,-0.3920226097106933,-0.0121511723846197,0.6144165992736816,5,1.0,-0.5426685341456139,1.0,-0.7006058211172459,0,0,0.0281782299554335,0.6282761144549566,5,195,thymio-01
28,1788311590.2854805,3.2434723377227783,-0.5174045562744141,-1.210221079189575,97.40000000000016,3.2434723377227783,0.0684701949357986,-0.5174045562744141,-0.6168138980865479,-0.0632827505469322,0.2902215719223022,0.7289083003997803,5,1.0,-0.6832210281604023,1.0,-0.0810917563215782,0,0,0.0316725733397591,0.6282667961526441,18,207,thymio-01
29,1788311590.8933544,3.268190622329712,-0.5177457928657532,-1.0193963295809465,97.30000000000015,3.268190622329712,0.0690611377358436,-0.5177457928657532,-0.5165290832519531,0.1380174905061721,0.4519093036651611,0.7140916585922241,5,1.0,-0.5022930702636119,1.0,-0.6689325416428487,0,0,0.0345445591297874,0.6281281360540444,28,218,thymio-01
30,1788311591.501813,3.288606643676758,-0.5317811965942383,-0.5079508903563501,97.20000000000016,3.288606643676758,0.0695064067840576,-0.5317811965942383,-0.3857680857181549,0.3113430142402649,0.564689576625824,0.6598288416862488,5,1.0,1.0,1.0,-0.657103757309891,0,0,-0.1139483921004441,0.6255830078890022,-499,-310,thymio-01
31,1788311592.1096177,3.288606643676758,-0.5317811965942383,-0.5079508903563501,97.10000000000016,3.288606643676758,0.0695064067840576,-0.5317811965942383,-0.3857680857181549,0.3113430142402649,0.564689576625824,0.6598288416862488,5,1.0,1.0,1.0,-0.657103757309891,0,0,-0.1188058492503257,0.6279138100200865,-500,-327,thymio-01
32,1788311592.7182393,3.2599098682403564,-0.4873490929603576,0.0559641834365765,97.00000000000016,3.2599098682403564,0.0688688680529594,-0.4873490929603576,0.2801715731620788,-0.4323188960552215,-0.6114488840103149,-0.6006118655204773,5,0.2333263245994303,1.0,1.0,-0.7139695691047209,0,0,-0.0716110578185107,0.6280588419647845,-349,-160,thymio-01
33,1788311593.3271224,3.22848916053772,-0.3674510419368744,-2.3000461520330564,96.8405668626056,3.22848916053772,0.0689788982272148,-0.3674510419368744,0.6426900625228882,0.160623624920845,-0.4472303092479706,0.6009446978569031,5,1.0,0.2742910434010239,-0.7695462909338773,1.0,0,0,-0.0318008217247184,0.6282825666889716,-208,-18,thymio-01
34,1788311593.936087,3.22848916053772,-0.3674510419368744,-2.3000461520330564,96.74056686260562,3.22848916053772,0.0689788982272148,-0.3674510419368744,0.6426900625228882,0.160623624920845,-0.4472303092479706,0.6009446978569031,5,1.0,0.2742910434010239,-0.7695462909338773,1.0,0,0,-0.0303625031643696,0.6258894075856477,-202,-13,thymio-01
35,1788311594.5440202,3.241436719894409,-0.3185472190380096,0.8150189496442879,96.64056686260562,3.241436719894409,0.0695100799202919,-0.3185472190380096,0.0855375304818153,0.6733875870704651,0.6706134080886841,0.2991825938224792,5,0.3768594012306143,1.0,1.0,-0.7250225315542946,0,0,-0.0286143729349119,0.6282471806726647,-197,-7,thymio-01
36,1788311595.1525638,3.256004095077514,-0.3016989529132843,0.8371957622475592,96.54056686260564,3.256004095077514,0.0698853805661201,-0.3016989529132843,0.19780233502388,0.7067599296569824,0.6537621021270752,0.1842821389436721,5,0.4839732991463326,1.0,1.0,-0.6915716180940854,0,0,0.0237464139176001,0.6283147649665092,-11,179,thymio-01
37,1788311595.7612543,3.256004095077514,-0.3016989529132843,0.8371957622475592,96.44056686260564,3.256004095077514,0.0698853805661201,-0.3016989529132843,0.19780233502388,0.7067599296569824,0.6537621021270752,0.1842821389436721,5,0.4839732991463326,1.0,1.0,-0.6915716180940854,0,0,0.0651876900448175,0.6282130820490046,137,326,thymio-01
38,1788311596.3652,10000.0,10000.0,0.0,96.44056686260564,3.256004095077514,0.0698853805661201,-0.3016989529132843,0.19780233502388,0.7067599296569824,0.6537621021270752,0.1842821389436721,5,1.0,1.0,1.0,1.0,0,0,0.03,0.6283164990628571,12,201,thymio-01
39,1788311596.967939,3.233427762985229,-0.2668612003326416,0.4612482287167223,96.44056686260564,3.233427762985229,0.0713591575622558,-0.2668612003326416,0.4693370163440704,0.7533698678016663,0.34681236743927,-0.3031133413314819,5,0.6802731857749136,1.0,1.0,-0.6870165456352738,0,0,0.0684820042986293,0.6275166139922362,149,338,thymio-01
40,1788311597.575956,3.233427762985229,-0.2668612003326416,0.4612482287167223,96.34056686260564,3.233427762985229,0.0713591575622558,-0.2668612003326416,0.4693370163440704,0.7533698678016663,0.34681236743927,-0.3031133413314819,5,0.6802731857749136,1.0,1.0,-0.6870165456352738,0,0,0.0709427163483851,0.6276828488433301,157,347,thymio-01
41,1788311598.183602,3.2041895389556885,-0.2136786133050918,-0.689077125058267,96.21586614289576,3.2041895389556885,0.0711064115166664,-0.2136786133050918,0.649657666683197,0.5577476024627686,0.2099839001893997,-0.4719845652580261,5,1.0,-0.6982605999114251,1.0,0.7788414973148143,0,0,0.062486757355429,0.6283155980530801,127,317,thymio-01
42,1788311598.7926862,3.2023000717163086,-0.1640994101762771,-1.0516990934973438,96.11586614289575,3.2023000717163086,0.0710818618535995,-0.1640994101762771,-0.6849084496498108,-0.4415102005004883,-0.0853084847331047,0.5733163952827454,5,1.0,-0.6777605509376607,1.0,0.8454596588748475,0,0,0.0767522801882924,0.6283098182505258,178,368,thymio-01
43,1788311599.4003637,3.2023000717163086,-0.1640994101762771,-1.0516990934973438,96.01586614289576,3.2023000717163086,0.0710818618535995,-0.1640994101762771,-0.6849084496498108,-0.4415102005004883,-0.0853084847331047,0.5733163952827454,5,1.0,-0.6777605509376607,1.0,0.8454596588748475,0,0,0.0327701292615302,0.6282648855956452,22,211,thymio-01
44,1788311600.0096574,3.2397592067718506,-0.0953522473573684,-1.2138691002404625,95.91586614289578,3.2397592067718506,0.0724591687321662,-0.0953522473573684,0.6729119420051575,0.2294322252273559,-0.148779958486557,-0.6873244643211365,5,1.0,-0.6235543760584896,1.0,1.0,0,0,0.0436655704122435,0.6282118735491771,60,250,thymio-01
45,1788311600.6174846,3.2681987285614014,-0.0798627585172653,-1.1919219625604314,95.8158661428958,3.2681987285614014,0.0708477422595024,-0.0798627585172653,0.5994353890419006,0.0480838418006897,-0.3074634373188019,-0.7374493479728699,5,1.0,-0.6057751793754163,1.0,1.0,0,0,0.0472391889455413,0.6282603768132955,73,263,thymio-01
46,1788311601.2257998,3.2681987285614014,-0.0798627585172653,-1.1919219625604314,95.7158661428958,3.2681987285614014,0.0708477422595024,-0.0798627585172653,0.5994353890419006,0.0480838418006897,-0.3074634373188019,-0.7374493479728699,5,1.0,-0.6057751793754163,1.0,1.0,0,0,0.0472391889455413,0.6282625641263564,73,263,thymio-01
47,1788311601.834514,3.286492824554444,-0.0779714882373809,-1.1271522859170733,95.6158661428958,3.286492824554444,0.0711878985166549,-0.0779714882373809,0.5549455285072327,-0.0436230897903442,-0.3811280131340027,-0.7381557822227478,5,1.0,-0.5980146983392144,1.0,1.0,0,0,0.0487990456338179,0.6282578967046706,79,268,thymio-01
48,1788311602.443406,3.3397216796875,-0.1015413179993629,-0.5129287862807974,95.5158661428958,3.3397216796875,0.0709166079759597,-0.1015413179993629,0.3768110573291778,-0.3175451755523681,-0.5597437024116516,-0.6662323474884033,5,1.0,-0.5854053813565527,1.0,1.0,0,0,0.05,0.6281600236477248,83,273,thymio-01
49,1788311603.052718,3.35693359375,-0.1270941793918609,0.1242608777593892,95.4158661428958,3.35693359375,0.0713928341865539,-0.1270941793918609,0.2588433027267456,-0.4389384388923645,-0.6240633130073547,-0.5923497080802917,5,1.0,0.6208681541530578,1.0,-0.5978480428048569,0,0,0.0488325433962237,0.6197557718238634,80,267,thymio-01
50,1788311603.6612885,3.35693359375,-0.1270941793918609,0.1242608777593892,95.3158661428958,3.35693359375,0.0713928341865539,-0.1270941793918609,0.2588433027267456,-0.4389384388923645,-0.6240633130073547,-0.5923497080802917,5,1.0,0.6208681541530578,1.0,-0.5978480428048569,0,0,0.0488325433962237,0.6258168723964943,79,268,thymio-01
51,1788311604.2693062,3.359501361846924,-0.1898262500762939,0.7787070640971239,95.21586614289582,3.359501361846924,0.0690969303250312,-0.1898262500762939,0.0235028453171253,-0.621290385723114,-0.6846552491188049,-0.3803853988647461,5,1.0,1.0,1.0,-0.6472445795309332,0,0,-0.0280450329086648,0.6280736543477106,-194,-5,thymio-01
52,1788311604.8778064,3.359501361846924,-0.1898262500762939,0.7787070640971239,95.11586614289584,3.359501361846924,0.0690969303250312,-0.1898262500762939,0.0235028453171253,-0.621290385723114,-0.6846552491188049,-0.3803853988647461,5,1.0,1.0,1.0,-0.6472445795309332,0,0,-0.0488236803835671,0.6281368438455882,-268,-79,thymio-01
53,1788311605.4860706,3.349287271499634,-0.2116227447986602,0.8382363897048899,95.01586614289585,3.349287271499634,0.070148155093193,-0.2116227447986602,-0.2412614524364471,-0.7206215262413025,-0.6363869905471802,-0.1323222368955612,5,1.0,1.0,1.0,-0.6402006762788182,0,0,-0.057822357560178,0.6281803350748125,-300,-111,thymio-01
54,1788311606.0937524,3.4056997299194336,-0.2014200389385223,0.6981993399789967,94.91586614289584,3.4056997299194336,0.0680666863918304,-0.2014200389385223,-0.4161837100982666,-0.7400557994842529,-0.5205882787704468,0.0899795517325401,5,1.0,1.0,1.0,-0.5680654090052997,0,0,-0.0862014605671558,0.6282166571977938,-401,-211,thymio-01
55,1788311606.7018063,3.4056997299194336,-0.2014200389385223,0.6981993399789967,94.81586614289584,3.4056997299194336,0.0680666863918304,-0.2014200389385223,-0.4161837100982666,-0.7400557994842529,-0.5205882787704468,0.0899795517325401,5,1.0,1.0,1.0,-0.5680654090052997,0,0,-0.1032605079075381,0.6282365635351856,-462,-272,thymio-01
56,1788311607.309938,3.482741594314575,-0.2345338016748428,0.2508535699448457,94.71586614289583,3.482741594314575,0.0674511417746543,-0.2345338016748428,-0.5428199768066406,-0.6767082810401917,-0.3976664841175079,0.2987870275974273,5,1.0,1.0,1.0,-0.5018646503727149,0,0,-0.1384808731787636,0.6282505999166142,-500,-397,thymio-01
57,1788311607.9177234,3.482741594314575,-0.2345338016748428,0.2508535699448457,94.61586614289584,3.482741594314575,0.0674511417746543,-0.2345338016748428,-0.5428199768066406,-0.6767082810401917,-0.3976664841175079,0.2987870275974273,5,1.0,1.0,1.0,-0.5018646503727149,0,0,-0.162835038275112,0.6282529561251963,-500,-484,thymio-01
58,1788311608.5264747,3.563333034515381,-0.3559159934520721,-0.6052948204453292,94.51586614289586,3.563333034515381,0.0682746395468711,-0.3559159934520721,-0.6224200129508972,-0.5782185196876526,-0.2334558218717575,0.4730275869369507,5,1.0,1.0,1.0,-0.4285629096823263,0,0,-0.1794353750074762,0.6282182914336614,-500,-500,thymio-01
59,1788311609.1351275,3.563333034515381,-0.3559159934520721,-0.6052948204453292,94.41586614289588,3.563333034515381,0.0682746395468711,-0.3559159934520721,-0.6224200129508972,-0.5782185196876526,-0.2334558218717575,0.4730275869369507,5,1.0,1.0,1.0,-0.4285629096823263,0,0,-0.1861770034429346,0.628229073553549,-500,-500,thymio-01
60,1788311609.7383246,10000.0,10000.0,0.0,94.41586614289588,3.563333034515381,0.0682746395468711,-0.3559159934520721,-0.6224200129508972,-0.5782185196876526,-0.2334558218717575,0.4730275869369507,5,1.0,1.0,-1.0,1.0,0,0,-0.03,0.6226892494509884,-201,-13,thymio-01
61,1788311610.341312,10000.0,10000.0,0.0,94.41586614289588,3.563333034515381,0.0682746395468711,-0.3559159934520721,-0.6224200129508972,-0.5782185196876526,-0.2334558218717575,0.4730275869369507,5,1.0,1.0,1.0,1.0,0,0,-0.03,0.6283062310141713,-201,-12,thymio-01
62,1788311610.9458442,10000.0,10000.0,0.0,94.41586614289588,3.563333034515381,0.0682746395468711,-0.3559159934520721,-0.6224200129508972,-0.5782185196876526,-0.2334558218717575,0.4730275869369507,5,1.0,1.0,1.0,1.0,0,0,-0.03,0.6282955139769022,-201,-12,thymio-01
63,1788311611.5490108,10000.0,10000.0,0.0,94.41586614289588,3.563333034515381,0.0682746395468711,-0.3559159934520721,-0.6224200129508972,-0.5782185196876526,-0.2334558218717575,0.4730275869369507,5,1.0,1.0,1.0,1.0,0,0,-0.03,0.6283033900171141,-201,-12,thymio-01
64,1788311612.1527004,2.3326544761657715,-1.5054271221160889,1.032887543223234,94.41586614289588,2.3326544761657715,0.0767014175653457,-1.5054271221160889,-0.0709534808993339,-0.7741336822509766,-0.5998492240905762,-0.1893769651651382,5,0.7888933654014407,-0.9915237670720032,0.1560597304733442,1.0,0,0,-0.0,0.4716731719702208,-71,71,thymio-01
65,1788311612.7624533,2.3326544761657715,-1.5054271221160889,1.032887543223234,94.31586614289589,2.3326544761657715,0.0767014175653457,-1.5054271221160889,-0.0709534808993339,-0.7741336822509766,-0.5998492240905762,-0.1893769651651382,5,0.6854752252239675,1.0,0.1509211892532971,-0.9970676923872877,0,0,-0.0,0.5890070807343276,-89,89,thymio-01
66,1788311613.366218,10000.0,10000.0,0.0,94.31586614289589,2.3326544761657715,0.0767014175653457,-1.5054271221160889,-0.0709534808993339,-0.7741336822509766,-0.5998492240905762,-0.1893769651651382,5,1.0,1.0,1.0,1.0,0,0,0.03,0.6282028216024637,12,201,thymio-01
67,1788311613.969046,10000.0,10000.0,0.0,94.31586614289589,2.3326544761657715,0.0767014175653457,-1.5054271221160889,-0.0709534808993339,-0.7741336822509766,-0.5998492240905762,-0.1893769651651382,5,1.0,1.0,1.0,1.0,0,0,-0.03,0.6251992811691227,-201,-12,thymio-01
68,1788311614.5723107,2.8912031650543213,-0.3449426293373108,1.9219316864017468,94.31586614289589,2.8912031650543213,0.0727779790759086,-0.3449426293373108,0.2247238457202911,-0.5854214429855347,0.7625855207443237,-0.1588847488164901,5,0.9017245190537486,-0.98494438621616,1.0,-0.8524380310571689,0,0,0.0,0.6259864433458924,-95,95,thymio-01
69,1788311615.1804628,2.8912031650543213,-0.3449426293373108,1.9219316864017468,94.21586614289588,2.8912031650543213,0.0727779790759086,-0.3449426293373108,0.2247238457202911,-0.5854214429855347,0.7625855207443237,-0.1588847488164901,5,0.95556905037968,-0.9345602319440448,-0.9606303652993202,-0.8706890325649213,0,0,0.0,0.6280686022659897,-95,95,thymio-01
70,1788311615.784047,10000.0,10000.0,0.0,94.21586614289588,2.8912031650543213,0.0727779790759086,-0.3449426293373108,0.2247238457202911,-0.5854214429855347,0.7625855207443237,-0.1588847488164901,5,1.0,1.0,1.0,1.0,0,0,0.03,0.6283106510842174,12,201,thymio-01
71,1788311616.3884125,10000.0,10000.0,0.0,94.21586614289588,2.8912031650543213,0.0727779790759086,-0.3449426293373108,0.2247238457202911,-0.5854214429855347,0.7625855207443237,-0.1588847488164901,5,1.0,1.0,-1.0,1.0,0,0,0.03,0.5219888514959788,28,185,thymio-01
72,1788311616.992683,10000.0,10000.0,0.0,94.21586614289588,2.8912031650543213,0.0727779790759086,-0.3449426293373108,0.2247238457202911,-0.5854214429855347,0.7625855207443237,-0.1588847488164901,5,1.0,1.0,-1.0,1.0,0,0,0.03,0.6014227197289017,16,197,thymio-01
73,1788311617.5956774,10000.0,10000.0,0.0,94.21586614289588,2.8912031650543213,0.0727779790759086,-0.3449426293373108,0.2247238457202911,-0.5854214429855347,0.7625855207443237,-0.1588847488164901,5,1.0,1.0,1.0,1.0,0,0,0.03,0.6282909624844253,12,201,thymio-01
74,1788311618.1992338,10000.0,10000.0,0.0,94.21586614289588,2.8912031650543213,0.0727779790759086,-0.3449426293373108,0.2247238457202911,-0.5854214429855347,0.7625855207443237,-0.1588847488164901,5,1.0,1.0,1.0,1.0,0,0,0.03,0.6187421926859473,13,200,thymio-01
75,1788311618.8022623,2.3734471797943115,-1.5804065465927124,-2.527601709460226,94.21586614289588,2.3734471797943115,0.0630639493465423,-1.5804065465927124,0.5798966288566589,-0.5216327905654907,0.2745895981788635,0.5623341798782349,5,1.0,-0.9572903596692608,1.0,0.2551835005754777,0,0,0.0,0.6263032436609253,-95,95,thymio-01
76,1788311619.4101236,2.3734471797943115,-1.5804065465927124,-2.527601709460226,94.11586614289588,2.3734471797943115,0.0630639493465423,-1.5804065465927124,0.5798966288566589,-0.5216327905654907,0.2745895981788635,0.5623341798782349,5,1.0,-0.9572903596692608,1.0,0.2551835005754777,0,0,-0.0,0.6263678909068916,-95,95,thymio-01
77,1788311620.0136628,10000.0,10000.0,0.0,94.11586614289588,2.3734471797943115,0.0630639493465423,-1.5804065465927124,0.5798966288566589,-0.5216327905654907,0.2745895981788635,0.5623341798782349,5,1.0,1.0,1.0,1.0,0,0,0.03,0.6126093480392121,14,199,thymio-01
78,1788311620.6169355,2.361642837524414,-1.5036096572875977,-1.4778316653859829,94.11586614289588,2.361642837524414,0.0685284584760665,-1.5036096572875977,-0.7203558087348938,-0.2266419380903244,-0.0544305630028247,0.6532674431800842,5,1.0,1.0,1.0,-0.9867937481272816,0,0,0.0,0.5966616622030841,-90,90,thymio-01
79,1788311621.224685,2.361642837524414,-1.5036096572875977,-1.4778316653859829,94.01586614289587,2.361642837524414,0.0685284584760665,-1.5036096572875977,-0.7203558087348938,-0.2266419380903244,-0.0544305630028247,0.6532674431800842,5,1.0,1.0,1.0,-0.9867937481272816,0,0,-0.0,0.6253870207545025,-94,94,thymio-01
80,1788311621.8327382,2.35135555267334,-1.5113506317138672,-1.5175832214575624,93.9158661428959,2.35135555267334,0.0713027939200401,-1.5113506317138672,-0.7039564847946167,-0.138577714562416,0.0281100124120712,0.6960254311561584,5,1.0,1.0,1.0,-0.979797833766542,0,0,-0.0,0.6280280419771505,-95,95,thymio-01
81,1788311622.4406276,2.35135555267334,-1.5113506317138672,-1.5175832214575624,93.8158661428959,2.35135555267334,0.0713027939200401,-1.5113506317138672,-0.7039564847946167,-0.138577714562416,0.0281100124120712,0.6960254311561584,5,1.0,1.0,1.0,-0.979797833766542,0,0,-0.0,0.6277296470963724,-95,95,thymio-01
82,1788311623.0446908,10000.0,10000.0,0.0,93.8158661428959,2.35135555267334,0.0713027939200401,-1.5113506317138672,-0.7039564847946167,-0.138577714562416,0.0281100124120712,0.6960254311561584,5,1.0,1.0,1.0,1.0,0,0,-0.03,0.6279861685684035,-201,-12,thymio-01
83,1788311623.648422,10000.0,10000.0,0.0,93.8158661428959,2.35135555267334,0.0713027939200401,-1.5113506317138672,-0.7039564847946167,-0.138577714562416,0.0281100124120712,0.6960254311561584,5,1.0,1.0,1.0,1.0,0,0,-0.03,0.6279005575216821,-201,-12,thymio-01
84,1788311624.2514985,10000.0,10000.0,0.0,93.8158661428959,2.35135555267334,0.0713027939200401,-1.5113506317138672,-0.7039564847946167,-0.138577714562416,0.0281100124120712,0.6960254311561584,5,1.0,1.0,-1.0,1.0,0,0,0.03,0.3957894767151302,47,166,thymio-01
85,1788311624.8548322,10000.0,10000.0,0.0,93.8158661428959,2.35135555267334,0.0713027939200401,-1.5113506317138672,-0.7039564847946167,-0.138577714562416,0.0281100124120712,0.6960254311561584,5,1.0,1.0,-1.0,1.0,0,0,0.03,-0.1768164042135533,133,80,thymio-01
86,1788311625.4581673,10000.0,10000.0,0.0,93.8158661428959,2.35135555267334,0.0713027939200401,-1.5113506317138672,-0.7039564847946167,-0.138577714562416,0.0281100124120712,0.6960254311561584,5,1.0,1.0,-1.0,1.0,0,0,0.03,-0.5327439277304686,187,26,thymio-01
87,1788311626.0613923,10000.0,10000.0,0.0,93.8158661428959,2.35135555267334,0.0713027939200401,-1.5113506317138672,-0.7039564847946167,-0.138577714562416,0.0281100124120712,0.6960254311561584,5,1.0,1.0,1.0,1.0,0,0,0.03,-0.6180370581035731,200,13,thymio-01
88,1788311626.6647322,10000.0,10000.0,0.0,93.8158661428959,2.35135555267334,0.0713027939200401,-1.5113506317138672,-0.7039564847946167,-0.138577714562416,0.0281100124120712,0.6960254311561584,5,1.0,1.0,1.0,1.0,0,0,0.03,-0.6259809504631795,201,12,thymio-01
89,1788311627.2681267,10000.0,10000.0,0.0,93.8158661428959,2.35135555267334,0.0713027939200401,-1.5113506317138672,-0.7039564847946167,-0.138577714562416,0.0281100124120712,0.6960254311561584,5,1.0,1.0,1.0,1.0,0,0,0.03,-0.6279552953202313,201,12,thymio-01
90,1788311627.8719568,10000.0,10000.0,0.0,93.8158661428959,2.35135555267334,0.0713027939200401,-1.5113506317138672,-0.7039564847946167,-0.138577714562416,0.0281100124120712,0.6960254311561584,5,1.0,1.0,1.0,1.0,0,0,0.03,-0.6279813101048047,201,12,thymio-01
91,1788311628.4748938,10000.0,10000.0,0.0,93.8158661428959,2.35135555267334,0.0713027939200401,-1.5113506317138672,-0.7039564847946167,-0.138577714562416,0.0281100124120712,0.6960254311561584,5,1.0,1.0,1.0,1.0,0,0,0.03,-0.6280295246352813,201,12,thymio-01
92,1788311629.0784423,10000.0,10000.0,0.0,93.8158661428959,2.35135555267334,0.0713027939200401,-1.5113506317138672,-0.7039564847946167,-0.138577714562416,0.0281100124120712,0.6960254311561584,5,1.0,1.0,1.0,1.0,0,0,0.03,-0.6280420530175896,201,12,thymio-01
93,1788311629.6815126,10000.0,10000.0,0.0,93.8158661428959,2.35135555267334,0.0713027939200401,-1.5113506317138672,-0.7039564847946167,-0.138577714562416,0.0281100124120712,0.6960254311561584,5,1.0,1.0,1.0,1.0,0,0,0.03,-0.6280535352631026,201,12,thymio-01
94,1788311630.284919,10000.0,10000.0,0.0,93.8158661428959,2.35135555267334,0.0713027939200401,-1.5113506317138672,-0.7039564847946167,-0.138577714562416,0.0281100124120712,0.6960254311561584,5,1.0,1.0,1.0,1.0,0,0,0.03,-0.6280611834754156,201,12,thymio-01
95,1788311630.8886468,10000.0,10000.0,0.0,93.8158661428959,2.35135555267334,0.0713027939200401,-1.5113506317138672,-0.7039564847946167,-0.138577714562416,0.0281100124120712,0.6960254311561584,5,1.0,1.0,1.0,1.0,0,0,0.03,-0.6280683243247605,201,12,thymio-01
96,1788311631.4914968,10000.0,10000.0,0.0,93.8158661428959,2.35135555267334,0.0713027939200401,-1.5113506317138672,-0.7039564847946167,-0.138577714562416,0.0281100124120712,0.6960254311561584,5,1.0,1.0,1.0,1.0,0,0,0.03,-0.6280745740669162,201,12,thymio-01
97,1788311632.0943837,10000.0,10000.0,0.0,93.8158661428959,2.35135555267334,0.0713027939200401,-1.5113506317138672,-0.7039564847946167,-0.138577714562416,0.0281100124120712,0.6960254311561584,5,1.0,1.0,-1.0,1.0,0,0,0.03,-0.627375873837883,201,12,thymio-01
98,1788311632.6976905,10000.0,10000.0,0.0,93.8158661428959,2.35135555267334,0.0713027939200401,-1.5113506317138672,-0.7039564847946167,-0.138577714562416,0.0281100124120712,0.6960254311561584,5,1.0,1.0,-1.0,1.0,0,0,0.03,-0.6260471716699477,201,12,thymio-01
99,1788311633.300591,10000.0,10000.0,0.0,93.8158661428959,2.35135555267334,0.0713027939200401,-1.5113506317138672,-0.7039564847946167,-0.138577714562416,0.0281100124120712,0.6960254311561584,5,1.0,1.0,1.0,1.0,0,0,0.03,-0.6275365710780224,201,12,thymio-01
100,1788311633.904515,10000.0,10000.0,0.0,93.8158661428959,2.35135555267334,0.0713027939200401,-1.5113506317138672,-0.7039564847946167,-0.138577714562416,0.0281100124120712,0.6960254311561584,5,1.0,1.0,1.0,1.0,0,0,0.03,-0.6274848771062029,201,12,thymio-01
101,1788311634.507944,10000.0,10000.0,0.0,93.8158661428959,2.35135555267334,0.0713027939200401,-1.5113506317138672,-0.7039564847946167,-0.138577714562416,0.0281100124120712,0.6960254311561584,5,1.0,1.0,1.0,1.0,0,0,0.03,-0.6275538975218606,201,12,thymio-01
102,1788311635.1115942,10000.0,10000.0,0.0,93.8158661428959,2.35135555267334,0.0713027939200401,-1.5113506317138672,-0.7039564847946167,-0.138577714562416,0.0281100124120712,0.6960254311561584,5,1.0,1.0,1.0,1.0,0,0,0.03,-0.627524701639827,201,12,thymio-01
103,1788311635.7142673,10000.0,10000.0,0.0,93.8158661428959,2.35135555267334,0.0713027939200401,-1.5113506317138672,-0.7039564847946167,-0.138577714562416,0.0281100124120712,0.6960254311561584,5,1.0,1.0,1.0,1.0,0,0,0.03,-0.6275869953599942,201,12,thymio-01
104,1788311636.31751,10000.0,10000.0,0.0,93.8158661428959,2.35135555267334,0.0713027939200401,-1.5113506317138672,-0.7039564847946167,-0.138577714562416,0.0281100124120712,0.6960254311561584,5,1.0,1.0,1.0,1.0,0,0,0.03,-0.6276343389344506,201,12,thymio-01
105,1788311636.9209025,10000.0,10000.0,0.0,93.8158661428959,2.35135555267334,0.0713027939200401,-1.5113506317138672,-0.7039564847946167,-0.138577714562416,0.0281100124120712,0.6960254311561584,5,1.0,1.0,1.0,1.0,0,0,0.03,-0.6276891921987059,201,12,thymio-01
106,1788311637.523845,10000.0,10000.0,0.0,93.8158661428959,2.35135555267334,0.0713027939200401,-1.5113506317138672,-0.7039564847946167,-0.138577714562416,0.0281100124120712,0.6960254311561584,5,1.0,1.0,1.0,1.0,0,0,0.03,-0.6277356334010602,201,12,thymio-01
107,1788311638.1278863,10000.0,10000.0,0.0,93.8158661428959,2.35135555267334,0.0713027939200401,-1.5113506317138672,-0.7039564847946167,-0.138577714562416,0.0281100124120712,0.6960254311561584,5,1.0,1.0,1.0,1.0,0,0,0.03,-0.6277775388354263,201,12,thymio-01
108,1788311638.7308145,10000.0,10000.0,0.0,93.8158661428959,2.35135555267334,0.0713027939200401,-1.5113506317138672,-0.7039564847946167,-0.138577714562416,0.0281100124120712,0.6960254311561584,5,1.0,1.0,1.0,1.0,0,0,0.03,-0.6278129998656985,201,12,thymio-01
109,1788311639.3341813,10000.0,10000.0,0.0,93.8158661428959,2.35135555267334,0.0713027939200401,-1.5113506317138672,-0.7039564847946167,-0.138577714562416,0.0281100124120712,0.6960254311561584,5,1.0,1.0,1.0,1.0,0,0,0.03,-0.6278433079356565,201,12,thymio-01
110,1788311639.937207,10000.0,10000.0,0.0,93.8158661428959,2.35135555267334,0.0713027939200401,-1.5113506317138672,-0.7039564847946167,-0.138577714562416,0.0281100124120712,0.6960254311561584,5,1.0,1.0,1.0,1.0,0,0,0.03,-0.6278687626253447,201,12,thymio-01
111,1788311640.5399776,10000.0,10000.0,0.0,93.8158661428959,2.35135555267334,0.0713027939200401,-1.5113506317138672,-0.7039564847946167,-0.138577714562416,0.0281100124120712,0.6960254311561584,5,1.0,1.0,1.0,1.0,0,0,0.03,-0.6278901715086059,201,12,thymio-01
112,1788311641.143479,10000.0,10000.0,0.0,93.8158661428959,2.35135555267334,0.0713027939200401,-1.5113506317138672,-0.7039564847946167,-0.138577714562416,0.0281100124120712,0.6960254311561584,5,1.0,1.0,1.0,1.0,0,0,0.03,-0.6279080951297703,201,12,thymio-01
113,1788311641.7467968,10000.0,10000.0,0.0,93.8158661428959,2.35135555267334,0.0713027939200401,-1.5113506317138672,-0.7039564847946167,-0.138577714562416,0.0281100124120712,0.6960254311561584,5,1.0,1.0,1.0,1.0,0,0,0.03,-0.6279231163228489,201,12,thymio-01
114,1788311642.3512557,10000.0,10000.0,0.0,93.8158661428959,2.35135555267334,0.0713027939200401,-1.5113506317138672,-0.7039564847946167,-0.138577714562416,0.0281100124120712,0.6960254311561584,5,1.0,1.0,1.0,1.0,0,0,0.03,-0.6279357021758095,201,12,thymio-01
115,1788311642.9542894,10000.0,10000.0,0.0,93.8158661428959,2.35135555267334,0.0713027939200401,-1.5113506317138672,-0.7039564847946167,-0.138577714562416,0.0281100124120712,0.6960254311561584,5,1.0,1.0,1.0,1.0,0,0,0.03,-0.627946263738663,201,12,thymio-01
116,1788311643.5573957,10000.0,10000.0,0.0,93.8158661428959,2.35135555267334,0.0713027939200401,-1.5113506317138672,-0.7039564847946167,-0.138577714562416,0.0281100124120712,0.6960254311561584,5,1.0,1.0,1.0,1.0,0,0,0.03,-0.6279551376424661,201,12,thymio-01
117,1788311644.1601894,10000.0,10000.0,0.0,93.8158661428959,2.35135555267334,0.0713027939200401,-1.5113506317138672,-0.7039564847946167,-0.138577714562416,0.0281100124120712,0.6960254311561584,5,1.0,1.0,1.0,1.0,0,0,0.03,-0.6279626065994788,201,12,thymio-01
118,1788311644.7645912,10000.0,10000.0,0.0,93.8158661428959,2.35135555267334,0.0713027939200401,-1.5113506317138672,-0.7039564847946167,-0.138577714562416,0.0281100124120712,0.6960254311561584,5,1.0,1.0,1.0,1.0,0,0,0.03,-0.6279689031172536,201,12,thymio-01
119,1788311645.3676145,10000.0,10000.0,0.0,93.8158661428959,2.35135555267334,0.0713027939200401,-1.5113506317138672,-0.7039564847946167,-0.138577714562416,0.0281100124120712,0.6960254311561584,5,1.0,1.0,1.0,1.0,0,0,0.03,-0.627974220066302,201,12,thymio-01
120,1788311645.971123,10000.0,10000.0,0.0,93.8158661428959,2.35135555267334,0.0713027939200401,-1.5113506317138672,-0.7039564847946167,-0.138577714562416,0.0281100124120712,0.6960254311561584,5,1.0,1.0,1.0,1.0,0,0,0.03,-0.6279787166562228,201,12,thymio-01
121,1788311646.5738184,10000.0,10000.0,0.0,93.8158661428959,2.35135555267334,0.0713027939200401,-1.5113506317138672,-0.7039564847946167,-0.138577714562416,0.0281100124120712,0.6960254311561584,5,1.0,1.0,1.0,1.0,0,0,0.03,-0.6279825249047474,201,12,thymio-01
122,1788311647.177854,10000.0,10000.0,0.0,93.8158661428959,2.35135555267334,0.0713027939200401,-1.5113506317138672,-0.7039564847946167,-0.138577714562416,0.0281100124120712,0.6960254311561584,5,1.0,1.0,1.0,1.0,0,0,0.03,-0.6279857543283017,201,12,thymio-01
123,1788311647.781117,10000.0,10000.0,0.0,93.8158661428959,2.35135555267334,0.0713027939200401,-1.5113506317138672,-0.7039564847946167,-0.138577714562416,0.0281100124120712,0.6960254311561584,5,1.0,1.0,1.0,1.0,0,0,0.03,-0.6279884960860621,201,12,thymio-01
124,1788311648.3843434,10000.0,10000.0,0.0,93.8158661428959,2.35135555267334,0.0713027939200401,-1.5113506317138672,-0.7039564847946167,-0.138577714562416,0.0281100124120712,0.6960254311561584,5,1.0,1.0,1.0,1.0,0,0,0.03,-0.6279908262122736,201,12,thymio-01
125,1788311648.987681,10000.0,10000.0,0.0,93.8158661428959,2.35135555267334,0.0713027939200401,-1.5113506317138672,-0.7039564847946167,-0.138577714562416,0.0281100124120712,0.6960254311561584,5,1.0,1.0,1.0,1.0,0,0,0.03,-0.6279928083084243,201,12,thymio-01
126,1788311649.591404,10000.0,10000.0,0.0,93.8158661428959,2.35135555267334,0.0713027939200401,-1.5113506317138672,-0.7039564847946167,-0.138577714562416,0.0281100124120712,0.6960254311561584,5,1.0,1.0,1.0,1.0,0,0,0.03,-0.6279944956994672,201,12,thymio-01
127,1788311650.1947713,10000.0,10000.0,0.0,93.8158661428959,2.35135555267334,0.0713027939200401,-1.5113506317138672,-0.7039564847946167,-0.138577714562416,0.0281100124120712,0.6960254311561584,5,1.0,1.0,1.0,1.0,0,0,0.03,-0.6279959332030413,201,12,thymio-01
128,1788311650.798255,10000.0,10000.0,0.0,93.8158661428959,2.35135555267334,0.0713027939200401,-1.5113506317138672,-0.7039564847946167,-0.138577714562416,0.0281100124120712,0.6960254311561584,5,1.0,1.0,1.0,1.0,0,0,0.03,-0.6279971585659286,201,12,thymio-01
129,1788311651.402265,10000.0,10000.0,0.0,93.8158661428959,2.35135555267334,0.0713027939200401,-1.5113506317138672,-0.7039564847946167,-0.138577714562416,0.0281100124120712,0.6960254311561584,5,1.0,1.0,1.0,1.0,0,0,0.03,-0.6279982036429343,201,12,thymio-01
130,1788311652.0058362,10000.0,10000.0,0.0,93.8158661428959,2.35135555267334,0.0713027939200401,-1.5113506317138672,-0.7039564847946167,-0.138577714562416,0.0281100124120712,0.6960254311561584,5,1.0,1.0,1.0,1.0,0,0,0.03,-0.6279990953635453,201,12,thymio-01
131,1788311652.6088526,10000.0,10000.0,0.0,93.8158661428959,2.35135555267334,0.0713027939200401,-1.5113506317138672,-0.7039564847946167,-0.138577714562416,0.0281100124120712,0.6960254311561584,5,1.0,1.0,1.0,1.0,0,0,0.03,-0.6279998565294777,201,12,thymio-01
132,1788311653.212594,10000.0,10000.0,0.0,93.8158661428959,2.35135555267334,0.0713027939200401,-1.5113506317138672,-0.7039564847946167,-0.138577714562416,0.0281100124120712,0.6960254311561584,5,1.0,1.0,1.0,1.0,0,0,0.03,-0.6280005064741399,201,12,thymio-01
133,1788311653.8159652,10000.0,10000.0,0.0,93.8158661428959,2.35135555267334,0.0713027939200401,-1.5113506317138672,-0.7039564847946167,-0.138577714562416,0.0281100124120712,0.6960254311561584,5,1.0,1.0,1.0,1.0,0,0,0.03,-0.6280010616102957,201,12,thymio-01
134,1788311654.4188929,10000.0,10000.0,0.0,93.8158661428959,2.35135555267334,0.0713027939200401,-1.5113506317138672,-0.7039564847946167,-0.138577714562416,0.0281100124120712,0.6960254311561584,5,1.0,1.0,1.0,1.0,0,0,0.03,-0.62800153588618,201,12,thymio-01
135,1788311655.0232892,10000.0,10000.0,0.0,93.8158661428959,2.35135555267334,0.0713027939200401,-1.5113506317138672,-0.7039564847946167,-0.138577714562416,0.0281100124120712,0.6960254311561584,5,1.0,1.0,1.0,1.0,0,0,0.03,-0.6280019411666558,201,12,thymio-01
136,1788311655.626439,10000.0,10000.0,0.0,93.8158661428959,2.35135555267334,0.0713027939200401,-1.5113506317138672,-0.7039564847946167,-0.138577714562416,0.0281100124120712,0.6960254311561584,5,1.0,1.0,1.0,1.0,0,0,0.03,-0.6280022875525844,201,12,thymio-01
137,1788311656.2291944,10000.0,10000.0,0.0,93.8158661428959,2.35135555267334,0.0713027939200401,-1.5113506317138672,-0.7039564847946167,-0.138577714562416,0.0281100124120712,0.6960254311561584,5,1.0,1.0,1.0,1.0,0,0,0.03,-0.6280025836491427,201,12,thymio-01
138,1788311656.8325925,10000.0,10000.0,0.0,93.8158661428959,2.35135555267334,0.0713027939200401,-1.5113506317138672,-0.7039564847946167,-0.138577714562416,0.0281100124120712,0.6960254311561584,5,1.0,1.0,1.0,1.0,0,0,0.03,-0.6280028367917581,201,12,thymio-01
139,1788311657.4358475,10000.0,10000.0,0.0,93.8158661428959,2.35135555267334,0.0713027939200401,-1.5113506317138672,-0.7039564847946167,-0.138577714562416,0.0281100124120712,0.6960254311561584,5,1.0,1.0,1.0,1.0,0,0,0.03,-0.6280030532367548,201,12,thymio-01
140,1788311658.0395684,10000.0,10000.0,0.0,93.8158661428959,2.35135555267334,0.0713027939200401,-1.5113506317138672,-0.7039564847946167,-0.138577714562416,0.0281100124120712,0.6960254311561584,5,1.0,1.0,1.0,1.0,0,0,0.03,-0.6280032383225169,201,12,thymio-01
141,1788311658.6426718,10000.0,10000.0,0.0,93.8158661428959,2.35135555267334,0.0713027939200401,-1.5113506317138672,-0.7039564847946167,-0.138577714562416,0.0281100124120712,0.6960254311561584,5,1.0,1.0,1.0,1.0,0,0,0.03,-0.6280033966059472,201,12,thymio-01
142,1788311659.2471085,10000.0,10000.0,0.0,93.8158661428959,2.35135555267334,0.0713027939200401,-1.5113506317138672,-0.7039564847946167,-0.138577714562416,0.0281100124120712,0.6960254311561584,5,1.0,1.0,1.0,1.0,0,0,0.03,-0.6280035319781728,201,12,thymio-01
143,1788311659.8508132,10000.0,10000.0,0.0,93.8158661428959,2.35135555267334,0.0713027939200401,-1.5113506317138672,-0.7039564847946167,-0.138577714562416,0.0281100124120712,0.6960254311561584,5,1.0,1.0,1.0,1.0,0,0,0.03,-0.6280036477627744,201,12,thymio-01
144,1788311660.453729,10000.0,10000.0,0.0,93.8158661428959,2.35135555267334,0.0713027939200401,-1.5113506317138672,-0.7039564847946167,-0.138577714562416,0.0281100124120712,0.6960254311561584,5,1.0,1.0,1.0,1.0,0,0,0.03,-0.6280037467992693,201,12,thymio-01
145,1788311661.0567875,10000.0,10000.0,0.0,93.8158661428959,2.35135555267334,0.0713027939200401,-1.5113506317138672,-0.7039564847946167,-0.138577714562416,0.0281100124120712,0.6960254311561584,5,1.0,1.0,1.0,1.0,0,0,0.03,-0.628003831514129,201,12,thymio-01
146,1788311661.660027,10000.0,10000.0,0.0,93.8158661428959,2.35135555267334,0.0713027939200401,-1.5113506317138672,-0.7039564847946167,-0.138577714562416,0.0281100124120712,0.6960254311561584,5,1.0,1.0,1.0,1.0,0,0,0.03,-0.6280039039812396,201,12,thymio-01
147,1788311662.2634635,10000.0,10000.0,0.0,93.8158661428959,2.35135555267334,0.0713027939200401,-1.5113506317138672,-0.7039564847946167,-0.138577714562416,0.0281100124120712,0.6960254311561584,5,1.0,1.0,1.0,1.0,0,0,0.03,-0.6280039659734127,201,12,thymio-01
148,1788311662.8668134,10000.0,10000.0,0.0,93.8158661428959,2.35135555267334,0.0713027939200401,-1.5113506317138672,-0.7039564847946167,-0.138577714562416,0.0281100124120712,0.6960254311561584,5,1.0,1.0,1.0,1.0,0,0,0.03,-0.628004019006296,201,12,thymio-01
149,1788311663.4701023,0.418302446603775,0.979731023311615,-1.2061671765534756,93.8158661428959,0.418302446603775,0.10198625177145,0.979731023311615,-0.6446540951728821,-0.4492262303829193,-0.2829283475875854,0.5500622391700745,5,-0.1720628493696273,-0.983083778358915,0.0158560044283848,1.0,0,0,0.0,-0.6096809869729246,92,-92,thymio-01
150,1788311664.077748,0.418302446603775,0.979731023311615,-1.2061671765534756,93.7158661428959,0.418302446603775,0.10198625177145,0.979731023311615,-0.6446540951728821,-0.4492262303829193,-0.2829283475875854,0.5500622391700745,5,-0.1720628493696273,-0.983083778358915,0.0158560044283848,1.0,0,0,0.0,-0.6101763256550881,92,-92,thymio-01
151,1788311664.6809578,10000.0,10000.0,0.0,93.7158661428959,0.418302446603775,0.10198625177145,0.979731023311615,-0.6446540951728821,-0.4492262303829193,-0.2829283475875854,0.5500622391700745,5,1.0,1.0,1.0,1.0,0,0,0.03,-0.565548329906044,192,21,thymio-01
152,1788311665.2844412,0.471753180027008,0.96876323223114,-1.126542028591122,93.7158661428959,0.471753180027008,0.1053287461400032,0.96876323223114,-0.6268424391746521,-0.4729260206222534,-0.2387765198945999,0.5713101625442505,5,-0.179763819366194,-0.9816584971560616,-0.2933226743452799,1.0,0,0,0.0,-0.5623892490101364,85,-85,thymio-01
153,1788311665.8928366,0.471753180027008,0.96876323223114,-1.126542028591122,93.61586614289592,0.471753180027008,0.1053287461400032,0.96876323223114,-0.6268424391746521,-0.4729260206222534,-0.2387765198945999,0.5713101625442505,5,-0.179763819366194,-0.9816584971560616,-0.2933226743452799,1.0,0,0,0.0,-0.0817410964169277,12,-12,thymio-01
154,1788311666.495751,10000.0,10000.0,0.0,93.61586614289592,0.471753180027008,0.1053287461400032,0.96876323223114,-0.6268424391746521,-0.4729260206222534,-0.2387765198945999,0.5713101625442505,5,1.0,1.0,1.0,1.0,0,0,0.03,-0.4447563691699518,174,39,thymio-01
155,1788311667.0994363,10000.0,10000.0,0.0,93.61586614289592,0.471753180027008,0.1053287461400032,0.96876323223114,-0.6268424391746521,-0.4729260206222534,-0.2387765198945999,0.5713101625442505,5,1.0,1.0,1.0,1.0,0,0,0.03,-0.5532398621724925,190,23,thymio-01
156,1788311667.702145,10000.0,10000.0,0.0,93.61586614289592,0.471753180027008,0.1053287461400032,0.96876323223114,-0.6268424391746521,-0.4729260206222534,-0.2387765198945999,0.5713101625442505,5,1.0,1.0,1.0,1.0,0,0,0.03,-0.2554933534242066,145,68,thymio-01
157,1788311668.3060195,0.3432771563529968,0.8592997789382935,-1.2366618717095612,93.61586614289592,0.3432771563529968,0.1040204837918281,0.8592997789382935,-0.5240813493728638,0.2856428623199463,0.4213436245918274,0.6828005313873291,5,0.062830995777807,1.0,-0.7427861047632203,-0.9880043507079936,0,0,0.0,0.0119525850604659,-2,2,thymio-01
158,1788311668.9144492,0.3432771563529968,0.8592997789382935,-1.2366618717095612,93.51586614289592,0.3432771563529968,0.1040204837918281,0.8592997789382935,-0.5240813493728638,0.2856428623199463,0.4213436245918274,0.6828005313873291,5,0.062830995777807,1.0,-0.7427861047632203,-0.9880043507079936,0,0,0.0,0.2800502605312754,-42,42,thymio-01
159,1788311669.518881,10000.0,10000.0,0.0,93.51586614289592,0.3432771563529968,0.1040204837918281,0.8592997789382935,-0.5240813493728638,0.2856428623199463,0.4213436245918274,0.6828005313873291,5,1.0,1.0,1.0,1.0,0,0,0.03,0.5786220677331757,19,194,thymio-01
160,1788311670.1224554,10000.0,10000.0,0.0,93.51586614289592,0.3432771563529968,0.1040204837918281,0.8592997789382935,-0.5240813493728638,0.2856428623199463,0.4213436245918274,0.6828005313873291,5,1.0,1.0,1.0,1.0,0,0,-0.03,0.6162103007448042,-200,-14,thymio-01
161,1788311670.7261603,10000.0,10000.0,0.0,93.51586614289592,0.3432771563529968,0.1040204837918281,0.8592997789382935,-0.5240813493728638,0.2856428623199463,0.4213436245918274,0.6828005313873291,5,1.0,1.0,1.0,1.0,0,0,0.03,0.5914730636616379,17,196,thymio-01
162,1788311671.3297255,10000.0,10000.0,0.0,93.51586614289592,0.3432771563529968,0.1040204837918281,0.8592997789382935,-0.5240813493728638,0.2856428623199463,0.4213436245918274,0.6828005313873291,5,1.0,1.0,1.0,1.0,0,0,0.03,-0.5452435899935021,189,24,thymio-01
163,1788311671.9334202,10000.0,10000.0,0.0,93.51586614289592,0.3432771563529968,0.1040204837918281,0.8592997789382935,-0.5240813493728638,0.2856428623199463,0.4213436245918274,0.6828005313873291,5,1.0,1.0,1.0,1.0,0,0,0.03,-0.6252526689610285,201,12,thymio-01
164,1788311672.5363104,10000.0,10000.0,0.0,93.51586614289592,0.3432771563529968,0.1040204837918281,0.8592997789382935,-0.5240813493728638,0.2856428623199463,0.4213436245918274,0.6828005313873291,5,1.0,1.0,1.0,1.0,0,0,0.03,-0.6275752451131338,201,12,thymio-01
165,1788311673.1397018,10000.0,10000.0,0.0,93.51586614289592,0.3432771563529968,0.1040204837918281,0.8592997789382935,-0.5240813493728638,0.2856428623199463,0.4213436245918274,0.6828005313873291,5,1.0,1.0,1.0,1.0,1149,0,0.03,-0.6279071455183156,201,12,thymio-01
166,1788311673.743322,10000.0,10000.0,0.0,93.51586614289592,0.3432771563529968,0.1040204837918281,0.8592997789382935,-0.5240813493728638,0.2856428623199463,0.4213436245918274,0.6828005313873291,5,1.0,1.0,1.0,1.0,1907,0,0.03,-0.6279993762059385,201,12,thymio-01
167,1788311674.347093,10000.0,10000.0,0.0,93.51586614289592,0.3432771563529968,0.1040204837918281,0.8592997789382935,-0.5240813493728638,0.2856428623199463,0.4213436245918274,0.6828005313873291,5,1.0,1.0,1.0,1.0,2191,0,-0.08,-0.6280370846194573,-189,-379,thymio-01
168,1788311674.9505727,10000.0,10000.0,0.0,93.51586614289592,0.3432771563529968,0.1040204837918281,0.8592997789382935,-0.5240813493728638,0.2856428623199463,0.4213436245918274,0.6828005313873291,5,1.0,1.0,1.0,1.0,0,0,0.03,-0.6280559819283825,201,12,thymio-01
169,1788311675.5540526,0.3789818584918976,0.9997671246528624,-1.20650129466655,93.51586614289592,0.3789818584918976,0.1033791154623031,0.9997671246528624,-0.6425396203994751,-0.4491129517555237,-0.2635285556316376,0.5621326565742493,5,-0.0034209798618329,-0.9835647327734534,-0.8210270178423302,1.0,0,0,0.0,-0.3326169418913606,50,-50,thymio-01
170,1788311676.162465,0.3789818584918976,0.9997671246528624,-1.20650129466655,93.41586614289592,0.3789818584918976,0.1033791154623031,0.9997671246528624,-0.6425396203994751,-0.4491129517555237,-0.2635285556316376,0.5621326565742493,5,-0.0034209798618329,-0.9835647327734534,-0.8210270178423302,1.0,0,0,0.0,0.1624088516135011,-25,25,thymio-01
171,1788311676.765211,10000.0,10000.0,0.0,93.41586614289592,0.3789818584918976,0.1033791154623031,0.9997671246528624,-0.6425396203994751,-0.4491129517555237,-0.2635285556316376,0.5621326565742493,5,1.0,1.0,1.0,1.0,0,0,0.03,-0.0021581105192685,107,106,thymio-01
172,1788311677.3686569,10000.0,10000.0,0.0,93.41586614289592,0.3789818584918976,0.1033791154623031,0.9997671246528624,-0.6425396203994751,-0.4491129517555237,-0.2635285556316376,0.5621326565742493,5,1.0,1.0,1.0,1.0,0,0,0.03,0.0544643065184514,98,115,thymio-01
173,1788311677.9730322,10000.0,10000.0,0.0,93.41586614289592,0.3789818584918976,0.1033791154623031,0.9997671246528624,-0.6425396203994751,-0.4491129517555237,-0.2635285556316376,0.5621326565742493,5,1.0,1.0,1.0,1.0,0,0,0.03,0.6014459332130122,16,197,thymio-01
174,1788311678.576075,10000.0,10000.0,0.0,93.41586614289592,0.3789818584918976,0.1033791154623031,0.9997671246528624,-0.6425396203994751,-0.4491129517555237,-0.2635285556316376,0.5621326565742493,5,1.0,1.0,1.0,1.0,0,0,0.03,0.6282906039046878,12,201,thymio-01
175,1788311679.1807704,10000.0,10000.0,0.0,93.41586614289592,0.3789818584918976,0.1033791154623031,0.9997671246528624,-0.6425396203994751,-0.4491129517555237,-0.2635285556316376,0.5621326565742493,5,1.0,1.0,1.0,1.0,2124,0,-0.08,0.6283046386596709,-379,-189,thymio-01
176,1788311679.7839177,10000.0,10000.0,0.0,93.41586614289592,0.3789818584918976,0.1033791154623031,0.9997671246528624,-0.6425396203994751,-0.4491129517555237,-0.2635285556316376,0.5621326565742493,5,1.0,1.0,1.0,1.0,1796,0,-0.03,0.6283097137503812,-201,-12,thymio-01
177,1788311680.3867831,10000.0,10000.0,0.0,93.41586614289592,0.3789818584918976,0.1033791154623031,0.9997671246528624,-0.6425396203994751,-0.4491129517555237,-0.2635285556316376,0.5621326565742493,5,1.0,1.0,1.0,1.0,0,0,-0.03,0.6282113462533304,-201,-12,thymio-01
178,1788311680.9902034,10000.0,10000.0,0.0,93.41586614289592,0.3789818584918976,0.1033791154623031,0.9997671246528624,-0.6425396203994751,-0.4491129517555237,-0.2635285556316376,0.5621326565742493,5,1.0,1.0,1.0,1.0,0,0,-0.03,0.6269262405157424,-201,-12,thymio-01
179,1788311681.5932355,10000.0,10000.0,0.0,93.41586614289592,0.3789818584918976,0.1033791154623031,0.9997671246528624,-0.6425396203994751,-0.4491129517555237,-0.2635285556316376,0.5621326565742493,5,1.0,1.0,1.0,1.0,0,0,0.03,0.5554825026103901,23,190,thymio-01
180,1788311682.1965735,0.2924177646636963,0.873736560344696,-1.168181137713872,93.41586614289592,0.2924177646636963,0.1045667603611946,0.873736560344696,-0.5072382092475891,0.3086285591125488,0.4411391913890838,0.6729443669319153,5,0.1454817934874031,1.0,-0.8045084029864228,-0.985543973942275,0,0,0.0,-0.1697315763651181,26,-26,thymio-01
181,1788311682.804306,0.28765469789505,0.8737219572067261,-1.1065927771600474,93.31586614289591,0.28765469789505,0.1045039445161819,0.8737219572067261,-0.4943164885044098,0.3302693367004394,0.4564277827739715,0.6620023846626282,5,0.1352455773722789,1.0,-0.802466373296365,-0.9857385622537552,0,0,0.0,0.1833463133533728,-28,28,thymio-01
182,1788311683.4128163,0.28765469789505,0.8737219572067261,-1.1065927771600474,93.21586614289592,0.28765469789505,0.1045039445161819,0.8737219572067261,-0.4943164885044098,0.3302693367004394,0.4564277827739715,0.6620023846626282,5,0.1352455773722789,1.0,-0.802466373296365,-0.9857385622537552,0,0,0.0,0.5321497457068075,-80,80,thymio-01
183,1788311684.0158343,10000.0,10000.0,0.0,93.21586614289592,0.28765469789505,0.1045039445161819,0.8737219572067261,-0.4943164885044098,0.3302693367004394,0.4564277827739715,0.6620023846626282,5,1.0,1.0,-1.0,1.0,0,0,0.03,0.6178219076953707,13,200,thymio-01
184,1788311684.6189165,0.2770991325378418,0.8727776408195496,-1.0510118841783085,93.21586614289592,0.2770991325378418,0.1045581549406051,0.8727776408195496,0.4837773144245147,-0.3441299796104431,-0.4668242037296295,-0.6554458141326904,5,-0.9866550394453014,1.0,-0.7780338267610175,1.0,0,0,0.0,0.5798894990069903,-88,88,thymio-01
185,1788311685.2275295,0.2770991325378418,0.8727776408195496,-1.0510118841783085,93.11586614289594,0.2770991325378418,0.1045581549406051,0.8727776408195496,0.4837773144245147,-0.3441299796104431,-0.4668242037296295,-0.6554458141326904,5,-0.9866550394453014,1.0,-0.7780338267610175,1.0,0,0,0.0,0.5641694945528593,-85,85,thymio-01
186,1788311685.830479,10000.0,10000.0,0.0,93.11586614289594,0.2770991325378418,0.1045581549406051,0.8727776408195496,0.4837773144245147,-0.3441299796104431,-0.4668242037296295,-0.6554458141326904,5,1.0,1.0,1.0,1.0,0,0,0.03,0.6256702683725788,12,201,thymio-01
187,1788311686.4346557,10000.0,10000.0,0.0,93.11586614289594,0.2770991325378418,0.1045581549406051,0.8727776408195496,0.4837773144245147,-0.3441299796104431,-0.4668242037296295,-0.6554458141326904,5,1.0,1.0,1.0,1.0,0,0,0.03,0.6150536225645232,14,199,thymio-01
188,1788311687.0374415,10000.0,10000.0,0.0,93.11586614289594,0.2770991325378418,0.1045581549406051,0.8727776408195496,0.4837773144245147,-0.3441299796104431,-0.4668242037296295,-0.6554458141326904,5,1.0,1.0,1.0,1.0,0,0,0.03,0.6275261188062167,12,201,thymio-01
189,1788311687.6407845,10000.0,10000.0,0.0,93.11586614289594,0.2770991325378418,0.1045581549406051,0.8727776408195496,0.4837773144245147,-0.3441299796104431,-0.4668242037296295,-0.6554458141326904,5,1.0,1.0,1.0,1.0,0,0,0.03,0.6281895347034964,12,201,thymio-01
190,1788311688.2439237,10000.0,10000.0,0.0,93.11586614289594,0.2770991325378418,0.1045581549406051,0.8727776408195496,0.4837773144245147,-0.3441299796104431,-0.4668242037296295,-0.6554458141326904,5,1.0,1.0,1.0,1.0,0,0,-0.03,0.6283151488618232,-201,-12,thymio-01
191,1788311688.8476338,10000.0,10000.0,0.0,93.11586614289594,0.2770991325378418,0.1045581549406051,0.8727776408195496,0.4837773144245147,-0.3441299796104431,-0.4668242037296295,-0.6554458141326904,5,1.0,1.0,1.0,1.0,0,0,-0.03,0.6256859311741081,-201,-12,thymio-01
192,1788311689.4511008,10000.0,10000.0,0.0,93.11586614289594,0.2770991325378418,0.1045581549406051,0.8727776408195496,0.4837773144245147,-0.3441299796104431,-0.4668242037296295,-0.6554458141326904,5,1.0,1.0,1.0,1.0,0,0,0.03,0.4945356869568805,32,181,thymio-01
193,1788311690.0538683,10000.0,10000.0,0.0,93.11586614289594,0.2770991325378418,0.1045581549406051,0.8727776408195496,0.4837773144245147,-0.3441299796104431,-0.4668242037296295,-0.6554458141326904,5,1.0,1.0,1.0,1.0,0,0,0.03,-0.483632644199811,180,34,thymio-01
194,1788311690.6575804,10000.0,10000.0,0.0,93.11586614289594,0.2770991325378418,0.1045581549406051,0.8727776408195496,0.4837773144245147,-0.3441299796104431,-0.4668242037296295,-0.6554458141326904,5,1.0,1.0,1.0,1.0,0,0,0.03,-0.62446036708912,201,12,thymio-01
195,1788311691.2609625,10000.0,10000.0,0.0,93.11586614289594,0.2770991325378418,0.1045581549406051,0.8727776408195496,0.4837773144245147,-0.3441299796104431,-0.4668242037296295,-0.6554458141326904,5,1.0,1.0,1.0,1.0,0,0,0.03,-0.6274581745986642,201,12,thymio-01
196,1788311691.8640847,0.1542517989873886,0.9007059335708618,-0.1783974736982463,93.11586614289594,0.1542517989873886,0.1062088161706924,0.9007059335708618,0.377858966588974,-0.4644714295864105,-0.5342007875442505,-0.5967565774917603,5,-0.990321199495042,1.0,-0.7202065176847274,1.0,0,0,0.0,-0.5765093286080135,87,-87,thymio-01
197,1788311692.472657,0.1542517989873886,0.9007059335708618,-0.1783974736982463,93.01586614289594,0.1542517989873886,0.1062088161706924,0.9007059335708618,0.377858966588974,-0.4644714295864105,-0.5342007875442505,-0.5967565774917603,5,-0.990321199495042,1.0,-0.7202065176847274,1.0,0,0,0.0,-0.6060437396516909,92,-92,thymio-01
198,1788311693.080868,0.1341430246829986,0.8951966762542725,-0.6113946267345964,92.89617127934,0.1341430246829986,0.1064334511756897,0.8951966762542725,0.4106661379337311,-0.4241232275962829,-0.5049681067466736,-0.6296667456626892,5,-0.9860415230311994,1.0,-0.6817642973850153,1.0,0,0,-0.0,-0.611132481160974,92,-92,thymio-01
1,1788311573.8186324,2.5810835361480717,1.4257230758666992,-2.150635281350113,100.0,2.5810835361480717,0.0897538289427757,1.4257230758666992,0.5720168352127075,0.1151501610875129,-0.1871270835399627,-0.7902661561965942,5,-0.7401421484048789,1.0,1.0,1.0,0,0,-0.0,0.0051260602016782,-1,1,thymio-07
2,1788311574.422536,2.7782976627349854,-0.1354141980409622,-1.499122318012431,100.0,2.7782976627349854,0.0771417021751403,-0.1354141980409622,0.5622233152389526,0.5879909992218018,0.1985103487968444,-0.5465941429138184,5,-0.7270732433122314,-0.7413591899376266,-0.5614449583439778,1.0,0,0,-0.0709176141002492,0.5989666109260854,-342,-162,thymio-07
3,1788311575.0304332,2.767221212387085,-0.1377785354852676,-1.5789371721961116,99.9,2.767221212387085,0.0768984854221344,-0.1377785354852676,0.5700559020042419,0.5721076130867004,0.1818798184394836,-0.5609357357025146,5,-0.725222148458063,1.0,-0.760380786808057,1.0,0,0,-0.0161634618515805,0.0589571799996624,-66,-49,thymio-07
4,1788311575.6391425,2.767221212387085,-0.1377785354852676,-1.5789371721961116,99.8,2.767221212387085,0.0768984854221344,-0.1377785354852676,0.5700559020042419,0.5721076130867004,0.1818798184394836,-0.5609357357025146,5,-0.725222148458063,1.0,-0.760380786808057,1.0,0,0,-0.0161634618515805,0.1379627933587138,-78,-37,thymio-07
5,1788311576.247265,2.737423181533813,-0.1412866562604904,-1.824355689569546,99.66211814224376,2.737423181533813,0.076779730618,-0.1412866562604904,0.5864379405975342,0.5076826214790344,0.1290531456470489,-0.6178141236305237,5,1.0,1.0,-0.7903452319696416,1.0,0,0,-0.010140608374102,0.5114509043076144,-113,41,thymio-07
6,1788311576.85597,2.71375036239624,-0.1407033801078796,-1.8697629113753904,99.55299416634836,2.71375036239624,0.0774108916521072,-0.1407033801078796,0.5970411896705627,0.4861800372600555,0.1082162782549858,-0.6288561224937439,5,-0.7154429568510303,1.0,-0.7883240728083492,1.0,0,0,-0.0105468613655218,0.5957375369235584,-127,52,thymio-07
7,1788311577.464489,2.6979994773864746,-0.1421854496002197,-2.053411321276479,99.45299416634836,2.6979994773864746,0.0770836025476455,-0.1421854496002197,0.602104663848877,0.3812705278396606,0.0253371000289917,-0.701042652130127,5,-0.7347863277995018,1.0,-0.7791777364356065,1.0,0,0,-0.0404699633769912,0.6204784829940204,-237,-50,thymio-07
8,1788311578.0722969,2.6979994773864746,-0.1421854496002197,-2.053411321276479,99.35299416634837,2.6979994773864746,0.0770836025476455,-0.1421854496002197,0.602104663848877,0.3812705278396606,0.0253371000289917,-0.701042652130127,5,-0.7347863277995018,1.0,-0.7791777364356065,1.0,0,0,-0.012385274976443,0.500167003882611,-120,32,thymio-07
9,1788311578.6802642,2.675816059112549,-0.1376135796308517,-2.1508036100661045,99.25033529687848,2.675816059112549,0.0775957182049751,-0.1376135796308517,0.5862348675727844,0.1627731174230575,-0.1511139124631881,-0.7791009545326233,5,-0.7837224792133008,1.0,-0.7662500881323373,1.0,0,0,-0.0114717816781265,0.3170533621725606,-89,7,thymio-07
10,1788311579.2888043,2.657301664352417,-0.1134814918041229,-2.1382058764175564,99.1503352968785,2.657301664352417,0.0778577253222465,-0.1134814918041229,0.5236347317695618,-0.0314858630299568,-0.2767646610736847,-0.805118978023529,5,-0.7810510746371302,1.0,-0.7358239907918732,1.0,0,0,-0.0120087339979368,0.1434944125814361,-64,-21,thymio-07
11,1788311579.897431,2.6518337726593018,-0.1012059599161148,-2.079791413628741,99.0503352968785,2.6518337726593018,0.0770962610840797,-0.1012059599161148,0.4895700514316559,-0.1332513839006424,-0.342391699552536,-0.7907801866531372,5,-0.756199196291353,1.0,-0.7139628086098433,1.0,0,0,-0.017003961545438,0.0921905004683495,-74,-46,thymio-07
12,1788311580.5070794,2.6518337726593018,-0.1012059599161148,-2.079791413628741,98.9503352968785,2.6518337726593018,0.0770962610840797,-0.1012059599161148,0.4895700514316559,-0.1332513839006424,-0.342391699552536,-0.7907801866531372,5,-0.756199196291353,1.0,-0.7139628086098433,1.0,0,0,-0.017003961545438,0.0892009824443084,-74,-47,thymio-07
13,1788311581.1154609,2.6518044471740723,-0.09254140406847,-2.064350886439774,98.85033529687853,2.6518044471740723,0.0778855234384536,-0.09254140406847,0.4645699262619018,-0.1873242557048797,-0.3593810200691223,-0.7873561382293701,5,-0.7418679622744128,1.0,-0.6939572225729058,1.0,0,0,-0.019884539582843,0.0922944538525431,-85,-57,thymio-07
14,1788311581.7239206,2.661323308944702,-0.0645290911197662,-1.9600003637080072,98.75033529687852,2.661323308944702,0.0783921927213668,-0.0645290911197662,0.4455523788928985,-0.2161417156457901,-0.4024565517902374,-0.7699316740036011,5,-0.703804358748686,1.0,-0.6464373228193447,1.0,0,0,-0.0275353238915141,0.0853955845574648,-111,-85,thymio-07
15,1788311582.3326805,2.6684393882751465,-0.0485804304480552,-1.921078761673808,98.65033529687852,2.6684393882751465,0.0786132365465164,-0.0485804304480552,0.4339217245578766,-0.2322237342596054,-0.4156974554061889,-0.7648396492004395,5,-0.6831039263889085,1.0,-0.6182396489855801,1.0,0,0,-0.0316961107958294,0.0767452623364444,-124,-101,thymio-07
16,1788311582.9412951,2.6684393882751465,-0.0485804304480552,-1.921078761673808,98.55033529687852,2.6684393882751465,0.0786132365465164,-0.0485804304480552,0.4339217245578766,-0.2322237342596054,-0.4156974554061889,-0.7648396492004395,5,-0.6831039263889085,1.0,-0.6182396489855801,1.0,0,0,-0.0316961107958294,0.0824252170420256,-125,-100,thymio-07
17,1788311583.5441718,10000.0,10000.0,0.0,98.55033529687852,2.6684393882751465,0.0786132365465164,-0.0485804304480552,0.4339217245578766,-0.2322237342596054,-0.4156974554061889,-0.7648396492004395,5,1.0,1.0,-1.0,1.0,0,0,-0.03,0.0939015902244746,-121,-92,thymio-07
18,1788311584.1472807,2.6847000122070312,-0.0179244950413703,-1.9072751193855455,98.55033529687852,2.6847000122070312,0.0796717181801796,-0.0179244950413703,0.429048091173172,-0.2560715079307556,-0.4221610724925995,-0.7563895583152771,5,-0.6429946264783366,1.0,-0.5688228091200316,1.0,0,0,-0.0397580800778543,0.2034947251114774,-172,-111,thymio-07
19,1788311584.7554932,2.711189031600952,0.0220844373106956,-1.808564877136008,98.45033529687854,2.711189031600952,0.0792421102523803,0.0220844373106956,0.3961454927921295,-0.2894181609153747,-0.4441851377487182,-0.7496702075004578,5,-0.5874775883298486,1.0,-0.4989218981342336,1.0,0,0,-0.05,0.4000395018869838,-238,-117,thymio-07
20,1788311585.3640432,2.711189031600952,0.0220844373106956,-1.808564877136008,98.35033529687854,2.711189031600952,0.0792421102523803,0.0220844373106956,0.3961454927921295,-0.2894181609153747,-0.4441851377487182,-0.7496702075004578,5,-0.5874775883298486,1.0,-0.4989218981342336,1.0,0,0,-0.05,0.479611951995107,-250,-105,thymio-07
21,1788311585.971963,2.728679180145264,0.0491869784891605,-1.7132064123681057,98.25033529687856,2.728679180145264,0.0803247615694999,0.0491869784891605,0.377636969089508,-0.3415959775447845,-0.4611985981464386,-0.7266349792480469,5,1.0,1.0,-0.5537173713555591,1.0,0,0,-0.05,0.6118406988616153,-270,-85,thymio-07
22,1788311586.580731,2.765305519104004,0.0857457891106605,-1.1133201625860814,98.15033529687857,2.765305519104004,0.079347938299179,0.0857457891106605,0.2755639553070068,-0.4524402320384979,-0.5240859389305115,-0.6668555736541748,5,1.0,-0.396316931737724,-0.51318536884718,1.0,0,0,-0.05,0.2739138630946413,-219,-136,thymio-07
23,1788311587.1887248,2.819777727127075,0.110648326575756,-0.2592065396734373,98.05033529687856,2.819777727127075,0.0785597339272499,0.110648326575756,0.1442921906709671,-0.608725368976593,-0.5786346197128296,-0.5232735276222229,5,1.0,-0.4789233553783962,1.0,1.0,0,0,-0.05,0.3550462424811423,-231,-124,thymio-07
24,1788311587.7968583,2.819777727127075,0.110648326575756,-0.2592065396734373,97.95033529687856,2.819777727127075,0.0785597339272499,0.110648326575756,0.1442921906709671,-0.608725368976593,-0.5786346197128296,-0.5232735276222229,5,1.0,-0.4789233553783962,1.0,1.0,0,0,0.1866633198201152,0.6274222658676304,500,500,thymio-07
25,1788311588.4049444,2.871910810470581,0.1074678227305412,-0.100856078844286,97.85033529687855,2.871910810470581,0.0788310691714286,0.1074678227305412,0.0649474561214447,-0.6707140207290649,-0.5837365388870239,-0.4529637694358825,5,1.0,-0.4661084108581277,1.0,1.0,0,0,0.1412470950412641,0.6281101766821767,407,500,thymio-07
26,1788311589.012887,2.871910810470581,0.1074678227305412,-0.100856078844286,97.75033529687856,2.871910810470581,0.0788310691714286,0.1074678227305412,0.0649474561214447,-0.6707140207290649,-0.5837365388870239,-0.4529637694358825,5,1.0,-0.4661084108581277,1.0,1.0,0,0,0.1575843255444239,0.6282835149350842,465,500,thymio-07
27,1788311589.620757,2.865010499954224,0.1143601760268211,-0.1042338410189187,97.65033529687858,2.865010499954224,0.0775746256113052,0.1143601760268211,0.0238152742385864,-0.68128901720047,-0.590048611164093,-0.432574599981308,5,1.0,-0.4525017870245105,1.0,1.0,0,0,0.1694466488024792,0.6283042488868161,500,500,thymio-07
28,1788311590.2236362,2.674295663833618,0.2098473310470581,0.0030254114165693,97.65033529687858,2.674295663833618,0.080309197306633,0.2098473310470581,0.0192571971565485,-0.7108083963394165,-0.587798535823822,-0.3858411908149719,5,1.0,-0.3327088791499918,1.0,1.0,0,0,0.1796577896995653,0.6283030880459645,500,500,thymio-07
29,1788311590.832131,2.556075096130371,0.2666036188602447,-0.0234612961644109,96.9136793248999,2.556075096130371,0.0818787962198257,0.2666036188602447,0.0437151230871677,-0.6921861171722412,-0.5922941565513611,-0.4100671708583832,5,1.0,-0.2757090148251525,1.0,1.0,0,0,0.1784413393165567,0.6282302626693649,500,500,thymio-07
30,1788311591.4399903,2.556075096130371,0.2666036188602447,-0.0234612961644109,96.81367932489992,2.556075096130371,0.0818787962198257,0.2666036188602447,0.0437151230871677,-0.6921861171722412,-0.5922941565513611,-0.4100671708583832,5,1.0,-0.2757090148251525,1.0,1.0,0,0,0.1781408114360002,0.6280891260593532,500,500,thymio-07
31,1788311592.0484717,2.4480459690093994,0.30949866771698,-0.0702549896739079,96.14646582026568,2.4480459690093994,0.0830308869481086,0.30949866771698,0.0575124882161617,-0.6740946173667908,-0.5946403741836548,-0.4343864321708679,5,1.0,-0.2063084454162828,0.1833243370329358,1.0,0,0,0.1724268335032521,0.6259898925703121,500,500,thymio-07
32,1788311592.6564455,2.341264009475708,0.3447762429714203,-0.1002224388199799,95.48967096107924,2.341264009475708,0.0843176916241645,0.3447762429714203,0.071741446852684,-0.6637283563613892,-0.5910271406173706,-0.4527746438980102,5,1.0,-0.0850594370012119,-0.0252886740169562,1.0,0,0,0.1714223980431412,0.618060489573557,500,500,thymio-07
33,1788311593.2643623,2.341264009475708,0.3447762429714203,-0.1002224388199799,95.38967096107925,2.341264009475708,0.0843176916241645,0.3447762429714203,0.071741446852684,-0.6637283563613892,-0.5910271406173706,-0.4527746438980102,5,1.0,-0.0850594370012119,-0.0252886740169562,1.0,0,0,0.1707583497723884,0.6018584771271236,500,500,thymio-07
34,1788311593.872691,2.190894842147827,0.3832116425037384,-0.145099499566033,94.54018964008526,2.190894842147827,0.0859934985637664,0.3832116425037384,0.0980334505438804,-0.6499589681625366,-0.5799573659896851,-0.4812403321266174,5,1.0,0.0890345791028697,0.1184728387280811,1.0,0,0,0.1649778615491166,0.5831213222552908,498,500,thymio-07
35,1788311594.4811983,2.063460350036621,0.4074819087982178,-0.1929784563222507,93.671717397976,2.063460350036621,0.0863053724169731,0.4074819087982178,0.1109970062971115,-0.6356261968612671,-0.57794189453125,-0.4996420741081238,5,1.0,0.2454901798140203,0.1849898691145968,1.0,0,0,0.1654782231882051,0.6066392749777271,496,500,thymio-07
36,1788311595.08895,2.063460350036621,0.4074819087982178,-0.1929784563222507,93.571717397976,2.063460350036621,0.0863053724169731,0.4074819087982178,0.1109970062971115,-0.6356261968612671,-0.57794189453125,-0.4996420741081238,5,1.0,0.2454901798140203,0.1849898691145968,1.0,0,0,0.1611647512875149,0.618330676126833,479,500,thymio-07
37,1788311595.6967125,1.9522573947906492,0.4225234687328338,-0.2163900572001629,92.95481212740732,1.9522573947906492,0.0866490006446838,0.4225234687328338,0.1309880465269088,-0.6211960911750793,-0.580893337726593,-0.5094316005706787,5,1.0,0.3820953261646993,0.2602623356261757,1.0,0,0,0.144268768122581,0.6243753375916331,418,500,thymio-07
38,1788311596.3057446,1.8270263671875,0.4338298141956329,-0.241637819119262,92.2571961012478,1.8270263671875,0.0870141014456749,0.4338298141956329,0.1417149901390075,-0.6163278818130493,-0.5737632513046265,-0.520435094833374,5,1.0,0.5561532147731263,0.3468566576449639,1.0,0,0,0.119404022367574,0.6274729689230975,330,500,thymio-07
39,1788311596.914647,1.8270263671875,0.4338298141956329,-0.241637819119262,92.1571961012478,1.8270263671875,0.0870141014456749,0.4338298141956329,0.1417149901390075,-0.6163278818130493,-0.5737632513046265,-0.520435094833374,5,1.0,0.5561532147731263,0.3468566576449639,1.0,0,0,0.1258326236640623,0.6282619336739125,352,500,thymio-07
40,1788311597.523141,1.7047498226165771,0.4506103992462158,-0.155475374994269,91.32635273775756,1.7047498226165771,0.0878492593765258,0.4506103992462158,0.1071467772126197,-0.6456220149993896,-0.5774112939834595,-0.4881476163864136,5,1.0,0.7422244064490793,0.438682461913884,1.0,0,0,0.1457884477158729,0.628282552726261,423,500,thymio-07
41,1788311598.1313326,1.5727165937423706,0.5172762274742126,0.0252307584121931,90.49829717390864,1.5727165937423706,0.089581549167633,0.5172762274742126,-0.0104558300226926,-0.7263814210891724,-0.5888407230377197,-0.3542983531951904,5,1.0,1.0,0.5767682885344732,1.0,0,0,0.1559585724150145,0.6281346980479086,459,500,thymio-07
42,1788311598.740208,1.5727165937423706,0.5172762274742126,0.0252307584121931,90.39829717390865,1.5727165937423706,0.089581549167633,0.5172762274742126,-0.0104558300226926,-0.7263814210891724,-0.5888407230377197,-0.3542983531951904,5,1.0,1.0,0.5767682885344732,1.0,0,0,0.1646137168152155,0.6281655347663293,490,500,thymio-07
43,1788311599.347996,1.5000114440917969,0.572159469127655,0.0444138176502892,89.94181249208542,1.5000114440917969,0.0902128368616104,0.572159469127655,-0.031834241002798,-0.7385219931602478,-0.5884143710136414,-0.3276285529136657,5,1.0,1.0,0.671045654762261,1.0,0,0,0.1645976826327629,0.6281986936967938,490,500,thymio-07
44,1788311599.9561028,1.3804410696029663,0.6722609996795654,0.0417439189083554,89.17309825127133,1.3804410696029663,0.0927149951457977,0.6722609996795654,-0.040734875947237,-0.7381314039230347,-0.5922849774360657,-0.32047039270401,5,1.0,1.0,0.836859078397099,1.0,0,0,0.1617153187202324,0.6282268336656931,480,500,thymio-07
45,1788311600.5646808,1.29404878616333,0.7441577911376953,0.0412802675684877,88.62403269840945,1.29404878616333,0.093633659183979,0.7441577911376953,-0.0389967672526836,-0.7377983927726746,-0.5918071866035461,-0.3223308026790619,5,1.0,1.0,0.9559367687965734,1.0,0,0,0.1516096837703543,0.6282333913243818,444,500,thymio-07
46,1788311601.172547,1.29404878616333,0.7441577911376953,0.0412802675684877,88.52403269840946,1.29404878616333,0.093633659183979,0.7441577911376953,-0.0389967672526836,-0.7377983927726746,-0.5918071866035461,-0.3223308026790619,5,1.0,1.0,0.9559367687965734,1.0,0,0,0.1275355299738559,0.6282465795253684,358,500,thymio-07
47,1788311601.780987,1.2498284578323364,0.7803295850753784,0.0404533010789798,88.24731113179014,1.2498284578323364,0.0942000225186348,0.7803295850753784,-0.0400059260427951,-0.7376464009284973,-0.5922059416770935,-0.3218219876289367,5,1.0,1.0,1.0,1.0,0,0,0.077091654414638,0.628293529934715,179,369,thymio-07
48,1788311602.389095,1.1249788999557495,0.8969468474388123,0.0685089423607441,87.43523841338677,1.1249788999557495,0.0962079837918281,0.8969468474388123,-0.0887884423136711,-0.7606296539306641,-0.5877028107643127,-0.261083722114563,5,1.0,1.0,1.0,1.0,0,0,-0.0390002781421658,0.6283112725794117,-233,-44,thymio-07
49,1788311602.996927,1.1249788999557495,0.8969468474388123,0.0685089423607441,87.33523841338678,1.1249788999557495,0.0962079837918281,0.8969468474388123,-0.0887884423136711,-0.7606296539306641,-0.5877028107643127,-0.261083722114563,5,1.0,1.0,1.0,1.0,0,0,-0.1623004190301179,0.6283146873498467,-500,-482,thymio-07
50,1788311603.604939,1.0969074964523315,0.9513105154037476,0.069125453605817,87.1356036764621,1.0969074964523315,0.0965974479913711,0.9513105154037476,-0.1904332488775253,-0.7936941981315613,-0.559948742389679,-0.1422749608755111,5,1.0,1.0,1.0,1.0,0,0,-0.1703314458715873,0.6283017634884912,-500,-500,thymio-07
51,1788311604.2127893,1.0969074964523315,0.9513105154037476,0.069125453605817,87.0356036764621,1.0969074964523315,0.0965974479913711,0.9513105154037476,-0.1904332488775253,-0.7936941981315613,-0.559948742389679,-0.1422749608755111,5,1.0,1.0,1.0,1.0,0,0,-0.1723948652961606,0.6282721559612936,-500,-500,thymio-07
52,1788311604.8217354,1.1014420986175537,0.8856066465377808,0.0327761171364158,86.93560367646211,1.1014420986175537,0.0954181477427482,0.8856066465377808,-0.3160939514636993,-0.8041412830352783,-0.5000715851783752,0.0580500066280365,5,1.0,1.0,1.0,1.0,0,0,-0.1929661943678943,0.6282662063368797,-500,-500,thymio-07
53,1788311605.430429,1.08804452419281,0.7040249705314636,0.0246020906286532,86.68785947746372,1.08804452419281,0.094682440161705,0.7040249705314636,-0.3223537802696228,-0.8031614422798157,-0.4967988133430481,0.064890906214714,5,1.0,1.0,1.0,1.0,0,0,-0.1932350734031806,0.6282614154028546,-500,-500,thymio-07
54,1788311606.038129,1.08804452419281,0.7040249705314636,0.0246020906286532,86.58785947746372,1.08804452419281,0.094682440161705,0.7040249705314636,-0.3223537802696228,-0.8031614422798157,-0.4967988133430481,0.064890906214714,5,1.0,1.0,1.0,1.0,0,0,-0.1934140236871211,0.6282595655093792,-500,-500,thymio-07
55,1788311606.6474247,1.0753525495529177,0.5635647773742676,0.0451232927546785,86.37650687087552,1.0753525495529177,0.0934423208236694,0.5635647773742676,-0.3134509325027466,-0.7974643707275391,-0.5121259093284607,0.0593820735812187,5,1.0,1.0,1.0,1.0,0,0,-0.1935269246968214,0.6282579669002574,-500,-500,thymio-07
56,1788311607.25747,1.063991904258728,0.435704618692398,0.0595287296232727,86.1925062795536,1.063991904258728,0.0920870304107666,0.435704618692398,-0.3054541051387787,-0.8004850745201111,-0.5124200582504272,0.0578561462461948,5,1.0,1.0,0.961155421161036,1.0,0,0,-0.1934851489565462,0.6282490408054487,-500,-500,thymio-07
57,1788311607.8656218,1.063991904258728,0.435704618692398,0.0595287296232727,86.0925062795536,1.063991904258728,0.0920870304107666,0.435704618692398,-0.3054541051387787,-0.8004850745201111,-0.5124200582504272,0.0578561462461948,5,1.0,1.0,0.961155421161036,1.0,0,0,-0.1929514647025693,0.6282246164833271,-500,-500,thymio-07
58,1788311608.4742548,1.0545765161514282,0.2541016638278961,0.0640746241612992,85.86458730162363,1.0545765161514282,0.0917595252394676,0.2541016638278961,-0.2966128587722778,-0.8008934259414673,-0.5185489058494568,0.0412015616893768,5,1.0,1.0,0.9038459338078022,1.0,0,0,-0.1915397105636009,0.6281747921007965,-500,-500,thymio-07
59,1788311609.082124,1.0545765161514282,0.2541016638278961,0.0640746241612992,85.76458730162364,1.0545765161514282,0.0917595252394676,0.2541016638278961,-0.2966128587722778,-0.8008934259414673,-0.5185489058494568,0.0412015616893768,5,1.0,1.0,0.9038459338078022,1.0,0,0,-0.1905186012725344,0.6281458130602094,-500,-500,thymio-07
60,1788311609.689895,1.0526156425476074,0.1193663775920867,0.0424631498029897,85.62027299067913,1.0526156425476074,0.0900336354970932,0.1193663775920867,-0.3024445176124573,-0.8026068210601807,-0.5131216049194336,0.0324958004057407,5,1.0,1.0,0.8753284687219751,1.0,0,0,-0.188706293514253,0.6280914576468,-500,-500,thymio-07
61,1788311610.29762,1.0516501665115356,-0.0155287347733974,0.0739616565578686,85.48120300722759,1.0516501665115356,0.0892187058925628,-0.0155287347733974,-0.2866633534431457,-0.8061956167221069,-0.5165467858314514,0.032438900321722,5,1.0,1.0,0.8763244952799314,1.0,0,0,-0.1856054858549892,0.628001298472774,-500,-500,thymio-07
62,1788311610.9072998,1.0519534349441528,-0.1042869538068771,0.0633787753130228,85.3812030072276,1.0519534349441528,0.0874630585312843,-0.1042869538068771,-0.2929762303829193,-0.8018086552619934,-0.5198199152946472,0.0324824228882789,5,1.0,0.9365410982535968,0.8724715431216117,1.0,0,0,-0.141011932562852,0.6192623625491939,-500,-408,thymio-07
63,1788311611.5151432,1.0519534349441528,-0.1042869538068771,0.0633787753130228,85.2812030072276,1.0519534349441528,0.0874630585312843,-0.1042869538068771,-0.2929762303829193,-0.8018086552619934,-0.5198199152946472,0.0324824228882789,5,1.0,0.9365410982535968,0.8724715431216117,1.0,0,0,-0.1647182512230233,0.6282266399982707,-500,-490,thymio-07
64,1788311612.123186,1.0520968437194824,-0.2435265630483627,0.0643434097445601,85.14258262276935,1.0520968437194824,0.0868596956133842,-0.2435265630483627,-0.2967627644538879,-0.802410900592804,-0.5159619450569153,0.0430349297821521,5,1.0,0.7888933654014407,0.8548402722022177,1.0,0,0,-0.1134038558948415,0.6270687124620458,-498,-308,thymio-07
65,1788311612.730997,1.0418580770492554,-0.4085448682308197,0.0226750471640051,84.9328240361473,1.0418580770492554,0.0857931822538375,-0.4085448682308197,-0.3387184143066406,-0.7936367988586426,-0.4946636855602264,0.1035290136933326,5,1.0,1.0,0.6854752252239675,1.0,0,0,-0.089465701868058,0.6266399809116853,-413,-223,thymio-07
66,1788311613.339724,1.0418580770492554,-0.4085448682308197,0.0226750471640051,84.8328240361473,1.0418580770492554,0.0857931822538375,-0.4085448682308197,-0.3387184143066406,-0.7936367988586426,-0.4946636855602264,0.1035290136933326,5,1.0,1.0,0.6857416069992843,1.0,0,0,-0.115380587916682,0.6282024581463583,-500,-315,thymio-07
67,1788311613.9486012,1.0268317461013794,-0.4786020219326019,-0.089277620594975,84.68747025284237,1.0268317461013794,0.0852435305714607,-0.4786020219326019,-0.4018336534500122,-0.7744268178939819,-0.4390048384666443,0.2146335691213607,5,1.0,1.0,0.8695204647803758,1.0,0,0,-0.052114738659708,0.6272060259016933,-280,-90,thymio-07
68,1788311614.5568082,0.9901121854782104,-0.5415773391723633,-0.3288914959078566,84.40917102454894,0.9901121854782104,0.0852954611182212,-0.5415773391723633,-0.4651459455490112,-0.7305607795715332,-0.3823222219944,0.3221023678779602,5,1.0,1.0,0.9017245190537486,1.0,0,0,0.1282730712931094,0.4699941491594918,385,500,thymio-07
69,1788311615.1650536,0.9420062303543092,-0.596377968788147,-1.256355895542436,84.06593986260674,0.9420062303543092,0.0859655439853668,-0.596377968788147,-0.5460453033447266,-0.625033974647522,-0.2375460267066955,0.504716694355011,5,0.95556905037968,1.0,1.0,1.0,0,0,0.0651309843200832,-0.5830213012105403,319,143,thymio-07
70,1788311615.7731917,1.0233017206192017,-0.5736181735992432,-1.0770549366605988,83.96593986260675,1.0233017206192017,0.0853861719369888,-0.5736181735992432,-0.5310651063919067,-0.6479074954986572,-0.2609771192073822,0.4796631932258606,5,0.8899827564209484,1.0,1.0,1.0,0,0,0.1615910620090588,-0.6250879548159832,500,480,thymio-07
71,1788311616.3820016,1.0233017206192017,-0.5736181735992432,-1.0770549366605988,83.86593986260675,1.0233017206192017,0.0853861719369888,-0.5736181735992432,-0.5310651063919067,-0.6479074954986572,-0.2609771192073822,0.4796631932258606,5,0.8966734644648793,1.0,1.0,1.0,0,0,0.0773712889396802,-0.6277154794720586,370,180,thymio-07
72,1788311616.9911246,1.0723026990890503,-0.5433350801467896,-0.7597896462255944,83.76593986260676,1.0723026990890503,0.0849254578351974,-0.5433350801467896,-0.5082736611366272,-0.6822415590286255,-0.3042628467082977,0.4285190999507904,5,0.8515491533441113,1.0,1.0,1.0,0,0,0.1631730166132149,-0.6279768384123986,500,485,thymio-07
73,1788311617.6006758,1.0723026990890503,-0.5433350801467896,-0.7597896462255944,83.66593986260676,1.0723026990890503,0.0849254578351974,-0.5433350801467896,-0.5082736611366272,-0.6822415590286255,-0.3042628467082977,0.4285190999507904,5,0.8515491533441113,1.0,1.0,1.0,0,0,0.0737883348765647,-0.6279158602529348,357,167,thymio-07
74,1788311618.209196,1.1813406944274902,-0.430463969707489,-0.2065086111404199,83.56593986260677,1.1813406944274902,0.0852105170488357,-0.430463969707489,-0.4372170865535736,-0.7563768029212952,-0.4028531610965729,0.272845983505249,5,1.0,1.0,0.6038555584265299,1.0,0,0,0.1645948988807023,-0.6279948030557442,500,490,thymio-07
75,1788311618.817915,1.1813406944274902,-0.430463969707489,-0.2065086111404199,83.46593986260677,1.1813406944274902,0.0852105170488357,-0.430463969707489,-0.4372170865535736,-0.7563768029212952,-0.4028531610965729,0.272845983505249,5,1.0,1.0,0.6038555584265299,1.0,0,0,0.0799324033904412,-0.6278586903339393,379,189,thymio-07
76,1788311619.426487,1.220073699951172,-0.328641265630722,0.0099495252988002,83.36593986260678,1.220073699951172,0.0855836644768714,-0.328641265630722,-0.3480880260467529,-0.7953866124153137,-0.4805265665054321,0.1236500144004821,5,1.0,0.6635646586480257,0.7162612880578108,1.0,0,0,0.1186997040277069,-0.621793253137934,500,328,thymio-07
77,1788311620.0345378,1.230449914932251,-0.2146600931882858,0.0766571241766835,83.26593986260679,1.230449914932251,0.0861997306346893,-0.2146600931882858,-0.2663500010967254,-0.8039464950561523,-0.5316373705863953,-0.0094650536775588,5,1.0,0.720135554989701,0.6666335491784681,1.0,0,0,0.1254878130091027,-0.627903191307284,500,351,thymio-07
78,1788311620.6433513,1.230449914932251,-0.2146600931882858,0.0766571241766835,83.16593986260679,1.230449914932251,0.0861997306346893,-0.2146600931882858,-0.2663500010967254,-0.8039464950561523,-0.5316373705863953,-0.0094650536775588,5,1.0,0.720135554989701,0.6666335491784681,1.0,0,0,0.0696928516930632,-0.6275530534353623,342,153,thymio-07
79,1788311621.251706,1.2036672830581665,-0.1335164010524749,0.1005666693082454,82.94846745520624,1.2036672830581665,0.0868624374270439,-0.1335164010524749,-0.1867062002420425,-0.7936383485794067,-0.5662331581115723,-0.1210746243596077,5,1.0,0.7816830976374192,0.6839760097123289,1.0,0,0,0.1202988025038736,-0.6271876053224938,500,333,thymio-07
80,1788311621.8611455,1.1438450813293457,-0.0483294241130352,0.0871853805844971,82.54534899325056,1.1438450813293457,0.0880317240953445,-0.0483294241130352,-0.0637033134698867,-0.7626326084136963,-0.5816187262535095,-0.2757771611213684,5,1.0,0.8686463146815802,0.7339770500230074,1.0,0,0,0.0777960590920052,-0.6270846722168106,371,182,thymio-07
81,1788311622.4697654,1.1438450813293457,-0.0483294241130352,0.0871853805844971,82.44534899325056,1.1438450813293457,0.0880317240953445,-0.0483294241130352,-0.0637033134698867,-0.7626326084136963,-0.5816187262535095,-0.2757771611213684,5,1.0,0.8686463146815802,0.7339770500230074,1.0,0,0,0.098383771587514,-0.6265820922534365,444,255,thymio-07
82,1788311623.0784829,1.0248008966445925,0.0002043305430561,-0.1627229559676841,81.77464552609793,1.0248008966445925,0.088664136826992,0.0002043305430561,0.1051695123314857,-0.6396685838699341,-0.5858199000358582,-0.4863934218883514,5,1.0,1.0,0.858341308476702,1.0,0,0,0.032549387830681,-0.5952407876300593,206,26,thymio-07
83,1788311623.6877952,0.9381771683692932,-0.0152939036488533,-0.7401307026140067,81.24876418623867,0.9381771683692932,0.089260920882225,-0.0152939036488533,0.2363103628158569,-0.520496666431427,-0.5384772419929504,-0.6190984845161438,5,1.0,1.0,1.0,1.0,0,0,0.0394237401847929,-0.6205877360416919,234,46,thymio-07
84,1788311624.2956865,0.9381771683692932,-0.0152939036488533,-0.7401307026140067,81.14876418623868,0.9381771683692932,0.089260920882225,-0.0152939036488533,0.2363103628158569,-0.520496666431427,-0.5384772419929504,-0.6190984845161438,5,1.0,1.0,1.0,1.0,0,0,-0.0101619984085212,-0.6160250522796953,57,-129,thymio-07
85,1788311624.903582,0.9113284349441528,-0.040211871266365,-1.6238139158565308,80.97978164672193,0.9113284349441528,0.0887102261185646,-0.040211871266365,0.3587031960487366,-0.3635345697402954,-0.4733124077320099,-0.7177395224571228,5,1.0,1.0,1.0,1.0,0,0,0.0493664245343197,-0.6079945652153378,267,84,thymio-07
86,1788311625.5120618,0.9113284349441528,-0.040211871266365,-1.6238139158565308,80.87978164672194,0.9113284349441528,0.0887102261185646,-0.040211871266365,0.3587031960487366,-0.3635345697402954,-0.4733124077320099,-0.7177395224571228,5,1.0,1.0,1.0,1.0,0,0,0.1424758242923604,-0.6238139990083423,500,412,thymio-07
87,1788311626.1205523,0.9144851565361024,-0.0784316956996917,-2.125851944062643,80.77978164672194,0.9144851565361024,0.0886905342340469,-0.0784316956996917,0.5301492214202881,-0.0196824353188276,-0.2786273658275604,-0.8005756139755249,5,0.901611946702766,1.0,1.0,1.0,0,0,0.0953362384133173,-0.6271491411423354,433,244,thymio-07
88,1788311626.7287807,0.9144851565361024,-0.0784316956996917,-2.125851944062643,80.67978164672195,0.9144851565361024,0.0886905342340469,-0.0784316956996917,0.5301492214202881,-0.0196824353188276,-0.2786273658275604,-0.8005756139755249,5,0.901611946702766,1.0,1.0,1.0,0,0,0.1207579164849484,-0.6271927108681562,500,334,thymio-07
89,1788311627.3370602,0.9624196290969848,-0.2060992568731308,-2.1534824378402204,80.57978164672195,0.9624196290969848,0.0874400213360786,-0.2060992568731308,0.5742582082748413,0.1613652110099792,-0.1512391120195388,-0.7882357239723206,5,0.7384759088824142,1.0,1.0,1.0,0,0,0.0913695038924532,-0.6263334951160018,419,230,thymio-07
90,1788311627.9455566,1.0487064123153689,-0.2888924777507782,-2.0782224249740824,80.47978164672196,1.0487064123153689,0.0865942537784576,-0.2888924777507782,0.5955685973167419,0.333713561296463,-0.027984807267785,-0.7301713824272156,5,0.6236586839056064,1.0,1.0,1.0,0,0,0.1085569367010382,-0.6266814731561641,480,291,thymio-07
91,1788311628.55348,1.0487064123153689,-0.2888924777507782,-2.0782224249740824,80.37978164672197,1.0487064123153689,0.0865942537784576,-0.2888924777507782,0.5955685973167419,0.333713561296463,-0.027984807267785,-0.7301713824272156,5,0.6236586839056064,1.0,1.0,1.0,0,0,0.0956268170765639,-0.6270963757266578,434,245,thymio-07
92,1788311629.161603,1.1388413906097412,-0.31731778383255,-1.902737504747705,80.27978164672197,1.1388413906097412,0.0865283608436584,-0.31731778383255,0.585256040096283,0.4799047410488128,0.1043537184596061,-0.645195484161377,5,0.5479246965983842,1.0,1.0,1.0,0,0,0.1081379025798306,-0.6271099155436095,479,290,thymio-07
93,1788311629.7702117,1.1388413906097412,-0.31731778383255,-1.902737504747705,80.17978164672198,1.1388413906097412,0.0865283608436584,-0.31731778383255,0.585256040096283,0.4799047410488128,0.1043537184596061,-0.645195484161377,5,0.5479246965983842,1.0,1.0,1.0,0,0,0.1056929371490975,-0.6272193901466324,470,281,thymio-07
94,1788311630.3784697,1.2646576166152954,-0.2957271635532379,-1.1402933239324042,80.07978164672198,1.2646576166152954,0.0861894339323043,-0.2957271635532379,0.5356729626655579,0.6388046741485596,0.2572074234485626,-0.4886997938156128,5,0.6677656833024199,1.0,0.3934694061350978,1.0,0,0,0.1220086189087824,-0.6275993220547276,500,339,thymio-07
95,1788311630.9871497,1.2646576166152954,-0.2957271635532379,-1.1402933239324042,79.97978164672199,1.2646576166152954,0.0861894339323043,-0.2957271635532379,0.5356729626655579,0.6388046741485596,0.2572074234485626,-0.4886997938156128,5,0.6677656833024199,1.0,0.3934694061350978,1.0,0,0,0.1217873650846903,-0.6281149307985621,500,338,thymio-07
96,1788311631.5955174,1.3641818761825562,-0.2139385640621185,-0.3058291441339955,79.879781646722,1.3641818761825562,0.0850050449371337,-0.2139385640621185,0.4572623074054718,0.7401143908500671,0.3774412274360657,-0.3173011839389801,5,1.0,1.0,0.3405539818875032,1.0,0,0,0.1187450760267758,-0.6278032259745795,500,327,thymio-07
97,1788311632.203657,1.423489689826965,-0.1143095195293426,-0.0953945858913614,79.779781646722,1.423489689826965,0.0861567631363868,-0.1143095195293426,0.4031372368335724,0.774966299533844,0.4423696100711822,-0.203019306063652,5,1.0,0.3919912782015773,0.5337584835338673,1.0,0,0,0.0898323028101172,-0.6228197742465297,413,225,thymio-07
98,1788311632.8116014,1.423489689826965,-0.1143095195293426,-0.0953945858913614,79.679781646722,1.423489689826965,0.0861567631363868,-0.1143095195293426,0.4031372368335724,0.774966299533844,0.4423696100711822,-0.203019306063652,5,1.0,1.0,0.5337584835338673,1.0,0,0,0.1238530611745935,-0.625844041597784,500,346,thymio-07
99,1788311633.4199796,1.4494189023971558,0.0221194922924041,0.0601116720557595,79.57978164672201,1.4494189023971558,0.0876057371497154,0.0221194922924041,0.2909699976444244,0.8024047613143921,0.5204539895057678,-0.024712411686778,5,1.0,0.2666318868484254,0.4921543811688604,1.0,0,0,0.0732150816790575,-0.6228550054055617,354,166,thymio-07
100,1788311634.0282545,1.4313499927520752,0.1144886016845703,0.0814654974380713,79.3969205117568,1.4313499927520752,0.0880964174866676,0.1144886016845703,0.2324733287096023,0.8000835180282593,0.5489182472229004,0.0671671777963638,5,1.0,0.3042944307228428,0.511616079312295,1.0,0,0,0.0885170756161566,-0.6213072515925588,408,221,thymio-07
101,1788311634.6367228,1.4313499927520752,0.1144886016845703,0.0814654974380713,79.29692051175681,1.4313499927520752,0.0880964174866676,0.1144886016845703,0.2324733287096023,0.8000835180282593,0.5489182472229004,0.0671671777963638,5,1.0,0.3042944307228428,0.511616079312295,1.0,0,0,0.0706166740365325,-0.6211277612202738,345,157,thymio-07
102,1788311635.244664,1.366666555404663,0.1919270753860473,0.0706720920440866,78.83016850784516,1.366666555404663,0.0900598540902137,0.1919270753860473,0.0390528254210948,0.7513988018035889,0.5818248987197876,0.3087953627109527,5,1.0,0.2467736256666182,0.5809966555332311,1.0,0,0,0.0686917028236028,-0.6200746982008667,338,150,thymio-07
103,1788311635.852584,1.29017436504364,0.2152490019798278,-0.1849742110241803,78.36516734846997,1.29017436504364,0.0900032222270965,0.2152490019798278,-0.1129815205931663,0.6325603127479553,0.5845143795013428,0.4954246878623962,5,1.0,0.1634154428500454,0.6625241579344272,1.0,0,0,0.0643690042838428,-0.6218429390460034,323,135,thymio-07
104,1788311636.4615018,1.29017436504364,0.2152490019798278,-0.1849742110241803,78.26516734846997,1.29017436504364,0.0900032222270965,0.2152490019798278,-0.1129815205931663,0.6325603127479553,0.5845143795013428,0.4954246878623962,5,1.0,0.1634154428500454,0.6625241579344272,1.0,0,0,0.0566821428543812,-0.6218218718318232,295,107,thymio-07
105,1788311637.069338,1.2335147857666016,0.2026927471160888,-0.7360594845338766,77.9561320803049,1.2335147857666016,0.0905471444129943,0.2026927471160888,-0.2218810319900512,0.5214688181877136,0.5411573648452759,0.6212791204452515,5,1.0,1.0,0.0657445322520002,1.0,0,0,0.0254285795476886,-0.5482973988887114,173,8,thymio-07
106,1788311637.67798,1.1835447549819946,0.1618073582649231,-1.6580533873696544,77.6708610232257,1.1835447549819946,0.08918447047472,0.1618073582649231,-0.3704990148544311,0.3418998420238495,0.4733783006668091,0.7223213315010071,5,0.7558838720262493,1.0,-0.0776525464332333,1.0,0,0,0.0903720411900105,-0.6235385001490751,415,227,thymio-07
107,1788311638.2867565,1.1710809469223022,0.1174409538507461,-2.013281613376223,77.56370930251914,1.1710809469223022,0.0892610251903534,0.1174409538507461,-0.4715732038021087,0.1464910209178924,0.3712912201881408,0.7863218188285828,5,-0.2471154572616754,1.0,1.0,1.0,0,0,-0.0026307063798892,-0.5964642640777001,81,-99,thymio-07
108,1788311638.8950794,1.1710809469223022,0.1174409538507461,-2.013281613376223,77.46370930251915,1.1710809469223022,0.0892610251903534,0.1174409538507461,-0.4715732038021087,0.1464910209178924,0.3712912201881408,0.7863218188285828,5,-0.2471154572616754,1.0,1.0,1.0,0,0,0.0646838792219774,-0.6048699908568365,321,138,thymio-07
109,1788311639.5034192,1.1677309274673462,0.0842126905918121,-2.0764150522114657,77.36370930251915,1.1677309274673462,0.0890751108527183,0.0842126905918121,-0.5022818446159363,0.0798505693674087,0.3261339962482452,0.796852171421051,5,-0.3213032858612171,1.0,1.0,1.0,0,0,-0.0808603898555683,0.1198318193444559,-305,-269,thymio-07
110,1788311640.111918,1.1790533065795898,0.0418646149337291,-2.1376521235921317,77.26370930251916,1.1790533065795898,0.0885309875011444,0.0418646149337291,-0.5753124356269836,-0.1255071759223938,0.1875704675912857,0.7861812710762024,5,-0.583733001449789,1.0,1.0,1.0,0,0,0.1717290223946472,-0.4418105556098144,500,500,thymio-07
111,1788311640.7203798,1.1710262298583984,0.0594628378748893,-2.12509812997112,77.16370930251917,1.1710262298583984,0.0885410383343696,0.0594628378748893,-0.5662124752998352,-0.1143804416060447,0.2027265429496765,0.7907101511955261,5,0.6652318557652575,1.0,-0.644213284980288,1.0,0,0,0.0641543315107924,-0.5815036758102399,316,140,thymio-07
112,1788311641.3284078,1.1710262298583984,0.0594628378748893,-2.12509812997112,77.06370930251917,1.1710262298583984,0.0885410383343696,0.0594628378748893,-0.5662124752998352,-0.1143804416060447,0.2027265429496765,0.7907101511955261,5,0.6652318557652575,1.0,-0.644213284980288,1.0,0,0,0.0947218304056991,-0.6137555040129198,429,244,thymio-07
113,1788311641.9379604,1.21663236618042,-0.0285525694489479,-2.115191193608454,76.96370930251918,1.21663236618042,0.0872769504785537,-0.0285525694489479,-0.5962678790092468,-0.2374793291091919,0.1078310310840606,0.7592370510101318,5,0.4890410090609109,1.0,-0.8264636014863325,1.0,0,0,0.0062009199131686,-0.6230347914802031,116,-72,thymio-07
114,1788311642.5477026,1.2785255908966064,-0.0700506791472435,-2.0646895554942537,76.86370930251918,1.2785255908966064,0.0873376131057739,-0.0700506791472435,-0.6034120321273804,-0.3675784468650818,-0.0129014467820525,0.7075405716896057,5,0.3195565420485646,-0.7951696786686937,1.0,1.0,0,0,0.0035852788987295,-0.4566215987282017,82,-56,thymio-07
115,1788311643.155744,1.2785255908966064,-0.0700506791472435,-2.0646895554942537,76.76370930251919,1.2785255908966064,0.0873376131057739,-0.0700506791472435,-0.6034120321273804,-0.3675784468650818,-0.0129014467820525,0.7075405716896057,5,0.3195565420485646,-0.7951696786686937,1.0,1.0,0,0,0.0219128858823429,-0.601009204014679,169,-13,thymio-07
116,1788311643.7594657,10000.0,10000.0,0.0,76.76370930251919,1.2785255908966064,0.0873376131057739,-0.0700506791472435,-0.6034120321273804,-0.3675784468650818,-0.0129014467820525,0.7075405716896057,5,1.0,1.0,-1.0,1.0,0,0,0.0289149554408604,-0.5581318184512201,187,18,thymio-07
117,1788311644.362394,1.28945791721344,-0.0583184994757175,-1.553878439815099,76.76370930251919,1.28945791721344,0.0872732698917388,-0.0583184994757175,-0.5688204169273376,-0.5775321125984192,-0.1751026660203933,0.5587835311889648,5,0.156590331164516,-0.7614121969720762,1.0,1.0,0,0,0.0393861465647537,-0.6213651656334057,234,46,thymio-07
118,1788311644.970481,1.3062812089920044,-0.0334141477942466,-0.4540892243375611,76.6637093025192,1.3062812089920044,0.0867718011140823,-0.0334141477942466,-0.4789393544197082,-0.7307530045509338,-0.3373528122901916,0.3504428267478943,5,0.7319831199975473,1.0,0.0067546967223142,-0.7291695308222493,0,0,-0.0050827062394667,-0.226462050631612,16,-52,thymio-07
119,1788311645.578896,1.3062812089920044,-0.0334141477942466,-0.4540892243375611,76.5637093025192,1.3062812089920044,0.0867718011140823,-0.0334141477942466,-0.4789393544197082,-0.7307530045509338,-0.3373528122901916,0.3504428267478943,5,0.7319831199975473,1.0,0.0067546967223142,-0.7291695308222493,0,0,-0.0074550096124743,-0.4696848912362886,44,-97,thymio-07
120,1788311646.187424,1.317255616188049,-0.0084882471710443,-0.1531121032185627,76.4637093025192,1.317255616188049,0.0874930322170257,-0.0084882471710443,-0.420647531747818,-0.7714787125587463,-0.4171433746814728,0.2320939153432846,5,1.0,1.0,-0.1297223417641986,-0.7072484630582768,0,0,0.004843673684775,-0.49619758445812,92,-58,thymio-07
121,1788311646.7954056,1.317255616188049,-0.0084882471710443,-0.1531121032185627,76.36370930251921,1.317255616188049,0.0874930322170257,-0.0084882471710443,-0.420647531747818,-0.7714787125587463,-0.4171433746814728,0.2320939153432846,5,1.0,1.0,-0.1297223417641986,-0.7072484630582768,0,0,-0.0070682096660063,-0.4490744285553733,43,-93,thymio-07
122,1788311647.4034436,1.3201912641525269,-0.0098913256078958,-0.0348781058985161,76.26370930251922,1.3201912641525269,0.0877789705991745,-0.0098913256078958,-0.3673775792121887,-0.7946849465370178,-0.4637867510318756,0.135689377784729,5,1.0,1.0,-0.3052571534078394,-0.721484489802717,0,0,-0.0085757182153439,-0.3428467175710966,21,-82,thymio-07
123,1788311648.011287,1.3238098621368408,-0.0092876404523849,0.0593287314727715,76.16370930251922,1.3238098621368408,0.0877223908901214,-0.0092876404523849,-0.2890873253345489,-0.8036730289459229,-0.519731879234314,0.020425159484148,5,1.0,1.0,-0.4432468823888671,-0.6471552219261854,0,0,-0.0041175021883711,-0.2367762956705673,21,-50,thymio-07
124,1788311648.6205378,1.3238098621368408,-0.0092876404523849,0.0593287314727715,76.06370930251923,1.3238098621368408,0.0877223908901214,-0.0092876404523849,-0.2890873253345489,-0.8036730289459229,-0.519731879234314,0.020425159484148,5,1.0,1.0,-0.4432468823888671,-0.6471552219261854,0,0,0.0055122649667056,-0.1840474594153522,47,-8,thymio-07
125,1788311649.2290988,1.325226664543152,-0.0094853714108467,0.0734054482999613,75.96370930251923,1.325226664543152,0.0877934768795967,-0.0094853714108467,-0.2680053412914276,-0.8042446374893188,-0.5303560495376587,-0.0092943012714385,5,1.0,1.0,-0.5017760844385382,-0.6087744183857271,0,0,0.0219821817048251,-0.1438025687745596,100,56,thymio-07
126,1788311649.8375027,1.3260955810546875,-0.0088841300457715,0.0827643979840067,75.86370930251924,1.3260955810546875,0.0880166888236999,-0.0088841300457715,-0.2284269779920578,-0.794920802116394,-0.5572218894958496,-0.0736604779958725,5,1.0,1.0,-0.6063321614427616,-0.4817630959929129,0,0,0.0843291570516561,-0.2146411233154588,332,267,thymio-07
127,1788311650.446126,1.3260955810546875,-0.0088841300457715,0.0827643979840067,75.76370930251925,1.3260955810546875,0.0880166888236999,-0.0088841300457715,-0.2284269779920578,-0.794920802116394,-0.5572218894958496,-0.0736604779958725,5,1.0,1.0,-0.6063321614427616,-0.4817630959929129,0,0,0.1021782797313902,-0.2235234038226538,397,329,thymio-07
128,1788311651.0546384,1.3080357313156128,0.0301958993077278,0.0949674979896588,75.66370930251925,1.3080357313156128,0.0883464142680168,0.0301958993077278,-0.1842008680105209,-0.7926142811775208,-0.5666603446006775,-0.1293392777442932,5,1.0,1.0,-0.653851719099721,-0.4062149790605323,0,0,0.0748298046386261,-0.0644094803737929,276,256,thymio-07
129,1788311651.662963,1.2621970176696775,0.1191867142915725,0.1037849595212065,75.35775713923803,1.2621970176696775,0.0896640494465828,0.1191867142915725,-0.1434771120548248,-0.7880961298942566,-0.5720466375350952,-0.1763001531362533,5,-0.385083623675497,1.0,-0.6992593090353749,1.0,0,0,0.0838286937961392,0.232981414095219,263,333,thymio-07
130,1788311652.271329,1.2222163677215576,0.1852655857801437,0.1097581640886327,75.11711309503342,1.2222163677215576,0.0904099866747856,0.1852655857801437,-0.143886998295784,-0.7889025807380676,-0.5724159479141235,-0.1710828691720962,5,-0.7115313923810336,1.0,0.2223135506274169,1.0,0,0,0.0952275083587678,0.486040608558104,265,412,thymio-07
131,1788311652.8793683,1.2222163677215576,0.1852655857801437,0.1097581640886327,75.01711309503342,1.2222163677215576,0.0904099866747856,0.1852655857801437,-0.143886998295784,-0.7889025807380676,-0.5724159479141235,-0.1710828691720962,5,-0.7115313923810336,1.0,0.2223135506274169,1.0,0,0,0.1027515950411998,0.5345139780376772,284,446,thymio-07
132,1788311653.4875898,1.1996632814407349,0.251091867685318,0.0967948221567138,74.84729304528719,1.1996632814407349,0.0907930061221122,0.251091867685318,-0.2162939012050628,-0.7984594106674194,-0.5561619997024536,-0.0797709301114082,5,-0.7289724145793988,1.0,0.1756288180468863,1.0,0,0,-0.0224765446695408,0.1878328523018841,-108,-51,thymio-07
133,1788311654.0963097,1.2043112516403198,0.3542425036430359,0.0351026467954072,74.7472930452872,1.2043112516403198,0.0915146097540855,0.3542425036430359,-0.3326261043548584,-0.791679859161377,-0.5031577944755554,0.0971357226371765,5,-0.7586661860607369,1.0,0.0740725964304276,1.0,0,0,-0.0165080966017918,0.221981200806258,-92,-25,thymio-07
134,1788311654.7058604,1.2043112516403198,0.3542425036430359,0.0351026467954072,74.6472930452872,1.2043112516403198,0.0915146097540855,0.3542425036430359,-0.3326261043548584,-0.791679859161377,-0.5031577944755554,0.0971357226371765,5,-0.7586661860607369,1.0,0.0740725964304276,1.0,0,0,-0.0165080966017918,0.2886716059729824,-102,-15,thymio-07
135,1788311655.3136668,1.203976035118103,0.342295378446579,-0.0310956924341518,74.5472930452872,1.203976035118103,0.0911782830953598,0.342295378446579,-0.3675943911075592,-0.7892096042633057,-0.4740555584430694,0.131506472826004,5,-0.7068240852342009,1.0,0.0678050067439846,-0.1715277528678045,0,0,-0.0269283588679256,0.1840618610404473,-123,-68,thymio-07
136,1788311655.9220154,1.1985324621200562,0.3127807676792145,-0.1773426485961815,74.44729304528721,1.1985324621200562,0.0907587110996246,0.3127807676792145,-0.4344066381454468,-0.7537870407104492,-0.4256732165813446,0.2487937361001968,5,-0.5797315842419652,1.0,1.0,0.0214570652695036,0,0,-0.05,0.2156356515485659,-210,-145,thymio-07
137,1788311656.5300066,1.187617301940918,0.293949693441391,-0.3015544066221509,74.34729304528722,1.187617301940918,0.0903280600905418,0.293949693441391,-0.4626519680023193,-0.7399253249168396,-0.39040008187294,0.2933453023433685,5,-0.503434367499825,1.0,1.0,0.0608780399130524,0,0,-0.05,0.320879396239022,-226,-129,thymio-07
138,1788311657.1386669,1.187617301940918,0.293949693441391,-0.3015544066221509,74.24729304528722,1.187617301940918,0.0903280600905418,0.293949693441391,-0.4626519680023193,-0.7399253249168396,-0.39040008187294,0.2933453023433685,5,-0.503434367499825,1.0,1.0,0.0608780399130524,0,0,-0.05,0.3798058110519773,-235,-120,thymio-07
139,1788311657.7471097,1.157274842262268,0.2554302215576172,-0.4445419165102362,74.02895918036589,1.157274842262268,0.0904070287942886,0.2554302215576172,-0.4820204675197601,-0.7185375094413757,-0.3569670915603637,0.3520435094833374,5,-0.3447627418181068,1.0,1.0,0.1263206313545393,0,0,-0.05,0.4485677736493612,-245,-110,thymio-07
140,1788311658.3558643,1.10714590549469,0.2126974165439605,-1.133866643639324,73.68118356451052,1.10714590549469,0.0906410738825798,0.2126974165439605,-0.5391651391983032,-0.6396347880363464,-0.2570054233074188,0.4838559925556183,5,0.3200733597828271,1.0,1.0,-0.2018062331734189,0,0,0.1857429545141017,0.4819036109793918,500,500,thymio-07
141,1788311658.9645514,1.10714590549469,0.2126974165439605,-1.133866643639324,73.58118356451052,1.10714590549469,0.0906410738825798,0.2126974165439605,-0.5391651391983032,-0.6396347880363464,-0.2570054233074188,0.4838559925556183,5,0.3200733597828271,1.0,1.0,-0.2018062331734189,0,0,0.1792864349597366,0.4525756297625312,500,500,thymio-07
142,1788311659.573021,1.1132440567016602,0.2043415755033493,-1.5286295669835293,73.48118356451053,1.1132440567016602,0.0901780650019645,0.2043415755033493,-0.5608830451965332,-0.5833890438079834,-0.1946199536323547,0.5542476773262024,5,1.0,1.0,1.0,-0.1486446292396402,0,0,0.1580083514648436,0.5718986485587791,475,500,thymio-07
143,1788311660.1814373,1.2562345266342163,0.2240151166915893,-1.5292116193209773,73.38118356451054,1.2562345266342163,0.0900099501013755,0.2240151166915893,-0.5575273036956787,-0.5839739441871643,-0.1975586861371994,0.555975079536438,5,1.0,0.2131825526289208,1.0,-0.1299155055322737,0,0,0.0759674450916113,0.625916714807173,175,364,thymio-07
144,1788311660.790056,1.3497589826583862,0.2307463139295578,-1.7238859603227257,73.28118356451054,1.3497589826583862,0.0896969363093376,0.2307463139295578,-0.5732933878898621,-0.5404961109161377,-0.1557831615209579,0.5957602262496948,5,1.0,0.2565080608802879,1.0,-0.1060846766342907,0,0,-0.0438266938991319,0.6282098758892699,-251,-61,thymio-07
145,1788311661.4000576,1.3497589826583862,0.2307463139295578,-1.7238859603227257,73.18118356451055,1.3497589826583862,0.0896969363093376,0.2307463139295578,-0.5732933878898621,-0.5404961109161377,-0.1557831615209579,0.5957602262496948,5,1.0,0.2565080608802879,1.0,-0.1060846766342907,0,0,-0.1358030948605645,0.6281604968310486,-500,-388,thymio-07
146,1788311662.0087633,1.3740959167480469,0.2212651818990707,-1.977320033109463,73.08118356451055,1.3740959167480469,0.0891452208161354,0.2212651818990707,-0.5996973514556885,-0.4337044954299927,-0.0634559094905853,0.6695049405097961,5,1.0,0.2560166844792348,1.0,-0.0689338405638667,0,0,-0.1619441554154355,0.6280601827228369,-500,-481,thymio-07
147,1788311662.6171305,1.2669057846069336,0.2873766720294952,-2.094384399148156,72.42636543687348,1.2669057846069336,0.0898687914013862,0.2873766720294952,-0.6003760695457458,-0.321061760187149,0.0309390481561422,0.7317860722541809,5,1.0,0.0936472073994101,1.0,-0.0974190139437231,0,0,-0.1733259727567185,0.6279228179124221,-500,-500,thymio-07
148,1788311663.2254703,1.2669057846069336,0.2873766720294952,-2.094384399148156,72.32636543687349,1.2669057846069336,0.0898687914013862,0.2873766720294952,-0.6003760695457458,-0.321061760187149,0.0309390481561422,0.7317860722541809,5,1.0,0.0936472073994101,1.0,-0.0974190139437231,0,0,-0.1847508058037951,0.6280361059258981,-500,-500,thymio-07
149,1788311663.83379,1.2087485790252686,0.3335857093334198,-2.105560029883348,71.97105358118209,1.2087485790252686,0.0905500426888465,0.3335857093334198,-0.5976815819740295,-0.3183145225048065,0.0278444103896617,0.7353076338768005,5,1.0,0.0158560044283848,1.0,-0.1166784148614001,0,0,-0.1909900892664879,0.6280514634963702,-500,-500,thymio-07
150,1788311664.442542,1.06921124458313,0.4326662123203277,-2.0705506951364407,71.23084972795239,1.06921124458313,0.0918915718793869,0.4326662123203277,-0.6059595942497253,-0.3519812822341919,0.0043080989271402,0.7133748531341553,5,1.0,-0.1866529990046725,1.0,-0.1426444971367313,0,0,-0.1915819201002347,0.6277208673333385,-500,-500,thymio-07
151,1788311665.0504973,1.06921124458313,0.4326662123203277,-2.0705506951364407,71.1308497279524,1.06921124458313,0.0918915718793869,0.4326662123203277,-0.6059595942497253,-0.3519812822341919,0.0043080989271402,0.7133748531341553,5,1.0,-0.1866529990046725,1.0,-0.1426444971367313,0,0,-0.1897205818789098,0.6275428851327379,-500,-500,thymio-07
152,1788311665.6582668,0.9914169311523438,0.4846673309803009,-2.0945719504920497,70.61468072110448,0.9914169311523438,0.0927978456020355,0.4846673309803009,-0.6031550765037537,-0.3425298035144806,0.0020487203728407,0.7203285098075867,5,1.0,-0.2933226743452799,1.0,-0.1508465175531558,0,0,-0.1863819307465999,0.627087165080055,-500,-500,thymio-07
153,1788311666.2663298,0.8799524307250977,0.5573519468307495,-2.0670580190736176,69.96639030352834,0.8799524307250977,0.0946105197072029,0.5573519468307495,-0.602074921131134,-0.3554196655750274,0.0037961199413985,0.7149603366851807,5,1.0,-0.4268003673061665,1.0,-0.1526957366436829,0,0,-0.1807233368096273,0.6266063123376877,-500,-500,thymio-07
154,1788311666.8747826,0.8161247372627258,0.5980314612388611,-2.066647611130838,69.62692286312927,0.8161247372627258,0.0950961410999298,0.5980314612388611,-0.5997934341430664,-0.3607480823993683,-0.0023466637358069,0.714215099811554,5,1.0,-0.4984140003660493,1.0,-0.1459607989918336,0,0,-0.16933724885044,0.6260432964213952,-500,-500,thymio-07
155,1788311667.483194,0.8161247372627258,0.5980314612388611,-2.066647611130838,69.52692286312927,0.8161247372627258,0.0950961410999298,0.5980314612388611,-0.5997934341430664,-0.3607480823993683,-0.0023466637358069,0.714215099811554,5,1.0,-0.4984140003660493,1.0,-0.1459607989918336,0,0,-0.1544842823943876,0.6256297738567435,-500,-454,thymio-07
156,1788311668.0918498,0.7016317248344421,0.6686244010925293,-2.048791787166202,68.94332989311361,0.7016317248344421,0.0966805890202522,0.6686244010925293,-0.5992550253868103,-0.3717935979366302,-0.0057645947672426,0.7089638710021973,5,1.0,-0.6233520034346867,1.0,-0.11981057440671,0,0,-0.1224391594242863,0.6253622605265144,-500,-341,thymio-07
157,1788311668.6995463,0.5738553404808044,0.7424411773681641,-2.059590845414395,68.46136760010536,0.5738553404808044,0.0983859822154045,0.7424411773681641,-0.5985270142555237,-0.3724764287471771,-0.0139903808012604,0.7091057896614075,5,1.0,-0.7427861047632203,1.0,-0.0630955439446835,0,0,-0.0525908903423804,0.6269638556936566,-282,-92,thymio-07
158,1788311669.3080995,0.5738553404808044,0.7424411773681641,-2.059590845414395,68.36136760010537,0.5738553404808044,0.0983859822154045,0.7424411773681641,-0.5985270142555237,-0.3724764287471771,-0.0139903808012604,0.7091057896614075,5,1.0,-0.7427861047632203,1.0,-0.0630955439446835,0,0,0.0196999929425927,0.6273478341962672,-25,165,thymio-07
159,1788311669.9167297,0.4800181984901428,0.800693929195404,-2.1240425842868422,67.93969057438846,0.4800181984901428,0.0996845588088035,0.800693929195404,-0.5917404294013977,-0.2529321908950805,0.0882323905825614,0.7603181004524231,5,1.0,-0.7341678487478347,1.0,-0.0121682214041649,0,0,0.0214322624016852,0.6277825751383116,-19,171,thymio-07
160,1788311670.524887,0.4563763737678528,0.8093008995056152,-2.1436046586907027,67.83893085091297,0.4563763737678528,0.1001453325152397,0.8093008995056152,-0.5429875254631042,-0.0331721529364585,0.241708219051361,0.8035181164741516,5,1.0,-0.7445014052549883,1.0,0.0041767787088431,0,0,0.0193552175437473,0.6278314212465849,-26,164,thymio-07
161,1788311671.132689,0.4402677714824676,0.7922868728637695,-1.9949197234295284,67.73893085091298,0.4402677714824676,0.1001303568482399,0.7922868728637695,-0.4456901252269745,0.2081721127033233,0.3868843019008636,0.7799648642539978,5,1.0,-0.7327785454600697,1.0,0.0192707804526905,0,0,0.0217115123625259,0.6278276607276673,-18,172,thymio-07
162,1788311671.7409365,0.4402677714824676,0.7922868728637695,-1.9949197234295284,67.63893085091298,0.4402677714824676,0.1001303568482399,0.7922868728637695,-0.4456901252269745,0.2081721127033233,0.3868843019008636,0.7799648642539978,5,1.0,-0.7327785454600697,1.0,0.0192707804526905,0,0,0.0217115123625259,0.628065394615393,-18,172,thymio-07
163,1788311672.3488812,0.4290098547935486,0.788885772228241,-1.7274033876449957,67.53893085091299,0.4290098547935486,0.1001963466405868,0.788885772228241,-0.3770413100719452,0.3279887437820434,0.4588932693004608,0.7346292734146118,5,0.0278223421907795,-0.7315713932673058,1.0,1.0,0,0,0.0219541499532715,0.6283053688453749,-17,173,thymio-07
164,1788311672.957409,0.4290098547935486,0.788885772228241,-1.7274033876449957,67.438930850913,0.4290098547935486,0.1001963466405868,0.788885772228241,-0.3770413100719452,0.3279887437820434,0.4588932693004608,0.7346292734146118,5,0.0278223421907795,-0.7315713932673058,1.0,1.0,0,0,0.0219541499532715,0.6280114732394376,-17,173,thymio-07
165,1788311673.5659225,0.3965988159179687,0.795688807964325,-0.3293632285910726,67.28358483753394,0.3965988159179687,0.1005356684327125,0.795688807964325,-0.1624035835266113,0.5932766199111938,0.5706356763839722,0.5440799593925476,5,0.0588615819804503,1.0,0.5619370686149117,-0.7508275575425732,0,0,0.0180836609339427,0.4442432407681096,-3,131,thymio-07
166,1788311674.1740315,0.388967752456665,0.8031245470046997,-0.0892700055902127,67.18358483753394,0.388967752456665,0.1007960513234138,0.8031245470046997,-0.0759698450565338,0.6688764095306396,0.5840999484062195,0.4534977376461029,5,-0.7658530926527041,1.0,0.0688477651655821,1.0,1241,0,0.0307597774934996,0.5948506766822026,19,199,thymio-07
167,1788311674.7823167,0.3822087943553924,0.8151611685752869,0.0261133067797696,67.08358483753395,0.3822087943553924,0.1009584441781044,0.8151611685752869,0.0209422297775745,0.7296497225761414,0.5896727442741394,0.345628023147583,5,-0.8089505627577828,1.0,0.0727472643142852,1.0,2378,0,-0.08,0.5861821073187239,-373,-196,thymio-07
168,1788311675.3901289,0.3822087943553924,0.8151611685752869,0.0261133067797696,66.98358483753395,0.3822087943553924,0.1009584441781044,0.8151611685752869,0.0209422297775745,0.7296497225761414,0.5896727442741394,0.345628023147583,5,-0.8089505627577828,1.0,0.0727472643142852,1.0,0,0,-0.0064009368856856,0.2531588195696432,-61,15,thymio-07
169,1788311675.997855,0.3824429214000702,0.8199325799942017,0.0692050697161406,66.88358483753396,0.3824429214000702,0.1012683436274528,0.8199325799942017,0.0765638947486877,0.7557291984558105,0.5907434821128845,0.2720909714698791,5,-0.8252350459655482,1.0,0.0746674412636176,1.0,0,0,-0.0031277557609248,0.3304048836388045,-61,39,thymio-07
170,1788311676.606309,0.4177658259868622,0.785492479801178,0.1026179613487361,66.78358483753397,0.4177658259868622,0.1005921885371208,0.785492479801178,0.1839771419763565,0.7935163974761963,0.5668355226516724,0.1232137978076934,5,-0.7919984400067972,1.0,0.0767955240395075,1.0,0,0,-0.0098083135586337,0.2889486473436901,-78,9,thymio-07
171,1788311677.215492,0.4190703928470611,0.7848656177520752,0.1003952809669326,66.68358483753397,0.4190703928470611,0.100498728454113,0.7848656177520752,0.2026535123586654,0.8012669682502747,0.5544660091400146,0.0973152369260788,5,-0.7919228106095434,1.0,0.0778502333799449,1.0,0,0,-0.0098235150674817,0.3215832693730993,-83,14,thymio-07
172,1788311677.823362,0.4190703928470611,0.7848656177520752,0.1003952809669326,66.58358483753398,0.4190703928470611,0.100498728454113,0.7848656177520752,0.2026535123586654,0.8012669682502747,0.5544660091400146,0.0973152369260788,5,-0.7919228106095434,1.0,0.0778502333799449,1.0,0,0,-0.0098235150674817,0.3155985490136748,-83,13,thymio-07
173,1788311678.4326968,0.4306225478649139,0.773269534111023,0.0612515954326933,66.48358483753398,0.4306225478649139,0.1008684858679771,0.773269534111023,0.3125346601009369,0.7978060841560364,0.5098732113838196,-0.0765311866998672,5,-0.7853165584235658,1.0,0.0803492188298087,1.0,0,0,-0.0111513717568632,0.3284509526306367,-89,10,thymio-07
174,1788311679.0407016,0.4342149794101715,0.7609443664550781,-0.0674465397331673,66.38358483753399,0.4342149794101715,0.1006876453757286,0.7609443664550781,0.3935531079769134,0.7767819166183472,0.450811892747879,-0.1961997747421264,5,-0.7857599852292608,1.0,0.0862107277602715,1.0,0,0,-0.0110622429689185,0.3490434148496499,-92,13,thymio-07
175,1788311679.648896,0.4346844851970672,0.7490133047103882,-0.2911481028044584,66.283584837534,0.4346844851970672,0.099497452378273,0.7490133047103882,0.45960533618927,0.7384774088859558,0.3918238580226898,-0.2998136281967163,5,-0.7759294875333225,1.0,0.5018498904546287,1.0,0,0,-0.0130381730058021,0.407776281624131,-108,15,thymio-07
176,1788311680.257422,0.4346844851970672,0.7490133047103882,-0.2911481028044584,66.183584837534,0.4346844851970672,0.099497452378273,0.7490133047103882,0.45960533618927,0.7384774088859558,0.3918238580226898,-0.2998136281967163,5,-0.7759294875333225,1.0,0.5018498904546287,1.0,0,0,-0.0130381730058021,0.3904034179564215,-105,13,thymio-07
177,1788311680.8665075,0.428827702999115,0.7340126633644104,-0.8115027100065122,66.083584837534,0.428827702999115,0.0996468439698219,0.7340126633644104,0.5207696557044983,0.6766726970672607,0.3001500070095062,-0.4252329170703888,5,0.109398575097136,1.0,1.0,-0.7966205288352406,0,0,-0.0088792737041166,0.0442069794214221,-38,-25,thymio-07
178,1788311681.4756095,0.4179250597953796,0.721222996711731,-1.5124834620090224,65.98358483753401,0.4179250597953796,0.0997479856014251,0.721222996711731,0.5618133544921875,0.5856450796127319,0.1992797255516052,-0.5492479205131531,5,0.1224176623587849,1.0,1.0,-0.8009347912031729,0,0,-0.0080121069681622,0.3931827270949872,-88,31,thymio-07
179,1788311682.0844395,0.414074957370758,0.7194653153419495,-1.6213454030174883,65.88358483753402,0.414074957370758,0.0994725674390792,0.7194653153419495,0.571071207523346,0.5635586380958557,0.1836495697498321,-0.5679368376731873,5,0.1176271576872132,1.0,1.0,-0.8045084029864228,0,0,-0.007293810999729,0.5590644450338271,-110,59,thymio-07
180,1788311682.692475,0.399804025888443,0.709913432598114,-2.00011203955402,65.78358483753402,0.399804025888443,0.0999345853924751,0.709913432598114,0.5928828716278076,0.4236365556716919,0.0548130609095096,-0.6826547384262085,5,1.0,-0.802466373296365,1.0,0.121415479918862,0,0,0.024572614943263,0.6217532874389298,-7,181,thymio-07
181,1788311683.301069,0.399804025888443,0.709913432598114,-2.00011203955402,65.68358483753403,0.399804025888443,0.0999345853924751,0.709913432598114,0.5928828716278076,0.4236365556716919,0.0548130609095096,-0.6826547384262085,5,1.0,-0.802466373296365,1.0,0.121415479918862,0,0,0.0165306998675751,0.6274626928040383,-36,153,thymio-07
182,1788311683.9099102,0.4009053409099579,0.6987192630767822,-2.1004280328906537,65.58358483753403,0.4009053409099579,0.099349707365036,0.6987192630767822,0.5927637815475464,0.302874207496643,-0.0510096624493598,-0.7445107698440552,5,1.0,1.0,1.0,0.1226362316623572,0,0,-0.0147143601814411,0.6277117113662808,-147,43,thymio-07
183,1788311684.517866,0.3925001621246338,0.6818705797195435,-2.125416582831726,65.48358483753404,0.3925001621246338,0.0996667742729187,0.6818705797195435,0.5258904695510864,-0.0205821748822927,-0.2784517407417297,-0.8034178614616394,5,1.0,-0.7780338267610175,1.0,0.1434920227552913,0,0,-0.0255387962117369,0.6266818141104052,-185,4,thymio-07
184,1788311685.1264403,0.3925001621246338,0.6818705797195435,-2.125416582831726,65.38358483753404,0.3925001621246338,0.0996667742729187,0.6818705797195435,0.5258904695510864,-0.0205821748822927,-0.2784517407417297,-0.8034178614616394,5,1.0,-0.7780338267610175,1.0,0.1434920227552913,0,0,-0.033869778257044,0.6273217135832188,-215,-26,thymio-07
185,1788311685.7348418,0.3869907259941101,0.6985771059989929,-2.003678728199949,65.28358483753405,0.3869907259941101,0.1000239998102188,0.6985771059989929,0.4566507041454315,-0.1781100779771804,-0.3796340823173523,-0.7846178412437439,5,1.0,-0.7827091701031121,1.0,0.1440536911816408,0,0,0.0116754568092744,0.6276658838670439,-53,136,thymio-07
186,1788311686.3427866,0.3946961164474487,0.7320351600646973,-1.273316725729757,65.18358483753406,0.3946961164474487,0.100175067782402,0.7320351600646973,0.3047034740447998,-0.4270598292350769,-0.5114805102348328,-0.6805611848831177,5,0.1278568636725408,1.0,1.0,-0.7905976422571572,0,0,0.0100898739063113,0.5814518422497358,-52,124,thymio-07
187,1788311686.9522817,0.3946961164474487,0.7320351600646973,-1.273316725729757,65.08358483753406,0.3946961164474487,0.100175067782402,0.7320351600646973,0.3047034740447998,-0.4270598292350769,-0.5114805102348328,-0.6805611848831177,5,0.1278568636725408,1.0,1.0,-0.7905976422571572,0,0,0.0100898739063113,0.627555278008309,-59,131,thymio-07
188,1788311687.5605931,0.3912596404552459,0.7335723638534546,-0.8242311813543726,64.98358483753407,0.3912596404552459,0.1003940105438232,0.7335723638534546,0.2458732426166534,-0.4989705085754394,-0.5429997444152832,-0.629067599773407,5,0.1363690599782041,1.0,1.0,-0.7855756840483483,0,0,0.0110992875062819,0.628072696973188,-55,134,thymio-07
189,1788311688.1691496,0.390864223241806,0.7331916093826294,-0.2525180563667755,64.88358483753407,0.390864223241806,0.1001876145601272,0.7331916093826294,0.1399141997098922,-0.6142456531524658,-0.5746027827262878,-0.5224539041519165,5,0.1531577226180165,1.0,0.5891946033812587,-0.7610614217896772,0,0,0.0289821391682219,0.6268767861380213,8,198,thymio-07
190,1788311688.7775702,0.3872955739498138,0.742451012134552,-0.0156610277063764,64.78358483753408,0.3872955739498138,0.1006100326776504,0.742451012134552,0.0230162665247917,-0.7025017142295837,-0.5915054082870483,-0.3950735628604889,5,1.0,1.0,0.1573102673306916,-0.7613019300785535,0,0,-0.0030622176012819,0.6215267314534004,-105,83,thymio-07
191,1788311689.3856757,0.3872955739498138,0.742451012134552,-0.0156610277063764,64.68358483753408,0.3872955739498138,0.1006100326776504,0.742451012134552,0.0230162665247917,-0.7025017142295837,-0.5915054082870483,-0.3950735628604889,5,1.0,1.0,0.1573102673306916,-0.7613019300785535,0,0,0.0130146298309032,0.5789474146461612,-41,134,thymio-07
192,1788311689.9944906,0.3844286203384399,0.7518202662467957,0.0668131780381839,64.58358483753409,0.3844286203384399,0.100931815803051,0.7518202662467957,-0.0948808789253234,-0.7649238705635071,-0.5829494595527649,-0.2570196986198425,5,-0.7579247445668882,1.0,0.1549854207811036,1.0,0,0,0.0423319958142652,0.5498409975188274,67,233,thymio-07
193,1788311690.6024942,0.3942514061927795,0.7676830887794495,0.0695459625396206,64.4835848375341,0.3942514061927795,0.1010198071599006,0.7676830887794495,-0.2646745145320892,-0.8024523854255676,-0.5344153046607971,-0.0204467475414276,5,1.0,1.0,0.1352797411865649,-0.7470125875007978,0,0,0.0318246868537725,0.4395323160235309,47,179,thymio-07
194,1788311691.2108724,0.4032827615737915,0.7942687273025513,0.0305172355121565,64.3835848375341,0.4032827615737915,0.1010288968682289,0.7942687273025513,-0.3390854597091675,-0.7935968041419983,-0.491652250289917,0.1162033751606941,5,1.0,1.0,0.1117061967334531,-0.743929483998111,0,0,0.0379683356552436,0.4515484181083503,67,203,thymio-07
195,1788311691.8188202,0.4032827615737915,0.7942687273025513,0.0305172355121565,64.28358483753411,0.4032827615737915,0.1010288968682289,0.7942687273025513,-0.3390854597091675,-0.7935968041419983,-0.491652250289917,0.1162033751606941,5,1.0,1.0,0.1117061967334531,-0.743929483998111,0,0,0.0356047546569818,0.3953110321544849,67,186,thymio-07
196,1788311692.426674,0.4238423109054565,0.8207675218582153,-0.1403033719919371,64.18358483753411,0.4238423109054565,0.1008278355002403,0.8207675218582153,0.4210875332355499,0.7602317333221436,0.4226322174072265,-0.2571286857128143,5,1.0,1.0,0.074357234046011,-0.7204065830816806,0,0,0.0552822677734249,0.4531689619962398,128,265,thymio-07
197,1788311693.035769,0.4490876793861389,0.8395271301269531,-0.5315496132166686,64.08358483753412,0.4490876793861389,0.1001112982630729,0.8395271301269531,0.4912755489349365,0.7090945839881897,0.3393795490264892,-0.3750397861003876,5,0.0331968859092106,1.0,1.0,-0.68762703284409,0,0,0.1092825624210141,0.5947141195983628,298,478,thymio-07
