tick,timestamp,x,y,heading,battery,raw_x,raw_y,raw_z,qx,qy,qz,qw,n_agents_seen,front_d,back_d,right_d,left_d,ir_front_max,ir_rear_max,v,w,left,right,hostname
1,1788221797.401249,1.913700580596924,-0.2627088129520416,0.2735696308093036,100.0,1.913700580596924,0.0891432762145996,-0.2627088129520416,0.1330717056989669,-0.6483672261238098,-0.6135653257369995,-0.4306384027004242,10,-0.6759924146449824,1.0,0.7415684039689086,1.0,0,0,-0.0353543185419283,-0.1560317964789369,-102,-149,thymio-08
2,1788221798.004267,2.4881033897399902,-0.1562157422304153,0.3512144560619359,100.0,2.4881033897399902,0.0861401632428169,-0.1562157422304153,-0.0199444349855184,0.7036247849464417,0.6281724572181702,0.3315326571464538,10,1.0,-0.7453954532310448,-0.7104175328407927,1.0,0,0,-0.0678023796253069,-0.4171134740110828,-178,-304,thymio-08
3,1788221798.613351,2.5109567642211914,-0.1469653844833374,0.2986759670568304,99.9,2.5109567642211914,0.0857439935207367,-0.1469653844833374,-0.0480229966342449,0.6740599870681763,0.6370853185653687,0.3707548677921295,10,1.0,-0.7562847516420674,-0.7344293138098037,1.0,0,0,-0.0518438980502061,0.0108320036959022,-186,-183,thymio-08
4,1788221799.2218869,2.5109567642211914,-0.1469653844833374,0.2986759670568304,99.8,2.5109567642211914,0.0857439935207367,-0.1469653844833374,-0.0480229966342449,0.6740599870681763,0.6370853185653687,0.3707548677921295,10,1.0,-0.7496242745172073,-0.7344293138098037,1.0,0,2336,0.08,-0.004439925573105,285,284,thymio-08
5,1788221799.8252988,10000.0,10000.0,0.0,99.8,2.5109567642211914,0.0857439935207367,-0.1469653844833374,-0.0480229966342449,0.6740599870681763,0.6370853185653687,0.3707548677921295,10,1.0,1.0,-1.0,1.0,0,0,0.03,0.0050700719760326,106,107,thymio-08
6,1788221800.4286416,10000.0,10000.0,0.0,99.8,2.5109567642211914,0.0857439935207367,-0.1469653844833374,-0.0480229966342449,0.6740599870681763,0.6370853185653687,0.3707548677921295,10,1.0,1.0,-1.0,1.0,0,0,0.03,0.0713919814348522,96,117,thymio-08
7,1788221801.032627,10000.0,10000.0,0.0,99.8,2.5109567642211914,0.0857439935207367,-0.1469653844833374,-0.0480229966342449,0.6740599870681763,0.6370853185653687,0.3707548677921295,10,1.0,1.0,-1.0,1.0,0,0,0.03,-0.1415795906750166,128,85,thymio-08
8,1788221801.6363294,10000.0,10000.0,0.0,99.8,2.5109567642211914,0.0857439935207367,-0.1469653844833374,-0.0480229966342449,0.6740599870681763,0.6370853185653687,0.3707548677921295,10,1.0,1.0,-1.0,1.0,0,0,-0.03,-0.1175910522884854,-89,-124,thymio-08
9,1788221802.239736,10000.0,10000.0,0.0,99.8,2.5109567642211914,0.0857439935207367,-0.1469653844833374,-0.0480229966342449,0.6740599870681763,0.6370853185653687,0.3707548677921295,10,1.0,1.0,-1.0,1.0,0,0,-0.03,-0.1082030130561512,-90,-123,thymio-08
10,1788221802.843028,10000.0,10000.0,0.0,99.8,2.5109567642211914,0.0857439935207367,-0.1469653844833374,-0.0480229966342449,0.6740599870681763,0.6370853185653687,0.3707548677921295,10,1.0,1.0,-1.0,1.0,0,0,-0.03,-0.1043139432155748,-91,-122,thymio-08
11,1788221803.446849,2.5162739753723145,-0.1618019789457321,0.1312601489676463,99.8,2.5162739753723145,0.0861969888210296,-0.1618019789457321,-0.1793304830789566,0.6012331247329712,0.6081340312957764,0.4863459467887878,10,-0.7761287888632635,-0.2279419414176317,-0.7283104392643351,1.0,0,0,-0.0498381144266111,-0.0194763772302363,-174,-180,thymio-08
12,1788221804.0557172,2.5162739753723145,-0.1618019789457321,0.1312601489676463,99.70000000000002,2.5162739753723145,0.0861969888210296,-0.1618019789457321,-0.1793304830789566,0.6012331247329712,0.6081340312957764,0.4863459467887878,10,-0.7761287888632635,-0.2279419414176317,-0.7283104392643351,1.0,0,2389,0.08,-0.033576385205968,289,279,thymio-08
13,1788221804.6591911,10000.0,10000.0,0.0,99.70000000000002,2.5162739753723145,0.0861969888210296,-0.1618019789457321,-0.1793304830789566,0.6012331247329712,0.6081340312957764,0.4863459467887878,10,1.0,1.0,-1.0,1.0,0,0,-0.03,0.0438195114311414,-113,-100,thymio-08
14,1788221805.2622614,10000.0,10000.0,0.0,99.70000000000002,2.5162739753723145,0.0861969888210296,-0.1618019789457321,-0.1793304830789566,0.6012331247329712,0.6081340312957764,0.4863459467887878,10,1.0,1.0,-1.0,1.0,0,0,-0.03,-0.0826419032729834,-94,-119,thymio-08
15,1788221805.86567,10000.0,10000.0,0.0,99.70000000000002,2.5162739753723145,0.0861969888210296,-0.1618019789457321,-0.1793304830789566,0.6012331247329712,0.6081340312957764,0.4863459467887878,10,1.0,1.0,-1.0,1.0,0,0,-0.03,-0.0528833560473453,-99,-115,thymio-08
16,1788221806.4691126,10000.0,10000.0,0.0,99.70000000000002,2.5162739753723145,0.0861969888210296,-0.1618019789457321,-0.1793304830789566,0.6012331247329712,0.6081340312957764,0.4863459467887878,10,1.0,1.0,-1.0,1.0,0,0,-0.03,-0.0327972581955832,-102,-112,thymio-08
17,1788221807.0727465,2.554954290390014,-0.1110282242298126,-0.0561790836121751,99.70000000000002,2.554954290390014,0.0855907574295997,-0.1110282242298126,-0.2430546283721923,0.5636826753616333,0.5737601518630981,0.5422044992446899,10,-0.8264346845932466,-0.9594913483998532,-0.8193854550857471,1.0,0,0,-0.0,-0.0162204502920066,2,-2,thymio-08
18,1788221807.680952,2.554954290390014,-0.1110282242298126,-0.0561790836121751,99.60000000000002,2.554954290390014,0.0855907574295997,-0.1110282242298126,-0.2430546283721923,0.5636826753616333,0.5737601518630981,0.5422044992446899,10,-0.8264346845932466,-0.9594913483998532,-0.8193854550857471,1.0,0,0,-0.0,0.0889656110695431,-13,13,thymio-08
19,1788221808.2843318,10000.0,10000.0,0.0,99.60000000000002,2.554954290390014,0.0855907574295997,-0.1110282242298126,-0.2430546283721923,0.5636826753616333,0.5737601518630981,0.5422044992446899,10,1.0,1.0,-1.0,1.0,0,0,-0.03,0.0973232856521459,-121,-92,thymio-08
20,1788221808.8873248,10000.0,10000.0,0.0,99.60000000000002,2.554954290390014,0.0855907574295997,-0.1110282242298126,-0.2430546283721923,0.5636826753616333,0.5737601518630981,0.5422044992446899,10,1.0,1.0,-1.0,1.0,0,0,-0.03,-0.1188098966438343,-89,-125,thymio-08
21,1788221809.4912105,2.57991886138916,-0.0525946468114852,-0.2761626841851807,99.60000000000002,2.57991886138916,0.0869865044951438,-0.0525946468114852,-0.2910880446434021,0.5243784189224243,0.5589331388473511,0.5726157426834106,10,-0.7380537064168282,-0.7283593386644927,-0.6680499637788642,1.0,0,0,-0.080517056650375,0.0265876563467732,-290,-282,thymio-08
22,1788221810.1000226,2.57991886138916,-0.0525946468114852,-0.2761626841851807,99.50000000000004,2.57991886138916,0.0869865044951438,-0.0525946468114852,-0.2910880446434021,0.5243784189224243,0.5589331388473511,0.5726157426834106,10,-0.7380537064168282,-0.7283593386644927,-0.6680499637788642,1.0,0,0,-0.0797772005856759,-0.0411889678968867,-277,-290,thymio-08
23,1788221810.7037425,10000.0,10000.0,0.0,99.50000000000004,2.57991886138916,0.0869865044951438,-0.0525946468114852,-0.2910880446434021,0.5243784189224243,0.5589331388473511,0.5726157426834106,10,1.0,1.0,-1.0,1.0,0,0,-0.03,-0.0189082354524685,-104,-109,thymio-08
24,1788221811.3076737,10000.0,10000.0,0.0,99.50000000000004,2.57991886138916,0.0869865044951438,-0.0525946468114852,-0.2910880446434021,0.5243784189224243,0.5589331388473511,0.5726157426834106,10,1.0,1.0,-1.0,1.0,0,0,-0.03,-0.1319236534699566,-87,-127,thymio-08
25,1788221811.911199,10000.0,10000.0,0.0,99.50000000000004,2.57991886138916,0.0869865044951438,-0.0525946468114852,-0.2910880446434021,0.5243784189224243,0.5589331388473511,0.5726157426834106,10,1.0,1.0,-1.0,1.0,0,0,-0.03,-0.0377834571095134,-101,-112,thymio-08
26,1788221812.5149548,10000.0,10000.0,0.0,99.50000000000004,2.57991886138916,0.0869865044951438,-0.0525946468114852,-0.2910880446434021,0.5243784189224243,0.5589331388473511,0.5726157426834106,10,1.0,1.0,-1.0,1.0,0,0,-0.03,-0.0103480921582835,-105,-108,thymio-08
27,1788221813.119266,2.6462528705596924,0.134846344590187,-0.5594528214401389,99.50000000000004,2.6462528705596924,0.0867929980158805,0.134846344590187,-0.308274507522583,0.4957726299762726,0.5377044677734375,0.6083175539970398,10,-0.0009448496758154,-0.537321211212334,-0.8184741308079664,1.0,0,0,-0.0171291624497373,0.0098065248600835,-62,-59,thymio-08
28,1788221813.7279437,2.6462528705596924,0.134846344590187,-0.5594528214401389,99.40000000000003,2.6462528705596924,0.0867929980158805,0.134846344590187,-0.308274507522583,0.4957726299762726,0.5377044677734375,0.6083175539970398,10,-0.0009448496758154,-0.537321211212334,-0.8184741308079664,1.0,0,0,-0.0170114735019075,0.0541549985872079,-69,-52,thymio-08
29,1788221814.3316088,10000.0,10000.0,0.0,99.40000000000003,2.6462528705596924,0.0867929980158805,0.134846344590187,-0.308274507522583,0.4957726299762726,0.5377044677734375,0.6083175539970398,10,1.0,1.0,-1.0,1.0,0,0,-0.03,0.0339449834529882,-112,-101,thymio-08
30,1788221814.9350402,10000.0,10000.0,0.0,99.40000000000003,2.6462528705596924,0.0867929980158805,0.134846344590187,-0.308274507522583,0.4957726299762726,0.5377044677734375,0.6083175539970398,10,1.0,1.0,-1.0,1.0,0,0,-0.03,-0.1226553828833994,-88,-125,thymio-08
31,1788221815.538393,10000.0,10000.0,0.0,99.40000000000003,2.6462528705596924,0.0867929980158805,0.134846344590187,-0.308274507522583,0.4957726299762726,0.5377044677734375,0.6083175539970398,10,1.0,1.0,-1.0,1.0,0,0,-0.03,-0.0479597336698307,-99,-114,thymio-08
32,1788221816.141749,10000.0,10000.0,0.0,99.40000000000003,2.6462528705596924,0.0867929980158805,0.134846344590187,-0.308274507522583,0.4957726299762726,0.5377044677734375,0.6083175539970398,10,1.0,1.0,-1.0,1.0,0,0,-0.03,-0.0326877468566735,-102,-112,thymio-08
33,1788221816.7453191,2.659973621368408,0.2263197302818298,-0.7844890870962775,99.40000000000003,2.659973621368408,0.0873019099235534,0.2263197302818298,-0.3139116466045379,0.4406231343746185,0.5478006601333618,0.6381420493125916,10,0.1356415992084014,-0.4745812779307189,-0.752328724291792,1.0,0,0,-0.0665352951848396,-0.0229065717126932,-233,-240,thymio-08
34,1788221817.3541596,2.659973621368408,0.2263197302818298,-0.7844890870962775,99.30000000000004,2.659973621368408,0.0873019099235534,0.2263197302818298,-0.3139116466045379,0.4406231343746185,0.5478006601333618,0.6381420493125916,10,0.1356415992084014,-0.4745812779307189,-0.752328724291792,1.0,0,0,-0.0648465171932275,0.0820463161762506,-243,-218,thymio-08
35,1788221817.957511,10000.0,10000.0,0.0,99.30000000000004,2.659973621368408,0.0873019099235534,0.2263197302818298,-0.3139116466045379,0.4406231343746185,0.5478006601333618,0.6381420493125916,10,1.0,1.0,-1.0,1.0,0,0,-0.03,0.1107330007591711,-123,-90,thymio-08
36,1788221818.5609207,10000.0,10000.0,0.0,99.30000000000004,2.659973621368408,0.0873019099235534,0.2263197302818298,-0.3139116466045379,0.4406231343746185,0.5478006601333618,0.6381420493125916,10,1.0,1.0,-1.0,1.0,0,0,-0.03,-0.2190820181418886,-74,-140,thymio-08
37,1788221819.1644983,10000.0,10000.0,0.0,99.30000000000004,2.659973621368408,0.0873019099235534,0.2263197302818298,-0.3139116466045379,0.4406231343746185,0.5478006601333618,0.6381420493125916,10,1.0,1.0,-1.0,1.0,0,0,-0.03,-0.1049050378678105,-91,-122,thymio-08
38,1788221819.7677753,10000.0,10000.0,0.0,99.30000000000004,2.659973621368408,0.0873019099235534,0.2263197302818298,-0.3139116466045379,0.4406231343746185,0.5478006601333618,0.6381420493125916,10,1.0,1.0,-1.0,1.0,0,0,-0.03,-0.0870927581382328,-93,-120,thymio-08
39,1788221820.3709102,2.660604953765869,0.3919189572334289,-1.257247133271416,99.30000000000004,2.660604953765869,0.088178314268589,0.3919189572334289,-0.3801078796386719,0.3748581409454345,0.500892698764801,0.6812532544136047,10,1.0,-0.3097429447132946,-0.6160116144118337,0.0875112152353339,0,0,-0.1789969158684103,0.0288660822173738,-500,-500,thymio-08
40,1788221820.979441,2.660604953765869,0.3919189572334289,-1.257247133271416,99.20000000000005,2.660604953765869,0.088178314268589,0.3919189572334289,-0.3801078796386719,0.3748581409454345,0.500892698764801,0.6812532544136047,10,1.0,-0.3097429447132946,-0.6160116144118337,0.0875112152353339,0,0,-0.1766199939420307,-0.1559304125450786,-500,-500,thymio-08
41,1788221821.5839777,10000.0,10000.0,0.0,99.20000000000005,2.660604953765869,0.088178314268589,0.3919189572334289,-0.3801078796386719,0.3748581409454345,0.500892698764801,0.6812532544136047,10,1.0,1.0,-1.0,1.0,0,0,-0.03,-0.0316246585271422,-102,-111,thymio-08
42,1788221822.187449,10000.0,10000.0,0.0,99.20000000000005,2.660604953765869,0.088178314268589,0.3919189572334289,-0.3801078796386719,0.3748581409454345,0.500892698764801,0.6812532544136047,10,1.0,1.0,-1.0,1.0,0,0,-0.03,-0.066960274483848,-96,-117,thymio-08
43,1788221822.790969,2.5782690048217773,0.6761738061904907,-1.621751675589359,99.20000000000005,2.5782690048217773,0.0917406976222992,0.6761738061904907,-0.4559256136417389,0.2451866120100021,0.4391933083534241,0.734251081943512,10,1.0,1.0,-0.3814369106612927,-0.2450156826034756,0,0,-0.1960928904849485,0.0946241773515494,-500,-500,thymio-08
44,1788221823.3996265,2.5782690048217773,0.6761738061904907,-1.621751675589359,99.10000000000004,2.5782690048217773,0.0917406976222992,0.6761738061904907,-0.4559256136417389,0.2451866120100021,0.4391933083534241,0.734251081943512,10,1.0,1.0,-0.3814369106612927,-0.2450156826034756,0,0,-0.1962493443974244,-0.0103460538554034,-500,-500,thymio-08
45,1788221824.0032673,10000.0,10000.0,0.0,99.10000000000004,2.5782690048217773,0.0917406976222992,0.6761738061904907,-0.4559256136417389,0.2451866120100021,0.4391933083534241,0.734251081943512,10,1.0,1.0,-1.0,1.0,0,0,-0.03,-0.0303268811881832,-102,-111,thymio-08
46,1788221824.6072123,2.508267402648926,0.8111452460289001,-1.6973608374111555,99.10000000000004,2.508267402648926,0.0936447381973266,0.8111452460289001,-0.4863243699073791,0.2039906233549118,0.4154095947742462,0.7411554455757141,10,-0.1595764942295813,1.0,0.0761026468652061,-0.3714405655203832,0,0,-0.1899120953402192,0.1303798004829316,-500,-500,thymio-08
47,1788221825.2160594,2.508267402648926,0.8111452460289001,-1.6973608374111555,99.00000000000006,2.508267402648926,0.0936447381973266,0.8111452460289001,-0.4863243699073791,0.2039906233549118,0.4154095947742462,0.7411554455757141,10,-0.1595764942295813,1.0,0.0761026468652061,-0.3714405655203832,0,0,-0.1916431257692238,0.1208642041961264,-500,-500,thymio-08
48,1788221825.819552,10000.0,10000.0,0.0,99.00000000000006,2.508267402648926,0.0936447381973266,0.8111452460289001,-0.4863243699073791,0.2039906233549118,0.4154095947742462,0.7411554455757141,10,1.0,1.0,-1.0,1.0,0,0,-0.03,0.0323597704697525,-111,-102,thymio-08
49,1788221826.423158,10000.0,10000.0,0.0,99.00000000000006,2.508267402648926,0.0936447381973266,0.8111452460289001,-0.4863243699073791,0.2039906233549118,0.4154095947742462,0.7411554455757141,10,1.0,1.0,-1.0,1.0,0,0,-0.03,0.1518146699322178,-130,-84,thymio-08
50,1788221827.027444,2.378180742263794,0.9990950226783752,-1.8340546959362185,99.00000000000006,2.378180742263794,0.0967569947242736,0.9990950226783752,-0.5217253565788269,0.1740755885839462,0.3627438545227051,0.7522748112678528,10,-0.1106497339581386,1.0,0.3729836710952179,-0.4689260682320916,0,0,-0.1399355978753955,0.0931578170621143,-500,-483,thymio-08
51,1788221827.6362214,2.3181862831115723,1.0750893354415894,-1.7851727140056146,98.56447454482785,2.3181862831115723,0.097214363515377,1.0750893354415894,-0.5135136842727661,0.1634759306907653,0.3767347335815429,0.7534257769584656,10,-0.4435095355831349,1.0,0.3041906463773731,1.0,0,0,-0.057150800839711,0.1960174587014998,-233,-173,thymio-08
52,1788221828.2450297,2.3181862831115723,1.0750893354415894,-1.7851727140056146,98.46447454482784,2.3181862831115723,0.097214363515377,1.0750893354415894,-0.5135136842727661,0.1634759306907653,0.3767347335815429,0.7534257769584656,10,-0.4435095355831349,1.0,0.3041906463773731,1.0,0,0,-0.0479048008901217,0.5652805299942874,-256,-85,thymio-08
53,1788221828.848191,10000.0,10000.0,0.0,98.46447454482784,2.3181862831115723,0.097214363515377,1.0750893354415894,-0.5135136842727661,0.1634759306907653,0.3767347335815429,0.7534257769584656,10,1.0,1.0,-1.0,1.0,0,0,-0.0249139801389718,0.621993321295652,-182,5,thymio-08
54,1788221829.4511137,10000.0,10000.0,0.0,98.46447454482784,2.3181862831115723,0.097214363515377,1.0750893354415894,-0.5135136842727661,0.1634759306907653,0.3767347335815429,0.7534257769584656,10,1.0,1.0,-1.0,1.0,0,0,-0.03,0.6241347398915575,-201,-12,thymio-08
55,1788221830.0544224,10000.0,10000.0,0.0,98.46447454482784,2.3181862831115723,0.097214363515377,1.0750893354415894,-0.5135136842727661,0.1634759306907653,0.3767347335815429,0.7534257769584656,10,1.0,1.0,-1.0,1.0,0,0,-0.03,0.6209671014193067,-200,-13,thymio-08
56,1788221830.6575315,10000.0,10000.0,0.0,98.46447454482784,2.3181862831115723,0.097214363515377,1.0750893354415894,-0.5135136842727661,0.1634759306907653,0.3767347335815429,0.7534257769584656,10,1.0,1.0,-1.0,1.0,0,0,-0.03,0.6258188556657927,-201,-12,thymio-08
57,1788221831.260942,10000.0,10000.0,0.0,98.46447454482784,2.3181862831115723,0.097214363515377,1.0750893354415894,-0.5135136842727661,0.1634759306907653,0.3767347335815429,0.7534257769584656,10,1.0,1.0,-1.0,1.0,0,0,0.03,0.626028840642929,12,201,thymio-08
58,1788221831.8656738,2.2489471435546875,1.1663645505905151,-1.6562539470770412,98.46447454482784,2.2489471435546875,0.0994932651519775,1.1663645505905151,-0.456411063671112,0.2933077216148376,0.4349637627601623,0.7186557054519653,10,-0.387767846135565,1.0,-0.1929263071733209,1.0,0,0,0.0158880638070614,0.6273052700825478,-38,151,thymio-08
59,1788221832.473928,2.2489471435546875,1.1663645505905151,-1.6562539470770412,98.36447454482786,2.2489471435546875,0.0994932651519775,1.1663645505905151,-0.456411063671112,0.2933077216148376,0.4349637627601623,0.7186557054519653,10,-0.387767846135565,1.0,-0.1929263071733209,1.0,0,0,-0.0025840736766038,0.6272567182135416,-104,86,thymio-08
60,1788221833.07714,10000.0,10000.0,0.0,98.36447454482786,2.2489471435546875,0.0994932651519775,1.1663645505905151,-0.456411063671112,0.2933077216148376,0.4349637627601623,0.7186557054519653,10,1.0,1.0,-1.0,1.0,0,0,0.0159854781111213,0.6277868491424686,-38,152,thymio-08
61,1788221833.6801405,10000.0,10000.0,0.0,98.36447454482786,2.2489471435546875,0.0994932651519775,1.1663645505905151,-0.456411063671112,0.2933077216148376,0.4349637627601623,0.7186557054519653,10,1.0,1.0,-1.0,1.0,0,0,0.03,0.6267755715981442,12,201,thymio-08
62,1788221834.2834065,10000.0,10000.0,0.0,98.36447454482786,2.2489471435546875,0.0994932651519775,1.1663645505905151,-0.456411063671112,0.2933077216148376,0.4349637627601623,0.7186557054519653,10,1.0,1.0,-1.0,1.0,0,0,0.03,0.6252947659876021,12,201,thymio-08
63,1788221834.8865333,10000.0,10000.0,0.0,98.36447454482786,2.2489471435546875,0.0994932651519775,1.1663645505905151,-0.456411063671112,0.2933077216148376,0.4349637627601623,0.7186557054519653,10,1.0,1.0,-1.0,1.0,0,0,0.03,0.6227794052664282,13,201,thymio-08
64,1788221835.490092,2.190901517868042,1.2505749464035034,0.1119789358289118,98.36447454482786,2.190901517868042,0.100633718073368,1.2505749464035034,0.4413095414638519,0.7283884882926941,0.4692992269992828,-0.2333547621965408,10,1.0,-0.3724422526315772,-0.3835464800174842,1.0,0,0,0.0442989244269686,0.5325977279031435,77,238,thymio-08
65,1788221836.0992928,2.190901517868042,1.2505749464035034,0.1119789358289118,98.26447454482786,2.190901517868042,0.100633718073368,1.2505749464035034,0.4413095414638519,0.7283884882926941,0.4692992269992828,-0.2333547621965408,10,1.0,-0.3724422526315772,-0.3835464800174842,1.0,0,0,0.0511962671854876,0.4059744040930414,121,243,thymio-08
66,1788221836.702247,10000.0,10000.0,0.0,98.26447454482786,2.190901517868042,0.100633718073368,1.2505749464035034,0.4413095414638519,0.7283884882926941,0.4692992269992828,-0.2333547621965408,10,1.0,1.0,-1.0,1.0,0,0,0.03,0.5495877750600906,24,190,thymio-08
67,1788221837.306069,10000.0,10000.0,0.0,98.26447454482786,2.190901517868042,0.100633718073368,1.2505749464035034,0.4413095414638519,0.7283884882926941,0.4692992269992828,-0.2333547621965408,10,1.0,1.0,-1.0,1.0,0,0,0.03,0.6224733748360722,13,201,thymio-08
68,1788221837.909644,10000.0,10000.0,0.0,98.26447454482786,2.190901517868042,0.100633718073368,1.2505749464035034,0.4413095414638519,0.7283884882926941,0.4692992269992828,-0.2333547621965408,10,1.0,1.0,-1.0,1.0,0,0,0.03,0.601905542181566,16,197,thymio-08
69,1788221838.5125818,10000.0,10000.0,0.0,98.26447454482786,2.190901517868042,0.100633718073368,1.2505749464035034,0.4413095414638519,0.7283884882926941,0.4692992269992828,-0.2333547621965408,10,1.0,1.0,-1.0,1.0,0,0,0.03,0.5832073823152424,19,195,thymio-08
70,1788221839.1158736,10000.0,10000.0,0.0,98.26447454482786,2.190901517868042,0.100633718073368,1.2505749464035034,0.4413095414638519,0.7283884882926941,0.4692992269992828,-0.2333547621965408,10,1.0,1.0,-1.0,1.0,0,0,0.03,0.5772173526563142,19,194,thymio-08
71,1788221839.718836,10000.0,10000.0,0.0,98.26447454482786,2.190901517868042,0.100633718073368,1.2505749464035034,0.4413095414638519,0.7283884882926941,0.4692992269992828,-0.2333547621965408,10,1.0,1.0,-1.0,1.0,0,0,0.03,0.5890558674977242,18,196,thymio-08
72,1788221840.322294,10000.0,10000.0,0.0,98.26447454482786,2.190901517868042,0.100633718073368,1.2505749464035034,0.4413095414638519,0.7283884882926941,0.4692992269992828,-0.2333547621965408,10,1.0,1.0,-1.0,1.0,2989,0,-0.08,0.5953031814324997,-374,-194,thymio-08
73,1788221840.9257014,10000.0,10000.0,0.0,98.26447454482786,2.190901517868042,0.100633718073368,1.2505749464035034,0.4413095414638519,0.7283884882926941,0.4692992269992828,-0.2333547621965408,10,1.0,1.0,-1.0,1.0,0,0,0.03,0.5599337479921666,22,191,thymio-08
74,1788221841.5292375,10000.0,10000.0,0.0,98.26447454482786,2.190901517868042,0.100633718073368,1.2505749464035034,0.4413095414638519,0.7283884882926941,0.4692992269992828,-0.2333547621965408,10,1.0,1.0,-1.0,1.0,0,0,0.03,0.5151047067566568,29,184,thymio-08
75,1788221842.133271,10000.0,10000.0,0.0,98.26447454482786,2.190901517868042,0.100633718073368,1.2505749464035034,0.4413095414638519,0.7283884882926941,0.4692992269992828,-0.2333547621965408,10,1.0,1.0,-1.0,1.0,0,0,0.03,0.4671156797446013,36,177,thymio-08
76,1788221842.736305,10000.0,10000.0,0.0,98.26447454482786,2.190901517868042,0.100633718073368,1.2505749464035034,0.4413095414638519,0.7283884882926941,0.4692992269992828,-0.2333547621965408,10,1.0,1.0,-1.0,1.0,0,0,0.03,0.4108372856511773,45,169,thymio-08
77,1788221843.3400548,10000.0,10000.0,0.0,98.26447454482786,2.190901517868042,0.100633718073368,1.2505749464035034,0.4413095414638519,0.7283884882926941,0.4692992269992828,-0.2333547621965408,10,1.0,1.0,-1.0,1.0,0,0,0.03,0.3535774728384203,53,160,thymio-08
78,1788221843.9433522,10000.0,10000.0,0.0,98.26447454482786,2.190901517868042,0.100633718073368,1.2505749464035034,0.4413095414638519,0.7283884882926941,0.4692992269992828,-0.2333547621965408,10,1.0,1.0,-1.0,1.0,0,0,0.03,0.3036446918133907,61,152,thymio-08
79,1788221844.5466266,2.390556812286377,1.225980281829834,0.2698360743952905,98.26447454482786,2.390556812286377,0.0974786803126335,1.225980281829834,0.0702817291021347,-0.6702101826667786,-0.6202864646911621,-0.4014021456241607,10,1.0,-0.8256130496761093,-0.4546375750326453,1.0,0,0,0.0119954605779059,-0.2471093226562104,80,5,thymio-08
80,1788221845.154733,2.390556812286377,1.225980281829834,0.2698360743952905,98.16447454482788,2.390556812286377,0.0974786803126335,1.225980281829834,0.0702817291021347,-0.6702101826667786,-0.6202864646911621,-0.4014021456241607,10,1.0,-0.8256130496761093,-0.4546375750326453,1.0,0,0,0.0121635902862117,-0.0838544457804177,56,31,thymio-08
81,1788221845.757952,10000.0,10000.0,0.0,98.16447454482788,2.390556812286377,0.0974786803126335,1.225980281829834,0.0702817291021347,-0.6702101826667786,-0.6202864646911621,-0.4014021456241607,10,1.0,1.0,-1.0,1.0,0,0,0.03,0.089191545519543,93,120,thymio-08
82,1788221846.3611412,10000.0,10000.0,0.0,98.16447454482788,2.390556812286377,0.0974786803126335,1.225980281829834,0.0702817291021347,-0.6702101826667786,-0.6202864646911621,-0.4014021456241607,10,1.0,1.0,-1.0,1.0,0,0,0.03,0.3197418451048263,58,155,thymio-08
83,1788221846.9647925,10000.0,10000.0,0.0,98.16447454482788,2.390556812286377,0.0974786803126335,1.225980281829834,0.0702817291021347,-0.6702101826667786,-0.6202864646911621,-0.4014021456241607,10,1.0,1.0,-1.0,1.0,0,0,0.03,0.4495765951482264,39,174,thymio-08
84,1788221847.5684276,10000.0,10000.0,0.0,98.16447454482788,2.390556812286377,0.0974786803126335,1.225980281829834,0.0702817291021347,-0.6702101826667786,-0.6202864646911621,-0.4014021456241607,10,1.0,1.0,-1.0,1.0,0,0,0.03,0.4493566149418845,39,174,thymio-08
85,1788221848.171969,10000.0,10000.0,0.0,98.16447454482788,2.390556812286377,0.0974786803126335,1.225980281829834,0.0702817291021347,-0.6702101826667786,-0.6202864646911621,-0.4014021456241607,10,1.0,1.0,-1.0,1.0,0,0,0.03,0.389807699261424,48,165,thymio-08
86,1788221848.7748868,10000.0,10000.0,0.0,98.16447454482788,2.390556812286377,0.0974786803126335,1.225980281829834,0.0702817291021347,-0.6702101826667786,-0.6202864646911621,-0.4014021456241607,10,1.0,1.0,-1.0,1.0,0,0,0.03,0.3593848018932642,52,161,thymio-08
87,1788221849.3784826,10000.0,10000.0,0.0,98.16447454482788,2.390556812286377,0.0974786803126335,1.225980281829834,0.0702817291021347,-0.6702101826667786,-0.6202864646911621,-0.4014021456241607,10,1.0,1.0,-1.0,1.0,2167,0,-0.08,0.3367219530840381,-335,-233,thymio-08
88,1788221849.9817936,2.206056833267212,1.3845738172531128,-0.3787019776491229,98.16447454482788,2.206056833267212,0.1010535731911659,1.3845738172531128,-0.5110253095626831,-0.6612381935119629,-0.370684415102005,0.4052285850048065,10,1.0,0.7999986657477811,-0.3945502700055123,1.0,0,0,0.0057552455774041,0.3002335346396707,-25,66,thymio-08
89,1788221850.590091,2.206056833267212,1.3845738172531128,-0.3787019776491229,98.06447454482787,2.206056833267212,0.1010535731911659,1.3845738172531128,-0.5110253095626831,-0.6612381935119629,-0.370684415102005,0.4052285850048065,10,1.0,0.7999986657477811,-0.3945502700055123,1.0,0,0,0.0053322871964354,0.5332546385455249,-62,99,thymio-08
90,1788221851.1938767,10000.0,10000.0,0.0,98.06447454482787,2.206056833267212,0.1010535731911659,1.3845738172531128,-0.5110253095626831,-0.6612381935119629,-0.370684415102005,0.4052285850048065,10,1.0,1.0,-1.0,1.0,0,0,0.03,0.5859040870816107,18,195,thymio-08
91,1788221851.796847,10000.0,10000.0,0.0,98.06447454482787,2.206056833267212,0.1010535731911659,1.3845738172531128,-0.5110253095626831,-0.6612381935119629,-0.370684415102005,0.4052285850048065,10,1.0,1.0,-1.0,1.0,0,0,0.03,0.6194480272283891,13,200,thymio-08
92,1788221852.4000037,10000.0,10000.0,0.0,98.06447454482787,2.206056833267212,0.1010535731911659,1.3845738172531128,-0.5110253095626831,-0.6612381935119629,-0.370684415102005,0.4052285850048065,10,1.0,1.0,-1.0,1.0,0,0,0.03,0.6249653339860027,12,201,thymio-08
93,1788221853.0033047,2.2663631439208984,1.4155462980270386,-1.908953116596792,98.06447454482787,2.2663631439208984,0.1000595688819885,1.4155462980270386,-0.6158180236816406,-0.1874461621046066,0.1134956404566764,0.756803035736084,10,-0.1821781590906842,1.0,0.5789840485167463,1.0,0,0,0.0,0.6279533231570059,-95,95,thymio-08
94,1788221853.6115336,2.2663631439208984,1.4155462980270386,-1.908953116596792,97.96447454482788,2.2663631439208984,0.1000595688819885,1.4155462980270386,-0.6158180236816406,-0.1874461621046066,0.1134956404566764,0.756803035736084,10,-0.1821781590906842,1.0,0.5789840485167463,1.0,0,0,0.0,0.6274449275542847,-95,95,thymio-08
95,1788221854.2149456,10000.0,10000.0,0.0,97.96447454482788,2.2663631439208984,0.1000595688819885,1.4155462980270386,-0.6158180236816406,-0.1874461621046066,0.1134956404566764,0.756803035736084,10,1.0,1.0,-1.0,1.0,0,0,0.03,0.6276502197109182,12,201,thymio-08
96,1788221854.819223,2.318686962127685,1.3731539249420166,-1.8211677853462205,97.96447454482788,2.318686962127685,0.1009160131216049,1.3731539249420166,-0.500592052936554,0.2315922081470489,0.3814638257026672,0.7417938113212585,10,-0.2621758256855965,1.0,-0.0742323993809438,1.0,0,0,8.819035847638412e-05,0.6281108748521447,-95,95,thymio-08
97,1788221855.4279003,2.318686962127685,1.3731539249420166,-1.8211677853462205,97.86447454482789,2.318686962127685,0.1009160131216049,1.3731539249420166,-0.500592052936554,0.2315922081470489,0.3814638257026672,0.7417938113212585,10,-0.2621758256855965,1.0,-0.0742323993809438,1.0,0,0,-0.0052877206423546,0.6282301685082163,-114,76,thymio-08
98,1788221856.0309012,10000.0,10000.0,0.0,97.86447454482789,2.318686962127685,0.1009160131216049,1.3731539249420166,-0.500592052936554,0.2315922081470489,0.3814638257026672,0.7417938113212585,10,1.0,1.0,-1.0,1.0,0,0,-0.03,0.6275541055310684,-201,-12,thymio-08
99,1788221856.6343668,2.307842254638672,1.3339073657989502,-0.3495623730081258,97.86447454482789,2.307842254638672,0.098997414112091,1.3339073657989502,-0.2562816143035888,0.506639838218689,0.5775293707847595,0.5865967869758606,10,-0.9654999312619312,0.4580483451894617,-0.2708857585043034,1.0,0,0,0.0,0.4697553077754233,-71,71,thymio-08
100,1788221857.2422736,2.307842254638672,1.3339073657989502,-0.3495623730081258,97.76447454482788,2.307842254638672,0.098997414112091,1.3339073657989502,-0.2562816143035888,0.506639838218689,0.5775293707847595,0.5865967869758606,10,-0.9654999312619312,0.4580483451894617,-0.2708857585043034,1.0,0,0,0.0,0.6102984919539182,-92,92,thymio-08
101,1788221857.8505611,10000.0,10000.0,0.0,97.76447454482788,2.307842254638672,0.098997414112091,1.3339073657989502,-0.2562816143035888,0.506639838218689,0.5775293707847595,0.5865967869758606,10,1.0,1.0,-1.0,1.0,0,0,-0.03,0.626289952954934,-201,-12,thymio-08
102,1788221858.4544184,10000.0,10000.0,0.0,97.76447454482788,2.307842254638672,0.098997414112091,1.3339073657989502,-0.2562816143035888,0.506639838218689,0.5775293707847595,0.5865967869758606,10,1.0,1.0,-1.0,1.0,0,0,-0.03,-0.0128069600169351,-105,-109,thymio-08
103,1788221859.058076,10000.0,10000.0,0.0,97.76447454482788,2.307842254638672,0.098997414112091,1.3339073657989502,-0.2562816143035888,0.506639838218689,0.5775293707847595,0.5865967869758606,10,1.0,1.0,-1.0,1.0,0,0,-0.03,-0.0783172850120212,-95,-118,thymio-08
104,1788221859.6616664,10000.0,10000.0,0.0,97.76447454482788,2.307842254638672,0.098997414112091,1.3339073657989502,-0.2562816143035888,0.506639838218689,0.5775293707847595,0.5865967869758606,10,1.0,1.0,-1.0,1.0,0,0,-0.03,-0.095931683401391,-92,-121,thymio-08
105,1788221860.2647934,10000.0,10000.0,0.0,97.76447454482788,2.307842254638672,0.098997414112091,1.3339073657989502,-0.2562816143035888,0.506639838218689,0.5775293707847595,0.5865967869758606,10,1.0,1.0,-1.0,1.0,0,0,-0.03,-0.0936538462247992,-92,-121,thymio-08
106,1788221860.8686242,2.2880899906158447,1.342311143875122,0.3509200774571441,97.76447454482788,2.2880899906158447,0.0998346209526062,1.342311143875122,0.325033962726593,0.7703157067298889,0.5371586680412292,-0.1114776134490966,10,1.0,-0.210380715037326,-0.3657284851129548,1.0,0,0,-0.0199911018087397,-0.1704168047983836,-45,-97,thymio-08
107,1788221861.4773326,2.2880899906158447,1.342311143875122,0.3509200774571441,97.6644745448279,2.2880899906158447,0.0998346209526062,1.342311143875122,0.325033962726593,0.7703157067298889,0.5371586680412292,-0.1114776134490966,10,1.0,-0.210380715037326,-0.3657284851129548,1.0,0,0,-0.0194760019108813,-0.297442095023291,-24,-114,thymio-08
108,1788221862.0808167,10000.0,10000.0,0.0,97.6644745448279,2.2880899906158447,0.0998346209526062,1.342311143875122,0.325033962726593,0.7703157067298889,0.5371586680412292,-0.1114776134490966,10,1.0,1.0,-1.0,1.0,0,0,-0.03,-0.4828852369458573,-34,-180,thymio-08
109,1788221862.6837497,10000.0,10000.0,0.0,97.6644745448279,2.2880899906158447,0.0998346209526062,1.342311143875122,0.325033962726593,0.7703157067298889,0.5371586680412292,-0.1114776134490966,10,1.0,1.0,-1.0,1.0,0,0,-0.03,-0.5170722259357622,-29,-185,thymio-08
110,1788221863.2866948,10000.0,10000.0,0.0,97.6644745448279,2.2880899906158447,0.0998346209526062,1.342311143875122,0.325033962726593,0.7703157067298889,0.5371586680412292,-0.1114776134490966,10,1.0,1.0,-1.0,1.0,0,0,-0.03,-0.414203987256359,-44,-169,thymio-08
111,1788221863.8896422,10000.0,10000.0,0.0,97.6644745448279,2.2880899906158447,0.0998346209526062,1.342311143875122,0.325033962726593,0.7703157067298889,0.5371586680412292,-0.1114776134490966,10,1.0,1.0,-1.0,1.0,0,0,-0.03,-0.2972774346006948,-62,-151,thymio-08
112,1788221864.493204,10000.0,10000.0,0.0,97.6644745448279,2.2880899906158447,0.0998346209526062,1.342311143875122,0.325033962726593,0.7703157067298889,0.5371586680412292,-0.1114776134490966,10,1.0,1.0,-1.0,1.0,0,0,-0.03,-0.2201027336913073,-73,-140,thymio-08
113,1788221865.097217,2.467930793762207,1.2713748216629028,0.2969438653972251,97.6644745448279,2.467930793762207,0.0974179208278656,1.2713748216629028,-0.0684524923563003,0.678240180015564,0.6190423965454102,0.3899884521961212,10,1.0,-0.2403938483710453,-0.5990962000276219,-0.8956787435415922,0,0,-0.0,-0.0899194107397169,14,-14,thymio-08
114,1788221865.7058773,2.467930793762207,1.2713748216629028,0.2969438653972251,97.5644745448279,2.467930793762207,0.0974179208278656,1.2713748216629028,-0.0684524923563003,0.678240180015564,0.6190423965454102,0.3899884521961212,10,1.0,-0.2403938483710453,-0.5990962000276219,-0.8956787435415922,0,0,-0.0,-0.0090465198431321,1,-1,thymio-08
115,1788221866.3095398,10000.0,10000.0,0.0,97.5644745448279,2.467930793762207,0.0974179208278656,1.2713748216629028,-0.0684524923563003,0.678240180015564,0.6190423965454102,0.3899884521961212,10,1.0,1.0,-1.0,1.0,0,0,-0.03,0.0738842997586254,-118,-95,thymio-08
116,1788221866.912686,10000.0,10000.0,0.0,97.5644745448279,2.467930793762207,0.0974179208278656,1.2713748216629028,-0.0684524923563003,0.678240180015564,0.6190423965454102,0.3899884521961212,10,1.0,1.0,-1.0,1.0,0,0,-0.03,0.148075843769193,-129,-84,thymio-08
117,1788221867.515972,10000.0,10000.0,0.0,97.5644745448279,2.467930793762207,0.0974179208278656,1.2713748216629028,-0.0684524923563003,0.678240180015564,0.6190423965454102,0.3899884521961212,10,1.0,1.0,-1.0,1.0,0,0,-0.03,0.064228434728236,-116,-97,thymio-08
118,1788221868.1196847,10000.0,10000.0,0.0,97.5644745448279,2.467930793762207,0.0974179208278656,1.2713748216629028,-0.0684524923563003,0.678240180015564,0.6190423965454102,0.3899884521961212,10,1.0,1.0,-1.0,1.0,0,0,-0.03,0.0444937947902422,-113,-100,thymio-08
119,1788221868.7228649,2.5339972972869877,1.353405237197876,-0.2801683278280928,97.5644745448279,2.5339972972869877,0.0989690572023391,1.353405237197876,-0.2680041491985321,0.5200547575950623,0.5722541809082031,0.5746669769287109,10,1.0,-0.0662976094790026,-0.641280766061465,1.0,0,0,-0.0171950360731593,0.0096339948301169,-63,-60,thymio-08
120,1788221869.33072,2.5339972972869877,1.353405237197876,-0.2801683278280928,97.46447454482792,2.5339972972869877,0.0989690572023391,1.353405237197876,-0.2680041491985321,0.5200547575950623,0.5722541809082031,0.5746669769287109,10,1.0,-0.0662976094790026,-0.641280766061465,1.0,0,0,-0.0177122699676868,-0.0387748104702014,-57,-69,thymio-08
121,1788221869.9338796,10000.0,10000.0,0.0,97.46447454482792,2.5339972972869877,0.0989690572023391,1.353405237197876,-0.2680041491985321,0.5200547575950623,0.5722541809082031,0.5746669769287109,10,1.0,1.0,-1.0,1.0,0,1418,-0.03,-0.1132618977257421,-89,-124,thymio-08
122,1788221870.537068,10000.0,10000.0,0.0,97.46447454482792,2.5339972972869877,0.0989690572023391,1.353405237197876,-0.2680041491985321,0.5200547575950623,0.5722541809082031,0.5746669769287109,10,1.0,1.0,-1.0,1.0,0,1897,-0.03,-0.1845578775656951,-79,-134,thymio-08
123,1788221871.1402204,2.556199312210083,1.406174659729004,-0.2795106379224878,97.46447454482792,2.556199312210083,0.0991700664162635,1.406174659729004,-0.2167957872152328,0.5042212605476379,0.6080561876296997,0.5736098885536194,10,1.0,0.0181423563084088,-0.633589017379097,1.0,0,2441,0.08,-0.1137404235164983,301,267,thymio-08
124,1788221871.748618,2.556199312210083,1.406174659729004,-0.2795106379224878,97.36447454482791,2.556199312210083,0.0991700664162635,1.406174659729004,-0.2167957872152328,0.5042212605476379,0.6080561876296997,0.5736098885536194,10,1.0,0.0181423563084088,-0.633589017379097,1.0,0,1761,-0.0,-0.1485865823760121,22,-22,thymio-08
125,1788221872.3516767,10000.0,10000.0,0.0,97.36447454482791,2.556199312210083,0.0991700664162635,1.406174659729004,-0.2167957872152328,0.5042212605476379,0.6080561876296997,0.5736098885536194,10,1.0,1.0,-1.0,1.0,0,1540,-0.03,-0.1918774308931488,-78,-136,thymio-08
126,1788221872.954968,10000.0,10000.0,0.0,97.36447454482791,2.556199312210083,0.0991700664162635,1.406174659729004,-0.2167957872152328,0.5042212605476379,0.6080561876296997,0.5736098885536194,10,1.0,1.0,-1.0,1.0,0,1701,-0.03,-0.2022264995941596,-76,-137,thymio-08
127,1788221873.558034,10000.0,10000.0,0.0,97.36447454482791,2.556199312210083,0.0991700664162635,1.406174659729004,-0.2167957872152328,0.5042212605476379,0.6080561876296997,0.5736098885536194,10,1.0,1.0,-1.0,1.0,0,2178,0.08,-0.1426010394286527,306,263,thymio-08
128,1788221874.1612823,10000.0,10000.0,0.0,97.36447454482791,2.556199312210083,0.0991700664162635,1.406174659729004,-0.2167957872152328,0.5042212605476379,0.6080561876296997,0.5736098885536194,10,1.0,1.0,-1.0,1.0,0,0,-0.03,-0.1182211933500081,-89,-124,thymio-08
129,1788221874.7643423,10000.0,10000.0,0.0,97.36447454482791,2.556199312210083,0.0991700664162635,1.406174659729004,-0.2167957872152328,0.5042212605476379,0.6080561876296997,0.5736098885536194,10,1.0,1.0,-1.0,1.0,0,0,-0.03,-0.0933292848310128,-92,-121,thymio-08
130,1788221875.3673906,10000.0,10000.0,0.0,97.36447454482791,2.556199312210083,0.0991700664162635,1.406174659729004,-0.2167957872152328,0.5042212605476379,0.6080561876296997,0.5736098885536194,10,1.0,1.0,-1.0,1.0,0,0,-0.03,-0.0884073409144835,-93,-120,thymio-08
131,1788221875.970607,10000.0,10000.0,0.0,97.36447454482791,2.556199312210083,0.0991700664162635,1.406174659729004,-0.2167957872152328,0.5042212605476379,0.6080561876296997,0.5736098885536194,10,1.0,1.0,-1.0,1.0,0,1951,-0.03,-0.0881858558984282,-93,-120,thymio-08
132,1788221876.5739248,10000.0,10000.0,0.0,97.36447454482791,2.556199312210083,0.0991700664162635,1.406174659729004,-0.2167957872152328,0.5042212605476379,0.6080561876296997,0.5736098885536194,10,1.0,1.0,-1.0,1.0,0,2584,0.08,-0.0959993055858487,299,270,thymio-08
133,1788221877.177418,2.576945543289185,1.4844496250152588,-1.6937025334972435,97.36447454482791,2.576945543289185,0.1005798503756523,1.4844496250152588,-0.5035379528999329,0.1777733713388443,0.4165393412113189,0.7357589602470398,10,-0.5004970456614637,-0.9776671525951002,0.2848775758223161,1.0,0,0,-0.0,-0.0975948455796007,15,-15,thymio-08
134,1788221877.7864337,2.576945543289185,1.4844496250152588,-1.6937025334972435,97.26447454482792,2.576945543289185,0.1005798503756523,1.4844496250152588,-0.5035379528999329,0.1777733713388443,0.4165393412113189,0.7357589602470398,10,-0.5004970456614637,-0.9776671525951002,0.2848775758223161,1.0,0,0,-0.0,0.1511689123915338,-23,23,thymio-08
135,1788221878.3909495,10000.0,10000.0,0.0,97.26447454482792,2.576945543289185,0.1005798503756523,1.4844496250152588,-0.5035379528999329,0.1777733713388443,0.4165393412113189,0.7357589602470398,10,1.0,1.0,-1.0,1.0,0,0,-0.03,0.1009677095537141,-122,-91,thymio-08
136,1788221878.9945817,10000.0,10000.0,0.0,97.26447454482792,2.576945543289185,0.1005798503756523,1.4844496250152588,-0.5035379528999329,0.1777733713388443,0.4165393412113189,0.7357589602470398,10,1.0,1.0,-1.0,1.0,0,0,-0.03,-0.2434979109060591,-70,-143,thymio-08
137,1788221879.5982926,10000.0,10000.0,0.0,97.26447454482792,2.576945543289185,0.1005798503756523,1.4844496250152588,-0.5035379528999329,0.1777733713388443,0.4165393412113189,0.7357589602470398,10,1.0,1.0,-1.0,1.0,0,1375,-0.03,-0.3587479533258816,-52,-161,thymio-08
138,1788221880.2014756,2.5735621452331543,1.502130389213562,-1.8581986194673683,97.26447454482792,2.5735621452331543,0.0997276529669761,1.502130389213562,-0.5415188074111938,0.1364777386188507,0.3424782156944275,0.7555394172668457,10,-0.3898278600933534,1.0,0.2944201989094557,1.0,0,0,-0.0,-0.2041204572920813,31,-31,thymio-08
139,1788221880.810345,2.5735621452331543,1.502130389213562,-1.8581986194673683,97.16447454482793,2.5735621452331543,0.0997276529669761,1.502130389213562,-0.5415188074111938,0.1364777386188507,0.3424782156944275,0.7555394172668457,10,-0.3898278600933534,1.0,0.2944201989094557,1.0,0,0,-0.0,-0.1094512173571932,17,-17,thymio-08
140,1788221881.4140313,10000.0,10000.0,0.0,97.16447454482793,2.5735621452331543,0.0997276529669761,1.502130389213562,-0.5415188074111938,0.1364777386188507,0.3424782156944275,0.7555394172668457,10,1.0,1.0,-1.0,1.0,0,0,-0.03,-0.2660559365169994,-66,-147,thymio-08
141,1788221882.0171168,10000.0,10000.0,0.0,97.16447454482793,2.5735621452331543,0.0997276529669761,1.502130389213562,-0.5415188074111938,0.1364777386188507,0.3424782156944275,0.7555394172668457,10,1.0,1.0,-1.0,1.0,0,0,-0.03,-0.2069599352171319,-75,-138,thymio-08
142,1788221882.6201172,2.5367441177368164,1.5338644981384275,-1.8947016440196132,97.16447454482793,2.5367441177368164,0.0992033928632736,1.5338644981384275,-0.582175612449646,0.0017366715474054,0.2608126997947693,0.7700943350791931,10,-0.2593019929323105,1.0,0.3398587244213027,1.0,0,2040,0.08,0.0634775560131659,275,294,thymio-08
143,1788221883.22972,2.5367441177368164,1.5338644981384275,-1.8947016440196132,97.06447454482792,2.5367441177368164,0.0992033928632736,1.5338644981384275,-0.582175612449646,0.0017366715474054,0.2608126997947693,0.7700943350791931,10,-0.2593019929323105,1.0,0.3398587244213027,1.0,0,0,-0.0,0.6112680158727204,-92,92,thymio-08
144,1788221883.837891,2.5736982822418213,1.4999362230300903,-1.834111369076862,96.96447454482794,2.5736982822418213,0.0993861705064773,1.4999362230300903,-0.5301244258880615,0.1237095668911933,0.3436371982097626,0.7652302980422974,10,-0.2483899016706688,1.0,0.4004638778700808,1.0,0,0,-0.0,0.6282389539928219,-95,95,thymio-08
145,1788221884.446768,2.5736982822418213,1.4999362230300903,-1.834111369076862,96.86447454482794,2.5736982822418213,0.0993861705064773,1.4999362230300903,-0.5301244258880615,0.1237095668911933,0.3436371982097626,0.7652302980422974,10,-0.2483899016706688,1.0,0.4004638778700808,1.0,0,2193,0.08,0.6282557928397596,189,379,thymio-08
146,1788221885.0502782,10000.0,10000.0,0.0,96.86447454482794,2.5736982822418213,0.0993861705064773,1.4999362230300903,-0.5301244258880615,0.1237095668911933,0.3436371982097626,0.7652302980422974,10,1.0,1.0,-1.0,1.0,0,1604,-0.03,0.6259654391260959,-201,-12,thymio-08
147,1788221885.6532984,10000.0,10000.0,0.0,96.86447454482794,2.5736982822418213,0.0993861705064773,1.4999362230300903,-0.5301244258880615,0.1237095668911933,0.3436371982097626,0.7652302980422974,10,1.0,1.0,-1.0,1.0,0,0,-0.03,0.6270027131947475,-201,-12,thymio-08
148,1788221886.2563658,10000.0,10000.0,0.0,96.86447454482794,2.5736982822418213,0.0993861705064773,1.4999362230300903,-0.5301244258880615,0.1237095668911933,0.3436371982097626,0.7652302980422974,10,1.0,1.0,-1.0,1.0,0,0,-0.03,0.6253539851747646,-201,-12,thymio-08
149,1788221886.8599503,10000.0,10000.0,0.0,96.86447454482794,2.5736982822418213,0.0993861705064773,1.4999362230300903,-0.5301244258880615,0.1237095668911933,0.3436371982097626,0.7652302980422974,10,1.0,1.0,-1.0,1.0,0,0,0.0111877638136737,0.6195010846924323,-54,133,thymio-08
150,1788221887.4631517,10000.0,10000.0,0.0,96.86447454482794,2.5736982822418213,0.0993861705064773,1.4999362230300903,-0.5301244258880615,0.1237095668911933,0.3436371982097626,0.7652302980422974,10,1.0,1.0,-1.0,1.0,0,0,0.03,0.5650983091756867,21,192,thymio-08
151,1788221888.066522,10000.0,10000.0,0.0,96.86447454482794,2.5736982822418213,0.0993861705064773,1.4999362230300903,-0.5301244258880615,0.1237095668911933,0.3436371982097626,0.7652302980422974,10,1.0,1.0,-1.0,1.0,2342,0,-0.08,0.3265630355538361,-334,-235,thymio-08
152,1788221888.6700718,2.5692358016967773,1.4395864009857178,0.3323518367277356,96.86447454482794,2.5692358016967773,0.0980018302798271,1.4395864009857178,-0.0016112918965518,0.7130268812179565,0.6177821159362793,0.3315651416778564,10,1.0,-0.3310996864879475,1.0,1.0,2141,0,-0.08,0.1874846614142578,-313,-256,thymio-08
153,1788221889.2783122,2.5692358016967773,1.4395864009857178,0.3323518367277356,96.76447454482796,2.5692358016967773,0.0980018302798271,1.4395864009857178,-0.0016112918965518,0.7130268812179565,0.6177821159362793,0.3315651416778564,10,1.0,-0.3310996864879475,1.0,1.0,1429,0,0.0,0.2812247371234539,-42,42,thymio-08
154,1788221889.8818305,10000.0,10000.0,0.0,96.76447454482796,2.5692358016967773,0.0980018302798271,1.4395864009857178,-0.0016112918965518,0.7130268812179565,0.6177821159362793,0.3315651416778564,10,1.0,1.0,-1.0,1.0,1449,0,0.03,-0.2792252275784812,149,64,thymio-08
155,1788221890.4852138,10000.0,10000.0,0.0,96.76447454482796,2.5692358016967773,0.0980018302798271,1.4395864009857178,-0.0016112918965518,0.7130268812179565,0.6177821159362793,0.3315651416778564,10,1.0,1.0,-1.0,1.0,1476,0,0.03,-0.5186956774679237,185,28,thymio-08
156,1788221891.0885866,10000.0,10000.0,0.0,96.76447454482796,2.5692358016967773,0.0980018302798271,1.4395864009857178,-0.0016112918965518,0.7130268812179565,0.6177821159362793,0.3315651416778564,10,1.0,1.0,-1.0,1.0,1307,0,0.03,-0.6037078220917296,198,15,thymio-08
157,1788221891.6920607,10000.0,10000.0,0.0,96.76447454482796,2.5692358016967773,0.0980018302798271,1.4395864009857178,-0.0016112918965518,0.7130268812179565,0.6177821159362793,0.3315651416778564,10,1.0,1.0,-1.0,1.0,0,0,0.03,-0.5984960399579513,197,16,thymio-08
158,1788221892.2953002,10000.0,10000.0,0.0,96.76447454482796,2.5692358016967773,0.0980018302798271,1.4395864009857178,-0.0016112918965518,0.7130268812179565,0.6177821159362793,0.3315651416778564,10,1.0,1.0,-1.0,1.0,0,0,0.03,-0.5420741444937078,188,25,thymio-08
159,1788221892.898276,10000.0,10000.0,0.0,96.76447454482796,2.5692358016967773,0.0980018302798271,1.4395864009857178,-0.0016112918965518,0.7130268812179565,0.6177821159362793,0.3315651416778564,10,1.0,1.0,-1.0,1.0,0,0,0.03,-0.603588476213691,198,15,thymio-08
160,1788221893.5013816,10000.0,10000.0,0.0,96.76447454482796,2.5692358016967773,0.0980018302798271,1.4395864009857178,-0.0016112918965518,0.7130268812179565,0.6177821159362793,0.3315651416778564,10,1.0,1.0,-1.0,1.0,0,0,0.03,-0.6256293437132913,201,12,thymio-08
161,1788221894.1053884,2.573896884918213,1.420937418937683,0.3633996901722689,96.76447454482796,2.573896884918213,0.0979472324252128,1.420937418937683,0.1838996857404709,0.7669735550880432,0.6014798879623413,0.1271006613969802,10,1.0,0.4754208668278161,-0.3547125186201534,1.0,0,0,0.0,-0.6136090926475498,93,-93,thymio-08
162,1788221894.7142315,2.573896884918213,1.420937418937683,0.3633996901722689,96.66447454482795,2.573896884918213,0.0979472324252128,1.420937418937683,0.1838996857404709,0.7669735550880432,0.6014798879623413,0.1271006613969802,10,1.0,0.4754208668278161,-0.3547125186201534,1.0,0,0,0.0,-0.6087534101858777,92,-92,thymio-08
163,1788221895.3175893,10000.0,10000.0,0.0,96.66447454482795,2.573896884918213,0.0979472324252128,1.420937418937683,0.1838996857404709,0.7669735550880432,0.6014798879623413,0.1271006613969802,10,1.0,1.0,-1.0,1.0,0,0,0.03,-0.6220448440790944,201,13,thymio-08
164,1788221895.9207656,10000.0,10000.0,0.0,96.66447454482795,2.573896884918213,0.0979472324252128,1.420937418937683,0.1838996857404709,0.7669735550880432,0.6014798879623413,0.1271006613969802,10,1.0,1.0,-1.0,1.0,0,0,0.03,-0.620083387078132,200,13,thymio-08
165,1788221896.5244513,10000.0,10000.0,0.0,96.66447454482795,2.573896884918213,0.0979472324252128,1.420937418937683,0.1838996857404709,0.7669735550880432,0.6014798879623413,0.1271006613969802,10,1.0,1.0,-1.0,1.0,0,0,0.03,-0.6214888930637182,200,13,thymio-08
166,1788221897.1277783,10000.0,10000.0,0.0,96.66447454482795,2.573896884918213,0.0979472324252128,1.420937418937683,0.1838996857404709,0.7669735550880432,0.6014798879623413,0.1271006613969802,10,1.0,1.0,-1.0,1.0,0,0,0.03,-0.6227787220278539,201,13,thymio-08
167,1788221897.731523,10000.0,10000.0,0.0,96.66447454482795,2.573896884918213,0.0979472324252128,1.420937418937683,0.1838996857404709,0.7669735550880432,0.6014798879623413,0.1271006613969802,10,1.0,1.0,-1.0,1.0,2209,0,-0.08,-0.6231631603397703,-190,-378,thymio-08
168,1788221898.3357017,2.581306219100952,1.407616138458252,-1.8758648969546097,96.66447454482795,2.581306219100952,0.0975742936134338,1.407616138458252,-0.6308588981628418,-0.2341437935829162,0.0881382226943969,0.734455943107605,10,-0.396935842167459,-0.97699914030123,0.1846132435837144,1.0,2070,0,-0.08,-0.5404618645452058,-203,-366,thymio-08
169,1788221898.943659,2.581306219100952,1.407616138458252,-1.8758648969546097,96.56447454482796,2.581306219100952,0.0975742936134338,1.407616138458252,-0.6308588981628418,-0.2341437935829162,0.0881382226943969,0.734455943107605,10,-0.396935842167459,-0.97699914030123,0.1846132435837144,1.0,0,0,0.0,-0.4233362542162325,64,-64,thymio-08
170,1788221899.547272,10000.0,10000.0,0.0,96.56447454482796,2.581306219100952,0.0975742936134338,1.407616138458252,-0.6308588981628418,-0.2341437935829162,0.0881382226943969,0.734455943107605,10,1.0,1.0,-1.0,1.0,0,0,0.03,-0.3835588772537757,165,49,thymio-08
171,1788221900.150614,10000.0,10000.0,0.0,96.56447454482796,2.581306219100952,0.0975742936134338,1.407616138458252,-0.6308588981628418,-0.2341437935829162,0.0881382226943969,0.734455943107605,10,1.0,1.0,-1.0,1.0,0,0,0.03,-0.6088268284888733,199,15,thymio-08
172,1788221900.7541733,2.5144407749176025,1.316426157951355,-0.7577406420535393,96.56447454482796,2.5144407749176025,0.0987566784024238,1.316426157951355,-0.5611166954040527,-0.6394645571708679,-0.3015992641448974,0.4304312765598297,10,1.0,0.7168225706995439,-0.2375184367481098,1.0,0,0,-0.029342728295438,-0.5703785633280942,-18,-190,thymio-08
173,1788221901.36237,2.5144407749176025,1.316426157951355,-0.7577406420535393,96.46447454482797,2.5144407749176025,0.0987566784024238,1.316426157951355,-0.5611166954040527,-0.6394645571708679,-0.3015992641448974,0.4304312765598297,10,1.0,0.7168225706995439,-0.2375184367481098,1.0,0,0,-0.0331429546875064,-0.4971119225839437,-43,-193,thymio-08
174,1788221901.9661832,10000.0,10000.0,0.0,96.46447454482797,2.5144407749176025,0.0987566784024238,1.316426157951355,-0.5611166954040527,-0.6394645571708679,-0.3015992641448974,0.4304312765598297,10,1.0,1.0,-1.0,1.0,0,0,-0.03,-0.2400034086646738,-70,-143,thymio-08
175,1788221902.5695615,10000.0,10000.0,0.0,96.46447454482797,2.5144407749176025,0.0987566784024238,1.316426157951355,-0.5611166954040527,-0.6394645571708679,-0.3015992641448974,0.4304312765598297,10,1.0,1.0,-1.0,1.0,0,0,-0.03,-0.2250412530026088,-73,-141,thymio-08
176,1788221903.174333,2.5613763332366943,1.2887781858444214,0.383913220614291,96.46447454482797,2.5613763332366943,0.0973429605364799,1.2887781858444214,-0.1282406151294708,-0.7658032774925232,-0.6039769649505615,-0.1797540634870529,10,1.0,0.1505230118833542,-0.216581214248583,0.8130111545213641,0,0,-0.0377680341251118,-0.2164551408758457,-102,-167,thymio-08
177,1788221903.7828853,2.615121364593506,1.290211796760559,0.3782019029542565,96.36447454482796,2.615121364593506,0.0966384038329124,1.290211796760559,-0.0208774134516716,-0.7358401417732239,-0.6112109422683716,-0.2907312512397766,10,1.0,0.1608565743013932,-0.3319289706606141,0.8429193927420562,0,0,-0.0371062859765216,-0.3054345173555992,-86,-178,thymio-08
178,1788221904.391319,2.615121364593506,1.290211796760559,0.3782019029542565,96.26447454482798,2.615121364593506,0.0966384038329124,1.290211796760559,-0.0208774134516716,-0.7358401417732239,-0.6112109422683716,-0.2907312512397766,10,1.0,0.1608565743013932,-0.3319289706606141,0.8429193927420562,0,0,-0.0356894217818354,-0.4069259557863222,-65,-188,thymio-08
179,1788221904.9948,10000.0,10000.0,0.0,96.26447454482798,2.615121364593506,0.0966384038329124,1.290211796760559,-0.0208774134516716,-0.7358401417732239,-0.6112109422683716,-0.2907312512397766,10,1.0,1.0,-1.0,1.0,0,0,-0.03,-0.3138501151516965,-59,-154,thymio-08
180,1788221905.5985315,2.67225980758667,1.309735894203186,0.2765166150114617,96.26447454482798,2.67225980758667,0.0973062813282013,1.309735894203186,0.0880762040615081,-0.6566931009292603,-0.6314776539802551,-0.4027812480926513,10,-0.986467923631644,0.1651057927393147,-0.4527404172031289,0.8666017337875278,0,0,0.0,-0.1243735554402209,19,-19,thymio-08
181,1788221906.207445,2.7128500938415527,1.345223307609558,-0.012526120164801,96.16447454482798,2.7128500938415527,0.0965671390295028,1.345223307609558,0.2321643084287643,-0.5722722411155701,-0.5781048536300659,-0.5332907438278198,10,1.0,0.189915187143828,-0.5309651868615761,-0.9798826426726304,0,0,-0.0,0.0085264033805161,-1,1,thymio-08
182,1788221906.8164957,2.7128500938415527,1.345223307609558,-0.012526120164801,96.064474544828,2.7128500938415527,0.0965671390295028,1.345223307609558,0.2321643084287643,-0.5722722411155701,-0.5781048536300659,-0.5332907438278198,10,1.0,0.189915187143828,-0.5309651868615761,-0.9798826426726304,0,0,-0.0,0.0642515031694531,-10,10,thymio-08
183,1788221907.4252732,2.715144157409668,1.347454309463501,-0.1469540766035968,95.964474544828,2.715144157409668,0.0971123129129409,1.347454309463501,0.2378495782613754,-0.5439788699150085,-0.5828668475151062,-0.5547800064086914,10,1.0,0.129939493801541,-0.5388566936851134,1.0,0,0,0.0104245272456882,-0.2126982771233422,69,5,thymio-08
184,1788221908.0340056,2.715144157409668,1.347454309463501,-0.1469540766035968,95.864474544828,2.715144157409668,0.0971123129129409,1.347454309463501,0.2378495782613754,-0.5439788699150085,-0.5828668475151062,-0.5547800064086914,10,1.0,0.129939493801541,-0.5388566936851134,1.0,0,0,0.0163693103659103,-0.4746538493642256,130,-14,thymio-08
185,1788221908.643185,2.715125799179077,1.3470662832260132,-0.307643056432147,95.764474544828,2.715125799179077,0.0964014828205108,1.3470662832260132,0.2316819727420807,-0.5123464465141296,-0.5875335931777954,-0.5819182991981506,10,1.0,0.0915670206911583,-0.5163887026802987,1.0,0,0,0.0152871403204402,-0.6135450153623642,147,-38,thymio-08
186,1788221909.252391,2.718207597732544,1.339827060699463,-0.9885928842774048,95.664474544828,2.718207597732544,0.0956844016909599,1.339827060699463,0.345495730638504,-0.4296989142894745,-0.5200095176696777,-0.6523662805557251,10,1.0,0.9777394530373844,-0.5086177451965995,1.0,0,0,0.0076156387200607,-0.6256948965030156,122,-67,thymio-08
187,1788221909.8615303,2.718207597732544,1.339827060699463,-0.9885928842774048,95.56447454482802,2.718207597732544,0.0956844016909599,1.339827060699463,0.345495730638504,-0.4296989142894745,-0.5200095176696777,-0.6523662805557251,10,1.0,0.9777394530373844,-0.5086177451965995,1.0,0,0,-0.0008212352258681,-0.6070672719385394,89,-95,thymio-08
188,1788221910.4700682,2.7244319915771484,1.3452037572860718,-1.8170439330020471,95.46447454482802,2.7244319915771484,0.098642960190773,1.3452037572860718,0.5239179730415344,-0.1814268082380294,-0.374451607465744,-0.7432229518890381,10,-0.4841480227333427,1.0,-0.1040516917436719,1.0,0,0,-0.0008671395178208,-0.3850483524867163,55,-61,thymio-08
189,1788221911.0788145,2.7244319915771484,1.3452037572860718,-1.8170439330020471,95.36447454482804,2.7244319915771484,0.098642960190773,1.3452037572860718,0.5239179730415344,-0.1814268082380294,-0.374451607465744,-0.7432229518890381,10,-0.4841480227333427,1.0,-0.1040516917436719,1.0,0,0,-0.0076342624151493,-0.5710295938650931,59,-113,thymio-08
190,1788221911.6876128,2.714533805847168,1.3649271726608276,-1.9074334441580625,95.26447454482803,2.714533805847168,0.0964715257287025,1.3649271726608276,0.6119072437286377,0.095119796693325,-0.1905391812324524,-0.7617195844650269,10,-0.3885913131981067,1.0,-0.1083192219968334,1.0,0,0,-0.0104323230018653,-0.3489084225567184,16,-90,thymio-08
191,1788221912.2968965,2.682029962539673,1.3700190782546997,-1.811984675943878,95.07096105501977,2.682029962539673,0.0967546179890632,1.3700190782546997,0.6268171072006226,0.3635973036289215,0.0286549739539623,-0.6885319948196411,10,-0.2573169157634006,1.0,-0.0616154847141893,1.0,0,0,-0.0115009743957675,-0.229892866763967,-6,-76,thymio-08
192,1788221912.9054663,2.682029962539673,1.3700190782546997,-1.811984675943878,94.97096105501976,2.682029962539673,0.0967546179890632,1.3700190782546997,0.6268171072006226,0.3635973036289215,0.0286549739539623,-0.6885319948196411,10,-0.2573169157634006,1.0,-0.0616154847141893,1.0,0,0,-0.0117788781112434,-0.1604572628303096,-18,-66,thymio-08
193,1788221913.5141108,2.67049241065979,1.3662934303283691,-1.725232410387593,94.87096105501976,2.67049241065979,0.0959432125091552,1.3662934303283691,0.632358729839325,0.4214896857738495,0.0752624943852424,-0.6456039547920227,10,-0.2530242967757368,1.0,-0.0378727470497496,1.0,0,0,-0.0133524435896419,-0.1604275654150944,-23,-72,thymio-08
194,1788221914.1228025,2.67049241065979,1.3662934303283691,-1.725232410387593,94.77096105501975,2.67049241065979,0.0959432125091552,1.3662934303283691,0.632358729839325,0.4214896857738495,0.0752624943852424,-0.6456039547920227,10,-0.2530242967757368,1.0,-0.0378727470497496,1.0,0,0,-0.0134049513626462,-0.1449766182372056,-26,-70,thymio-08
195,1788221914.7312207,2.646591663360596,1.343726634979248,-1.466763025756494,94.6204166550605,2.646591663360596,0.0979234725236892,1.343726634979248,0.5963243842124939,0.5331428647041321,0.2124940305948257,-0.561250627040863,10,-0.2688782092447878,1.0,0.0511767306119812,1.0,0,0,-0.022202383199862,-0.0296315949336795,-74,-83,thymio-08
196,1788221915.3397188,2.646591663360596,1.343726634979248,-1.466763025756494,94.5204166550605,2.646591663360596,0.0979234725236892,1.343726634979248,0.5963243842124939,0.5331428647041321,0.2124940305948257,-0.561250627040863,10,-0.2688782092447878,1.0,0.0511767306119812,1.0,0,0,-0.0208083851665101,0.3571503324814056,-128,-20,thymio-08
197,1788221915.9483676,2.634549379348755,1.3241705894470217,-1.2647945327457897,94.4204166550605,2.634549379348755,0.0972261279821395,1.3241705894470217,0.5767459869384766,0.5721743702888489,0.2493290156126022,-0.5270822048187256,10,-0.2442597537938409,1.0,0.0846840946165232,1.0,0,0,-0.0190239556658951,0.6216861194724312,-161,26,thymio-08
1,1788221797.6177127,10000.0,10000.0,0.0,100.0,1.7524679899215698,0.0811394825577735,-1.0602964162826538,0.2617322206497192,-0.5772860050201416,-0.4948112368583679,-0.594473659992218,10,1.0,1.0,-1.0,1.0,0,0,-0.03,-0.5877798670977555,-18,-195,thymio-15
2,1788221798.2219794,2.447439670562744,-0.5534560680389404,1.4553806271884309,100.0,2.447439670562744,0.0776731744408607,-0.5534560680389404,-0.2501323223114013,-0.8260919451713562,-0.4963660538196563,0.0928806290030479,10,1.0,-0.5312489634522883,-0.6591717878025138,1.0,0,0,0.0455808324280333,-0.0014308610379612,162,162,thymio-15
3,1788221798.8305874,2.447439670562744,-0.5534560680389404,1.4553806271884309,99.9,2.447439670562744,0.0776731744408607,-0.5534560680389404,-0.2501323223114013,-0.8260919451713562,-0.4963660538196563,0.0928806290030479,10,1.0,-0.5312489634522883,-0.6591717878025138,1.0,0,0,0.128938026446212,-0.1471232115290688,480,436,thymio-15
4,1788221799.43342,10000.0,10000.0,0.0,99.9,2.447439670562744,0.0776731744408607,-0.5534560680389404,-0.2501323223114013,-0.8260919451713562,-0.4963660538196563,0.0928806290030479,10,1.0,1.0,-1.0,1.0,0,0,0.03,-0.2041479705766112,137,76,thymio-15
5,1788221800.0362809,10000.0,10000.0,0.0,99.9,2.447439670562744,0.0776731744408607,-0.5534560680389404,-0.2501323223114013,-0.8260919451713562,-0.4963660538196563,0.0928806290030479,10,1.0,1.0,-1.0,1.0,0,0,-0.03,-0.1899064095040889,-78,-135,thymio-15
6,1788221800.6400456,10000.0,10000.0,0.0,99.9,2.447439670562744,0.0776731744408607,-0.5534560680389404,-0.2501323223114013,-0.8260919451713562,-0.4963660538196563,0.0928806290030479,10,1.0,1.0,-1.0,1.0,0,0,-0.03,-0.066301902403205,-97,-117,thymio-15
7,1788221801.24391,2.461865901947021,-0.5486591458320618,1.4752941850857768,99.9,2.461865901947021,0.0784534960985183,-0.5486591458320618,-0.1872227787971496,-0.8343797326087952,-0.518227756023407,-0.0140767423436045,10,1.0,-0.5613343182952958,-0.6342969442179609,-0.4134714331123152,0,0,-0.1396661820216984,-0.0784656366485167,-484,-500,thymio-15
8,1788221801.852488,2.461865901947021,-0.5486591458320618,1.4752941850857768,99.8,2.461865901947021,0.0784534960985183,-0.5486591458320618,-0.1872227787971496,-0.8343797326087952,-0.518227756023407,-0.0140767423436045,10,1.0,-0.5613343182952958,-0.6342969442179609,-0.4134714331123152,0,0,-0.1310574971887588,-0.1151443205898096,-448,-483,thymio-15
9,1788221802.4556272,10000.0,10000.0,0.0,99.8,2.461865901947021,0.0784534960985183,-0.5486591458320618,-0.1872227787971496,-0.8343797326087952,-0.518227756023407,-0.0140767423436045,10,1.0,1.0,-1.0,1.0,0,0,-0.03,-0.2595554308475648,-67,-146,thymio-15
10,1788221803.0588765,10000.0,10000.0,0.0,99.8,2.461865901947021,0.0784534960985183,-0.5486591458320618,-0.1872227787971496,-0.8343797326087952,-0.518227756023407,-0.0140767423436045,10,1.0,1.0,-1.0,1.0,0,0,0.03,-0.4440250899850701,174,40,thymio-15
11,1788221803.6622314,10000.0,10000.0,0.0,99.8,2.461865901947021,0.0784534960985183,-0.5486591458320618,-0.1872227787971496,-0.8343797326087952,-0.518227756023407,-0.0140767423436045,10,1.0,1.0,-1.0,1.0,0,0,0.03,-0.610989537394923,199,14,thymio-15
12,1788221804.2655609,10000.0,10000.0,0.0,99.8,2.461865901947021,0.0784534960985183,-0.5486591458320618,-0.1872227787971496,-0.8343797326087952,-0.518227756023407,-0.0140767423436045,10,1.0,1.0,-1.0,1.0,0,0,-0.03,-0.5743728959514955,-20,-193,thymio-15
13,1788221804.8689516,10000.0,10000.0,0.0,99.8,2.461865901947021,0.0784534960985183,-0.5486591458320618,-0.1872227787971496,-0.8343797326087952,-0.518227756023407,-0.0140767423436045,10,1.0,1.0,-1.0,1.0,0,0,-0.03,-0.5333011172444072,-26,-187,thymio-15
14,1788221805.4722264,10000.0,10000.0,0.0,99.8,2.461865901947021,0.0784534960985183,-0.5486591458320618,-0.1872227787971496,-0.8343797326087952,-0.518227756023407,-0.0140767423436045,10,1.0,1.0,-1.0,1.0,0,0,-0.03,-0.4534036061377903,-38,-175,thymio-15
15,1788221806.0752838,10000.0,10000.0,0.0,99.8,2.461865901947021,0.0784534960985183,-0.5486591458320618,-0.1872227787971496,-0.8343797326087952,-0.518227756023407,-0.0140767423436045,10,1.0,1.0,-1.0,1.0,1139,0,-0.03,-0.3268753317049369,-57,-156,thymio-15
16,1788221806.6782908,10000.0,10000.0,0.0,99.8,2.461865901947021,0.0784534960985183,-0.5486591458320618,-0.1872227787971496,-0.8343797326087952,-0.518227756023407,-0.0140767423436045,10,1.0,1.0,-1.0,1.0,0,0,-0.03,-0.2327206943673331,-71,-142,thymio-15
17,1788221807.2819157,2.4690515995025635,-0.4274333119392395,-0.3962619873284043,99.8,2.4690515995025635,0.0792458206415176,-0.4274333119392395,0.3490816950798034,-0.4433408081531524,-0.4370235204696655,-0.7004294395446777,10,-0.8205350634357109,1.0,-0.5355700706719206,1.0,0,0,-0.0153212999018939,-0.0005356673293493,-54,-55,thymio-15
18,1788221807.890412,2.4690515995025635,-0.4274333119392395,-0.3962619873284043,99.70000000000002,2.4690515995025635,0.0792458206415176,-0.4274333119392395,0.3490816950798034,-0.4433408081531524,-0.4370235204696655,-0.7004294395446777,10,-0.8205350634357109,1.0,-0.5355700706719206,1.0,0,0,-0.0155265306785994,0.0362278017135301,-61,-50,thymio-15
19,1788221808.4939585,10000.0,10000.0,0.0,99.70000000000002,2.4690515995025635,0.0792458206415176,-0.4274333119392395,0.3490816950798034,-0.4433408081531524,-0.4370235204696655,-0.7004294395446777,10,1.0,1.0,-1.0,1.0,0,0,-0.03,-0.0132641682940046,-105,-109,thymio-15
20,1788221809.097076,10000.0,10000.0,0.0,99.70000000000002,2.4690515995025635,0.0792458206415176,-0.4274333119392395,0.3490816950798034,-0.4433408081531524,-0.4370235204696655,-0.7004294395446777,10,1.0,1.0,-1.0,1.0,0,0,-0.03,-0.11488243000543,-89,-124,thymio-15
21,1788221809.7007782,10000.0,10000.0,0.0,99.70000000000002,2.4690515995025635,0.0792458206415176,-0.4274333119392395,0.3490816950798034,-0.4433408081531524,-0.4370235204696655,-0.7004294395446777,10,1.0,1.0,-1.0,1.0,0,0,-0.03,-0.0685426917261656,-96,-117,thymio-15
22,1788221810.3039942,10000.0,10000.0,0.0,99.70000000000002,2.4690515995025635,0.0792458206415176,-0.4274333119392395,0.3490816950798034,-0.4433408081531524,-0.4370235204696655,-0.7004294395446777,10,1.0,1.0,-1.0,1.0,0,0,-0.03,-0.0574031742347351,-98,-115,thymio-15
23,1788221810.9068608,10000.0,10000.0,0.0,99.70000000000002,2.4690515995025635,0.0792458206415176,-0.4274333119392395,0.3490816950798034,-0.4433408081531524,-0.4370235204696655,-0.7004294395446777,10,1.0,1.0,-1.0,1.0,0,0,-0.03,-0.0580108593960445,-98,-115,thymio-15
24,1788221811.511428,10000.0,10000.0,0.0,99.70000000000002,2.4690515995025635,0.0792458206415176,-0.4274333119392395,0.3490816950798034,-0.4433408081531524,-0.4370235204696655,-0.7004294395446777,10,1.0,1.0,-1.0,1.0,0,0,-0.03,-0.0697561019854213,-96,-117,thymio-15
25,1788221812.1143675,10000.0,10000.0,0.0,99.70000000000002,2.4690515995025635,0.0792458206415176,-0.4274333119392395,0.3490816950798034,-0.4433408081531524,-0.4370235204696655,-0.7004294395446777,10,1.0,1.0,-1.0,1.0,0,0,-0.03,-0.0889475643222579,-93,-120,thymio-15
26,1788221812.7174454,10000.0,10000.0,0.0,99.70000000000002,2.4690515995025635,0.0792458206415176,-0.4274333119392395,0.3490816950798034,-0.4433408081531524,-0.4370235204696655,-0.7004294395446777,10,1.0,1.0,-1.0,1.0,0,0,-0.03,-0.1105003439737947,-90,-123,thymio-15
27,1788221813.320462,10000.0,10000.0,0.0,99.70000000000002,2.4690515995025635,0.0792458206415176,-0.4274333119392395,0.3490816950798034,-0.4433408081531524,-0.4370235204696655,-0.7004294395446777,10,1.0,1.0,-1.0,1.0,0,0,-0.03,-0.1296490894383293,-87,-126,thymio-15
28,1788221813.9241023,10000.0,10000.0,0.0,99.70000000000002,2.4690515995025635,0.0792458206415176,-0.4274333119392395,0.3490816950798034,-0.4433408081531524,-0.4370235204696655,-0.7004294395446777,10,1.0,1.0,-1.0,1.0,0,0,-0.03,-0.1445595097979076,-85,-128,thymio-15
29,1788221814.5270915,10000.0,10000.0,0.0,99.70000000000002,2.4690515995025635,0.0792458206415176,-0.4274333119392395,0.3490816950798034,-0.4433408081531524,-0.4370235204696655,-0.7004294395446777,10,1.0,1.0,-1.0,1.0,0,0,-0.03,-0.1563587807246051,-83,-130,thymio-15
30,1788221815.1305878,10000.0,10000.0,0.0,99.70000000000002,2.4690515995025635,0.0792458206415176,-0.4274333119392395,0.3490816950798034,-0.4433408081531524,-0.4370235204696655,-0.7004294395446777,10,1.0,1.0,-1.0,1.0,0,0,-0.03,-0.1655277080965216,-82,-132,thymio-15
31,1788221815.7338305,10000.0,10000.0,0.0,99.70000000000002,2.4690515995025635,0.0792458206415176,-0.4274333119392395,0.3490816950798034,-0.4433408081531524,-0.4370235204696655,-0.7004294395446777,10,1.0,1.0,-1.0,1.0,0,0,-0.03,-0.1726988289010459,-81,-133,thymio-15
32,1788221816.3373702,10000.0,10000.0,0.0,99.70000000000002,2.4690515995025635,0.0792458206415176,-0.4274333119392395,0.3490816950798034,-0.4433408081531524,-0.4370235204696655,-0.7004294395446777,10,1.0,1.0,-1.0,1.0,0,0,-0.03,-0.1782738686760998,-80,-134,thymio-15
33,1788221816.9408083,10000.0,10000.0,0.0,99.70000000000002,2.4690515995025635,0.0792458206415176,-0.4274333119392395,0.3490816950798034,-0.4433408081531524,-0.4370235204696655,-0.7004294395446777,10,1.0,1.0,-1.0,1.0,0,0,-0.03,-0.1826422444964846,-79,-134,thymio-15
34,1788221817.544884,2.2042813301086426,-0.5636903643608093,-0.9171381709340896,99.70000000000002,2.2042813301086426,0.0802098363637924,-0.5636903643608093,-0.4938901662826538,-0.0514148212969303,0.2050698846578598,0.843430757522583,10,-0.6099230800391995,1.0,-0.3951717958306184,1.0,0,0,-0.1478645511549886,-0.1172905439956064,-500,-500,thymio-15
35,1788221818.1529832,2.2042813301086426,-0.5636903643608093,-0.9171381709340896,99.60000000000002,2.2042813301086426,0.0802098363637924,-0.5636903643608093,-0.4938901662826538,-0.0514148212969303,0.2050698846578598,0.843430757522583,10,-0.6099230800391995,1.0,-0.3951717958306184,1.0,0,0,-0.0600662896333283,0.0294203941157675,-218,-209,thymio-15
36,1788221818.7563505,10000.0,10000.0,0.0,99.60000000000002,2.2042813301086426,0.0802098363637924,-0.5636903643608093,-0.4938901662826538,-0.0514148212969303,0.2050698846578598,0.843430757522583,10,1.0,1.0,-1.0,1.0,0,0,-0.03,0.3158009689470329,-154,-59,thymio-15
37,1788221819.359739,10000.0,10000.0,0.0,99.60000000000002,2.2042813301086426,0.0802098363637924,-0.5636903643608093,-0.4938901662826538,-0.0514148212969303,0.2050698846578598,0.843430757522583,10,1.0,1.0,-1.0,1.0,0,0,-0.03,0.0138369516475447,-109,-105,thymio-15
38,1788221819.9636228,10000.0,10000.0,0.0,99.60000000000002,2.2042813301086426,0.0802098363637924,-0.5636903643608093,-0.4938901662826538,-0.0514148212969303,0.2050698846578598,0.843430757522583,10,1.0,1.0,-1.0,1.0,0,0,-0.03,0.0429398837860015,-113,-100,thymio-15
39,1788221820.567468,10000.0,10000.0,0.0,99.60000000000002,2.2042813301086426,0.0802098363637924,-0.5636903643608093,-0.4938901662826538,-0.0514148212969303,0.2050698846578598,0.843430757522583,10,1.0,1.0,-1.0,1.0,0,0,-0.03,0.2638612538294349,-146,-67,thymio-15
40,1788221821.171071,10000.0,10000.0,0.0,99.60000000000002,2.2042813301086426,0.0802098363637924,-0.5636903643608093,-0.4938901662826538,-0.0514148212969303,0.2050698846578598,0.843430757522583,10,1.0,1.0,-1.0,1.0,0,0,-0.03,0.4675008983115636,-177,-36,thymio-15
41,1788221821.7743034,2.160015106201172,-0.6643906831741333,-1.051125705938558,99.60000000000002,2.160015106201172,0.0793051868677139,-0.6643906831741333,-0.5758925080299377,-0.2371320724487304,-0.0134312463924288,0.7822633385658264,10,-0.6069621856425895,1.0,-0.1843553723811344,1.0,0,0,-0.0777556560978392,0.5826068212279119,-364,-188,thymio-15
42,1788221822.382326,2.160015106201172,-0.6643906831741333,-1.051125705938558,99.50000000000004,2.160015106201172,0.0793051868677139,-0.6643906831741333,-0.5758925080299377,-0.2371320724487304,-0.0134312463924288,0.7822633385658264,10,-0.6069621856425895,1.0,-0.1843553723811344,1.0,0,0,-0.0231702953969825,0.6245545613623743,-177,12,thymio-15
43,1788221822.9856997,10000.0,10000.0,0.0,99.50000000000004,2.160015106201172,0.0793051868677139,-0.6643906831741333,-0.5758925080299377,-0.2371320724487304,-0.0134312463924288,0.7822633385658264,10,1.0,1.0,-1.0,1.0,0,0,0.0089041427431523,0.627709602970254,-63,126,thymio-15
44,1788221823.5901277,2.1899871826171875,-0.8998032212257385,-0.9712979618468544,99.50000000000004,2.1899871826171875,0.0776712596416473,-0.8998032212257385,-0.5304691791534424,-0.1173556894063949,0.135309487581253,0.8285658955574036,10,-0.4641521047189111,1.0,-0.3468295262879934,1.0,0,0,0.0703466165012762,0.6255789215939309,155,344,thymio-15
45,1788221824.1987488,2.1899871826171875,-0.8998032212257385,-0.9712979618468544,99.40000000000003,2.1899871826171875,0.0776712596416473,-0.8998032212257385,-0.5304691791534424,-0.1173556894063949,0.135309487581253,0.8285658955574036,10,-0.4641521047189111,1.0,-0.3468295262879934,1.0,0,0,0.049387605400468,0.6212479066937509,82,269,thymio-15
46,1788221824.802536,10000.0,10000.0,0.0,99.40000000000003,2.1899871826171875,0.0776712596416473,-0.8998032212257385,-0.5304691791534424,-0.1173556894063949,0.135309487581253,0.8285658955574036,10,1.0,1.0,-1.0,1.0,0,0,0.03,0.6029057319515457,16,198,thymio-15
47,1788221825.4054408,10000.0,10000.0,0.0,99.40000000000003,2.1899871826171875,0.0776712596416473,-0.8998032212257385,-0.5304691791534424,-0.1173556894063949,0.135309487581253,0.8285658955574036,10,1.0,1.0,-1.0,1.0,0,0,0.03,0.5302312355048,27,187,thymio-15
48,1788221826.0088944,10000.0,10000.0,0.0,99.40000000000003,2.1899871826171875,0.0776712596416473,-0.8998032212257385,-0.5304691791534424,-0.1173556894063949,0.135309487581253,0.8285658955574036,10,1.0,1.0,-1.0,1.0,0,0,0.03,0.4501678128754208,39,175,thymio-15
49,1788221826.6124349,10000.0,10000.0,0.0,99.40000000000003,2.1899871826171875,0.0776712596416473,-0.8998032212257385,-0.5304691791534424,-0.1173556894063949,0.135309487581253,0.8285658955574036,10,1.0,1.0,-1.0,1.0,0,0,0.03,0.375279178646963,50,163,thymio-15
50,1788221827.2167742,10000.0,10000.0,0.0,99.40000000000003,2.1899871826171875,0.0776712596416473,-0.8998032212257385,-0.5304691791534424,-0.1173556894063949,0.135309487581253,0.8285658955574036,10,1.0,1.0,-1.0,1.0,0,0,0.03,0.3243524049051564,58,156,thymio-15
51,1788221827.8202548,10000.0,10000.0,0.0,99.40000000000003,2.1899871826171875,0.0776712596416473,-0.8998032212257385,-0.5304691791534424,-0.1173556894063949,0.135309487581253,0.8285658955574036,10,1.0,1.0,-1.0,1.0,0,0,0.03,0.2702260538233557,66,147,thymio-15
52,1788221828.4235916,10000.0,10000.0,0.0,99.40000000000003,2.1899871826171875,0.0776712596416473,-0.8998032212257385,-0.5304691791534424,-0.1173556894063949,0.135309487581253,0.8285658955574036,10,1.0,1.0,-1.0,1.0,0,0,0.03,0.2391956456499798,70,143,thymio-15
53,1788221829.0270808,10000.0,10000.0,0.0,99.40000000000003,2.1899871826171875,0.0776712596416473,-0.8998032212257385,-0.5304691791534424,-0.1173556894063949,0.135309487581253,0.8285658955574036,10,1.0,1.0,-1.0,1.0,0,0,0.03,0.2074168819087093,75,138,thymio-15
54,1788221829.6300416,10000.0,10000.0,0.0,99.40000000000003,2.1899871826171875,0.0776712596416473,-0.8998032212257385,-0.5304691791534424,-0.1173556894063949,0.135309487581253,0.8285658955574036,10,1.0,1.0,-1.0,1.0,0,0,0.03,0.1857604845322195,79,135,thymio-15
55,1788221830.2330406,10000.0,10000.0,0.0,99.40000000000003,2.1899871826171875,0.0776712596416473,-0.8998032212257385,-0.5304691791534424,-0.1173556894063949,0.135309487581253,0.8285658955574036,10,1.0,1.0,-1.0,1.0,0,0,0.03,0.1659085142127961,82,132,thymio-15
56,1788221830.8360794,10000.0,10000.0,0.0,99.40000000000003,2.1899871826171875,0.0776712596416473,-0.8998032212257385,-0.5304691791534424,-0.1173556894063949,0.135309487581253,0.8285658955574036,10,1.0,1.0,-1.0,1.0,0,0,0.03,0.1552933130876452,83,130,thymio-15
57,1788221831.4392626,10000.0,10000.0,0.0,99.40000000000003,2.1899871826171875,0.0776712596416473,-0.8998032212257385,-0.5304691791534424,-0.1173556894063949,0.135309487581253,0.8285658955574036,10,1.0,1.0,-1.0,1.0,0,0,0.03,0.1505041555279092,84,129,thymio-15
58,1788221832.0426655,10000.0,10000.0,0.0,99.40000000000003,2.1899871826171875,0.0776712596416473,-0.8998032212257385,-0.5304691791534424,-0.1173556894063949,0.135309487581253,0.8285658955574036,10,1.0,1.0,-1.0,1.0,0,0,0.03,0.1554187973163255,83,130,thymio-15
59,1788221832.6462994,10000.0,10000.0,0.0,99.40000000000003,2.1899871826171875,0.0776712596416473,-0.8998032212257385,-0.5304691791534424,-0.1173556894063949,0.135309487581253,0.8285658955574036,10,1.0,1.0,-1.0,1.0,0,0,0.03,0.1555456893758129,83,130,thymio-15
60,1788221833.2500155,10000.0,10000.0,0.0,99.40000000000003,2.1899871826171875,0.0776712596416473,-0.8998032212257385,-0.5304691791534424,-0.1173556894063949,0.135309487581253,0.8285658955574036,10,1.0,1.0,-1.0,1.0,0,0,0.03,0.1554923805437966,83,130,thymio-15
61,1788221833.8531144,10000.0,10000.0,0.0,99.40000000000003,2.1899871826171875,0.0776712596416473,-0.8998032212257385,-0.5304691791534424,-0.1173556894063949,0.135309487581253,0.8285658955574036,10,1.0,1.0,-1.0,1.0,0,0,0.03,0.1551470015996189,83,130,thymio-15
62,1788221834.4563527,10000.0,10000.0,0.0,99.40000000000003,2.1899871826171875,0.0776712596416473,-0.8998032212257385,-0.5304691791534424,-0.1173556894063949,0.135309487581253,0.8285658955574036,10,1.0,1.0,-1.0,1.0,0,0,0.03,0.1550288040527811,83,130,thymio-15
63,1788221835.05945,10000.0,10000.0,0.0,99.40000000000003,2.1899871826171875,0.0776712596416473,-0.8998032212257385,-0.5304691791534424,-0.1173556894063949,0.135309487581253,0.8285658955574036,10,1.0,1.0,-1.0,1.0,0,0,0.03,0.1548647685347054,83,130,thymio-15
64,1788221835.6624165,10000.0,10000.0,0.0,99.40000000000003,2.1899871826171875,0.0776712596416473,-0.8998032212257385,-0.5304691791534424,-0.1173556894063949,0.135309487581253,0.8285658955574036,10,1.0,1.0,-1.0,1.0,0,0,0.03,0.1548027959733944,83,130,thymio-15
65,1788221836.2665112,10000.0,10000.0,0.0,99.40000000000003,2.1899871826171875,0.0776712596416473,-0.8998032212257385,-0.5304691791534424,-0.1173556894063949,0.135309487581253,0.8285658955574036,10,1.0,1.0,-1.0,1.0,0,0,0.03,0.1547307132922969,83,130,thymio-15
66,1788221836.8697877,10000.0,10000.0,0.0,99.40000000000003,2.1899871826171875,0.0776712596416473,-0.8998032212257385,-0.5304691791534424,-0.1173556894063949,0.135309487581253,0.8285658955574036,10,1.0,1.0,-1.0,1.0,0,0,0.03,0.1547004054352771,83,130,thymio-15
67,1788221837.4731345,10000.0,10000.0,0.0,99.40000000000003,2.1899871826171875,0.0776712596416473,-0.8998032212257385,-0.5304691791534424,-0.1173556894063949,0.135309487581253,0.8285658955574036,10,1.0,1.0,-1.0,1.0,0,0,0.03,0.1546687524213155,83,130,thymio-15
68,1788221838.0768433,10000.0,10000.0,0.0,99.40000000000003,2.1899871826171875,0.0776712596416473,-0.8998032212257385,-0.5304691791534424,-0.1173556894063949,0.135309487581253,0.8285658955574036,10,1.0,1.0,-1.0,1.0,0,0,0.03,0.1546542138074858,83,130,thymio-15
69,1788221838.6804807,10000.0,10000.0,0.0,99.40000000000003,2.1899871826171875,0.0776712596416473,-0.8998032212257385,-0.5304691791534424,-0.1173556894063949,0.135309487581253,0.8285658955574036,10,1.0,1.0,-1.0,1.0,0,0,0.03,0.1546402484666247,83,130,thymio-15
70,1788221839.283631,10000.0,10000.0,0.0,99.40000000000003,2.1899871826171875,0.0776712596416473,-0.8998032212257385,-0.5304691791534424,-0.1173556894063949,0.135309487581253,0.8285658955574036,10,1.0,1.0,-1.0,1.0,0,0,0.03,0.1546333585082209,83,130,thymio-15
71,1788221839.8871875,10000.0,10000.0,0.0,99.40000000000003,2.1899871826171875,0.0776712596416473,-0.8998032212257385,-0.5304691791534424,-0.1173556894063949,0.135309487581253,0.8285658955574036,10,1.0,1.0,-1.0,1.0,0,0,0.03,0.1546271685515425,83,130,thymio-15
72,1788221840.4908004,10000.0,10000.0,0.0,99.40000000000003,2.1899871826171875,0.0776712596416473,-0.8998032212257385,-0.5304691791534424,-0.1173556894063949,0.135309487581253,0.8285658955574036,10,1.0,1.0,-1.0,1.0,0,0,0.03,0.1546239326450339,83,130,thymio-15
73,1788221841.093757,10000.0,10000.0,0.0,99.40000000000003,2.1899871826171875,0.0776712596416473,-0.8998032212257385,-0.5304691791534424,-0.1173556894063949,0.135309487581253,0.8285658955574036,10,1.0,1.0,-1.0,1.0,0,0,0.03,0.1546211780030935,83,130,thymio-15
74,1788221841.697041,10000.0,10000.0,0.0,99.40000000000003,2.1899871826171875,0.0776712596416473,-0.8998032212257385,-0.5304691791534424,-0.1173556894063949,0.135309487581253,0.8285658955574036,10,1.0,1.0,-1.0,1.0,0,0,0.03,0.154619668725433,83,130,thymio-15
75,1788221842.3005266,10000.0,10000.0,0.0,99.40000000000003,2.1899871826171875,0.0776712596416473,-0.8998032212257385,-0.5304691791534424,-0.1173556894063949,0.135309487581253,0.8285658955574036,10,1.0,1.0,-1.0,1.0,0,0,0.03,0.1546184386864722,83,130,thymio-15
76,1788221842.9036813,10000.0,10000.0,0.0,99.40000000000003,2.1899871826171875,0.0776712596416473,-0.8998032212257385,-0.5304691791534424,-0.1173556894063949,0.135309487581253,0.8285658955574036,10,1.0,1.0,-1.0,1.0,0,0,0.03,0.1546177385364552,83,130,thymio-15
77,1788221843.5069358,10000.0,10000.0,0.0,99.40000000000003,2.1899871826171875,0.0776712596416473,-0.8998032212257385,-0.5304691791534424,-0.1173556894063949,0.135309487581253,0.8285658955574036,10,1.0,1.0,-1.0,1.0,0,0,0.03,0.1546171877251108,83,130,thymio-15
78,1788221844.1103325,10000.0,10000.0,0.0,99.40000000000003,2.1899871826171875,0.0776712596416473,-0.8998032212257385,-0.5304691791534424,-0.1173556894063949,0.135309487581253,0.8285658955574036,10,1.0,1.0,-1.0,1.0,0,0,0.03,0.1546168643204859,83,130,thymio-15
79,1788221844.7136185,10000.0,10000.0,0.0,99.40000000000003,2.1899871826171875,0.0776712596416473,-0.8998032212257385,-0.5304691791534424,-0.1173556894063949,0.135309487581253,0.8285658955574036,10,1.0,1.0,-1.0,1.0,0,0,0.03,0.154616617092778,83,130,thymio-15
80,1788221845.3165872,10000.0,10000.0,0.0,99.40000000000003,2.1899871826171875,0.0776712596416473,-0.8998032212257385,-0.5304691791534424,-0.1173556894063949,0.135309487581253,0.8285658955574036,10,1.0,1.0,-1.0,1.0,0,0,0.03,0.1546164682257027,83,130,thymio-15
81,1788221845.919626,10000.0,10000.0,0.0,99.40000000000003,2.1899871826171875,0.0776712596416473,-0.8998032212257385,-0.5304691791534424,-0.1173556894063949,0.135309487581253,0.8285658955574036,10,1.0,1.0,-1.0,1.0,0,0,0.03,0.1546163570503168,83,130,thymio-15
82,1788221846.5244286,10000.0,10000.0,0.0,99.40000000000003,2.1899871826171875,0.0776712596416473,-0.8998032212257385,-0.5304691791534424,-0.1173556894063949,0.135309487581253,0.8285658955574036,10,1.0,1.0,-1.0,1.0,0,0,0.03,0.1546162887180893,83,130,thymio-15
83,1788221847.1278365,10000.0,10000.0,0.0,99.40000000000003,2.1899871826171875,0.0776712596416473,-0.8998032212257385,-0.5304691791534424,-0.1173556894063949,0.135309487581253,0.8285658955574036,10,1.0,1.0,-1.0,1.0,0,0,0.03,0.1546162386489329,83,130,thymio-15
84,1788221847.731058,10000.0,10000.0,0.0,99.40000000000003,2.1899871826171875,0.0776712596416473,-0.8998032212257385,-0.5304691791534424,-0.1173556894063949,0.135309487581253,0.8285658955574036,10,1.0,1.0,-1.0,1.0,0,0,0.03,0.1546162073564589,83,130,thymio-15
85,1788221848.3343637,10000.0,10000.0,0.0,99.40000000000003,2.1899871826171875,0.0776712596416473,-0.8998032212257385,-0.5304691791534424,-0.1173556894063949,0.135309487581253,0.8285658955574036,10,1.0,1.0,-1.0,1.0,0,0,0.03,0.1546161847808986,83,130,thymio-15
86,1788221848.9379025,10000.0,10000.0,0.0,99.40000000000003,2.1899871826171875,0.0776712596416473,-0.8998032212257385,-0.5304691791534424,-0.1173556894063949,0.135309487581253,0.8285658955574036,10,1.0,1.0,-1.0,1.0,0,0,0.03,0.154616170478588,83,130,thymio-15
87,1788221849.541319,10000.0,10000.0,0.0,99.40000000000003,2.1899871826171875,0.0776712596416473,-0.8998032212257385,-0.5304691791534424,-0.1173556894063949,0.135309487581253,0.8285658955574036,10,1.0,1.0,-1.0,1.0,0,0,0.03,0.1546161602905421,83,130,thymio-15
88,1788221850.1445036,10000.0,10000.0,0.0,99.40000000000003,2.1899871826171875,0.0776712596416473,-0.8998032212257385,-0.5304691791534424,-0.1173556894063949,0.135309487581253,0.8285658955574036,10,1.0,1.0,-1.0,1.0,0,0,0.03,0.1546161537644673,83,130,thymio-15
89,1788221850.747458,10000.0,10000.0,0.0,99.40000000000003,2.1899871826171875,0.0776712596416473,-0.8998032212257385,-0.5304691791534424,-0.1173556894063949,0.135309487581253,0.8285658955574036,10,1.0,1.0,-1.0,1.0,0,0,0.03,0.154616149163779,83,130,thymio-15
90,1788221851.3514826,1.9296364784240725,-0.8018648028373718,-0.987343037893594,99.40000000000003,1.9296364784240725,0.0803794413805008,-0.8018648028373718,-0.4946640431880951,0.119344986975193,0.2533876299858093,0.8227143883705139,10,-0.570953908020079,1.0,1.0,-0.6066517937042835,0,0,0.1557450873077967,-0.0761713983361406,500,500,thymio-15
91,1788221851.9603846,1.9296364784240725,-0.8018648028373718,-0.987343037893594,99.30000000000004,1.9296364784240725,0.0803794413805008,-0.8018648028373718,-0.4946640431880951,0.119344986975193,0.2533876299858093,0.8227143883705139,10,-0.570953908020079,1.0,1.0,-0.6066517937042835,0,0,0.1816795204189101,0.2986573516614612,500,500,thymio-15
92,1788221852.564406,10000.0,10000.0,0.0,99.30000000000004,1.9296364784240725,0.0803794413805008,-0.8018648028373718,-0.4946640431880951,0.119344986975193,0.2533876299858093,0.8227143883705139,10,1.0,1.0,-1.0,1.0,0,0,0.03,-0.029147484484411,111,102,thymio-15
93,1788221853.1679869,1.980640649795532,-0.7767812013626099,-0.9291323165060472,99.30000000000004,1.980640649795532,0.0803066194057464,-0.7767812013626099,-0.455971896648407,0.2236005514860153,0.3120662271976471,0.8029366731643677,10,-0.7837617186150565,1.0,1.0,-0.628427813379302,0,0,0.0431339447753527,0.3165211279093666,105,201,thymio-15
94,1788221853.7767043,1.980640649795532,-0.7767812013626099,-0.9291323165060472,99.20000000000005,1.980640649795532,0.0803066194057464,-0.7767812013626099,-0.455971896648407,0.2236005514860153,0.3120662271976471,0.8029366731643677,10,-0.7837617186150565,1.0,1.0,-0.628427813379302,0,0,0.0417072061192376,0.401045953430613,88,209,thymio-15
95,1788221854.3805325,10000.0,10000.0,0.0,99.20000000000005,1.980640649795532,0.0803066194057464,-0.7767812013626099,-0.455971896648407,0.2236005514860153,0.3120662271976471,0.8029366731643677,10,1.0,1.0,-1.0,1.0,0,0,0.03,0.2939663689146952,62,151,thymio-15
96,1788221854.9838655,10000.0,10000.0,0.0,99.20000000000005,1.980640649795532,0.0803066194057464,-0.7767812013626099,-0.455971896648407,0.2236005514860153,0.3120662271976471,0.8029366731643677,10,1.0,1.0,-1.0,1.0,0,0,0.03,0.360588872719485,52,161,thymio-15
97,1788221855.587149,10000.0,10000.0,0.0,99.20000000000005,1.980640649795532,0.0803066194057464,-0.7767812013626099,-0.455971896648407,0.2236005514860153,0.3120662271976471,0.8029366731643677,10,1.0,1.0,-1.0,1.0,0,0,0.03,0.6168932725907557,13,200,thymio-15
98,1788221856.1905258,10000.0,10000.0,0.0,99.20000000000005,1.980640649795532,0.0803066194057464,-0.7767812013626099,-0.455971896648407,0.2236005514860153,0.3120662271976471,0.8029366731643677,10,1.0,1.0,-1.0,1.0,0,0,0.03,0.6243718388952325,12,201,thymio-15
99,1788221856.7937725,10000.0,10000.0,0.0,99.20000000000005,1.980640649795532,0.0803066194057464,-0.7767812013626099,-0.455971896648407,0.2236005514860153,0.3120662271976471,0.8029366731643677,10,1.0,1.0,-1.0,1.0,0,0,0.03,0.6242425204949636,12,201,thymio-15
100,1788221857.3967812,10000.0,10000.0,0.0,99.20000000000005,1.980640649795532,0.0803066194057464,-0.7767812013626099,-0.455971896648407,0.2236005514860153,0.3120662271976471,0.8029366731643677,10,1.0,1.0,-1.0,1.0,0,0,0.03,0.6170117775030581,13,200,thymio-15
101,1788221858.0014608,10000.0,10000.0,0.0,99.20000000000005,1.980640649795532,0.0803066194057464,-0.7767812013626099,-0.455971896648407,0.2236005514860153,0.3120662271976471,0.8029366731643677,10,1.0,1.0,-1.0,1.0,0,0,0.03,0.5711008983422439,20,193,thymio-15
102,1788221858.604632,10000.0,10000.0,0.0,99.20000000000005,1.980640649795532,0.0803066194057464,-0.7767812013626099,-0.455971896648407,0.2236005514860153,0.3120662271976471,0.8029366731643677,10,1.0,1.0,-1.0,1.0,0,0,0.03,0.308161131499561,60,153,thymio-15
103,1788221859.2079363,10000.0,10000.0,0.0,99.20000000000005,1.980640649795532,0.0803066194057464,-0.7767812013626099,-0.455971896648407,0.2236005514860153,0.3120662271976471,0.8029366731643677,10,1.0,1.0,-1.0,1.0,0,0,0.03,-0.4834588303223259,180,34,thymio-15
104,1788221859.810959,10000.0,10000.0,0.0,99.20000000000005,1.980640649795532,0.0803066194057464,-0.7767812013626099,-0.455971896648407,0.2236005514860153,0.3120662271976471,0.8029366731643677,10,1.0,1.0,-1.0,1.0,0,0,0.03,-0.6113699570122756,199,14,thymio-15
105,1788221860.4143188,10000.0,10000.0,0.0,99.20000000000005,1.980640649795532,0.0803066194057464,-0.7767812013626099,-0.455971896648407,0.2236005514860153,0.3120662271976471,0.8029366731643677,10,1.0,1.0,-1.0,1.0,0,0,0.03,-0.6193087288937125,200,13,thymio-15
106,1788221861.017439,10000.0,10000.0,0.0,99.20000000000005,1.980640649795532,0.0803066194057464,-0.7767812013626099,-0.455971896648407,0.2236005514860153,0.3120662271976471,0.8029366731643677,10,1.0,1.0,-1.0,1.0,0,0,0.03,-0.6217629582130376,200,13,thymio-15
107,1788221861.6207125,10000.0,10000.0,0.0,99.20000000000005,1.980640649795532,0.0803066194057464,-0.7767812013626099,-0.455971896648407,0.2236005514860153,0.3120662271976471,0.8029366731643677,10,1.0,1.0,-1.0,1.0,0,0,0.03,-0.6225205950089678,201,13,thymio-15
108,1788221862.224044,10000.0,10000.0,0.0,99.20000000000005,1.980640649795532,0.0803066194057464,-0.7767812013626099,-0.455971896648407,0.2236005514860153,0.3120662271976471,0.8029366731643677,10,1.0,1.0,-1.0,1.0,0,0,0.03,-0.6227705922163139,201,13,thymio-15
109,1788221862.8272488,10000.0,10000.0,0.0,99.20000000000005,1.980640649795532,0.0803066194057464,-0.7767812013626099,-0.455971896648407,0.2236005514860153,0.3120662271976471,0.8029366731643677,10,1.0,1.0,-1.0,1.0,0,0,0.03,-0.6227896993812907,201,13,thymio-15
110,1788221863.430468,10000.0,10000.0,0.0,99.20000000000005,1.980640649795532,0.0803066194057464,-0.7767812013626099,-0.455971896648407,0.2236005514860153,0.3120662271976471,0.8029366731643677,10,1.0,1.0,-1.0,1.0,0,0,0.03,-0.6227162821412241,201,13,thymio-15
111,1788221864.0339875,10000.0,10000.0,0.0,99.20000000000005,1.980640649795532,0.0803066194057464,-0.7767812013626099,-0.455971896648407,0.2236005514860153,0.3120662271976471,0.8029366731643677,10,1.0,1.0,-1.0,1.0,0,0,0.03,-0.6226387273335188,201,13,thymio-15
112,1788221864.6369824,10000.0,10000.0,0.0,99.20000000000005,1.980640649795532,0.0803066194057464,-0.7767812013626099,-0.455971896648407,0.2236005514860153,0.3120662271976471,0.8029366731643677,10,1.0,1.0,-1.0,1.0,0,0,0.03,-0.6225731400629384,201,13,thymio-15
113,1788221865.2400928,10000.0,10000.0,0.0,99.20000000000005,1.980640649795532,0.0803066194057464,-0.7767812013626099,-0.455971896648407,0.2236005514860153,0.3120662271976471,0.8029366731643677,10,1.0,1.0,-1.0,1.0,0,0,0.03,-0.6225202963280414,201,13,thymio-15
114,1788221865.8433585,10000.0,10000.0,0.0,99.20000000000005,1.980640649795532,0.0803066194057464,-0.7767812013626099,-0.455971896648407,0.2236005514860153,0.3120662271976471,0.8029366731643677,10,1.0,1.0,-1.0,1.0,0,0,0.03,-0.6224807722827078,201,13,thymio-15
115,1788221866.4470644,2.364471912384033,1.2883538007736206,-1.9489407457944776,99.20000000000005,2.364471912384033,0.1002047359943389,1.2883538007736206,0.7019192576408386,-0.0047817942686378,-0.404634952545166,0.5861374139785767,10,-0.8956787435415922,1.0,-0.2010221045536809,1.0,0,0,0.0,-0.6147118630374949,93,-93,thymio-15
116,1788221867.0558991,2.364471912384033,1.2883538007736206,-1.9489407457944776,99.10000000000004,2.364471912384033,0.1002047359943389,1.2883538007736206,0.7019192576408386,-0.0047817942686378,-0.404634952545166,0.5861374139785767,10,-0.8956787435415922,1.0,-0.2010221045536809,1.0,0,0,0.0,-0.6126739813706537,93,-93,thymio-15
117,1788221867.659124,10000.0,10000.0,0.0,99.10000000000004,2.364471912384033,0.1002047359943389,1.2883538007736206,0.7019192576408386,-0.0047817942686378,-0.404634952545166,0.5861374139785767,10,1.0,1.0,-1.0,1.0,0,0,0.03,-0.6163335086981254,200,14,thymio-15
118,1788221868.262157,10000.0,10000.0,0.0,99.10000000000004,2.364471912384033,0.1002047359943389,1.2883538007736206,0.7019192576408386,-0.0047817942686378,-0.404634952545166,0.5861374139785767,10,1.0,1.0,-1.0,1.0,0,0,0.03,-0.6257604503498012,201,12,thymio-15
119,1788221868.865595,2.36926531791687,-0.8891928791999817,-0.9605789885929495,99.10000000000004,2.36926531791687,0.076300598680973,-0.8891928791999817,-0.5355606079101562,-0.1703382432460785,0.104622296988964,0.820496141910553,10,-0.5154694432862303,1.0,1.0,-0.609569218202149,0,0,0.0748509538909101,-0.5205431835074475,345,187,thymio-15
120,1788221869.4740863,2.36926531791687,-0.8891928791999817,-0.9605789885929495,99.00000000000006,2.36926531791687,0.076300598680973,-0.8891928791999817,-0.5355606079101562,-0.1703382432460785,0.104622296988964,0.820496141910553,10,-0.5154694432862303,1.0,1.0,-0.609569218202149,0,0,0.1344126255037331,-0.4507478293441685,500,410,thymio-15
121,1788221870.0770736,10000.0,10000.0,0.0,99.00000000000006,2.36926531791687,0.076300598680973,-0.8891928791999817,-0.5355606079101562,-0.1703382432460785,0.104622296988964,0.820496141910553,10,1.0,1.0,-1.0,1.0,0,0,0.03,-0.5790503958675333,194,19,thymio-15
122,1788221870.6802578,10000.0,10000.0,0.0,99.00000000000006,2.36926531791687,0.076300598680973,-0.8891928791999817,-0.5355606079101562,-0.1703382432460785,0.104622296988964,0.820496141910553,10,1.0,1.0,-1.0,1.0,0,0,0.03,-0.5708433573260568,193,20,thymio-15
123,1788221871.2835708,10000.0,10000.0,0.0,99.00000000000006,2.36926531791687,0.076300598680973,-0.8891928791999817,-0.5355606079101562,-0.1703382432460785,0.104622296988964,0.820496141910553,10,1.0,1.0,-1.0,1.0,0,0,0.03,-0.6192155382712036,200,13,thymio-15
124,1788221871.886893,10000.0,10000.0,0.0,99.00000000000006,2.36926531791687,0.076300598680973,-0.8891928791999817,-0.5355606079101562,-0.1703382432460785,0.104622296988964,0.820496141910553,10,1.0,1.0,-1.0,1.0,0,0,0.03,-0.6242273362891596,201,12,thymio-15
125,1788221872.4902253,10000.0,10000.0,0.0,99.00000000000006,2.36926531791687,0.076300598680973,-0.8891928791999817,-0.5355606079101562,-0.1703382432460785,0.104622296988964,0.820496141910553,10,1.0,1.0,-1.0,1.0,0,0,0.03,-0.6255069756702807,201,12,thymio-15
126,1788221873.0936244,10000.0,10000.0,0.0,99.00000000000006,2.36926531791687,0.076300598680973,-0.8891928791999817,-0.5355606079101562,-0.1703382432460785,0.104622296988964,0.820496141910553,10,1.0,1.0,-1.0,1.0,0,0,0.03,-0.6248695202114328,201,12,thymio-15
127,1788221873.6973648,10000.0,10000.0,0.0,99.00000000000006,2.36926531791687,0.076300598680973,-0.8891928791999817,-0.5355606079101562,-0.1703382432460785,0.104622296988964,0.820496141910553,10,1.0,1.0,-1.0,1.0,0,0,0.03,-0.6243972317028377,201,12,thymio-15
128,1788221874.3004744,10000.0,10000.0,0.0,99.00000000000006,2.36926531791687,0.076300598680973,-0.8891928791999817,-0.5355606079101562,-0.1703382432460785,0.104622296988964,0.820496141910553,10,1.0,1.0,-1.0,1.0,0,0,0.03,-0.6238889400790297,201,12,thymio-15
129,1788221874.9034214,10000.0,10000.0,0.0,99.00000000000006,2.36926531791687,0.076300598680973,-0.8891928791999817,-0.5355606079101562,-0.1703382432460785,0.104622296988964,0.820496141910553,10,1.0,1.0,-1.0,1.0,0,0,0.03,-0.6235314963903293,201,12,thymio-15
130,1788221875.5073211,10000.0,10000.0,0.0,99.00000000000006,2.36926531791687,0.076300598680973,-0.8891928791999817,-0.5355606079101562,-0.1703382432460785,0.104622296988964,0.820496141910553,10,1.0,1.0,-1.0,1.0,0,0,0.03,-0.6231666114483762,201,12,thymio-15
131,1788221876.11066,10000.0,10000.0,0.0,99.00000000000006,2.36926531791687,0.076300598680973,-0.8891928791999817,-0.5355606079101562,-0.1703382432460785,0.104622296988964,0.820496141910553,10,1.0,1.0,-1.0,1.0,0,0,0.03,-0.6229195352852068,201,13,thymio-15
132,1788221876.7140114,10000.0,10000.0,0.0,99.00000000000006,2.36926531791687,0.076300598680973,-0.8891928791999817,-0.5355606079101562,-0.1703382432460785,0.104622296988964,0.820496141910553,10,1.0,1.0,-1.0,1.0,0,0,0.03,-0.6227287487887291,201,13,thymio-15
133,1788221877.3174946,10000.0,10000.0,0.0,99.00000000000006,2.36926531791687,0.076300598680973,-0.8891928791999817,-0.5355606079101562,-0.1703382432460785,0.104622296988964,0.820496141910553,10,1.0,1.0,-1.0,1.0,0,0,0.03,-0.6226055100099911,201,13,thymio-15
134,1788221877.920841,10000.0,10000.0,0.0,99.00000000000006,2.36926531791687,0.076300598680973,-0.8891928791999817,-0.5355606079101562,-0.1703382432460785,0.104622296988964,0.820496141910553,10,1.0,1.0,-1.0,1.0,0,0,0.03,-0.6225155288834474,201,13,thymio-15
135,1788221878.5244677,2.2521328926086426,-1.0670937299728394,0.1115011525361899,99.00000000000006,2.2521328926086426,0.0764563530683517,-1.0670937299728394,0.2987176179885864,-0.5112418532371521,-0.4672136306762695,-0.656590461730957,10,-0.3316200378745421,1.0,-0.0265130577910169,-0.566964767817011,0,0,0.0108273896605745,-0.1770868837378733,65,12,thymio-15
136,1788221879.1329334,2.2521328926086426,-1.0670937299728394,0.1115011525361899,98.90000000000006,2.2521328926086426,0.0764563530683517,-1.0670937299728394,0.2987176179885864,-0.5112418532371521,-0.4672136306762695,-0.656590461730957,10,-0.3316200378745421,1.0,-0.0265130577910169,-0.566964767817011,0,0,0.1040785536622705,0.1840936560913212,342,398,thymio-15
137,1788221879.7360437,10000.0,10000.0,0.0,98.90000000000006,2.2521328926086426,0.0764563530683517,-1.0670937299728394,0.2987176179885864,-0.5112418532371521,-0.4672136306762695,-0.656590461730957,10,1.0,1.0,-1.0,1.0,0,0,0.03,0.1638091518773956,82,131,thymio-15
138,1788221880.3396642,2.299029588699341,-0.9847424030303956,-0.9640080896280444,98.90000000000006,2.299029588699341,0.0760142877697944,-0.9847424030303956,0.5231223702430725,0.1111257970333099,-0.1438359320163726,-0.8326495885848999,10,-0.4029290815311311,1.0,1.0,-0.1526238029926242,0,0,0.1887323375034844,0.1839949968429993,500,500,thymio-15
139,1788221880.948285,2.299029588699341,-0.9847424030303956,-0.9640080896280444,98.80000000000008,2.299029588699341,0.0760142877697944,-0.9847424030303956,0.5231223702430725,0.1111257970333099,-0.1438359320163726,-0.8326495885848999,10,-0.4029290815311311,1.0,1.0,-0.1526238029926242,0,0,0.1360794652815894,0.6030114300808933,392,500,thymio-15
140,1788221881.5514998,10000.0,10000.0,0.0,98.80000000000008,2.299029588699341,0.0760142877697944,-0.9847424030303956,0.5231223702430725,0.1111257970333099,-0.1438359320163726,-0.8326495885848999,10,1.0,1.0,-1.0,1.0,1568,0,0.03,0.6266081087894064,12,201,thymio-15
141,1788221882.15463,10000.0,10000.0,0.0,98.80000000000008,2.299029588699341,0.0760142877697944,-0.9847424030303956,0.5231223702430725,0.1111257970333099,-0.1438359320163726,-0.8326495885848999,10,1.0,1.0,-1.0,1.0,0,0,0.03,0.6233267433372283,12,201,thymio-15
142,1788221882.757908,10000.0,10000.0,0.0,98.80000000000008,2.299029588699341,0.0760142877697944,-0.9847424030303956,0.5231223702430725,0.1111257970333099,-0.1438359320163726,-0.8326495885848999,10,1.0,1.0,-1.0,1.0,0,0,0.03,0.618344955898864,13,200,thymio-15
143,1788221883.361662,10000.0,10000.0,0.0,98.80000000000008,2.299029588699341,0.0760142877697944,-0.9847424030303956,0.5231223702430725,0.1111257970333099,-0.1438359320163726,-0.8326495885848999,10,1.0,1.0,-1.0,1.0,0,0,0.03,0.5735192349335675,20,193,thymio-15
144,1788221883.9648745,10000.0,10000.0,0.0,98.80000000000008,2.299029588699341,0.0760142877697944,-0.9847424030303956,0.5231223702430725,0.1111257970333099,-0.1438359320163726,-0.8326495885848999,10,1.0,1.0,-1.0,1.0,0,0,0.03,-0.4769041354142177,179,35,thymio-15
145,1788221884.5682776,2.0534234046936035,-0.7046312689781189,-1.007373362636952,98.80000000000008,2.0534234046936035,0.0798913091421127,-0.7046312689781189,0.5284929275512695,0.0078912498429417,-0.1819384098052978,-0.8291751742362976,10,-0.3758334993507721,-0.628420440831865,1.0,-0.7677126088014437,0,0,0.0224985037057932,-0.3518241153808409,133,27,thymio-15
146,1788221885.1773243,2.0534234046936035,-0.7046312689781189,-1.007373362636952,98.70000000000007,2.0534234046936035,0.0798913091421127,-0.7046312689781189,0.5284929275512695,0.0078912498429417,-0.1819384098052978,-0.8291751742362976,10,-0.3758334993507721,-0.628420440831865,1.0,-0.7677126088014437,0,0,0.0396471476160123,0.3178364417391109,93,189,thymio-15
147,1788221885.781284,10000.0,10000.0,0.0,98.70000000000007,2.0534234046936035,0.0798913091421127,-0.7046312689781189,0.5284929275512695,0.0078912498429417,-0.1819384098052978,-0.8291751742362976,10,1.0,1.0,-1.0,1.0,0,0,0.03,-0.3364194477828088,157,56,thymio-15
148,1788221886.3852224,10000.0,10000.0,0.0,98.70000000000007,2.0534234046936035,0.0798913091421127,-0.7046312689781189,0.5284929275512695,0.0078912498429417,-0.1819384098052978,-0.8291751742362976,10,1.0,1.0,-1.0,1.0,0,0,0.03,-0.1481176675175315,129,84,thymio-15
149,1788221886.98812,10000.0,10000.0,0.0,98.70000000000007,2.0534234046936035,0.0798913091421127,-0.7046312689781189,0.5284929275512695,0.0078912498429417,-0.1819384098052978,-0.8291751742362976,10,1.0,1.0,-1.0,1.0,0,0,0.03,-0.2613387255615564,146,67,thymio-15
150,1788221887.5915716,10000.0,10000.0,0.0,98.70000000000007,2.0534234046936035,0.0798913091421127,-0.7046312689781189,0.5284929275512695,0.0078912498429417,-0.1819384098052978,-0.8291751742362976,10,1.0,1.0,-1.0,1.0,0,0,0.03,-0.30919317968883,153,60,thymio-15
151,1788221888.1945844,10000.0,10000.0,0.0,98.70000000000007,2.0534234046936035,0.0798913091421127,-0.7046312689781189,0.5284929275512695,0.0078912498429417,-0.1819384098052978,-0.8291751742362976,10,1.0,1.0,-1.0,1.0,0,0,0.03,-0.4767286581563711,179,35,thymio-15
152,1788221888.7975805,10000.0,10000.0,0.0,98.70000000000007,2.0534234046936035,0.0798913091421127,-0.7046312689781189,0.5284929275512695,0.0078912498429417,-0.1819384098052978,-0.8291751742362976,10,1.0,1.0,-1.0,1.0,0,0,0.03,-0.579753994213917,194,19,thymio-15
153,1788221889.4010987,10000.0,10000.0,0.0,98.70000000000007,2.0534234046936035,0.0798913091421127,-0.7046312689781189,0.5284929275512695,0.0078912498429417,-0.1819384098052978,-0.8291751742362976,10,1.0,1.0,-1.0,1.0,0,0,0.03,-0.6125588573008937,199,14,thymio-15
154,1788221890.0044503,10000.0,10000.0,0.0,98.70000000000007,2.0534234046936035,0.0798913091421127,-0.7046312689781189,0.5284929275512695,0.0078912498429417,-0.1819384098052978,-0.8291751742362976,10,1.0,1.0,-1.0,1.0,0,0,0.03,-0.617762144810129,200,13,thymio-15
155,1788221890.6079268,2.07438325881958,-0.596992552280426,-1.020801084865603,98.70000000000007,2.07438325881958,0.0807322040200233,-0.596992552280426,0.5647485852241516,0.1715948432683944,-0.0634911879897117,-0.8047254681587219,10,-0.3999395529127553,-0.6796877974319404,0.059682564953722,1.0,0,0,0.0788893762823199,-0.5867532969708629,369,192,thymio-15
156,1788221891.21656,2.07438325881958,-0.596992552280426,-1.020801084865603,98.60000000000008,2.07438325881958,0.0807322040200233,-0.596992552280426,0.5647485852241516,0.1715948432683944,-0.0634911879897117,-0.8047254681587219,10,-0.3999395529127553,-0.6796877974319404,0.059682564953722,1.0,0,0,0.1077836482088517,-0.5866369664641893,472,294,thymio-15
157,1788221891.820159,10000.0,10000.0,0.0,98.60000000000008,2.07438325881958,0.0807322040200233,-0.596992552280426,0.5647485852241516,0.1715948432683944,-0.0634911879897117,-0.8047254681587219,10,1.0,1.0,-1.0,1.0,0,0,0.03,-0.5097026973008567,184,30,thymio-15
158,1788221892.4237669,10000.0,10000.0,0.0,98.60000000000008,2.07438325881958,0.0807322040200233,-0.596992552280426,0.5647485852241516,0.1715948432683944,-0.0634911879897117,-0.8047254681587219,10,1.0,1.0,-1.0,1.0,0,0,0.03,-0.6045783139539219,198,15,thymio-15
159,1788221893.026842,10000.0,10000.0,0.0,98.60000000000008,2.07438325881958,0.0807322040200233,-0.596992552280426,0.5647485852241516,0.1715948432683944,-0.0634911879897117,-0.8047254681587219,10,1.0,1.0,-1.0,1.0,0,0,0.03,-0.6189147001553328,200,13,thymio-15
160,1788221893.630586,10000.0,10000.0,0.0,98.60000000000008,2.07438325881958,0.0807322040200233,-0.596992552280426,0.5647485852241516,0.1715948432683944,-0.0634911879897117,-0.8047254681587219,10,1.0,1.0,-1.0,1.0,0,0,0.03,-0.6234131287583505,201,12,thymio-15
161,1788221894.2338674,10000.0,10000.0,0.0,98.60000000000008,2.07438325881958,0.0807322040200233,-0.596992552280426,0.5647485852241516,0.1715948432683944,-0.0634911879897117,-0.8047254681587219,10,1.0,1.0,-1.0,1.0,0,0,0.03,-0.6262867917234411,201,12,thymio-15
162,1788221894.8370156,10000.0,10000.0,0.0,98.60000000000008,2.07438325881958,0.0807322040200233,-0.596992552280426,0.5647485852241516,0.1715948432683944,-0.0634911879897117,-0.8047254681587219,10,1.0,1.0,-1.0,1.0,0,0,0.03,-0.6269779832050244,201,12,thymio-15
163,1788221895.440547,10000.0,10000.0,0.0,98.60000000000008,2.07438325881958,0.0807322040200233,-0.596992552280426,0.5647485852241516,0.1715948432683944,-0.0634911879897117,-0.8047254681587219,10,1.0,1.0,-1.0,1.0,0,0,0.03,-0.6266947278212843,201,12,thymio-15
164,1788221896.0435936,10000.0,10000.0,0.0,98.60000000000008,2.07438325881958,0.0807322040200233,-0.596992552280426,0.5647485852241516,0.1715948432683944,-0.0634911879897117,-0.8047254681587219,10,1.0,1.0,-1.0,1.0,0,0,0.03,-0.6261109093625954,201,12,thymio-15
165,1788221896.647136,2.0630903244018555,-0.5538637042045593,-0.9192153899141768,98.60000000000008,2.0630903244018555,0.0815475285053253,-0.5538637042045593,0.5578900575637817,0.3058382868766784,-0.0070370039902627,-0.7714740037918091,10,-0.5275321874623666,-0.6420658063657623,-0.5711681618668061,1.0,0,0,0.0143123777848226,-0.4833479427736931,124,-22,thymio-15
166,1788221897.255324,2.0630903244018555,-0.5538637042045593,-0.9192153899141768,98.50000000000009,2.0630903244018555,0.0815475285053253,-0.5538637042045593,0.5578900575637817,0.3058382868766784,-0.0070370039902627,-0.7714740037918091,10,-0.5275321874623666,-0.6420658063657623,-0.5711681618668061,1.0,0,0,-0.0702020358466343,0.1832425642351559,-277,-222,thymio-15
167,1788221897.85855,10000.0,10000.0,0.0,98.50000000000009,2.0630903244018555,0.0815475285053253,-0.5538637042045593,0.5578900575637817,0.3058382868766784,-0.0070370039902627,-0.7714740037918091,10,1.0,1.0,-1.0,1.0,0,0,-0.03,0.3112147556813387,-154,-60,thymio-15
168,1788221898.4617028,10000.0,10000.0,0.0,98.50000000000009,2.0630903244018555,0.0815475285053253,-0.5538637042045593,0.5578900575637817,0.3058382868766784,-0.0070370039902627,-0.7714740037918091,10,1.0,1.0,-1.0,1.0,0,0,-0.03,-0.2766255845920056,-65,-148,thymio-15
169,1788221899.065152,1.8718632459640503,-0.669100284576416,1.4182607682121695,98.50000000000009,1.8718632459640503,0.0821069777011871,-0.669100284576416,-0.0126745561137795,0.7687205076217651,0.5550462603569031,0.3175404369831085,10,1.0,-0.4074106691262463,-0.6162533483189097,-0.7513181184963106,0,0,-0.0679700274532086,-0.0424886253332585,-235,-248,thymio-15
170,1788221899.673453,1.8718632459640503,-0.669100284576416,1.4182607682121695,98.40000000000008,1.8718632459640503,0.0821069777011871,-0.669100284576416,-0.0126745561137795,0.7687205076217651,0.5550462603569031,0.3175404369831085,10,1.0,-0.4074106691262463,-0.6162533483189097,-0.7513181184963106,0,0,-0.0685030112800604,0.0086837405621376,-245,-242,thymio-15
171,1788221900.2767737,10000.0,10000.0,0.0,98.40000000000008,1.8718632459640503,0.0821069777011871,-0.669100284576416,-0.0126745561137795,0.7687205076217651,0.5550462603569031,0.3175404369831085,10,1.0,1.0,-1.0,1.0,0,0,-0.03,0.0332489127011069,-112,-102,thymio-15
172,1788221900.8799148,10000.0,10000.0,0.0,98.40000000000008,1.8718632459640503,0.0821069777011871,-0.669100284576416,-0.0126745561137795,0.7687205076217651,0.5550462603569031,0.3175404369831085,10,1.0,1.0,-1.0,1.0,0,0,-0.03,-0.0320237917097264,-102,-111,thymio-15
173,1788221901.4833224,10000.0,10000.0,0.0,98.40000000000008,1.8718632459640503,0.0821069777011871,-0.669100284576416,-0.0126745561137795,0.7687205076217651,0.5550462603569031,0.3175404369831085,10,1.0,1.0,-1.0,1.0,0,0,-0.03,-0.0282873646835674,-102,-111,thymio-15
174,1788221902.0864558,1.967097878456116,-0.6579926013946533,-0.9521861360657136,98.40000000000008,1.967097878456116,0.0808852910995483,-0.6579926013946533,-0.4750475287437439,0.1828124672174453,0.2929211854934692,0.809386670589447,10,-0.5339638719700288,-0.523034322485563,1.0,-0.6478185803871677,0,0,-0.0702631286567663,-0.0225034485054718,-246,-253,thymio-15
175,1788221902.6948152,1.967097878456116,-0.6579926013946533,-0.9521861360657136,98.3000000000001,1.967097878456116,0.0808852910995483,-0.6579926013946533,-0.4750475287437439,0.1828124672174453,0.2929211854934692,0.809386670589447,10,-0.5339638719700288,-0.523034322485563,1.0,-0.6478185803871677,0,0,0.0912781771410538,0.5264273751086208,245,404,thymio-15
176,1788221903.2991283,1.7607057094573977,-0.7806825637817383,-0.9585685963908944,98.3000000000001,1.7607057094573977,0.0816982984542846,-0.7806825637817383,-0.4719010889530182,0.1790577471256256,0.2871344089508056,0.814126193523407,10,-0.2611049003431323,-0.7308486601827735,1.0,-0.5933003720308219,0,0,0.0220994193032625,0.578445452045907,-9,166,thymio-15
177,1788221903.909056,1.7607057094573977,-0.7806825637817383,-0.9585685963908944,98.2000000000001,1.7607057094573977,0.0816982984542846,-0.7806825637817383,-0.4719010889530182,0.1790577471256256,0.2871344089508056,0.814126193523407,10,-0.2611049003431323,-0.7308486601827735,1.0,-0.5933003720308219,0,0,0.0220994193032625,0.1187398698274409,61,96,thymio-15
178,1788221904.5182362,1.740160346031189,-0.797733724117279,-0.9533138461222684,98.05911168862949,1.740160346031189,0.0817529708147049,-0.797733724117279,-0.465978056192398,0.1966301202774047,0.2946608662605285,0.8107873201370239,10,-0.2559756731735098,1.0,-0.7667046592785791,-0.5562057650020559,0,0,0.0148923634850056,0.0376096596932582,47,59,thymio-15
179,1788221905.1266284,1.740160346031189,-0.797733724117279,-0.9533138461222684,97.95911168862948,1.740160346031189,0.0817529708147049,-0.797733724117279,-0.465978056192398,0.1966301202774047,0.2946608662605285,0.8107873201370239,10,-0.2559756731735098,1.0,-0.7667046592785791,-0.5562057650020559,0,0,0.0148923634850056,0.3422382587142664,1,105,thymio-15
180,1788221905.735428,1.803979516029358,-0.7973451018333435,-0.5799267392998879,97.8591116886295,1.803979516029358,0.0820996761322021,-0.7973451018333435,-0.369828999042511,0.4067784547805786,0.4151675403118133,0.7248405814170837,10,0.2276706855424766,-0.7605888924144732,-0.3447944748191659,-0.4398738601758438,0,0,0.0480080236414232,0.5562253496156504,87,255,thymio-15
181,1788221906.344328,1.803979516029358,-0.7973451018333435,-0.5799267392998879,97.7591116886295,1.803979516029358,0.0820996761322021,-0.7973451018333435,-0.369828999042511,0.4067784547805786,0.4151675403118133,0.7248405814170837,10,-0.3594623110743296,-0.7401513179046565,-0.0604407510277973,-0.3620796527232431,0,0,0.0136629200820922,0.589137757436009,-40,138,thymio-15
182,1788221906.9475217,10000.0,10000.0,0.0,97.7591116886295,1.803979516029358,0.0820996761322021,-0.7973451018333435,-0.369828999042511,0.4067784547805786,0.4151675403118133,0.7248405814170837,10,1.0,1.0,-1.0,1.0,0,0,-0.03,0.5166504006484474,-185,-29,thymio-15
183,1788221907.5515342,10000.0,10000.0,0.0,97.7591116886295,1.803979516029358,0.0820996761322021,-0.7973451018333435,-0.369828999042511,0.4067784547805786,0.4151675403118133,0.7248405814170837,10,1.0,1.0,-1.0,1.0,0,0,-0.03,0.4708850907081902,-178,-35,thymio-15
184,1788221908.155105,10000.0,10000.0,0.0,97.7591116886295,1.803979516029358,0.0820996761322021,-0.7973451018333435,-0.369828999042511,0.4067784547805786,0.4151675403118133,0.7248405814170837,10,1.0,1.0,-1.0,1.0,0,0,-0.03,0.0269967192471346,-111,-103,thymio-15
185,1788221908.7593348,1.8245108127593996,-0.8287211060523987,1.4157069516705558,97.7591116886295,1.8245108127593996,0.0815730020403862,-0.8287211060523987,-0.0163883026689291,0.7677920460700989,0.5529637932777405,0.3231993913650512,10,-0.6213366839793375,-0.3125272490127599,-0.0665414347191153,-0.6567592568548495,0,0,-0.1421692935302882,0.115234863347724,-500,-488,thymio-15
186,1788221909.3679795,1.8157163858413696,-0.7960292100906372,1.446808474881264,97.65911168862952,1.8157163858413696,0.0817151367664337,-0.7960292100906372,0.0278998762369155,0.7887003421783447,0.557017982006073,0.258659303188324,10,-0.6383509570378305,-0.3406299039886223,0.031483756113418,1.0,0,0,-0.1349000105615113,0.0189835276665073,-482,-476,thymio-15
187,1788221909.976062,1.8157163858413696,-0.7960292100906372,1.446808474881264,97.55911168862951,1.8157163858413696,0.0817151367664337,-0.7960292100906372,0.0278998762369155,0.7887003421783447,0.557017982006073,0.258659303188324,10,-0.6383509570378305,-0.3406299039886223,0.031483756113418,1.0,0,0,-0.040691457635396,0.2021433170680483,-175,-114,thymio-15
188,1788221910.585394,1.808163046836853,-0.6612730026245117,1.4516880385489683,97.3990302809837,1.808163046836853,0.0826200395822525,-0.6612730026245117,0.0293330121785402,0.7909747362136841,0.5557543635368347,0.2542352378368377,10,-0.6680634985863889,-0.3713388175850434,0.4466723057090835,1.0,0,0,-0.0347192367841358,0.1410796934767238,-145,-102,thymio-15
189,1788221911.193957,1.808163046836853,-0.6612730026245117,1.4516880385489683,97.2990302809837,1.808163046836853,0.0826200395822525,-0.6612730026245117,0.0293330121785402,0.7909747362136841,0.5557543635368347,0.2542352378368377,10,-0.6680634985863889,-0.3713388175850434,0.4466723057090835,1.0,0,0,-0.0347192367841358,0.1678592733086994,-149,-98,thymio-15
190,1788221911.8023095,1.8022748231887815,-0.5892414450645447,1.4680416507313634,97.1990302809837,1.8022748231887815,0.0831961333751678,-0.5892414450645447,0.0698137134313583,0.8074315786361694,0.5521453619003296,0.1957447081804275,10,0.1831059122431346,-0.3664581870713199,0.5022162244856596,1.0,0,0,-0.05,-0.5597447662901485,-93,-262,thymio-15
191,1788221912.4105492,1.8022748231887815,-0.5892414450645447,1.4680416507313634,97.09903028098373,1.8022748231887815,0.0831961333751678,-0.5892414450645447,0.0698137134313583,0.8074315786361694,0.5521453619003296,0.1957447081804275,10,0.1831059122431346,-0.3664581870713199,0.5022162244856596,1.0,0,0,0.1996722269740253,-0.3665104129155232,500,500,thymio-15
192,1788221913.0189872,1.8156119585037231,-0.5254604816436768,1.4523121157291508,96.99903028098372,1.8156119585037231,0.0835089236497879,-0.5254604816436768,0.0389904603362083,0.796559751033783,0.5516345500946045,0.244278073310852,10,0.2408636780209796,-0.3161922176311222,0.4700675659829847,1.0,0,0,0.1995646029093681,-0.2488894238272535,500,500,thymio-15
193,1788221913.6283543,1.8156119585037231,-0.5254604816436768,1.4523121157291508,96.89903028098372,1.8156119585037231,0.0835089236497879,-0.5254604816436768,0.0389904603362083,0.796559751033783,0.5516345500946045,0.244278073310852,10,0.2408636780209796,-0.3161922176311222,0.4700675659829847,1.0,0,0,0.1995106003081981,-0.2093755751365976,500,500,thymio-15
194,1788221914.2365718,1.822665095329285,-0.534197986125946,1.4352383016841517,96.79903028098371,1.822665095329285,0.0833599716424942,-0.534197986125946,-0.0024427981115877,0.7769742012023926,0.5544435977935791,0.2981570661067962,10,0.2588081597182363,-0.3179187258946944,0.4628395258338627,1.0,0,0,0.1994957240249428,-0.1828953416024473,500,500,thymio-15
195,1788221914.840302,1.8587186336517332,-0.7720827460289001,1.4318315878565755,96.79903028098371,1.8587186336517332,0.0816301554441452,-0.7720827460289001,0.0123373223468661,0.782044529914856,0.5537040829658508,0.2857724130153656,10,0.4276527028506021,-0.4091685467309432,0.5096665535675009,-0.4640872492564499,0,0,0.1992006459467196,-0.12816649514157,500,500,thymio-15
196,1788221915.449364,1.8587186336517332,-0.7720827460289001,1.4318315878565755,96.69903028098372,1.8587186336517332,0.0816301554441452,-0.7720827460289001,0.0123373223468661,0.782044529914856,0.5537040829658508,0.2857724130153656,10,0.4276527028506021,-0.4091685467309432,0.5096665535675009,-0.4640872492564499,0,0,0.1989839153545166,-0.0643608066474613,500,500,thymio-15
197,1788221916.0584548,1.8691749572753904,-0.9076043963432312,1.4498686828416654,96.59268519038766,1.8691749572753904,0.080960638821125,-0.9076043963432312,0.0264631249010562,0.7884674668312073,0.5577466487884521,0.2579489350318908,10,-0.5745598323829886,-0.3699162882806167,0.5208363769722537,1.0,0,0,0.1997926579642203,-0.1085315505124651,500,500,thymio-15
1,1788233668.3549504,10000.0,10000.0,0.0,100.0,2.148416519165039,0.0960777625441551,1.3220961093902588,-0.2699691355228424,0.5750828981399536,0.5760072469711304,0.5144045352935791,10,1.0,1.0,-1.0,1.0,0,0,0.03,0.2250225666201857,73,141,thymio-17
2,1788233668.9582891,2.691199541091919,-0.3128120601177215,-0.2265449342150933,100.0,2.691199541091919,0.0792844071984291,-0.3128120601177215,-0.646748960018158,-0.2005631029605865,-0.0287809111177921,0.7352972030639648,10,-0.97688452859816,-0.6591717878025138,-0.6912402763654013,-0.7448183998831035,0,0,0.0,-0.1472801901439599,22,-22,thymio-17
3,1788233669.5677755,2.691199541091919,-0.3128120601177215,-0.2265449342150933,99.9,2.691199541091919,0.0792844071984291,-0.3128120601177215,-0.646748960018158,-0.2005631029605865,-0.0287809111177921,0.7352972030639648,10,-0.97688452859816,-0.6591717878025138,-0.6912402763654013,-0.7448183998831035,0,0,0.0,0.0398421676227952,-6,6,thymio-17
4,1788233670.1708748,10000.0,10000.0,0.0,99.9,2.691199541091919,0.0792844071984291,-0.3128120601177215,-0.646748960018158,-0.2005631029605865,-0.0287809111177921,0.7352972030639648,10,1.0,1.0,-1.0,1.0,0,0,0.03,-0.1565101227227726,130,83,thymio-17
5,1788233670.7743642,10000.0,10000.0,0.0,99.9,2.691199541091919,0.0792844071984291,-0.3128120601177215,-0.646748960018158,-0.2005631029605865,-0.0287809111177921,0.7352972030639648,10,1.0,1.0,-1.0,1.0,0,0,0.03,-0.4181456296531996,170,43,thymio-17
6,1788233671.377735,10000.0,10000.0,0.0,99.9,2.691199541091919,0.0792844071984291,-0.3128120601177215,-0.646748960018158,-0.2005631029605865,-0.0287809111177921,0.7352972030639648,10,1.0,1.0,-1.0,1.0,0,0,0.03,-0.4862644785931136,180,33,thymio-17
7,1788233671.9807608,10000.0,10000.0,0.0,99.9,2.691199541091919,0.0792844071984291,-0.3128120601177215,-0.646748960018158,-0.2005631029605865,-0.0287809111177921,0.7352972030639648,10,1.0,1.0,-1.0,1.0,0,0,0.03,-0.343742521984906,158,55,thymio-17
8,1788233672.5850115,10000.0,10000.0,0.0,99.9,2.691199541091919,0.0792844071984291,-0.3128120601177215,-0.646748960018158,-0.2005631029605865,-0.0287809111177921,0.7352972030639648,10,1.0,1.0,1.0,1.0,0,0,0.03,-0.6257139921099732,201,12,thymio-17
9,1788233673.1880996,10000.0,10000.0,0.0,99.9,2.691199541091919,0.0792844071984291,-0.3128120601177215,-0.646748960018158,-0.2005631029605865,-0.0287809111177921,0.7352972030639648,10,1.0,1.0,1.0,1.0,0,0,0.03,-0.5597579834325901,191,22,thymio-17
10,1788233673.7918918,10000.0,10000.0,0.0,99.9,2.691199541091919,0.0792844071984291,-0.3128120601177215,-0.646748960018158,-0.2005631029605865,-0.0287809111177921,0.7352972030639648,10,1.0,1.0,-1.0,1.0,0,0,0.03,-0.3562614660100366,160,53,thymio-17
11,1788233674.395537,10000.0,10000.0,0.0,99.9,2.691199541091919,0.0792844071984291,-0.3128120601177215,-0.646748960018158,-0.2005631029605865,-0.0287809111177921,0.7352972030639648,10,1.0,1.0,-1.0,1.0,0,0,0.03,-0.6244992966755983,201,12,thymio-17
12,1788233674.9986596,10000.0,10000.0,0.0,99.9,2.691199541091919,0.0792844071984291,-0.3128120601177215,-0.646748960018158,-0.2005631029605865,-0.0287809111177921,0.7352972030639648,10,1.0,1.0,-1.0,1.0,0,0,0.03,-0.625047814762969,201,12,thymio-17
13,1788233675.6015372,10000.0,10000.0,0.0,99.9,2.691199541091919,0.0792844071984291,-0.3128120601177215,-0.646748960018158,-0.2005631029605865,-0.0287809111177921,0.7352972030639648,10,1.0,1.0,-1.0,1.0,1903,0,0.03,-0.624400402212163,201,12,thymio-17
14,1788233676.205644,10000.0,10000.0,0.0,99.9,2.691199541091919,0.0792844071984291,-0.3128120601177215,-0.646748960018158,-0.2005631029605865,-0.0287809111177921,0.7352972030639648,10,1.0,1.0,-1.0,1.0,3385,0,-0.08,-0.6238540423082284,-190,-378,thymio-17
15,1788233676.8088484,10000.0,10000.0,0.0,99.9,2.691199541091919,0.0792844071984291,-0.3128120601177215,-0.646748960018158,-0.2005631029605865,-0.0287809111177921,0.7352972030639648,10,1.0,1.0,-1.0,1.0,0,0,0.03,-0.6233694515447127,201,12,thymio-17
16,1788233677.411897,10000.0,10000.0,0.0,99.9,2.691199541091919,0.0792844071984291,-0.3128120601177215,-0.646748960018158,-0.2005631029605865,-0.0287809111177921,0.7352972030639648,10,1.0,1.0,-1.0,1.0,0,0,0.03,-0.6230257496792916,201,13,thymio-17
17,1788233678.0149074,10000.0,10000.0,0.0,99.9,2.691199541091919,0.0792844071984291,-0.3128120601177215,-0.646748960018158,-0.2005631029605865,-0.0287809111177921,0.7352972030639648,10,1.0,1.0,-1.0,1.0,0,0,0.03,-0.6227949071197255,201,13,thymio-17
18,1788233678.6179695,2.69219708442688,-0.8891037106513977,-0.0508240387529013,99.9,2.69219708442688,0.0830462500452995,-0.8891037106513977,-0.5503391623497009,0.2136674523353576,0.3575288355350494,0.7236340045928955,10,-0.4966487288053431,1.0,-0.730922892705538,1.0,0,0,0.0612365268581445,-0.6185605930529222,311,124,thymio-17
19,1788233679.2272768,2.69219708442688,-0.8891037106513977,-0.0508240387529013,99.8,2.69219708442688,0.0830462500452995,-0.8891037106513977,-0.5503391623497009,0.2136674523353576,0.3575288355350494,0.7236340045928955,10,-0.4966487288053431,1.0,-0.730922892705538,1.0,0,0,0.0637192926029331,-0.6186704659253387,320,133,thymio-17
20,1788233679.8304353,10000.0,10000.0,0.0,99.8,2.69219708442688,0.0830462500452995,-0.8891037106513977,-0.5503391623497009,0.2136674523353576,0.3575288355350494,0.7236340045928955,10,1.0,1.0,-1.0,1.0,0,0,0.03,-0.6195374395472255,200,13,thymio-17
21,1788233680.4333038,10000.0,10000.0,0.0,99.8,2.69219708442688,0.0830462500452995,-0.8891037106513977,-0.5503391623497009,0.2136674523353576,0.3575288355350494,0.7236340045928955,10,1.0,1.0,-1.0,1.0,0,0,0.03,-0.6223264229064236,201,13,thymio-17
22,1788233681.037078,10000.0,10000.0,0.0,99.8,2.69219708442688,0.0830462500452995,-0.8891037106513977,-0.5503391623497009,0.2136674523353576,0.3575288355350494,0.7236340045928955,10,1.0,1.0,-1.0,1.0,0,0,0.03,-0.6223195334533637,201,13,thymio-17
23,1788233681.639877,10000.0,10000.0,0.0,99.8,2.69219708442688,0.0830462500452995,-0.8891037106513977,-0.5503391623497009,0.2136674523353576,0.3575288355350494,0.7236340045928955,10,1.0,1.0,-1.0,1.0,0,0,0.03,-0.6226689314249559,201,13,thymio-17
24,1788233682.2432282,2.720827102661133,-0.8739690780639648,-0.95441254055583,99.8,2.720827102661133,0.0832177996635437,-0.8739690780639648,-0.743290364742279,0.3716723918914795,-0.1933698952198028,-0.5215239524841309,10,-0.7441236184724,1.0,1.0,-0.4422253116729159,0,0,0.0441912809435566,-0.4637170901333787,227,87,thymio-17
25,1788233682.851757,2.720827102661133,-0.8739690780639648,-0.95441254055583,99.70000000000002,2.720827102661133,0.0832177996635437,-0.8739690780639648,-0.743290364742279,0.3716723918914795,-0.1933698952198028,-0.5215239524841309,10,-0.7441236184724,1.0,1.0,-0.4422253116729159,0,0,0.0731866617902366,-0.222508017182378,294,226,thymio-17
26,1788233683.4548318,10000.0,10000.0,0.0,99.70000000000002,2.720827102661133,0.0832177996635437,-0.8739690780639648,-0.743290364742279,0.3716723918914795,-0.1933698952198028,-0.5215239524841309,10,1.0,1.0,-1.0,1.0,0,0,0.03,-0.2902812489981115,150,63,thymio-17
27,1788233684.0585885,10000.0,10000.0,0.0,99.70000000000002,2.720827102661133,0.0832177996635437,-0.8739690780639648,-0.743290364742279,0.3716723918914795,-0.1933698952198028,-0.5215239524841309,10,1.0,1.0,-1.0,1.0,0,0,0.03,-0.314957549601678,154,59,thymio-17
28,1788233684.6615078,10000.0,10000.0,0.0,99.70000000000002,2.720827102661133,0.0832177996635437,-0.8739690780639648,-0.743290364742279,0.3716723918914795,-0.1933698952198028,-0.5215239524841309,10,1.0,1.0,-1.0,1.0,0,0,0.03,-0.4370465736573356,173,41,thymio-17
29,1788233685.265191,10000.0,10000.0,0.0,99.70000000000002,2.720827102661133,0.0832177996635437,-0.8739690780639648,-0.743290364742279,0.3716723918914795,-0.1933698952198028,-0.5215239524841309,10,1.0,1.0,-1.0,1.0,0,0,0.03,-0.5396115003280734,188,25,thymio-17
30,1788233685.8689177,10000.0,10000.0,0.0,99.70000000000002,2.720827102661133,0.0832177996635437,-0.8739690780639648,-0.743290364742279,0.3716723918914795,-0.1933698952198028,-0.5215239524841309,10,1.0,1.0,-1.0,1.0,0,0,0.03,-0.6046515905762001,198,15,thymio-17
31,1788233686.4718523,10000.0,10000.0,0.0,99.70000000000002,2.720827102661133,0.0832177996635437,-0.8739690780639648,-0.743290364742279,0.3716723918914795,-0.1933698952198028,-0.5215239524841309,10,1.0,1.0,-1.0,1.0,0,0,0.03,-0.6167542880732009,200,13,thymio-17
32,1788233687.074786,10000.0,10000.0,0.0,99.70000000000002,2.720827102661133,0.0832177996635437,-0.8739690780639648,-0.743290364742279,0.3716723918914795,-0.1933698952198028,-0.5215239524841309,10,1.0,1.0,-1.0,1.0,0,0,0.03,-0.6197865370864987,200,13,thymio-17
33,1788233687.6784022,10000.0,10000.0,0.0,99.70000000000002,2.720827102661133,0.0832177996635437,-0.8739690780639648,-0.743290364742279,0.3716723918914795,-0.1933698952198028,-0.5215239524841309,10,1.0,1.0,-1.0,1.0,0,0,0.03,-0.6209877470292938,200,13,thymio-17
34,1788233688.2816424,2.6238045692443848,-1.0035593509674072,0.0201776411394343,99.70000000000002,2.6238045692443848,0.082341693341732,-1.0035593509674072,-0.5199201703071594,0.2466195076704025,0.3866614103317261,0.7206628322601318,10,-0.3951717958306184,1.0,-0.604948663568628,1.0,0,0,0.0900855146630723,-0.5575603299117785,404,236,thymio-17
35,1788233688.890772,2.6238045692443848,-1.0035593509674072,0.0201776411394343,99.60000000000002,2.6238045692443848,0.082341693341732,-1.0035593509674072,-0.5199201703071594,0.2466195076704025,0.3866614103317261,0.7206628322601318,10,-0.3951717958306184,1.0,-0.604948663568628,1.0,0,0,0.1683698780410273,-0.5767021599968201,500,500,thymio-17
36,1788233689.4946418,10000.0,10000.0,0.0,99.60000000000002,2.6238045692443848,0.082341693341732,-1.0035593509674072,-0.5199201703071594,0.2466195076704025,0.3866614103317261,0.7206628322601318,10,1.0,1.0,-1.0,1.0,0,0,0.03,-0.6040869644571681,198,15,thymio-17
37,1788233690.0979586,10000.0,10000.0,0.0,99.60000000000002,2.6238045692443848,0.082341693341732,-1.0035593509674072,-0.5199201703071594,0.2466195076704025,0.3866614103317261,0.7206628322601318,10,1.0,1.0,-1.0,1.0,0,0,0.03,-0.6207773413025284,200,13,thymio-17
38,1788233690.700831,10000.0,10000.0,0.0,99.60000000000002,2.6238045692443848,0.082341693341732,-1.0035593509674072,-0.5199201703071594,0.2466195076704025,0.3866614103317261,0.7206628322601318,10,1.0,1.0,-1.0,1.0,0,0,0.03,-0.62573986277335,201,12,thymio-17
39,1788233691.303682,10000.0,10000.0,0.0,99.60000000000002,2.6238045692443848,0.082341693341732,-1.0035593509674072,-0.5199201703071594,0.2466195076704025,0.3866614103317261,0.7206628322601318,10,1.0,1.0,-1.0,1.0,0,0,0.03,-0.6271327734134764,201,12,thymio-17
40,1788233691.9073775,10000.0,10000.0,0.0,99.60000000000002,2.6238045692443848,0.082341693341732,-1.0035593509674072,-0.5199201703071594,0.2466195076704025,0.3866614103317261,0.7206628322601318,10,1.0,1.0,-1.0,1.0,0,0,0.03,-0.6267806709076335,201,12,thymio-17
41,1788233692.5113175,2.341994524002075,-0.2242942005395889,-0.211056254542433,99.60000000000002,2.341994524002075,0.0817269086837768,-0.2242942005395889,-0.6127765774726868,0.048704944550991,0.1913923174142837,0.7651809453964233,10,-0.3097429447132946,-0.9100962304992972,-0.5960392684068601,1.0,0,0,0.0,-0.5977022680777594,90,-90,thymio-17
42,1788233693.120483,2.341994524002075,-0.2242942005395889,-0.211056254542433,99.50000000000004,2.341994524002075,0.0817269086837768,-0.2242942005395889,-0.6127765774726868,0.048704944550991,0.1913923174142837,0.7651809453964233,10,-0.3097429447132946,-0.9100962304992972,-0.5960392684068601,1.0,0,0,0.0,-0.5711387512623373,86,-86,thymio-17
43,1788233693.723887,10000.0,10000.0,0.0,99.50000000000004,2.341994524002075,0.0817269086837768,-0.2242942005395889,-0.6127765774726868,0.048704944550991,0.1913923174142837,0.7651809453964233,10,1.0,1.0,-1.0,1.0,0,0,-0.03,-0.5165349635126073,-29,-185,thymio-17
44,1788233694.3287945,2.7194790840148926,-0.8015698194503784,-1.0593558476438365,99.50000000000004,2.7194790840148926,0.0835985615849495,-0.8015698194503784,-0.7094875574111938,0.4206093251705169,-0.3291676044464111,-0.459743469953537,10,-0.3553877438675769,-0.4641521047189111,-0.740778576940801,-0.37374304549334,0,0,-0.0548791260646896,-0.3874359761447929,-136,-253,thymio-17
45,1788233694.937692,2.7194790840148926,-0.8015698194503784,-1.0593558476438365,99.40000000000003,2.7194790840148926,0.0835985615849495,-0.8015698194503784,-0.7094875574111938,0.4206093251705169,-0.3291676044464111,-0.459743469953537,10,-0.3553877438675769,-0.4641521047189111,-0.740778576940801,-0.37374304549334,0,0,-0.0574927875740109,-0.2316376616229306,-169,-239,thymio-17
46,1788233695.5413425,10000.0,10000.0,0.0,99.40000000000003,2.7194790840148926,0.0835985615849495,-0.8015698194503784,-0.7094875574111938,0.4206093251705169,-0.3291676044464111,-0.459743469953537,10,1.0,1.0,-1.0,1.0,0,0,-0.03,-0.1615882112800676,-82,-131,thymio-17
47,1788233696.1444929,10000.0,10000.0,0.0,99.40000000000003,2.7194790840148926,0.0835985615849495,-0.8015698194503784,-0.7094875574111938,0.4206093251705169,-0.3291676044464111,-0.459743469953537,10,1.0,1.0,-1.0,1.0,0,0,-0.03,-0.187854781435879,-78,-135,thymio-17
48,1788233696.748006,10000.0,10000.0,0.0,99.40000000000003,2.7194790840148926,0.0835985615849495,-0.8015698194503784,-0.7094875574111938,0.4206093251705169,-0.3291676044464111,-0.459743469953537,10,1.0,1.0,-1.0,1.0,0,0,-0.03,-0.0569606260529215,-98,-115,thymio-17
49,1788233697.3509414,10000.0,10000.0,0.0,99.40000000000003,2.7194790840148926,0.0835985615849495,-0.8015698194503784,-0.7094875574111938,0.4206093251705169,-0.3291676044464111,-0.459743469953537,10,1.0,1.0,-1.0,1.0,0,0,-0.03,0.0119974175205096,-108,-105,thymio-17
50,1788233697.954454,10000.0,10000.0,0.0,99.40000000000003,2.7194790840148926,0.0835985615849495,-0.8015698194503784,-0.7094875574111938,0.4206093251705169,-0.3291676044464111,-0.459743469953537,10,1.0,1.0,-1.0,1.0,0,0,-0.03,0.0074198255065352,-108,-105,thymio-17
51,1788233698.558216,10000.0,10000.0,0.0,99.40000000000003,2.7194790840148926,0.0835985615849495,-0.8015698194503784,-0.7094875574111938,0.4206093251705169,-0.3291676044464111,-0.459743469953537,10,1.0,1.0,-1.0,1.0,0,0,-0.03,-0.0081205594813176,-105,-108,thymio-17
52,1788233699.1619737,10000.0,10000.0,0.0,99.40000000000003,2.7194790840148926,0.0835985615849495,-0.8015698194503784,-0.7094875574111938,0.4206093251705169,-0.3291676044464111,-0.459743469953537,10,1.0,1.0,-1.0,1.0,0,0,-0.03,-0.0286905894784285,-102,-111,thymio-17
53,1788233699.7650676,10000.0,10000.0,0.0,99.40000000000003,2.7194790840148926,0.0835985615849495,-0.8015698194503784,-0.7094875574111938,0.4206093251705169,-0.3291676044464111,-0.459743469953537,10,1.0,1.0,-1.0,1.0,0,0,-0.03,-0.0532737346275147,-99,-115,thymio-17
54,1788233700.368795,10000.0,10000.0,0.0,99.40000000000003,2.7194790840148926,0.0835985615849495,-0.8015698194503784,-0.7094875574111938,0.4206093251705169,-0.3291676044464111,-0.459743469953537,10,1.0,1.0,-1.0,1.0,0,0,-0.03,-0.0777135594551984,-95,-118,thymio-17
55,1788233700.9716375,10000.0,10000.0,0.0,99.40000000000003,2.7194790840148926,0.0835985615849495,-0.8015698194503784,-0.7094875574111938,0.4206093251705169,-0.3291676044464111,-0.459743469953537,10,1.0,1.0,-1.0,1.0,0,0,-0.03,-0.1004509056326393,-91,-122,thymio-17
56,1788233701.5752623,10000.0,10000.0,0.0,99.40000000000003,2.7194790840148926,0.0835985615849495,-0.8015698194503784,-0.7094875574111938,0.4206093251705169,-0.3291676044464111,-0.459743469953537,10,1.0,1.0,-1.0,1.0,0,0,-0.03,-0.1197678402979434,-89,-125,thymio-17
57,1788233702.1783,10000.0,10000.0,0.0,99.40000000000003,2.7194790840148926,0.0835985615849495,-0.8015698194503784,-0.7094875574111938,0.4206093251705169,-0.3291676044464111,-0.459743469953537,10,1.0,1.0,-1.0,1.0,0,0,-0.03,-0.1357341428641399,-86,-127,thymio-17
58,1788233702.7818117,10000.0,10000.0,0.0,99.40000000000003,2.7194790840148926,0.0835985615849495,-0.8015698194503784,-0.7094875574111938,0.4206093251705169,-0.3291676044464111,-0.459743469953537,10,1.0,1.0,-1.0,1.0,0,0,-0.03,-0.148400832708804,-84,-129,thymio-17
59,1788233703.385475,10000.0,10000.0,0.0,99.40000000000003,2.7194790840148926,0.0835985615849495,-0.8015698194503784,-0.7094875574111938,0.4206093251705169,-0.3291676044464111,-0.459743469953537,10,1.0,1.0,-1.0,1.0,0,0,-0.03,-0.1584208154549641,-83,-131,thymio-17
60,1788233703.989204,10000.0,10000.0,0.0,99.40000000000003,2.7194790840148926,0.0835985615849495,-0.8015698194503784,-0.7094875574111938,0.4206093251705169,-0.3291676044464111,-0.459743469953537,10,1.0,1.0,-1.0,1.0,0,0,-0.03,-0.1662138321985764,-81,-132,thymio-17
61,1788233704.592881,10000.0,10000.0,0.0,99.40000000000003,2.7194790840148926,0.0835985615849495,-0.8015698194503784,-0.7094875574111938,0.4206093251705169,-0.3291676044464111,-0.459743469953537,10,1.0,1.0,-1.0,1.0,0,0,-0.03,-0.1723175838977571,-81,-133,thymio-17
62,1788233705.1958842,10000.0,10000.0,0.0,99.40000000000003,2.7194790840148926,0.0835985615849495,-0.8015698194503784,-0.7094875574111938,0.4206093251705169,-0.3291676044464111,-0.459743469953537,10,1.0,1.0,-1.0,1.0,0,0,-0.03,-0.1770613740486119,-80,-133,thymio-17
63,1788233705.799508,10000.0,10000.0,0.0,99.40000000000003,2.7194790840148926,0.0835985615849495,-0.8015698194503784,-0.7094875574111938,0.4206093251705169,-0.3291676044464111,-0.459743469953537,10,1.0,1.0,-1.0,1.0,0,0,-0.03,-0.1807797741214503,-79,-134,thymio-17
64,1788233706.402705,10000.0,10000.0,0.0,99.40000000000003,2.7194790840148926,0.0835985615849495,-0.8015698194503784,-0.7094875574111938,0.4206093251705169,-0.3291676044464111,-0.459743469953537,10,1.0,1.0,-1.0,1.0,0,0,-0.03,-0.1831475681440199,-79,-134,thymio-17
65,1788233707.0057788,10000.0,10000.0,0.0,99.40000000000003,2.7194790840148926,0.0835985615849495,-0.8015698194503784,-0.7094875574111938,0.4206093251705169,-0.3291676044464111,-0.459743469953537,10,1.0,1.0,-1.0,1.0,2834,0,-0.08,-0.1839645485729703,-256,-312,thymio-17
66,1788233707.6091824,10000.0,10000.0,0.0,99.40000000000003,2.7194790840148926,0.0835985615849495,-0.8015698194503784,-0.7094875574111938,0.4206093251705169,-0.3291676044464111,-0.459743469953537,10,1.0,1.0,-1.0,1.0,4728,0,-0.08,-0.1843337074250102,-256,-312,thymio-17
67,1788233708.2128344,10000.0,10000.0,0.0,99.40000000000003,2.7194790840148926,0.0835985615849495,-0.8015698194503784,-0.7094875574111938,0.4206093251705169,-0.3291676044464111,-0.459743469953537,10,1.0,1.0,-1.0,1.0,3457,0,-0.08,-0.1846789470197728,-256,-312,thymio-17
68,1788233708.8157847,10000.0,10000.0,0.0,99.40000000000003,2.7194790840148926,0.0835985615849495,-0.8015698194503784,-0.7094875574111938,0.4206093251705169,-0.3291676044464111,-0.459743469953537,10,1.0,1.0,-1.0,1.0,0,0,-0.03,-0.1849735543244784,-79,-135,thymio-17
69,1788233709.41866,2.666849136352539,-0.4671119451522827,0.0380908439095857,99.40000000000003,2.666849136352539,0.0855704769492149,-0.4671119451522827,-0.5077371001243591,0.2815237641334533,0.4007189571857452,0.7087818384170532,10,-0.6514669204704695,1.0,-0.7047234632197816,-0.3575219952204616,0,0,-0.0998019109445248,0.0068728473977859,-356,-354,thymio-17
70,1788233710.0274525,2.666849136352539,-0.4671119451522827,0.0380908439095857,99.30000000000004,2.666849136352539,0.0855704769492149,-0.4671119451522827,-0.5077371001243591,0.2815237641334533,0.4007189571857452,0.7087818384170532,10,-0.6514669204704695,1.0,-0.7047234632197816,-0.3575219952204616,0,3388,0.08,0.1103887318359382,268,301,thymio-17
71,1788233710.6312416,10000.0,10000.0,0.0,99.30000000000004,2.666849136352539,0.0855704769492149,-0.4671119451522827,-0.5077371001243591,0.2815237641334533,0.4007189571857452,0.7087818384170532,10,1.0,1.0,-1.0,1.0,0,2383,0.08,0.1565515876342439,261,308,thymio-17
72,1788233711.2349453,10000.0,10000.0,0.0,99.30000000000004,2.666849136352539,0.0855704769492149,-0.4671119451522827,-0.5077371001243591,0.2815237641334533,0.4007189571857452,0.7087818384170532,10,1.0,1.0,-1.0,1.0,0,0,-0.03,-0.0132197703420659,-105,-109,thymio-17
73,1788233711.8385954,10000.0,10000.0,0.0,99.30000000000004,2.666849136352539,0.0855704769492149,-0.4671119451522827,-0.5077371001243591,0.2815237641334533,0.4007189571857452,0.7087818384170532,10,1.0,1.0,-1.0,1.0,0,0,-0.03,-0.0036996401154182,-106,-107,thymio-17
74,1788233712.4415,10000.0,10000.0,0.0,99.30000000000004,2.666849136352539,0.0855704769492149,-0.4671119451522827,-0.5077371001243591,0.2815237641334533,0.4007189571857452,0.7087818384170532,10,1.0,1.0,-1.0,1.0,0,3741,0.08,-0.0056903532075509,285,283,thymio-17
75,1788233713.0453043,10000.0,10000.0,0.0,99.30000000000004,2.666849136352539,0.0855704769492149,-0.4671119451522827,-0.5077371001243591,0.2815237641334533,0.4007189571857452,0.7087818384170532,10,1.0,1.0,-1.0,1.0,0,1696,-0.03,-0.0215527820711523,-103,-110,thymio-17
76,1788233713.6487477,10000.0,10000.0,0.0,99.30000000000004,2.666849136352539,0.0855704769492149,-0.4671119451522827,-0.5077371001243591,0.2815237641334533,0.4007189571857452,0.7087818384170532,10,1.0,1.0,-1.0,1.0,0,0,-0.03,-0.0429350448222289,-100,-113,thymio-17
77,1788233714.2524624,10000.0,10000.0,0.0,99.30000000000004,2.666849136352539,0.0855704769492149,-0.4671119451522827,-0.5077371001243591,0.2815237641334533,0.4007189571857452,0.7087818384170532,10,1.0,1.0,-1.0,1.0,0,0,-0.03,-0.0677022869058944,-96,-117,thymio-17
78,1788233714.8559752,10000.0,10000.0,0.0,99.30000000000004,2.666849136352539,0.0855704769492149,-0.4671119451522827,-0.5077371001243591,0.2815237641334533,0.4007189571857452,0.7087818384170532,10,1.0,1.0,-1.0,1.0,0,0,-0.03,-0.090624151936624,-93,-120,thymio-17
79,1788233715.4594722,10000.0,10000.0,0.0,99.30000000000004,2.666849136352539,0.0855704769492149,-0.4671119451522827,-0.5077371001243591,0.2815237641334533,0.4007189571857452,0.7087818384170532,10,1.0,1.0,-1.0,1.0,0,0,-0.03,-0.1111805482767239,-90,-123,thymio-17
80,1788233716.0631657,10000.0,10000.0,0.0,99.30000000000004,2.666849136352539,0.0855704769492149,-0.4671119451522827,-0.5077371001243591,0.2815237641334533,0.4007189571857452,0.7087818384170532,10,1.0,1.0,-1.0,1.0,0,0,-0.03,-0.1282846643806893,-87,-126,thymio-17
81,1788233716.6665585,10000.0,10000.0,0.0,99.30000000000004,2.666849136352539,0.0855704769492149,-0.4671119451522827,-0.5077371001243591,0.2815237641334533,0.4007189571857452,0.7087818384170532,10,1.0,1.0,-1.0,1.0,0,0,-0.03,-0.1422118445943899,-85,-128,thymio-17
82,1788233717.2701266,10000.0,10000.0,0.0,99.30000000000004,2.666849136352539,0.0855704769492149,-0.4671119451522827,-0.5077371001243591,0.2815237641334533,0.4007189571857452,0.7087818384170532,10,1.0,1.0,-1.0,1.0,0,0,-0.03,-0.1531989826074496,-83,-130,thymio-17
83,1788233717.8729815,10000.0,10000.0,0.0,99.30000000000004,2.666849136352539,0.0855704769492149,-0.4671119451522827,-0.5077371001243591,0.2815237641334533,0.4007189571857452,0.7087818384170532,10,1.0,1.0,-1.0,1.0,0,0,-0.03,-0.1618514415578122,-82,-131,thymio-17
84,1788233718.476401,2.4540679454803467,-0.3514424860477447,-0.0967852788993353,99.30000000000004,2.4540679454803467,0.0866741016507148,-0.3514424860477447,0.6122801303863525,0.123169906437397,-0.1319844126701355,-0.7697548270225525,10,-0.5788514286100884,0.2182647604357281,-0.764062817883451,-0.6486456696887256,0,0,-0.0569845793981077,0.0069302202986904,-204,-201,thymio-17
85,1788233719.0853646,2.4540679454803467,-0.3514424860477447,-0.0967852788993353,99.20000000000005,2.4540679454803467,0.0866741016507148,-0.3514424860477447,0.6122801303863525,0.123169906437397,-0.1319844126701355,-0.7697548270225525,10,-0.5788514286100884,0.2182647604357281,-0.764062817883451,-0.6486456696887256,0,0,-0.0585395282423463,0.1302943620793436,-228,-188,thymio-17
86,1788233719.6888463,10000.0,10000.0,0.0,99.20000000000005,2.4540679454803467,0.0866741016507148,-0.3514424860477447,0.6122801303863525,0.123169906437397,-0.1319844126701355,-0.7697548270225525,10,1.0,1.0,-1.0,1.0,0,0,-0.03,0.1060826277288983,-123,-91,thymio-17
87,1788233720.291782,10000.0,10000.0,0.0,99.20000000000005,2.4540679454803467,0.0866741016507148,-0.3514424860477447,0.6122801303863525,0.123169906437397,-0.1319844126701355,-0.7697548270225525,10,1.0,1.0,-1.0,1.0,0,0,-0.03,0.000818641486192,-107,-106,thymio-17
88,1788233720.8950408,10000.0,10000.0,0.0,99.20000000000005,2.4540679454803467,0.0866741016507148,-0.3514424860477447,0.6122801303863525,0.123169906437397,-0.1319844126701355,-0.7697548270225525,10,1.0,1.0,-1.0,1.0,0,0,-0.03,0.0509572048152344,-114,-99,thymio-17
89,1788233721.4984157,10000.0,10000.0,0.0,99.20000000000005,2.4540679454803467,0.0866741016507148,-0.3514424860477447,0.6122801303863525,0.123169906437397,-0.1319844126701355,-0.7697548270225525,10,1.0,1.0,-1.0,1.0,0,0,-0.03,0.0392486536281092,-113,-101,thymio-17
90,1788233722.1018908,10000.0,10000.0,0.0,99.20000000000005,2.4540679454803467,0.0866741016507148,-0.3514424860477447,0.6122801303863525,0.123169906437397,-0.1319844126701355,-0.7697548270225525,10,1.0,1.0,-1.0,1.0,0,0,-0.03,0.0356205650187356,-112,-101,thymio-17
91,1788233722.705395,10000.0,10000.0,0.0,99.20000000000005,2.4540679454803467,0.0866741016507148,-0.3514424860477447,0.6122801303863525,0.123169906437397,-0.1319844126701355,-0.7697548270225525,10,1.0,1.0,-1.0,1.0,0,0,-0.03,0.0103257750283691,-108,-105,thymio-17
92,1788233723.3087416,2.185966730117798,-0.4551361501216888,-0.9849324979040954,99.20000000000005,2.185966730117798,0.0904447436332702,-0.4551361501216888,-0.7397347688674927,0.0730473175644874,0.3020159900188446,-0.596860945224762,10,-0.4119776875151651,-0.570953908020079,1.0,-0.8067174941709067,0,0,-0.0176027470389052,0.0143408027729606,-65,-60,thymio-17
93,1788233723.91763,2.072911262512207,-0.5800227522850037,-1.1255593615433312,98.60158002375056,2.072911262512207,0.0910455882549285,-0.5800227522850037,-0.6976768970489502,0.0298488643020391,0.4090657830238342,-0.5873850584030151,10,-0.3224097139630347,-0.7837617186150565,1.0,-0.7827848717239592,0,0,-0.0196972000129294,0.4421933194567225,-137,-3,thymio-17
94,1788233724.5268483,2.072911262512207,-0.5800227522850037,-1.1255593615433312,98.50158002375056,2.072911262512207,0.0910455882549285,-0.5800227522850037,-0.6976768970489502,0.0298488643020391,0.4090657830238342,-0.5873850584030151,10,-0.3224097139630347,-0.7837617186150565,1.0,-0.7827848717239592,0,0,0.0114638945583736,0.6225901979861638,-53,135,thymio-17
95,1788233725.1301303,10000.0,10000.0,0.0,98.50158002375056,2.072911262512207,0.0910455882549285,-0.5800227522850037,-0.6976768970489502,0.0298488643020391,0.4090657830238342,-0.5873850584030151,10,1.0,1.0,-1.0,1.0,0,0,0.03,0.4843125702998899,33,180,thymio-17
96,1788233725.733462,2.057533025741577,-0.5930425524711609,-1.1229730317763789,98.50158002375056,2.057533025741577,0.0910070538520813,-0.5930425524711609,-0.6956809163093567,0.0234510377049446,0.4115037322044372,-0.5883391499519348,10,-0.3008813044128414,1.0,1.0,-0.7448344994122321,0,0,0.0192882656181413,0.6239929085079307,-26,163,thymio-17
97,1788233726.3422256,2.057533025741577,-0.5930425524711609,-1.1229730317763789,98.40158002375055,2.057533025741577,0.0910070538520813,-0.5930425524711609,-0.6956809163093567,0.0234510377049446,0.4115037322044372,-0.5883391499519348,10,-0.3008813044128414,1.0,1.0,-0.7448344994122321,0,0,0.0192882656181413,0.6208028665095091,-25,162,thymio-17
98,1788233726.945267,10000.0,10000.0,0.0,98.40158002375055,2.057533025741577,0.0910070538520813,-0.5930425524711609,-0.6956809163093567,0.0234510377049446,0.4115037322044372,-0.5883391499519348,10,1.0,1.0,-1.0,1.0,0,0,0.03,0.6201112841515387,13,200,thymio-17
99,1788233727.5481417,10000.0,10000.0,0.0,98.40158002375055,2.057533025741577,0.0910070538520813,-0.5930425524711609,-0.6956809163093567,0.0234510377049446,0.4115037322044372,-0.5883391499519348,10,1.0,1.0,-1.0,1.0,0,0,0.03,0.6011796503249126,16,197,thymio-17
100,1788233728.1519375,10000.0,10000.0,0.0,98.40158002375055,2.057533025741577,0.0910070538520813,-0.5930425524711609,-0.6956809163093567,0.0234510377049446,0.4115037322044372,-0.5883391499519348,10,1.0,1.0,-1.0,1.0,0,0,0.03,0.6173594865963398,13,200,thymio-17
101,1788233728.7547767,10000.0,10000.0,0.0,98.40158002375055,2.057533025741577,0.0910070538520813,-0.5930425524711609,-0.6956809163093567,0.0234510377049446,0.4115037322044372,-0.5883391499519348,10,1.0,1.0,-1.0,1.0,0,0,0.03,0.62575292181098,12,201,thymio-17
102,1788233729.357946,10000.0,10000.0,0.0,98.40158002375055,2.057533025741577,0.0910070538520813,-0.5930425524711609,-0.6956809163093567,0.0234510377049446,0.4115037322044372,-0.5883391499519348,10,1.0,1.0,-1.0,1.0,0,0,0.03,0.627728801316563,12,201,thymio-17
103,1788233729.961139,10000.0,10000.0,0.0,98.40158002375055,2.057533025741577,0.0910070538520813,-0.5930425524711609,-0.6956809163093567,0.0234510377049446,0.4115037322044372,-0.5883391499519348,10,1.0,1.0,-1.0,1.0,0,0,0.03,0.6279725450108591,12,201,thymio-17
104,1788233730.5640016,10000.0,10000.0,0.0,98.40158002375055,2.057533025741577,0.0910070538520813,-0.5930425524711609,-0.6956809163093567,0.0234510377049446,0.4115037322044372,-0.5883391499519348,10,1.0,1.0,-1.0,1.0,0,0,0.03,0.6279844261661989,12,201,thymio-17
105,1788233731.167688,10000.0,10000.0,0.0,98.40158002375055,2.057533025741577,0.0910070538520813,-0.5930425524711609,-0.6956809163093567,0.0234510377049446,0.4115037322044372,-0.5883391499519348,10,1.0,1.0,-1.0,1.0,0,0,0.03,0.6278070129467552,12,201,thymio-17
106,1788233731.770543,10000.0,10000.0,0.0,98.40158002375055,2.057533025741577,0.0910070538520813,-0.5930425524711609,-0.6956809163093567,0.0234510377049446,0.4115037322044372,-0.5883391499519348,10,1.0,1.0,-1.0,1.0,0,0,0.03,0.6272987984043019,12,201,thymio-17
107,1788233732.373744,10000.0,10000.0,0.0,98.40158002375055,2.057533025741577,0.0910070538520813,-0.5930425524711609,-0.6956809163093567,0.0234510377049446,0.4115037322044372,-0.5883391499519348,10,1.0,1.0,-1.0,1.0,0,0,0.03,0.6264947199343989,12,201,thymio-17
108,1788233732.977511,10000.0,10000.0,0.0,98.40158002375055,2.057533025741577,0.0910070538520813,-0.5930425524711609,-0.6956809163093567,0.0234510377049446,0.4115037322044372,-0.5883391499519348,10,1.0,1.0,-1.0,1.0,0,0,0.03,0.6222595405703729,13,201,thymio-17
109,1788233733.5811548,10000.0,10000.0,0.0,98.40158002375055,2.057533025741577,0.0910070538520813,-0.5930425524711609,-0.6956809163093567,0.0234510377049446,0.4115037322044372,-0.5883391499519348,10,1.0,1.0,-1.0,1.0,0,0,0.03,0.6144095526063681,14,199,thymio-17
110,1788233734.1846402,2.089094877243042,-0.6736484169960022,-3.1231920918384843,98.40158002375055,2.089094877243042,0.0890291705727577,-0.6736484169960022,-0.0558038018643856,-0.5355874300003052,0.7858410477638245,-0.30411496758461,10,1.0,-0.7402106463204077,1.0,-0.199076816488646,0,0,0.0146840630588764,0.6243646957958873,-42,146,thymio-17
111,1788233734.7932937,2.089094877243042,-0.6736484169960022,-3.1231920918384843,98.30158002375056,2.089094877243042,0.0890291705727577,-0.6736484169960022,-0.0558038018643856,-0.5355874300003052,0.7858410477638245,-0.30411496758461,10,1.0,-0.7402106463204077,1.0,-0.199076816488646,0,0,-0.0405757364109191,0.6282840538252507,-239,-49,thymio-17
112,1788233735.396391,10000.0,10000.0,0.0,98.30158002375056,2.089094877243042,0.0890291705727577,-0.6736484169960022,-0.0558038018643856,-0.5355874300003052,0.7858410477638245,-0.30411496758461,10,1.0,1.0,-1.0,1.0,0,0,-0.0007509823016865,0.2950112845825416,-47,42,thymio-17
113,1788233735.999909,10000.0,10000.0,0.0,98.30158002375056,2.089094877243042,0.0890291705727577,-0.6736484169960022,-0.0558038018643856,-0.5355874300003052,0.7858410477638245,-0.30411496758461,10,1.0,1.0,-1.0,1.0,0,0,0.03,0.3532083114199956,53,160,thymio-17
114,1788233736.6030307,10000.0,10000.0,0.0,98.30158002375056,2.089094877243042,0.0890291705727577,-0.6736484169960022,-0.0558038018643856,-0.5355874300003052,0.7858410477638245,-0.30411496758461,10,1.0,1.0,-1.0,1.0,0,0,0.03,0.5985746878931372,16,197,thymio-17
115,1788233737.2062523,10000.0,10000.0,0.0,98.30158002375056,2.089094877243042,0.0890291705727577,-0.6736484169960022,-0.0558038018643856,-0.5355874300003052,0.7858410477638245,-0.30411496758461,10,1.0,1.0,-1.0,1.0,0,0,0.03,0.6265772835675555,12,201,thymio-17
116,1788233737.809394,1.954509973526001,-0.6532227396965027,0.8195010826074487,98.30158002375056,1.954509973526001,0.0907905027270317,-0.6532227396965027,0.5349895358085632,0.5433564186096191,0.4238051772117615,-0.4888142347335815,10,-0.6037200958033484,1.0,-0.2487863509813965,1.0,0,0,0.1266069016371225,0.621193332219994,356,500,thymio-17
117,1788233738.4185913,1.954509973526001,-0.6532227396965027,0.8195010826074487,98.20158002375058,1.954509973526001,0.0907905027270317,-0.6532227396965027,0.5349895358085632,0.5433564186096191,0.4238051772117615,-0.4888142347335815,10,-0.6037200958033484,1.0,-0.2487863509813965,1.0,0,0,0.1524654728872892,0.6279023870082385,447,500,thymio-17
118,1788233739.0218036,10000.0,10000.0,0.0,98.20158002375058,1.954509973526001,0.0907905027270317,-0.6532227396965027,0.5349895358085632,0.5433564186096191,0.4238051772117615,-0.4888142347335815,10,1.0,1.0,-1.0,1.0,0,0,0.03,0.6261847725447709,12,201,thymio-17
119,1788233739.6254697,2.0339348316192627,-0.6854336261749268,0.2071808190789208,98.20158002375058,2.0339348316192627,0.087928295135498,-0.6854336261749268,0.4690691232681274,-0.3374102115631103,-0.4464883506298065,-0.6832106709480286,10,-0.4981519512625946,1.0,-0.609569218202149,1.0,0,0,0.1334779857660782,0.6061998962429539,383,500,thymio-17
120,1788233740.2338588,2.0339348316192627,-0.6854336261749268,0.2071808190789208,98.1015800237506,2.0339348316192627,0.087928295135498,-0.6854336261749268,0.4690691232681274,-0.3374102115631103,-0.4464883506298065,-0.6832106709480286,10,-0.4981519512625946,1.0,-0.609569218202149,1.0,0,0,0.1654269399260723,0.5792044463854233,500,500,thymio-17
121,1788233740.8373978,10000.0,10000.0,0.0,98.1015800237506,2.0339348316192627,0.087928295135498,-0.6854336261749268,0.4690691232681274,-0.3374102115631103,-0.4464883506298065,-0.6832106709480286,10,1.0,1.0,-1.0,1.0,0,0,0.03,0.5478893383244429,24,189,thymio-17
122,1788233741.4404144,10000.0,10000.0,0.0,98.1015800237506,2.0339348316192627,0.087928295135498,-0.6854336261749268,0.4690691232681274,-0.3374102115631103,-0.4464883506298065,-0.6832106709480286,10,1.0,1.0,-1.0,1.0,0,0,0.03,0.6233810550669397,12,201,thymio-17
123,1788233742.043404,10000.0,10000.0,0.0,98.1015800237506,2.0339348316192627,0.087928295135498,-0.6854336261749268,0.4690691232681274,-0.3374102115631103,-0.4464883506298065,-0.6832106709480286,10,1.0,1.0,-1.0,1.0,0,0,0.03,0.6208505829125696,13,200,thymio-17
124,1788233742.646238,10000.0,10000.0,0.0,98.1015800237506,2.0339348316192627,0.087928295135498,-0.6854336261749268,0.4690691232681274,-0.3374102115631103,-0.4464883506298065,-0.6832106709480286,10,1.0,1.0,-1.0,1.0,0,0,0.03,0.5830465282462424,19,195,thymio-17
125,1788233743.249693,10000.0,10000.0,0.0,98.1015800237506,2.0339348316192627,0.087928295135498,-0.6854336261749268,0.4690691232681274,-0.3374102115631103,-0.4464883506298065,-0.6832106709480286,10,1.0,1.0,-1.0,1.0,0,0,0.03,0.5470552825645609,24,189,thymio-17
126,1788233743.853423,10000.0,10000.0,0.0,98.1015800237506,2.0339348316192627,0.087928295135498,-0.6854336261749268,0.4690691232681274,-0.3374102115631103,-0.4464883506298065,-0.6832106709480286,10,1.0,1.0,-1.0,1.0,0,0,0.03,0.4955605989307457,32,181,thymio-17
127,1788233744.4570832,10000.0,10000.0,0.0,98.1015800237506,2.0339348316192627,0.087928295135498,-0.6854336261749268,0.4690691232681274,-0.3374102115631103,-0.4464883506298065,-0.6832106709480286,10,1.0,1.0,-1.0,1.0,0,0,0.03,0.4333218243943599,41,172,thymio-17
128,1788233745.0607195,10000.0,10000.0,0.0,98.1015800237506,2.0339348316192627,0.087928295135498,-0.6854336261749268,0.4690691232681274,-0.3374102115631103,-0.4464883506298065,-0.6832106709480286,10,1.0,1.0,-1.0,1.0,0,0,0.03,0.364563940250987,52,162,thymio-17
129,1788233745.663685,2.0683114528656006,-0.8382985591888428,-0.1561239603628603,98.1015800237506,2.0683114528656006,0.0862564370036125,-0.8382985591888428,0.4750958383083343,-0.4776975214481354,-0.4223796427249908,-0.6063700318336487,10,0.3306284801611574,1.0,-0.3527798025739801,-0.4558082249634002,0,0,0.1444172560994065,0.312876078716377,466,500,thymio-17
130,1788233746.272898,2.0683114528656006,-0.8382985591888428,-0.1561239603628603,98.0015800237506,2.0683114528656006,0.0862564370036125,-0.8382985591888428,0.4750958383083343,-0.4776975214481354,-0.4223796427249908,-0.6063700318336487,10,0.3306284801611574,1.0,-0.3527798025739801,-0.4558082249634002,0,0,0.1335507124131189,0.500732900102059,399,500,thymio-17
131,1788233746.8765297,10000.0,10000.0,0.0,98.0015800237506,2.0683114528656006,0.0862564370036125,-0.8382985591888428,0.4750958383083343,-0.4776975214481354,-0.4223796427249908,-0.6063700318336487,10,1.0,1.0,-1.0,1.0,0,0,0.03,0.4577926491961744,37,176,thymio-17
132,1788233747.4795413,10000.0,10000.0,0.0,98.0015800237506,2.0683114528656006,0.0862564370036125,-0.8382985591888428,0.4750958383083343,-0.4776975214481354,-0.4223796427249908,-0.6063700318336487,10,1.0,1.0,-1.0,1.0,0,0,0.03,0.5138517975536775,29,184,thymio-17
133,1788233748.0832644,10000.0,10000.0,0.0,98.0015800237506,2.0683114528656006,0.0862564370036125,-0.8382985591888428,0.4750958383083343,-0.4776975214481354,-0.4223796427249908,-0.6063700318336487,10,1.0,1.0,-1.0,1.0,0,0,0.03,0.5086926126451488,30,183,thymio-17
134,1788233748.6866455,10000.0,10000.0,0.0,98.0015800237506,2.0683114528656006,0.0862564370036125,-0.8382985591888428,0.4750958383083343,-0.4776975214481354,-0.4223796427249908,-0.6063700318336487,10,1.0,1.0,-1.0,1.0,0,0,0.03,0.4483791316628119,39,174,thymio-17
135,1788233749.290494,10000.0,10000.0,0.0,98.0015800237506,2.0683114528656006,0.0862564370036125,-0.8382985591888428,0.4750958383083343,-0.4776975214481354,-0.4223796427249908,-0.6063700318336487,10,1.0,1.0,-1.0,1.0,0,0,0.03,0.3864946955912957,48,165,thymio-17
136,1788233749.894106,1.8466105461120603,-0.909134805202484,-0.9142533307516644,98.0015800237506,1.8466105461120603,0.0884145870804786,-0.909134805202484,0.7524927854537964,-0.3414581716060638,0.1465028226375579,0.5437811613082886,10,-0.0976470058608558,1.0,-0.566964767817011,-0.679867034082059,0,0,0.054223380515731,0.3738844663312467,136,249,thymio-17
137,1788233750.5032551,1.8466105461120603,-0.909134805202484,-0.9142533307516644,97.9015800237506,1.8466105461120603,0.0884145870804786,-0.909134805202484,0.7524927854537964,-0.3414581716060638,0.1465028226375579,0.5437811613082886,10,-0.0976470058608558,1.0,-0.566964767817011,-0.679867034082059,0,0,-0.0028369772228102,0.5830337916263472,-98,78,thymio-17
138,1788233751.106965,10000.0,10000.0,0.0,97.9015800237506,1.8466105461120603,0.0884145870804786,-0.909134805202484,0.7524927854537964,-0.3414581716060638,0.1465028226375579,0.5437811613082886,10,1.0,1.0,-1.0,1.0,0,0,-0.03,0.5510840115507362,-190,-23,thymio-17
139,1788233751.7098787,3.141921043395996,-0.5438933968544006,1.348156569247461,97.9015800237506,3.141921043395996,0.0929411426186561,-0.5438933968544006,-0.0409218966960907,-0.2085648775100708,-0.755781352519989,-0.6193711161613464,10,-0.5092834397102657,1.0,-0.8806204535371894,1.0,2429,0,-0.08,0.2789967460197845,-326,-242,thymio-17
140,1788233752.319492,3.141921043395996,-0.5438933968544006,1.348156569247461,97.8015800237506,3.141921043395996,0.0929411426186561,-0.5438933968544006,-0.0409218966960907,-0.2085648775100708,-0.755781352519989,-0.6193711161613464,10,-0.5092834397102657,1.0,-0.8806204535371894,1.0,3754,0,-0.08,0.4759234733008283,-356,-212,thymio-17
141,1788233752.9233005,10000.0,10000.0,0.0,97.8015800237506,3.141921043395996,0.0929411426186561,-0.5438933968544006,-0.0409218966960907,-0.2085648775100708,-0.755781352519989,-0.6193711161613464,10,1.0,1.0,-1.0,1.0,0,0,0.03,0.5580341585909141,22,191,thymio-17
142,1788233753.526956,10000.0,10000.0,0.0,97.8015800237506,3.141921043395996,0.0929411426186561,-0.5438933968544006,-0.0409218966960907,-0.2085648775100708,-0.755781352519989,-0.6193711161613464,10,1.0,1.0,-1.0,1.0,2165,0,-0.08,0.4652554470465646,-355,-214,thymio-17
143,1788233754.130741,10000.0,10000.0,0.0,97.8015800237506,3.141921043395996,0.0929411426186561,-0.5438933968544006,-0.0409218966960907,-0.2085648775100708,-0.755781352519989,-0.6193711161613464,10,1.0,1.0,-1.0,1.0,0,0,0.03,0.4368148683815818,41,173,thymio-17
144,1788233754.733823,10000.0,10000.0,0.0,97.8015800237506,3.141921043395996,0.0929411426186561,-0.5438933968544006,-0.0409218966960907,-0.2085648775100708,-0.755781352519989,-0.6193711161613464,10,1.0,1.0,-1.0,1.0,2405,0,-0.08,0.4233142153674761,-348,-220,thymio-17
145,1788233755.337269,10000.0,10000.0,0.0,97.8015800237506,3.141921043395996,0.0929411426186561,-0.5438933968544006,-0.0409218966960907,-0.2085648775100708,-0.755781352519989,-0.6193711161613464,10,1.0,1.0,-1.0,1.0,0,0,0.03,0.3971445781325677,47,167,thymio-17
146,1788233755.9406512,10000.0,10000.0,0.0,97.8015800237506,3.141921043395996,0.0929411426186561,-0.5438933968544006,-0.0409218966960907,-0.2085648775100708,-0.755781352519989,-0.6193711161613464,10,1.0,1.0,-1.0,1.0,0,0,0.03,0.3685756937243843,51,162,thymio-17
147,1788233756.544061,1.8303087949752808,-0.6359419226646423,-3.124759907732962,97.8015800237506,1.8303087949752808,0.0914654731750488,-0.6359419226646423,0.0018379432149231,-0.5431380271911621,0.7935354709625244,-0.2744070291519165,10,-0.7786051774113457,-0.0230185491733644,1.0,-0.7677126088014437,0,0,0.0444972741569104,0.0493094132445826,151,166,thymio-17
148,1788233757.1531217,1.8303087949752808,-0.6359419226646423,-3.124759907732962,97.7015800237506,1.8303087949752808,0.0914654731750488,-0.6359419226646423,0.0018379432149231,-0.5431380271911621,0.7935354709625244,-0.2744070291519165,10,-0.7786051774113457,-0.0230185491733644,1.0,-0.7677126088014437,0,0,0.0461686743884327,0.3711899954132602,108,220,thymio-17
149,1788233757.756865,10000.0,10000.0,0.0,97.7015800237506,1.8303087949752808,0.0914654731750488,-0.6359419226646423,0.0018379432149231,-0.5431380271911621,0.7935354709625244,-0.2744070291519165,10,1.0,1.0,-1.0,1.0,0,0,0.03,0.034050074554933,101,112,thymio-17
150,1788233758.3604264,10000.0,10000.0,0.0,97.7015800237506,1.8303087949752808,0.0914654731750488,-0.6359419226646423,0.0018379432149231,-0.5431380271911621,0.7935354709625244,-0.2744070291519165,10,1.0,1.0,-1.0,1.0,0,0,0.03,0.1597813896298803,82,131,thymio-17
151,1788233758.964652,10000.0,10000.0,0.0,97.7015800237506,1.8303087949752808,0.0914654731750488,-0.6359419226646423,0.0018379432149231,-0.5431380271911621,0.7935354709625244,-0.2744070291519165,10,1.0,1.0,-1.0,1.0,0,0,0.03,0.1601063508421327,82,131,thymio-17
152,1788233759.5684907,10000.0,10000.0,0.0,97.7015800237506,1.8303087949752808,0.0914654731750488,-0.6359419226646423,0.0018379432149231,-0.5431380271911621,0.7935354709625244,-0.2744070291519165,10,1.0,1.0,-1.0,1.0,0,0,0.03,0.211143261021153,75,138,thymio-17
153,1788233760.1717834,10000.0,10000.0,0.0,97.7015800237506,1.8303087949752808,0.0914654731750488,-0.6359419226646423,0.0018379432149231,-0.5431380271911621,0.7935354709625244,-0.2744070291519165,10,1.0,1.0,-1.0,1.0,0,0,0.03,0.1453121683207039,85,129,thymio-17
154,1788233760.775382,10000.0,10000.0,0.0,97.7015800237506,1.8303087949752808,0.0914654731750488,-0.6359419226646423,0.0018379432149231,-0.5431380271911621,0.7935354709625244,-0.2744070291519165,10,1.0,1.0,-1.0,1.0,0,0,0.03,0.1526873399331038,84,130,thymio-17
155,1788233761.3790474,10000.0,10000.0,0.0,97.7015800237506,1.8303087949752808,0.0914654731750488,-0.6359419226646423,0.0018379432149231,-0.5431380271911621,0.7935354709625244,-0.2744070291519165,10,1.0,1.0,-1.0,1.0,0,0,0.03,0.1210586959345583,88,125,thymio-17
156,1788233761.9822772,10000.0,10000.0,0.0,97.7015800237506,1.8303087949752808,0.0914654731750488,-0.6359419226646423,0.0018379432149231,-0.5431380271911621,0.7935354709625244,-0.2744070291519165,10,1.0,1.0,-1.0,1.0,0,0,0.03,0.1138331616638128,89,124,thymio-17
157,1788233762.585176,10000.0,10000.0,0.0,97.7015800237506,1.8303087949752808,0.0914654731750488,-0.6359419226646423,0.0018379432149231,-0.5431380271911621,0.7935354709625244,-0.2744070291519165,10,1.0,1.0,-1.0,1.0,0,0,0.03,0.0892981580265463,93,120,thymio-17
158,1788233763.1888158,10000.0,10000.0,0.0,97.7015800237506,1.8303087949752808,0.0914654731750488,-0.6359419226646423,0.0018379432149231,-0.5431380271911621,0.7935354709625244,-0.2744070291519165,10,1.0,1.0,-1.0,1.0,0,0,0.03,0.0714272703483238,96,117,thymio-17
159,1788233763.7922914,10000.0,10000.0,0.0,97.7015800237506,1.8303087949752808,0.0914654731750488,-0.6359419226646423,0.0018379432149231,-0.5431380271911621,0.7935354709625244,-0.2744070291519165,10,1.0,1.0,-1.0,1.0,0,0,0.03,0.0393457776931186,101,113,thymio-17
160,1788233764.3961325,10000.0,10000.0,0.0,97.7015800237506,1.8303087949752808,0.0914654731750488,-0.6359419226646423,0.0018379432149231,-0.5431380271911621,0.7935354709625244,-0.2744070291519165,10,1.0,1.0,-1.0,1.0,0,0,0.03,-0.002144701707536,107,106,thymio-17
161,1788233764.999504,10000.0,10000.0,0.0,97.7015800237506,1.8303087949752808,0.0914654731750488,-0.6359419226646423,0.0018379432149231,-0.5431380271911621,0.7935354709625244,-0.2744070291519165,10,1.0,1.0,-1.0,1.0,0,0,0.03,-0.0690729213132135,117,96,thymio-17
162,1788233765.6037226,10000.0,10000.0,0.0,97.7015800237506,1.8303087949752808,0.0914654731750488,-0.6359419226646423,0.0018379432149231,-0.5431380271911621,0.7935354709625244,-0.2744070291519165,10,1.0,1.0,-1.0,1.0,0,0,0.03,-0.1698365836480877,132,81,thymio-17
163,1788233766.2068665,10000.0,10000.0,0.0,97.7015800237506,1.8303087949752808,0.0914654731750488,-0.6359419226646423,0.0018379432149231,-0.5431380271911621,0.7935354709625244,-0.2744070291519165,10,1.0,1.0,-1.0,1.0,0,0,0.03,-0.3164710782645009,154,59,thymio-17
164,1788233766.809999,10000.0,10000.0,0.0,97.7015800237506,1.8303087949752808,0.0914654731750488,-0.6359419226646423,0.0018379432149231,-0.5431380271911621,0.7935354709625244,-0.2744070291519165,10,1.0,1.0,-1.0,1.0,0,0,0.03,-0.4857790716706823,180,33,thymio-17
165,1788233767.4130738,10000.0,10000.0,0.0,97.7015800237506,1.8303087949752808,0.0914654731750488,-0.6359419226646423,0.0018379432149231,-0.5431380271911621,0.7935354709625244,-0.2744070291519165,10,1.0,1.0,-1.0,1.0,0,0,0.03,-0.5886976538954588,195,18,thymio-17
166,1788233768.016065,10000.0,10000.0,0.0,97.7015800237506,1.8303087949752808,0.0914654731750488,-0.6359419226646423,0.0018379432149231,-0.5431380271911621,0.7935354709625244,-0.2744070291519165,10,1.0,1.0,-1.0,1.0,0,0,0.03,-0.6144673874310844,199,14,thymio-17
167,1788233768.6193297,10000.0,10000.0,0.0,97.7015800237506,1.8303087949752808,0.0914654731750488,-0.6359419226646423,0.0018379432149231,-0.5431380271911621,0.7935354709625244,-0.2744070291519165,10,1.0,1.0,-1.0,1.0,0,0,0.03,-0.618505228753742,200,13,thymio-17
168,1788233769.222679,10000.0,10000.0,0.0,97.7015800237506,1.8303087949752808,0.0914654731750488,-0.6359419226646423,0.0018379432149231,-0.5431380271911621,0.7935354709625244,-0.2744070291519165,10,1.0,1.0,-1.0,1.0,0,0,0.03,-0.6203716068394741,200,13,thymio-17
169,1788233769.8262107,10000.0,10000.0,0.0,97.7015800237506,1.8303087949752808,0.0914654731750488,-0.6359419226646423,0.0018379432149231,-0.5431380271911621,0.7935354709625244,-0.2744070291519165,10,1.0,1.0,-1.0,1.0,0,0,0.03,-0.6212165740283039,200,13,thymio-17
170,1788233770.429948,10000.0,10000.0,0.0,97.7015800237506,1.8303087949752808,0.0914654731750488,-0.6359419226646423,0.0018379432149231,-0.5431380271911621,0.7935354709625244,-0.2744070291519165,10,1.0,1.0,-1.0,1.0,0,0,0.03,-0.6216320732531707,200,13,thymio-17
171,1788233771.0331926,10000.0,10000.0,0.0,97.7015800237506,1.8303087949752808,0.0914654731750488,-0.6359419226646423,0.0018379432149231,-0.5431380271911621,0.7935354709625244,-0.2744070291519165,10,1.0,1.0,-1.0,1.0,0,0,0.03,-0.6218397099540108,200,13,thymio-17
172,1788233771.6363068,10000.0,10000.0,0.0,97.7015800237506,1.8303087949752808,0.0914654731750488,-0.6359419226646423,0.0018379432149231,-0.5431380271911621,0.7935354709625244,-0.2744070291519165,10,1.0,1.0,-1.0,1.0,0,0,0.03,-0.6219461419702466,201,13,thymio-17
173,1788233772.2395191,10000.0,10000.0,0.0,97.7015800237506,1.8303087949752808,0.0914654731750488,-0.6359419226646423,0.0018379432149231,-0.5431380271911621,0.7935354709625244,-0.2744070291519165,10,1.0,1.0,-1.0,1.0,0,0,0.03,-0.6220007971055656,201,13,thymio-17
174,1788233772.843248,1.4058998823165894,-0.7455645799636841,0.1891190462509513,97.7015800237506,1.4058998823165894,0.0933005511760711,-0.7455645799636841,-0.4953460693359375,0.2867841422557831,0.4467570185661316,0.6876012086868286,10,1.0,-0.6911806445201367,-0.4348363445179797,1.0,0,0,0.0509007412026581,-0.5544200048974093,265,97,thymio-17
175,1788233773.4518266,1.4058998823165894,-0.7455645799636841,0.1891190462509513,97.6015800237506,1.4058998823165894,0.0933005511760711,-0.7455645799636841,-0.4953460693359375,0.2867841422557831,0.4467570185661316,0.6876012086868286,10,1.0,-0.6911806445201367,-0.4348363445179797,1.0,0,0,0.0921665770838896,-0.5435612394193013,410,245,thymio-17
176,1788233774.0568223,1.6188451051712036,-1.0472462177276611,-0.2138175780919926,97.6015800237506,1.6188451051712036,0.0819320827722549,-1.0472462177276611,0.6198320388793945,-0.0415762290358543,-0.1861244738101959,-0.7612078189849854,10,-0.6995410181642197,1.0,-0.9160672494617028,1.0,0,0,0.0,-0.3953271006240271,60,-60,thymio-17
177,1788233774.6653588,1.6188451051712036,-1.0472462177276611,-0.2138175780919926,97.50158002375062,1.6188451051712036,0.0819320827722549,-1.0472462177276611,0.6198320388793945,-0.0415762290358543,-0.1861244738101959,-0.7612078189849854,10,-0.6995410181642197,1.0,-0.9160672494617028,1.0,0,0,-0.0,0.1830603011466029,-28,28,thymio-17
178,1788233775.2696755,10000.0,10000.0,0.0,97.50158002375062,1.6188451051712036,0.0819320827722549,-1.0472462177276611,0.6198320388793945,-0.0415762290358543,-0.1861244738101959,-0.7612078189849854,10,1.0,1.0,-1.0,1.0,0,0,-0.03,-0.1813926100168192,-79,-134,thymio-17
179,1788233775.8725815,10000.0,10000.0,0.0,97.50158002375062,1.6188451051712036,0.0819320827722549,-1.0472462177276611,0.6198320388793945,-0.0415762290358543,-0.1861244738101959,-0.7612078189849854,10,1.0,1.0,-1.0,1.0,0,0,-0.03,-0.0567119204996148,-98,-115,thymio-17
180,1788233776.476362,10000.0,10000.0,0.0,97.50158002375062,1.6188451051712036,0.0819320827722549,-1.0472462177276611,0.6198320388793945,-0.0415762290358543,-0.1861244738101959,-0.7612078189849854,10,1.0,1.0,1.0,1.0,0,0,0.03,-0.1509669591489423,129,84,thymio-17
181,1788233777.0802743,10000.0,10000.0,0.0,97.50158002375062,1.6188451051712036,0.0819320827722549,-1.0472462177276611,0.6198320388793945,-0.0415762290358543,-0.1861244738101959,-0.7612078189849854,10,1.0,1.0,1.0,1.0,0,0,0.03,-0.2619511199759075,146,67,thymio-17
182,1788233777.683695,10000.0,10000.0,0.0,97.50158002375062,1.6188451051712036,0.0819320827722549,-1.0472462177276611,0.6198320388793945,-0.0415762290358543,-0.1861244738101959,-0.7612078189849854,10,1.0,1.0,-1.0,1.0,0,0,0.03,0.0699341034888656,96,117,thymio-17
183,1788233778.287384,10000.0,10000.0,0.0,97.50158002375062,1.6188451051712036,0.0819320827722549,-1.0472462177276611,0.6198320388793945,-0.0415762290358543,-0.1861244738101959,-0.7612078189849854,10,1.0,1.0,-1.0,1.0,0,0,0.03,0.2077912633399576,75,138,thymio-17
184,1788233778.8912752,10000.0,10000.0,0.0,97.50158002375062,1.6188451051712036,0.0819320827722549,-1.0472462177276611,0.6198320388793945,-0.0415762290358543,-0.1861244738101959,-0.7612078189849854,10,1.0,1.0,-1.0,1.0,0,0,0.03,0.3765256499590556,50,163,thymio-17
185,1788233779.4946191,1.4973490238189695,-0.6343284249305725,-0.8934269515237361,97.50158002375062,1.4973490238189695,0.0934002846479415,-0.6343284249305725,0.7617757320404053,-0.3064761757850647,0.0857076272368431,0.5642909407615662,10,-0.0077727100201452,1.0,-0.6213366839793375,-0.3798680202148504,0,0,0.0971675595811992,0.0847843464943936,332,358,thymio-17
186,1788233780.1031463,1.495544195175171,-0.6240089535713196,-0.9611935512738272,97.40158002375064,1.495544195175171,0.0944113135337829,-0.6240089535713196,0.7766794562339783,-0.3026498258113861,0.0197315979748964,0.5520712733268738,10,-0.0276892166234197,1.0,-0.6383509570378305,-0.9517234084316384,0,0,0.0,0.1890374506637163,-29,29,thymio-17
187,1788233780.712376,1.495544195175171,-0.6240089535713196,-0.9611935512738272,97.30158002375065,1.495544195175171,0.0944113135337829,-0.6240089535713196,0.7766794562339783,-0.3026498258113861,0.0197315979748964,0.5520712733268738,10,-0.0276892166234197,1.0,-0.6383509570378305,-0.9517234084316384,0,0,-0.0,0.5599548615550294,-85,85,thymio-17
188,1788233781.31589,10000.0,10000.0,0.0,97.30158002375065,1.495544195175171,0.0944113135337829,-0.6240089535713196,0.7766794562339783,-0.3026498258113861,0.0197315979748964,0.5520712733268738,10,1.0,1.0,-1.0,1.0,0,0,-0.03,0.5433280445678025,-189,-25,thymio-17
189,1788233781.9194548,10000.0,10000.0,0.0,97.30158002375065,1.495544195175171,0.0944113135337829,-0.6240089535713196,0.7766794562339783,-0.3026498258113861,0.0197315979748964,0.5520712733268738,10,1.0,1.0,-1.0,1.0,0,0,-0.03,0.3818529552119638,-164,-49,thymio-17
190,1788233782.5231905,10000.0,10000.0,0.0,97.30158002375065,1.495544195175171,0.0944113135337829,-0.6240089535713196,0.7766794562339783,-0.3026498258113861,0.0197315979748964,0.5520712733268738,10,1.0,1.0,-1.0,1.0,0,0,-0.03,0.3063024395183529,-153,-60,thymio-17
191,1788233783.126089,10000.0,10000.0,0.0,97.30158002375065,1.495544195175171,0.0944113135337829,-0.6240089535713196,0.7766794562339783,-0.3026498258113861,0.0197315979748964,0.5520712733268738,10,1.0,1.0,-1.0,1.0,0,0,-0.03,0.3395387172757141,-158,-55,thymio-17
192,1788233783.7293265,10000.0,10000.0,0.0,97.30158002375065,1.495544195175171,0.0944113135337829,-0.6240089535713196,0.7766794562339783,-0.3026498258113861,0.0197315979748964,0.5520712733268738,10,1.0,1.0,-1.0,1.0,0,0,-0.03,0.3709769407157662,-163,-51,thymio-17
193,1788233784.332432,10000.0,10000.0,0.0,97.30158002375065,1.495544195175171,0.0944113135337829,-0.6240089535713196,0.7766794562339783,-0.3026498258113861,0.0197315979748964,0.5520712733268738,10,1.0,1.0,-1.0,1.0,0,0,-0.03,0.4351174388532506,-172,-41,thymio-17
194,1788233784.9356835,10000.0,10000.0,0.0,97.30158002375065,1.495544195175171,0.0944113135337829,-0.6240089535713196,0.7766794562339783,-0.3026498258113861,0.0197315979748964,0.5520712733268738,10,1.0,1.0,-1.0,1.0,0,0,-0.03,0.4943634174538092,-181,-32,thymio-17
195,1788233785.540025,1.515913009643555,-1.220130205154419,2.913540860171178,97.30158002375065,1.515913009643555,0.0703946202993393,-1.220130205154419,0.5416404604911804,-0.269538551568985,0.7857050895690918,0.1290046870708465,10,1.0,-0.9591991727796616,1.0,0.0667094315312948,0,0,0.0,0.5329185769591107,-80,80,thymio-17
196,1788233786.1494465,1.515913009643555,-1.220130205154419,2.913540860171178,97.20158002375064,1.515913009643555,0.0703946202993393,-1.220130205154419,0.5416404604911804,-0.269538551568985,0.7857050895690918,0.1290046870708465,10,1.0,-0.9591991727796616,1.0,0.0667094315312948,0,0,0.0,0.6100344210612877,-92,92,thymio-17
197,1788233786.7577338,1.4921033382415771,-1.1643109321594238,0.1440803012888283,97.023674412797,1.4921033382415771,0.0763895809650421,-1.1643109321594238,-0.5635192394256592,0.0314803756773471,0.3643231689929962,0.7407588958740234,10,0.5377386918216884,1.0,-0.9664965789109397,1.0,0,0,0.0,0.4539001114726039,-69,69,thymio-17
1,1788221797.496262,10000.0,10000.0,0.0,100.0,1.378087878227234,0.0988746657967567,1.540832757949829,0.5780748128890991,0.0421110577881336,-0.4039711952209472,0.7077171206474304,10,1.0,1.0,-1.0,1.0,0,0,0.03,-0.6184689872554627,200,13,thymio-09
2,1788221798.0998707,3.0210120677948,-0.8552866578102112,0.8010344360364767,100.0,3.0210120677948,0.0693415477871894,-0.8552866578102112,0.2195973694324493,-0.6301397681236267,-0.5779657959938049,-0.4697407782077789,10,-0.6555904574942155,1.0,-0.3244480567520162,1.0,0,0,-0.0737106614017262,-0.592360240216943,-172,-351,thymio-09
3,1788221798.7086177,3.0210120677948,-0.8552866578102112,0.8010344360364767,99.9,3.0210120677948,0.0693415477871894,-0.8552866578102112,0.2195973694324493,-0.6301397681236267,-0.5779657959938049,-0.4697407782077789,10,-0.6555904574942155,1.0,-0.3244480567520162,1.0,0,0,-0.1438900801747299,-0.4235282093574621,-447,-500,thymio-09
4,1788221799.3121965,10000.0,10000.0,0.0,99.9,3.0210120677948,0.0693415477871894,-0.8552866578102112,0.2195973694324493,-0.6301397681236267,-0.5779657959938049,-0.4697407782077789,10,1.0,1.0,-1.0,1.0,0,3169,0.08,-0.2640527265653974,324,244,thymio-09
5,1788221799.9153726,10000.0,10000.0,0.0,99.9,3.0210120677948,0.0693415477871894,-0.8552866578102112,0.2195973694324493,-0.6301397681236267,-0.5779657959938049,-0.4697407782077789,10,1.0,1.0,-1.0,1.0,0,0,-0.03,-0.1751090553446747,-80,-133,thymio-09
6,1788221800.518642,10000.0,10000.0,0.0,99.9,3.0210120677948,0.0693415477871894,-0.8552866578102112,0.2195973694324493,-0.6301397681236267,-0.5779657959938049,-0.4697407782077789,10,1.0,1.0,-1.0,1.0,0,0,-0.03,-0.1188822399939935,-89,-125,thymio-09
7,1788221801.1224463,3.023221969604492,-0.8727570176124573,0.2692753956071647,99.9,3.023221969604492,0.0701849311590194,-0.8727570176124573,-0.3065464198589325,0.5439414381980896,0.5312249064445496,0.5726755261421204,10,-0.6311490247780337,1.0,1.0,-0.6244003350967087,0,0,-0.0324556962552306,-0.0501791909373158,-108,-123,thymio-09
8,1788221801.7310867,3.023221969604492,-0.8727570176124573,0.2692753956071647,99.8,3.023221969604492,0.0701849311590194,-0.8727570176124573,-0.3065464198589325,0.5439414381980896,0.5312249064445496,0.5726755261421204,10,-0.6311490247780337,1.0,1.0,-0.6244003350967087,0,0,0.0593326381260185,0.3849151513512863,153,269,thymio-09
9,1788221802.3342998,10000.0,10000.0,0.0,99.8,3.023221969604492,0.0701849311590194,-0.8727570176124573,-0.3065464198589325,0.5439414381980896,0.5312249064445496,0.5726755261421204,10,1.0,1.0,-1.0,1.0,0,0,0.03,0.6088671371366268,15,199,thymio-09
10,1788221802.9379363,10000.0,10000.0,0.0,99.8,3.023221969604492,0.0701849311590194,-0.8727570176124573,-0.3065464198589325,0.5439414381980896,0.5312249064445496,0.5726755261421204,10,1.0,1.0,-1.0,1.0,0,0,0.03,0.5953081458818754,17,196,thymio-09
11,1788221803.5413508,10000.0,10000.0,0.0,99.8,3.023221969604492,0.0701849311590194,-0.8727570176124573,-0.3065464198589325,0.5439414381980896,0.5312249064445496,0.5726755261421204,10,1.0,1.0,-1.0,1.0,0,0,0.03,0.619695143385176,13,200,thymio-09
12,1788221804.1445012,10000.0,10000.0,0.0,99.8,3.023221969604492,0.0701849311590194,-0.8727570176124573,-0.3065464198589325,0.5439414381980896,0.5312249064445496,0.5726755261421204,10,1.0,1.0,-1.0,1.0,0,0,0.03,0.6207745118644037,13,200,thymio-09
13,1788221804.748078,10000.0,10000.0,0.0,99.8,3.023221969604492,0.0701849311590194,-0.8727570176124573,-0.3065464198589325,0.5439414381980896,0.5312249064445496,0.5726755261421204,10,1.0,1.0,-1.0,1.0,0,0,0.03,0.6134938194941422,14,199,thymio-09
14,1788221805.352593,3.010981321334839,-0.7595593929290771,-1.1832451496605958,99.8,3.010981321334839,0.0703244358301162,-0.7595593929290771,0.4466703832149505,-0.3518849611282348,-0.4267313182353973,-0.7032517790794373,10,1.0,-0.5323542018157427,1.0,-0.6291058392433715,2275,0,-0.08,0.626062389643454,-379,-190,thymio-09
15,1788221805.9615774,3.010981321334839,-0.7595593929290771,-1.1832451496605958,99.70000000000002,3.010981321334839,0.0703244358301162,-0.7595593929290771,0.4466703832149505,-0.3518849611282348,-0.4267313182353973,-0.7032517790794373,10,1.0,-0.5323542018157427,1.0,-0.6291058392433715,0,0,-0.0025361052577987,0.6278575246130854,-104,86,thymio-09
16,1788221806.5653515,10000.0,10000.0,0.0,99.70000000000002,3.010981321334839,0.0703244358301162,-0.7595593929290771,0.4466703832149505,-0.3518849611282348,-0.4267313182353973,-0.7032517790794373,10,1.0,1.0,-1.0,1.0,0,0,0.03,0.3028509111174169,61,152,thymio-09
17,1788221807.169176,2.957563638687134,-0.8370564579963684,0.99419628740391,99.70000000000002,2.957563638687134,0.0715949684381485,-0.8370564579963684,0.1176356226205825,0.7709805369377136,0.6151816844940186,0.1153358519077301,10,-0.730922892705538,1.0,-0.6098318582569134,1.0,0,0,0.0648523387475713,0.5824291345848527,142,318,thymio-09
18,1788221807.7774491,2.957563638687134,-0.8370564579963684,0.99419628740391,99.60000000000002,2.957563638687134,0.0715949684381485,-0.8370564579963684,0.1176356226205825,0.7709805369377136,0.6151816844940186,0.1153358519077301,10,-0.730922892705538,1.0,-0.6098318582569134,1.0,0,0,0.0728223602914525,0.6091069413263667,167,351,thymio-09
19,1788221808.38087,10000.0,10000.0,0.0,99.60000000000002,2.957563638687134,0.0715949684381485,-0.8370564579963684,0.1176356226205825,0.7709805369377136,0.6151816844940186,0.1153358519077301,10,1.0,1.0,-1.0,1.0,4452,0,-0.08,0.6245882864893387,-379,-190,thymio-09
20,1788221808.983843,10000.0,10000.0,0.0,99.60000000000002,2.957563638687134,0.0715949684381485,-0.8370564579963684,0.1176356226205825,0.7709805369377136,0.6151816844940186,0.1153358519077301,10,1.0,1.0,-1.0,1.0,1931,0,0.03,0.6248706694773193,12,201,thymio-09
21,1788221809.5870545,10000.0,10000.0,0.0,99.60000000000002,2.957563638687134,0.0715949684381485,-0.8370564579963684,0.1176356226205825,0.7709805369377136,0.6151816844940186,0.1153358519077301,10,1.0,1.0,-1.0,1.0,0,0,-0.03,0.6078471069428225,-198,-15,thymio-09
22,1788221810.189897,10000.0,10000.0,0.0,99.60000000000002,2.957563638687134,0.0715949684381485,-0.8370564579963684,0.1176356226205825,0.7709805369377136,0.6151816844940186,0.1153358519077301,10,1.0,1.0,-1.0,1.0,0,0,-0.03,0.586471517368872,-195,-18,thymio-09
23,1788221810.7934942,2.9592278003692627,-0.77756267786026,0.780499655077771,99.60000000000002,2.9592278003692627,0.0704062730073928,-0.77756267786026,0.3984080851078033,0.7313385009765625,0.4661700427532196,-0.2984973192214966,10,-0.7883139706849043,1.0,0.5882102210645246,-0.7441236184724,0,0,-0.0019485410994647,0.3607863439560376,-61,48,thymio-09
24,1788221811.4023547,2.9592278003692627,-0.77756267786026,0.780499655077771,99.50000000000004,2.9592278003692627,0.0704062730073928,-0.77756267786026,0.3984080851078033,0.7313385009765625,0.4661700427532196,-0.2984973192214966,10,-0.7883139706849043,1.0,0.5882102210645246,-0.7441236184724,0,0,-0.0167661737688662,0.5935222602028424,-149,30,thymio-09
25,1788221812.006113,10000.0,10000.0,0.0,99.50000000000004,2.9592278003692627,0.0704062730073928,-0.77756267786026,0.3984080851078033,0.7313385009765625,0.4661700427532196,-0.2984973192214966,10,1.0,1.0,-1.0,1.0,0,0,0.03,0.4502631303739585,39,175,thymio-09
26,1788221812.6093278,10000.0,10000.0,0.0,99.50000000000004,2.9592278003692627,0.0704062730073928,-0.77756267786026,0.3984080851078033,0.7313385009765625,0.4661700427532196,-0.2984973192214966,10,1.0,1.0,-1.0,1.0,0,0,0.03,0.5281177151890715,27,186,thymio-09
27,1788221813.2127297,10000.0,10000.0,0.0,99.50000000000004,2.9592278003692627,0.0704062730073928,-0.77756267786026,0.3984080851078033,0.7313385009765625,0.4661700427532196,-0.2984973192214966,10,1.0,1.0,-1.0,1.0,0,0,0.03,0.5048655443817888,30,183,thymio-09
28,1788221813.8174293,2.9582247734069824,-0.8148100972175598,-1.5462445554208402,99.50000000000004,2.9582247734069824,0.0686330199241638,-0.8148100972175598,-0.6163998246192932,-0.1251458823680877,0.072794884443283,0.7740095257759094,10,1.0,1.0,1.0,-0.7252924473344888,0,0,0.0880630234993839,0.5506514387327307,230,396,thymio-09
29,1788221814.425589,2.9582247734069824,-0.8148100972175598,-1.5462445554208402,99.40000000000003,2.9582247734069824,0.0686330199241638,-0.8148100972175598,-0.6163998246192932,-0.1251458823680877,0.072794884443283,0.7740095257759094,10,1.0,1.0,1.0,-0.7252924473344888,0,0,0.0721733004167454,0.6251019101931597,162,351,thymio-09
30,1788221815.029636,10000.0,10000.0,0.0,99.40000000000003,2.9582247734069824,0.0686330199241638,-0.8148100972175598,-0.6163998246192932,-0.1251458823680877,0.072794884443283,0.7740095257759094,10,1.0,1.0,-1.0,1.0,0,0,0.03,0.6127245360457728,14,199,thymio-09
31,1788221815.6326752,10000.0,10000.0,0.0,99.40000000000003,2.9582247734069824,0.0686330199241638,-0.8148100972175598,-0.6163998246192932,-0.1251458823680877,0.072794884443283,0.7740095257759094,10,1.0,1.0,-1.0,1.0,0,0,0.03,0.6172235316187586,13,200,thymio-09
32,1788221816.2355978,10000.0,10000.0,0.0,99.40000000000003,2.9582247734069824,0.0686330199241638,-0.8148100972175598,-0.6163998246192932,-0.1251458823680877,0.072794884443283,0.7740095257759094,10,1.0,1.0,-1.0,1.0,0,0,0.03,0.6197604789529696,13,200,thymio-09
33,1788221816.8403883,10000.0,10000.0,0.0,99.40000000000003,2.9582247734069824,0.0686330199241638,-0.8148100972175598,-0.6163998246192932,-0.1251458823680877,0.072794884443283,0.7740095257759094,10,1.0,1.0,-1.0,1.0,0,0,0.03,0.5920602629589748,17,196,thymio-09
34,1788221817.4441612,3.0135252475738525,-0.9277443885803224,-0.8724480777470909,99.40000000000003,3.0135252475738525,0.0695270299911499,-0.9277443885803224,-0.3981361389160156,0.4248144030570984,0.4663030505180359,0.6660193204879761,10,1.0,-0.604948663568628,1.0,-0.5478029341140991,0,0,0.1078580857181003,0.4675645894970539,313,454,thymio-09
35,1788221818.0526128,3.0135252475738525,-0.9277443885803224,-0.8724480777470909,99.30000000000004,3.0135252475738525,0.0695270299911499,-0.9277443885803224,-0.3981361389160156,0.4248144030570984,0.4663030505180359,0.6660193204879761,10,1.0,-0.604948663568628,1.0,-0.5478029341140991,2732,0,-0.08,0.5989291081629476,-375,-194,thymio-09
36,1788221818.6558435,10000.0,10000.0,0.0,99.30000000000004,3.0135252475738525,0.0695270299911499,-0.9277443885803224,-0.3981361389160156,0.4248144030570984,0.4663030505180359,0.6660193204879761,10,1.0,1.0,-1.0,1.0,0,0,0.03,-0.2425908580321459,143,70,thymio-09
37,1788221819.2591584,10000.0,10000.0,0.0,99.30000000000004,3.0135252475738525,0.0695270299911499,-0.9277443885803224,-0.3981361389160156,0.4248144030570984,0.4663030505180359,0.6660193204879761,10,1.0,1.0,-1.0,1.0,0,0,0.03,-0.4380627452172138,173,40,thymio-09
38,1788221819.8622353,10000.0,10000.0,0.0,99.30000000000004,3.0135252475738525,0.0695270299911499,-0.9277443885803224,-0.3981361389160156,0.4248144030570984,0.4663030505180359,0.6660193204879761,10,1.0,1.0,-1.0,1.0,0,0,0.03,-0.6136539059625168,199,14,thymio-09
39,1788221820.4660718,10000.0,10000.0,0.0,99.30000000000004,3.0135252475738525,0.0695270299911499,-0.9277443885803224,-0.3981361389160156,0.4248144030570984,0.4663030505180359,0.6660193204879761,10,1.0,1.0,-1.0,1.0,0,0,0.03,-0.6203379867484856,200,13,thymio-09
40,1788221821.0689874,10000.0,10000.0,0.0,99.30000000000004,3.0135252475738525,0.0695270299911499,-0.9277443885803224,-0.3981361389160156,0.4248144030570984,0.4663030505180359,0.6660193204879761,10,1.0,1.0,-1.0,1.0,0,0,0.03,-0.6222089808110258,201,13,thymio-09
41,1788221821.6733952,2.9041810035705566,-1.008138656616211,1.0637473486357072,99.30000000000004,2.9041810035705566,0.0688205882906913,-1.008138656616211,0.1402189284563064,0.7825042605400085,0.6059435606002808,0.0292945075780153,10,-0.1843553723811344,1.0,-0.4603255191693723,1.0,0,0,0.1467944816879379,-0.615267396868966,500,429,thymio-09
42,1788221822.2820427,2.9041810035705566,-1.008138656616211,1.0637473486357072,99.20000000000005,2.9041810035705566,0.0688205882906913,-1.008138656616211,0.1402189284563064,0.7825042605400085,0.6059435606002808,0.0292945075780153,10,-0.1843553723811344,1.0,-0.4603255191693723,1.0,2154,0,-0.08,-0.6078220388769282,-192,-376,thymio-09
43,1788221822.890586,2.832028388977051,-1.0365209579467771,0.9677870697295924,98.8975667812386,2.832028388977051,0.0711380168795585,-1.0365209579467771,0.1128690466284751,-0.7077347636222839,-0.5993615388870239,-0.3565640449523926,10,-0.740778576940801,1.0,-0.2618895748000168,1.0,1995,0,0.0732370791944014,-0.6159721584313229,353,167,thymio-09
44,1788221823.4996352,2.832028388977051,-1.0365209579467771,0.9677870697295924,98.7975667812386,2.832028388977051,0.0711380168795585,-1.0365209579467771,0.1128690466284751,-0.7077347636222839,-0.5993615388870239,-0.3565640449523926,10,-0.740778576940801,1.0,-0.2618895748000168,1.0,1906,0,0.0702663417656063,-0.6137350039892765,342,157,thymio-09
45,1788221824.103078,10000.0,10000.0,0.0,98.7975667812386,2.832028388977051,0.0711380168795585,-1.0365209579467771,0.1128690466284751,-0.7077347636222839,-0.5993615388870239,-0.3565640449523926,10,1.0,1.0,-1.0,1.0,0,0,0.03,-0.6122413758983228,199,14,thymio-09
46,1788221824.7062733,2.822781801223755,-1.1399400234222412,-0.9477036769065066,98.7975667812386,2.822781801223755,0.0702594667673111,-1.1399400234222412,0.4098957180976867,-0.4140747487545013,-0.4601492583751678,-0.6699181199073792,10,-0.2245747833854973,1.0,1.0,-0.0766659560030031,0,0,0.1353822073567488,-0.4030927142957081,500,420,thymio-09
47,1788221825.3153834,2.822781801223755,-1.1399400234222412,-0.9477036769065066,98.69756678123862,2.822781801223755,0.0702594667673111,-1.1399400234222412,0.4098957180976867,-0.4140747487545013,-0.4601492583751678,-0.6699181199073792,10,-0.2245747833854973,1.0,1.0,-0.0766659560030031,0,0,0.1970805407383685,0.074004049546369,500,500,thymio-09
48,1788221825.919172,10000.0,10000.0,0.0,98.69756678123862,2.822781801223755,0.0702594667673111,-1.1399400234222412,0.4098957180976867,-0.4140747487545013,-0.4601492583751678,-0.6699181199073792,10,1.0,1.0,-1.0,1.0,0,0,0.03,-0.1268468618162145,126,87,thymio-09
49,1788221826.5222356,10000.0,10000.0,0.0,98.69756678123862,2.822781801223755,0.0702594667673111,-1.1399400234222412,0.4098957180976867,-0.4140747487545013,-0.4601492583751678,-0.6699181199073792,10,1.0,1.0,-1.0,1.0,0,0,0.03,-0.1281334210368893,126,87,thymio-09
50,1788221827.1254082,2.8710696697235107,-1.185658574104309,-1.422427208266139,98.69756678123862,2.8710696697235107,0.0655892565846443,-1.185658574104309,0.4917441010475158,-0.1503812074661255,-0.2943500578403473,-0.8055627942085266,10,1.0,1.0,1.0,-0.1888634916785996,0,0,0.160665095675048,0.3066945620132311,500,500,thymio-09
51,1788221827.734318,2.8710696697235107,-1.185658574104309,-1.422427208266139,98.59756678123864,2.8710696697235107,0.0655892565846443,-1.185658574104309,0.4917441010475158,-0.1503812074661255,-0.2943500578403473,-0.8055627942085266,10,1.0,1.0,1.0,-0.1888634916785996,0,0,0.041250209203662,0.6261652730394686,52,241,thymio-09
52,1788221828.3372576,10000.0,10000.0,0.0,98.59756678123864,2.8710696697235107,0.0655892565846443,-1.185658574104309,0.4917441010475158,-0.1503812074661255,-0.2943500578403473,-0.8055627942085266,10,1.0,1.0,-1.0,1.0,0,0,0.03,0.5004770758050027,31,182,thymio-09
53,1788221828.940339,10000.0,10000.0,0.0,98.59756678123864,2.8710696697235107,0.0655892565846443,-1.185658574104309,0.4917441010475158,-0.1503812074661255,-0.2943500578403473,-0.8055627942085266,10,1.0,1.0,-1.0,1.0,0,0,0.03,-0.0051739800713056,107,106,thymio-09
54,1788221829.5432093,10000.0,10000.0,0.0,98.59756678123864,2.8710696697235107,0.0655892565846443,-1.185658574104309,0.4917441010475158,-0.1503812074661255,-0.2943500578403473,-0.8055627942085266,10,1.0,1.0,-1.0,1.0,0,0,0.03,-0.4848088830491749,180,33,thymio-09
55,1788221830.1470566,10000.0,10000.0,0.0,98.59756678123864,2.8710696697235107,0.0655892565846443,-1.185658574104309,0.4917441010475158,-0.1503812074661255,-0.2943500578403473,-0.8055627942085266,10,1.0,1.0,-1.0,1.0,0,0,0.03,-0.6062633356139375,198,15,thymio-09
56,1788221830.7508287,10000.0,10000.0,0.0,98.59756678123864,2.8710696697235107,0.0655892565846443,-1.185658574104309,0.4917441010475158,-0.1503812074661255,-0.2943500578403473,-0.8055627942085266,10,1.0,1.0,-1.0,1.0,0,0,0.03,-0.6255009370904374,201,12,thymio-09
57,1788221831.3548138,10000.0,10000.0,0.0,98.59756678123864,2.8710696697235107,0.0655892565846443,-1.185658574104309,0.4917441010475158,-0.1503812074661255,-0.2943500578403473,-0.8055627942085266,10,1.0,1.0,-1.0,1.0,0,0,0.03,-0.6266261233076221,201,12,thymio-09
58,1788221831.958044,10000.0,10000.0,0.0,98.59756678123864,2.8710696697235107,0.0655892565846443,-1.185658574104309,0.4917441010475158,-0.1503812074661255,-0.2943500578403473,-0.8055627942085266,10,1.0,1.0,-1.0,1.0,0,0,0.03,-0.6264975835561332,201,12,thymio-09
59,1788221832.5617025,10000.0,10000.0,0.0,98.59756678123864,2.8710696697235107,0.0655892565846443,-1.185658574104309,0.4917441010475158,-0.1503812074661255,-0.2943500578403473,-0.8055627942085266,10,1.0,1.0,-1.0,1.0,0,0,0.03,-0.6260628496593411,201,12,thymio-09
60,1788221833.165301,10000.0,10000.0,0.0,98.59756678123864,2.8710696697235107,0.0655892565846443,-1.185658574104309,0.4917441010475158,-0.1503812074661255,-0.2943500578403473,-0.8055627942085266,10,1.0,1.0,-1.0,1.0,0,0,0.03,-0.6255258636632521,201,12,thymio-09
61,1788221833.7683206,10000.0,10000.0,0.0,98.59756678123864,2.8710696697235107,0.0655892565846443,-1.185658574104309,0.4917441010475158,-0.1503812074661255,-0.2943500578403473,-0.8055627942085266,10,1.0,1.0,-1.0,1.0,0,0,0.03,-0.6249249951281889,201,12,thymio-09
62,1788221834.3716793,10000.0,10000.0,0.0,98.59756678123864,2.8710696697235107,0.0655892565846443,-1.185658574104309,0.4917441010475158,-0.1503812074661255,-0.2943500578403473,-0.8055627942085266,10,1.0,1.0,-1.0,1.0,0,0,0.03,-0.6243860200623182,201,12,thymio-09
63,1788221834.9755409,10000.0,10000.0,0.0,98.59756678123864,2.8710696697235107,0.0655892565846443,-1.185658574104309,0.4917441010475158,-0.1503812074661255,-0.2943500578403473,-0.8055627942085266,10,1.0,1.0,-1.0,1.0,0,0,0.03,-0.623905010892348,201,12,thymio-09
64,1788221835.5785935,10000.0,10000.0,0.0,98.59756678123864,2.8710696697235107,0.0655892565846443,-1.185658574104309,0.4917441010475158,-0.1503812074661255,-0.2943500578403473,-0.8055627942085266,10,1.0,1.0,-1.0,1.0,0,0,0.03,-0.6235258043399438,201,12,thymio-09
65,1788221836.1818511,10000.0,10000.0,0.0,98.59756678123864,2.8710696697235107,0.0655892565846443,-1.185658574104309,0.4917441010475158,-0.1503812074661255,-0.2943500578403473,-0.8055627942085266,10,1.0,1.0,-1.0,1.0,0,0,0.03,-0.6231816938476095,201,12,thymio-09
66,1788221836.7854822,10000.0,10000.0,0.0,98.59756678123864,2.8710696697235107,0.0655892565846443,-1.185658574104309,0.4917441010475158,-0.1503812074661255,-0.2943500578403473,-0.8055627942085266,10,1.0,1.0,-1.0,1.0,0,0,0.03,-0.6229197154785475,201,13,thymio-09
67,1788221837.388904,10000.0,10000.0,0.0,98.59756678123864,2.8710696697235107,0.0655892565846443,-1.185658574104309,0.4917441010475158,-0.1503812074661255,-0.2943500578403473,-0.8055627942085266,10,1.0,1.0,-1.0,1.0,0,0,0.03,-0.6227227580174942,201,13,thymio-09
68,1788221837.9920805,10000.0,10000.0,0.0,98.59756678123864,2.8710696697235107,0.0655892565846443,-1.185658574104309,0.4917441010475158,-0.1503812074661255,-0.2943500578403473,-0.8055627942085266,10,1.0,1.0,-1.0,1.0,0,0,0.03,-0.6225822756917379,201,13,thymio-09
69,1788221838.59511,10000.0,10000.0,0.0,98.59756678123864,2.8710696697235107,0.0655892565846443,-1.185658574104309,0.4917441010475158,-0.1503812074661255,-0.2943500578403473,-0.8055627942085266,10,1.0,1.0,-1.0,1.0,0,0,0.03,-0.6224810609842434,201,13,thymio-09
70,1788221839.1984808,10000.0,10000.0,0.0,98.59756678123864,2.8710696697235107,0.0655892565846443,-1.185658574104309,0.4917441010475158,-0.1503812074661255,-0.2943500578403473,-0.8055627942085266,10,1.0,1.0,-1.0,1.0,0,0,0.03,-0.622410704781024,201,13,thymio-09
71,1788221839.8017151,10000.0,10000.0,0.0,98.59756678123864,2.8710696697235107,0.0655892565846443,-1.185658574104309,0.4917441010475158,-0.1503812074661255,-0.2943500578403473,-0.8055627942085266,10,1.0,1.0,-1.0,1.0,0,0,0.03,-0.6223612381764315,201,13,thymio-09
72,1788221840.4047742,10000.0,10000.0,0.0,98.59756678123864,2.8710696697235107,0.0655892565846443,-1.185658574104309,0.4917441010475158,-0.1503812074661255,-0.2943500578403473,-0.8055627942085266,10,1.0,1.0,-1.0,1.0,0,0,0.03,-0.6223273149293723,201,13,thymio-09
73,1788221841.0078726,10000.0,10000.0,0.0,98.59756678123864,2.8710696697235107,0.0655892565846443,-1.185658574104309,0.4917441010475158,-0.1503812074661255,-0.2943500578403473,-0.8055627942085266,10,1.0,1.0,-1.0,1.0,0,0,0.03,-0.6223037937519368,201,13,thymio-09
74,1788221841.6110442,10000.0,10000.0,0.0,98.59756678123864,2.8710696697235107,0.0655892565846443,-1.185658574104309,0.4917441010475158,-0.1503812074661255,-0.2943500578403473,-0.8055627942085266,10,1.0,1.0,-1.0,1.0,0,0,0.03,-0.6222877727122195,201,13,thymio-09
75,1788221842.214883,10000.0,10000.0,0.0,98.59756678123864,2.8710696697235107,0.0655892565846443,-1.185658574104309,0.4917441010475158,-0.1503812074661255,-0.2943500578403473,-0.8055627942085266,10,1.0,1.0,-1.0,1.0,0,0,0.03,-0.6222767527742011,201,13,thymio-09
76,1788221842.8187563,10000.0,10000.0,0.0,98.59756678123864,2.8710696697235107,0.0655892565846443,-1.185658574104309,0.4917441010475158,-0.1503812074661255,-0.2943500578403473,-0.8055627942085266,10,1.0,1.0,-1.0,1.0,0,0,0.03,-0.6222692709192525,201,13,thymio-09
77,1788221843.421965,10000.0,10000.0,0.0,98.59756678123864,2.8710696697235107,0.0655892565846443,-1.185658574104309,0.4917441010475158,-0.1503812074661255,-0.2943500578403473,-0.8055627942085266,10,1.0,1.0,-1.0,1.0,0,0,0.03,-0.6222641485549426,201,13,thymio-09
78,1788221844.0247667,10000.0,10000.0,0.0,98.59756678123864,2.8710696697235107,0.0655892565846443,-1.185658574104309,0.4917441010475158,-0.1503812074661255,-0.2943500578403473,-0.8055627942085266,10,1.0,1.0,-1.0,1.0,0,0,0.03,-0.6222606755455092,201,13,thymio-09
79,1788221844.6276703,10000.0,10000.0,0.0,98.59756678123864,2.8710696697235107,0.0655892565846443,-1.185658574104309,0.4917441010475158,-0.1503812074661255,-0.2943500578403473,-0.8055627942085266,10,1.0,1.0,-1.0,1.0,0,0,0.03,-0.622258304391463,201,13,thymio-09
80,1788221845.2308445,10000.0,10000.0,0.0,98.59756678123864,2.8710696697235107,0.0655892565846443,-1.185658574104309,0.4917441010475158,-0.1503812074661255,-0.2943500578403473,-0.8055627942085266,10,1.0,1.0,-1.0,1.0,0,0,0.03,-0.6222566974120145,201,13,thymio-09
81,1788221845.834702,1.962277054786682,-1.4726871252059937,-0.1703482331183359,98.59756678123864,1.962277054786682,0.7386176586151123,-1.4726871252059937,-0.2233965545892715,-0.5625927448272705,-0.4650839865207672,-0.6459723711013794,10,0.056696205022092,1.0,1.0,1.0,0,0,0.0738896586226991,-0.6087054418343871,354,171,thymio-09
82,1788221846.443463,1.962277054786682,-1.4726871252059937,-0.1703482331183359,98.49756678123865,1.962277054786682,0.7386176586151123,-1.4726871252059937,-0.2233965545892715,-0.5625927448272705,-0.4650839865207672,-0.6459723711013794,10,0.056696205022092,1.0,1.0,1.0,0,0,0.0839320805585412,-0.6147120406588492,391,205,thymio-09
83,1788221847.04713,10000.0,10000.0,0.0,98.49756678123865,1.962277054786682,0.7386176586151123,-1.4726871252059937,-0.2233965545892715,-0.5625927448272705,-0.4650839865207672,-0.6459723711013794,10,1.0,1.0,-1.0,1.0,0,0,0.03,-0.6232336443137233,201,12,thymio-09
84,1788221847.650889,10000.0,10000.0,0.0,98.49756678123865,1.962277054786682,0.7386176586151123,-1.4726871252059937,-0.2233965545892715,-0.5625927448272705,-0.4650839865207672,-0.6459723711013794,10,1.0,1.0,-1.0,1.0,0,0,0.03,-0.6253188886081957,201,12,thymio-09
85,1788221848.2543163,10000.0,10000.0,0.0,98.49756678123865,1.962277054786682,0.7386176586151123,-1.4726871252059937,-0.2233965545892715,-0.5625927448272705,-0.4650839865207672,-0.6459723711013794,10,1.0,1.0,-1.0,1.0,0,0,0.03,-0.6251746249697325,201,12,thymio-09
86,1788221848.857762,10000.0,10000.0,0.0,98.49756678123865,1.962277054786682,0.7386176586151123,-1.4726871252059937,-0.2233965545892715,-0.5625927448272705,-0.4650839865207672,-0.6459723711013794,10,1.0,1.0,-1.0,1.0,0,0,0.03,-0.6243394230986252,201,12,thymio-09
87,1788221849.461153,10000.0,10000.0,0.0,98.49756678123865,1.962277054786682,0.7386176586151123,-1.4726871252059937,-0.2233965545892715,-0.5625927448272705,-0.4650839865207672,-0.6459723711013794,10,1.0,1.0,-1.0,1.0,0,0,0.03,-0.6237030575320724,201,12,thymio-09
88,1788221850.0644658,10000.0,10000.0,0.0,98.49756678123865,1.962277054786682,0.7386176586151123,-1.4726871252059937,-0.2233965545892715,-0.5625927448272705,-0.4650839865207672,-0.6459723711013794,10,1.0,1.0,-1.0,1.0,0,0,0.03,-0.6232083441642347,201,12,thymio-09
89,1788221850.6684062,10000.0,10000.0,0.0,98.49756678123865,1.962277054786682,0.7386176586151123,-1.4726871252059937,-0.2233965545892715,-0.5625927448272705,-0.4650839865207672,-0.6459723711013794,10,1.0,1.0,-1.0,1.0,0,0,0.03,-0.6228479941708474,201,13,thymio-09
90,1788221851.2715757,10000.0,10000.0,0.0,98.49756678123865,1.962277054786682,0.7386176586151123,-1.4726871252059937,-0.2233965545892715,-0.5625927448272705,-0.4650839865207672,-0.6459723711013794,10,1.0,1.0,-1.0,1.0,0,0,0.03,-0.622612636747597,201,13,thymio-09
91,1788221851.8750713,10000.0,10000.0,0.0,98.49756678123865,1.962277054786682,0.7386176586151123,-1.4726871252059937,-0.2233965545892715,-0.5625927448272705,-0.4650839865207672,-0.6459723711013794,10,1.0,1.0,-1.0,1.0,0,0,0.03,-0.6224561373584763,201,13,thymio-09
92,1788221852.4785244,10000.0,10000.0,0.0,98.49756678123865,1.962277054786682,0.7386176586151123,-1.4726871252059937,-0.2233965545892715,-0.5625927448272705,-0.4650839865207672,-0.6459723711013794,10,1.0,1.0,-1.0,1.0,0,0,0.03,-0.6223633355418373,201,13,thymio-09
93,1788221853.0821958,10000.0,10000.0,0.0,98.49756678123865,1.962277054786682,0.7386176586151123,-1.4726871252059937,-0.2233965545892715,-0.5625927448272705,-0.4650839865207672,-0.6459723711013794,10,1.0,1.0,-1.0,1.0,0,0,0.03,-0.6223052628601603,201,13,thymio-09
94,1788221853.6854484,10000.0,10000.0,0.0,98.49756678123865,1.962277054786682,0.7386176586151123,-1.4726871252059937,-0.2233965545892715,-0.5625927448272705,-0.4650839865207672,-0.6459723711013794,10,1.0,1.0,-1.0,1.0,0,0,0.03,-0.6222727171823594,201,13,thymio-09
95,1788221854.2889264,10000.0,10000.0,0.0,98.49756678123865,1.962277054786682,0.7386176586151123,-1.4726871252059937,-0.2233965545892715,-0.5625927448272705,-0.4650839865207672,-0.6459723711013794,10,1.0,1.0,-1.0,1.0,0,0,0.03,-0.6222531376973373,201,13,thymio-09
96,1788221854.8923132,10000.0,10000.0,0.0,98.49756678123865,1.962277054786682,0.7386176586151123,-1.4726871252059937,-0.2233965545892715,-0.5625927448272705,-0.4650839865207672,-0.6459723711013794,10,1.0,1.0,-1.0,1.0,0,0,0.03,-0.6222426785534378,201,13,thymio-09
97,1788221855.4952471,10000.0,10000.0,0.0,98.49756678123865,1.962277054786682,0.7386176586151123,-1.4726871252059937,-0.2233965545892715,-0.5625927448272705,-0.4650839865207672,-0.6459723711013794,10,1.0,1.0,-1.0,1.0,0,0,0.03,-0.6222366262680284,201,13,thymio-09
98,1788221856.0986943,10000.0,10000.0,0.0,98.49756678123865,1.962277054786682,0.7386176586151123,-1.4726871252059937,-0.2233965545892715,-0.5625927448272705,-0.4650839865207672,-0.6459723711013794,10,1.0,1.0,-1.0,1.0,0,0,0.03,-0.6222336147418671,201,13,thymio-09
99,1788221856.7022429,10000.0,10000.0,0.0,98.49756678123865,1.962277054786682,0.7386176586151123,-1.4726871252059937,-0.2233965545892715,-0.5625927448272705,-0.4650839865207672,-0.6459723711013794,10,1.0,1.0,-1.0,1.0,0,0,0.03,-0.6222319893886534,201,13,thymio-09
100,1788221857.3058631,10000.0,10000.0,0.0,98.49756678123865,1.962277054786682,0.7386176586151123,-1.4726871252059937,-0.2233965545892715,-0.5625927448272705,-0.4650839865207672,-0.6459723711013794,10,1.0,1.0,-1.0,1.0,0,0,0.03,-0.6222313099765469,201,13,thymio-09
101,1788221857.9093533,10000.0,10000.0,0.0,98.49756678123865,1.962277054786682,0.7386176586151123,-1.4726871252059937,-0.2233965545892715,-0.5625927448272705,-0.4650839865207672,-0.6459723711013794,10,1.0,1.0,-1.0,1.0,0,0,0.03,-0.6222310194146893,201,13,thymio-09
102,1788221858.5122342,2.3147010803222656,1.3678947687149048,-1.4541329024302638,98.49756678123865,2.3147010803222656,0.0993473976850509,1.3678947687149048,-0.5511818528175354,-0.0292236302047967,0.1965363919734954,0.8103814721107483,10,-0.2816591944482354,1.0,-0.9654999312619312,1.0,0,0,0.0,-0.6022587189597981,91,-91,thymio-09
103,1788221859.1219797,2.3147010803222656,1.3678947687149048,-1.4541329024302638,98.39756678123864,2.3147010803222656,0.0993473976850509,1.3678947687149048,-0.5511818528175354,-0.0292236302047967,0.1965363919734954,0.8103814721107483,10,-0.2816591944482354,1.0,-0.9654999312619312,1.0,0,0,0.0,-0.6056707517223732,91,-91,thymio-09
104,1788221859.7249434,10000.0,10000.0,0.0,98.39756678123864,2.3147010803222656,0.0993473976850509,1.3678947687149048,-0.5511818528175354,-0.0292236302047967,0.1965363919734954,0.8103814721107483,10,1.0,1.0,-1.0,1.0,0,0,0.03,-0.6212915857364579,200,13,thymio-09
105,1788221860.328102,10000.0,10000.0,0.0,98.39756678123864,2.3147010803222656,0.0993473976850509,1.3678947687149048,-0.5511818528175354,-0.0292236302047967,0.1965363919734954,0.8103814721107483,10,1.0,1.0,-1.0,1.0,0,0,0.03,-0.6263276083548762,201,12,thymio-09
106,1788221860.931291,10000.0,10000.0,0.0,98.39756678123864,2.3147010803222656,0.0993473976850509,1.3678947687149048,-0.5511818528175354,-0.0292236302047967,0.1965363919734954,0.8103814721107483,10,1.0,1.0,-1.0,1.0,0,0,0.03,-0.6265484730469745,201,12,thymio-09
107,1788221861.5345323,10000.0,10000.0,0.0,98.39756678123864,2.3147010803222656,0.0993473976850509,1.3678947687149048,-0.5511818528175354,-0.0292236302047967,0.1965363919734954,0.8103814721107483,10,1.0,1.0,-1.0,1.0,0,0,0.03,-0.626365356927147,201,12,thymio-09
108,1788221862.1376126,10000.0,10000.0,0.0,98.39756678123864,2.3147010803222656,0.0993473976850509,1.3678947687149048,-0.5511818528175354,-0.0292236302047967,0.1965363919734954,0.8103814721107483,10,1.0,1.0,-1.0,1.0,0,0,0.03,-0.6258116044174917,201,12,thymio-09
109,1788221862.7414024,10000.0,10000.0,0.0,98.39756678123864,2.3147010803222656,0.0993473976850509,1.3678947687149048,-0.5511818528175354,-0.0292236302047967,0.1965363919734954,0.8103814721107483,10,1.0,1.0,-1.0,1.0,0,0,0.03,-0.6252477025209212,201,12,thymio-09
110,1788221863.3456707,10000.0,10000.0,0.0,98.39756678123864,2.3147010803222656,0.0993473976850509,1.3678947687149048,-0.5511818528175354,-0.0292236302047967,0.1965363919734954,0.8103814721107483,10,1.0,1.0,-1.0,1.0,0,0,0.03,-0.6246372367257211,201,12,thymio-09
111,1788221863.9492116,10000.0,10000.0,0.0,98.39756678123864,2.3147010803222656,0.0993473976850509,1.3678947687149048,-0.5511818528175354,-0.0292236302047967,0.1965363919734954,0.8103814721107483,10,1.0,1.0,-1.0,1.0,0,0,0.03,-0.6241357878119885,201,12,thymio-09
112,1788221864.552473,10000.0,10000.0,0.0,98.39756678123864,2.3147010803222656,0.0993473976850509,1.3678947687149048,-0.5511818528175354,-0.0292236302047967,0.1965363919734954,0.8103814721107483,10,1.0,1.0,-1.0,1.0,0,0,0.03,-0.6236859674955937,201,12,thymio-09
113,1788221865.1558394,10000.0,10000.0,0.0,98.39756678123864,2.3147010803222656,0.0993473976850509,1.3678947687149048,-0.5511818528175354,-0.0292236302047967,0.1965363919734954,0.8103814721107483,10,1.0,1.0,-1.0,1.0,0,0,0.03,-0.623329886027241,201,12,thymio-09
114,1788221865.7590888,10000.0,10000.0,0.0,98.39756678123864,2.3147010803222656,0.0993473976850509,1.3678947687149048,-0.5511818528175354,-0.0292236302047967,0.1965363919734954,0.8103814721107483,10,1.0,1.0,-1.0,1.0,0,0,0.03,-0.6230167600283486,201,13,thymio-09
115,1788221866.364086,10000.0,10000.0,0.0,98.39756678123864,2.3147010803222656,0.0993473976850509,1.3678947687149048,-0.5511818528175354,-0.0292236302047967,0.1965363919734954,0.8103814721107483,10,1.0,1.0,-1.0,1.0,0,0,0.03,-0.6227900079962998,201,13,thymio-09
116,1788221866.9675753,10000.0,10000.0,0.0,98.39756678123864,2.3147010803222656,0.0993473976850509,1.3678947687149048,-0.5511818528175354,-0.0292236302047967,0.1965363919734954,0.8103814721107483,10,1.0,1.0,-1.0,1.0,0,0,0.03,-0.6226172745366052,201,13,thymio-09
117,1788221867.570398,10000.0,10000.0,0.0,98.39756678123864,2.3147010803222656,0.0993473976850509,1.3678947687149048,-0.5511818528175354,-0.0292236302047967,0.1965363919734954,0.8103814721107483,10,1.0,1.0,-1.0,1.0,0,0,0.03,-0.6224964666395139,201,13,thymio-09
118,1788221868.1742773,10000.0,10000.0,0.0,98.39756678123864,2.3147010803222656,0.0993473976850509,1.3678947687149048,-0.5511818528175354,-0.0292236302047967,0.1965363919734954,0.8103814721107483,10,1.0,1.0,-1.0,1.0,0,0,0.03,-0.6224082490658409,201,13,thymio-09
119,1788221868.778015,10000.0,10000.0,0.0,98.39756678123864,2.3147010803222656,0.0993473976850509,1.3678947687149048,-0.5511818528175354,-0.0292236302047967,0.1965363919734954,0.8103814721107483,10,1.0,1.0,-1.0,1.0,0,0,0.03,-0.6223476634585499,201,13,thymio-09
120,1788221869.3813543,10000.0,10000.0,0.0,98.39756678123864,2.3147010803222656,0.0993473976850509,1.3678947687149048,-0.5511818528175354,-0.0292236302047967,0.1965363919734954,0.8103814721107483,10,1.0,1.0,-1.0,1.0,0,0,0.03,-0.6223045318931322,201,13,thymio-09
121,1788221869.984819,10000.0,10000.0,0.0,98.39756678123864,2.3147010803222656,0.0993473976850509,1.3678947687149048,-0.5511818528175354,-0.0292236302047967,0.1965363919734954,0.8103814721107483,10,1.0,1.0,-1.0,1.0,0,0,0.03,-0.6222751678378557,201,13,thymio-09
122,1788221870.5877986,10000.0,10000.0,0.0,98.39756678123864,2.3147010803222656,0.0993473976850509,1.3678947687149048,-0.5511818528175354,-0.0292236302047967,0.1965363919734954,0.8103814721107483,10,1.0,1.0,-1.0,1.0,0,0,0.03,-0.6222545803359875,201,13,thymio-09
123,1788221871.190936,10000.0,10000.0,0.0,98.39756678123864,2.3147010803222656,0.0993473976850509,1.3678947687149048,-0.5511818528175354,-0.0292236302047967,0.1965363919734954,0.8103814721107483,10,1.0,1.0,-1.0,1.0,0,0,0.03,-0.6222406155409553,201,13,thymio-09
124,1788221871.7942257,10000.0,10000.0,0.0,98.39756678123864,2.3147010803222656,0.0993473976850509,1.3678947687149048,-0.5511818528175354,-0.0292236302047967,0.1965363919734954,0.8103814721107483,10,1.0,1.0,-1.0,1.0,0,0,0.03,-0.6222309156886155,201,13,thymio-09
125,1788221872.397867,10000.0,10000.0,0.0,98.39756678123864,2.3147010803222656,0.0993473976850509,1.3678947687149048,-0.5511818528175354,-0.0292236302047967,0.1965363919734954,0.8103814721107483,10,1.0,1.0,-1.0,1.0,0,0,0.03,-0.6222243432589109,201,13,thymio-09
126,1788221873.0024822,10000.0,10000.0,0.0,98.39756678123864,2.3147010803222656,0.0993473976850509,1.3678947687149048,-0.5511818528175354,-0.0292236302047967,0.1965363919734954,0.8103814721107483,10,1.0,1.0,-1.0,1.0,0,0,0.03,-0.6222198047143395,201,13,thymio-09
127,1788221873.6057365,10000.0,10000.0,0.0,98.39756678123864,2.3147010803222656,0.0993473976850509,1.3678947687149048,-0.5511818528175354,-0.0292236302047967,0.1965363919734954,0.8103814721107483,10,1.0,1.0,-1.0,1.0,0,0,0.03,-0.6222167290344499,201,13,thymio-09
128,1788221874.2103248,10000.0,10000.0,0.0,98.39756678123864,2.3147010803222656,0.0993473976850509,1.3678947687149048,-0.5511818528175354,-0.0292236302047967,0.1965363919734954,0.8103814721107483,10,1.0,1.0,-1.0,1.0,0,0,0.03,-0.6222146131231202,201,13,thymio-09
129,1788221874.8134649,10000.0,10000.0,0.0,98.39756678123864,2.3147010803222656,0.0993473976850509,1.3678947687149048,-0.5511818528175354,-0.0292236302047967,0.1965363919734954,0.8103814721107483,10,1.0,1.0,-1.0,1.0,0,0,0.03,-0.6222131782498189,201,13,thymio-09
130,1788221875.4165251,10000.0,10000.0,0.0,98.39756678123864,2.3147010803222656,0.0993473976850509,1.3678947687149048,-0.5511818528175354,-0.0292236302047967,0.1965363919734954,0.8103814721107483,10,1.0,1.0,-1.0,1.0,0,0,0.03,-0.6222121935832371,201,13,thymio-09
131,1788221876.019761,10000.0,10000.0,0.0,98.39756678123864,2.3147010803222656,0.0993473976850509,1.3678947687149048,-0.5511818528175354,-0.0292236302047967,0.1965363919734954,0.8103814721107483,10,1.0,1.0,-1.0,1.0,0,0,0.03,-0.6222115252845752,201,13,thymio-09
132,1788221876.6231327,10000.0,10000.0,0.0,98.39756678123864,2.3147010803222656,0.0993473976850509,1.3678947687149048,-0.5511818528175354,-0.0292236302047967,0.1965363919734954,0.8103814721107483,10,1.0,1.0,-1.0,1.0,0,0,0.03,-0.6222110674443913,201,13,thymio-09
133,1788221877.2266147,10000.0,10000.0,0.0,98.39756678123864,2.3147010803222656,0.0993473976850509,1.3678947687149048,-0.5511818528175354,-0.0292236302047967,0.1965363919734954,0.8103814721107483,10,1.0,1.0,-1.0,1.0,0,0,0.03,-0.6222107564441707,201,13,thymio-09
134,1788221877.830441,10000.0,10000.0,0.0,98.39756678123864,2.3147010803222656,0.0993473976850509,1.3678947687149048,-0.5511818528175354,-0.0292236302047967,0.1965363919734954,0.8103814721107483,10,1.0,1.0,-1.0,1.0,0,0,0.03,-0.6222105436313634,201,13,thymio-09
135,1788221878.4345632,2.560774564743042,1.5000141859054563,-1.502456078140252,98.39756678123864,2.560774564743042,0.1045146435499191,1.5000141859054563,0.6616572141647339,0.2731251418590545,0.0619595572352409,-0.6955382823944092,10,-0.4782604002917814,1.0,-0.9776671525951002,1.0,0,0,0.0,-0.6247880318882654,94,-94,thymio-09
136,1788221879.0433552,2.560774564743042,1.5000141859054563,-1.502456078140252,98.29756678123864,2.560774564743042,0.1045146435499191,1.5000141859054563,0.6616572141647339,0.2731251418590545,0.0619595572352409,-0.6955382823944092,10,-0.4782604002917814,1.0,-0.9776671525951002,1.0,0,0,0.0,-0.626928460353457,95,-95,thymio-09
137,1788221879.6469,10000.0,10000.0,0.0,98.29756678123864,2.560774564743042,0.1045146435499191,1.5000141859054563,0.6616572141647339,0.2731251418590545,0.0619595572352409,-0.6955382823944092,10,1.0,1.0,-1.0,1.0,0,0,0.03,-0.625135265080941,201,12,thymio-09
138,1788221880.250412,10000.0,10000.0,0.0,98.29756678123864,2.560774564743042,0.1045146435499191,1.5000141859054563,0.6616572141647339,0.2731251418590545,0.0619595572352409,-0.6955382823944092,10,1.0,1.0,-1.0,1.0,0,0,0.03,-0.6265876263070798,201,12,thymio-09
139,1788221880.8536294,10000.0,10000.0,0.0,98.29756678123864,2.560774564743042,0.1045146435499191,1.5000141859054563,0.6616572141647339,0.2731251418590545,0.0619595572352409,-0.6955382823944092,10,1.0,1.0,-1.0,1.0,0,0,0.03,-0.6256096154676027,201,12,thymio-09
140,1788221881.456994,10000.0,10000.0,0.0,98.29756678123864,2.560774564743042,0.1045146435499191,1.5000141859054563,0.6616572141647339,0.2731251418590545,0.0619595572352409,-0.6955382823944092,10,1.0,1.0,-1.0,1.0,0,0,0.03,-0.624870752884125,201,12,thymio-09
141,1788221882.060213,10000.0,10000.0,0.0,98.29756678123864,2.560774564743042,0.1045146435499191,1.5000141859054563,0.6616572141647339,0.2731251418590545,0.0619595572352409,-0.6955382823944092,10,1.0,1.0,-1.0,1.0,0,0,0.03,-0.6241675156435239,201,12,thymio-09
142,1788221882.6632075,10000.0,10000.0,0.0,98.29756678123864,2.560774564743042,0.1045146435499191,1.5000141859054563,0.6616572141647339,0.2731251418590545,0.0619595572352409,-0.6955382823944092,10,1.0,1.0,-1.0,1.0,0,0,0.03,-0.6236641971095818,201,12,thymio-09
143,1788221883.2676945,2.7583043575286865,-1.2871086597442627,1.1175111170272365,98.29756678123864,2.7583043575286865,0.0721069723367691,-1.2871086597442627,0.1342005282640457,-0.7540618181228638,-0.5552501082420349,-0.3241578638553619,10,0.3441225593147274,1.0,-0.2274484643194956,1.0,0,0,0.1161610085914746,-0.6178058899887436,500,319,thymio-09
144,1788221883.876512,2.7583043575286865,-1.2871086597442627,1.1175111170272365,98.19756678123863,2.7583043575286865,0.0721069723367691,-1.2871086597442627,0.1342005282640457,-0.7540618181228638,-0.5552501082420349,-0.3241578638553619,10,0.3441225593147274,1.0,-0.2274484643194956,1.0,0,0,0.1300607304016791,-0.61019555036292,500,370,thymio-09
145,1788221884.4802186,10000.0,10000.0,0.0,98.19756678123863,2.7583043575286865,0.0721069723367691,-1.2871086597442627,0.1342005282640457,-0.7540618181228638,-0.5552501082420349,-0.3241578638553619,10,1.0,1.0,-1.0,1.0,0,0,0.03,-0.6192061458250872,200,13,thymio-09
146,1788221885.0830722,10000.0,10000.0,0.0,98.19756678123863,2.7583043575286865,0.0721069723367691,-1.2871086597442627,0.1342005282640457,-0.7540618181228638,-0.5552501082420349,-0.3241578638553619,10,1.0,1.0,-1.0,1.0,0,0,0.03,-0.6234792968208687,201,12,thymio-09
147,1788221885.6863303,10000.0,10000.0,0.0,98.19756678123863,2.7583043575286865,0.0721069723367691,-1.2871086597442627,0.1342005282640457,-0.7540618181228638,-0.5552501082420349,-0.3241578638553619,10,1.0,1.0,-1.0,1.0,0,0,0.03,-0.6231166985458646,201,12,thymio-09
148,1788221886.2901504,10000.0,10000.0,0.0,98.19756678123863,2.7583043575286865,0.0721069723367691,-1.2871086597442627,0.1342005282640457,-0.7540618181228638,-0.5552501082420349,-0.3241578638553619,10,1.0,1.0,-1.0,1.0,0,0,0.03,-0.6233653047355637,201,12,thymio-09
149,1788221886.893284,10000.0,10000.0,0.0,98.19756678123863,2.7583043575286865,0.0721069723367691,-1.2871086597442627,0.1342005282640457,-0.7540618181228638,-0.5552501082420349,-0.3241578638553619,10,1.0,1.0,-1.0,1.0,0,0,0.03,-0.6231963330886533,201,12,thymio-09
150,1788221887.497154,10000.0,10000.0,0.0,98.19756678123863,2.7583043575286865,0.0721069723367691,-1.2871086597442627,0.1342005282640457,-0.7540618181228638,-0.5552501082420349,-0.3241578638553619,10,1.0,1.0,-1.0,1.0,0,0,0.03,-0.6230970947797823,201,13,thymio-09
151,1788221888.1004732,10000.0,10000.0,0.0,98.19756678123863,2.7583043575286865,0.0721069723367691,-1.2871086597442627,0.1342005282640457,-0.7540618181228638,-0.5552501082420349,-0.3241578638553619,10,1.0,1.0,-1.0,1.0,0,0,0.03,-0.6228832848647721,201,13,thymio-09
152,1788221888.7035522,10000.0,10000.0,0.0,98.19756678123863,2.7583043575286865,0.0721069723367691,-1.2871086597442627,0.1342005282640457,-0.7540618181228638,-0.5552501082420349,-0.3241578638553619,10,1.0,1.0,-1.0,1.0,0,0,0.03,-0.6227360337035217,201,13,thymio-09
153,1788221889.306968,10000.0,10000.0,0.0,98.19756678123863,2.7583043575286865,0.0721069723367691,-1.2871086597442627,0.1342005282640457,-0.7540618181228638,-0.5552501082420349,-0.3241578638553619,10,1.0,1.0,-1.0,1.0,0,0,0.03,-0.62257921010696,201,13,thymio-09
154,1788221889.9101024,10000.0,10000.0,0.0,98.19756678123863,2.7583043575286865,0.0721069723367691,-1.2871086597442627,0.1342005282640457,-0.7540618181228638,-0.5552501082420349,-0.3241578638553619,10,1.0,1.0,-1.0,1.0,0,0,0.03,-0.6224734236347197,201,13,thymio-09
155,1788221890.5133102,3.045414924621582,-1.0343505144119265,0.0021725683439761,98.19756678123863,3.045414924621582,0.0708844363689422,-1.0343505144119265,-0.4232079684734344,0.4702321290969848,0.551874041557312,0.5433340668678284,10,-0.2250709319949239,1.0,1.0,-0.4827911154201735,0,0,0.0629693517099883,-0.2205375082493796,257,190,thymio-09
156,1788221891.122084,3.045414924621582,-1.0343505144119265,0.0021725683439761,98.09756678123864,3.045414924621582,0.0708844363689422,-1.0343505144119265,-0.4232079684734344,0.4702321290969848,0.551874041557312,0.5433340668678284,10,-0.2250709319949239,1.0,1.0,-0.4827911154201735,0,0,0.195333418104577,0.2786596939392493,500,500,thymio-09
157,1788221891.7252722,10000.0,10000.0,0.0,98.09756678123864,3.045414924621582,0.0708844363689422,-1.0343505144119265,-0.4232079684734344,0.4702321290969848,0.551874041557312,0.5433340668678284,10,1.0,1.0,-1.0,1.0,0,0,0.03,-0.1685893738137664,132,81,thymio-09
158,1788221892.3281825,10000.0,10000.0,0.0,98.09756678123864,3.045414924621582,0.0708844363689422,-1.0343505144119265,-0.4232079684734344,0.4702321290969848,0.551874041557312,0.5433340668678284,10,1.0,1.0,-1.0,1.0,0,0,0.03,-0.1730066501770637,133,80,thymio-09
159,1788221892.931987,10000.0,10000.0,0.0,98.09756678123864,3.045414924621582,0.0708844363689422,-1.0343505144119265,-0.4232079684734344,0.4702321290969848,0.551874041557312,0.5433340668678284,10,1.0,1.0,-1.0,1.0,0,0,0.03,-0.0230740584751203,110,103,thymio-09
160,1788221893.5349066,10000.0,10000.0,0.0,98.09756678123864,3.045414924621582,0.0708844363689422,-1.0343505144119265,-0.4232079684734344,0.4702321290969848,0.551874041557312,0.5433340668678284,10,1.0,1.0,-1.0,1.0,0,0,0.03,0.278288332946162,65,149,thymio-09
161,1788221894.1380892,10000.0,10000.0,0.0,98.09756678123864,3.045414924621582,0.0708844363689422,-1.0343505144119265,-0.4232079684734344,0.4702321290969848,0.551874041557312,0.5433340668678284,10,1.0,1.0,-1.0,1.0,0,0,0.03,0.3909037072648707,48,166,thymio-09
162,1788221894.7412252,10000.0,10000.0,0.0,98.09756678123864,3.045414924621582,0.0708844363689422,-1.0343505144119265,-0.4232079684734344,0.4702321290969848,0.551874041557312,0.5433340668678284,10,1.0,1.0,-1.0,1.0,0,0,0.03,-0.4943008373978978,181,32,thymio-09
163,1788221895.344611,10000.0,10000.0,0.0,98.09756678123864,3.045414924621582,0.0708844363689422,-1.0343505144119265,-0.4232079684734344,0.4702321290969848,0.551874041557312,0.5433340668678284,10,1.0,1.0,-1.0,1.0,0,0,0.03,-0.618848183593168,200,13,thymio-09
164,1788221895.9480717,10000.0,10000.0,0.0,98.09756678123864,3.045414924621582,0.0708844363689422,-1.0343505144119265,-0.4232079684734344,0.4702321290969848,0.551874041557312,0.5433340668678284,10,1.0,1.0,-1.0,1.0,0,0,0.03,-0.6231606450351439,201,12,thymio-09
165,1788221896.5510805,10000.0,10000.0,0.0,98.09756678123864,3.045414924621582,0.0708844363689422,-1.0343505144119265,-0.4232079684734344,0.4702321290969848,0.551874041557312,0.5433340668678284,10,1.0,1.0,-1.0,1.0,0,0,0.03,-0.6239571715368455,201,12,thymio-09
166,1788221897.1548052,10000.0,10000.0,0.0,98.09756678123864,3.045414924621582,0.0708844363689422,-1.0343505144119265,-0.4232079684734344,0.4702321290969848,0.551874041557312,0.5433340668678284,10,1.0,1.0,-1.0,1.0,0,0,0.03,-0.6239376176471625,201,12,thymio-09
167,1788221897.758688,10000.0,10000.0,0.0,98.09756678123864,3.045414924621582,0.0708844363689422,-1.0343505144119265,-0.4232079684734344,0.4702321290969848,0.551874041557312,0.5433340668678284,10,1.0,1.0,-1.0,1.0,0,0,0.03,-0.6237011762920053,201,12,thymio-09
168,1788221898.3621397,10000.0,10000.0,0.0,98.09756678123864,3.045414924621582,0.0708844363689422,-1.0343505144119265,-0.4232079684734344,0.4702321290969848,0.551874041557312,0.5433340668678284,10,1.0,1.0,-1.0,1.0,0,0,0.03,-0.6234199297506603,201,12,thymio-09
169,1788221898.9653575,2.558495044708252,1.4113569259643557,-2.408623874223837,98.09756678123864,2.558495044708252,0.0978878960013389,1.4113569259643557,-0.6842071413993835,-0.0671400725841522,0.4330139458179474,-0.5829681158065796,10,-0.97699914030123,1.0,0.7962206841939949,1.0,0,0,0.0,-0.6038860740807537,91,-91,thymio-09
170,1788221899.5733902,2.558495044708252,1.4113569259643557,-2.408623874223837,97.99756678123866,2.558495044708252,0.0978878960013389,1.4113569259643557,-0.6842071413993835,-0.0671400725841522,0.4330139458179474,-0.5829681158065796,10,-0.97699914030123,1.0,0.7962206841939949,1.0,0,0,0.0,-0.6165131815049775,93,-93,thymio-09
171,1788221900.1772556,10000.0,10000.0,0.0,97.99756678123866,2.558495044708252,0.0978878960013389,1.4113569259643557,-0.6842071413993835,-0.0671400725841522,0.4330139458179474,-0.5829681158065796,10,1.0,1.0,-1.0,1.0,0,0,0.03,-0.6161518795791421,200,14,thymio-09
172,1788221900.780774,10000.0,10000.0,0.0,97.99756678123866,2.558495044708252,0.0978878960013389,1.4113569259643557,-0.6842071413993835,-0.0671400725841522,0.4330139458179474,-0.5829681158065796,10,1.0,1.0,-1.0,1.0,0,0,0.03,-0.6267406830413863,201,12,thymio-09
173,1788221901.3841596,10000.0,10000.0,0.0,97.99756678123866,2.558495044708252,0.0978878960013389,1.4113569259643557,-0.6842071413993835,-0.0671400725841522,0.4330139458179474,-0.5829681158065796,10,1.0,1.0,-1.0,1.0,0,0,0.03,-0.6263424009644883,201,12,thymio-09
174,1788221901.987393,10000.0,10000.0,0.0,97.99756678123866,2.558495044708252,0.0978878960013389,1.4113569259643557,-0.6842071413993835,-0.0671400725841522,0.4330139458179474,-0.5829681158065796,10,1.0,1.0,-1.0,1.0,0,0,0.03,-0.6257448057716904,201,12,thymio-09
175,1788221902.5908315,10000.0,10000.0,0.0,97.99756678123866,2.558495044708252,0.0978878960013389,1.4113569259643557,-0.6842071413993835,-0.0671400725841522,0.4330139458179474,-0.5829681158065796,10,1.0,1.0,-1.0,1.0,0,0,0.03,-0.6251349389043792,201,12,thymio-09
176,1788221903.1937616,10000.0,10000.0,0.0,97.99756678123866,2.558495044708252,0.0978878960013389,1.4113569259643557,-0.6842071413993835,-0.0671400725841522,0.4330139458179474,-0.5829681158065796,10,1.0,1.0,-1.0,1.0,0,0,0.03,-0.6244694181881795,201,12,thymio-09
177,1788221903.796816,10000.0,10000.0,0.0,97.99756678123866,2.558495044708252,0.0978878960013389,1.4113569259643557,-0.6842071413993835,-0.0671400725841522,0.4330139458179474,-0.5829681158065796,10,1.0,1.0,-1.0,1.0,0,0,0.03,-0.6239568548989023,201,12,thymio-09
178,1788221904.3997293,10000.0,10000.0,0.0,97.99756678123866,2.558495044708252,0.0978878960013389,1.4113569259643557,-0.6842071413993835,-0.0671400725841522,0.4330139458179474,-0.5829681158065796,10,1.0,1.0,-1.0,1.0,0,0,0.03,-0.6234912307054087,201,12,thymio-09
179,1788221905.0028455,10000.0,10000.0,0.0,97.99756678123866,2.558495044708252,0.0978878960013389,1.4113569259643557,-0.6842071413993835,-0.0671400725841522,0.4330139458179474,-0.5829681158065796,10,1.0,1.0,-1.0,1.0,0,0,0.03,-0.6231196476246399,201,12,thymio-09
180,1788221905.6062105,2.6730124950408936,1.3233147859573364,1.324593366245308,97.99756678123866,2.6730124950408936,0.0834863632917404,1.3233147859573364,0.4340517520904541,0.5292867422103882,-0.6316276788711548,0.3640072643756866,10,1.0,-0.4521656567877655,1.0,-0.986467923631644,0,0,0.0,-0.3873273061165979,58,-58,thymio-09
181,1788221906.2143128,2.69321346282959,1.3404099941253662,-1.1399989799985502,97.89756678123868,2.69321346282959,0.0844985619187355,1.3404099941253662,-0.5601545572280884,-0.2374434918165207,0.2365545183420181,0.7575550079345703,10,-0.9798826426726304,0.898373235742749,0.1837273106767452,1.0,0,0,0.0,-0.1933969774849629,29,-29,thymio-09
182,1788221906.8227596,2.69321346282959,1.3404099941253662,-1.1399989799985502,97.79756678123869,2.69321346282959,0.0844985619187355,1.3404099941253662,-0.5601545572280884,-0.2374434918165207,0.2365545183420181,0.7575550079345703,10,-0.9798826426726304,0.898373235742749,0.1837273106767452,1.0,0,0,0.0,-0.4289722581167068,65,-65,thymio-09
183,1788221907.4262512,10000.0,10000.0,0.0,97.79756678123869,2.69321346282959,0.0844985619187355,1.3404099941253662,-0.5601545572280884,-0.2374434918165207,0.2365545183420181,0.7575550079345703,10,1.0,1.0,-1.0,1.0,0,0,0.03,-0.4984338783620927,182,31,thymio-09
184,1788221908.0294707,10000.0,10000.0,0.0,97.79756678123869,2.69321346282959,0.0844985619187355,1.3404099941253662,-0.5601545572280884,-0.2374434918165207,0.2365545183420181,0.7575550079345703,10,1.0,1.0,-1.0,1.0,0,0,0.03,-0.5422552570446574,188,25,thymio-09
185,1788221908.633819,10000.0,10000.0,0.0,97.79756678123869,2.69321346282959,0.0844985619187355,1.3404099941253662,-0.5601545572280884,-0.2374434918165207,0.2365545183420181,0.7575550079345703,10,1.0,1.0,-1.0,1.0,0,0,0.03,-0.5830959997787812,195,19,thymio-09
186,1788221909.2375407,10000.0,10000.0,0.0,97.79756678123869,2.69321346282959,0.0844985619187355,1.3404099941253662,-0.5601545572280884,-0.2374434918165207,0.2365545183420181,0.7575550079345703,10,1.0,1.0,-1.0,1.0,0,0,0.03,-0.4442028598399899,174,40,thymio-09
187,1788221909.8408597,10000.0,10000.0,0.0,97.79756678123869,2.69321346282959,0.0844985619187355,1.3404099941253662,-0.5601545572280884,-0.2374434918165207,0.2365545183420181,0.7575550079345703,10,1.0,1.0,-1.0,1.0,0,0,0.03,-0.093520573592946,121,92,thymio-09
188,1788221910.4458416,10000.0,10000.0,0.0,97.79756678123869,2.69321346282959,0.0844985619187355,1.3404099941253662,-0.5601545572280884,-0.2374434918165207,0.2365545183420181,0.7575550079345703,10,1.0,1.0,-1.0,1.0,0,0,0.03,0.575118734349313,20,193,thymio-09
189,1788221911.0501008,10000.0,10000.0,0.0,97.79756678123869,2.69321346282959,0.0844985619187355,1.3404099941253662,-0.5601545572280884,-0.2374434918165207,0.2365545183420181,0.7575550079345703,10,1.0,1.0,-1.0,1.0,0,0,0.03,0.6209539208554257,13,200,thymio-09
190,1788221911.653332,10000.0,10000.0,0.0,97.79756678123869,2.69321346282959,0.0844985619187355,1.3404099941253662,-0.5601545572280884,-0.2374434918165207,0.2365545183420181,0.7575550079345703,10,1.0,1.0,-1.0,1.0,0,0,0.03,0.6178381450080888,13,200,thymio-09
191,1788221912.2563748,10000.0,10000.0,0.0,97.79756678123869,2.69321346282959,0.0844985619187355,1.3404099941253662,-0.5601545572280884,-0.2374434918165207,0.2365545183420181,0.7575550079345703,10,1.0,1.0,-1.0,1.0,0,0,0.03,0.5887816115069565,18,196,thymio-09
192,1788221912.8608744,10000.0,10000.0,0.0,97.79756678123869,2.69321346282959,0.0844985619187355,1.3404099941253662,-0.5601545572280884,-0.2374434918165207,0.2365545183420181,0.7575550079345703,10,1.0,1.0,-1.0,1.0,0,0,0.03,0.5486093000466913,24,189,thymio-09
193,1788221913.4644191,10000.0,10000.0,0.0,97.79756678123869,2.69321346282959,0.0844985619187355,1.3404099941253662,-0.5601545572280884,-0.2374434918165207,0.2365545183420181,0.7575550079345703,10,1.0,1.0,-1.0,1.0,0,0,0.03,0.4889330556820198,33,180,thymio-09
194,1788221914.068172,10000.0,10000.0,0.0,97.79756678123869,2.69321346282959,0.0844985619187355,1.3404099941253662,-0.5601545572280884,-0.2374434918165207,0.2365545183420181,0.7575550079345703,10,1.0,1.0,-1.0,1.0,0,0,0.03,0.4177624261587732,44,170,thymio-09
195,1788221914.6720488,10000.0,10000.0,0.0,97.79756678123869,2.69321346282959,0.0844985619187355,1.3404099941253662,-0.5601545572280884,-0.2374434918165207,0.2365545183420181,0.7575550079345703,10,1.0,1.0,-1.0,1.0,0,0,0.03,0.3484488210849764,54,159,thymio-09
196,1788221915.2753606,10000.0,10000.0,0.0,97.79756678123869,2.69321346282959,0.0844985619187355,1.3404099941253662,-0.5601545572280884,-0.2374434918165207,0.2365545183420181,0.7575550079345703,10,1.0,1.0,-1.0,1.0,1933,0,0.03,0.292012123428483,62,151,thymio-09
197,1788221915.8784964,10000.0,10000.0,0.0,97.79756678123869,2.69321346282959,0.0844985619187355,1.3404099941253662,-0.5601545572280884,-0.2374434918165207,0.2365545183420181,0.7575550079345703,10,1.0,1.0,-1.0,1.0,2331,0,-0.08,0.2490302746961533,-322,-247,thymio-09
1,1788221797.595599,2.057623624801636,0.0293862167745828,0.6888082488333418,100.0,2.057623624801636,0.0907265022397041,0.0293862167745828,-0.1890673339366912,-0.795734167098999,-0.5496847033500671,-0.1700222790241241,10,0.0046925259169188,1.0,0.4558904168153097,-0.6759924146449824,0,0,-0.0241330409180263,0.6072390205910241,-177,6,thymio-25
2,1788221798.1988204,2.917670726776123,-0.5249419212341309,-1.344415044309237,100.0,2.917670726776123,0.0787178352475166,-0.5249419212341309,-0.4398431479930877,0.199194848537445,0.382556289434433,0.7877245545387268,10,1.0,-0.5312489634522883,-0.6555904574942155,-0.6912402763654013,0,0,0.0564190602734051,0.5279972460198167,121,280,thymio-25
3,1788221798.8074338,2.917670726776123,-0.5249419212341309,-1.344415044309237,99.9,2.917670726776123,0.0787178352475166,-0.5249419212341309,-0.4398431479930877,0.199194848537445,0.382556289434433,0.7877245545387268,10,1.0,-0.5312489634522883,-0.6555904574942155,-0.6912402763654013,0,0,0.0961477596063964,0.6218854482850407,248,436,thymio-25
4,1788221799.4107409,10000.0,10000.0,0.0,99.9,2.917670726776123,0.0787178352475166,-0.5249419212341309,-0.4398431479930877,0.199194848537445,0.382556289434433,0.7877245545387268,10,1.0,1.0,-1.0,1.0,2798,0,-0.08,0.418710493648633,-347,-221,thymio-25
5,1788221800.0141618,10000.0,10000.0,0.0,99.9,2.917670726776123,0.0787178352475166,-0.5249419212341309,-0.4398431479930877,0.199194848537445,0.382556289434433,0.7877245545387268,10,1.0,1.0,-1.0,1.0,0,0,-0.03,0.1208513624948452,-125,-88,thymio-25
6,1788221800.6180196,2.9019458293914795,-0.5224613547325134,-1.0576611970273664,99.9,2.9019458293914795,0.0795040354132652,-0.5224613547325134,-0.3724494874477386,0.3032942414283752,0.4657899439334869,0.743191659450531,10,1.0,-0.5613343182952958,-0.6311490247780337,-0.7039368155400848,0,0,-0.0947822843839145,-0.2179157598957652,-304,-370,thymio-25
7,1788221801.2264853,2.9019458293914795,-0.5224613547325134,-1.0576611970273664,99.8,2.9019458293914795,0.0795040354132652,-0.5224613547325134,-0.3724494874477386,0.3032942414283752,0.4657899439334869,0.743191659450531,10,1.0,-0.5613343182952958,-0.6311490247780337,-0.7039368155400848,0,0,-0.0977204941683481,-0.1061837905182369,-331,-363,thymio-25
8,1788221801.830148,10000.0,10000.0,0.0,99.8,2.9019458293914795,0.0795040354132652,-0.5224613547325134,-0.3724494874477386,0.3032942414283752,0.4657899439334869,0.743191659450531,10,1.0,1.0,-1.0,1.0,0,0,-0.03,-0.1008845242913169,-91,-122,thymio-25
9,1788221802.4335487,10000.0,10000.0,0.0,99.8,2.9019458293914795,0.0795040354132652,-0.5224613547325134,-0.3724494874477386,0.3032942414283752,0.4657899439334869,0.743191659450531,10,1.0,1.0,-1.0,1.0,0,0,-0.03,-0.0019890541900335,-106,-107,thymio-25
10,1788221803.0365984,10000.0,10000.0,0.0,99.8,2.9019458293914795,0.0795040354132652,-0.5224613547325134,-0.3724494874477386,0.3032942414283752,0.4657899439334869,0.743191659450531,10,1.0,1.0,-1.0,1.0,0,0,-0.03,0.0290787695113472,-111,-102,thymio-25
11,1788221803.6404045,10000.0,10000.0,0.0,99.8,2.9019458293914795,0.0795040354132652,-0.5224613547325134,-0.3724494874477386,0.3032942414283752,0.4657899439334869,0.743191659450531,10,1.0,1.0,-1.0,1.0,0,0,-0.03,0.0233865353420693,-110,-103,thymio-25
12,1788221804.2439132,10000.0,10000.0,0.0,99.8,2.9019458293914795,0.0795040354132652,-0.5224613547325134,-0.3724494874477386,0.3032942414283752,0.4657899439334869,0.743191659450531,10,1.0,1.0,-1.0,1.0,0,3865,0.08,0.0109893940560517,283,286,thymio-25
13,1788221804.8472817,2.9306671619415283,-0.3955660164356231,0.0943011792498711,99.8,2.9306671619415283,0.0805068686604499,-0.3955660164356231,-0.1708693653345108,0.5538049340248108,0.5588361620903015,0.5931323766708374,10,-0.6610944107218473,-0.6291058392433715,1.0,-0.798132585176057,0,2529,0.08,-0.0252254264181899,288,280,thymio-25
14,1788221805.4558773,2.9306671619415283,-0.3955660164356231,0.0943011792498711,99.70000000000002,2.9306671619415283,0.0805068686604499,-0.3955660164356231,-0.1708693653345108,0.5538049340248108,0.5588361620903015,0.5931323766708374,10,-0.6610944107218473,-0.6291058392433715,1.0,-0.798132585176057,0,0,0.0317700863860153,0.5938728174844845,23,203,thymio-25
15,1788221806.0592053,10000.0,10000.0,0.0,99.70000000000002,2.9306671619415283,0.0805068686604499,-0.3955660164356231,-0.1708693653345108,0.5538049340248108,0.5588361620903015,0.5931323766708374,10,1.0,1.0,-1.0,1.0,0,0,0.03,-0.1016033107651297,122,91,thymio-25
16,1788221806.6627927,10000.0,10000.0,0.0,99.70000000000002,2.9306671619415283,0.0805068686604499,-0.3955660164356231,-0.1708693653345108,0.5538049340248108,0.5588361620903015,0.5931323766708374,10,1.0,1.0,-1.0,1.0,0,0,0.03,-0.0466193313656782,114,100,thymio-25
17,1788221807.266112,2.93545150756836,-0.4455614387989044,0.310642772700668,99.70000000000002,2.93545150756836,0.0796000361442565,-0.4455614387989044,-0.1272099614143371,0.5981906056404114,0.5778685212135315,0.54041987657547,10,-0.6228541758045383,-0.6098318582569134,1.0,-0.6605721485198819,0,0,0.1438853581894111,-0.1320617612018776,500,491,thymio-25
18,1788221807.875042,2.93545150756836,-0.4455614387989044,0.310642772700668,99.60000000000002,2.93545150756836,0.0796000361442565,-0.4455614387989044,-0.1272099614143371,0.5981906056404114,0.5778685212135315,0.54041987657547,10,-0.6228541758045383,-0.6098318582569134,1.0,-0.6605721485198819,0,0,0.1423420756359499,-0.271728490808661,500,465,thymio-25
19,1788221808.4789324,10000.0,10000.0,0.0,99.60000000000002,2.93545150756836,0.0796000361442565,-0.4455614387989044,-0.1272099614143371,0.5981906056404114,0.5778685212135315,0.54041987657547,10,1.0,1.0,-1.0,1.0,4754,0,-0.08,-0.2387628396213314,-248,-320,thymio-25
20,1788221809.081717,10000.0,10000.0,0.0,99.60000000000002,2.93545150756836,0.0796000361442565,-0.4455614387989044,-0.1272099614143371,0.5981906056404114,0.5778685212135315,0.54041987657547,10,1.0,1.0,-1.0,1.0,2610,0,-0.08,-0.4594927998782542,-215,-354,thymio-25
21,1788221809.6851408,10000.0,10000.0,0.0,99.60000000000002,2.93545150756836,0.0796000361442565,-0.4455614387989044,-0.1272099614143371,0.5981906056404114,0.5778685212135315,0.54041987657547,10,1.0,1.0,-1.0,1.0,0,0,0.03,-0.6164153555919998,200,14,thymio-25
22,1788221810.2881403,2.9172191619873047,-0.5690069794654846,0.3651672013134974,99.60000000000002,2.9172191619873047,0.0789463371038436,-0.5690069794654846,-0.1095915958285331,0.6136665940284729,0.581416130065918,0.5228368639945984,10,-0.6144087688850899,-0.7883139706849043,1.0,-0.6390764515516854,0,0,0.0243398401736266,-0.5895939565577116,176,-3,thymio-25
23,1788221810.8973038,2.9172191619873047,-0.5690069794654846,0.3651672013134974,99.50000000000004,2.9172191619873047,0.0789463371038436,-0.5690069794654846,-0.1095915958285331,0.6136665940284729,0.581416130065918,0.5228368639945984,10,-0.6144087688850899,-0.7883139706849043,1.0,-0.6390764515516854,0,0,0.0362397907881381,-0.5043274146272126,205,53,thymio-25
24,1788221811.500511,10000.0,10000.0,0.0,99.50000000000004,2.9172191619873047,0.0789463371038436,-0.5690069794654846,-0.1095915958285331,0.6136665940284729,0.581416130065918,0.5228368639945984,10,1.0,1.0,-1.0,1.0,0,0,0.03,-0.3506190104626071,160,54,thymio-25
25,1788221812.1035717,10000.0,10000.0,0.0,99.50000000000004,2.9172191619873047,0.0789463371038436,-0.5690069794654846,-0.1095915958285331,0.6136665940284729,0.581416130065918,0.5228368639945984,10,1.0,1.0,-1.0,1.0,0,0,0.03,-0.6066268202269499,198,15,thymio-25
26,1788221812.7074404,10000.0,10000.0,0.0,99.50000000000004,2.9172191619873047,0.0789463371038436,-0.5690069794654846,-0.1095915958285331,0.6136665940284729,0.581416130065918,0.5228368639945984,10,1.0,1.0,-1.0,1.0,0,0,0.03,-0.6226272470525193,201,13,thymio-25
27,1788221813.3104627,10000.0,10000.0,0.0,99.50000000000004,2.9172191619873047,0.0789463371038436,-0.5690069794654846,-0.1095915958285331,0.6136665940284729,0.581416130065918,0.5228368639945984,10,1.0,1.0,-1.0,1.0,0,0,0.03,-0.6191561919443496,200,13,thymio-25
28,1788221813.9137387,2.946450710296631,-0.5389801859855652,-1.4648243745021912,99.50000000000004,2.946450710296631,0.0792896151542663,-0.5389801859855652,-0.5230442881584167,-0.0052553755231201,0.2698468267917633,0.8084427714347839,10,1.0,-0.4807362999761885,-0.7252924473344888,-0.5138027796510702,0,0,0.0113062985513811,-0.4872153480689977,114,-33,thymio-25
29,1788221814.521922,2.946450710296631,-0.5389801859855652,-1.4648243745021912,99.40000000000003,2.946450710296631,0.0792896151542663,-0.5389801859855652,-0.5230442881584167,-0.0052553755231201,0.2698468267917633,0.8084427714347839,10,1.0,-0.4807362999761885,-0.7252924473344888,-0.5138027796510702,0,0,0.0067434052886799,-0.4338758949776573,89,-42,thymio-25
30,1788221815.1253965,10000.0,10000.0,0.0,99.40000000000003,2.946450710296631,0.0792896151542663,-0.5389801859855652,-0.5230442881584167,-0.0052553755231201,0.2698468267917633,0.8084427714347839,10,1.0,1.0,-1.0,1.0,0,0,0.03,-0.5724936246293857,193,20,thymio-25
31,1788221815.728644,10000.0,10000.0,0.0,99.40000000000003,2.946450710296631,0.0792896151542663,-0.5389801859855652,-0.5230442881584167,-0.0052553755231201,0.2698468267917633,0.8084427714347839,10,1.0,1.0,-1.0,1.0,0,0,0.0039455232784553,-0.5929889681458236,104,-76,thymio-25
32,1788221816.3315072,10000.0,10000.0,0.0,99.40000000000003,2.946450710296631,0.0792896151542663,-0.5389801859855652,-0.5230442881584167,-0.0052553755231201,0.2698468267917633,0.8084427714347839,10,1.0,1.0,-1.0,1.0,0,0,-0.03,-0.5739878661029755,-20,-193,thymio-25
33,1788221816.935318,10000.0,10000.0,0.0,99.40000000000003,2.946450710296631,0.0792896151542663,-0.5389801859855652,-0.5230442881584167,-0.0052553755231201,0.2698468267917633,0.8084427714347839,10,1.0,1.0,-1.0,1.0,0,0,-0.03,-0.509503894209867,-30,-184,thymio-25
34,1788221817.5381763,2.9816102981567383,-0.474408358335495,-0.9192675260811604,99.40000000000003,2.9816102981567383,0.0789605379104614,-0.474408358335495,-0.5761382579803467,-0.572059154510498,-0.183406114578247,0.5542340278625488,10,1.0,-0.3644090508019747,-0.5478029341140991,-0.6270590959484013,0,0,-0.1586011383961414,-0.0129958577688595,-500,-500,thymio-25
35,1788221818.1474926,2.9816102981567383,-0.474408358335495,-0.9192675260811604,99.30000000000004,2.9816102981567383,0.0789605379104614,-0.474408358335495,-0.5761382579803467,-0.572059154510498,-0.183406114578247,0.5542340278625488,10,1.0,-0.3644090508019747,-0.5478029341140991,-0.6270590959484013,0,0,-0.1373843743929344,0.007770790044364,-489,-487,thymio-25
36,1788221818.7509286,10000.0,10000.0,0.0,99.30000000000004,2.9816102981567383,0.0789605379104614,-0.474408358335495,-0.5761382579803467,-0.572059154510498,-0.183406114578247,0.5542340278625488,10,1.0,1.0,-1.0,1.0,0,0,-0.03,0.1059334319933734,-123,-91,thymio-25
37,1788221819.354731,10000.0,10000.0,0.0,99.30000000000004,2.9816102981567383,0.0789605379104614,-0.474408358335495,-0.5761382579803467,-0.572059154510498,-0.183406114578247,0.5542340278625488,10,1.0,1.0,-1.0,1.0,0,0,-0.03,0.2535723065717155,-145,-68,thymio-25
38,1788221819.957983,10000.0,10000.0,0.0,99.30000000000004,2.9816102981567383,0.0789605379104614,-0.474408358335495,-0.5761382579803467,-0.572059154510498,-0.183406114578247,0.5542340278625488,10,1.0,1.0,-1.0,1.0,0,0,-0.03,0.2789596017037944,-149,-64,thymio-25
39,1788221820.5612323,10000.0,10000.0,0.0,99.30000000000004,2.9816102981567383,0.0789605379104614,-0.474408358335495,-0.5761382579803467,-0.572059154510498,-0.183406114578247,0.5542340278625488,10,1.0,1.0,-1.0,1.0,0,0,-0.03,0.1544025138421747,-130,-83,thymio-25
40,1788221821.1647282,3.008323907852173,-0.4758581221103668,0.5546153221654633,99.30000000000004,3.008323907852173,0.082706019282341,-0.4758581221103668,-0.2898876070976257,-0.7748069763183594,-0.54503333568573,-0.1363014876842498,10,-0.4661823448774611,-0.4603255191693723,1.0,-0.1353168853676515,0,0,0.0041473029258749,0.0356441587641655,9,20,thymio-25
41,1788221821.7726574,3.008323907852173,-0.4758581221103668,0.5546153221654633,99.20000000000005,3.008323907852173,0.082706019282341,-0.4758581221103668,-0.2898876070976257,-0.7748069763183594,-0.54503333568573,-0.1363014876842498,10,-0.4661823448774611,-0.4603255191693723,1.0,-0.1353168853676515,0,0,0.1935505428900238,0.5814582363014267,500,500,thymio-25
42,1788221822.3763666,10000.0,10000.0,0.0,99.20000000000005,3.008323907852173,0.082706019282341,-0.4758581221103668,-0.2898876070976257,-0.7748069763183594,-0.54503333568573,-0.1363014876842498,10,1.0,1.0,-1.0,1.0,0,0,0.03,-0.0507180316250116,114,99,thymio-25
43,1788221822.9797933,3.2415711879730225,-0.4180200397968292,0.3776111159180848,99.20000000000005,3.2415711879730225,0.078334130346775,-0.4180200397968292,-0.4200915098190307,-0.8289730548858643,-0.3692242801189422,0.0005690127727575,10,-0.3573612270066214,1.0,1.0,-0.3553877438675769,0,0,0.1951655962460577,0.1602182860399444,500,500,thymio-25
44,1788221823.588535,3.2415711879730225,-0.4180200397968292,0.3776111159180848,99.10000000000004,3.2415711879730225,0.078334130346775,-0.4180200397968292,-0.4200915098190307,-0.8289730548858643,-0.3692242801189422,0.0005690127727575,10,-0.3573612270066214,1.0,1.0,-0.3553877438675769,0,0,0.1780256234197372,0.4654061888080428,500,500,thymio-25
45,1788221824.1922977,10000.0,10000.0,0.0,99.10000000000004,3.2415711879730225,0.078334130346775,-0.4180200397968292,-0.4200915098190307,-0.8289730548858643,-0.3692242801189422,0.0005690127727575,10,1.0,1.0,-1.0,1.0,0,0,0.03,0.5137022593332778,29,184,thymio-25
46,1788221824.7958024,3.0333826541900635,-0.3896338045597076,0.55422955075705,99.10000000000004,3.0333826541900635,0.0812012627720832,-0.3896338045597076,-0.3629677891731262,-0.7939190864562988,-0.4872393906116485,0.0233377330005168,10,-0.7512553626922072,1.0,1.0,-0.2849934031485291,3736,0,-0.08,0.6057870024799364,-376,-193,thymio-25
47,1788221825.4046392,3.0333826541900635,-0.3896338045597076,0.55422955075705,99.00000000000006,3.0333826541900635,0.0812012627720832,-0.3896338045597076,-0.3629677891731262,-0.7939190864562988,-0.4872393906116485,0.0233377330005168,10,-0.7512553626922072,1.0,1.0,-0.2849934031485291,0,0,0.0670591014721525,0.4219101036582739,175,302,thymio-25
48,1788221826.0082088,10000.0,10000.0,0.0,99.00000000000006,3.0333826541900635,0.0812012627720832,-0.3896338045597076,-0.3629677891731262,-0.7939190864562988,-0.4872393906116485,0.0233377330005168,10,1.0,1.0,-1.0,1.0,0,0,0.03,-0.0151982574714723,109,104,thymio-25
49,1788221826.6120348,10000.0,10000.0,0.0,99.00000000000006,3.0333826541900635,0.0812012627720832,-0.3896338045597076,-0.3629677891731262,-0.7939190864562988,-0.4872393906116485,0.0233377330005168,10,1.0,1.0,-1.0,1.0,0,0,0.03,0.0926615894455431,93,121,thymio-25
50,1788221827.2160716,2.973817586898804,-0.3769675493240356,0.3154113305225823,99.00000000000006,2.973817586898804,0.0803184211254119,-0.3769675493240356,-0.4695387780666351,-0.740803599357605,-0.3807264864444732,0.2929006814956665,10,-0.3552561957225696,-0.1888634916785996,1.0,-0.6896726952140675,0,0,0.1199491505195954,0.1724628720122829,400,452,thymio-25
51,1788221827.8251674,2.973817586898804,-0.3769675493240356,0.3154113305225823,98.90000000000006,2.973817586898804,0.0803184211254119,-0.3769675493240356,-0.4695387780666351,-0.740803599357605,-0.3807264864444732,0.2929006814956665,10,-0.3552561957225696,-0.1888634916785996,1.0,-0.6896726952140675,0,0,0.1204183403300487,0.0263001190133432,424,432,thymio-25
52,1788221828.4282117,10000.0,10000.0,0.0,98.90000000000006,2.973817586898804,0.0803184211254119,-0.3769675493240356,-0.4695387780666351,-0.740803599357605,-0.3807264864444732,0.2929006814956665,10,1.0,1.0,-1.0,1.0,4829,0,-0.08,-0.3178653646036994,-236,-332,thymio-25
53,1788221829.0312262,2.9150729179382324,-0.3142722845077514,0.1102282005693067,98.90000000000006,2.9150729179382324,0.0804217010736465,-0.3142722845077514,-0.5000811219215393,-0.7247999310493469,-0.3248068988323211,0.3450861871242523,10,-0.3607903783565392,1.0,1.0,-0.7335187159574725,2804,0,-0.08,-0.1781191637698166,-257,-311,thymio-25
54,1788221829.6401846,2.9150729179382324,-0.3142722845077514,0.1102282005693067,98.80000000000008,2.9150729179382324,0.0804217010736465,-0.3142722845077514,-0.5000811219215393,-0.7247999310493469,-0.3248068988323211,0.3450861871242523,10,-0.3607903783565392,1.0,1.0,-0.7335187159574725,1929,0,0.0827265918399736,-0.1352410527445089,314,274,thymio-25
55,1788221830.244202,10000.0,10000.0,0.0,98.80000000000008,2.9150729179382324,0.0804217010736465,-0.3142722845077514,-0.5000811219215393,-0.7247999310493469,-0.3248068988323211,0.3450861871242523,10,1.0,1.0,-1.0,1.0,4811,0,-0.08,-0.2085483128455388,-253,-316,thymio-25
56,1788221830.8478534,10000.0,10000.0,0.0,98.80000000000008,2.9150729179382324,0.0804217010736465,-0.3142722845077514,-0.5000811219215393,-0.7247999310493469,-0.3248068988323211,0.3450861871242523,10,1.0,1.0,-1.0,1.0,4439,0,-0.08,-0.3096912840270835,-237,-331,thymio-25
57,1788221831.4513664,10000.0,10000.0,0.0,98.80000000000008,2.9150729179382324,0.0804217010736465,-0.3142722845077514,-0.5000811219215393,-0.7247999310493469,-0.3248068988323211,0.3450861871242523,10,1.0,1.0,-1.0,1.0,0,0,0.03,-0.4694829121615861,177,36,thymio-25
58,1788221832.0543926,10000.0,10000.0,0.0,98.80000000000008,2.9150729179382324,0.0804217010736465,-0.3142722845077514,-0.5000811219215393,-0.7247999310493469,-0.3248068988323211,0.3450861871242523,10,1.0,1.0,-1.0,1.0,0,0,0.03,-0.4668656452444731,177,36,thymio-25
59,1788221832.659118,2.86186957359314,-0.2455100864171981,0.1989641827449988,98.80000000000008,2.86186957359314,0.0822910591959953,-0.2455100864171981,-0.4792383015155792,-0.7350313663482666,-0.3345143795013428,0.3437437415122986,10,-0.8304847891542536,1.0,1.0,-0.1999966289555401,0,0,0.005888537763926,-0.4384657622562558,87,-45,thymio-25
60,1788221833.2671618,2.86186957359314,-0.2455100864171981,0.1989641827449988,98.70000000000007,2.86186957359314,0.0822910591959953,-0.2455100864171981,-0.4792383015155792,-0.7350313663482666,-0.3345143795013428,0.3437437415122986,10,-0.8304847891542536,1.0,1.0,-0.1999966289555401,0,0,0.0069761330450803,0.2375525325403285,-11,61,thymio-25
61,1788221833.870073,10000.0,10000.0,0.0,98.70000000000007,2.86186957359314,0.0822910591959953,-0.2455100864171981,-0.4792383015155792,-0.7350313663482666,-0.3345143795013428,0.3437437415122986,10,1.0,1.0,-1.0,1.0,0,0,0.03,0.3916942942804319,47,166,thymio-25
62,1788221834.473281,10000.0,10000.0,0.0,98.70000000000007,2.86186957359314,0.0822910591959953,-0.2455100864171981,-0.4792383015155792,-0.7350313663482666,-0.3345143795013428,0.3437437415122986,10,1.0,1.0,-1.0,1.0,0,0,0.03,0.4622927605771696,37,176,thymio-25
63,1788221835.0762177,10000.0,10000.0,0.0,98.70000000000007,2.86186957359314,0.0822910591959953,-0.2455100864171981,-0.4792383015155792,-0.7350313663482666,-0.3345143795013428,0.3437437415122986,10,1.0,1.0,-1.0,1.0,0,0,0.03,0.6065643423735522,15,198,thymio-25
64,1788221835.6794553,10000.0,10000.0,0.0,98.70000000000007,2.86186957359314,0.0822910591959953,-0.2455100864171981,-0.4792383015155792,-0.7350313663482666,-0.3345143795013428,0.3437437415122986,10,1.0,1.0,-1.0,1.0,3181,0,-0.08,0.5202958135421941,-363,-206,thymio-25
65,1788221836.2824385,10000.0,10000.0,0.0,98.70000000000007,2.86186957359314,0.0822910591959953,-0.2455100864171981,-0.4792383015155792,-0.7350313663482666,-0.3345143795013428,0.3437437415122986,10,1.0,1.0,-1.0,1.0,0,0,0.03,-0.0422904208450442,113,100,thymio-25
66,1788221836.8864143,10000.0,10000.0,0.0,98.70000000000007,2.86186957359314,0.0822910591959953,-0.2455100864171981,-0.4792383015155792,-0.7350313663482666,-0.3345143795013428,0.3437437415122986,10,1.0,1.0,-1.0,1.0,0,0,0.03,-0.6048097223950483,198,15,thymio-25
67,1788221837.490365,10000.0,10000.0,0.0,98.70000000000007,2.86186957359314,0.0822910591959953,-0.2455100864171981,-0.4792383015155792,-0.7350313663482666,-0.3345143795013428,0.3437437415122986,10,1.0,1.0,-1.0,1.0,0,0,0.03,-0.6175285828868639,200,13,thymio-25
68,1788221838.0944302,2.9327645301818848,-0.3353876173496246,0.689124802026154,98.70000000000007,2.9327645301818848,0.0808117091655731,-0.3353876173496246,-0.1559214144945144,-0.7771144509315491,-0.5723136067390442,-0.2103301286697387,10,-0.6249710853936399,1.0,1.0,-0.7047234632197816,0,0,0.0503109371248202,-0.2142146039366874,211,146,thymio-25
69,1788221838.7032409,2.9327645301818848,-0.3353876173496246,0.689124802026154,98.60000000000008,2.9327645301818848,0.0808117091655731,-0.3353876173496246,-0.1559214144945144,-0.7771144509315491,-0.5723136067390442,-0.2103301286697387,10,-0.6249710853936399,1.0,1.0,-0.7047234632197816,0,0,0.1075991080746417,0.483911581212831,309,455,thymio-25
70,1788221839.3069022,10000.0,10000.0,0.0,98.60000000000008,2.9327645301818848,0.0808117091655731,-0.3353876173496246,-0.1559214144945144,-0.7771144509315491,-0.5723136067390442,-0.2103301286697387,10,1.0,1.0,-1.0,1.0,0,0,0.03,-0.2052227476037116,138,76,thymio-25
71,1788221839.9100878,10000.0,10000.0,0.0,98.60000000000008,2.9327645301818848,0.0808117091655731,-0.3353876173496246,-0.1559214144945144,-0.7771144509315491,-0.5723136067390442,-0.2103301286697387,10,1.0,1.0,-1.0,1.0,0,0,0.03,-0.1504903718295796,129,84,thymio-25
72,1788221840.514201,10000.0,10000.0,0.0,98.60000000000008,2.9327645301818848,0.0808117091655731,-0.3353876173496246,-0.1559214144945144,-0.7771144509315491,-0.5723136067390442,-0.2103301286697387,10,1.0,1.0,-1.0,1.0,0,0,0.03,0.0066775344082236,106,108,thymio-25
73,1788221841.117395,10000.0,10000.0,0.0,98.60000000000008,2.9327645301818848,0.0808117091655731,-0.3353876173496246,-0.1559214144945144,-0.7771144509315491,-0.5723136067390442,-0.2103301286697387,10,1.0,1.0,-1.0,1.0,0,0,0.03,-0.0402998563680471,113,101,thymio-25
74,1788221841.7207022,10000.0,10000.0,0.0,98.60000000000008,2.9327645301818848,0.0808117091655731,-0.3353876173496246,-0.1559214144945144,-0.7771144509315491,-0.5723136067390442,-0.2103301286697387,10,1.0,1.0,-1.0,1.0,0,0,0.03,-0.3613708463408606,161,52,thymio-25
75,1788221842.3242164,10000.0,10000.0,0.0,98.60000000000008,2.9327645301818848,0.0808117091655731,-0.3353876173496246,-0.1559214144945144,-0.7771144509315491,-0.5723136067390442,-0.2103301286697387,10,1.0,1.0,-1.0,1.0,0,0,0.03,-0.581508258052585,194,19,thymio-25
76,1788221842.9274871,10000.0,10000.0,0.0,98.60000000000008,2.9327645301818848,0.0808117091655731,-0.3353876173496246,-0.1559214144945144,-0.7771144509315491,-0.5723136067390442,-0.2103301286697387,10,1.0,1.0,-1.0,1.0,0,0,0.03,-0.6168690443705043,200,13,thymio-25
77,1788221843.530898,10000.0,10000.0,0.0,98.60000000000008,2.9327645301818848,0.0808117091655731,-0.3353876173496246,-0.1559214144945144,-0.7771144509315491,-0.5723136067390442,-0.2103301286697387,10,1.0,1.0,-1.0,1.0,0,0,0.03,-0.6201314410777435,200,13,thymio-25
78,1788221844.134426,10000.0,10000.0,0.0,98.60000000000008,2.9327645301818848,0.0808117091655731,-0.3353876173496246,-0.1559214144945144,-0.7771144509315491,-0.5723136067390442,-0.2103301286697387,10,1.0,1.0,-1.0,1.0,0,0,0.03,-0.6215703467396532,200,13,thymio-25
79,1788221844.737522,10000.0,10000.0,0.0,98.60000000000008,2.9327645301818848,0.0808117091655731,-0.3353876173496246,-0.1559214144945144,-0.7771144509315491,-0.5723136067390442,-0.2103301286697387,10,1.0,1.0,-1.0,1.0,0,0,0.03,-0.6220928930208868,201,13,thymio-25
80,1788221845.3413095,2.689619302749634,-0.3786448240280151,0.64311187840153,98.60000000000008,2.689619302749634,0.0833866074681282,-0.3786448240280151,-0.25520721077919,-0.790178120136261,-0.5458860993385315,-0.1117865890264511,10,-0.5491486934601093,1.0,1.0,-0.764062817883451,0,0,0.0291583195403549,-0.3373458456582824,155,53,thymio-25
81,1788221845.9497025,2.689619302749634,-0.3786448240280151,0.64311187840153,98.50000000000009,2.689619302749634,0.0833866074681282,-0.3786448240280151,-0.25520721077919,-0.790178120136261,-0.5458860993385315,-0.1117865890264511,10,-0.5491486934601093,1.0,1.0,-0.764062817883451,0,0,0.0607894201004962,0.2459195734693911,179,253,thymio-25
82,1788221846.5532498,10000.0,10000.0,0.0,98.50000000000009,2.689619302749634,0.0833866074681282,-0.3786448240280151,-0.25520721077919,-0.790178120136261,-0.5458860993385315,-0.1117865890264511,10,1.0,1.0,-1.0,1.0,0,0,0.03,-0.3682062444970354,162,51,thymio-25
83,1788221847.156938,10000.0,10000.0,0.0,98.50000000000009,2.689619302749634,0.0833866074681282,-0.3786448240280151,-0.25520721077919,-0.790178120136261,-0.5458860993385315,-0.1117865890264511,10,1.0,1.0,-1.0,1.0,0,0,0.03,-0.1856696012550191,135,79,thymio-25
84,1788221847.7606914,10000.0,10000.0,0.0,98.50000000000009,2.689619302749634,0.0833866074681282,-0.3786448240280151,-0.25520721077919,-0.790178120136261,-0.5458860993385315,-0.1117865890264511,10,1.0,1.0,-1.0,1.0,0,0,0.03,-0.1024974542980453,122,91,thymio-25
85,1788221848.3638413,10000.0,10000.0,0.0,98.50000000000009,2.689619302749634,0.0833866074681282,-0.3786448240280151,-0.25520721077919,-0.790178120136261,-0.5458860993385315,-0.1117865890264511,10,1.0,1.0,-1.0,1.0,0,0,0.03,-0.1029710024756684,122,91,thymio-25
86,1788221848.9670036,10000.0,10000.0,0.0,98.50000000000009,2.689619302749634,0.0833866074681282,-0.3786448240280151,-0.25520721077919,-0.790178120136261,-0.5458860993385315,-0.1117865890264511,10,1.0,1.0,-1.0,1.0,0,0,0.03,-0.282524726182789,149,64,thymio-25
87,1788221849.5706809,10000.0,10000.0,0.0,98.50000000000009,2.689619302749634,0.0833866074681282,-0.3786448240280151,-0.25520721077919,-0.790178120136261,-0.5458860993385315,-0.1117865890264511,10,1.0,1.0,-1.0,1.0,0,0,0.03,-0.4705624917609681,178,36,thymio-25
88,1788221850.1742983,10000.0,10000.0,0.0,98.50000000000009,2.689619302749634,0.0833866074681282,-0.3786448240280151,-0.25520721077919,-0.790178120136261,-0.5458860993385315,-0.1117865890264511,10,1.0,1.0,-1.0,1.0,0,0,0.03,-0.5900223696587217,196,17,thymio-25
89,1788221850.7779777,2.7709438800811768,-0.5390308499336243,-1.317921675349934,98.50000000000009,2.7709438800811768,0.0808445364236831,-0.5390308499336243,0.4585061967372894,-0.1429150998592376,-0.3856531977653503,-0.7877938747406006,10,1.0,-0.4119776875151651,1.0,-0.4722276546610405,0,0,0.1512010981114291,-0.532153575331787,500,457,thymio-25
90,1788221851.386306,2.7709438800811768,-0.5390308499336243,-1.317921675349934,98.40000000000008,2.7709438800811768,0.0808445364236831,-0.5390308499336243,0.4585061967372894,-0.1429150998592376,-0.3856531977653503,-0.7877938747406006,10,1.0,-0.4119776875151651,1.0,-0.4722276546610405,0,0,0.1897622806264867,-0.5294086857491586,500,500,thymio-25
91,1788221851.9896133,10000.0,10000.0,0.0,98.40000000000008,2.7709438800811768,0.0808445364236831,-0.5390308499336243,0.4585061967372894,-0.1429150998592376,-0.3856531977653503,-0.7877938747406006,10,1.0,1.0,-1.0,1.0,0,0,0.03,-0.597216817355674,197,16,thymio-25
92,1788221852.5927353,10000.0,10000.0,0.0,98.40000000000008,2.7709438800811768,0.0808445364236831,-0.5390308499336243,0.4585061967372894,-0.1429150998592376,-0.3856531977653503,-0.7877938747406006,10,1.0,1.0,-1.0,1.0,0,0,0.03,-0.5844087832741935,195,18,thymio-25
93,1788221853.1965935,2.9872536659240723,-0.4197378158569336,-2.7164799204874126,98.40000000000008,2.9872536659240723,0.0791086703538894,-0.4197378158569336,0.7720829844474792,-0.4422542154788971,0.1859188079833984,0.4168132543563843,10,1.0,-0.5159310827746697,-0.0763331991867855,1.0,0,0,0.1094584571246587,-0.6089954558120536,481,297,thymio-25
94,1788221853.804846,2.9872536659240723,-0.4197378158569336,-2.7164799204874126,98.3000000000001,2.9872536659240723,0.0791086703538894,-0.4197378158569336,0.7720829844474792,-0.4422542154788971,0.1859188079833984,0.4168132543563843,10,1.0,-0.5159310827746697,-0.0763331991867855,1.0,0,0,-0.0003049468285268,-0.6236532435380033,93,-95,thymio-25
95,1788221854.4079378,10000.0,10000.0,0.0,98.3000000000001,2.9872536659240723,0.0791086703538894,-0.4197378158569336,0.7720829844474792,-0.4422542154788971,0.1859188079833984,0.4168132543563843,10,1.0,1.0,-1.0,1.0,0,0,0.03,-0.5919023567870125,196,17,thymio-25
96,1788221855.01237,2.987157106399536,-0.3121361136436462,-0.7943959230840578,98.3000000000001,2.987157106399536,0.0810674428939819,-0.3121361136436462,0.5807836055755615,0.5935531258583069,0.196415975689888,-0.521350085735321,10,0.6959170681907443,-0.0336933562767804,1.0,-0.5659103621415382,0,0,0.0426335570962778,-0.6202868986665434,245,58,thymio-25
97,1788221855.6212573,2.987157106399536,-0.3121361136436462,-0.7943959230840578,98.2000000000001,2.987157106399536,0.0810674428939819,-0.3121361136436462,0.5807836055755615,0.5935531258583069,0.196415975689888,-0.521350085735321,10,0.6959170681907443,-0.0336933562767804,1.0,-0.5659103621415382,0,0,-0.015362266861425,-0.4021038539696536,6,-115,thymio-25
98,1788221856.2246566,10000.0,10000.0,0.0,98.2000000000001,2.987157106399536,0.0810674428939819,-0.3121361136436462,0.5807836055755615,0.5935531258583069,0.196415975689888,-0.521350085735321,10,1.0,1.0,-1.0,1.0,0,0,0.03,-0.5952620049559745,196,17,thymio-25
99,1788221856.8283963,10000.0,10000.0,0.0,98.2000000000001,2.987157106399536,0.0810674428939819,-0.3121361136436462,0.5807836055755615,0.5935531258583069,0.196415975689888,-0.521350085735321,10,1.0,1.0,-1.0,1.0,0,0,0.03,-0.5769954955879313,194,19,thymio-25
100,1788221857.4319713,2.9544012546539307,-0.2989130914211273,0.4593247365847741,98.2000000000001,2.9544012546539307,0.0800061374902725,-0.2989130914211273,0.4315613806247711,0.7734699845314026,0.4185681343078613,-0.2007476538419723,10,-0.5452071826304337,1.0,1.0,0.0186536999253577,0,0,0.0901946072337102,-0.5755003814944752,407,234,thymio-25
101,1788221858.0414016,2.9544012546539307,-0.2989130914211273,0.4593247365847741,98.10000000000012,2.9544012546539307,0.0800061374902725,-0.2989130914211273,0.4315613806247711,0.7734699845314026,0.4185681343078613,-0.2007476538419723,10,-0.5452071826304337,1.0,1.0,0.0186536999253577,0,0,0.1120416748640611,-0.5301120023703076,478,318,thymio-25
102,1788221858.6455123,10000.0,10000.0,0.0,98.10000000000012,2.9544012546539307,0.0800061374902725,-0.2989130914211273,0.4315613806247711,0.7734699845314026,0.4185681343078613,-0.2007476538419723,10,1.0,1.0,-1.0,1.0,0,0,0.03,-0.5608213761648635,191,22,thymio-25
103,1788221859.249009,10000.0,10000.0,0.0,98.10000000000012,2.9544012546539307,0.0800061374902725,-0.2989130914211273,0.4315613806247711,0.7734699845314026,0.4185681343078613,-0.2007476538419723,10,1.0,1.0,-1.0,1.0,0,0,0.03,-0.4800849547500831,179,34,thymio-25
104,1788221859.8523204,10000.0,10000.0,0.0,98.10000000000012,2.9544012546539307,0.0800061374902725,-0.2989130914211273,0.4315613806247711,0.7734699845314026,0.4185681343078613,-0.2007476538419723,10,1.0,1.0,-1.0,1.0,0,0,0.03,-0.5038918025667839,183,31,thymio-25
105,1788221860.4556928,10000.0,10000.0,0.0,98.10000000000012,2.9544012546539307,0.0800061374902725,-0.2989130914211273,0.4315613806247711,0.7734699845314026,0.4185681343078613,-0.2007476538419723,10,1.0,1.0,-1.0,1.0,0,0,0.03,-0.4112804478766643,169,44,thymio-25
106,1788221861.0591404,10000.0,10000.0,0.0,98.10000000000012,2.9544012546539307,0.0800061374902725,-0.2989130914211273,0.4315613806247711,0.7734699845314026,0.4185681343078613,-0.2007476538419723,10,1.0,1.0,-1.0,1.0,0,0,0.03,-0.1169409669788029,124,89,thymio-25
107,1788221861.663005,10000.0,10000.0,0.0,98.10000000000012,2.9544012546539307,0.0800061374902725,-0.2989130914211273,0.4315613806247711,0.7734699845314026,0.4185681343078613,-0.2007476538419723,10,1.0,1.0,-1.0,1.0,0,0,0.03,0.1199185952319092,88,125,thymio-25
108,1788221862.266216,10000.0,10000.0,0.0,98.10000000000012,2.9544012546539307,0.0800061374902725,-0.2989130914211273,0.4315613806247711,0.7734699845314026,0.4185681343078613,-0.2007476538419723,10,1.0,1.0,-1.0,1.0,0,0,0.03,-0.5518960319931648,190,23,thymio-25
109,1788221862.8690848,2.861605167388916,-0.4475143551826477,0.4777932633245738,98.10000000000012,2.861605167388916,0.0806876122951507,-0.4475143551826477,-0.0776658058166503,0.6419438719749451,0.5949655771255493,0.4773805141448974,10,-0.5275624308554925,1.0,1.0,-0.199076816488646,0,0,0.0957307945108949,-0.3615349012238313,395,286,thymio-25
110,1788221863.4775648,2.861605167388916,-0.4475143551826477,0.4777932633245738,98.00000000000011,2.861605167388916,0.0806876122951507,-0.4475143551826477,-0.0776658058166503,0.6419438719749451,0.5949655771255493,0.4773805141448974,10,-0.5275624308554925,1.0,1.0,-0.199076816488646,0,0,0.1917908975283163,0.3330100651124336,500,500,thymio-25
111,1788221864.080991,10000.0,10000.0,0.0,98.00000000000011,2.861605167388916,0.0806876122951507,-0.4475143551826477,-0.0776658058166503,0.6419438719749451,0.5949655771255493,0.4773805141448974,10,1.0,1.0,-1.0,1.0,0,0,0.03,0.0171263842420475,104,109,thymio-25
112,1788221864.684058,10000.0,10000.0,0.0,98.00000000000011,2.861605167388916,0.0806876122951507,-0.4475143551826477,-0.0776658058166503,0.6419438719749451,0.5949655771255493,0.4773805141448974,10,1.0,1.0,-1.0,1.0,0,0,0.03,-0.1254073759241034,126,88,thymio-25
113,1788221865.286909,10000.0,10000.0,0.0,98.00000000000011,2.861605167388916,0.0806876122951507,-0.4475143551826477,-0.0776658058166503,0.6419438719749451,0.5949655771255493,0.4773805141448974,10,1.0,1.0,-1.0,1.0,0,0,0.03,-0.2155981014850937,139,74,thymio-25
114,1788221865.889809,3.0405421257019043,-0.5534330606460571,-1.478106682032858,98.00000000000011,3.0405421257019043,0.0778381824493408,-0.5534330606460571,-0.5294846296310425,0.0836125239729881,0.3094681203365326,0.7854200005531311,10,1.0,-0.4802706003466069,1.0,0.156171445864693,0,0,0.1919900502381804,-0.5857124680750085,500,500,thymio-25
115,1788221866.498888,3.0405421257019043,-0.5534330606460571,-1.478106682032858,97.90000000000012,3.0405421257019043,0.0778381824493408,-0.5534330606460571,-0.5294846296310425,0.0836125239729881,0.3094681203365326,0.7854200005531311,10,1.0,-0.4802706003466069,1.0,0.156171445864693,0,0,0.0110494580053263,-0.6263142154778543,134,-55,thymio-25
116,1788221867.1021554,10000.0,10000.0,0.0,97.90000000000012,3.0405421257019043,0.0778381824493408,-0.5534330606460571,-0.5294846296310425,0.0836125239729881,0.3094681203365326,0.7854200005531311,10,1.0,1.0,-1.0,1.0,0,0,0.03,-0.617005528203954,200,13,thymio-25
117,1788221867.7054052,10000.0,10000.0,0.0,97.90000000000012,3.0405421257019043,0.0778381824493408,-0.5534330606460571,-0.5294846296310425,0.0836125239729881,0.3094681203365326,0.7854200005531311,10,1.0,1.0,-1.0,1.0,0,0,0.03,-0.6249491544913074,201,12,thymio-25
118,1788221868.3091922,10000.0,10000.0,0.0,97.90000000000012,3.0405421257019043,0.0778381824493408,-0.5534330606460571,-0.5294846296310425,0.0836125239729881,0.3094681203365326,0.7854200005531311,10,1.0,1.0,-1.0,1.0,0,0,0.03,-0.6250248918227037,201,12,thymio-25
119,1788221868.9138503,3.260871648788452,-0.5218603014945984,-2.591398257921696,97.90000000000012,3.260871648788452,0.080069713294506,-0.5218603014945984,-0.7823393940925598,0.3987993597984314,-0.1631644070148468,-0.4497572481632232,10,1.0,0.1512500699310521,-0.3489414563197467,1.0,0,0,0.0951035575494426,-0.609124598923392,430,246,thymio-25
120,1788221869.5226653,3.260871648788452,-0.5218603014945984,-2.591398257921696,97.80000000000013,3.260871648788452,0.080069713294506,-0.5218603014945984,-0.7823393940925598,0.3987993597984314,-0.1631644070148468,-0.4497572481632232,10,1.0,0.1512500699310521,-0.3489414563197467,1.0,0,0,0.1123421200625507,-0.622652496410078,493,305,thymio-25
121,1788221870.1265836,10000.0,10000.0,0.0,97.80000000000013,3.260871648788452,0.080069713294506,-0.5218603014945984,-0.7823393940925598,0.3987993597984314,-0.1631644070148468,-0.4497572481632232,10,1.0,1.0,-1.0,1.0,0,0,0.03,-0.6064324069805717,198,15,thymio-25
122,1788221870.7294607,10000.0,10000.0,0.0,97.80000000000013,3.260871648788452,0.080069713294506,-0.5218603014945984,-0.7823393940925598,0.3987993597984314,-0.1631644070148468,-0.4497572481632232,10,1.0,1.0,-1.0,1.0,0,0,0.03,-0.6176570194090764,200,13,thymio-25
123,1788221871.3325047,10000.0,10000.0,0.0,97.80000000000013,3.260871648788452,0.080069713294506,-0.5218603014945984,-0.7823393940925598,0.3987993597984314,-0.1631644070148468,-0.4497572481632232,10,1.0,1.0,-1.0,1.0,0,0,0.03,-0.6168732259900289,200,13,thymio-25
124,1788221871.936695,10000.0,10000.0,0.0,97.80000000000013,3.260871648788452,0.080069713294506,-0.5218603014945984,-0.7823393940925598,0.3987993597984314,-0.1631644070148468,-0.4497572481632232,10,1.0,1.0,-1.0,1.0,0,0,0.03,-0.6182540740987995,200,13,thymio-25
125,1788221872.540182,3.2613842487335205,-0.4701929986476898,-0.7580576884153949,97.80000000000013,3.2613842487335205,0.0790172070264816,-0.4701929986476898,0.5835795998573303,0.601218044757843,0.1855998039245605,-0.5133463144302368,10,1.0,0.24235715502925,1.0,-0.3451565279920936,0,0,0.1288683179196077,-0.624015588416238,500,364,thymio-25
126,1788221873.1493678,3.2613842487335205,-0.4701929986476898,-0.7580576884153949,97.70000000000012,3.2613842487335205,0.0790172070264816,-0.4701929986476898,0.5835795998573303,0.601218044757843,0.1855998039245605,-0.5133463144302368,10,1.0,0.24235715502925,1.0,-0.3451565279920936,0,0,0.092166324281581,-0.626492337189535,422,233,thymio-25
127,1788221873.7529917,10000.0,10000.0,0.0,97.70000000000012,3.2613842487335205,0.0790172070264816,-0.4701929986476898,0.5835795998573303,0.601218044757843,0.1855998039245605,-0.5133463144302368,10,1.0,1.0,-1.0,1.0,0,0,0.03,-0.6192517777499924,200,13,thymio-25
128,1788221874.356128,10000.0,10000.0,0.0,97.70000000000012,3.2613842487335205,0.0790172070264816,-0.4701929986476898,0.5835795998573303,0.601218044757843,0.1855998039245605,-0.5133463144302368,10,1.0,1.0,-1.0,1.0,0,0,0.03,-0.6225221729808851,201,13,thymio-25
129,1788221874.9592197,10000.0,10000.0,0.0,97.70000000000012,3.2613842487335205,0.0790172070264816,-0.4701929986476898,0.5835795998573303,0.601218044757843,0.1855998039245605,-0.5133463144302368,10,1.0,1.0,-1.0,1.0,0,0,0.03,-0.6253970198700181,201,12,thymio-25
130,1788221875.5623248,10000.0,10000.0,0.0,97.70000000000012,3.2613842487335205,0.0790172070264816,-0.4701929986476898,0.5835795998573303,0.601218044757843,0.1855998039245605,-0.5133463144302368,10,1.0,1.0,-1.0,1.0,0,0,0.03,-0.6255762433057045,201,12,thymio-25
131,1788221876.166094,10000.0,10000.0,0.0,97.70000000000012,3.2613842487335205,0.0790172070264816,-0.4701929986476898,0.5835795998573303,0.601218044757843,0.1855998039245605,-0.5133463144302368,10,1.0,1.0,-1.0,1.0,0,0,0.03,-0.6259317347881038,201,12,thymio-25
132,1788221876.769851,10000.0,10000.0,0.0,97.70000000000012,3.2613842487335205,0.0790172070264816,-0.4701929986476898,0.5835795998573303,0.601218044757843,0.1855998039245605,-0.5133463144302368,10,1.0,1.0,-1.0,1.0,0,0,0.03,-0.6254143859663779,201,12,thymio-25
133,1788221877.3730712,10000.0,10000.0,0.0,97.70000000000012,3.2613842487335205,0.0790172070264816,-0.4701929986476898,0.5835795998573303,0.601218044757843,0.1855998039245605,-0.5133463144302368,10,1.0,1.0,-1.0,1.0,0,0,0.03,-0.6249276407950686,201,12,thymio-25
134,1788221877.9761395,10000.0,10000.0,0.0,97.70000000000012,3.2613842487335205,0.0790172070264816,-0.4701929986476898,0.5835795998573303,0.601218044757843,0.1855998039245605,-0.5133463144302368,10,1.0,1.0,-1.0,1.0,0,0,0.03,-0.6243420154490714,201,12,thymio-25
135,1788221878.580421,3.0837807655334477,-0.551788866519928,-1.1729764467112824,97.70000000000012,3.0837807655334477,0.0782938748598098,-0.551788866519928,0.4036105275154114,-0.2637185454368591,-0.4417457282543182,-0.7565790414810181,10,1.0,-0.5653453629331147,1.0,-0.1379159055334943,0,0,0.1369324123974436,-0.6135293633881136,500,394,thymio-25
136,1788221879.1892998,3.0837807655334477,-0.551788866519928,-1.1729764467112824,97.60000000000014,3.0837807655334477,0.0782938748598098,-0.551788866519928,0.4036105275154114,-0.2637185454368591,-0.4417457282543182,-0.7565790414810181,10,1.0,-0.5653453629331147,1.0,-0.1379159055334943,0,0,0.1675610292990265,-0.6222013035046757,500,500,thymio-25
137,1788221879.7926607,10000.0,10000.0,0.0,97.60000000000014,3.0837807655334477,0.0782938748598098,-0.551788866519928,0.4036105275154114,-0.2637185454368591,-0.4417457282543182,-0.7565790414810181,10,1.0,1.0,-1.0,1.0,0,0,0.03,-0.59868965171022,197,16,thymio-25
138,1788221880.3956103,3.1587166786193848,-0.4250983893871307,-0.9687837510911406,97.60000000000014,3.1587166786193848,0.0797959491610527,-0.4250983893871307,0.5931022763252258,0.5550426840782166,0.1190088242292404,-0.5709591507911682,10,1.0,-0.4893728663531641,-0.8806204535371894,-0.2098695084632265,0,0,0.0,-0.5560995456242721,84,-84,thymio-25
139,1788221881.0047536,3.1587166786193848,-0.4250983893871307,-0.9687837510911406,97.50000000000014,3.1587166786193848,0.0797959491610527,-0.4250983893871307,0.5931022763252258,0.5550426840782166,0.1190088242292404,-0.5709591507911682,10,1.0,-0.4893728663531641,-0.8806204535371894,-0.2098695084632265,0,0,0.0,-0.4325107190227833,65,-65,thymio-25
140,1788221881.6080887,10000.0,10000.0,0.0,97.50000000000014,3.1587166786193848,0.0797959491610527,-0.4250983893871307,0.5931022763252258,0.5550426840782166,0.1190088242292404,-0.5709591507911682,10,1.0,1.0,-1.0,1.0,0,0,0.03,-0.3484023944376215,159,54,thymio-25
141,1788221882.211096,10000.0,10000.0,0.0,97.50000000000014,3.1587166786193848,0.0797959491610527,-0.4250983893871307,0.5931022763252258,0.5550426840782166,0.1190088242292404,-0.5709591507911682,10,1.0,1.0,-1.0,1.0,0,0,0.03,-0.2284277809567353,141,72,thymio-25
142,1788221882.814513,10000.0,10000.0,0.0,97.50000000000014,3.1587166786193848,0.0797959491610527,-0.4250983893871307,0.5931022763252258,0.5550426840782166,0.1190088242292404,-0.5709591507911682,10,1.0,1.0,-1.0,1.0,0,0,0.03,-0.194982293893438,136,77,thymio-25
143,1788221883.4179366,3.139738082885742,-0.3237500488758087,0.4679916636498378,97.50000000000014,3.139738082885742,0.0805559381842613,-0.3237500488758087,0.4346387088298797,0.7596268057823181,0.428284615278244,-0.2250079959630966,10,-0.2364538933572934,1.0,1.0,-0.4426167197456185,0,0,0.1911059512335653,-0.368037980325953,500,500,thymio-25
144,1788221884.02653,3.139738082885742,-0.3237500488758087,0.4679916636498378,97.40000000000016,3.139738082885742,0.0805559381842613,-0.3237500488758087,0.4346387088298797,0.7596268057823181,0.428284615278244,-0.2250079959630966,10,-0.2364538933572934,1.0,1.0,-0.4426167197456185,0,0,0.1944615633980281,-0.0170267628932275,500,500,thymio-25
145,1788221884.6349392,3.0414533615112305,-0.3182918429374695,0.6308068471176118,97.08481493729084,3.0414533615112305,0.0792210176587104,-0.3182918429374695,0.3266712427139282,0.8021271824836731,0.4993937313556671,-0.0219982117414474,10,-0.3106750621777214,1.0,1.0,-0.531998689387,0,0,0.1892949249295797,0.2439860824591873,500,500,thymio-25
146,1788221885.2431834,3.0414533615112305,-0.3182918429374695,0.6308068471176118,96.98481493729084,3.0414533615112305,0.0792210176587104,-0.3182918429374695,0.3266712427139282,0.8021271824836731,0.4993937313556671,-0.0219982117414474,10,-0.3106750621777214,1.0,1.0,-0.531998689387,0,0,0.188320072971307,0.4061944943831381,500,500,thymio-25
147,1788221885.8467083,10000.0,10000.0,0.0,96.98481493729084,3.0414533615112305,0.0792210176587104,-0.3182918429374695,0.3266712427139282,0.8021271824836731,0.4993937313556671,-0.0219982117414474,10,1.0,1.0,-1.0,1.0,0,0,0.03,0.2956180440040978,62,151,thymio-25
148,1788221886.4502928,10000.0,10000.0,0.0,96.98481493729084,3.0414533615112305,0.0792210176587104,-0.3182918429374695,0.3266712427139282,0.8021271824836731,0.4993937313556671,-0.0219982117414474,10,1.0,1.0,-1.0,1.0,0,0,0.03,0.3515825232121035,54,160,thymio-25
149,1788221887.0541906,10000.0,10000.0,0.0,96.98481493729084,3.0414533615112305,0.0792210176587104,-0.3182918429374695,0.3266712427139282,0.8021271824836731,0.4993937313556671,-0.0219982117414474,10,1.0,1.0,-1.0,1.0,0,0,0.03,0.6081710011288826,15,198,thymio-25
150,1788221887.6573153,10000.0,10000.0,0.0,96.98481493729084,3.0414533615112305,0.0792210176587104,-0.3182918429374695,0.3266712427139282,0.8021271824836731,0.4993937313556671,-0.0219982117414474,10,1.0,1.0,-1.0,1.0,0,0,0.03,0.5694248553557496,21,193,thymio-25
151,1788221888.2605486,10000.0,10000.0,0.0,96.98481493729084,3.0414533615112305,0.0792210176587104,-0.3182918429374695,0.3266712427139282,0.8021271824836731,0.4993937313556671,-0.0219982117414474,10,1.0,1.0,-1.0,1.0,0,0,0.03,0.4301102836594885,42,172,thymio-25
152,1788221888.863419,10000.0,10000.0,0.0,96.98481493729084,3.0414533615112305,0.0792210176587104,-0.3182918429374695,0.3266712427139282,0.8021271824836731,0.4993937313556671,-0.0219982117414474,10,1.0,1.0,-1.0,1.0,0,0,0.03,0.2122471603368333,75,139,thymio-25
153,1788221889.4673097,2.7041659355163574,-0.3342902660369873,0.5594474997663741,96.98481493729084,2.7041659355163574,0.083537220954895,-0.3342902660369873,0.3806193768978119,0.781460702419281,0.488464891910553,-0.0764869973063469,10,-0.5694331512348572,-0.662549275959245,0.5041180099170817,-0.3210176618757645,0,0,0.1190262565287734,-0.2414187049452896,459,386,thymio-25
154,1788221890.0770073,2.7041659355163574,-0.3342902660369873,0.5594474997663741,96.88481493729086,2.7041659355163574,0.083537220954895,-0.3342902660369873,0.3806193768978119,0.781460702419281,0.488464891910553,-0.0764869973063469,10,-0.5694331512348572,-0.662549275959245,0.5041180099170817,-0.3210176618757645,0,0,0.1343742593130988,0.1863981828378739,449,500,thymio-25
155,1788221890.679991,10000.0,10000.0,0.0,96.88481493729086,2.7041659355163574,0.083537220954895,-0.3342902660369873,0.3806193768978119,0.781460702419281,0.488464891910553,-0.0764869973063469,10,1.0,1.0,-1.0,1.0,0,0,0.03,-0.1219947564652202,125,88,thymio-25
156,1788221891.2831376,10000.0,10000.0,0.0,96.88481493729086,2.7041659355163574,0.083537220954895,-0.3342902660369873,0.3806193768978119,0.781460702419281,0.488464891910553,-0.0764869973063469,10,1.0,1.0,-1.0,1.0,0,0,0.03,-0.1432118698826248,128,85,thymio-25
157,1788221891.8866465,10000.0,10000.0,0.0,96.88481493729086,2.7041659355163574,0.083537220954895,-0.3342902660369873,0.3806193768978119,0.781460702419281,0.488464891910553,-0.0764869973063469,10,1.0,1.0,-1.0,1.0,0,0,0.03,-0.0041238675304569,107,106,thymio-25
158,1788221892.489765,10000.0,10000.0,0.0,96.88481493729086,2.7041659355163574,0.083537220954895,-0.3342902660369873,0.3806193768978119,0.781460702419281,0.488464891910553,-0.0764869973063469,10,1.0,1.0,-1.0,1.0,0,0,0.03,0.1977460329253592,77,136,thymio-25
159,1788221893.0928297,10000.0,10000.0,0.0,96.88481493729086,2.7041659355163574,0.083537220954895,-0.3342902660369873,0.3806193768978119,0.781460702419281,0.488464891910553,-0.0764869973063469,10,1.0,1.0,-1.0,1.0,0,0,0.03,0.345673976387308,54,159,thymio-25
160,1788221893.6956744,10000.0,10000.0,0.0,96.88481493729086,2.7041659355163574,0.083537220954895,-0.3342902660369873,0.3806193768978119,0.781460702419281,0.488464891910553,-0.0764869973063469,10,1.0,1.0,-1.0,1.0,0,0,0.03,0.2588155312841073,68,146,thymio-25
161,1788221894.2990737,10000.0,10000.0,0.0,96.88481493729086,2.7041659355163574,0.083537220954895,-0.3342902660369873,0.3806193768978119,0.781460702419281,0.488464891910553,-0.0764869973063469,10,1.0,1.0,-1.0,1.0,0,0,0.03,0.1561722590935117,83,130,thymio-25
162,1788221894.9028597,10000.0,10000.0,0.0,96.88481493729086,2.7041659355163574,0.083537220954895,-0.3342902660369873,0.3806193768978119,0.781460702419281,0.488464891910553,-0.0764869973063469,10,1.0,1.0,-1.0,1.0,0,0,0.03,-0.0032968736603539,107,106,thymio-25
163,1788221895.5063877,2.5932462215423584,-0.0617343001067638,-0.381773580635441,96.88481493729086,2.5932462215423584,0.0865153074264526,-0.0617343001067638,0.5563482642173767,0.655231773853302,0.2608730792999267,-0.4394238591194153,10,0.4310875917937293,-0.4419801004905066,1.0,-0.6214982851560467,0,0,0.1234860862637082,0.1950413422166894,409,468,thymio-25
164,1788221896.1148126,2.5932462215423584,-0.0617343001067638,-0.381773580635441,96.78481493729086,2.5932462215423584,0.0865153074264526,-0.0617343001067638,0.5563482642173767,0.655231773853302,0.2608730792999267,-0.4394238591194153,10,0.4310875917937293,-0.4419801004905066,1.0,-0.6214982851560467,0,0,0.0915033888153979,0.5774287595323749,238,412,thymio-25
165,1788221896.7179863,10000.0,10000.0,0.0,96.78481493729086,2.5932462215423584,0.0865153074264526,-0.0617343001067638,0.5563482642173767,0.655231773853302,0.2608730792999267,-0.4394238591194153,10,1.0,1.0,-1.0,1.0,0,0,0.03,0.4119470295048558,44,169,thymio-25
166,1788221897.321704,10000.0,10000.0,0.0,96.78481493729086,2.5932462215423584,0.0865153074264526,-0.0617343001067638,0.5563482642173767,0.655231773853302,0.2608730792999267,-0.4394238591194153,10,1.0,1.0,-1.0,1.0,0,0,0.03,0.4941559670514319,32,181,thymio-25
167,1788221897.925268,10000.0,10000.0,0.0,96.78481493729086,2.5932462215423584,0.0865153074264526,-0.0617343001067638,0.5563482642173767,0.655231773853302,0.2608730792999267,-0.4394238591194153,10,1.0,1.0,-1.0,1.0,0,0,0.03,0.5881961503043595,18,195,thymio-25
168,1788221898.528723,10000.0,10000.0,0.0,96.78481493729086,2.5932462215423584,0.0865153074264526,-0.0617343001067638,0.5563482642173767,0.655231773853302,0.2608730792999267,-0.4394238591194153,10,1.0,1.0,-1.0,1.0,0,0,0.03,0.6250746896890158,12,201,thymio-25
169,1788221899.1325347,2.623097896575928,0.217813566327095,-1.3840900882598768,96.78481493729086,2.623097896575928,0.0877337902784347,0.217813566327095,0.6007280349731445,0.3480430543422699,-0.0369381755590438,-0.7187680602073669,10,1.0,-0.1887734128792467,-0.0810716344023244,0.1467455890909954,0,0,-0.0086095622996482,0.6256545649703004,-125,64,thymio-25
170,1788221899.7415853,2.623097896575928,0.217813566327095,-1.3840900882598768,96.68481493729088,2.623097896575928,0.0877337902784347,0.217813566327095,0.6007280349731445,0.3480430543422699,-0.0369381755590438,-0.7187680602073669,10,1.0,-0.1887734128792467,-0.0810716344023244,0.1467455890909954,0,0,0.0432798324360097,0.623526932077673,60,248,thymio-25
171,1788221900.3449254,10000.0,10000.0,0.0,96.68481493729088,2.623097896575928,0.0877337902784347,0.217813566327095,0.6007280349731445,0.3480430543422699,-0.0369381755590438,-0.7187680602073669,10,1.0,1.0,-1.0,1.0,0,0,0.03,0.5440602319675143,24,189,thymio-25
172,1788221900.94837,10000.0,10000.0,0.0,96.68481493729088,2.623097896575928,0.0877337902784347,0.217813566327095,0.6007280349731445,0.3480430543422699,-0.0369381755590438,-0.7187680602073669,10,1.0,1.0,-1.0,1.0,0,0,0.03,0.6237816918737212,12,201,thymio-25
173,1788221901.5514064,10000.0,10000.0,0.0,96.68481493729088,2.623097896575928,0.0877337902784347,0.217813566327095,0.6007280349731445,0.3480430543422699,-0.0369381755590438,-0.7187680602073669,10,1.0,1.0,-1.0,1.0,0,0,0.0142666591489572,0.627784846271603,-44,145,thymio-25
174,1788221902.1553073,2.695953845977783,0.2328989654779434,-1.2783221336186348,96.68481493729088,2.695953845977783,0.0884332954883575,0.2328989654779434,0.445339560508728,-0.1783542484045028,-0.4067522585391998,-0.7774414420127869,10,0.0982090568804374,-0.0662886726984626,-0.0822474477657198,0.0931597841579097,0,0,0.0338676178452493,0.618515997458984,27,214,thymio-25
175,1788221902.7639282,2.695953845977783,0.2328989654779434,-1.2783221336186348,96.58481493729089,2.695953845977783,0.0884332954883575,0.2328989654779434,0.445339560508728,-0.1783542484045028,-0.4067522585391998,-0.7774414420127869,10,0.0982090568804374,-0.0662886726984626,-0.0822474477657198,0.0931597841579097,0,0,0.0433373257207624,0.6235306709665116,60,248,thymio-25
176,1788221903.3736093,2.6900200843811035,0.1396811008453369,0.5977650610951666,96.46464479183474,2.6900200843811035,0.0884357243776321,0.1396811008453369,-0.1127261519432067,-0.7312315702438354,-0.5964049100875854,-0.3112789690494537,10,0.1505230118833542,1.0,0.2487449819300362,-0.1736941368912179,0,0,0.0210543618646801,0.6261187579548323,-20,169,thymio-25
177,1788221903.982629,2.6419224739074707,0.1238588243722915,0.6493549569094923,96.19300854551884,2.6419224739074707,0.0881920307874679,0.1238588243722915,-0.2940460443496704,-0.7947534322738647,-0.5297173261642456,-0.0361069738864898,10,0.1608565743013932,0.3444451228918137,0.2977630946644665,-0.1748043322251116,0,0,0.0498624576609731,0.6277520655592879,82,272,thymio-25
178,1788221904.5911522,2.6419224739074707,0.1238588243722915,0.6493549569094923,96.09300854551886,2.6419224739074707,0.0881920307874679,0.1238588243722915,-0.2940460443496704,-0.7947534322738647,-0.5297173261642456,-0.0361069738864898,10,0.1608565743013932,0.3444451228918137,0.2977630946644665,-0.1748043322251116,0,0,-0.0438684941492039,0.6272078880099827,-251,-61,thymio-25
179,1788221905.1948683,10000.0,10000.0,0.0,96.09300854551886,2.6419224739074707,0.0881920307874679,0.1238588243722915,-0.2940460443496704,-0.7947534322738647,-0.5297173261642456,-0.0361069738864898,10,1.0,1.0,-1.0,1.0,0,0,0.03,0.6051527961080375,15,198,thymio-25
180,1788221905.7994406,2.605435609817505,0.1407129317522049,0.3981377620783872,96.09300854551886,2.605435609817505,0.0880769938230514,0.1407129317522049,-0.4522711336612701,-0.755829393863678,-0.40398770570755,0.2469146400690078,10,0.1651057927393147,-0.1578074112593177,0.2730824036640766,0.0372992866217234,0,0,0.0404935629113354,0.577674932094594,57,231,thymio-25
181,1788221906.4082625,2.616886615753174,0.1532151103019714,-0.56971097487299,95.99300854551886,2.616886615753174,0.0875956267118454,0.1532151103019714,-0.5463090538978577,-0.6337201595306396,-0.227029487490654,0.498400330543518,10,0.1837273106767452,-0.165014906277421,1.0,1.0,0,0,0.1700831450810989,0.6282563858612277,500,500,thymio-25
182,1788221907.017471,2.616886615753174,0.1532151103019714,-0.56971097487299,95.89300854551888,2.616886615753174,0.0875956267118454,0.1532151103019714,-0.5463090538978577,-0.6337201595306396,-0.227029487490654,0.498400330543518,10,0.1837273106767452,-0.165014906277421,1.0,1.0,0,0,-0.0478537031550754,0.6280722496962049,-265,-75,thymio-25
183,1788221907.6257625,2.6180739402771,0.2160215079784393,-0.997120007871786,95.79300854551887,2.6180739402771,0.0875892788171768,0.2160215079784393,-0.5852208137512207,-0.5525986552238464,-0.1431481391191482,0.5758993029594421,10,0.1067832167456483,0.1999056112634976,-0.1383452197960498,0.129939493801541,0,0,0.1365683637635918,0.6247744974568693,391,500,thymio-25
184,1788221908.234192,2.6180739402771,0.2160215079784393,-0.997120007871786,95.69300854551888,2.6180739402771,0.0875892788171768,0.2160215079784393,-0.5852208137512207,-0.5525986552238464,-0.1431481391191482,0.5758993029594421,10,0.1067832167456483,0.1999056112634976,-0.1383452197960498,0.129939493801541,0,0,0.1401142074445394,0.6270435410613042,403,500,thymio-25
185,1788221908.8441515,2.6244957447052,0.2537915110588074,-1.286480243521905,95.59300854551888,2.6244957447052,0.0876181870698928,0.2537915110588074,-0.5995746850967407,-0.4387143850326538,-0.0416954532265663,0.6680580377578735,10,0.0045422268460493,0.3269744860154977,-0.0826134860022496,0.0915670206911583,0,0,0.0843809462250115,0.5499948912056354,217,383,thymio-25
186,1788221909.453064,2.6767654418945312,0.3649457693099975,-1.3266584132616863,95.49300854551888,2.6767654418945312,0.0885918736457824,0.3649457693099975,-0.6068158149719238,-0.3872433006763458,0.0177118480205535,0.6939045190811157,10,-0.1512762514796429,0.438238976287115,0.0723416460920594,-0.0290927902410927,0,0,0.1115449423303527,0.6019444013943898,305,487,thymio-25
187,1788221910.0614052,2.6767654418945312,0.3649457693099975,-1.3266584132616863,95.3930085455189,2.6767654418945312,0.0885918736457824,0.3649457693099975,-0.6068158149719238,-0.3872433006763458,0.0177118480205535,0.6939045190811157,10,-0.1512762514796429,0.438238976287115,0.0723416460920594,-0.0290927902410927,0,0,0.0922276847190011,0.590586758495946,239,417,thymio-25
188,1788221910.670073,2.7513530254364014,0.4451782405376434,-1.4543653281479014,95.2930085455189,2.7513530254364014,0.0884439945220947,0.4451782405376434,-0.5853259563446045,-0.2216598242521286,0.1305630654096603,0.7689042091369629,10,1.0,0.4466723057090835,0.1621830797281045,-0.2462001692161549,0,0,0.0813194221539453,0.6280984708051334,194,384,thymio-25
189,1788221911.2788403,2.7513530254364014,0.4451782405376434,-1.4543653281479014,95.19300854551892,2.7513530254364014,0.0884439945220947,0.4451782405376434,-0.5853259563446045,-0.2216598242521286,0.1305630654096603,0.7689042091369629,10,1.0,0.4466723057090835,0.1621830797281045,-0.2462001692161549,0,0,0.0111641497206531,0.6122365064412021,-53,132,thymio-25
190,1788221911.888181,2.866356611251831,0.4817424416542053,-1.4062940801576365,95.09300854551891,2.866356611251831,0.0881561711430549,0.4817424416542053,-0.5280802845954895,0.0064389361068606,0.3081814646720886,0.7912735939025879,10,1.0,0.5022162244856596,0.2057558423905252,-0.3332561416132586,0,0,0.030398532529495,0.6270238120594983,13,203,thymio-25
191,1788221912.496491,2.9188809394836426,0.4571692645549774,-0.9410922914220574,94.99300854551892,2.9188809394836426,0.0877961218357086,0.4571692645549774,-0.3508572578430176,0.3287990689277649,0.4879242479801178,0.728505551815033,10,-0.3972953338522719,0.1797916817683003,1.0,-0.0616154847141893,0,0,0.0560012608186028,0.6268348616338628,104,294,thymio-25
192,1788221913.105384,2.9188809394836426,0.4571692645549774,-0.9410922914220574,94.89300854551892,2.9188809394836426,0.0877961218357086,0.4571692645549774,-0.3508572578430176,0.3287990689277649,0.4879242479801178,0.728505551815033,10,-0.3972953338522719,0.1797916817683003,1.0,-0.0616154847141893,0,0,0.0575224757771874,0.6283016657892508,110,299,thymio-25
193,1788221913.7147722,2.92859959602356,0.4344406723976135,-0.4651297210657574,94.79300854551892,2.92859959602356,0.0869137346744537,0.4344406723976135,-0.2474297881126403,0.4352485537528991,0.5351892113685608,0.6803746819496155,10,-0.3896958511299021,0.1818784213596667,1.0,1.0,0,0,0.0763546899860195,0.6282880066924686,176,366,thymio-25
194,1788221914.32346,2.92859959602356,0.4344406723976135,-0.4651297210657574,94.69300854551894,2.92859959602356,0.0869137346744537,0.4344406723976135,-0.2474297881126403,0.4352485537528991,0.5351892113685608,0.6803746819496155,10,-0.3896958511299021,0.1818784213596667,1.0,1.0,0,0,0.1096794384778382,0.6281846413921599,295,485,thymio-25
195,1788221914.9320257,2.910998106002808,0.3209172189235687,0.5921323344085416,94.4974025754287,2.910998106002808,0.0864972695708274,0.3209172189235687,0.0039866575971245,0.6996443867683411,0.5945386290550232,0.3962395787239074,10,0.0511767306119812,1.0,-0.2608774753955543,0.1050860562621047,0,0,0.0175733358101665,0.2182709151546454,29,95,thymio-25
196,1788221915.5406823,2.910998106002808,0.3209172189235687,0.5921323344085416,94.3974025754287,2.910998106002808,0.0864972695708274,0.3209172189235687,0.0039866575971245,0.6996443867683411,0.5945386290550232,0.3962395787239074,10,0.0511767306119812,1.0,-0.2608774753955543,0.1050860562621047,0,0,0.0471540566100997,0.6157117935631762,75,261,thymio-25
197,1788221916.150673,2.858633279800415,0.2573431432247162,0.6827020268331929,94.07907794511895,2.858633279800415,0.0865665897727012,0.2573431432247162,0.1053154468536377,0.758787214756012,0.5839037895202637,0.2687136828899383,10,0.0846840946165232,1.0,-0.1568469226368499,0.0436283854085028,0,0,0.0836944900062473,0.6279692063526684,203,392,thymio-25
1,1788221797.4701889,3.214005947113037,0.9828105568885804,-1.224823901467909,100.0,3.214005947113037,0.0902323126792907,0.9828105568885804,-0.6177496314048767,-0.4396478831768036,-0.098056823015213,0.6445775032043457,10,1.0,0.0916600142785586,-0.8226302285450311,1.0,0,0,-0.0144834337113673,0.6271064080160692,-146,43,thymio-11
2,1788221798.074008,3.042765855789185,-0.1767055541276931,-1.3096322783069487,100.0,3.042765855789185,0.0832228288054466,-0.1767055541276931,-0.62641841173172,-0.3451121151447296,0.0076635377481579,0.6988840699195862,10,1.0,-0.6435147315333175,-0.6318174557912375,-0.637980831033346,0,0,-0.1489328294740051,0.6133900409951784,-500,-437,thymio-11
3,1788221798.682907,3.042765855789185,-0.1767055541276931,-1.3096322783069487,99.9,3.042765855789185,0.0832228288054466,-0.1767055541276931,-0.62641841173172,-0.3451121151447296,0.0076635377481579,0.6988840699195862,10,1.0,-0.6435147315333175,-0.6318174557912375,-0.637980831033346,0,0,-0.1441708941875926,0.5702378634233655,-500,-426,thymio-11
4,1788221799.2929218,2.995177745819092,-0.1828789263963699,-1.3711545372234308,99.8,2.995177745819092,0.0829604640603065,-0.1828789263963699,-0.5909402966499329,-0.0271276906132698,0.2624470889568329,0.7623485326766968,10,1.0,-0.7072310061581883,-0.6496036947556663,-0.6705129153057976,0,0,0.0268465677622041,0.5490623948045076,12,178,thymio-11
5,1788221799.9016018,2.995177745819092,-0.1828789263963699,-1.3711545372234308,99.70000000000002,2.995177745819092,0.0829604640603065,-0.1828789263963699,-0.5909402966499329,-0.0271276906132698,0.2624470889568329,0.7623485326766968,10,1.0,-0.7072310061581883,-0.6496036947556663,-0.6705129153057976,0,0,0.0268465677622041,0.5366465476865826,14,176,thymio-11
6,1788221800.505352,10000.0,10000.0,0.0,99.70000000000002,2.995177745819092,0.0829604640603065,-0.1828789263963699,-0.5909402966499329,-0.0271276906132698,0.2624470889568329,0.7623485326766968,10,1.0,1.0,-1.0,1.0,0,0,0.03,0.4774251563249439,34,179,thymio-11
7,1788221801.1091726,10000.0,10000.0,0.0,99.70000000000002,2.995177745819092,0.0829604640603065,-0.1828789263963699,-0.5909402966499329,-0.0271276906132698,0.2624470889568329,0.7623485326766968,10,1.0,1.0,-1.0,1.0,0,0,0.03,0.3955078242307245,47,166,thymio-11
8,1788221801.712727,10000.0,10000.0,0.0,99.70000000000002,2.995177745819092,0.0829604640603065,-0.1828789263963699,-0.5909402966499329,-0.0271276906132698,0.2624470889568329,0.7623485326766968,10,1.0,1.0,-1.0,1.0,1185,0,-0.03,0.4691071344714351,-177,-36,thymio-11
9,1788221802.316289,10000.0,10000.0,0.0,99.70000000000002,2.995177745819092,0.0829604640603065,-0.1828789263963699,-0.5909402966499329,-0.0271276906132698,0.2624470889568329,0.7623485326766968,10,1.0,1.0,-1.0,1.0,0,0,-0.03,0.3918216087660761,-166,-47,thymio-11
10,1788221802.9196055,10000.0,10000.0,0.0,99.70000000000002,2.995177745819092,0.0829604640603065,-0.1828789263963699,-0.5909402966499329,-0.0271276906132698,0.2624470889568329,0.7623485326766968,10,1.0,1.0,-1.0,1.0,0,0,-0.03,0.2565463354767061,-145,-68,thymio-11
11,1788221803.5226724,10000.0,10000.0,0.0,99.70000000000002,2.995177745819092,0.0829604640603065,-0.1828789263963699,-0.5909402966499329,-0.0271276906132698,0.2624470889568329,0.7623485326766968,10,1.0,1.0,-1.0,1.0,0,0,-0.03,0.1569432250268425,-130,-83,thymio-11
12,1788221804.1263518,2.858006715774536,-0.0628064945340156,0.8458169931258523,99.70000000000002,2.858006715774536,0.0863995403051376,-0.0628064945340156,0.135872483253479,0.758246123790741,0.6080005168914795,0.1921901106834411,10,-0.766838823478977,-0.6610944107218473,-0.4971876563887232,-0.7517496460540593,0,0,-0.0517943520448676,0.0491100300133206,-191,-177,thymio-11
13,1788221804.7350974,2.858006715774536,-0.0628064945340156,0.8458169931258523,99.60000000000002,2.858006715774536,0.0863995403051376,-0.0628064945340156,0.135872483253479,0.758246123790741,0.6080005168914795,0.1921901106834411,10,-0.766838823478977,-0.6610944107218473,-0.4971876563887232,-0.7517496460540593,0,0,-0.0523401057405286,0.1615085766400682,-210,-162,thymio-11
14,1788221805.338602,10000.0,10000.0,0.0,99.60000000000002,2.858006715774536,0.0863995403051376,-0.0628064945340156,0.135872483253479,0.758246123790741,0.6080005168914795,0.1921901106834411,10,1.0,1.0,-1.0,1.0,0,0,-0.03,0.2545618734104473,-145,-68,thymio-11
15,1788221805.9421444,10000.0,10000.0,0.0,99.60000000000002,2.858006715774536,0.0863995403051376,-0.0628064945340156,0.135872483253479,0.758246123790741,0.6080005168914795,0.1921901106834411,10,1.0,1.0,-1.0,1.0,0,0,-0.03,-0.155739320640225,-83,-130,thymio-11
16,1788221806.5453866,10000.0,10000.0,0.0,99.60000000000002,2.858006715774536,0.0863995403051376,-0.0628064945340156,0.135872483253479,0.758246123790741,0.6080005168914795,0.1921901106834411,10,1.0,1.0,-1.0,1.0,0,0,-0.03,-0.0768674593165806,-95,-118,thymio-11
17,1788221807.1491952,2.736062526702881,-0.1232123225927352,-0.3538430462687287,99.60000000000002,2.736062526702881,0.085842452943325,-0.1232123225927352,-0.3208605945110321,0.4466480016708374,0.531886875629425,0.6439335346221924,10,-0.2244993980985555,-0.7676701317438182,-0.6228541758045383,-0.8193854550857471,0,0,-0.0105800009566343,0.0033655772192442,-38,-37,thymio-11
18,1788221807.757494,2.736062526702881,-0.1232123225927352,-0.3538430462687287,99.50000000000004,2.736062526702881,0.085842452943325,-0.1232123225927352,-0.3208605945110321,0.4466480016708374,0.531886875629425,0.6439335346221924,10,-0.2244993980985555,-0.7676701317438182,-0.6228541758045383,-0.8193854550857471,0,0,-0.002152568792792,0.3441197228702457,-60,44,thymio-11
19,1788221808.360905,10000.0,10000.0,0.0,99.50000000000004,2.736062526702881,0.085842452943325,-0.1232123225927352,-0.3208605945110321,0.4466480016708374,0.531886875629425,0.6439335346221924,10,1.0,1.0,-1.0,1.0,0,0,-0.03,0.3667016487624184,-162,-51,thymio-11
20,1788221808.9640346,10000.0,10000.0,0.0,99.50000000000004,2.736062526702881,0.085842452943325,-0.1232123225927352,-0.3208605945110321,0.4466480016708374,0.531886875629425,0.6439335346221924,10,1.0,1.0,-1.0,1.0,0,0,-0.03,0.4122017728044127,-169,-44,thymio-11
21,1788221809.567917,2.911865711212158,-0.0858629271388053,0.3969860096317674,99.50000000000004,2.911865711212158,0.0845221504569053,-0.0858629271388053,0.4843151867389679,0.7085598707199097,0.4082604050636291,-0.3109744787216186,10,-0.7013644773290457,-0.5192301385840655,1.0,-0.6680499637788642,0,0,0.0850698159366682,0.4412289958810574,236,369,thymio-11
22,1788221810.1763604,2.911865711212158,-0.0858629271388053,0.3969860096317674,99.40000000000003,2.911865711212158,0.0845221504569053,-0.0858629271388053,0.4843151867389679,0.7085598707199097,0.4082604050636291,-0.3109744787216186,10,-0.7013644773290457,-0.5192301385840655,1.0,-0.6680499637788642,0,0,0.1112688253095353,0.6034147435699775,304,486,thymio-11
23,1788221810.7794545,10000.0,10000.0,0.0,99.40000000000003,2.911865711212158,0.0845221504569053,-0.0858629271388053,0.4843151867389679,0.7085598707199097,0.4082604050636291,-0.3109744787216186,10,1.0,1.0,-1.0,1.0,0,0,0.03,-0.2268878555401311,141,72,thymio-11
24,1788221811.38303,10000.0,10000.0,0.0,99.40000000000003,2.911865711212158,0.0845221504569053,-0.0858629271388053,0.4843151867389679,0.7085598707199097,0.4082604050636291,-0.3109744787216186,10,1.0,1.0,-1.0,1.0,0,0,0.03,-0.1330246061645812,127,87,thymio-11
25,1788221811.986133,10000.0,10000.0,0.0,99.40000000000003,2.911865711212158,0.0845221504569053,-0.0858629271388053,0.4843151867389679,0.7085598707199097,0.4082604050636291,-0.3109744787216186,10,1.0,1.0,-1.0,1.0,0,0,0.03,-0.1923385452937763,136,78,thymio-11
26,1788221812.589489,10000.0,10000.0,0.0,99.40000000000003,2.911865711212158,0.0845221504569053,-0.0858629271388053,0.4843151867389679,0.7085598707199097,0.4082604050636291,-0.3109744787216186,10,1.0,1.0,-1.0,1.0,0,0,-0.0085158905026011,-0.4465679860475324,37,-98,thymio-11
27,1788221813.1930573,2.7305195331573486,-0.1006523966789245,0.8103986582804859,99.40000000000003,2.7305195331573486,0.0858456343412399,-0.1006523966789245,-0.29401496052742,-0.7860424518585205,-0.543569803237915,0.0149824796244502,10,-0.7511233573782478,-0.5138027796510702,-0.7838676194551982,-0.6830851645135854,0,0,-0.0068823319912494,0.2544152004386653,-63,14,thymio-11
28,1788221813.8019009,2.7305195331573486,-0.1006523966789245,0.8103986582804859,99.30000000000004,2.7305195331573486,0.0858456343412399,-0.1006523966789245,-0.29401496052742,-0.7860424518585205,-0.543569803237915,0.0149824796244502,10,-0.7511233573782478,-0.5138027796510702,-0.7838676194551982,-0.6830851645135854,0,0,-0.0419441300526969,0.603040208856873,-240,-58,thymio-11
29,1788221814.4053502,10000.0,10000.0,0.0,99.30000000000004,2.7305195331573486,0.0858456343412399,-0.1006523966789245,-0.29401496052742,-0.7860424518585205,-0.543569803237915,0.0149824796244502,10,1.0,1.0,-1.0,1.0,0,0,-0.03,0.2864483542050621,-150,-63,thymio-11
30,1788221815.0082903,10000.0,10000.0,0.0,99.30000000000004,2.7305195331573486,0.0858456343412399,-0.1006523966789245,-0.29401496052742,-0.7860424518585205,-0.543569803237915,0.0149824796244502,10,1.0,1.0,-1.0,1.0,0,0,-0.03,0.0404478996646215,-113,-100,thymio-11
31,1788221815.611351,10000.0,10000.0,0.0,99.30000000000004,2.7305195331573486,0.0858456343412399,-0.1006523966789245,-0.29401496052742,-0.7860424518585205,-0.543569803237915,0.0149824796244502,10,1.0,1.0,-1.0,1.0,0,0,-0.03,0.0725939349421073,-118,-96,thymio-11
32,1788221816.2143214,10000.0,10000.0,0.0,99.30000000000004,2.7305195331573486,0.0858456343412399,-0.1006523966789245,-0.29401496052742,-0.7860424518585205,-0.543569803237915,0.0149824796244502,10,1.0,1.0,-1.0,1.0,0,0,-0.03,0.0581516720438464,-115,-98,thymio-11
33,1788221816.818523,2.766507148742676,-0.1674720793962478,-0.3528049234192068,99.30000000000004,2.766507148742676,0.0844611227512359,-0.1674720793962478,-0.5469799041748047,-0.6254063844680786,-0.3022025823593139,0.4672832489013672,10,-0.6692971949473603,-0.3156088991589746,-0.6270590959484013,-0.5802877990503821,0,0,-0.0902175441030018,0.0708700997582395,-331,-310,thymio-11
34,1788221817.4274986,2.766507148742676,-0.1674720793962478,-0.3528049234192068,99.20000000000005,2.766507148742676,0.0844611227512359,-0.1674720793962478,-0.5469799041748047,-0.6254063844680786,-0.3022025823593139,0.4672832489013672,10,-0.6692971949473603,-0.3156088991589746,-0.6270590959484013,-0.5802877990503821,0,0,-0.0964437829666184,0.2658985315229289,-383,-303,thymio-11
35,1788221818.0309875,10000.0,10000.0,0.0,99.20000000000005,2.766507148742676,0.0844611227512359,-0.1674720793962478,-0.5469799041748047,-0.6254063844680786,-0.3022025823593139,0.4672832489013672,10,1.0,1.0,-1.0,1.0,0,0,-0.03,0.3433058396605082,-158,-55,thymio-11
36,1788221818.634307,10000.0,10000.0,0.0,99.20000000000005,2.766507148742676,0.0844611227512359,-0.1674720793962478,-0.5469799041748047,-0.6254063844680786,-0.3022025823593139,0.4672832489013672,10,1.0,1.0,-1.0,1.0,0,0,-0.03,0.2863769003836135,-150,-63,thymio-11
37,1788221819.2377982,10000.0,10000.0,0.0,99.20000000000005,2.766507148742676,0.0844611227512359,-0.1674720793962478,-0.5469799041748047,-0.6254063844680786,-0.3022025823593139,0.4672832489013672,10,1.0,1.0,-1.0,1.0,0,0,-0.03,0.2932108010358705,-151,-62,thymio-11
38,1788221819.8411574,10000.0,10000.0,0.0,99.20000000000005,2.766507148742676,0.0844611227512359,-0.1674720793962478,-0.5469799041748047,-0.6254063844680786,-0.3022025823593139,0.4672832489013672,10,1.0,1.0,-1.0,1.0,0,0,-0.03,0.163535864206499,-131,-82,thymio-11
39,1788221820.4458354,2.70153546333313,-0.0357457771897316,0.8100757447219853,99.20000000000005,2.70153546333313,0.0878563001751899,-0.0357457771897316,-0.0499957986176013,-0.729153037071228,-0.6132912635803223,-0.2995165884494781,10,-0.5725184698898091,-0.4661823448774611,-0.8139950561514924,-0.5960392684068601,0,0,-0.0200548766493026,0.0562910221080235,-80,-63,thymio-11
40,1788221821.054992,2.70153546333313,-0.0357457771897316,0.8100757447219853,99.10000000000004,2.70153546333313,0.0878563001751899,-0.0357457771897316,-0.0499957986176013,-0.729153037071228,-0.6132912635803223,-0.2995165884494781,10,-0.5725184698898091,-0.4661823448774611,-0.8139950561514924,-0.5960392684068601,0,0,-0.020650081968311,0.1143883185023234,-91,-56,thymio-11
41,1788221821.6594353,10000.0,10000.0,0.0,99.10000000000004,2.70153546333313,0.0878563001751899,-0.0357457771897316,-0.0499957986176013,-0.729153037071228,-0.6132912635803223,-0.2995165884494781,10,1.0,1.0,-1.0,1.0,0,0,-0.03,0.0919474929706813,-120,-93,thymio-11
42,1788221822.2631748,10000.0,10000.0,0.0,99.10000000000004,2.70153546333313,0.0878563001751899,-0.0357457771897316,-0.0499957986176013,-0.729153037071228,-0.6132912635803223,-0.2995165884494781,10,1.0,1.0,-1.0,1.0,0,0,-0.03,0.0022176890958956,-107,-106,thymio-11
43,1788221822.8669271,2.719278335571289,-0.0381056554615497,0.7773892141445069,99.10000000000004,2.719278335571289,0.0877031683921814,-0.0381056554615497,-0.001505900057964,0.7044531106948853,0.6139926314353943,0.3560291528701782,10,-0.2755571206746751,-0.3573612270066214,-0.6648504115746645,-0.5329534193321352,0,0,-0.1360406982729559,0.099916671115328,-498,-468,thymio-11
44,1788221823.476741,2.719278335571289,-0.0381056554615497,0.7773892141445069,99.00000000000006,2.719278335571289,0.0877031683921814,-0.0381056554615497,-0.001505900057964,0.7044531106948853,0.6139926314353943,0.3560291528701782,10,-0.2755571206746751,-0.3573612270066214,-0.6648504115746645,-0.5329534193321352,0,0,-0.1369883382843421,0.0835823889298139,-499,-474,thymio-11
45,1788221824.0804644,10000.0,10000.0,0.0,99.00000000000006,2.719278335571289,0.0877031683921814,-0.0381056554615497,-0.001505900057964,0.7044531106948853,0.6139926314353943,0.3560291528701782,10,1.0,1.0,-1.0,1.0,0,0,-0.03,0.0834813843879679,-119,-94,thymio-11
46,1788221824.6836224,2.8568644523620605,-0.212615430355072,-0.2458671914503343,99.00000000000006,2.8568644523620605,0.0830749496817588,-0.212615430355072,-0.5413598418235779,-0.6384633779525757,-0.3105587661266327,0.4503858089447021,10,-0.5551029189609518,-0.0766659560030031,-0.7512553626922072,-0.4490436575278862,2008,0,-0.08,0.0204883881192708,-287,-281,thymio-11
47,1788221825.2927144,2.8568644523620605,-0.212615430355072,-0.2458671914503343,98.90000000000006,2.8568644523620605,0.0830749496817588,-0.212615430355072,-0.5413598418235779,-0.6384633779525757,-0.3105587661266327,0.4503858089447021,10,-0.5551029189609518,-0.0766659560030031,-0.7512553626922072,-0.4490436575278862,0,0,-0.0664353464060405,0.1553739902970019,-260,-213,thymio-11
48,1788221825.895995,10000.0,10000.0,0.0,98.90000000000006,2.8568644523620605,0.0830749496817588,-0.212615430355072,-0.5413598418235779,-0.6384633779525757,-0.3105587661266327,0.4503858089447021,10,1.0,1.0,-1.0,1.0,0,0,-0.03,0.1757524246859377,-133,-80,thymio-11
49,1788221826.4995546,10000.0,10000.0,0.0,98.90000000000006,2.8568644523620605,0.0830749496817588,-0.212615430355072,-0.5413598418235779,-0.6384633779525757,-0.3105587661266327,0.4503858089447021,10,1.0,1.0,-1.0,1.0,0,0,-0.03,0.1291461865976672,-126,-87,thymio-11
50,1788221827.1039724,2.6630187034606934,-0.35103440284729,-1.3603253069806172,98.90000000000006,2.6630187034606934,0.08375134319067,-0.35103440284729,-0.5600172877311707,0.0229118578135967,0.2921760976314544,0.7749121189117432,10,-0.6896726952140675,-0.4732276833738016,-0.1441150730082722,-0.3468813622150255,0,0,-0.1092791790307386,0.1011207510748124,-404,-373,thymio-11
51,1788221827.713645,2.680824518203736,-0.1844575703144073,0.8161945727458555,98.80000000000008,2.680824518203736,0.0851688608527183,-0.1844575703144073,-0.0694215819239616,-0.7323566675186157,-0.6178410649299622,-0.2776812613010406,10,0.3041906463773731,-0.7335187159574725,-0.4839617690499165,-0.2663107599233061,0,0,-0.0843394116866393,0.1844671262617499,-328,-272,thymio-11
52,1788221828.3220608,2.680824518203736,-0.1844575703144073,0.8161945727458555,98.70000000000007,2.680824518203736,0.0851688608527183,-0.1844575703144073,-0.0694215819239616,-0.7323566675186157,-0.6178410649299622,-0.2776812613010406,10,0.3041906463773731,-0.7335187159574725,-0.4839617690499165,-0.2663107599233061,0,3983,0.08,0.0384956497027416,278,290,thymio-11
53,1788221828.9258082,10000.0,10000.0,0.0,98.70000000000007,2.680824518203736,0.0851688608527183,-0.1844575703144073,-0.0694215819239616,-0.7323566675186157,-0.6178410649299622,-0.2776812613010406,10,1.0,1.0,-1.0,1.0,0,0,-0.03,0.0087666619921653,-108,-105,thymio-11
54,1788221829.529306,10000.0,10000.0,0.0,98.70000000000007,2.680824518203736,0.0851688608527183,-0.1844575703144073,-0.0694215819239616,-0.7323566675186157,-0.6178410649299622,-0.2776812613010406,10,1.0,1.0,-1.0,1.0,0,0,-0.03,-0.0582973543022237,-98,-115,thymio-11
55,1788221830.1325376,10000.0,10000.0,0.0,98.70000000000007,2.680824518203736,0.0851688608527183,-0.1844575703144073,-0.0694215819239616,-0.7323566675186157,-0.6178410649299622,-0.2776812613010406,10,1.0,1.0,-1.0,1.0,0,0,-0.03,0.0169322335015592,-109,-104,thymio-11
56,1788221830.7356403,10000.0,10000.0,0.0,98.70000000000007,2.680824518203736,0.0851688608527183,-0.1844575703144073,-0.0694215819239616,-0.7323566675186157,-0.6178410649299622,-0.2776812613010406,10,1.0,1.0,-1.0,1.0,0,0,-0.03,0.0450070068532556,-113,-100,thymio-11
57,1788221831.338896,10000.0,10000.0,0.0,98.70000000000007,2.680824518203736,0.0851688608527183,-0.1844575703144073,-0.0694215819239616,-0.7323566675186157,-0.6178410649299622,-0.2776812613010406,10,1.0,1.0,-1.0,1.0,0,0,-0.03,0.0467158984253452,-114,-100,thymio-11
58,1788221831.942371,10000.0,10000.0,0.0,98.70000000000007,2.680824518203736,0.0851688608527183,-0.1844575703144073,-0.0694215819239616,-0.7323566675186157,-0.6178410649299622,-0.2776812613010406,10,1.0,1.0,-1.0,1.0,2070,0,-0.08,0.0347676352789155,-289,-279,thymio-11
59,1788221832.5457008,2.7318434715271,-0.1354342401027679,0.8462295554116914,98.70000000000007,2.7318434715271,0.0845876708626747,-0.1354342401027679,-0.2397480309009552,-0.7850452065467834,-0.568863570690155,-0.0511778108775615,10,-0.3982209306163599,-0.8304847891542536,0.506605923633902,-0.2606030489982852,0,0,-0.0074089751412375,0.0227523004701574,-30,-23,thymio-11
60,1788221833.154953,2.7318434715271,-0.1354342401027679,0.8462295554116914,98.60000000000008,2.7318434715271,0.0845876708626747,-0.1354342401027679,-0.2397480309009552,-0.7850452065467834,-0.568863570690155,-0.0511778108775615,10,-0.3982209306163599,-0.8304847891542536,0.506605923633902,-0.2606030489982852,0,0,-0.007692691724947,0.1965732997958675,-57,2,thymio-11
61,1788221833.7581005,10000.0,10000.0,0.0,98.60000000000008,2.7318434715271,0.0845876708626747,-0.1354342401027679,-0.2397480309009552,-0.7850452065467834,-0.568863570690155,-0.0511778108775615,10,1.0,1.0,-1.0,1.0,0,0,-0.03,0.0183417580749609,-109,-104,thymio-11
62,1788221834.3619032,10000.0,10000.0,0.0,98.60000000000008,2.7318434715271,0.0845876708626747,-0.1354342401027679,-0.2397480309009552,-0.7850452065467834,-0.568863570690155,-0.0511778108775615,10,1.0,1.0,-1.0,1.0,0,0,-0.03,-0.0430129201246042,-100,-113,thymio-11
63,1788221834.965063,10000.0,10000.0,0.0,98.60000000000008,2.7318434715271,0.0845876708626747,-0.1354342401027679,-0.2397480309009552,-0.7850452065467834,-0.568863570690155,-0.0511778108775615,10,1.0,1.0,-1.0,1.0,0,0,-0.03,-0.1591883332327324,-83,-131,thymio-11
64,1788221835.5682602,10000.0,10000.0,0.0,98.60000000000008,2.7318434715271,0.0845876708626747,-0.1354342401027679,-0.2397480309009552,-0.7850452065467834,-0.568863570690155,-0.0511778108775615,10,1.0,1.0,-1.0,1.0,0,0,-0.03,-0.2144469336423678,-74,-139,thymio-11
65,1788221836.1716192,2.623823881149292,-0.1194886937737464,0.7769607925922486,98.60000000000008,2.623823881149292,0.0873941928148269,-0.1194886937737464,-0.0107626933604478,0.6964237093925476,0.6206603646278381,0.3600820004940033,10,-0.1871170356629036,-0.6514669204704695,0.5130576964786,-0.2981099239862852,0,0,-0.1215149260754078,-0.1297278055007419,-412,-451,thymio-11
66,1788221836.7797182,2.623823881149292,-0.1194886937737464,0.7769607925922486,98.50000000000009,2.623823881149292,0.0873941928148269,-0.1194886937737464,-0.0107626933604478,0.6964237093925476,0.6206603646278381,0.3600820004940033,10,-0.1871170356629036,-0.6514669204704695,0.5130576964786,-0.2981099239862852,0,0,-0.1182183174337923,0.0017334912975546,-420,-420,thymio-11
67,1788221837.383171,10000.0,10000.0,0.0,98.50000000000009,2.623823881149292,0.0873941928148269,-0.1194886937737464,-0.0107626933604478,0.6964237093925476,0.6206603646278381,0.3600820004940033,10,1.0,1.0,-1.0,1.0,0,0,-0.03,-0.2282744936715538,-72,-141,thymio-11
68,1788221837.9865687,10000.0,10000.0,0.0,98.50000000000009,2.623823881149292,0.0873941928148269,-0.1194886937737464,-0.0107626933604478,0.6964237093925476,0.6206603646278381,0.3600820004940033,10,1.0,1.0,-1.0,1.0,0,0,-0.03,-0.4867868966832793,-33,-180,thymio-11
69,1788221838.5898955,10000.0,10000.0,0.0,98.50000000000009,2.623823881149292,0.0873941928148269,-0.1194886937737464,-0.0107626933604478,0.6964237093925476,0.6206603646278381,0.3600820004940033,10,1.0,1.0,-1.0,1.0,0,0,-0.03,-0.5854161724678881,-18,-195,thymio-11
70,1788221839.1933842,10000.0,10000.0,0.0,98.50000000000009,2.623823881149292,0.0873941928148269,-0.1194886937737464,-0.0107626933604478,0.6964237093925476,0.6206603646278381,0.3600820004940033,10,1.0,1.0,-1.0,1.0,0,0,-0.03,-0.4597298241883071,-37,-176,thymio-11
71,1788221839.7969348,10000.0,10000.0,0.0,98.50000000000009,2.623823881149292,0.0873941928148269,-0.1194886937737464,-0.0107626933604478,0.6964237093925476,0.6206603646278381,0.3600820004940033,10,1.0,1.0,-1.0,1.0,0,0,-0.03,-0.3092100728061397,-60,-153,thymio-11
72,1788221840.400241,10000.0,10000.0,0.0,98.50000000000009,2.623823881149292,0.0873941928148269,-0.1194886937737464,-0.0107626933604478,0.6964237093925476,0.6206603646278381,0.3600820004940033,10,1.0,1.0,-1.0,1.0,0,0,-0.03,-0.2354851373787974,-71,-142,thymio-11
73,1788221841.0035825,10000.0,10000.0,0.0,98.50000000000009,2.623823881149292,0.0873941928148269,-0.1194886937737464,-0.0107626933604478,0.6964237093925476,0.6206603646278381,0.3600820004940033,10,1.0,1.0,-1.0,1.0,0,0,-0.03,-0.1972166291314164,-77,-136,thymio-11
74,1788221841.6072206,10000.0,10000.0,0.0,98.50000000000009,2.623823881149292,0.0873941928148269,-0.1194886937737464,-0.0107626933604478,0.6964237093925476,0.6206603646278381,0.3600820004940033,10,1.0,1.0,-1.0,1.0,0,0,-0.03,-0.1838058112659766,-79,-134,thymio-11
75,1788221842.2115989,10000.0,10000.0,0.0,98.50000000000009,2.623823881149292,0.0873941928148269,-0.1194886937737464,-0.0107626933604478,0.6964237093925476,0.6206603646278381,0.3600820004940033,10,1.0,1.0,-1.0,1.0,0,0,-0.03,-0.1771648880684874,-80,-133,thymio-11
76,1788221842.8149588,10000.0,10000.0,0.0,98.50000000000009,2.623823881149292,0.0873941928148269,-0.1194886937737464,-0.0107626933604478,0.6964237093925476,0.6206603646278381,0.3600820004940033,10,1.0,1.0,-1.0,1.0,0,0,-0.03,-0.176571068158431,-80,-133,thymio-11
77,1788221843.4179769,10000.0,10000.0,0.0,98.50000000000009,2.623823881149292,0.0873941928148269,-0.1194886937737464,-0.0107626933604478,0.6964237093925476,0.6206603646278381,0.3600820004940033,10,1.0,1.0,-1.0,1.0,0,0,-0.03,-0.1757416263867601,-80,-133,thymio-11
78,1788221844.0216255,10000.0,10000.0,0.0,98.50000000000009,2.623823881149292,0.0873941928148269,-0.1194886937737464,-0.0107626933604478,0.6964237093925476,0.6206603646278381,0.3600820004940033,10,1.0,1.0,-1.0,1.0,0,0,-0.03,-0.1763934889231404,-80,-133,thymio-11
79,1788221844.6247375,2.5650527477264404,0.0570016205310821,0.8612619434971087,98.50000000000009,2.5650527477264404,0.0891098380088806,0.0570016205310821,0.2362505197525024,0.7844113111495972,0.571819543838501,0.0436713136732578,10,0.0021604410119677,-0.5491486934601093,0.3349592126266887,-0.5788514286100884,0,0,-0.1631302885916862,-0.0581576747892618,-500,-500,thymio-11
80,1788221845.2332897,2.5650527477264404,0.0570016205310821,0.8612619434971087,98.40000000000008,2.5650527477264404,0.0891098380088806,0.0570016205310821,0.2362505197525024,0.7844113111495972,0.571819543838501,0.0436713136732578,10,0.0021604410119677,-0.5491486934601093,0.3349592126266887,-0.5788514286100884,0,0,-0.1736281069897746,0.0828398034814011,-500,-500,thymio-11
81,1788221845.836419,10000.0,10000.0,0.0,98.40000000000008,2.5650527477264404,0.0891098380088806,0.0570016205310821,0.2362505197525024,0.7844113111495972,0.571819543838501,0.0436713136732578,10,1.0,1.0,-1.0,1.0,0,0,-0.03,-0.1380442019462796,-86,-127,thymio-11
82,1788221846.4398265,10000.0,10000.0,0.0,98.40000000000008,2.5650527477264404,0.0891098380088806,0.0570016205310821,0.2362505197525024,0.7844113111495972,0.571819543838501,0.0436713136732578,10,1.0,1.0,-1.0,1.0,0,0,-0.03,-0.3082192461030982,-60,-153,thymio-11
83,1788221847.0433311,10000.0,10000.0,0.0,98.40000000000008,2.5650527477264404,0.0891098380088806,0.0570016205310821,0.2362505197525024,0.7844113111495972,0.571819543838501,0.0436713136732578,10,1.0,1.0,-1.0,1.0,0,0,-0.0273827049751255,-0.5383520392125264,-16,-179,thymio-11
84,1788221847.64686,10000.0,10000.0,0.0,98.40000000000008,2.5650527477264404,0.0891098380088806,0.0570016205310821,0.2362505197525024,0.7844113111495972,0.571819543838501,0.0436713136732578,10,1.0,1.0,-1.0,1.0,0,0,-0.03,-0.5643128157233359,-21,-192,thymio-11
85,1788221848.2498786,10000.0,10000.0,0.0,98.40000000000008,2.5650527477264404,0.0891098380088806,0.0570016205310821,0.2362505197525024,0.7844113111495972,0.571819543838501,0.0436713136732578,10,1.0,1.0,-1.0,1.0,0,0,-0.03,-0.4577445178970548,-37,-176,thymio-11
86,1788221848.8529403,10000.0,10000.0,0.0,98.40000000000008,2.5650527477264404,0.0891098380088806,0.0570016205310821,0.2362505197525024,0.7844113111495972,0.571819543838501,0.0436713136732578,10,1.0,1.0,-1.0,1.0,0,0,-0.03,-0.3169312934706055,-59,-154,thymio-11
87,1788221849.456712,10000.0,10000.0,0.0,98.40000000000008,2.5650527477264404,0.0891098380088806,0.0570016205310821,0.2362505197525024,0.7844113111495972,0.571819543838501,0.0436713136732578,10,1.0,1.0,-1.0,1.0,0,0,-0.03,-0.2405852003762483,-70,-143,thymio-11
88,1788221850.0605862,2.8165743350982666,-0.0105860466137528,0.2726974856610069,98.40000000000008,2.8165743350982666,0.0861344709992408,-0.0105860466137528,0.4987494647502899,0.6973329782485962,0.3775564134120941,-0.3498956263065338,10,-0.0756634328340892,-0.4722276546610405,1.0,-0.2322876909036815,0,0,-0.1143132206362067,-0.25378330970415,-368,-444,thymio-11
89,1788221850.6705563,2.8165743350982666,-0.0105860466137528,0.2726974856610069,98.3000000000001,2.8165743350982666,0.0861344709992408,-0.0105860466137528,0.4987494647502899,0.6973329782485962,0.3775564134120941,-0.3498956263065338,10,-0.0756634328340892,-0.4722276546610405,1.0,-0.2322876909036815,0,0,0.027319908767328,-0.1828479226478738,125,69,thymio-11
90,1788221851.2735803,10000.0,10000.0,0.0,98.3000000000001,2.8165743350982666,0.0861344709992408,-0.0105860466137528,0.4987494647502899,0.6973329782485962,0.3775564134120941,-0.3498956263065338,10,1.0,1.0,-1.0,1.0,0,0,0.03,-0.5430340514691744,189,25,thymio-11
91,1788221851.876722,10000.0,10000.0,0.0,98.3000000000001,2.8165743350982666,0.0861344709992408,-0.0105860466137528,0.4987494647502899,0.6973329782485962,0.3775564134120941,-0.3498956263065338,10,1.0,1.0,-1.0,1.0,0,0,0.03,-0.6241874317052765,201,12,thymio-11
92,1788221852.4805844,10000.0,10000.0,0.0,98.3000000000001,2.8165743350982666,0.0861344709992408,-0.0105860466137528,0.4987494647502899,0.6973329782485962,0.3775564134120941,-0.3498956263065338,10,1.0,1.0,-1.0,1.0,0,0,0.0248402580959856,-0.6186762565960481,182,-5,thymio-11
93,1788221853.083688,2.590778112411499,-0.1378177255392074,-1.2180585497971483,98.3000000000001,2.590778112411499,0.0865086913108825,-0.1378177255392074,0.4937320053577423,-0.1942259520292282,-0.410949558019638,-0.7413673400878906,10,1.0,-0.3224097139630347,-0.5159310827746697,-0.230050338107442,0,0,-0.0005630848703896,-0.5711890389154387,84,-88,thymio-11
94,1788221853.6922069,2.590778112411499,-0.1378177255392074,-1.2180585497971483,98.2000000000001,2.590778112411499,0.0865086913108825,-0.1378177255392074,0.4937320053577423,-0.1942259520292282,-0.410949558019638,-0.7413673400878906,10,1.0,-0.3224097139630347,-0.5159310827746697,-0.230050338107442,0,0,-0.0369017185972337,-0.5621897988116079,-46,-216,thymio-11
95,1788221854.295771,10000.0,10000.0,0.0,98.2000000000001,2.590778112411499,0.0865086913108825,-0.1378177255392074,0.4937320053577423,-0.1942259520292282,-0.410949558019638,-0.7413673400878906,10,1.0,1.0,-1.0,1.0,0,0,-0.03,-0.5069861521618382,-30,-183,thymio-11
96,1788221854.9003918,2.589106559753418,-0.1335902512073516,-1.28765727333157,98.2000000000001,2.589106559753418,0.0856605842709541,-0.1335902512073516,0.5151737332344055,-0.1398924738168716,-0.3707886040210724,-0.7599617838859558,10,-0.5659103621415382,-0.307486173293451,1.0,-0.3132571736786151,0,0,0.0478816230169469,-0.4432332492091312,237,103,thymio-11
97,1788221855.5101357,2.589106559753418,-0.1335902512073516,-1.28765727333157,98.10000000000012,2.589106559753418,0.0856605842709541,-0.1335902512073516,0.5151737332344055,-0.1398924738168716,-0.3707886040210724,-0.7599617838859558,10,-0.5659103621415382,-0.307486173293451,1.0,-0.3132571736786151,0,0,0.1737707493814867,-0.2263696768386021,500,500,thymio-11
98,1788221856.1133718,10000.0,10000.0,0.0,98.10000000000012,2.589106559753418,0.0856605842709541,-0.1335902512073516,0.5151737332344055,-0.1398924738168716,-0.3707886040210724,-0.7599617838859558,10,1.0,1.0,-1.0,1.0,0,0,0.03,-0.305240987643965,153,60,thymio-11
99,1788221856.7172463,2.5366499423980717,-0.1134572103619575,-1.3549373755151632,98.10000000000012,2.5366499423980717,0.0863788723945617,-0.1134572103619575,0.5538008213043213,-0.0450494661927223,-0.3056843876838684,-0.7731961607933044,10,-0.5452071826304337,-0.3553494173972873,1.0,-0.3419035532591251,0,0,0.1955577646818591,-0.1813452548871255,500,500,thymio-11
100,1788221857.3258004,2.5366499423980717,-0.1134572103619575,-1.3549373755151632,98.00000000000011,2.5366499423980717,0.0863788723945617,-0.1134572103619575,0.5538008213043213,-0.0450494661927223,-0.3056843876838684,-0.7731961607933044,10,-0.5452071826304337,-0.3553494173972873,1.0,-0.3419035532591251,0,0,0.1939632445542513,-0.1854070080815872,500,500,thymio-11
101,1788221857.9300451,10000.0,10000.0,0.0,98.00000000000011,2.5366499423980717,0.0863788723945617,-0.1134572103619575,0.5538008213043213,-0.0450494661927223,-0.3056843876838684,-0.7731961607933044,10,1.0,1.0,-1.0,1.0,0,0,0.03,-0.099825555979334,122,92,thymio-11
102,1788221858.5330532,10000.0,10000.0,0.0,98.00000000000011,2.5366499423980717,0.0863788723945617,-0.1134572103619575,0.5538008213043213,-0.0450494661927223,-0.3056843876838684,-0.7731961607933044,10,1.0,1.0,-1.0,1.0,0,0,0.03,-0.3854058385503957,165,48,thymio-11
103,1788221859.1361213,10000.0,10000.0,0.0,98.00000000000011,2.5366499423980717,0.0863788723945617,-0.1134572103619575,0.5538008213043213,-0.0450494661927223,-0.3056843876838684,-0.7731961607933044,10,1.0,1.0,-1.0,1.0,0,0,0.03,-0.5609963755487429,191,22,thymio-11
104,1788221859.7397463,10000.0,10000.0,0.0,98.00000000000011,2.5366499423980717,0.0863788723945617,-0.1134572103619575,0.5538008213043213,-0.0450494661927223,-0.3056843876838684,-0.7731961607933044,10,1.0,1.0,-1.0,1.0,0,0,0.03,-0.6166934012314709,200,13,thymio-11
105,1788221860.3427143,10000.0,10000.0,0.0,98.00000000000011,2.5366499423980717,0.0863788723945617,-0.1134572103619575,0.5538008213043213,-0.0450494661927223,-0.3056843876838684,-0.7731961607933044,10,1.0,1.0,-1.0,1.0,0,0,0.0118382875224032,-0.6015277579981285,133,-49,thymio-11
106,1788221860.9464698,10000.0,10000.0,0.0,98.00000000000011,2.5366499423980717,0.0863788723945617,-0.1134572103619575,0.5538008213043213,-0.0450494661927223,-0.3056843876838684,-0.7731961607933044,10,1.0,1.0,-1.0,1.0,0,0,0.00120287959196,-0.5840118087780612,92,-84,thymio-11
107,1788221861.5496752,2.4896671772003174,-0.1523924469947815,0.7505049085734901,98.00000000000011,2.4896671772003174,0.0865572467446327,-0.1523924469947815,-0.3552957773208618,-0.7712677717208862,-0.5200889110565186,0.0917529314756393,10,-0.2860655568620291,-0.5275624308554925,0.6480692016257448,-0.376489694663299,0,0,-0.0212421278619611,-0.254843847093997,-37,-114,thymio-11
108,1788221862.157853,2.4896671772003174,-0.1523924469947815,0.7505049085734901,97.90000000000012,2.4896671772003174,0.0865572467446327,-0.1523924469947815,-0.3552957773208618,-0.7712677717208862,-0.5200889110565186,0.0917529314756393,10,-0.2860655568620291,-0.5275624308554925,0.6480692016257448,-0.376489694663299,0,0,-0.0773217538616353,-0.0143594102847328,-273,-277,thymio-11
109,1788221862.7613149,10000.0,10000.0,0.0,97.90000000000012,2.4896671772003174,0.0865572467446327,-0.1523924469947815,-0.3552957773208618,-0.7712677717208862,-0.5200889110565186,0.0917529314756393,10,1.0,1.0,-1.0,1.0,0,0,-0.0281170070288191,-0.3333680264123306,-50,-150,thymio-11
110,1788221863.364484,10000.0,10000.0,0.0,97.90000000000012,2.4896671772003174,0.0865572467446327,-0.1523924469947815,-0.3552957773208618,-0.7712677717208862,-0.5200889110565186,0.0917529314756393,10,1.0,1.0,-1.0,1.0,0,0,0.03,-0.5441072554123638,189,24,thymio-11
111,1788221863.968517,10000.0,10000.0,0.0,97.90000000000012,2.4896671772003174,0.0865572467446327,-0.1523924469947815,-0.3552957773208618,-0.7712677717208862,-0.5200889110565186,0.0917529314756393,10,1.0,1.0,-1.0,1.0,0,0,-0.03,-0.5999878864960863,-16,-197,thymio-11
112,1788221864.571551,10000.0,10000.0,0.0,97.90000000000012,2.4896671772003174,0.0865572467446327,-0.1523924469947815,-0.3552957773208618,-0.7712677717208862,-0.5200889110565186,0.0917529314756393,10,1.0,1.0,-1.0,1.0,0,0,-0.03,-0.5405321833595942,-25,-188,thymio-11
113,1788221865.175318,2.6034693717956543,-0.2674365639686584,-0.014930647703629,97.90000000000012,2.6034693717956543,0.0867679417133331,-0.2674365639686584,-0.5447127819061279,-0.6640370488166809,-0.3439091742038727,0.3795647323131561,10,-0.2184617431211087,1.0,-0.4802706003466069,-0.2487863509813965,0,0,-0.0343454066349252,-0.097456730638916,-107,-137,thymio-11
114,1788221865.7834191,2.6034693717956543,-0.2674365639686584,-0.014930647703629,97.80000000000013,2.6034693717956543,0.0867679417133331,-0.2674365639686584,-0.5447127819061279,-0.6640370488166809,-0.3439091742038727,0.3795647323131561,10,-0.2184617431211087,1.0,-0.4802706003466069,-0.2487863509813965,0,0,-0.0693623922120991,-0.1359178016249547,-226,-267,thymio-11
115,1788221866.386342,10000.0,10000.0,0.0,97.80000000000013,2.6034693717956543,0.0867679417133331,-0.2674365639686584,-0.5447127819061279,-0.6640370488166809,-0.3439091742038727,0.3795647323131561,10,1.0,1.0,-1.0,1.0,0,0,0.03,-0.3444674672047299,159,55,thymio-11
116,1788221866.9893668,10000.0,10000.0,0.0,97.80000000000013,2.6034693717956543,0.0867679417133331,-0.2674365639686584,-0.5447127819061279,-0.6640370488166809,-0.3439091742038727,0.3795647323131561,10,1.0,1.0,-1.0,1.0,0,0,-0.0242914733948257,-0.4741178512131964,-15,-158,thymio-11
117,1788221867.5931704,10000.0,10000.0,0.0,97.80000000000013,2.6034693717956543,0.0867679417133331,-0.2674365639686584,-0.5447127819061279,-0.6640370488166809,-0.3439091742038727,0.3795647323131561,10,1.0,1.0,-1.0,1.0,0,0,0.03,-0.5454938062174252,189,24,thymio-11
118,1788221868.1961904,10000.0,10000.0,0.0,97.80000000000013,2.6034693717956543,0.0867679417133331,-0.2674365639686584,-0.5447127819061279,-0.6640370488166809,-0.3439091742038727,0.3795647323131561,10,1.0,1.0,-1.0,1.0,0,0,0.03,-0.5384373513385834,188,25,thymio-11
119,1788221868.799619,2.6090033054351807,-0.4653425216674804,-1.2456022044946953,97.80000000000013,2.6090033054351807,0.084022007882595,-0.4653425216674804,-0.6364790201187134,-0.4063769280910492,-0.0551909543573856,0.6532275080680847,10,-0.3489414563197467,-0.5154694432862303,1.0,-0.1223285500325425,0,0,0.0289403497244328,-0.495237854955839,178,28,thymio-11
120,1788221869.407897,2.6090033054351807,-0.4653425216674804,-1.2456022044946953,97.70000000000012,2.6090033054351807,0.084022007882595,-0.4653425216674804,-0.6364790201187134,-0.4063769280910492,-0.0551909543573856,0.6532275080680847,10,-0.3489414563197467,-0.5154694432862303,1.0,-0.1223285500325425,0,0,0.1114371141842628,-0.5830278608176886,484,308,thymio-11
121,1788221870.011825,10000.0,10000.0,0.0,97.70000000000012,2.6090033054351807,0.084022007882595,-0.4653425216674804,-0.6364790201187134,-0.4063769280910492,-0.0551909543573856,0.6532275080680847,10,1.0,1.0,-1.0,1.0,0,0,0.03,-0.4562580589942693,175,38,thymio-11
122,1788221870.6146452,10000.0,10000.0,0.0,97.70000000000012,2.6090033054351807,0.084022007882595,-0.4653425216674804,-0.6364790201187134,-0.4063769280910492,-0.0551909543573856,0.6532275080680847,10,1.0,1.0,-1.0,1.0,0,0,0.03,-0.6146502190365268,199,14,thymio-11
123,1788221871.2174797,10000.0,10000.0,0.0,97.70000000000012,2.6090033054351807,0.084022007882595,-0.4653425216674804,-0.6364790201187134,-0.4063769280910492,-0.0551909543573856,0.6532275080680847,10,1.0,1.0,-1.0,1.0,0,0,0.03,-0.6222569616815257,201,13,thymio-11
124,1788221871.821073,2.603269338607788,-0.4682803750038147,-1.120015978424718,97.70000000000012,2.603269338607788,0.0829170197248458,-0.4682803750038147,-0.6229974031448364,-0.4810350239276886,-0.1361416429281234,0.6016187071800232,10,-0.3451565279920936,-0.3527798025739801,1.0,-0.1515777485723169,0,0,0.0764158147299908,-0.6060163635236319,363,180,thymio-11
125,1788221872.4290226,2.603269338607788,-0.4682803750038147,-1.120015978424718,97.60000000000014,2.603269338607788,0.0829170197248458,-0.4682803750038147,-0.6229974031448364,-0.4810350239276886,-0.1361416429281234,0.6016187071800232,10,-0.3451565279920936,-0.3527798025739801,1.0,-0.1515777485723169,0,0,0.1269876854205506,-0.6148970814520706,500,358,thymio-11
126,1788221873.0325158,10000.0,10000.0,0.0,97.60000000000014,2.603269338607788,0.0829170197248458,-0.4682803750038147,-0.6229974031448364,-0.4810350239276886,-0.1361416429281234,0.6016187071800232,10,1.0,1.0,-1.0,1.0,0,0,0.03,-0.484243679452148,180,33,thymio-11
127,1788221873.636213,10000.0,10000.0,0.0,97.60000000000014,2.603269338607788,0.0829170197248458,-0.4682803750038147,-0.6229974031448364,-0.4810350239276886,-0.1361416429281234,0.6016187071800232,10,1.0,1.0,-1.0,1.0,0,0,0.03,-0.619970803799199,200,13,thymio-11
128,1788221874.2390969,10000.0,10000.0,0.0,97.60000000000014,2.603269338607788,0.0829170197248458,-0.4682803750038147,-0.6229974031448364,-0.4810350239276886,-0.1361416429281234,0.6016187071800232,10,1.0,1.0,-1.0,1.0,0,0,0.03,-0.6242874540628854,201,12,thymio-11
129,1788221874.8428323,10000.0,10000.0,0.0,97.60000000000014,2.603269338607788,0.0829170197248458,-0.4682803750038147,-0.6229974031448364,-0.4810350239276886,-0.1361416429281234,0.6016187071800232,10,1.0,1.0,-1.0,1.0,0,0,0.03,-0.6207450553859291,200,13,thymio-11
130,1788221875.4462986,10000.0,10000.0,0.0,97.60000000000014,2.603269338607788,0.0829170197248458,-0.4682803750038147,-0.6229974031448364,-0.4810350239276886,-0.1361416429281234,0.6016187071800232,10,1.0,1.0,-1.0,1.0,0,0,0.0269487601592665,-0.607203518110268,187,4,thymio-11
131,1788221876.0498717,10000.0,10000.0,0.0,97.60000000000014,2.603269338607788,0.0829170197248458,-0.4682803750038147,-0.6229974031448364,-0.4810350239276886,-0.1361416429281234,0.6016187071800232,10,1.0,1.0,-1.0,1.0,0,0,0.0244375900899888,-0.595669893278838,177,-3,thymio-11
132,1788221876.652756,10000.0,10000.0,0.0,97.60000000000014,2.603269338607788,0.0829170197248458,-0.4682803750038147,-0.6229974031448364,-0.4810350239276886,-0.1361416429281234,0.6016187071800232,10,1.0,1.0,-1.0,1.0,0,0,-0.03,-0.5701875186434987,-20,-193,thymio-11
133,1788221877.2556913,10000.0,10000.0,0.0,97.60000000000014,2.603269338607788,0.0829170197248458,-0.4682803750038147,-0.6229974031448364,-0.4810350239276886,-0.1361416429281234,0.6016187071800232,10,1.0,1.0,-1.0,1.0,0,0,-0.03,-0.5550069747431495,-23,-190,thymio-11
134,1788221877.8594458,2.6512293815612797,-0.4908140897750854,-0.967361033629034,97.60000000000014,2.6512293815612797,0.0837321206927299,-0.4908140897750854,-0.4092558026313782,0.3121094703674316,0.473739892244339,0.7146102786064148,10,-0.5653453629331147,-0.3025051412774554,1.0,-0.3176541951575541,0,0,0.0429061901443049,-0.4437208678922278,219,85,thymio-11
135,1788221878.4678593,2.6512293815612797,-0.4908140897750854,-0.967361033629034,97.50000000000014,2.6512293815612797,0.0837321206927299,-0.4908140897750854,-0.4092558026313782,0.3121094703674316,0.473739892244339,0.7146102786064148,10,-0.5653453629331147,-0.3025051412774554,1.0,-0.3176541951575541,0,0,0.1573090725638305,-0.3411230183184855,500,500,thymio-11
136,1788221879.0711875,10000.0,10000.0,0.0,97.50000000000014,2.6512293815612797,0.0837321206927299,-0.4908140897750854,-0.4092558026313782,0.3121094703674316,0.473739892244339,0.7146102786064148,10,1.0,1.0,-1.0,1.0,0,0,0.03,-0.3257797582458062,156,57,thymio-11
137,1788221879.6749382,10000.0,10000.0,0.0,97.50000000000014,2.6512293815612797,0.0837321206927299,-0.4908140897750854,-0.4092558026313782,0.3121094703674316,0.473739892244339,0.7146102786064148,10,1.0,1.0,-1.0,1.0,0,0,0.03,-0.5975722504636771,197,16,thymio-11
138,1788221880.278609,2.650832176208496,-0.4986328780651092,-0.606868805097915,97.50000000000014,2.650832176208496,0.0835436582565307,-0.4986328780651092,0.3602822124958038,-0.4000522792339325,-0.5184950828552246,-0.6643174886703491,10,-0.2991671489343993,-0.4029290815311311,-0.5092834397102657,0.0318458464648439,0,0,0.0694532623439108,-0.0624393730134937,256,237,thymio-11
139,1788221880.8876047,2.650832176208496,-0.4986328780651092,-0.606868805097915,97.40000000000016,2.650832176208496,0.0835436582565307,-0.4986328780651092,0.3602822124958038,-0.4000522792339325,-0.5184950828552246,-0.6643174886703491,10,-0.2991671489343993,-0.4029290815311311,-0.5092834397102657,0.0318458464648439,0,0,0.0958086918580378,0.4680497944162238,270,411,thymio-11
140,1788221881.4908526,10000.0,10000.0,0.0,97.40000000000016,2.650832176208496,0.0835436582565307,-0.4986328780651092,0.3602822124958038,-0.4000522792339325,-0.5184950828552246,-0.6643174886703491,10,1.0,1.0,-1.0,1.0,0,0,-0.0085714801085474,0.2179007225649407,-63,2,thymio-11
141,1788221882.093929,10000.0,10000.0,0.0,97.40000000000016,2.650832176208496,0.0835436582565307,-0.4986328780651092,0.3602822124958038,-0.4000522792339325,-0.5184950828552246,-0.6643174886703491,10,1.0,1.0,-1.0,1.0,0,0,-0.0022133276264443,0.549736527340121,-91,75,thymio-11
142,1788221882.697593,2.616490125656128,-0.5237556099891663,0.8201300193240102,97.40000000000016,2.616490125656128,0.0833500996232032,-0.5237556099891663,-0.1189274713397026,-0.7427303194999695,-0.6185599565505981,-0.2271375954151153,10,-0.2904555444932135,-0.2274484643194956,-0.4426167197456185,0.0444423983942376,0,0,0.001304347970474,0.3319378757670716,-45,55,thymio-11
143,1788221883.307103,2.616490125656128,-0.5237556099891663,0.8201300193240102,97.30000000000015,2.616490125656128,0.0833500996232032,-0.5237556099891663,-0.1189274713397026,-0.7427303194999695,-0.6185599565505981,-0.2271375954151153,10,-0.2904555444932135,-0.2274484643194956,-0.4426167197456185,0.0444423983942376,0,0,0.0747088877238906,0.3709983698341926,209,321,thymio-11
144,1788221883.9102027,10000.0,10000.0,0.0,97.30000000000015,2.616490125656128,0.0833500996232032,-0.5237556099891663,-0.1189274713397026,-0.7427303194999695,-0.6185599565505981,-0.2271375954151153,10,1.0,1.0,-1.0,1.0,0,0,0.03,0.6158051944492909,14,200,thymio-11
145,1788221884.5131774,2.673774719238281,-0.6116062998771667,-1.324431333699443,97.30000000000015,2.673774719238281,0.0825234502553939,-0.6116062998771667,-0.6287568807601929,-0.2931969165802002,0.0642007812857627,0.7173413634300232,10,-0.531998689387,-0.3758334993507721,1.0,-0.2721946488703172,0,0,0.1598837696497104,0.6256726263409352,474,500,thymio-11
146,1788221885.120972,2.673774719238281,-0.6116062998771667,-1.324431333699443,97.20000000000016,2.673774719238281,0.0825234502553939,-0.6116062998771667,-0.6287568807601929,-0.2931969165802002,0.0642007812857627,0.7173413634300232,10,-0.531998689387,-0.3758334993507721,1.0,-0.2721946488703172,0,0,0.1503875544230645,0.6282031176663536,439,500,thymio-11
147,1788221885.7242882,10000.0,10000.0,0.0,97.20000000000016,2.673774719238281,0.0825234502553939,-0.6116062998771667,-0.6287568807601929,-0.2931969165802002,0.0642007812857627,0.7173413634300232,10,1.0,1.0,-1.0,1.0,0,0,0.03,0.5394297381878831,25,188,thymio-11
148,1788221886.3276963,10000.0,10000.0,0.0,97.20000000000016,2.673774719238281,0.0825234502553939,-0.6116062998771667,-0.6287568807601929,-0.2931969165802002,0.0642007812857627,0.7173413634300232,10,1.0,1.0,-1.0,1.0,0,0,0.03,0.6161642933126257,14,200,thymio-11
149,1788221886.9310975,10000.0,10000.0,0.0,97.20000000000016,2.673774719238281,0.0825234502553939,-0.6116062998771667,-0.6287568807601929,-0.2931969165802002,0.0642007812857627,0.7173413634300232,10,1.0,1.0,-1.0,1.0,0,0,0.0278505826091433,0.6219532197992139,5,193,thymio-11
150,1788221887.5343478,10000.0,10000.0,0.0,97.20000000000016,2.673774719238281,0.0825234502553939,-0.6116062998771667,-0.6287568807601929,-0.2931969165802002,0.0642007812857627,0.7173413634300232,10,1.0,1.0,-1.0,1.0,0,0,0.03,0.6246561373572431,12,201,thymio-11
151,1788221888.1383364,10000.0,10000.0,0.0,97.20000000000016,2.673774719238281,0.0825234502553939,-0.6116062998771667,-0.6287568807601929,-0.2931969165802002,0.0642007812857627,0.7173413634300232,10,1.0,1.0,-1.0,1.0,0,0,0.0164856755289172,0.6264581104142544,-36,153,thymio-11
152,1788221888.741928,2.672764778137207,-0.6719713807106018,0.8373353813749214,97.20000000000016,2.672764778137207,0.0828618183732032,-0.6719713807106018,0.0867530182003974,0.7458908557891846,0.6114165782928467,0.2495808452367782,10,-0.3999395529127553,-0.4827911154201735,-0.662549275959245,-0.1591614578041827,0,0,0.0219234483414133,0.5475753388683459,-5,161,thymio-11
153,1788221889.3506763,2.672764778137207,-0.6719713807106018,0.8373353813749214,97.10000000000016,2.672764778137207,0.0828618183732032,-0.6719713807106018,0.0867530182003974,0.7458908557891846,0.6114165782928467,0.2495808452367782,10,-0.3999395529127553,-0.4827911154201735,-0.662549275959245,-0.1591614578041827,0,0,-0.0362472890622895,0.624272267876897,-223,-35,thymio-11
154,1788221889.953635,10000.0,10000.0,0.0,97.10000000000016,2.672764778137207,0.0828618183732032,-0.6719713807106018,0.0867530182003974,0.7458908557891846,0.6114165782928467,0.2495808452367782,10,1.0,1.0,-1.0,1.0,0,0,-0.03,0.6282076727009004,-201,-12,thymio-11
155,1788221890.5572915,10000.0,10000.0,0.0,97.10000000000016,2.672764778137207,0.0828618183732032,-0.6719713807106018,0.0867530182003974,0.7458908557891846,0.6114165782928467,0.2495808452367782,10,1.0,1.0,-1.0,1.0,0,0,-0.03,-0.0849545525686204,-94,-119,thymio-11
156,1788221891.1602893,10000.0,10000.0,0.0,97.10000000000016,2.672764778137207,0.0828618183732032,-0.6719713807106018,0.0867530182003974,0.7458908557891846,0.6114165782928467,0.2495808452367782,10,1.0,1.0,-1.0,1.0,0,0,-0.03,0.0720917767917507,-117,-96,thymio-11
157,1788221891.7636137,10000.0,10000.0,0.0,97.10000000000016,2.672764778137207,0.0828618183732032,-0.6719713807106018,0.0867530182003974,0.7458908557891846,0.6114165782928467,0.2495808452367782,10,1.0,1.0,-1.0,1.0,0,0,-0.03,0.0130566841619529,-109,-105,thymio-11
158,1788221892.366639,10000.0,10000.0,0.0,97.10000000000016,2.672764778137207,0.0828618183732032,-0.6719713807106018,0.0867530182003974,0.7458908557891846,0.6114165782928467,0.2495808452367782,10,1.0,1.0,-1.0,1.0,0,0,-0.03,-0.0134240991713987,-105,-109,thymio-11
159,1788221892.9695363,10000.0,10000.0,0.0,97.10000000000016,2.672764778137207,0.0828618183732032,-0.6719713807106018,0.0867530182003974,0.7458908557891846,0.6114165782928467,0.2495808452367782,10,1.0,1.0,-1.0,1.0,0,0,-0.03,-0.0300262045993258,-102,-111,thymio-11
160,1788221893.573201,10000.0,10000.0,0.0,97.10000000000016,2.672764778137207,0.0828618183732032,-0.6719713807106018,0.0867530182003974,0.7458908557891846,0.6114165782928467,0.2495808452367782,10,1.0,1.0,-1.0,1.0,0,0,-0.03,-0.0521232384084314,-99,-114,thymio-11
161,1788221894.1766994,10000.0,10000.0,0.0,97.10000000000016,2.672764778137207,0.0828618183732032,-0.6719713807106018,0.0867530182003974,0.7458908557891846,0.6114165782928467,0.2495808452367782,10,1.0,1.0,-1.0,1.0,0,0,-0.03,-0.069393114077578,-96,-117,thymio-11
162,1788221894.779961,2.48999571800232,-0.6129576563835144,0.1398679396967161,97.10000000000016,2.48999571800232,0.0841664746403694,-0.6129576563835144,-0.2574649453163147,0.5093927979469299,0.5735089182853699,0.5876380205154419,10,-0.4419801004905066,1.0,1.0,-0.5711681618668061,0,0,-0.0210666969397264,-0.0426643556379664,-68,-81,thymio-11
163,1788221895.3879976,2.48999571800232,-0.6129576563835144,0.1398679396967161,97.00000000000016,2.48999571800232,0.0841664746403694,-0.6129576563835144,-0.2574649453163147,0.5093927979469299,0.5735089182853699,0.5876380205154419,10,-0.4419801004905066,1.0,1.0,-0.5711681618668061,0,0,0.1607421844225324,0.502070755638962,495,500,thymio-11
164,1788221895.9912217,10000.0,10000.0,0.0,97.00000000000016,2.48999571800232,0.0841664746403694,-0.6129576563835144,-0.2574649453163147,0.5093927979469299,0.5735089182853699,0.5876380205154419,10,1.0,1.0,-1.0,1.0,0,0,0.03,0.5579571300204843,22,191,thymio-11
165,1788221896.594697,10000.0,10000.0,0.0,97.00000000000016,2.48999571800232,0.0841664746403694,-0.6129576563835144,-0.2574649453163147,0.5093927979469299,0.5735089182853699,0.5876380205154419,10,1.0,1.0,-1.0,1.0,0,0,0.03,0.5699753020932906,21,193,thymio-11
166,1788221897.1977327,10000.0,10000.0,0.0,97.00000000000016,2.48999571800232,0.0841664746403694,-0.6129576563835144,-0.2574649453163147,0.5093927979469299,0.5735089182853699,0.5876380205154419,10,1.0,1.0,-1.0,1.0,0,0,0.03,0.6180984569636456,13,200,thymio-11
167,1788221897.8009317,10000.0,10000.0,0.0,97.00000000000016,2.48999571800232,0.0841664746403694,-0.6129576563835144,-0.2574649453163147,0.5093927979469299,0.5735089182853699,0.5876380205154419,10,1.0,1.0,-1.0,1.0,0,0,0.03,0.6170331444968219,13,200,thymio-11
168,1788221898.4042585,2.466958999633789,-0.6924146413803101,0.8121280251704719,97.00000000000016,2.466958999633789,0.0832548588514328,-0.6924146413803101,-0.0436568967998027,-0.7200148701667786,-0.6239233016967773,-0.3006533980369568,10,-0.4074106691262463,1.0,-0.0810716344023244,-0.2482168302629237,0,0,0.0555921801751966,0.4880522829365607,124,271,thymio-11
169,1788221899.0131004,2.466958999633789,-0.6924146413803101,0.8121280251704719,96.90000000000018,2.466958999633789,0.0832548588514328,-0.6924146413803101,-0.0436568967998027,-0.7200148701667786,-0.6239233016967773,-0.3006533980369568,10,-0.4074106691262463,1.0,-0.0810716344023244,-0.2482168302629237,0,0,0.1103099010491856,0.4336378205375814,326,457,thymio-11
170,1788221899.616435,10000.0,10000.0,0.0,96.90000000000018,2.466958999633789,0.0832548588514328,-0.6924146413803101,-0.0436568967998027,-0.7200148701667786,-0.6239233016967773,-0.3006533980369568,10,1.0,1.0,-1.0,1.0,0,0,0.03,0.5647534821448669,21,192,thymio-11
171,1788221900.2197063,10000.0,10000.0,0.0,96.90000000000018,2.466958999633789,0.0832548588514328,-0.6924146413803101,-0.0436568967998027,-0.7200148701667786,-0.6239233016967773,-0.3006533980369568,10,1.0,1.0,-1.0,1.0,0,0,0.03,0.6105201495232004,14,199,thymio-11
172,1788221900.822743,10000.0,10000.0,0.0,96.90000000000018,2.466958999633789,0.0832548588514328,-0.6924146413803101,-0.0436568967998027,-0.7200148701667786,-0.6239233016967773,-0.3006533980369568,10,1.0,1.0,-1.0,1.0,0,0,0.03,0.6265669825070026,12,201,thymio-11
173,1788221901.4264538,2.435424327850342,-0.6518822908401489,-0.3461949349268218,96.90000000000018,2.435424327850342,0.0830129086971283,-0.6518822908401489,-0.5572152733802795,-0.6289610862731934,-0.2948879301548004,0.4549289047718048,10,-0.0822474477657198,1.0,1.0,-0.5339638719700288,0,0,0.1116174015237801,0.6260117006300046,302,491,thymio-11
174,1788221902.0346563,2.435424327850342,-0.6518822908401489,-0.3461949349268218,96.80000000000018,2.435424327850342,0.0830129086971283,-0.6518822908401489,-0.5572152733802795,-0.6289610862731934,-0.2948879301548004,0.4549289047718048,10,-0.0822474477657198,1.0,1.0,-0.5339638719700288,0,0,0.0617516323927636,0.6278012156615426,125,314,thymio-11
175,1788221902.637734,10000.0,10000.0,0.0,96.80000000000018,2.435424327850342,0.0830129086971283,-0.6518822908401489,-0.5572152733802795,-0.6289610862731934,-0.2948879301548004,0.4549289047718048,10,1.0,1.0,-1.0,1.0,0,0,0.03,0.6280148848822242,12,201,thymio-11
176,1788221903.2419384,2.4946095943450928,-0.6674378514289856,-0.5938134889231366,96.80000000000018,2.4946095943450928,0.0828071758151054,-0.6674378514289856,0.356349766254425,-0.3898467421531677,-0.5253617167472839,-0.6671053767204285,10,-0.1736941368912179,-0.1274783985074663,1.0,-0.2709433882672089,0,0,0.0213954130965404,0.6267830641265703,-19,171,thymio-11
177,1788221903.8510115,2.4800312519073486,-0.6895080208778381,0.6880353622405289,96.7000000000002,2.4800312519073486,0.0818992853164672,-0.6895080208778381,0.0996955633163452,-0.6400846242904663,-0.62150639295578,-0.4405476748943329,10,-0.2077755305977626,-0.4352363017825796,-0.1748043322251116,-0.2559756731735098,0,0,0.0490907159745458,0.2406734415847334,138,211,thymio-11
178,1788221904.4600143,2.4800312519073486,-0.6895080208778381,0.6880353622405289,96.6000000000002,2.4800312519073486,0.0818992853164672,-0.6895080208778381,0.0996955633163452,-0.6400846242904663,-0.62150639295578,-0.4405476748943329,10,-0.2077755305977626,-0.4352363017825796,-0.1748043322251116,-0.2559756731735098,0,0,0.1302556219950218,0.4749919777737351,391,500,thymio-11
179,1788221905.0630567,10000.0,10000.0,0.0,96.6000000000002,2.4800312519073486,0.0818992853164672,-0.6895080208778381,0.0996955633163452,-0.6400846242904663,-0.62150639295578,-0.4405476748943329,10,1.0,1.0,-1.0,1.0,0,0,0.03,0.5566490057387855,23,191,thymio-11
180,1788221905.6665628,2.45398473739624,-0.6920304894447327,0.8307123651933264,96.6000000000002,2.45398473739624,0.0827158465981483,-0.6920304894447327,-0.1806394904851913,-0.7723426222801208,-0.5900774598121643,-0.150548368692398,10,-0.0841782033339073,-0.4333893969729468,-0.1578074112593177,-0.3447944748191659,0,0,0.1217870811348152,0.4434250117197904,366,500,thymio-11
181,1788221906.2752132,2.4341371059417725,-0.6658039093017578,0.4227999322734934,96.5000000000002,2.4341371059417725,0.0830087810754776,-0.6658039093017578,-0.4821218848228454,-0.707108199596405,-0.419620007276535,0.3024495542049408,10,-0.165014906277421,-0.4021194839872155,1.0,-0.3594623110743296,0,0,0.1971658069986573,0.6260207934923312,500,500,thymio-11
182,1788221906.883643,2.4341371059417725,-0.6658039093017578,0.4227999322734934,96.4000000000002,2.4341371059417725,0.0830087810754776,-0.6658039093017578,-0.4821218848228454,-0.707108199596405,-0.419620007276535,0.3024495542049408,10,-0.165014906277421,1.0,1.0,-0.2668391035277041,0,0,0.1156180333008646,0.2731079989315016,370,452,thymio-11
183,1788221907.491864,2.4545702934265137,-0.6343657970428467,-1.3103267980224755,96.3000000000002,2.4545702934265137,0.0833985805511474,-0.6343657970428467,-0.6306913495063782,-0.368010014295578,-0.0306337196379899,0.6825383901596069,10,1.0,-0.2089303098564628,1.0,-0.1383452197960498,0,0,0.1911409202011222,0.6212303993952831,500,500,thymio-11
184,1788221908.0999596,2.4545702934265137,-0.6343657970428467,-1.3103267980224755,96.20000000000022,2.4545702934265137,0.0833985805511474,-0.6343657970428467,-0.6306913495063782,-0.368010014295578,-0.0306337196379899,0.6825383901596069,10,1.0,-0.2089303098564628,1.0,-0.1383452197960498,0,0,0.1193757937988818,0.6127704410209729,332,500,thymio-11
185,1788221908.7093542,2.4942338466644287,-0.6589334607124329,-1.02835282786325,96.10000000000022,2.4942338466644287,0.0830134451389312,-0.6589334607124329,-0.4368913471698761,0.2803603112697601,0.4676937162876129,0.7153926491737366,10,0.8838414035025552,-0.3125272490127599,1.0,-0.0826134860022496,0,0,0.1760356808885091,0.6264145170484305,500,500,thymio-11
186,1788221909.3177054,2.470292568206787,-0.6927940249443054,0.8023112548330502,96.00000000000024,2.470292568206787,0.0829756334424018,-0.6927940249443054,0.0013030148111283,0.7002550959587097,0.6296662092208862,0.3363950848579407,10,-0.0276892166234197,1.0,0.0723416460920594,-0.3406299039886223,0,0,0.0055678282532769,0.095121987963791,5,34,thymio-11
187,1788221909.9268942,2.470292568206787,-0.6927940249443054,0.8023112548330502,95.90000000000023,2.470292568206787,0.0829756334424018,-0.6927940249443054,0.0013030148111283,0.7002550959587097,0.6296662092208862,0.3363950848579407,10,-0.0276892166234197,1.0,0.0723416460920594,-0.3406299039886223,0,0,0.0785612135017836,0.214974002902351,247,312,thymio-11
188,1788221910.5350928,2.43967604637146,-0.680462658405304,0.7519979699021664,95.80000000000024,2.43967604637146,0.0827933326363563,-0.680462658405304,0.3547788858413696,0.7737396955490112,0.5161417722702026,-0.0951665043830871,10,-0.0593219090889437,1.0,0.1621830797281045,-0.3713388175850434,0,0,0.1753977856632879,0.5203518090212101,500,500,thymio-11
189,1788221911.1435366,2.43967604637146,-0.680462658405304,0.7519979699021664,95.70000000000024,2.43967604637146,0.0827933326363563,-0.680462658405304,0.3547788858413696,0.7737396955490112,0.5161417722702026,-0.0951665043830871,10,-0.0593219090889437,1.0,0.1621830797281045,-0.3713388175850434,0,0,0.1657264254431624,0.4526064132915042,500,500,thymio-11
190,1788221911.7513828,2.4359781742095947,-0.6510401368141174,-0.4482102277749407,95.60000000000024,2.4359781742095947,0.0833583995699882,-0.6510401368141174,0.5582343339920044,0.6195327043533325,0.2770457863807678,-0.4772832989692688,10,0.2057558423905252,1.0,1.0,-0.3664581870713199,0,0,0.187852632261009,0.4831299160512303,500,500,thymio-11
191,1788221912.3599007,2.4916651248931885,-0.6488817930221558,-1.2861027038652928,95.50000000000026,2.4916651248931885,0.0822362229228019,-0.6488817930221558,0.5059254765510559,-0.1619174182415008,-0.3764115869998932,-0.7590366005897522,10,1.0,-0.3161922176311222,1.0,0.1797916817683003,0,0,0.1796415582062225,0.5761836403379423,500,500,thymio-11
192,1788221912.9679909,2.4916651248931885,-0.6488817930221558,-1.2861027038652928,95.40000000000026,2.4916651248931885,0.0822362229228019,-0.6488817930221558,0.5059254765510559,-0.1619174182415008,-0.3764115869998932,-0.7590366005897522,10,1.0,-0.3161922176311222,1.0,0.1797916817683003,0,0,0.1596077638179133,0.6233087783276263,473,500,thymio-11
193,1788221913.577126,2.4943432807922363,-0.6711186170578003,-0.4186350620355767,95.30000000000028,2.4943432807922363,0.0820656791329383,-0.6711186170578003,0.3386107087135315,-0.4263303875923157,-0.5359028577804565,-0.6452855467796326,10,0.1818784213596667,1.0,1.0,-0.3179187258946944,0,0,0.0250340277308743,0.5978344361202029,-1,179,thymio-11
194,1788221914.1857924,2.4943432807922363,-0.6711186170578003,-0.4186350620355767,95.20000000000029,2.4943432807922363,0.0820656791329383,-0.6711186170578003,0.3386107087135315,-0.4263303875923157,-0.5359028577804565,-0.6452855467796326,10,0.1818784213596667,1.0,1.0,-0.3179187258946944,0,0,0.0070212463009978,0.6282306197683322,-70,120,thymio-11
195,1788221914.794742,2.4465060234069824,-0.6878964304924011,0.8311641140540118,95.03706864148586,2.4465060234069824,0.0833107978105545,-0.6878964304924011,-0.2589315176010132,-0.775612473487854,-0.574540376663208,-0.0358225516974926,10,0.8543965283084627,1.0,0.1050860562621047,-0.4091685467309432,0,0,0.0221484451235702,0.6268463180242475,-16,173,thymio-11
196,1788221915.4033062,2.4465060234069824,-0.6878964304924011,0.8311641140540118,94.93706864148588,2.4465060234069824,0.0833107978105545,-0.6878964304924011,-0.2589315176010132,-0.775612473487854,-0.574540376663208,-0.0358225516974926,10,0.8543965283084627,1.0,0.1050860562621047,-0.4091685467309432,0,0,0.0346555936535038,0.6243141851044863,29,217,thymio-11
197,1788221916.01211,2.4734203815460205,-0.7182028889656067,-0.2680737575846619,94.83706864148589,2.4734203815460205,0.0827781856060028,-0.7182028889656067,-0.5554206371307373,-0.6355558037757874,-0.3091168403625488,0.4382049143314361,10,0.0436283854085028,1.0,1.0,-0.3699162882806167,0,0,-0.0041878645569057,0.6280445108886773,-110,80,thymio-11
1,1788308197.617678,3.288302183151245,0.8207750916481018,2.025270260132624,100.0,3.288302183151245,0.0820023193955421,0.8207750916481018,-0.023535655811429,-0.6716066598892212,0.0059108198620378,-0.7405104041099548,10,0.4259423097740953,1.0,-0.8226302285450311,1.0,0,0,-0.0005898857615237,-0.0333039219381062,3,-7,thymio-03
2,1788308198.222428,2.726646661758423,0.010504949837923,1.823278926982468,100.0,2.726646661758423,0.0799205228686332,0.010504949837923,-0.0171787869185209,0.3495495915412903,-0.0175302177667617,-0.9365963339805604,10,-0.7104175328407927,-0.6443582213125172,1.0,-0.6967093817279009,0,0,0.06524997757082,0.4943017149871422,157,306,thymio-03
3,1788308198.83067,2.726646661758423,0.010504949837923,1.823278926982468,99.9,2.726646661758423,0.0799205228686332,0.010504949837923,-0.0171787869185209,0.3495495915412903,-0.0175302177667617,-0.9365963339805604,10,-0.7104175328407927,-0.6443582213125172,1.0,-0.6967093817279009,1242,0,0.1030713766467018,0.6282067596782537,271,461,thymio-03
4,1788308199.4387858,2.726414918899536,0.0105548175051808,1.8209681512492093,99.8,2.726414918899536,0.0803450420498848,0.0105548175051808,-0.0082486988976597,0.3481855690479278,-0.013272657059133,-0.937295377254486,10,-0.7344293138098037,-0.6334863744852034,1.0,-0.7038237677856591,0,0,-0.0213797079242294,0.4769347779287309,-148,-4,thymio-03
5,1788308200.0476816,2.726414918899536,0.0105548175051808,1.8209681512492093,99.70000000000002,2.726414918899536,0.0803450420498848,0.0105548175051808,-0.0082486988976597,0.3481855690479278,-0.013272657059133,-0.937295377254486,10,-0.7344293138098037,-0.6334863744852034,1.0,-0.7038237677856591,0,0,-0.0213797079242294,0.1513490174558634,-99,-53,thymio-03
6,1788308200.6510096,10000.0,10000.0,0.0,99.70000000000002,2.726414918899536,0.0803450420498848,0.0105548175051808,-0.0082486988976597,0.3481855690479278,-0.013272657059133,-0.937295377254486,10,1.0,1.0,-1.0,1.0,0,0,-0.03,-0.1770623881435583,-80,-133,thymio-03
7,1788308201.253998,10000.0,10000.0,0.0,99.70000000000002,2.726414918899536,0.0803450420498848,0.0105548175051808,-0.0082486988976597,0.3481855690479278,-0.013272657059133,-0.937295377254486,10,1.0,1.0,-1.0,1.0,0,0,-0.03,-0.134533087006851,-86,-127,thymio-03
8,1788308201.857402,10000.0,10000.0,0.0,99.70000000000002,2.726414918899536,0.0803450420498848,0.0105548175051808,-0.0082486988976597,0.3481855690479278,-0.013272657059133,-0.937295377254486,10,1.0,1.0,-1.0,1.0,0,2226,0.08,-0.1880658836297764,313,256,thymio-03
9,1788308202.4607286,10000.0,10000.0,0.0,99.70000000000002,2.726414918899536,0.0803450420498848,0.0105548175051808,-0.0082486988976597,0.3481855690479278,-0.013272657059133,-0.937295377254486,10,1.0,1.0,-1.0,1.0,0,0,0.03,-0.3888514872161239,165,48,thymio-03
10,1788308203.063866,10000.0,10000.0,0.0,99.70000000000002,2.726414918899536,0.0803450420498848,0.0105548175051808,-0.0082486988976597,0.3481855690479278,-0.013272657059133,-0.937295377254486,10,1.0,1.0,-1.0,1.0,0,0,0.03,-0.5477678585191106,189,24,thymio-03
11,1788308203.6671622,10000.0,10000.0,0.0,99.70000000000002,2.726414918899536,0.0803450420498848,0.0105548175051808,-0.0082486988976597,0.3481855690479278,-0.013272657059133,-0.937295377254486,10,1.0,1.0,-1.0,1.0,0,0,-0.0072287252823942,-0.5409043835386923,56,-107,thymio-03
12,1788308204.2708466,2.6409499645233154,0.0254856422543525,1.829278130169992,99.70000000000002,2.6409499645233154,0.0814707726240158,0.0254856422543525,-0.0107098389416933,-0.0112985372543334,-0.0166650880128145,-0.9997400045394896,10,-0.7761287888632635,-0.766838823478977,-0.538353670967928,-0.6647324969989694,4454,0,-0.08,-0.4233403183995157,-220,-348,thymio-03
13,1788308204.8794634,2.6409499645233154,0.0254856422543525,1.829278130169992,99.60000000000002,2.6409499645233154,0.0814707726240158,0.0254856422543525,-0.0107098389416933,-0.0112985372543334,-0.0166650880128145,-0.9997400045394896,10,-0.7761287888632635,-0.766838823478977,-0.538353670967928,-0.6647324969989694,1455,0,0.0443214087890031,-0.2821429459846135,200,115,thymio-03
14,1788308205.4825175,10000.0,10000.0,0.0,99.60000000000002,2.6409499645233154,0.0814707726240158,0.0254856422543525,-0.0107098389416933,-0.0112985372543334,-0.0166650880128145,-0.9997400045394896,10,1.0,1.0,-1.0,1.0,2485,0,-0.08,-0.4377230516973585,-218,-350,thymio-03
15,1788308206.085606,10000.0,10000.0,0.0,99.60000000000002,2.6409499645233154,0.0814707726240158,0.0254856422543525,-0.0107098389416933,-0.0112985372543334,-0.0166650880128145,-0.9997400045394896,10,1.0,1.0,-1.0,1.0,2115,0,-0.08,-0.6129419609946318,-192,-377,thymio-03
16,1788308206.6888635,10000.0,10000.0,0.0,99.60000000000002,2.6409499645233154,0.0814707726240158,0.0254856422543525,-0.0107098389416933,-0.0112985372543334,-0.0166650880128145,-0.9997400045394896,10,1.0,1.0,-1.0,1.0,2487,0,-0.08,-0.5510404408666375,-201,-367,thymio-03
17,1788308207.292264,2.64348578453064,0.0392684675753116,2.021944163728371,99.60000000000002,2.64348578453064,0.0812579691410064,0.0392684675753116,-0.0023878773208707,-0.6189036965370178,0.0321183875203132,0.7848063111305237,10,-0.8264346845932466,1.0,-0.3661524413644046,-0.8139264630068587,0,0,0.0043171943575183,-0.1901134855391208,44,-13,thymio-03
18,1788308207.900555,2.64348578453064,0.0392684675753116,2.021944163728371,99.50000000000004,2.64348578453064,0.0812579691410064,0.0392684675753116,-0.0023878773208707,-0.6189036965370178,0.0321183875203132,0.7848063111305237,10,-0.8264346845932466,1.0,-0.3661524413644046,-0.8139264630068587,0,0,0.0107416818134997,0.2431715636715054,1,75,thymio-03
19,1788308208.5043747,10000.0,10000.0,0.0,99.50000000000004,2.64348578453064,0.0812579691410064,0.0392684675753116,-0.0023878773208707,-0.6189036965370178,0.0321183875203132,0.7848063111305237,10,1.0,1.0,-1.0,1.0,0,0,0.03,-0.3190241796959119,155,58,thymio-03
20,1788308209.1080542,10000.0,10000.0,0.0,99.50000000000004,2.64348578453064,0.0812579691410064,0.0392684675753116,-0.0023878773208707,-0.6189036965370178,0.0321183875203132,0.7848063111305237,10,1.0,1.0,-1.0,1.0,0,0,0.03,-0.5134520582804665,184,29,thymio-03
21,1788308209.7123945,2.7374107837677,0.1583556532859802,-1.433547578896313,99.50000000000004,2.7374107837677,0.0807588621973991,0.1583556532859802,-0.0123797487467527,-0.8939680457115173,0.0343188419938087,0.4466431736946106,10,1.0,1.0,-0.7380537064168282,-0.3001667520394674,0,0,0.0141538792088717,-0.4920304498557726,125,-24,thymio-03
22,1788308210.320362,2.7374107837677,0.1583556532859802,-1.433547578896313,99.40000000000003,2.7374107837677,0.0807588621973991,0.1583556532859802,-0.0123797487467527,-0.8939680457115173,0.0343188419938087,0.4466431736946106,10,1.0,1.0,-0.7380537064168282,-0.3001667520394674,0,0,-0.0061483647461132,-0.435485296336106,44,-88,thymio-03
23,1788308210.9237304,10000.0,10000.0,0.0,99.40000000000003,2.7374107837677,0.0807588621973991,0.1583556532859802,-0.0123797487467527,-0.8939680457115173,0.0343188419938087,0.4466431736946106,10,1.0,1.0,-1.0,1.0,0,4398,0.08,-0.519046930907404,363,206,thymio-03
24,1788308211.52697,10000.0,10000.0,0.0,99.40000000000003,2.7374107837677,0.0807588621973991,0.1583556532859802,-0.0123797487467527,-0.8939680457115173,0.0343188419938087,0.4466431736946106,10,1.0,1.0,-1.0,1.0,0,2861,0.08,-0.5099838895942643,361,207,thymio-03
25,1788308212.130433,10000.0,10000.0,0.0,99.40000000000003,2.7374107837677,0.0807588621973991,0.1583556532859802,-0.0123797487467527,-0.8939680457115173,0.0343188419938087,0.4466431736946106,10,1.0,1.0,-1.0,1.0,0,0,0.03,-0.5598790501523776,191,22,thymio-03
26,1788308212.733607,10000.0,10000.0,0.0,99.40000000000003,2.7374107837677,0.0807588621973991,0.1583556532859802,-0.0123797487467527,-0.8939680457115173,0.0343188419938087,0.4466431736946106,10,1.0,1.0,-1.0,1.0,0,0,0.03,-0.5551076345230782,190,23,thymio-03
27,1788308213.3366394,10000.0,10000.0,0.0,99.40000000000003,2.7374107837677,0.0807588621973991,0.1583556532859802,-0.0123797487467527,-0.8939680457115173,0.0343188419938087,0.4466431736946106,10,1.0,1.0,-1.0,1.0,0,0,0.03,-0.5215067616393524,185,28,thymio-03
28,1788308213.9409976,2.824338436126709,0.0952545180916786,-1.389202063462438,99.40000000000003,2.824338436126709,0.0804824382066726,0.0952545180916786,-0.0245708525180816,-0.969184160232544,0.0194763485342264,-0.2443341314792633,10,1.0,-0.8184741308079664,-0.7838676194551982,-0.032217008265627,0,0,0.0018254672775034,-0.3135688196687199,54,-41,thymio-03
29,1788308214.5492127,2.824338436126709,0.0952545180916786,-1.389202063462438,99.30000000000004,2.824338436126709,0.0804824382066726,0.0952545180916786,-0.0245708525180816,-0.969184160232544,0.0194763485342264,-0.2443341314792633,10,1.0,-0.8184741308079664,-0.7838676194551982,-0.032217008265627,0,0,-4.501807650941711e-05,-0.0593353340638708,9,-9,thymio-03
30,1788308215.152529,10000.0,10000.0,0.0,99.30000000000004,2.824338436126709,0.0804824382066726,0.0952545180916786,-0.0245708525180816,-0.969184160232544,0.0194763485342264,-0.2443341314792633,10,1.0,1.0,-1.0,1.0,0,0,-0.021679781024452,0.0484247820736042,-84,-70,thymio-03
31,1788308215.7556164,10000.0,10000.0,0.0,99.30000000000004,2.824338436126709,0.0804824382066726,0.0952545180916786,-0.0245708525180816,-0.969184160232544,0.0194763485342264,-0.2443341314792633,10,1.0,1.0,-1.0,1.0,0,0,-0.03,0.1452787099767676,-129,-85,thymio-03
32,1788308216.3587976,10000.0,10000.0,0.0,99.30000000000004,2.824338436126709,0.0804824382066726,0.0952545180916786,-0.0245708525180816,-0.969184160232544,0.0194763485342264,-0.2443341314792633,10,1.0,1.0,-1.0,1.0,0,0,-0.03,0.2117699191332152,-139,-75,thymio-03
33,1788308216.9623306,10000.0,10000.0,0.0,99.30000000000004,2.824338436126709,0.0804824382066726,0.0952545180916786,-0.0245708525180816,-0.969184160232544,0.0194763485342264,-0.2443341314792633,10,1.0,1.0,-1.0,1.0,0,0,-0.03,0.1090253018617855,-123,-90,thymio-03
34,1788308217.567224,2.8933374881744385,0.1397327184677124,1.8637103745450172,99.30000000000004,2.8933374881744385,0.0794510170817375,0.1397327184677124,-0.0174777973443269,-0.589778482913971,-6.998681783443317e-05,-0.8073759078979492,10,-0.752328724291792,1.0,0.1631126581549933,-0.6692971949473603,0,0,0.0064467255439545,0.0332258447046159,18,28,thymio-03
35,1788308218.1753893,2.8933374881744385,0.1397327184677124,1.8637103745450172,99.20000000000005,2.8933374881744385,0.0794510170817375,0.1397327184677124,-0.0174777973443269,-0.589778482913971,-6.998681783443317e-05,-0.8073759078979492,10,-0.752328724291792,1.0,0.1631126581549933,-0.6692971949473603,0,0,0.0514217273795432,0.1988621304293019,153,213,thymio-03
36,1788308218.7785783,10000.0,10000.0,0.0,99.20000000000005,2.8933374881744385,0.0794510170817375,0.1397327184677124,-0.0174777973443269,-0.589778482913971,-6.998681783443317e-05,-0.8073759078979492,10,1.0,1.0,-1.0,1.0,0,2780,0.08,0.0854128985916416,271,297,thymio-03
37,1788308219.381936,10000.0,10000.0,0.0,99.20000000000005,2.8933374881744385,0.0794510170817375,0.1397327184677124,-0.0174777973443269,-0.589778482913971,-6.998681783443317e-05,-0.8073759078979492,10,1.0,1.0,-1.0,1.0,0,0,0.03,-0.0350997885228883,112,101,thymio-03
38,1788308219.9849782,10000.0,10000.0,0.0,99.20000000000005,2.8933374881744385,0.0794510170817375,0.1397327184677124,-0.0174777973443269,-0.589778482913971,-6.998681783443317e-05,-0.8073759078979492,10,1.0,1.0,-1.0,1.0,0,0,0.03,-0.0454337895605763,113,100,thymio-03
39,1788308220.5880053,10000.0,10000.0,0.0,99.20000000000005,2.8933374881744385,0.0794510170817375,0.1397327184677124,-0.0174777973443269,-0.589778482913971,-6.998681783443317e-05,-0.8073759078979492,10,1.0,1.0,-1.0,1.0,0,0,0.03,0.0633210656181624,97,116,thymio-03
40,1788308221.1927395,2.860858201980591,0.0620343200862407,1.8575242179846896,99.20000000000005,2.860858201980591,0.0804744139313697,0.0620343200862407,-0.0192652400583028,-0.665258526802063,0.0124229369685053,-0.7462611794471741,10,-0.8139950561514924,1.0,-0.6160116144118337,-0.4450343743502973,0,0,0.0064672003689994,0.3309117840748743,-27,73,thymio-03
41,1788308221.8010435,2.860858201980591,0.0620343200862407,1.8575242179846896,99.10000000000004,2.860858201980591,0.0804744139313697,0.0620343200862407,-0.0192652400583028,-0.665258526802063,0.0124229369685053,-0.7462611794471741,10,-0.8139950561514924,1.0,-0.6160116144118337,-0.4450343743502973,0,0,0.0114334281238648,0.3870891971623113,-18,99,thymio-03
42,1788308222.4041958,10000.0,10000.0,0.0,99.10000000000004,2.860858201980591,0.0804744139313697,0.0620343200862407,-0.0192652400583028,-0.665258526802063,0.0124229369685053,-0.7462611794471741,10,1.0,1.0,-1.0,1.0,0,0,0.03,0.6091566506474551,15,199,thymio-03
43,1788308223.0076785,2.966503858566284,0.1906537115573883,-1.4334104956464362,99.10000000000004,2.966503858566284,0.0796474814414978,0.1906537115573883,-0.0111360130831599,-0.7573493719100952,0.0030282414518296,-0.6529079079627991,10,1.0,-0.6648504115746645,-0.3353816487430733,-0.3814369106612927,0,0,0.120130643878972,0.6043640535369218,336,500,thymio-03
44,1788308223.6161098,2.966503858566284,0.1906537115573883,-1.4334104956464362,99.00000000000006,2.966503858566284,0.0796474814414978,0.1906537115573883,-0.0111360130831599,-0.7573493719100952,0.0030282414518296,-0.6529079079627991,10,1.0,-0.6648504115746645,-0.3353816487430733,-0.3814369106612927,0,0,-0.097811437375364,0.6059680028615603,-439,-256,thymio-03
45,1788308224.2191966,10000.0,10000.0,0.0,99.00000000000006,2.966503858566284,0.0796474814414978,0.1906537115573883,-0.0111360130831599,-0.7573493719100952,0.0030282414518296,-0.6529079079627991,10,1.0,1.0,-1.0,1.0,0,0,-0.03,0.1413412352920924,-128,-85,thymio-03
46,1788308224.8226388,3.0700316429138184,0.1804207563400268,-1.3638624704036832,99.00000000000006,3.0700316429138184,0.0789683833718299,0.1804207563400268,-0.0134164011105895,-0.9736286997795104,0.0220730900764465,-0.2266714721918106,10,1.0,-0.091841484533332,-0.5551029189609518,-0.1595764942295813,0,0,-0.1850625170334419,0.2114810369575144,-500,-500,thymio-03
47,1788308225.4316385,3.0700316429138184,0.1804207563400268,-1.3638624704036832,98.90000000000006,3.0700316429138184,0.0789683833718299,0.1804207563400268,-0.0134164011105895,-0.9736286997795104,0.0220730900764465,-0.2266714721918106,10,1.0,-0.091841484533332,-0.5551029189609518,-0.1595764942295813,0,0,-0.1801678209022152,0.2613759065594577,-500,-500,thymio-03
48,1788308226.0353408,10000.0,10000.0,0.0,98.90000000000006,3.0700316429138184,0.0789683833718299,0.1804207563400268,-0.0134164011105895,-0.9736286997795104,0.0220730900764465,-0.2266714721918106,10,1.0,1.0,-1.0,1.0,0,0,-0.03,0.1484284293832365,-129,-84,thymio-03
49,1788308226.6388228,10000.0,10000.0,0.0,98.90000000000006,3.0700316429138184,0.0789683833718299,0.1804207563400268,-0.0134164011105895,-0.9736286997795104,0.0220730900764465,-0.2266714721918106,10,1.0,1.0,-1.0,1.0,0,0,-0.03,0.2288566152501444,-141,-72,thymio-03
50,1788308227.2427557,2.888594627380371,0.2653711140155792,-1.3834561009765345,98.90000000000006,2.888594627380371,0.0810908749699592,0.2653711140155792,-0.0209087301045656,-0.995553970336914,0.0265236236155033,-0.0879291296005249,10,1.0,0.0466962065293041,-0.3552561957225696,-0.1106497339581386,0,0,-0.1846320910398257,0.3303158184784823,-500,-500,thymio-03
51,1788308227.850938,2.806051731109619,0.3188149333000183,-1.379496293114718,98.4219176656139,2.806051731109619,0.0818339884281158,0.3188149333000183,-0.0159582458436489,-0.99903804063797,0.0265877787023782,0.031005673110485,10,1.0,0.1557855410072652,-0.4839617690499165,-0.1044976969168185,0,0,-0.1854432947280915,0.2649445643446076,-500,-500,thymio-03
52,1788308228.4595225,2.806051731109619,0.3188149333000183,-1.379496293114718,98.32191766561392,2.806051731109619,0.0818339884281158,0.3188149333000183,-0.0159582458436489,-0.99903804063797,0.0265877787023782,0.031005673110485,10,1.0,0.1557855410072652,-0.4839617690499165,-0.1044976969168185,0,0,-0.1952185479658296,0.1608328007641721,-500,-500,thymio-03
53,1788308229.0626028,10000.0,10000.0,0.0,98.32191766561392,2.806051731109619,0.0818339884281158,0.3188149333000183,-0.0159582458436489,-0.99903804063797,0.0265877787023782,0.031005673110485,10,1.0,1.0,-1.0,1.0,0,0,-0.03,0.0066369288980673,-108,-106,thymio-03
54,1788308229.6656976,10000.0,10000.0,0.0,98.32191766561392,2.806051731109619,0.0818339884281158,0.3188149333000183,-0.0159582458436489,-0.99903804063797,0.0265877787023782,0.031005673110485,10,1.0,1.0,-1.0,1.0,0,0,-0.03,0.1859756433304658,-135,-79,thymio-03
55,1788308230.268686,10000.0,10000.0,0.0,98.32191766561392,2.806051731109619,0.0818339884281158,0.3188149333000183,-0.0159582458436489,-0.99903804063797,0.0265877787023782,0.031005673110485,10,1.0,1.0,-1.0,1.0,0,0,-0.03,0.242480300711513,-143,-70,thymio-03
56,1788308230.871943,10000.0,10000.0,0.0,98.32191766561392,2.806051731109619,0.0818339884281158,0.3188149333000183,-0.0159582458436489,-0.99903804063797,0.0265877787023782,0.031005673110485,10,1.0,1.0,-1.0,1.0,0,0,-0.03,-0.010736900083877,-105,-108,thymio-03
57,1788308231.4752822,10000.0,10000.0,0.0,98.32191766561392,2.806051731109619,0.0818339884281158,0.3188149333000183,-0.0159582458436489,-0.99903804063797,0.0265877787023782,0.031005673110485,10,1.0,1.0,-1.0,1.0,0,0,-0.03,-0.0998809824942429,-92,-122,thymio-03
58,1788308232.0790498,10000.0,10000.0,0.0,98.32191766561392,2.806051731109619,0.0818339884281158,0.3188149333000183,-0.0159582458436489,-0.99903804063797,0.0265877787023782,0.031005673110485,10,1.0,1.0,-1.0,1.0,0,0,-0.03,-0.1286455321677568,-87,-126,thymio-03
59,1788308232.6819382,2.6555333137512207,0.464520126581192,-1.3845967039233873,98.32191766561392,2.6555333137512207,0.0837385579943656,0.464520126581192,-0.0184504743665456,-0.9989438652992249,0.0279429331421852,0.0314637832343578,10,1.0,1.0,-0.3982209306163599,-0.1929263071733209,0,0,-0.1820711322566227,-0.014732954974456,-500,-500,thymio-03
60,1788308233.2905157,2.6555333137512207,0.464520126581192,-1.3845967039233873,98.22191766561392,2.6555333137512207,0.0837385579943656,0.464520126581192,-0.0184504743665456,-0.9989438652992249,0.0279429331421852,0.0314637832343578,10,1.0,1.0,-0.3982209306163599,-0.1929263071733209,0,0,-0.186243196429597,0.1199779618391073,-500,-500,thymio-03
61,1788308233.893807,10000.0,10000.0,0.0,98.22191766561392,2.6555333137512207,0.0837385579943656,0.464520126581192,-0.0184504743665456,-0.9989438652992249,0.0279429331421852,0.0314637832343578,10,1.0,1.0,-1.0,1.0,0,0,-0.03,0.1307350668250915,-126,-87,thymio-03
62,1788308234.4970262,10000.0,10000.0,0.0,98.22191766561392,2.6555333137512207,0.0837385579943656,0.464520126581192,-0.0184504743665456,-0.9989438652992249,0.0279429331421852,0.0314637832343578,10,1.0,1.0,-1.0,1.0,0,0,-0.03,0.2112226017148807,-138,-75,thymio-03
63,1788308235.100258,10000.0,10000.0,0.0,98.22191766561392,2.6555333137512207,0.0837385579943656,0.464520126581192,-0.0184504743665456,-0.9989438652992249,0.0279429331421852,0.0314637832343578,10,1.0,1.0,-1.0,1.0,0,0,-0.03,0.2899651181473017,-150,-63,thymio-03
64,1788308235.7034924,10000.0,10000.0,0.0,98.22191766561392,2.6555333137512207,0.0837385579943656,0.464520126581192,-0.0184504743665456,-0.9989438652992249,0.0279429331421852,0.0314637832343578,10,1.0,1.0,-1.0,1.0,0,0,-0.03,0.3906358415253541,-166,-48,thymio-03
65,1788308236.3064115,10000.0,10000.0,0.0,98.22191766561392,2.6555333137512207,0.0837385579943656,0.464520126581192,-0.0184504743665456,-0.9989438652992249,0.0279429331421852,0.0314637832343578,10,1.0,1.0,-1.0,1.0,0,0,-0.03,0.401762485841251,-167,-46,thymio-03
66,1788308236.9099958,2.4625604152679443,0.6813840270042419,-1.4022408858260285,98.22191766561392,2.4625604152679443,0.0875783488154411,0.6813840270042419,-0.0264349281787872,-0.997648298740387,0.0285805314779281,0.0564122125506401,10,1.0,1.0,-0.1871170356629036,-0.3724422526315772,0,0,-0.1748244132838954,0.4539207065432794,-500,-500,thymio-03
67,1788308237.5180614,2.4625604152679443,0.6813840270042419,-1.4022408858260285,98.12191766561392,2.4625604152679443,0.0875783488154411,0.6813840270042419,-0.0264349281787872,-0.997648298740387,0.0285805314779281,0.0564122125506401,10,1.0,1.0,-0.1871170356629036,-0.3724422526315772,0,0,-0.1828425319162691,0.5112944348558249,-500,-500,thymio-03
68,1788308238.1210463,10000.0,10000.0,0.0,98.12191766561392,2.4625604152679443,0.0875783488154411,0.6813840270042419,-0.0264349281787872,-0.997648298740387,0.0285805314779281,0.0564122125506401,10,1.0,1.0,-1.0,1.0,0,0,-0.03,0.4242387244877159,-171,-43,thymio-03
69,1788308238.7241223,10000.0,10000.0,0.0,98.12191766561392,2.4625604152679443,0.0875783488154411,0.6813840270042419,-0.0264349281787872,-0.997648298740387,0.0285805314779281,0.0564122125506401,10,1.0,1.0,-1.0,1.0,0,0,-0.03,0.490806511348923,-181,-32,thymio-03
70,1788308239.3275776,10000.0,10000.0,0.0,98.12191766561392,2.4625604152679443,0.0875783488154411,0.6813840270042419,-0.0264349281787872,-0.997648298740387,0.0285805314779281,0.0564122125506401,10,1.0,1.0,-1.0,1.0,0,0,-0.0297689631194151,0.5661646033537364,-191,-20,thymio-03
71,1788308239.9306202,10000.0,10000.0,0.0,98.12191766561392,2.4625604152679443,0.0875783488154411,0.6813840270042419,-0.0264349281787872,-0.997648298740387,0.0285805314779281,0.0564122125506401,10,1.0,1.0,-1.0,1.0,0,0,-0.03,0.6162060797907402,-200,-14,thymio-03
72,1788308240.5335562,10000.0,10000.0,0.0,98.12191766561392,2.4625604152679443,0.0875783488154411,0.6813840270042419,-0.0264349281787872,-0.997648298740387,0.0285805314779281,0.0564122125506401,10,1.0,1.0,-1.0,1.0,0,0,-0.03,0.6239608715598304,-201,-12,thymio-03
73,1788308241.1365356,10000.0,10000.0,0.0,98.12191766561392,2.4625604152679443,0.0875783488154411,0.6813840270042419,-0.0264349281787872,-0.997648298740387,0.0285805314779281,0.0564122125506401,10,1.0,1.0,-1.0,1.0,0,0,-0.03,0.6246207634419407,-201,-12,thymio-03
74,1788308241.739841,10000.0,10000.0,0.0,98.12191766561392,2.4625604152679443,0.0875783488154411,0.6813840270042419,-0.0264349281787872,-0.997648298740387,0.0285805314779281,0.0564122125506401,10,1.0,1.0,-1.0,1.0,1158,0,-0.03,0.6150373347661788,-199,-14,thymio-03
75,1788308242.3436916,10000.0,10000.0,0.0,98.12191766561392,2.4625604152679443,0.0875783488154411,0.6813840270042419,-0.0264349281787872,-0.997648298740387,0.0285805314779281,0.0564122125506401,10,1.0,1.0,-1.0,1.0,0,0,-0.03,0.5414373778647569,-188,-25,thymio-03
76,1788308242.9468353,10000.0,10000.0,0.0,98.12191766561392,2.4625604152679443,0.0875783488154411,0.6813840270042419,-0.0264349281787872,-0.997648298740387,0.0285805314779281,0.0564122125506401,10,1.0,1.0,-1.0,1.0,0,0,-0.03,0.2248837337983454,-141,-73,thymio-03
77,1788308243.55,10000.0,10000.0,0.0,98.12191766561392,2.4625604152679443,0.0875783488154411,0.6813840270042419,-0.0264349281787872,-0.997648298740387,0.0285805314779281,0.0564122125506401,10,1.0,1.0,-1.0,1.0,0,0,-0.03,-0.0248693686716894,-103,-110,thymio-03
78,1788308244.153528,10000.0,10000.0,0.0,98.12191766561392,2.4625604152679443,0.0875783488154411,0.6813840270042419,-0.0264349281787872,-0.997648298740387,0.0285805314779281,0.0564122125506401,10,1.0,1.0,-1.0,1.0,0,0,-0.03,-0.1529286298051325,-83,-130,thymio-03
79,1788308244.7568688,2.428440809249878,1.0548648834228516,1.8301089368170071,98.12191766561392,2.428440809249878,0.0899838581681251,1.0548648834228516,0.0088695585727691,-0.2952721416950226,0.0176069941371679,0.9552098512649536,10,1.0,-0.4258445056516712,-0.8256130496761093,0.0021604410119677,0,0,-0.0117358215295987,-0.1385315561725402,-21,-63,thymio-03
80,1788308245.3650367,2.428440809249878,1.0548648834228516,1.8301089368170071,98.02191766561393,2.428440809249878,0.0899838581681251,1.0548648834228516,0.0088695585727691,-0.2952721416950226,0.0176069941371679,0.9552098512649536,10,1.0,-0.4258445056516712,-0.8256130496761093,0.0021604410119677,0,0,-0.0116109314364148,-0.0530803720789684,-33,-49,thymio-03
81,1788308245.9680588,10000.0,10000.0,0.0,98.02191766561393,2.428440809249878,0.0899838581681251,1.0548648834228516,0.0088695585727691,-0.2952721416950226,0.0176069941371679,0.9552098512649536,10,1.0,1.0,-1.0,1.0,0,0,-0.03,-0.0184706065854206,-104,-109,thymio-03
82,1788308246.5716765,10000.0,10000.0,0.0,98.02191766561393,2.428440809249878,0.0899838581681251,1.0548648834228516,0.0088695585727691,-0.2952721416950226,0.0176069941371679,0.9552098512649536,10,1.0,1.0,-1.0,1.0,0,0,-0.03,-0.0413395418814609,-100,-113,thymio-03
83,1788308247.1750045,10000.0,10000.0,0.0,98.02191766561393,2.428440809249878,0.0899838581681251,1.0548648834228516,0.0088695585727691,-0.2952721416950226,0.0176069941371679,0.9552098512649536,10,1.0,1.0,-1.0,1.0,0,0,-0.03,-0.012408759322943,-105,-108,thymio-03
84,1788308247.7783473,10000.0,10000.0,0.0,98.02191766561393,2.428440809249878,0.0899838581681251,1.0548648834228516,0.0088695585727691,-0.2952721416950226,0.0176069941371679,0.9552098512649536,10,1.0,1.0,-1.0,1.0,0,0,-0.03,0.0004025065130999,-107,-107,thymio-03
85,1788308248.3816352,10000.0,10000.0,0.0,98.02191766561393,2.428440809249878,0.0899838581681251,1.0548648834228516,0.0088695585727691,-0.2952721416950226,0.0176069941371679,0.9552098512649536,10,1.0,1.0,-1.0,1.0,0,0,-0.03,0.0052636495678773,-107,-106,thymio-03
86,1788308248.9846022,10000.0,10000.0,0.0,98.02191766561393,2.428440809249878,0.0899838581681251,1.0548648834228516,0.0088695585727691,-0.2952721416950226,0.0176069941371679,0.9552098512649536,10,1.0,1.0,-1.0,1.0,0,0,-0.03,-0.005225052811746,-106,-107,thymio-03
87,1788308249.5883703,10000.0,10000.0,0.0,98.02191766561393,2.428440809249878,0.0899838581681251,1.0548648834228516,0.0088695585727691,-0.2952721416950226,0.0176069941371679,0.9552098512649536,10,1.0,1.0,-1.0,1.0,0,0,-0.03,-0.0192234726013986,-104,-109,thymio-03
88,1788308250.1912827,10000.0,10000.0,0.0,98.02191766561393,2.428440809249878,0.0899838581681251,1.0548648834228516,0.0088695585727691,-0.2952721416950226,0.0176069941371679,0.9552098512649536,10,1.0,1.0,-1.0,1.0,0,0,-0.03,-0.0401349192680302,-101,-113,thymio-03
89,1788308250.7945,2.540931940078736,0.8765355348587036,1.8226409235802512,98.02191766561393,2.540931940078736,0.0888207331299781,0.8765355348587036,0.0137683330103755,0.2077505737543106,0.0096599264070391,0.9780372977256776,10,1.0,-0.4568150337503104,-0.3945502700055123,-0.0756634328340892,0,0,-0.1923373053150737,-0.0121694096221265,-500,-500,thymio-03
90,1788308251.4036405,2.540931940078736,0.8765355348587036,1.8226409235802512,97.92191766561392,2.540931940078736,0.0888207331299781,0.8765355348587036,0.0137683330103755,0.2077505737543106,0.0096599264070391,0.9780372977256776,10,1.0,-0.4568150337503104,-0.3945502700055123,-0.0756634328340892,0,0,-0.1928480110302075,-0.0852132307453009,-500,-500,thymio-03
91,1788308252.007425,10000.0,10000.0,0.0,97.92191766561392,2.540931940078736,0.0888207331299781,0.8765355348587036,0.0137683330103755,0.2077505737543106,0.0096599264070391,0.9780372977256776,10,1.0,1.0,-1.0,1.0,0,0,-0.03,-0.1474334257104015,-84,-129,thymio-03
92,1788308252.6106863,10000.0,10000.0,0.0,97.92191766561392,2.540931940078736,0.0888207331299781,0.8765355348587036,0.0137683330103755,0.2077505737543106,0.0096599264070391,0.9780372977256776,10,1.0,1.0,-1.0,1.0,0,0,-0.03,-0.1528868297628791,-84,-130,thymio-03
93,1788308253.2151568,2.667820453643799,0.6321368217468262,1.8318106686934144,97.92191766561392,2.667820453643799,0.0852983593940734,0.6321368217468262,0.0152699509635567,0.1757872551679611,0.0144837964326143,0.9842031598091124,10,0.2599047302964734,-0.2265770172322171,-0.1240963936588789,-0.230050338107442,0,0,-0.1168776797241278,-0.1304512345084583,-396,-435,thymio-03
94,1788308253.8235934,2.667820453643799,0.6321368217468262,1.8318106686934144,97.82191766561394,2.667820453643799,0.0852983593940734,0.6321368217468262,0.0152699509635567,0.1757872551679611,0.0144837964326143,0.9842031598091124,10,0.2599047302964734,-0.2265770172322171,-0.1240963936588789,-0.230050338107442,0,0,-0.0686112946053674,-0.0612512591684844,-235,-253,thymio-03
95,1788308254.426857,10000.0,10000.0,0.0,97.82191766561394,2.667820453643799,0.0852983593940734,0.6321368217468262,0.0152699509635567,0.1757872551679611,0.0144837964326143,0.9842031598091124,10,1.0,1.0,-1.0,1.0,0,0,0.0014331571014247,-0.3124592994650363,52,-42,thymio-03
96,1788308255.0302353,2.7348527908325195,0.541022002696991,1.8319202116885789,97.82191766561394,2.7348527908325195,0.0840839594602584,0.541022002696991,0.0162129327654838,0.0532873608171939,0.0171696972101926,0.9983000159263612,10,0.205773272118555,1.0,-0.0947599603580181,-0.3132571736786151,0,0,0.1624409818445045,-0.5271497620018653,500,498,thymio-03
97,1788308255.6384995,2.7348527908325195,0.541022002696991,1.8319202116885789,97.72191766561394,2.7348527908325195,0.0840839594602584,0.541022002696991,0.0162129327654838,0.0532873608171939,0.0171696972101926,0.9983000159263612,10,0.205773272118555,1.0,-0.0947599603580181,-0.3132571736786151,0,0,0.1724627329841124,-0.5929557488108557,500,500,thymio-03
98,1788308256.2415304,10000.0,10000.0,0.0,97.72191766561394,2.7348527908325195,0.0840839594602584,0.541022002696991,0.0162129327654838,0.0532873608171939,0.0171696972101926,0.9983000159263612,10,1.0,1.0,-1.0,1.0,0,0,0.03,-0.5837521236548578,195,18,thymio-03
99,1788308256.8448486,2.744018077850342,0.5145803093910217,1.8357093725388476,97.72191766561394,2.744018077850342,0.0836394503712654,0.5145803093910217,0.0137880006805062,-0.0802469700574874,0.0209205672144889,0.9964601397514344,10,0.1770660996914677,1.0,-0.0764227697471436,-0.3419035532591251,0,0,0.1246813942735095,-0.6056747556823067,500,352,thymio-03
100,1788308257.4537544,2.744018077850342,0.5145803093910217,1.8357093725388476,97.62191766561396,2.744018077850342,0.0836394503712654,0.5145803093910217,0.0137880006805062,-0.0802469700574874,0.0209205672144889,0.9964601397514344,10,0.1770660996914677,1.0,-0.0764227697471436,-0.3419035532591251,0,0,0.1196748858837667,-0.5665840204457866,500,340,thymio-03
101,1788308258.0570805,10000.0,10000.0,0.0,97.62191766561396,2.744018077850342,0.0836394503712654,0.5145803093910217,0.0137880006805062,-0.0802469700574874,0.0209205672144889,0.9964601397514344,10,1.0,1.0,-1.0,1.0,0,0,0.03,-0.612408461869028,199,14,thymio-03
102,1788308258.6603403,10000.0,10000.0,0.0,97.62191766561396,2.744018077850342,0.0836394503712654,0.5145803093910217,0.0137880006805062,-0.0802469700574874,0.0209205672144889,0.9964601397514344,10,1.0,1.0,-1.0,1.0,0,0,0.03,-0.624660932385864,201,12,thymio-03
103,1788308259.2636116,10000.0,10000.0,0.0,97.62191766561396,2.744018077850342,0.0836394503712654,0.5145803093910217,0.0137880006805062,-0.0802469700574874,0.0209205672144889,0.9964601397514344,10,1.0,1.0,-1.0,1.0,0,0,0.03,-0.6121870283222625,199,14,thymio-03
104,1788308259.868103,10000.0,10000.0,0.0,97.62191766561396,2.744018077850342,0.0836394503712654,0.5145803093910217,0.0137880006805062,-0.0802469700574874,0.0209205672144889,0.9964601397514344,10,1.0,1.0,-1.0,1.0,0,0,0.03,-0.6078278900382781,198,15,thymio-03
105,1788308260.4712796,10000.0,10000.0,0.0,97.62191766561396,2.744018077850342,0.0836394503712654,0.5145803093910217,0.0137880006805062,-0.0802469700574874,0.0209205672144889,0.9964601397514344,10,1.0,1.0,-1.0,1.0,0,0,0.0288280148696985,-0.5971142044535743,193,12,thymio-03
106,1788308261.0742717,10000.0,10000.0,0.0,97.62191766561396,2.744018077850342,0.0836394503712654,0.5145803093910217,0.0137880006805062,-0.0802469700574874,0.0209205672144889,0.9964601397514344,10,1.0,1.0,-1.0,1.0,0,0,0.008785471154635,-0.5835305346815242,119,-57,thymio-03
107,1788308261.6774344,10000.0,10000.0,0.0,97.62191766561396,2.744018077850342,0.0836394503712654,0.5145803093910217,0.0137880006805062,-0.0802469700574874,0.0209205672144889,0.9964601397514344,10,1.0,1.0,-1.0,1.0,0,0,-0.0287670846864304,-0.5543123167816237,-19,-186,thymio-03
108,1788308262.2813177,2.4397709369659424,0.5633746385574341,2.058886148724824,97.62191766561396,2.4397709369659424,0.0864401087164878,0.5633746385574341,-0.0021439676638692,-0.6300423741340637,0.0336524806916713,0.7758283615112305,10,0.1300674535263128,-6.385532811747918e-05,-0.210380715037326,-0.2860655568620291,0,0,0.0870995836574909,-0.5136200590452948,387,232,thymio-03
109,1788308262.8893178,2.4397709369659424,0.5633746385574341,2.058886148724824,97.52191766561396,2.4397709369659424,0.0864401087164878,0.5633746385574341,-0.0021439676638692,-0.6300423741340637,0.0336524806916713,0.7758283615112305,10,0.1300674535263128,-6.385532811747918e-05,-0.210380715037326,-0.2860655568620291,0,0,0.1701364238304123,-0.6117651303651731,500,500,thymio-03
110,1788308263.4922526,10000.0,10000.0,0.0,97.52191766561396,2.4397709369659424,0.0864401087164878,0.5633746385574341,-0.0021439676638692,-0.6300423741340637,0.0336524806916713,0.7758283615112305,10,1.0,1.0,-1.0,1.0,0,0,0.03,-0.5781674628182397,194,19,thymio-03
111,1788308264.0954623,10000.0,10000.0,0.0,97.52191766561396,2.4397709369659424,0.0864401087164878,0.5633746385574341,-0.0021439676638692,-0.6300423741340637,0.0336524806916713,0.7758283615112305,10,1.0,1.0,-1.0,1.0,0,0,0.03,-0.6254771040867585,201,12,thymio-03
112,1788308264.6986134,10000.0,10000.0,0.0,97.52191766561396,2.4397709369659424,0.0864401087164878,0.5633746385574341,-0.0021439676638692,-0.6300423741340637,0.0336524806916713,0.7758283615112305,10,1.0,1.0,-1.0,1.0,0,0,-0.0202738135618561,-0.613275580320763,21,-165,thymio-03
113,1788308265.3021238,2.5906898975372314,0.5179054141044617,-1.3835290485232896,97.52191766561396,2.5906898975372314,0.0847814977169036,0.5179054141044617,-0.0215856842696666,-0.9199813008308412,0.0174047350883483,-0.3909803032875061,10,1.0,0.0999615181072748,-0.2184617431211087,-0.2403938483710453,0,0,-0.0411607763160311,-0.4695843684315652,-75,-217,thymio-03
114,1788308265.910569,2.5906898975372314,0.5179054141044617,-1.3835290485232896,97.42191766561396,2.5906898975372314,0.0847814977169036,0.5179054141044617,-0.0215856842696666,-0.9199813008308412,0.0174047350883483,-0.3909803032875061,10,1.0,0.0999615181072748,-0.2184617431211087,-0.2403938483710453,0,0,-0.1012754005019536,-0.5416417504757719,-278,-442,thymio-03
115,1788308266.5142124,10000.0,10000.0,0.0,97.42191766561396,2.5906898975372314,0.0847814977169036,0.5179054141044617,-0.0215856842696666,-0.9199813008308412,0.0174047350883483,-0.3909803032875061,10,1.0,1.0,-1.0,1.0,0,0,-0.0240752748271592,-0.4027795319043432,-25,-146,thymio-03
116,1788308267.1175816,10000.0,10000.0,0.0,97.42191766561396,2.5906898975372314,0.0847814977169036,0.5179054141044617,-0.0215856842696666,-0.9199813008308412,0.0174047350883483,-0.3909803032875061,10,1.0,1.0,-1.0,1.0,0,0,0.010005952618782,-0.5771470546027184,123,-52,thymio-03
117,1788308267.7204947,10000.0,10000.0,0.0,97.42191766561396,2.5906898975372314,0.0847814977169036,0.5179054141044617,-0.0215856842696666,-0.9199813008308412,0.0174047350883483,-0.3909803032875061,10,1.0,1.0,-1.0,1.0,0,0,-0.03,-0.5986627195295975,-16,-197,thymio-03
118,1788308268.3235123,10000.0,10000.0,0.0,97.42191766561396,2.5906898975372314,0.0847814977169036,0.5179054141044617,-0.0215856842696666,-0.9199813008308412,0.0174047350883483,-0.3909803032875061,10,1.0,1.0,-1.0,1.0,0,0,-0.03,-0.5781999847830624,-19,-194,thymio-03
119,1788308268.9274256,2.583811044692993,0.4163574576377868,1.8281575868118125,97.42191766561396,2.583811044692993,0.0844570845365524,0.4163574576377868,-0.0189836043864488,-0.2006611227989196,-0.0113473115488886,-0.9794110655784608,10,0.1440806604915661,1.0,-0.1286256071252082,-0.1223285500325425,0,0,0.0300796011327005,-0.5440326359007667,189,25,thymio-03
120,1788308269.5357609,2.583811044692993,0.4163574576377868,1.8281575868118125,97.32191766561397,2.583811044692993,0.0844570845365524,0.4163574576377868,-0.0189836043864488,-0.2006611227989196,-0.0113473115488886,-0.9794110655784608,10,0.1440806604915661,1.0,-0.1286256071252082,-0.1223285500325425,0,0,0.1453070922741712,-0.6170265585080698,500,423,thymio-03
121,1788308270.138657,10000.0,10000.0,0.0,97.32191766561397,2.583811044692993,0.0844570845365524,0.4163574576377868,-0.0189836043864488,-0.2006611227989196,-0.0113473115488886,-0.9794110655784608,10,1.0,1.0,-1.0,1.0,0,0,0.03,-0.6154208657941627,200,14,thymio-03
122,1788308270.742303,10000.0,10000.0,0.0,97.32191766561397,2.583811044692993,0.0844570845365524,0.4163574576377868,-0.0189836043864488,-0.2006611227989196,-0.0113473115488886,-0.9794110655784608,10,1.0,1.0,-1.0,1.0,0,0,0.03,-0.6124265802899673,199,14,thymio-03
123,1788308271.3454294,10000.0,10000.0,0.0,97.32191766561397,2.583811044692993,0.0844570845365524,0.4163574576377868,-0.0189836043864488,-0.2006611227989196,-0.0113473115488886,-0.9794110655784608,10,1.0,1.0,-1.0,1.0,0,0,0.0286653224714961,-0.5898580222618817,191,13,thymio-03
124,1788308271.948456,2.6100075244903564,0.3843573629856109,1.84220149437474,97.32191766561397,2.6100075244903564,0.0837201699614524,0.3843573629856109,-0.0051145805045962,0.3054499924182892,-0.0214995723217725,-0.9519516825675964,10,0.288623117581807,1.0,-0.1495996269785391,-0.1515777485723169,0,0,0.0668507372823022,-0.5624334381170004,322,153,thymio-03
125,1788308272.5569737,2.6100075244903564,0.3843573629856109,1.84220149437474,97.22191766561396,2.6100075244903564,0.0837201699614524,0.3843573629856109,-0.0051145805045962,0.3054499924182892,-0.0214995723217725,-0.9519516825675964,10,0.288623117581807,1.0,-0.1495996269785391,-0.1515777485723169,0,0,0.112494079700772,-0.5927715962504098,489,310,thymio-03
126,1788308273.1603644,10000.0,10000.0,0.0,97.22191766561396,2.6100075244903564,0.0837201699614524,0.3843573629856109,-0.0051145805045962,0.3054499924182892,-0.0214995723217725,-0.9519516825675964,10,1.0,1.0,-1.0,1.0,0,0,0.03,-0.6102979248813464,199,14,thymio-03
127,1788308273.7635422,10000.0,10000.0,0.0,97.22191766561396,2.6100075244903564,0.0837201699614524,0.3843573629856109,-0.0051145805045962,0.3054499924182892,-0.0214995723217725,-0.9519516825675964,10,1.0,1.0,-1.0,1.0,0,0,0.03,-0.6012403682811355,197,16,thymio-03
128,1788308274.3667912,10000.0,10000.0,0.0,97.22191766561396,2.6100075244903564,0.0837201699614524,0.3843573629856109,-0.0051145805045962,0.3054499924182892,-0.0214995723217725,-0.9519516825675964,10,1.0,1.0,-1.0,1.0,0,0,0.03,-0.5811998244979598,194,19,thymio-03
129,1788308274.9697926,10000.0,10000.0,0.0,97.22191766561396,2.6100075244903564,0.0837201699614524,0.3843573629856109,-0.0051145805045962,0.3054499924182892,-0.0214995723217725,-0.9519516825675964,10,1.0,1.0,-1.0,1.0,0,0,0.03,-0.5722988300690364,193,20,thymio-03
130,1788308275.5727904,10000.0,10000.0,0.0,97.22191766561396,2.6100075244903564,0.0837201699614524,0.3843573629856109,-0.0051145805045962,0.3054499924182892,-0.0214995723217725,-0.9519516825675964,10,1.0,1.0,-1.0,1.0,0,0,0.03,-0.5106711501132626,184,29,thymio-03
131,1788308276.1756036,10000.0,10000.0,0.0,97.22191766561396,2.6100075244903564,0.0837201699614524,0.3843573629856109,-0.0051145805045962,0.3054499924182892,-0.0214995723217725,-0.9519516825675964,10,1.0,1.0,-1.0,1.0,0,0,0.03,-0.3387967610735043,158,55,thymio-03
132,1788308276.7786698,10000.0,10000.0,0.0,97.22191766561396,2.6100075244903564,0.0837201699614524,0.3843573629856109,-0.0051145805045962,0.3054499924182892,-0.0214995723217725,-0.9519516825675964,10,1.0,1.0,-1.0,1.0,0,0,0.03,0.0285735440806048,102,111,thymio-03
133,1788308277.3821282,10000.0,10000.0,0.0,97.22191766561396,2.6100075244903564,0.0837201699614524,0.3843573629856109,-0.0051145805045962,0.3054499924182892,-0.0214995723217725,-0.9519516825675964,10,1.0,1.0,-1.0,1.0,0,0,0.03,-0.5369367415954823,188,26,thymio-03
134,1788308277.9858346,2.6443703174591064,0.1949091404676437,-1.403268516089108,97.22191766561396,2.6443703174591064,0.0817114114761352,0.1949091404676437,0.0203293431550264,0.8074603080749512,-0.0130213340744376,0.5894277691841125,10,1.0,0.1704648416758951,-0.3176541951575541,0.0249543987067129,0,0,-0.005704588204934,-0.4802632465301533,52,-93,thymio-03
135,1788308278.5938752,2.6443703174591064,0.1949091404676437,-1.403268516089108,97.12191766561398,2.6443703174591064,0.0817114114761352,0.1949091404676437,0.0203293431550264,0.8074603080749512,-0.0130213340744376,0.5894277691841125,10,1.0,0.1704648416758951,-0.3176541951575541,0.0249543987067129,0,0,-0.0896109128532085,-0.5751530375515436,-232,-405,thymio-03
136,1788308279.1970327,10000.0,10000.0,0.0,97.12191766561398,2.6443703174591064,0.0817114114761352,0.1949091404676437,0.0203293431550264,0.8074603080749512,-0.0130213340744376,0.5894277691841125,10,1.0,1.0,-1.0,1.0,0,0,-0.03,-0.4322702893691151,-41,-172,thymio-03
137,1788308279.800174,10000.0,10000.0,0.0,97.12191766561398,2.6443703174591064,0.0817114114761352,0.1949091404676437,0.0203293431550264,0.8074603080749512,-0.0130213340744376,0.5894277691841125,10,1.0,1.0,-1.0,1.0,0,0,-0.03,-0.5377320332514375,-25,-188,thymio-03
138,1788308280.4032173,2.6757972240448,0.2052615582942962,1.821372804665133,97.12191766561398,2.6757972240448,0.081731729209423,0.2052615582942962,0.0167113449424505,0.2321869432926178,0.007787344045937,0.972496509552002,10,0.2567612622552344,1.0,0.0364397791730488,-0.2991671489343993,0,0,0.0707132921702689,-0.5220273680722857,330,172,thymio-03
139,1788308281.0118742,2.6757972240448,0.2052615582942962,1.821372804665133,97.02191766561398,2.6757972240448,0.081731729209423,0.2052615582942962,0.0167113449424505,0.2321869432926178,0.007787344045937,0.972496509552002,10,0.2567612622552344,1.0,0.0364397791730488,-0.2991671489343993,0,0,0.1614548779197845,-0.6160915238407908,500,481,thymio-03
140,1788308281.6156054,10000.0,10000.0,0.0,97.02191766561398,2.6757972240448,0.081731729209423,0.2052615582942962,0.0167113449424505,0.2321869432926178,0.007787344045937,0.972496509552002,10,1.0,1.0,-1.0,1.0,0,0,0.0265112046300584,-0.6138537231233246,187,2,thymio-03
141,1788308282.218463,10000.0,10000.0,0.0,97.02191766561398,2.6757972240448,0.081731729209423,0.2052615582942962,0.0167113449424505,0.2321869432926178,0.007787344045937,0.972496509552002,10,1.0,1.0,-1.0,1.0,0,0,0.03,-0.6124454011088161,199,14,thymio-03
142,1788308282.8223228,2.567631244659424,0.1876607686281204,1.8384686306161413,97.02191766561398,2.567631244659424,0.0827051699161529,0.1876607686281204,0.0077668502926826,-0.2821875214576721,0.0210222862660884,0.9590975642204284,10,0.2866801182079128,0.0349907503644051,0.3398587244213027,-0.2904555444932135,0,0,0.0739428943173784,-0.5812528517883374,350,175,thymio-03
143,1788308283.431291,2.567631244659424,0.1876607686281204,1.8384686306161413,96.921917665614,2.567631244659424,0.0827051699161529,0.1876607686281204,0.0077668502926826,-0.2821875214576721,0.0210222862660884,0.9590975642204284,10,0.2866801182079128,0.0349907503644051,0.3398587244213027,-0.2904555444932135,0,0,0.1228173530633823,-0.6222089840217855,500,342,thymio-03
144,1788308284.0351336,10000.0,10000.0,0.0,96.921917665614,2.567631244659424,0.0827051699161529,0.1876607686281204,0.0077668502926826,-0.2821875214576721,0.0210222862660884,0.9590975642204284,10,1.0,1.0,-1.0,1.0,0,0,0.03,-0.6125639329720491,199,14,thymio-03
145,1788308284.639083,2.485635042190552,0.095227725803852,-1.623008712721921,96.921917665614,2.485635042190552,0.0827481374144554,0.095227725803852,-0.0029056230559945,-0.7577090263366699,0.0293381791561841,0.6519263982772827,10,-0.3106750621777214,1.0,-0.2721946488703172,0.1855730689165893,0,0,0.0281354814641274,-0.4525267910182682,168,32,thymio-03
146,1788308285.2471814,2.485635042190552,0.095227725803852,-1.623008712721921,96.821917665614,2.485635042190552,0.0827481374144554,0.095227725803852,-0.0029056230559945,-0.7577090263366699,0.0293381791561841,0.6519263982772827,10,-0.3106750621777214,1.0,-0.2721946488703172,0.1855730689165893,0,0,0.0218091637983538,-0.5534997682030052,161,-6,thymio-03
147,1788308285.8508604,10000.0,10000.0,0.0,96.821917665614,2.485635042190552,0.0827481374144554,0.095227725803852,-0.0029056230559945,-0.7577090263366699,0.0293381791561841,0.6519263982772827,10,1.0,1.0,-1.0,1.0,0,0,-0.0127100267644499,-0.580435318172302,42,-133,thymio-03
148,1788308286.4542007,10000.0,10000.0,0.0,96.821917665614,2.485635042190552,0.0827481374144554,0.095227725803852,-0.0029056230559945,-0.7577090263366699,0.0293381791561841,0.6519263982772827,10,1.0,1.0,-1.0,1.0,0,0,-0.0278608029232658,-0.6178364112080852,-6,-192,thymio-03
149,1788308287.0571504,10000.0,10000.0,0.0,96.821917665614,2.485635042190552,0.0827481374144554,0.095227725803852,-0.0029056230559945,-0.7577090263366699,0.0293381791561841,0.6519263982772827,10,1.0,1.0,-1.0,1.0,0,0,-0.03,-0.5470159816365819,-24,-189,thymio-03
150,1788308287.6602883,10000.0,10000.0,0.0,96.821917665614,2.485635042190552,0.0827481374144554,0.095227725803852,-0.0029056230559945,-0.7577090263366699,0.0293381791561841,0.6519263982772827,10,1.0,1.0,-1.0,1.0,0,0,-0.03,-0.438891969234877,-40,-173,thymio-03
151,1788308288.2630756,10000.0,10000.0,0.0,96.821917665614,2.485635042190552,0.0827481374144554,0.095227725803852,-0.0029056230559945,-0.7577090263366699,0.0293381791561841,0.6519263982772827,10,1.0,1.0,-1.0,1.0,0,0,-0.03,-0.2921323261807112,-62,-151,thymio-03
152,1788308288.8662448,2.481040954589844,0.0364678315818309,-1.3841947874986025,96.821917665614,2.481040954589844,0.0828819647431373,0.0364678315818309,-0.0213473141193389,-0.9884467124938964,0.0188553314656019,-0.1488687694072723,10,1.0,0.0627253419903131,-0.5694331512348572,0.2598765987531175,0,0,-0.1984031218177761,-0.0625082503822801,-500,-500,thymio-03
153,1788308289.474362,2.481040954589844,0.0364678315818309,-1.3841947874986025,96.721917665614,2.481040954589844,0.0828819647431373,0.0364678315818309,-0.0213473141193389,-0.9884467124938964,0.0188553314656019,-0.1488687694072723,10,1.0,0.0627253419903131,-0.5694331512348572,0.2598765987531175,0,0,-0.1974807039626429,-0.1989959729944297,-500,-500,thymio-03
154,1788308290.0779774,10000.0,10000.0,0.0,96.721917665614,2.481040954589844,0.0828819647431373,0.0364678315818309,-0.0213473141193389,-0.9884467124938964,0.0188553314656019,-0.1488687694072723,10,1.0,1.0,-1.0,1.0,0,0,-0.03,-0.0822662350620158,-94,-119,thymio-03
155,1788308290.681846,10000.0,10000.0,0.0,96.721917665614,2.481040954589844,0.0828819647431373,0.0364678315818309,-0.0213473141193389,-0.9884467124938964,0.0188553314656019,-0.1488687694072723,10,1.0,1.0,-1.0,1.0,0,0,-0.03,-0.0799724516803019,-95,-119,thymio-03
156,1788308291.2846684,10000.0,10000.0,0.0,96.721917665614,2.481040954589844,0.0828819647431373,0.0364678315818309,-0.0213473141193389,-0.9884467124938964,0.0188553314656019,-0.1488687694072723,10,1.0,1.0,-1.0,1.0,0,0,-0.03,0.0194935016815566,-110,-104,thymio-03
157,1788308291.8879025,10000.0,10000.0,0.0,96.721917665614,2.481040954589844,0.0828819647431373,0.0364678315818309,-0.0213473141193389,-0.9884467124938964,0.0188553314656019,-0.1488687694072723,10,1.0,1.0,-1.0,1.0,0,0,-0.03,0.043657416513977,-113,-100,thymio-03
158,1788308292.490833,10000.0,10000.0,0.0,96.721917665614,2.481040954589844,0.0828819647431373,0.0364678315818309,-0.0213473141193389,-0.9884467124938964,0.0188553314656019,-0.1488687694072723,10,1.0,1.0,-1.0,1.0,0,0,-0.03,0.0520260849289308,-114,-99,thymio-03
159,1788308293.0938013,10000.0,10000.0,0.0,96.721917665614,2.481040954589844,0.0828819647431373,0.0364678315818309,-0.0213473141193389,-0.9884467124938964,0.0188553314656019,-0.1488687694072723,10,1.0,1.0,-1.0,1.0,0,0,-0.03,0.0375197101760912,-112,-101,thymio-03
160,1788308293.6968071,10000.0,10000.0,0.0,96.721917665614,2.481040954589844,0.0828819647431373,0.0364678315818309,-0.0213473141193389,-0.9884467124938964,0.0188553314656019,-0.1488687694072723,10,1.0,1.0,-1.0,1.0,0,0,-0.03,0.0181653798833541,-109,-104,thymio-03
161,1788308294.2999978,10000.0,10000.0,0.0,96.721917665614,2.481040954589844,0.0828819647431373,0.0364678315818309,-0.0213473141193389,-0.9884467124938964,0.0188553314656019,-0.1488687694072723,10,1.0,1.0,-1.0,1.0,0,0,-0.03,-0.008528123482574,-105,-108,thymio-03
162,1788308294.903665,2.215214252471924,-0.1040615439414978,-1.5791347188482303,96.721917665614,2.215214252471924,0.0824601203203201,-0.1040615439414978,-0.0242306999862194,-0.7416401505470276,0.0090490402653813,-0.6702991724014282,10,-0.6214982851560467,1.0,-0.5275321874623666,0.5588185167111537,0,0,-0.1285022868749011,0.0834730615662259,-469,-444,thymio-03
163,1788308295.5120063,2.215214252471924,-0.1040615439414978,-1.5791347188482303,96.621917665614,2.215214252471924,0.0824601203203201,-0.1040615439414978,-0.0242306999862194,-0.7416401505470276,0.0090490402653813,-0.6702991724014282,10,-0.6214982851560467,1.0,-0.5275321874623666,0.5588185167111537,0,0,-0.0993678985454691,0.277876439350674,-395,-311,thymio-03
164,1788308296.1152003,10000.0,10000.0,0.0,96.621917665614,2.215214252471924,0.0824601203203201,-0.1040615439414978,-0.0242306999862194,-0.7416401505470276,0.0090490402653813,-0.6702991724014282,10,1.0,1.0,-1.0,1.0,0,0,-0.03,0.5147000079218863,-184,-29,thymio-03
165,1788308296.7190428,10000.0,10000.0,0.0,96.621917665614,2.215214252471924,0.0824601203203201,-0.1040615439414978,-0.0242306999862194,-0.7416401505470276,0.0090490402653813,-0.6702991724014282,10,1.0,1.0,-1.0,1.0,0,0,-0.03,0.525201400891475,-186,-27,thymio-03
166,1788308297.322223,10000.0,10000.0,0.0,96.621917665614,2.215214252471924,0.0824601203203201,-0.1040615439414978,-0.0242306999862194,-0.7416401505470276,0.0090490402653813,-0.6702991724014282,10,1.0,1.0,-1.0,1.0,0,0,-0.03,0.4695646266176023,-177,-36,thymio-03
167,1788308297.9254484,10000.0,10000.0,0.0,96.621917665614,2.215214252471924,0.0824601203203201,-0.1040615439414978,-0.0242306999862194,-0.7416401505470276,0.0090490402653813,-0.6702991724014282,10,1.0,1.0,-1.0,1.0,0,0,-0.03,0.5398250152203987,-188,-25,thymio-03
168,1788308298.5295732,1.996906280517578,-0.3042687773704529,-1.3980892613634452,96.621917665614,1.996906280517578,0.0828408673405647,-0.3042687773704529,-0.0266547538340091,-0.9123464822769164,0.0169981736689806,-0.4081966578960418,10,-0.1887734128792467,1.0,-0.6162533483189097,0.7962206841939949,0,0,-0.0376573041534753,0.5768533369180808,-221,-47,thymio-03
169,1788308299.138226,1.996906280517578,-0.3042687773704529,-1.3980892613634452,96.521917665614,1.996906280517578,0.0828408673405647,-0.3042687773704529,-0.0266547538340091,-0.9123464822769164,0.0169981736689806,-0.4081966578960418,10,-0.1887734128792467,1.0,-0.6162533483189097,0.7962206841939949,0,0,0.0246145122149679,0.6228831502010975,-7,182,thymio-03
170,1788308299.7414243,10000.0,10000.0,0.0,96.521917665614,1.996906280517578,0.0828408673405647,-0.3042687773704529,-0.0266547538340091,-0.9123464822769164,0.0169981736689806,-0.4081966578960418,10,1.0,1.0,-1.0,1.0,0,0,0.03,0.6277915769298457,12,201,thymio-03
171,1788308300.3447857,10000.0,10000.0,0.0,96.521917665614,1.996906280517578,0.0828408673405647,-0.3042687773704529,-0.0266547538340091,-0.9123464822769164,0.0169981736689806,-0.4081966578960418,10,1.0,1.0,-1.0,1.0,0,0,0.03,0.6278874325367697,12,201,thymio-03
172,1788308300.9477284,10000.0,10000.0,0.0,96.521917665614,1.996906280517578,0.0828408673405647,-0.3042687773704529,-0.0266547538340091,-0.9123464822769164,0.0169981736689806,-0.4081966578960418,10,1.0,1.0,-1.0,1.0,0,0,0.03,0.6261621302958345,12,201,thymio-03
173,1788308301.55093,10000.0,10000.0,0.0,96.521917665614,1.996906280517578,0.0828408673405647,-0.3042687773704529,-0.0266547538340091,-0.9123464822769164,0.0169981736689806,-0.4081966578960418,10,1.0,1.0,-1.0,1.0,0,0,0.03,0.622664740591228,13,201,thymio-03
174,1788308302.1542091,1.9279043674468996,-0.3062269985675812,-1.4013622778822814,96.521917665614,1.9279043674468996,0.0834008380770683,-0.3062269985675812,-0.0197800453752279,-0.9743481874465942,0.0256623066961765,0.2227013707160949,10,-0.389007657926736,-0.3211142860161895,-0.6478185803871677,0.7168225706995439,0,0,0.0800536723857862,0.4555045798503177,216,353,thymio-03
175,1788308302.7628317,1.9279043674468996,-0.3062269985675812,-1.4013622778822814,96.42191766561402,1.9279043674468996,0.0834008380770683,-0.3062269985675812,-0.0197800453752279,-0.9743481874465942,0.0256623066961765,0.2227013707160949,10,-0.389007657926736,-0.3211142860161895,-0.6478185803871677,0.7168225706995439,0,0,0.0116139760440808,0.5194637055390585,-37,120,thymio-03
176,1788308303.3715076,1.8221080303192136,-0.3765878677368164,1.849435643355016,95.83281796871393,1.8221080303192136,0.0837494879961013,-0.3765878677368164,0.0043902155011892,-0.3768967390060425,0.0225498061627149,0.9259704351425172,10,1.0,-0.2709433882672089,0.8130111545213641,-0.5933003720308219,0,0,0.094399679978098,0.497318729801544,260,411,thymio-03
177,1788308303.9819362,1.7588682174682615,-0.3521130383014679,1.8321988554073745,95.46953847426568,1.7588682174682615,0.0846547856926918,-0.3521130383014679,0.0104632228612899,-0.1058609411120414,0.0190543103963136,0.9941434264183044,10,1.0,-0.2077755305977626,0.8429193927420562,-0.5562057650020559,0,0,0.1936160220600751,0.6188790742599934,500,500,thymio-03
178,1788308304.591424,1.7588682174682615,-0.3521130383014679,1.8321988554073745,95.36953847426568,1.7588682174682615,0.0846547856926918,-0.3521130383014679,0.0104632228612899,-0.1058609411120414,0.0190543103963136,0.9941434264183044,10,1.0,-0.2077755305977626,0.8429193927420562,-0.5562057650020559,0,0,0.1854191852482217,0.2002684887904331,500,500,thymio-03
179,1788308305.1946137,10000.0,10000.0,0.0,95.36953847426568,1.7588682174682615,0.0846547856926918,-0.3521130383014679,0.0104632228612899,-0.1058609411120414,0.0190543103963136,0.9941434264183044,10,1.0,1.0,-1.0,1.0,0,0,0.03,-0.237518332924927,142,71,thymio-03
180,1788308305.7983804,1.6422696113586426,-0.258145272731781,1.82255058911067,95.36953847426568,1.6422696113586426,0.0862208604812622,-0.258145272731781,0.0193149670958518,-0.0048735649324953,0.0135210258886218,0.9997101426124572,10,1.0,-0.0841782033339073,1.0,-0.4398738601758438,0,0,0.199415753116537,-0.4831816019814194,500,500,thymio-03
181,1788308306.4069784,1.5688234567642212,-0.2009194195270538,1.8390299473121767,94.85957647737716,1.5688234567642212,0.087118461728096,-0.2009194195270538,0.0176670271903276,-0.0582946017384529,0.02258669026196,0.9978875517845154,10,1.0,-0.0226012409280703,1.0,-0.3620796527232431,0,0,0.1973280235339586,-0.5732453880089624,500,500,thymio-03
182,1788308307.015113,1.5688234567642212,-0.2009194195270538,1.8390299473121767,94.75957647737717,1.5688234567642212,0.087118461728096,-0.2009194195270538,0.0176670271903276,-0.0582946017384529,0.02258669026196,0.9978875517845154,10,1.0,-0.0226012409280703,1.0,-0.1135044820428806,0,0,0.1960738644446795,-0.5835720869909208,500,500,thymio-03
183,1788308307.6243165,1.4641475677490234,-0.1342086046934127,1.8365157683574225,94.10231693305784,1.4641475677490234,0.0871893018484115,-0.1342086046934127,0.0188046358525753,-0.05769594758749,0.0213938727974891,0.9979277849197388,10,1.0,0.1040267972417128,1.0,0.03237498062886,0,0,0.1942865298023028,-0.5635992004473213,500,500,thymio-03
184,1788308308.2331,1.4641475677490234,-0.1342086046934127,1.8365157683574225,94.00231693305784,1.4641475677490234,0.0871893018484115,-0.1342086046934127,0.0188046358525753,-0.05769594758749,0.0213938727974891,0.9979277849197388,10,1.0,0.1040267972417128,1.0,0.03237498062886,0,0,0.1965159361896355,-0.5578325996666249,500,500,thymio-03
185,1788308308.8412166,1.3227635622024536,-0.036048524081707,1.8214929675652227,93.17996751439198,1.3227635622024536,0.0894621834158897,-0.036048524081707,0.0142377754673361,-0.0418680682778358,0.0134599432349205,0.998931050300598,10,1.0,0.3201727685673361,1.0,-0.3798680202148504,0,0,0.1965392553921514,-0.5309565468015712,500,500,thymio-03
186,1788308309.4499662,1.2099963426589966,0.0452365949749946,1.8292756959054195,92.39097248623013,1.2099963426589966,0.0908260121941566,0.0452365949749946,0.0150042418390512,-0.0416735522449016,0.017370643094182,0.9988675713539124,10,1.0,0.4937393324351216,1.0,-0.3182480652204665,0,0,0.1939907786739547,-0.5475174473961696,500,500,thymio-03
187,1788308310.0587325,1.2099963426589966,0.0452365949749946,1.8292756959054195,92.29097248623012,1.2099963426589966,0.0908260121941566,0.0452365949749946,0.0150042418390512,-0.0416735522449016,0.017370643094182,0.9988675713539124,10,1.0,0.4937393324351216,1.0,-0.3182480652204665,0,0,0.1802255836262851,-0.5484161994748326,500,500,thymio-03
188,1788308310.6669302,1.0832313299179075,0.1362799257040023,1.8148510788023824,91.48331574903231,1.0832313299179075,0.0916698276996612,0.1362799257040023,0.0140901794657111,-0.0378816314041614,0.0100897913798689,0.9991320371627808,10,1.0,0.68804090646378,1.0,-0.2271025704520546,0,0,0.1300549909778856,-0.5691996142273802,500,376,thymio-03
189,1788308311.274876,1.0832313299179075,0.1362799257040023,1.8148510788023824,91.38331574903232,1.0832313299179075,0.0916698276996612,0.1362799257040023,0.0140901794657111,-0.0378816314041614,0.0100897913798689,0.9991320371627808,10,1.0,0.68804090646378,1.0,-0.2271025704520546,0,0,0.0592153378431289,-0.6022202322388513,301,119,thymio-03
190,1788308311.8832023,0.9452055096626282,0.2348970025777816,1.813689339957816,90.57982638921688,0.9452055096626282,0.0934090688824653,0.2348970025777816,0.0118054021149873,-0.0687222629785537,0.0097444392740726,0.9975184202194214,10,1.0,0.7255256958592309,1.0,0.1831059122431346,0,0,0.0386681934721462,-0.605706258780759,229,46,thymio-03
191,1788308312.4912229,0.8431859016418457,0.255286693572998,1.8618580524312964,89.95675920658228,0.8431859016418457,0.0944670215249061,0.255286693572998,0.0039695156738162,-0.4237621426582336,0.0252587366849184,0.9054126143455504,10,1.0,1.0,1.0,0.2408636780209796,0,0,0.0433672207382009,-0.5996652006205989,245,64,thymio-03
192,1788308313.0993252,0.8431859016418457,0.255286693572998,1.8618580524312964,89.85675920658228,0.8431859016418457,0.0944670215249061,0.255286693572998,0.0039695156738162,-0.4237621426582336,0.0252587366849184,0.9054126143455504,10,1.0,1.0,1.0,0.2408636780209796,0,0,0.0199715981803177,-0.5800819999638366,159,-17,thymio-03
193,1788308313.709276,0.8247978091239929,0.2434551864862442,1.880968283629036,89.74457242111743,0.8247978091239929,0.0945423692464828,0.2434551864862442,0.0056577362120151,-0.5504122376441956,0.0238553676754236,0.8345329165458679,10,1.0,1.0,1.0,0.2588081597182363,0,0,0.0083728205047099,-0.5696527902127807,116,-56,thymio-03
194,1788308314.317454,0.8247978091239929,0.2434551864862442,1.880968283629036,89.64457242111743,0.8247978091239929,0.0945423692464828,0.2434551864862442,0.0056577362120151,-0.5504122376441956,0.0238553676754236,0.8345329165458679,10,1.0,1.0,1.0,0.2588081597182363,0,0,-0.0052689730014065,-0.5625765333344818,66,-104,thymio-03
195,1788308314.925834,0.8143719434738159,0.2117694318294525,-1.4253963712242337,89.54457242111744,0.8143719434738159,0.0944178849458694,0.2117694318294525,-0.0069762296043336,-0.8638585209846497,0.0271425973623991,0.502954363822937,10,0.8543965283084627,1.0,0.4276527028506021,1.0,0,0,-0.0195529245997142,-0.5455434835524208,13,-152,thymio-03
196,1788308315.534451,0.8143719434738159,0.2117694318294525,-1.4253963712242337,89.44457242111744,0.8143719434738159,0.0944178849458694,0.2117694318294525,-0.0069762296043336,-0.8638585209846497,0.0271425973623991,0.502954363822937,10,0.8543965283084627,1.0,0.4276527028506021,1.0,0,0,-0.0563792387253138,-0.575901266514066,-113,-287,thymio-03
197,1788308316.1433551,0.8235803246498108,0.2290385514497757,-1.3986628124089613,89.34457242111745,0.8235803246498108,0.0946526378393173,0.2290385514497757,-0.0186460446566343,-0.9719884991645812,0.0231469273567199,0.2331415712833404,10,0.8929648223612239,1.0,0.53673380257407,1.0,0,0,-0.0208077716577944,-0.6080662103982815,18,-166,thymio-03
1,1788308197.5891352,10000.0,10000.0,0.0,100.0,2.022639036178589,1.0122047662734983,-0.4399884641170501,0.2678564190864563,0.5970343351364136,0.730221152305603,0.1964183896780014,10,1.0,1.0,1.0,1.0,0,0,-0.03,0.6226707983031966,-201,-13,thymio-01
2,1788308198.1929903,10000.0,10000.0,0.0,100.0,2.022639036178589,1.0122047662734983,-0.4399884641170501,0.2678564190864563,0.5970343351364136,0.730221152305603,0.1964183896780014,10,1.0,1.0,1.0,1.0,0,0,-0.025907136718923,0.4669881391011515,-163,-22,thymio-01
3,1788308198.796107,2.7099609375,-1.0833678245544434,-0.9465435476349312,100.0,2.7099609375,0.0704372972249984,-1.0833678245544434,-0.4351666867733001,0.2974056899547577,0.4678819179534912,0.7094127535820007,10,-0.6244003350967087,1.0,1.0,-0.4134714331123152,0,0,0.0775062926562138,0.6188499612669617,182,369,thymio-01
4,1788308199.4048882,2.7099609375,-1.0833678245544434,-0.9465435476349312,99.9,2.7099609375,0.0704372972249984,-1.0833678245544434,-0.4351666867733001,0.2974056899547577,0.4678819179534912,0.7094127535820007,10,-0.6244003350967087,1.0,1.0,-0.4134714331123152,0,0,0.1448309474170622,0.6200104045099746,421,500,thymio-01
5,1788308200.0083292,10000.0,10000.0,0.0,99.9,2.7099609375,0.0704372972249984,-1.0833678245544434,-0.4351666867733001,0.2974056899547577,0.4678819179534912,0.7094127535820007,10,1.0,1.0,-1.0,1.0,0,0,0.03,0.2734672076123563,65,148,thymio-01
6,1788308200.611511,10000.0,10000.0,0.0,99.9,2.7099609375,0.0704372972249984,-1.0833678245544434,-0.4351666867733001,0.2974056899547577,0.4678819179534912,0.7094127535820007,10,1.0,1.0,-1.0,1.0,0,0,0.03,0.3279590867287959,57,156,thymio-01
7,1788308201.2144678,10000.0,10000.0,0.0,99.9,2.7099609375,0.0704372972249984,-1.0833678245544434,-0.4351666867733001,0.2974056899547577,0.4678819179534912,0.7094127535820007,10,1.0,1.0,-1.0,1.0,0,0,0.03,0.4953406898206332,32,181,thymio-01
8,1788308201.8176212,10000.0,10000.0,0.0,99.9,2.7099609375,0.0704372972249984,-1.0833678245544434,-0.4351666867733001,0.2974056899547577,0.4678819179534912,0.7094127535820007,10,1.0,1.0,-1.0,1.0,0,0,0.03,0.1956527846756156,77,136,thymio-01
9,1788308202.420924,10000.0,10000.0,0.0,99.9,2.7099609375,0.0704372972249984,-1.0833678245544434,-0.4351666867733001,0.2974056899547577,0.4678819179534912,0.7094127535820007,10,1.0,1.0,-1.0,1.0,0,0,0.03,0.0963791975674198,92,121,thymio-01
10,1788308203.02468,10000.0,10000.0,0.0,99.9,2.7099609375,0.0704372972249984,-1.0833678245544434,-0.4351666867733001,0.2974056899547577,0.4678819179534912,0.7094127535820007,10,1.0,1.0,-1.0,1.0,0,0,0.03,-0.0535387108638427,115,99,thymio-01
11,1788308203.6280742,2.7136390209198,-1.1235271692276,0.3465265413547187,99.9,2.7136390209198,0.0707760825753212,-1.1235271692276,-0.3443072140216827,0.5279051065444946,0.5401273369789124,0.5577017664909363,10,-0.2441552025335793,1.0,-0.5323542018157427,1.0,0,0,0.1990461999777653,-0.2473752827189348,500,500,thymio-01
12,1788308204.236159,2.7136390209198,-1.1235271692276,0.3465265413547187,99.8,2.7136390209198,0.0707760825753212,-1.1235271692276,-0.3443072140216827,0.5279051065444946,0.5401273369789124,0.5577017664909363,10,-0.2441552025335793,1.0,-0.5323542018157427,1.0,0,0,0.1980247712684469,-0.4576216050741778,500,500,thymio-01
13,1788308204.8402936,10000.0,10000.0,0.0,99.8,2.7136390209198,0.0707760825753212,-1.1235271692276,-0.3443072140216827,0.5279051065444946,0.5401273369789124,0.5577017664909363,10,1.0,1.0,-1.0,1.0,0,0,0.03,-0.5794406875106477,194,19,thymio-01
14,1788308205.443751,10000.0,10000.0,0.0,99.8,2.7136390209198,0.0707760825753212,-1.1235271692276,-0.3443072140216827,0.5279051065444946,0.5401273369789124,0.5577017664909363,10,1.0,1.0,-1.0,1.0,0,0,0.03,-0.6098255202891644,199,15,thymio-01
15,1788308206.0475583,10000.0,10000.0,0.0,99.8,2.7136390209198,0.0707760825753212,-1.1235271692276,-0.3443072140216827,0.5279051065444946,0.5401273369789124,0.5577017664909363,10,1.0,1.0,-1.0,1.0,0,0,0.03,-0.6142272130176877,199,14,thymio-01
16,1788308206.6512794,10000.0,10000.0,0.0,99.8,2.7136390209198,0.0707760825753212,-1.1235271692276,-0.3443072140216827,0.5279051065444946,0.5401273369789124,0.5577017664909363,10,1.0,1.0,-1.0,1.0,0,0,0.03,-0.6179867420227623,200,13,thymio-01
17,1788308207.2542856,2.531043529510498,-0.1439778357744217,1.7428292888870942,99.8,2.531043529510498,0.0963382348418235,-0.1439778357744217,0.1265614032745361,0.6149192452430725,-0.7130750417709351,0.312058538198471,10,1.0,-0.9594913483998532,-0.7860755099602122,-0.801680698383415,0,0,0.0,-0.2419364194471658,37,-37,thymio-01
18,1788308207.8619514,2.531043529510498,-0.1439778357744217,1.7428292888870942,99.70000000000002,2.531043529510498,0.0963382348418235,-0.1439778357744217,0.1265614032745361,0.6149192452430725,-0.7130750417709351,0.312058538198471,10,1.0,-0.9594913483998532,-0.7860755099602122,-0.801680698383415,0,0,0.0,-0.141053549623809,21,-21,thymio-01
19,1788308208.4649222,10000.0,10000.0,0.0,99.70000000000002,2.531043529510498,0.0963382348418235,-0.1439778357744217,0.1265614032745361,0.6149192452430725,-0.7130750417709351,0.312058538198471,10,1.0,1.0,-1.0,1.0,0,0,0.0254902612522564,-0.0918205642982261,104,77,thymio-01
20,1788308209.0681393,10000.0,10000.0,0.0,99.70000000000002,2.531043529510498,0.0963382348418235,-0.1439778357744217,0.1265614032745361,0.6149192452430725,-0.7130750417709351,0.312058538198471,10,1.0,1.0,-1.0,1.0,0,0,0.03,-0.0464103275566386,114,100,thymio-01
21,1788308209.6714504,10000.0,10000.0,0.0,99.70000000000002,2.531043529510498,0.0963382348418235,-0.1439778357744217,0.1265614032745361,0.6149192452430725,-0.7130750417709351,0.312058538198471,10,1.0,1.0,-1.0,1.0,0,0,0.03,0.324930815388428,58,156,thymio-01
22,1788308210.2748437,10000.0,10000.0,0.0,99.70000000000002,2.531043529510498,0.0963382348418235,-0.1439778357744217,0.1265614032745361,0.6149192452430725,-0.7130750417709351,0.312058538198471,10,1.0,1.0,-1.0,1.0,0,0,0.03,0.5376316214049393,25,188,thymio-01
23,1788308210.8778744,10000.0,10000.0,0.0,99.70000000000002,2.531043529510498,0.0963382348418235,-0.1439778357744217,0.1265614032745361,0.6149192452430725,-0.7130750417709351,0.312058538198471,10,1.0,1.0,-1.0,1.0,0,0,-0.03,0.6121099942073555,-199,-14,thymio-01
24,1788308211.480765,10000.0,10000.0,0.0,99.70000000000002,2.531043529510498,0.0963382348418235,-0.1439778357744217,0.1265614032745361,0.6149192452430725,-0.7130750417709351,0.312058538198471,10,1.0,1.0,-1.0,1.0,0,0,-0.03,0.6069764332188129,-198,-15,thymio-01
25,1788308212.084494,10000.0,10000.0,0.0,99.70000000000002,2.531043529510498,0.0963382348418235,-0.1439778357744217,0.1265614032745361,0.6149192452430725,-0.7130750417709351,0.312058538198471,10,1.0,1.0,-1.0,1.0,0,0,-0.03,0.4745799035818854,-178,-35,thymio-01
26,1788308212.6882143,10000.0,10000.0,0.0,99.70000000000002,2.531043529510498,0.0963382348418235,-0.1439778357744217,0.1265614032745361,0.6149192452430725,-0.7130750417709351,0.312058538198471,10,1.0,1.0,-1.0,1.0,0,0,-0.03,0.2432559944293268,-143,-70,thymio-01
27,1788308213.29133,10000.0,10000.0,0.0,99.70000000000002,2.531043529510498,0.0963382348418235,-0.1439778357744217,0.1265614032745361,0.6149192452430725,-0.7130750417709351,0.312058538198471,10,1.0,1.0,-1.0,1.0,0,0,-0.03,0.0546126405438074,-115,-98,thymio-01
28,1788308213.8944836,10000.0,10000.0,0.0,99.70000000000002,2.531043529510498,0.0963382348418235,-0.1439778357744217,0.1265614032745361,0.6149192452430725,-0.7130750417709351,0.312058538198471,10,1.0,1.0,-1.0,1.0,0,0,-0.03,-0.0576978452012474,-98,-115,thymio-01
29,1788308214.4976387,10000.0,10000.0,0.0,99.70000000000002,2.531043529510498,0.0963382348418235,-0.1439778357744217,0.1265614032745361,0.6149192452430725,-0.7130750417709351,0.312058538198471,10,1.0,1.0,-1.0,1.0,0,0,-0.03,-0.1140499884119269,-89,-124,thymio-01
30,1788308215.100887,10000.0,10000.0,0.0,99.70000000000002,2.531043529510498,0.0963382348418235,-0.1439778357744217,0.1265614032745361,0.6149192452430725,-0.7130750417709351,0.312058538198471,10,1.0,1.0,-1.0,1.0,0,0,-0.03,-0.1447884975653733,-85,-128,thymio-01
31,1788308215.7043045,10000.0,10000.0,0.0,99.70000000000002,2.531043529510498,0.0963382348418235,-0.1439778357744217,0.1265614032745361,0.6149192452430725,-0.7130750417709351,0.312058538198471,10,1.0,1.0,1.0,1.0,0,0,-0.03,-0.2974244202679494,-62,-152,thymio-01
32,1788308216.3078537,10000.0,10000.0,0.0,99.70000000000002,2.531043529510498,0.0963382348418235,-0.1439778357744217,0.1265614032745361,0.6149192452430725,-0.7130750417709351,0.312058538198471,10,1.0,1.0,1.0,1.0,0,0,-0.03,-0.3904434833537347,-48,-166,thymio-01
33,1788308216.911905,10000.0,10000.0,0.0,99.70000000000002,2.531043529510498,0.0963382348418235,-0.1439778357744217,0.1265614032745361,0.6149192452430725,-0.7130750417709351,0.312058538198471,10,1.0,1.0,-1.0,1.0,0,0,-0.03,-0.3672079021194129,-51,-162,thymio-01
34,1788308217.515101,10000.0,10000.0,0.0,99.70000000000002,2.531043529510498,0.0963382348418235,-0.1439778357744217,0.1265614032745361,0.6149192452430725,-0.7130750417709351,0.312058538198471,10,1.0,1.0,-1.0,1.0,0,0,-0.03,-0.3871083063491736,-48,-165,thymio-01
35,1788308218.1187873,10000.0,10000.0,0.0,99.70000000000002,2.531043529510498,0.0963382348418235,-0.1439778357744217,0.1265614032745361,0.6149192452430725,-0.7130750417709351,0.312058538198471,10,1.0,1.0,-1.0,1.0,0,0,-0.03,-0.4846520078702003,-33,-180,thymio-01
36,1788308218.7221494,10000.0,10000.0,0.0,99.70000000000002,2.531043529510498,0.0963382348418235,-0.1439778357744217,0.1265614032745361,0.6149192452430725,-0.7130750417709351,0.312058538198471,10,1.0,1.0,-1.0,1.0,0,0,0.0058934669847855,-0.5835939884874062,109,-67,thymio-01
37,1788308219.3259068,10000.0,10000.0,0.0,99.70000000000002,2.531043529510498,0.0963382348418235,-0.1439778357744217,0.1265614032745361,0.6149192452430725,-0.7130750417709351,0.312058538198471,10,1.0,1.0,-1.0,1.0,0,0,0.0044213956463914,-0.607600904222411,107,-76,thymio-01
38,1788308219.9289606,10000.0,10000.0,0.0,99.70000000000002,2.531043529510498,0.0963382348418235,-0.1439778357744217,0.1265614032745361,0.6149192452430725,-0.7130750417709351,0.312058538198471,10,1.0,1.0,1.0,1.0,0,0,0.03,-0.6276520081452523,201,12,thymio-01
39,1788308220.532292,10000.0,10000.0,0.0,99.70000000000002,2.531043529510498,0.0963382348418235,-0.1439778357744217,0.1265614032745361,0.6149192452430725,-0.7130750417709351,0.312058538198471,10,1.0,1.0,1.0,1.0,0,0,-0.03,-0.1721933821471669,-81,-133,thymio-01
40,1788308221.1356173,10000.0,10000.0,0.0,99.70000000000002,2.531043529510498,0.0963382348418235,-0.1439778357744217,0.1265614032745361,0.6149192452430725,-0.7130750417709351,0.312058538198471,10,1.0,1.0,-1.0,1.0,0,0,0.0001748418575542,-0.5623808043920959,86,-84,thymio-01
41,1788308221.7396486,10000.0,10000.0,0.0,99.70000000000002,2.531043529510498,0.0963382348418235,-0.1439778357744217,0.1265614032745361,0.6149192452430725,-0.7130750417709351,0.312058538198471,10,1.0,1.0,-1.0,1.0,0,0,0.03,-0.6217891342910238,200,13,thymio-01
42,1788308222.3432825,10000.0,10000.0,0.0,99.70000000000002,2.531043529510498,0.0963382348418235,-0.1439778357744217,0.1265614032745361,0.6149192452430725,-0.7130750417709351,0.312058538198471,10,1.0,1.0,-1.0,1.0,0,0,0.03,-0.6217769755854848,200,13,thymio-01
43,1788308222.9463615,10000.0,10000.0,0.0,99.70000000000002,2.531043529510498,0.0963382348418235,-0.1439778357744217,0.1265614032745361,0.6149192452430725,-0.7130750417709351,0.312058538198471,10,1.0,1.0,1.0,1.0,0,0,0.03,-0.6277537618581382,201,12,thymio-01
44,1788308223.549742,10000.0,10000.0,0.0,99.70000000000002,2.531043529510498,0.0963382348418235,-0.1439778357744217,0.1265614032745361,0.6149192452430725,-0.7130750417709351,0.312058538198471,10,1.0,1.0,1.0,1.0,0,0,0.03,-0.6256242436517836,201,12,thymio-01
45,1788308224.1530883,10000.0,10000.0,0.0,99.70000000000002,2.531043529510498,0.0963382348418235,-0.1439778357744217,0.1265614032745361,0.6149192452430725,-0.7130750417709351,0.312058538198471,10,1.0,1.0,-1.0,1.0,0,0,0.03,-0.6276493071090214,201,12,thymio-01
46,1788308224.7562351,10000.0,10000.0,0.0,99.70000000000002,2.531043529510498,0.0963382348418235,-0.1439778357744217,0.1265614032745361,0.6149192452430725,-0.7130750417709351,0.312058538198471,10,1.0,1.0,-1.0,1.0,0,0,0.03,-0.6272262628381622,201,12,thymio-01
47,1788308225.3595283,10000.0,10000.0,0.0,99.70000000000002,2.531043529510498,0.0963382348418235,-0.1439778357744217,0.1265614032745361,0.6149192452430725,-0.7130750417709351,0.312058538198471,10,1.0,1.0,-1.0,1.0,0,0,0.03,-0.6267632995208167,201,12,thymio-01
48,1788308225.962338,10000.0,10000.0,0.0,99.70000000000002,2.531043529510498,0.0963382348418235,-0.1439778357744217,0.1265614032745361,0.6149192452430725,-0.7130750417709351,0.312058538198471,10,1.0,1.0,-1.0,1.0,0,0,0.03,-0.6257581757646992,201,12,thymio-01
49,1788308226.565695,10000.0,10000.0,0.0,99.70000000000002,2.531043529510498,0.0963382348418235,-0.1439778357744217,0.1265614032745361,0.6149192452430725,-0.7130750417709351,0.312058538198471,10,1.0,1.0,-1.0,1.0,0,0,0.03,-0.6249838701481327,201,12,thymio-01
50,1788308227.170303,10000.0,10000.0,0.0,99.70000000000002,2.531043529510498,0.0963382348418235,-0.1439778357744217,0.1265614032745361,0.6149192452430725,-0.7130750417709351,0.312058538198471,10,1.0,1.0,-1.0,1.0,0,0,0.03,-0.6242482740125245,201,12,thymio-01
51,1788308227.7738836,10000.0,10000.0,0.0,99.70000000000002,2.531043529510498,0.0963382348418235,-0.1439778357744217,0.1265614032745361,0.6149192452430725,-0.7130750417709351,0.312058538198471,10,1.0,1.0,-1.0,1.0,0,0,0.03,-0.6236984992630087,201,12,thymio-01
52,1788308228.377596,10000.0,10000.0,0.0,99.70000000000002,2.531043529510498,0.0963382348418235,-0.1439778357744217,0.1265614032745361,0.6149192452430725,-0.7130750417709351,0.312058538198471,10,1.0,1.0,-1.0,1.0,0,0,0.03,-0.6232549486963322,201,12,thymio-01
53,1788308228.981091,10000.0,10000.0,0.0,99.70000000000002,2.531043529510498,0.0963382348418235,-0.1439778357744217,0.1265614032745361,0.6149192452430725,-0.7130750417709351,0.312058538198471,10,1.0,1.0,-1.0,1.0,0,0,0.03,-0.6229786894960906,201,13,thymio-01
54,1788308229.5848482,10000.0,10000.0,0.0,99.70000000000002,2.531043529510498,0.0963382348418235,-0.1439778357744217,0.1265614032745361,0.6149192452430725,-0.7130750417709351,0.312058538198471,10,1.0,1.0,-1.0,1.0,0,0,0.03,-0.6227843800275097,201,13,thymio-01
55,1788308230.18796,10000.0,10000.0,0.0,99.70000000000002,2.531043529510498,0.0963382348418235,-0.1439778357744217,0.1265614032745361,0.6149192452430725,-0.7130750417709351,0.312058538198471,10,1.0,1.0,-1.0,1.0,0,0,0.03,-0.6226718848854987,201,13,thymio-01
56,1788308230.7910962,10000.0,10000.0,0.0,99.70000000000002,2.531043529510498,0.0963382348418235,-0.1439778357744217,0.1265614032745361,0.6149192452430725,-0.7130750417709351,0.312058538198471,10,1.0,1.0,-1.0,1.0,0,0,0.03,-0.6225965200772221,201,13,thymio-01
57,1788308231.3948634,10000.0,10000.0,0.0,99.70000000000002,2.531043529510498,0.0963382348418235,-0.1439778357744217,0.1265614032745361,0.6149192452430725,-0.7130750417709351,0.312058538198471,10,1.0,1.0,-1.0,1.0,0,0,0.03,-0.6225543513484196,201,13,thymio-01
58,1788308231.99783,10000.0,10000.0,0.0,99.70000000000002,2.531043529510498,0.0963382348418235,-0.1439778357744217,0.1265614032745361,0.6149192452430725,-0.7130750417709351,0.312058538198471,10,1.0,1.0,-1.0,1.0,0,0,0.03,-0.6225266380138333,201,13,thymio-01
59,1788308232.6012027,10000.0,10000.0,0.0,99.70000000000002,2.531043529510498,0.0963382348418235,-0.1439778357744217,0.1265614032745361,0.6149192452430725,-0.7130750417709351,0.312058538198471,10,1.0,1.0,-1.0,1.0,0,0,0.03,-0.622511416893149,201,13,thymio-01
60,1788308233.2042406,10000.0,10000.0,0.0,99.70000000000002,2.531043529510498,0.0963382348418235,-0.1439778357744217,0.1265614032745361,0.6149192452430725,-0.7130750417709351,0.312058538198471,10,1.0,1.0,-1.0,1.0,0,0,0.03,-0.6225015001295041,201,13,thymio-01
61,1788308233.8073957,10000.0,10000.0,0.0,99.70000000000002,2.531043529510498,0.0963382348418235,-0.1439778357744217,0.1265614032745361,0.6149192452430725,-0.7130750417709351,0.312058538198471,10,1.0,1.0,-1.0,1.0,0,0,0.03,-0.6224961488314734,201,13,thymio-01
62,1788308234.410693,10000.0,10000.0,0.0,99.70000000000002,2.531043529510498,0.0963382348418235,-0.1439778357744217,0.1265614032745361,0.6149192452430725,-0.7130750417709351,0.312058538198471,10,1.0,1.0,-1.0,1.0,0,0,0.03,-0.6224926940751194,201,13,thymio-01
63,1788308235.0143032,10000.0,10000.0,0.0,99.70000000000002,2.531043529510498,0.0963382348418235,-0.1439778357744217,0.1265614032745361,0.6149192452430725,-0.7130750417709351,0.312058538198471,10,1.0,1.0,-1.0,1.0,0,0,0.03,-0.6224908824932359,201,13,thymio-01
64,1788308235.617455,10000.0,10000.0,0.0,99.70000000000002,2.531043529510498,0.0963382348418235,-0.1439778357744217,0.1265614032745361,0.6149192452430725,-0.7130750417709351,0.312058538198471,10,1.0,1.0,-1.0,1.0,0,0,0.03,-0.6224897337801211,201,13,thymio-01
65,1788308236.220617,10000.0,10000.0,0.0,99.70000000000002,2.531043529510498,0.0963382348418235,-0.1439778357744217,0.1265614032745361,0.6149192452430725,-0.7130750417709351,0.312058538198471,10,1.0,1.0,-1.0,1.0,0,0,0.03,-0.6224891652687945,201,13,thymio-01
66,1788308236.823765,10000.0,10000.0,0.0,99.70000000000002,2.531043529510498,0.0963382348418235,-0.1439778357744217,0.1265614032745361,0.6149192452430725,-0.7130750417709351,0.312058538198471,10,1.0,1.0,-1.0,1.0,0,0,0.03,-0.6224888190665461,201,13,thymio-01
67,1788308237.4272642,10000.0,10000.0,0.0,99.70000000000002,2.531043529510498,0.0963382348418235,-0.1439778357744217,0.1265614032745361,0.6149192452430725,-0.7130750417709351,0.312058538198471,10,1.0,1.0,-1.0,1.0,0,0,0.03,-0.6224886702437007,201,13,thymio-01
68,1788308238.0302284,10000.0,10000.0,0.0,99.70000000000002,2.531043529510498,0.0963382348418235,-0.1439778357744217,0.1265614032745361,0.6149192452430725,-0.7130750417709351,0.312058538198471,10,1.0,1.0,-1.0,1.0,0,0,0.03,-0.6224885895072488,201,13,thymio-01
69,1788308238.6333385,10000.0,10000.0,0.0,99.70000000000002,2.531043529510498,0.0963382348418235,-0.1439778357744217,0.1265614032745361,0.6149192452430725,-0.7130750417709351,0.312058538198471,10,1.0,1.0,-1.0,1.0,0,0,0.03,-0.6224885709111369,201,13,thymio-01
70,1788308239.2366765,10000.0,10000.0,0.0,99.70000000000002,2.531043529510498,0.0963382348418235,-0.1439778357744217,0.1265614032745361,0.6149192452430725,-0.7130750417709351,0.312058538198471,10,1.0,1.0,-1.0,1.0,0,0,0.03,-0.6224885687729127,201,13,thymio-01
71,1788308239.839608,10000.0,10000.0,0.0,99.70000000000002,2.531043529510498,0.0963382348418235,-0.1439778357744217,0.1265614032745361,0.6149192452430725,-0.7130750417709351,0.312058538198471,10,1.0,1.0,-1.0,1.0,0,0,0.03,-0.6224885829311201,201,13,thymio-01
72,1788308240.4425795,10000.0,10000.0,0.0,99.70000000000002,2.531043529510498,0.0963382348418235,-0.1439778357744217,0.1265614032745361,0.6149192452430725,-0.7130750417709351,0.312058538198471,10,1.0,1.0,-1.0,1.0,0,0,0.03,-0.622488597936489,201,13,thymio-01
73,1788308241.0463774,10000.0,10000.0,0.0,99.70000000000002,2.531043529510498,0.0963382348418235,-0.1439778357744217,0.1265614032745361,0.6149192452430725,-0.7130750417709351,0.312058538198471,10,1.0,1.0,-1.0,1.0,0,0,0.03,-0.6224886149959836,201,13,thymio-01
74,1788308241.6499183,10000.0,10000.0,0.0,99.70000000000002,2.531043529510498,0.0963382348418235,-0.1439778357744217,0.1265614032745361,0.6149192452430725,-0.7130750417709351,0.312058538198471,10,1.0,1.0,-1.0,1.0,0,0,0.03,-0.6224886293219746,201,13,thymio-01
75,1788308242.2536447,10000.0,10000.0,0.0,99.70000000000002,2.531043529510498,0.0963382348418235,-0.1439778357744217,0.1265614032745361,0.6149192452430725,-0.7130750417709351,0.312058538198471,10,1.0,1.0,-1.0,1.0,0,0,0.03,-0.6224886421249637,201,13,thymio-01
76,1788308242.856884,10000.0,10000.0,0.0,99.70000000000002,2.531043529510498,0.0963382348418235,-0.1439778357744217,0.1265614032745361,0.6149192452430725,-0.7130750417709351,0.312058538198471,10,1.0,1.0,-1.0,1.0,0,0,0.03,-0.6224886521968657,201,13,thymio-01
77,1788308243.4600954,10000.0,10000.0,0.0,99.70000000000002,2.531043529510498,0.0963382348418235,-0.1439778357744217,0.1265614032745361,0.6149192452430725,-0.7130750417709351,0.312058538198471,10,1.0,1.0,-1.0,1.0,0,0,0.03,-0.6224886604307458,201,13,thymio-01
78,1788308244.0630493,10000.0,10000.0,0.0,99.70000000000002,2.531043529510498,0.0963382348418235,-0.1439778357744217,0.1265614032745361,0.6149192452430725,-0.7130750417709351,0.312058538198471,10,1.0,1.0,-1.0,1.0,0,0,0.03,-0.6224886667071512,201,13,thymio-01
79,1788308244.6666894,10000.0,10000.0,0.0,99.70000000000002,2.531043529510498,0.0963382348418235,-0.1439778357744217,0.1265614032745361,0.6149192452430725,-0.7130750417709351,0.312058538198471,10,1.0,1.0,-1.0,1.0,0,0,0.03,-0.6224886716081472,201,13,thymio-01
80,1788308245.269636,10000.0,10000.0,0.0,99.70000000000002,2.531043529510498,0.0963382348418235,-0.1439778357744217,0.1265614032745361,0.6149192452430725,-0.7130750417709351,0.312058538198471,10,1.0,1.0,-1.0,1.0,0,0,0.03,-0.6224886752737654,201,13,thymio-01
81,1788308245.8724556,10000.0,10000.0,0.0,99.70000000000002,2.531043529510498,0.0963382348418235,-0.1439778357744217,0.1265614032745361,0.6149192452430725,-0.7130750417709351,0.312058538198471,10,1.0,1.0,-1.0,1.0,0,0,0.03,-0.6224886780580626,201,13,thymio-01
82,1788308246.476149,10000.0,10000.0,0.0,99.70000000000002,2.531043529510498,0.0963382348418235,-0.1439778357744217,0.1265614032745361,0.6149192452430725,-0.7130750417709351,0.312058538198471,10,1.0,1.0,-1.0,1.0,0,0,0.03,-0.6224886801138456,201,13,thymio-01
83,1788308247.0798042,10000.0,10000.0,0.0,99.70000000000002,2.531043529510498,0.0963382348418235,-0.1439778357744217,0.1265614032745361,0.6149192452430725,-0.7130750417709351,0.312058538198471,10,1.0,1.0,-1.0,1.0,0,0,0.03,-0.622488681647022,201,13,thymio-01
84,1788308247.6835546,10000.0,10000.0,0.0,99.70000000000002,2.531043529510498,0.0963382348418235,-0.1439778357744217,0.1265614032745361,0.6149192452430725,-0.7130750417709351,0.312058538198471,10,1.0,1.0,-1.0,1.0,0,0,0.03,-0.6224886827683968,201,13,thymio-01
85,1788308248.2864928,10000.0,10000.0,0.0,99.70000000000002,2.531043529510498,0.0963382348418235,-0.1439778357744217,0.1265614032745361,0.6149192452430725,-0.7130750417709351,0.312058538198471,10,1.0,1.0,-1.0,1.0,0,0,0.03,-0.6224886835939559,201,13,thymio-01
86,1788308248.8898375,10000.0,10000.0,0.0,99.70000000000002,2.531043529510498,0.0963382348418235,-0.1439778357744217,0.1265614032745361,0.6149192452430725,-0.7130750417709351,0.312058538198471,10,1.0,1.0,-1.0,1.0,0,0,0.03,-0.6224886841933974,201,13,thymio-01
87,1788308249.4933865,10000.0,10000.0,0.0,99.70000000000002,2.531043529510498,0.0963382348418235,-0.1439778357744217,0.1265614032745361,0.6149192452430725,-0.7130750417709351,0.312058538198471,10,1.0,1.0,-1.0,1.0,0,0,0.03,-0.6224886846305049,201,13,thymio-01
88,1788308250.0964465,10000.0,10000.0,0.0,99.70000000000002,2.531043529510498,0.0963382348418235,-0.1439778357744217,0.1265614032745361,0.6149192452430725,-0.7130750417709351,0.312058538198471,10,1.0,1.0,-1.0,1.0,0,0,0.03,-0.622488684946053,201,13,thymio-01
89,1788308250.699305,10000.0,10000.0,0.0,99.70000000000002,2.531043529510498,0.0963382348418235,-0.1439778357744217,0.1265614032745361,0.6149192452430725,-0.7130750417709351,0.312058538198471,10,1.0,1.0,-1.0,1.0,0,0,0.03,-0.622488685174466,201,13,thymio-01
90,1788308251.3021472,10000.0,10000.0,0.0,99.70000000000002,2.531043529510498,0.0963382348418235,-0.1439778357744217,0.1265614032745361,0.6149192452430725,-0.7130750417709351,0.312058538198471,10,1.0,1.0,-1.0,1.0,0,0,0.03,-0.6224886853385759,201,13,thymio-01
91,1788308251.9050632,10000.0,10000.0,0.0,99.70000000000002,2.531043529510498,0.0963382348418235,-0.1439778357744217,0.1265614032745361,0.6149192452430725,-0.7130750417709351,0.312058538198471,10,1.0,1.0,-1.0,1.0,0,0,0.03,-0.6224886854566833,201,13,thymio-01
92,1788308252.5079975,10000.0,10000.0,0.0,99.70000000000002,2.531043529510498,0.0963382348418235,-0.1439778357744217,0.1265614032745361,0.6149192452430725,-0.7130750417709351,0.312058538198471,10,1.0,1.0,-1.0,1.0,0,0,0.03,-0.6224886855412052,201,13,thymio-01
93,1788308253.1119366,10000.0,10000.0,0.0,99.70000000000002,2.531043529510498,0.0963382348418235,-0.1439778357744217,0.1265614032745361,0.6149192452430725,-0.7130750417709351,0.312058538198471,10,1.0,1.0,-1.0,1.0,0,0,0.03,-0.6224886856017511,201,13,thymio-01
94,1788308253.7149932,10000.0,10000.0,0.0,99.70000000000002,2.531043529510498,0.0963382348418235,-0.1439778357744217,0.1265614032745361,0.6149192452430725,-0.7130750417709351,0.312058538198471,10,1.0,1.0,-1.0,1.0,0,0,0.03,-0.6224886856449343,201,13,thymio-01
95,1788308254.3184876,10000.0,10000.0,0.0,99.70000000000002,2.531043529510498,0.0963382348418235,-0.1439778357744217,0.1265614032745361,0.6149192452430725,-0.7130750417709351,0.312058538198471,10,1.0,1.0,-1.0,1.0,0,0,0.03,-0.6224886856757496,201,13,thymio-01
96,1788308254.9230042,10000.0,10000.0,0.0,99.70000000000002,2.531043529510498,0.0963382348418235,-0.1439778357744217,0.1265614032745361,0.6149192452430725,-0.7130750417709351,0.312058538198471,10,1.0,1.0,-1.0,1.0,0,0,0.03,-0.6224886856976647,201,13,thymio-01
97,1788308255.52628,10000.0,10000.0,0.0,99.70000000000002,2.531043529510498,0.0963382348418235,-0.1439778357744217,0.1265614032745361,0.6149192452430725,-0.7130750417709351,0.312058538198471,10,1.0,1.0,-1.0,1.0,0,0,0.03,-0.6224886857132529,201,13,thymio-01
98,1788308256.130032,10000.0,10000.0,0.0,99.70000000000002,2.531043529510498,0.0963382348418235,-0.1439778357744217,0.1265614032745361,0.6149192452430725,-0.7130750417709351,0.312058538198471,10,1.0,1.0,-1.0,1.0,0,0,0.03,-0.6224886857243114,201,13,thymio-01
99,1788308256.7338135,10000.0,10000.0,0.0,99.70000000000002,2.531043529510498,0.0963382348418235,-0.1439778357744217,0.1265614032745361,0.6149192452430725,-0.7130750417709351,0.312058538198471,10,1.0,1.0,-1.0,1.0,0,0,0.03,-0.6224886857321559,201,13,thymio-01
100,1788308257.3368795,10000.0,10000.0,0.0,99.70000000000002,2.531043529510498,0.0963382348418235,-0.1439778357744217,0.1265614032745361,0.6149192452430725,-0.7130750417709351,0.312058538198471,10,1.0,1.0,-1.0,1.0,0,0,0.03,-0.6224886857377085,201,13,thymio-01
101,1788308257.9411464,10000.0,10000.0,0.0,99.70000000000002,2.531043529510498,0.0963382348418235,-0.1439778357744217,0.1265614032745361,0.6149192452430725,-0.7130750417709351,0.312058538198471,10,1.0,1.0,-1.0,1.0,0,0,0.03,-0.6224886857416384,201,13,thymio-01
102,1788308258.5444016,10000.0,10000.0,0.0,99.70000000000002,2.531043529510498,0.0963382348418235,-0.1439778357744217,0.1265614032745361,0.6149192452430725,-0.7130750417709351,0.312058538198471,10,1.0,1.0,-1.0,1.0,0,0,0.03,-0.6224886857444148,201,13,thymio-01
103,1788308259.1476915,10000.0,10000.0,0.0,99.70000000000002,2.531043529510498,0.0963382348418235,-0.1439778357744217,0.1265614032745361,0.6149192452430725,-0.7130750417709351,0.312058538198471,10,1.0,1.0,-1.0,1.0,0,0,0.03,-0.6224886857463758,201,13,thymio-01
104,1788308259.7509809,10000.0,10000.0,0.0,99.70000000000002,2.531043529510498,0.0963382348418235,-0.1439778357744217,0.1265614032745361,0.6149192452430725,-0.7130750417709351,0.312058538198471,10,1.0,1.0,-1.0,1.0,0,0,0.03,-0.6224886857477588,201,13,thymio-01
105,1788308260.3542483,10000.0,10000.0,0.0,99.70000000000002,2.531043529510498,0.0963382348418235,-0.1439778357744217,0.1265614032745361,0.6149192452430725,-0.7130750417709351,0.312058538198471,10,1.0,1.0,-1.0,1.0,0,0,0.03,-0.622488685748734,201,13,thymio-01
106,1788308260.9576895,10000.0,10000.0,0.0,99.70000000000002,2.531043529510498,0.0963382348418235,-0.1439778357744217,0.1265614032745361,0.6149192452430725,-0.7130750417709351,0.312058538198471,10,1.0,1.0,-1.0,1.0,0,0,0.03,-0.6224886857494206,201,13,thymio-01
107,1788308261.5608246,10000.0,10000.0,0.0,99.70000000000002,2.531043529510498,0.0963382348418235,-0.1439778357744217,0.1265614032745361,0.6149192452430725,-0.7130750417709351,0.312058538198471,10,1.0,1.0,-1.0,1.0,0,0,0.03,-0.622488685749904,201,13,thymio-01
108,1788308262.1645744,10000.0,10000.0,0.0,99.70000000000002,2.531043529510498,0.0963382348418235,-0.1439778357744217,0.1265614032745361,0.6149192452430725,-0.7130750417709351,0.312058538198471,10,1.0,1.0,-1.0,1.0,0,0,0.03,-0.622488685750244,201,13,thymio-01
109,1788308262.767539,10000.0,10000.0,0.0,99.70000000000002,2.531043529510498,0.0963382348418235,-0.1439778357744217,0.1265614032745361,0.6149192452430725,-0.7130750417709351,0.312058538198471,10,1.0,1.0,-1.0,1.0,0,0,0.03,-0.6224886857504829,201,13,thymio-01
110,1788308263.3722577,10000.0,10000.0,0.0,99.70000000000002,2.531043529510498,0.0963382348418235,-0.1439778357744217,0.1265614032745361,0.6149192452430725,-0.7130750417709351,0.312058538198471,10,1.0,1.0,-1.0,1.0,0,0,0.03,-0.6224886857506507,201,13,thymio-01
111,1788308263.9756744,10000.0,10000.0,0.0,99.70000000000002,2.531043529510498,0.0963382348418235,-0.1439778357744217,0.1265614032745361,0.6149192452430725,-0.7130750417709351,0.312058538198471,10,1.0,1.0,-1.0,1.0,0,0,0.03,-0.6224886857507687,201,13,thymio-01
112,1788308264.578569,10000.0,10000.0,0.0,99.70000000000002,2.531043529510498,0.0963382348418235,-0.1439778357744217,0.1265614032745361,0.6149192452430725,-0.7130750417709351,0.312058538198471,10,1.0,1.0,-1.0,1.0,0,0,0.03,-0.6224886857508513,201,13,thymio-01
113,1788308265.1823273,10000.0,10000.0,0.0,99.70000000000002,2.531043529510498,0.0963382348418235,-0.1439778357744217,0.1265614032745361,0.6149192452430725,-0.7130750417709351,0.312058538198471,10,1.0,1.0,-1.0,1.0,0,0,0.03,-0.6224886857509093,201,13,thymio-01
114,1788308265.786123,10000.0,10000.0,0.0,99.70000000000002,2.531043529510498,0.0963382348418235,-0.1439778357744217,0.1265614032745361,0.6149192452430725,-0.7130750417709351,0.312058538198471,10,1.0,1.0,-1.0,1.0,0,0,0.03,-0.62248868575095,201,13,thymio-01
115,1788308266.389508,10000.0,10000.0,0.0,99.70000000000002,2.531043529510498,0.0963382348418235,-0.1439778357744217,0.1265614032745361,0.6149192452430725,-0.7130750417709351,0.312058538198471,10,1.0,1.0,-1.0,1.0,0,0,0.03,-0.6224886857509785,201,13,thymio-01
116,1788308266.992986,10000.0,10000.0,0.0,99.70000000000002,2.531043529510498,0.0963382348418235,-0.1439778357744217,0.1265614032745361,0.6149192452430725,-0.7130750417709351,0.312058538198471,10,1.0,1.0,-1.0,1.0,0,0,0.03,-0.6224886857509985,201,13,thymio-01
117,1788308267.5963635,10000.0,10000.0,0.0,99.70000000000002,2.531043529510498,0.0963382348418235,-0.1439778357744217,0.1265614032745361,0.6149192452430725,-0.7130750417709351,0.312058538198471,10,1.0,1.0,-1.0,1.0,0,0,0.03,-0.6224886857510123,201,13,thymio-01
118,1788308268.200663,10000.0,10000.0,0.0,99.70000000000002,2.531043529510498,0.0963382348418235,-0.1439778357744217,0.1265614032745361,0.6149192452430725,-0.7130750417709351,0.312058538198471,10,1.0,1.0,-1.0,1.0,0,0,0.03,-0.6224886857510221,201,13,thymio-01
119,1788308268.804215,10000.0,10000.0,0.0,99.70000000000002,2.531043529510498,0.0963382348418235,-0.1439778357744217,0.1265614032745361,0.6149192452430725,-0.7130750417709351,0.312058538198471,10,1.0,1.0,-1.0,1.0,0,0,0.03,-0.6224886857510289,201,13,thymio-01
120,1788308269.407668,10000.0,10000.0,0.0,99.70000000000002,2.531043529510498,0.0963382348418235,-0.1439778357744217,0.1265614032745361,0.6149192452430725,-0.7130750417709351,0.312058538198471,10,1.0,1.0,-1.0,1.0,0,0,0.03,-0.6224886857510337,201,13,thymio-01
121,1788308270.0107896,10000.0,10000.0,0.0,99.70000000000002,2.531043529510498,0.0963382348418235,-0.1439778357744217,0.1265614032745361,0.6149192452430725,-0.7130750417709351,0.312058538198471,10,1.0,1.0,-1.0,1.0,0,0,0.03,-0.6224886857510371,201,13,thymio-01
122,1788308270.6135695,10000.0,10000.0,0.0,99.70000000000002,2.531043529510498,0.0963382348418235,-0.1439778357744217,0.1265614032745361,0.6149192452430725,-0.7130750417709351,0.312058538198471,10,1.0,1.0,-1.0,1.0,0,0,0.03,-0.6224886857510393,201,13,thymio-01
123,1788308271.2171538,10000.0,10000.0,0.0,99.70000000000002,2.531043529510498,0.0963382348418235,-0.1439778357744217,0.1265614032745361,0.6149192452430725,-0.7130750417709351,0.312058538198471,10,1.0,1.0,-1.0,1.0,0,0,0.03,-0.622488685751041,201,13,thymio-01
124,1788308271.820274,10000.0,10000.0,0.0,99.70000000000002,2.531043529510498,0.0963382348418235,-0.1439778357744217,0.1265614032745361,0.6149192452430725,-0.7130750417709351,0.312058538198471,10,1.0,1.0,-1.0,1.0,0,0,0.03,-0.6224886857510421,201,13,thymio-01
125,1788308272.4230735,10000.0,10000.0,0.0,99.70000000000002,2.531043529510498,0.0963382348418235,-0.1439778357744217,0.1265614032745361,0.6149192452430725,-0.7130750417709351,0.312058538198471,10,1.0,1.0,-1.0,1.0,0,0,0.03,-0.6224886857510429,201,13,thymio-01
126,1788308273.0260806,10000.0,10000.0,0.0,99.70000000000002,2.531043529510498,0.0963382348418235,-0.1439778357744217,0.1265614032745361,0.6149192452430725,-0.7130750417709351,0.312058538198471,10,1.0,1.0,-1.0,1.0,0,0,0.03,-0.6224886857510434,201,13,thymio-01
127,1788308273.629445,10000.0,10000.0,0.0,99.70000000000002,2.531043529510498,0.0963382348418235,-0.1439778357744217,0.1265614032745361,0.6149192452430725,-0.7130750417709351,0.312058538198471,10,1.0,1.0,-1.0,1.0,0,0,0.03,-0.6224886857510439,201,13,thymio-01
128,1788308274.2326488,10000.0,10000.0,0.0,99.70000000000002,2.531043529510498,0.0963382348418235,-0.1439778357744217,0.1265614032745361,0.6149192452430725,-0.7130750417709351,0.312058538198471,10,1.0,1.0,-1.0,1.0,0,0,0.03,-0.6224886857510442,201,13,thymio-01
129,1788308274.8357198,10000.0,10000.0,0.0,99.70000000000002,2.531043529510498,0.0963382348418235,-0.1439778357744217,0.1265614032745361,0.6149192452430725,-0.7130750417709351,0.312058538198471,10,1.0,1.0,-1.0,1.0,0,0,0.03,-0.6224886857510443,201,13,thymio-01
130,1788308275.4388998,10000.0,10000.0,0.0,99.70000000000002,2.531043529510498,0.0963382348418235,-0.1439778357744217,0.1265614032745361,0.6149192452430725,-0.7130750417709351,0.312058538198471,10,1.0,1.0,-1.0,1.0,0,0,0.03,-0.6224886857510444,201,13,thymio-01
131,1788308276.042018,10000.0,10000.0,0.0,99.70000000000002,2.531043529510498,0.0963382348418235,-0.1439778357744217,0.1265614032745361,0.6149192452430725,-0.7130750417709351,0.312058538198471,10,1.0,1.0,-1.0,1.0,0,0,0.03,-0.6224886857510445,201,13,thymio-01
132,1788308276.6451457,10000.0,10000.0,0.0,99.70000000000002,2.531043529510498,0.0963382348418235,-0.1439778357744217,0.1265614032745361,0.6149192452430725,-0.7130750417709351,0.312058538198471,10,1.0,1.0,1.0,1.0,0,0,0.03,-0.6245361763257041,201,12,thymio-01
133,1788308277.248215,10000.0,10000.0,0.0,99.70000000000002,2.531043529510498,0.0963382348418235,-0.1439778357744217,0.1265614032745361,0.6149192452430725,-0.7130750417709351,0.312058538198471,10,1.0,1.0,1.0,1.0,0,0,0.03,-0.6261103239387653,201,12,thymio-01
134,1788308277.8514807,10000.0,10000.0,0.0,99.70000000000002,2.531043529510498,0.0963382348418235,-0.1439778357744217,0.1265614032745361,0.6149192452430725,-0.7130750417709351,0.312058538198471,10,1.0,1.0,-1.0,1.0,0,0,0.03,-0.6257033384987709,201,12,thymio-01
135,1788308278.455911,10000.0,10000.0,0.0,99.70000000000002,2.531043529510498,0.0963382348418235,-0.1439778357744217,0.1265614032745361,0.6149192452430725,-0.7130750417709351,0.312058538198471,10,1.0,1.0,-1.0,1.0,0,0,0.03,-0.6237649184457132,201,12,thymio-01
136,1788308279.059264,10000.0,10000.0,0.0,99.70000000000002,2.531043529510498,0.0963382348418235,-0.1439778357744217,0.1265614032745361,0.6149192452430725,-0.7130750417709351,0.312058538198471,10,1.0,1.0,-1.0,1.0,0,0,0.03,-0.622708170156445,201,13,thymio-01
137,1788308279.6630185,10000.0,10000.0,0.0,99.70000000000002,2.531043529510498,0.0963382348418235,-0.1439778357744217,0.1265614032745361,0.6149192452430725,-0.7130750417709351,0.312058538198471,10,1.0,1.0,-1.0,1.0,0,0,0.03,-0.621582700763102,200,13,thymio-01
138,1788308280.2662134,10000.0,10000.0,0.0,99.70000000000002,2.531043529510498,0.0963382348418235,-0.1439778357744217,0.1265614032745361,0.6149192452430725,-0.7130750417709351,0.312058538198471,10,1.0,1.0,-1.0,1.0,0,0,0.03,-0.6213137403897434,200,13,thymio-01
139,1788308280.869278,10000.0,10000.0,0.0,99.70000000000002,2.531043529510498,0.0963382348418235,-0.1439778357744217,0.1265614032745361,0.6149192452430725,-0.7130750417709351,0.312058538198471,10,1.0,1.0,-1.0,1.0,0,0,0.03,-0.6211218249798662,200,13,thymio-01
140,1788308281.4726515,10000.0,10000.0,0.0,99.70000000000002,2.531043529510498,0.0963382348418235,-0.1439778357744217,0.1265614032745361,0.6149192452430725,-0.7130750417709351,0.312058538198471,10,1.0,1.0,-1.0,1.0,0,0,0.03,-0.6213057156904193,200,13,thymio-01
141,1788308282.0757134,10000.0,10000.0,0.0,99.70000000000002,2.531043529510498,0.0963382348418235,-0.1439778357744217,0.1265614032745361,0.6149192452430725,-0.7130750417709351,0.312058538198471,10,1.0,1.0,-1.0,1.0,0,0,0.03,-0.6214789914867749,200,13,thymio-01
142,1788308282.6789043,10000.0,10000.0,0.0,99.70000000000002,2.531043529510498,0.0963382348418235,-0.1439778357744217,0.1265614032745361,0.6149192452430725,-0.7130750417709351,0.312058538198471,10,1.0,1.0,-1.0,1.0,0,0,0.03,-0.6217187920509825,200,13,thymio-01
143,1788308283.2818878,10000.0,10000.0,0.0,99.70000000000002,2.531043529510498,0.0963382348418235,-0.1439778357744217,0.1265614032745361,0.6149192452430725,-0.7130750417709351,0.312058538198471,10,1.0,1.0,-1.0,1.0,0,0,0.03,-0.6218995051810668,201,13,thymio-01
144,1788308283.8852007,10000.0,10000.0,0.0,99.70000000000002,2.531043529510498,0.0963382348418235,-0.1439778357744217,0.1265614032745361,0.6149192452430725,-0.7130750417709351,0.312058538198471,10,1.0,1.0,-1.0,1.0,0,0,0.03,-0.6220617102887858,201,13,thymio-01
145,1788308284.4882178,10000.0,10000.0,0.0,99.70000000000002,2.531043529510498,0.0963382348418235,-0.1439778357744217,0.1265614032745361,0.6149192452430725,-0.7130750417709351,0.312058538198471,10,1.0,1.0,-1.0,1.0,0,0,0.03,-0.622176744633378,201,13,thymio-01
146,1788308285.0912912,10000.0,10000.0,0.0,99.70000000000002,2.531043529510498,0.0963382348418235,-0.1439778357744217,0.1265614032745361,0.6149192452430725,-0.7130750417709351,0.312058538198471,10,1.0,1.0,-1.0,1.0,0,0,0.03,-0.6222677036172096,201,13,thymio-01
147,1788308285.6943305,10000.0,10000.0,0.0,99.70000000000002,2.531043529510498,0.0963382348418235,-0.1439778357744217,0.1265614032745361,0.6149192452430725,-0.7130750417709351,0.312058538198471,10,1.0,1.0,-1.0,1.0,0,0,0.03,-0.622330822942791,201,13,thymio-01
148,1788308286.2973428,10000.0,10000.0,0.0,99.70000000000002,2.531043529510498,0.0963382348418235,-0.1439778357744217,0.1265614032745361,0.6149192452430725,-0.7130750417709351,0.312058538198471,10,1.0,1.0,-1.0,1.0,0,0,0.03,-0.6223780922358422,201,13,thymio-01
149,1788308286.9005826,10000.0,10000.0,0.0,99.70000000000002,2.531043529510498,0.0963382348418235,-0.1439778357744217,0.1265614032745361,0.6149192452430725,-0.7130750417709351,0.312058538198471,10,1.0,1.0,-1.0,1.0,0,0,0.03,-0.6224106240685717,201,13,thymio-01
150,1788308287.503688,10000.0,10000.0,0.0,99.70000000000002,2.531043529510498,0.0963382348418235,-0.1439778357744217,0.1265614032745361,0.6149192452430725,-0.7130750417709351,0.312058538198471,10,1.0,1.0,-1.0,1.0,0,0,0.03,-0.6224343120944859,201,13,thymio-01
151,1788308288.1067586,10000.0,10000.0,0.0,99.70000000000002,2.531043529510498,0.0963382348418235,-0.1439778357744217,0.1265614032745361,0.6149192452430725,-0.7130750417709351,0.312058538198471,10,1.0,1.0,-1.0,1.0,0,0,0.03,-0.6224505691064185,201,13,thymio-01
152,1788308288.7098274,10000.0,10000.0,0.0,99.70000000000002,2.531043529510498,0.0963382348418235,-0.1439778357744217,0.1265614032745361,0.6149192452430725,-0.7130750417709351,0.312058538198471,10,1.0,1.0,-1.0,1.0,0,0,0.03,-0.6224622156488817,201,13,thymio-01
153,1788308289.3133895,10000.0,10000.0,0.0,99.70000000000002,2.531043529510498,0.0963382348418235,-0.1439778357744217,0.1265614032745361,0.6149192452430725,-0.7130750417709351,0.312058538198471,10,1.0,1.0,-1.0,1.0,0,0,0.03,-0.6224702057707908,201,13,thymio-01
154,1788308289.9165976,10000.0,10000.0,0.0,99.70000000000002,2.531043529510498,0.0963382348418235,-0.1439778357744217,0.1265614032745361,0.6149192452430725,-0.7130750417709351,0.312058538198471,10,1.0,1.0,-1.0,1.0,0,0,0.03,-0.6224758722488755,201,13,thymio-01
155,1788308290.5202818,10000.0,10000.0,0.0,99.70000000000002,2.531043529510498,0.0963382348418235,-0.1439778357744217,0.1265614032745361,0.6149192452430725,-0.7130750417709351,0.312058538198471,10,1.0,1.0,-1.0,1.0,0,0,0.03,-0.622479762652483,201,13,thymio-01
156,1788308291.1240847,10000.0,10000.0,0.0,99.70000000000002,2.531043529510498,0.0963382348418235,-0.1439778357744217,0.1265614032745361,0.6149192452430725,-0.7130750417709351,0.312058538198471,10,1.0,1.0,-1.0,1.0,0,0,0.03,-0.6224825034720035,201,13,thymio-01
157,1788308291.7271852,10000.0,10000.0,0.0,99.70000000000002,2.531043529510498,0.0963382348418235,-0.1439778357744217,0.1265614032745361,0.6149192452430725,-0.7130750417709351,0.312058538198471,10,1.0,1.0,-1.0,1.0,0,0,0.03,-0.6224843874481262,201,13,thymio-01
158,1788308292.3300016,10000.0,10000.0,0.0,99.70000000000002,2.531043529510498,0.0963382348418235,-0.1439778357744217,0.1265614032745361,0.6149192452430725,-0.7130750417709351,0.312058538198471,10,1.0,1.0,-1.0,1.0,0,0,0.03,-0.6224857087731618,201,13,thymio-01
159,1788308292.9329998,10000.0,10000.0,0.0,99.70000000000002,2.531043529510498,0.0963382348418235,-0.1439778357744217,0.1265614032745361,0.6149192452430725,-0.7130750417709351,0.312058538198471,10,1.0,1.0,-1.0,1.0,0,0,0.03,-0.622486618172934,201,13,thymio-01
160,1788308293.536655,10000.0,10000.0,0.0,99.70000000000002,2.531043529510498,0.0963382348418235,-0.1439778357744217,0.1265614032745361,0.6149192452430725,-0.7130750417709351,0.312058538198471,10,1.0,1.0,-1.0,1.0,0,0,0.03,-0.6224872539728671,201,13,thymio-01
161,1788308294.1403751,10000.0,10000.0,0.0,99.70000000000002,2.531043529510498,0.0963382348418235,-0.1439778357744217,0.1265614032745361,0.6149192452430725,-0.7130750417709351,0.312058538198471,10,1.0,1.0,-1.0,1.0,0,0,0.03,-0.6224876920773322,201,13,thymio-01
162,1788308294.7436163,10000.0,10000.0,0.0,99.70000000000002,2.531043529510498,0.0963382348418235,-0.1439778357744217,0.1265614032745361,0.6149192452430725,-0.7130750417709351,0.312058538198471,10,1.0,1.0,-1.0,1.0,0,0,0.03,-0.6224879976789808,201,13,thymio-01
163,1788308295.346632,10000.0,10000.0,0.0,99.70000000000002,2.531043529510498,0.0963382348418235,-0.1439778357744217,0.1265614032745361,0.6149192452430725,-0.7130750417709351,0.312058538198471,10,1.0,1.0,-1.0,1.0,0,0,0.03,-0.6224882084714772,201,13,thymio-01
164,1788308295.9498084,10000.0,10000.0,0.0,99.70000000000002,2.531043529510498,0.0963382348418235,-0.1439778357744217,0.1265614032745361,0.6149192452430725,-0.7130750417709351,0.312058538198471,10,1.0,1.0,-1.0,1.0,0,0,0.03,-0.6224883552634792,201,13,thymio-01
165,1788308296.5530722,10000.0,10000.0,0.0,99.70000000000002,2.531043529510498,0.0963382348418235,-0.1439778357744217,0.1265614032745361,0.6149192452430725,-0.7130750417709351,0.312058538198471,10,1.0,1.0,-1.0,1.0,0,0,0.03,-0.6224884566000933,201,13,thymio-01
166,1788308297.155975,10000.0,10000.0,0.0,99.70000000000002,2.531043529510498,0.0963382348418235,-0.1439778357744217,0.1265614032745361,0.6149192452430725,-0.7130750417709351,0.312058538198471,10,1.0,1.0,-1.0,1.0,0,0,0.03,-0.6224885270793167,201,13,thymio-01
167,1788308297.7597454,10000.0,10000.0,0.0,99.70000000000002,2.531043529510498,0.0963382348418235,-0.1439778357744217,0.1265614032745361,0.6149192452430725,-0.7130750417709351,0.312058538198471,10,1.0,1.0,-1.0,1.0,0,0,0.03,-0.6224885757666373,201,13,thymio-01
168,1788308298.364176,10000.0,10000.0,0.0,99.70000000000002,2.531043529510498,0.0963382348418235,-0.1439778357744217,0.1265614032745361,0.6149192452430725,-0.7130750417709351,0.312058538198471,10,1.0,1.0,-1.0,1.0,0,0,0.03,-0.6224886095953197,201,13,thymio-01
169,1788308298.9671087,10000.0,10000.0,0.0,99.70000000000002,2.531043529510498,0.0963382348418235,-0.1439778357744217,0.1265614032745361,0.6149192452430725,-0.7130750417709351,0.312058538198471,10,1.0,1.0,-1.0,1.0,0,0,0.03,-0.6224886329764716,201,13,thymio-01
170,1788308299.5700643,10000.0,10000.0,0.0,99.70000000000002,2.531043529510498,0.0963382348418235,-0.1439778357744217,0.1265614032745361,0.6149192452430725,-0.7130750417709351,0.312058538198471,10,1.0,1.0,-1.0,1.0,0,0,0.03,-0.6224886492096008,201,13,thymio-01
171,1788308300.1730683,10000.0,10000.0,0.0,99.70000000000002,2.531043529510498,0.0963382348418235,-0.1439778357744217,0.1265614032745361,0.6149192452430725,-0.7130750417709351,0.312058538198471,10,1.0,1.0,-1.0,1.0,0,0,0.03,-0.6224886604337878,201,13,thymio-01
172,1788308300.77651,10000.0,10000.0,0.0,99.70000000000002,2.531043529510498,0.0963382348418235,-0.1439778357744217,0.1265614032745361,0.6149192452430725,-0.7130750417709351,0.312058538198471,10,1.0,1.0,-1.0,1.0,0,0,0.03,-0.6224886682218123,201,13,thymio-01
173,1788308301.3797734,10000.0,10000.0,0.0,99.70000000000002,2.531043529510498,0.0963382348418235,-0.1439778357744217,0.1265614032745361,0.6149192452430725,-0.7130750417709351,0.312058538198471,10,1.0,1.0,-1.0,1.0,0,0,0.03,-0.6224886736083245,201,13,thymio-01
174,1788308301.9833212,10000.0,10000.0,0.0,99.70000000000002,2.531043529510498,0.0963382348418235,-0.1439778357744217,0.1265614032745361,0.6149192452430725,-0.7130750417709351,0.312058538198471,10,1.0,1.0,-1.0,1.0,0,0,0.03,-0.622488677343992,201,13,thymio-01
175,1788308302.5868676,10000.0,10000.0,0.0,99.70000000000002,2.531043529510498,0.0963382348418235,-0.1439778357744217,0.1265614032745361,0.6149192452430725,-0.7130750417709351,0.312058538198471,10,1.0,1.0,-1.0,1.0,0,0,0.03,-0.622488679928281,201,13,thymio-01
176,1788308303.1899493,10000.0,10000.0,0.0,99.70000000000002,2.531043529510498,0.0963382348418235,-0.1439778357744217,0.1265614032745361,0.6149192452430725,-0.7130750417709351,0.312058538198471,10,1.0,1.0,-1.0,1.0,0,0,0.03,-0.6224886817198343,201,13,thymio-01
177,1788308303.79421,10000.0,10000.0,0.0,99.70000000000002,2.531043529510498,0.0963382348418235,-0.1439778357744217,0.1265614032745361,0.6149192452430725,-0.7130750417709351,0.312058538198471,10,1.0,1.0,-1.0,1.0,0,0,0.03,-0.6224886829593939,201,13,thymio-01
178,1788308304.397413,2.6619253158569336,-1.2271604537963867,0.6255876803294051,99.70000000000002,2.6619253158569336,0.06926741451025,-1.2271604537963867,-0.4503681659698486,-0.7361333966255188,-0.4363552033901214,0.2546967267990112,10,-0.4352363017825796,1.0,1.0,1.0,0,0,0.1585707560601949,-0.6122557483992889,500,471,thymio-01
179,1788308305.0055163,2.6619253158569336,-1.2271604537963867,0.6255876803294051,99.60000000000002,2.6619253158569336,0.06926741451025,-1.2271604537963867,-0.4503681659698486,-0.7361333966255188,-0.4363552033901214,0.2546967267990112,10,-0.4352363017825796,1.0,1.0,1.0,0,0,0.1732266334098775,-0.60651699167031,500,500,thymio-01
180,1788308305.613094,2.6438562870025635,-1.228886961936951,1.9581739136718916,99.50000000000004,2.6438562870025635,0.0695980414748191,-1.228886961936951,0.0376903228461742,0.5349977612495422,-0.7704623341560364,0.3445932865142822,10,-0.1397444590148497,1.0,-0.4333893969729468,1.0,0,0,0.1749214851278759,-0.6117827635849404,500,500,thymio-01
181,1788308306.222541,2.6438562870025635,-1.228886961936951,1.9581739136718916,99.40000000000003,2.6438562870025635,0.0695980414748191,-1.228886961936951,0.0376903228461742,0.5349977612495422,-0.7704623341560364,0.3445932865142822,10,-0.1537328670225752,1.0,-0.4021194839872155,1.0,0,0,0.1779423171866382,-0.6072166293816147,500,500,thymio-01
182,1788308306.8258016,10000.0,10000.0,0.0,99.40000000000003,2.6438562870025635,0.0695980414748191,-1.228886961936951,0.0376903228461742,0.5349977612495422,-0.7704623341560364,0.3445932865142822,10,1.0,1.0,-1.0,1.0,0,0,0.03,-0.6096485658958761,199,15,thymio-01
183,1788308307.4291666,10000.0,10000.0,0.0,99.40000000000003,2.6438562870025635,0.0695980414748191,-1.228886961936951,0.0376903228461742,0.5349977612495422,-0.7704623341560364,0.3445932865142822,10,1.0,1.0,-1.0,1.0,0,0,0.03,-0.6144606151293203,199,14,thymio-01
184,1788308308.0325353,10000.0,10000.0,0.0,99.40000000000003,2.6438562870025635,0.0695980414748191,-1.228886961936951,0.0376903228461742,0.5349977612495422,-0.7704623341560364,0.3445932865142822,10,1.0,1.0,-1.0,1.0,0,0,0.03,-0.6156476911516406,200,14,thymio-01
185,1788308308.636402,10000.0,10000.0,0.0,99.40000000000003,2.6438562870025635,0.0695980414748191,-1.228886961936951,0.0376903228461742,0.5349977612495422,-0.7704623341560364,0.3445932865142822,10,1.0,1.0,-1.0,1.0,0,0,0.03,-0.6179054225249602,200,13,thymio-01
186,1788308309.2403867,10000.0,10000.0,0.0,99.40000000000003,2.6438562870025635,0.0695980414748191,-1.228886961936951,0.0376903228461742,0.5349977612495422,-0.7704623341560364,0.3445932865142822,10,1.0,1.0,-1.0,1.0,0,0,0.03,-0.6190509358901022,200,13,thymio-01
187,1788308309.8439958,10000.0,10000.0,0.0,99.40000000000003,2.6438562870025635,0.0695980414748191,-1.228886961936951,0.0376903228461742,0.5349977612495422,-0.7704623341560364,0.3445932865142822,10,1.0,1.0,-1.0,1.0,0,0,0.03,-0.6201339156648559,200,13,thymio-01
188,1788308310.4469953,10000.0,10000.0,0.0,99.40000000000003,2.6438562870025635,0.0695980414748191,-1.228886961936951,0.0376903228461742,0.5349977612495422,-0.7704623341560364,0.3445932865142822,10,1.0,1.0,-1.0,1.0,0,0,0.03,-0.6207813302856451,200,13,thymio-01
189,1788308311.0502765,10000.0,10000.0,0.0,99.40000000000003,2.6438562870025635,0.0695980414748191,-1.228886961936951,0.0376903228461742,0.5349977612495422,-0.7704623341560364,0.3445932865142822,10,1.0,1.0,-1.0,1.0,0,0,0.03,-0.6213033312118226,200,13,thymio-01
190,1788308311.6536348,10000.0,10000.0,0.0,99.40000000000003,2.6438562870025635,0.0695980414748191,-1.228886961936951,0.0376903228461742,0.5349977612495422,-0.7704623341560364,0.3445932865142822,10,1.0,1.0,-1.0,1.0,0,0,0.03,-0.6216338300803649,200,13,thymio-01
191,1788308312.257314,10000.0,10000.0,0.0,99.40000000000003,2.6438562870025635,0.0695980414748191,-1.228886961936951,0.0376903228461742,0.5349977612495422,-0.7704623341560364,0.3445932865142822,10,1.0,1.0,-1.0,1.0,0,0,0.03,-0.621883730930903,201,13,thymio-01
192,1788308312.8604095,10000.0,10000.0,0.0,99.40000000000003,2.6438562870025635,0.0695980414748191,-1.228886961936951,0.0376903228461742,0.5349977612495422,-0.7704623341560364,0.3445932865142822,10,1.0,1.0,-1.0,1.0,0,0,0.03,-0.6220463606907544,201,13,thymio-01
193,1788308313.463873,10000.0,10000.0,0.0,99.40000000000003,2.6438562870025635,0.0695980414748191,-1.228886961936951,0.0376903228461742,0.5349977612495422,-0.7704623341560364,0.3445932865142822,10,1.0,1.0,-1.0,1.0,0,0,0.03,-0.622165607107863,201,13,thymio-01
194,1788308314.066865,10000.0,10000.0,0.0,99.40000000000003,2.6438562870025635,0.0695980414748191,-1.228886961936951,0.0376903228461742,0.5349977612495422,-0.7704623341560364,0.3445932865142822,10,1.0,1.0,-1.0,1.0,0,0,0.03,-0.6222444327090926,201,13,thymio-01
195,1788308314.6701236,10000.0,10000.0,0.0,99.40000000000003,2.6438562870025635,0.0695980414748191,-1.228886961936951,0.0376903228461742,0.5349977612495422,-0.7704623341560364,0.3445932865142822,10,1.0,1.0,-1.0,1.0,0,0,0.03,-0.6223012124672894,201,13,thymio-01
196,1788308315.2739716,10000.0,10000.0,0.0,99.40000000000003,2.6438562870025635,0.0695980414748191,-1.228886961936951,0.0376903228461742,0.5349977612495422,-0.7704623341560364,0.3445932865142822,10,1.0,1.0,-1.0,1.0,0,0,0.03,-0.6223391162725674,201,13,thymio-01
197,1788308315.8770466,10000.0,10000.0,0.0,99.40000000000003,2.6438562870025635,0.0695980414748191,-1.228886961936951,0.0376903228461742,0.5349977612495422,-0.7704623341560364,0.3445932865142822,10,1.0,1.0,-1.0,1.0,0,0,0.03,-0.6223661007413288,201,13,thymio-01
1,1788308197.5597334,10000.0,10000.0,0.0,100.0,1.666672706604004,0.093074083328247,1.006581425666809,0.3262202143669128,-0.4654853343963623,-0.5646387338638306,-0.5984036922454834,10,1.0,1.0,-1.0,1.0,0,0,-0.03,-0.6266101350349275,-12,-201,thymio-07
2,1788308198.1630294,3.0374019145965576,0.1870841681957245,-2.20179800515638,100.0,3.0374019145965576,0.0760848522186279,0.1870841681957245,-0.6164256930351257,-0.0163481831550598,0.2309727668762207,0.7525980472564697,10,1.0,1.0,-0.6443582213125172,1.0,0,0,-0.1216520962237465,-0.4241219606033127,-368,-496,thymio-07
3,1788308198.7725542,3.0374019145965576,0.1870841681957245,-2.20179800515638,99.9,3.0374019145965576,0.0760848522186279,0.1870841681957245,-0.6164256930351257,-0.0163481831550598,0.2309727668762207,0.7525980472564697,10,1.0,1.0,-0.6443582213125172,1.0,0,0,-0.1380515069593982,-0.2194517586929373,-457,-500,thymio-07
4,1788308199.376031,10000.0,10000.0,0.0,99.9,3.0374019145965576,0.0760848522186279,0.1870841681957245,-0.6164256930351257,-0.0163481831550598,0.2309727668762207,0.7525980472564697,10,1.0,1.0,-1.0,1.0,0,0,-0.03,-0.0500580725073186,-99,-114,thymio-07
5,1788308199.979402,10000.0,10000.0,0.0,99.9,3.0374019145965576,0.0760848522186279,0.1870841681957245,-0.6164256930351257,-0.0163481831550598,0.2309727668762207,0.7525980472564697,10,1.0,1.0,-1.0,1.0,0,0,-0.03,-0.0103127856889835,-105,-108,thymio-07
6,1788308200.5829785,10000.0,10000.0,0.0,99.9,3.0374019145965576,0.0760848522186279,0.1870841681957245,-0.6164256930351257,-0.0163481831550598,0.2309727668762207,0.7525980472564697,10,1.0,1.0,-1.0,1.0,0,0,-0.03,0.0648052934997591,-116,-97,thymio-07
7,1788308201.1865923,10000.0,10000.0,0.0,99.9,3.0374019145965576,0.0760848522186279,0.1870841681957245,-0.6164256930351257,-0.0163481831550598,0.2309727668762207,0.7525980472564697,10,1.0,1.0,-1.0,1.0,0,0,-0.03,0.2058206733895619,-138,-76,thymio-07
8,1788308201.7913136,3.0389404296875,0.2055079489946365,-2.2141925230745407,99.9,3.0389404296875,0.0763594210147857,0.2055079489946365,-0.6431251764297485,-0.1456386148929596,0.1223271116614341,0.7417651414871216,10,1.0,1.0,-0.6334863744852034,1.0,0,0,-0.1065012412985152,0.549745910358211,-461,-295,thymio-07
9,1788308202.400318,3.0389404296875,0.2055079489946365,-2.2141925230745407,99.8,3.0389404296875,0.0763594210147857,0.2055079489946365,-0.6431251764297485,-0.1456386148929596,0.1223271116614341,0.7417651414871216,10,1.0,1.0,-0.6334863744852034,1.0,0,0,-0.141063209282981,0.5880072281038758,-500,-412,thymio-07
10,1788308203.0037014,10000.0,10000.0,0.0,99.8,3.0389404296875,0.0763594210147857,0.2055079489946365,-0.6431251764297485,-0.1456386148929596,0.1223271116614341,0.7417651414871216,10,1.0,1.0,-1.0,1.0,0,0,-0.03,0.4175601198879678,-170,-44,thymio-07
11,1788308203.6068218,10000.0,10000.0,0.0,99.8,3.0389404296875,0.0763594210147857,0.2055079489946365,-0.6431251764297485,-0.1456386148929596,0.1223271116614341,0.7417651414871216,10,1.0,1.0,-1.0,1.0,0,0,-0.03,0.4112836710848435,-169,-44,thymio-07
12,1788308204.210212,10000.0,10000.0,0.0,99.8,3.0389404296875,0.0763594210147857,0.2055079489946365,-0.6431251764297485,-0.1456386148929596,0.1223271116614341,0.7417651414871216,10,1.0,1.0,-1.0,1.0,0,0,-0.03,0.4390104966418446,-173,-40,thymio-07
13,1788308204.8134608,10000.0,10000.0,0.0,99.8,3.0389404296875,0.0763594210147857,0.2055079489946365,-0.6431251764297485,-0.1456386148929596,0.1223271116614341,0.7417651414871216,10,1.0,1.0,-1.0,1.0,0,0,-0.03,0.4383406934892078,-173,-40,thymio-07
14,1788308205.4180028,2.8446261882781982,0.4423427283763885,-2.2110231246822205,99.8,2.8446261882781982,0.0792525857686996,0.4423427283763885,-0.6365719437599182,-0.1439510285854339,0.1261995881795883,0.7470796704292297,10,1.0,1.0,-0.538353670967928,1.0,0,0,-0.1794655381072321,0.5325309802038327,-500,-500,thymio-07
15,1788308206.026044,2.8446261882781982,0.4423427283763885,-2.2110231246822205,99.70000000000002,2.8446261882781982,0.0792525857686996,0.4423427283763885,-0.6365719437599182,-0.1439510285854339,0.1261995881795883,0.7470796704292297,10,1.0,1.0,-0.538353670967928,1.0,0,0,-0.1976398267275669,0.1644129309732521,-500,-500,thymio-07
16,1788308206.6306355,10000.0,10000.0,0.0,99.70000000000002,2.8446261882781982,0.0792525857686996,0.4423427283763885,-0.6365719437599182,-0.1439510285854339,0.1261995881795883,0.7470796704292297,10,1.0,1.0,-1.0,1.0,0,0,-0.03,-0.2118480299902539,-75,-139,thymio-07
17,1788308207.233865,2.818378448486328,0.6518065929412842,-1.77871286954286,99.70000000000002,2.818378448486328,0.0807913467288017,0.6518065929412842,-0.4461590647697449,0.3223249316215515,0.4736470580101013,0.6875370740890503,10,1.0,1.0,-0.3661524413644046,1.0,0,0,-0.1913039907846084,-0.128840933580223,-500,-500,thymio-07
18,1788308207.842306,2.818378448486328,0.6518065929412842,-1.77871286954286,99.60000000000002,2.818378448486328,0.0807913467288017,0.6518065929412842,-0.4461590647697449,0.3223249316215515,0.4736470580101013,0.6875370740890503,10,1.0,1.0,-0.3661524413644046,1.0,0,0,-0.1937580056539831,-0.1622218531561325,-500,-500,thymio-07
19,1788308208.4456518,10000.0,10000.0,0.0,99.60000000000002,2.818378448486328,0.0807913467288017,0.6518065929412842,-0.4461590647697449,0.3223249316215515,0.4736470580101013,0.6875370740890503,10,1.0,1.0,-1.0,1.0,0,0,-0.03,-0.2060496004803405,-75,-138,thymio-07
20,1788308209.0492022,10000.0,10000.0,0.0,99.60000000000002,2.818378448486328,0.0807913467288017,0.6518065929412842,-0.4461590647697449,0.3223249316215515,0.4736470580101013,0.6875370740890503,10,1.0,1.0,-1.0,1.0,0,0,-0.03,-0.1983229599438712,-77,-137,thymio-07
21,1788308209.652938,10000.0,10000.0,0.0,99.60000000000002,2.818378448486328,0.0807913467288017,0.6518065929412842,-0.4461590647697449,0.3223249316215515,0.4736470580101013,0.6875370740890503,10,1.0,1.0,-1.0,1.0,0,0,-0.03,-0.2340724002071706,-71,-142,thymio-07
22,1788308210.256311,10000.0,10000.0,0.0,99.60000000000002,2.818378448486328,0.0807913467288017,0.6518065929412842,-0.4461590647697449,0.3223249316215515,0.4736470580101013,0.6875370740890503,10,1.0,1.0,-1.0,1.0,0,0,-0.03,-0.3095860702879759,-60,-153,thymio-07
23,1788308210.859494,10000.0,10000.0,0.0,99.60000000000002,2.818378448486328,0.0807913467288017,0.6518065929412842,-0.4461590647697449,0.3223249316215515,0.4736470580101013,0.6875370740890503,10,1.0,1.0,-1.0,1.0,0,0,-0.03,-0.3867182553434807,-48,-165,thymio-07
24,1788308211.4640555,2.9802091121673584,0.8184506893157959,-1.8414267252342784,99.60000000000002,2.9802091121673584,0.0816420540213584,0.8184506893157959,-0.4604681432247162,0.3184407651424408,0.4634059965610504,0.6868912577629089,10,1.0,1.0,-0.3001667520394674,1.0,0,0,-0.166524886137715,-0.4565642684664328,-500,-500,thymio-07
25,1788308212.0719304,2.9802091121673584,0.8184506893157959,-1.8414267252342784,99.50000000000004,2.9802091121673584,0.0816420540213584,0.8184506893157959,-0.4604681432247162,0.3184407651424408,0.4634059965610504,0.6868912577629089,10,1.0,1.0,-0.3001667520394674,1.0,0,0,-0.1927738642686429,-0.3674102374300966,-500,-500,thymio-07
26,1788308212.6758275,10000.0,10000.0,0.0,99.50000000000004,2.9802091121673584,0.0816420540213584,0.8184506893157959,-0.4604681432247162,0.3184407651424408,0.4634059965610504,0.6868912577629089,10,1.0,1.0,-1.0,1.0,0,0,-0.03,-0.2895872651921702,-63,-150,thymio-07
27,1788308213.2790186,10000.0,10000.0,0.0,99.50000000000004,2.9802091121673584,0.0816420540213584,0.8184506893157959,-0.4604681432247162,0.3184407651424408,0.4634059965610504,0.6868912577629089,10,1.0,1.0,-1.0,1.0,0,0,-0.03,-0.2771202130454943,-65,-148,thymio-07
28,1788308213.882208,3.1118829250335693,1.0244001150131226,-2.204180924193404,99.50000000000004,3.1118829250335693,0.082096941769123,1.0244001150131226,-0.6144316792488098,0.0020057866349816,0.2421645224094391,0.7508835196495056,10,1.0,1.0,-0.032217008265627,1.0,0,0,-0.1295707215649332,-0.3445699350848617,-408,-500,thymio-07
29,1788308214.49097,3.1118829250335693,1.0244001150131226,-2.204180924193404,99.40000000000003,3.1118829250335693,0.082096941769123,1.0244001150131226,-0.6144316792488098,0.0020057866349816,0.2421645224094391,0.7508835196495056,10,1.0,1.0,-0.032217008265627,1.0,0,0,-0.1488094793777542,-0.2233867478078513,-495,-500,thymio-07
30,1788308215.0944405,10000.0,10000.0,0.0,99.40000000000003,3.1118829250335693,0.082096941769123,1.0244001150131226,-0.6144316792488098,0.0020057866349816,0.2421645224094391,0.7508835196495056,10,1.0,1.0,-1.0,1.0,0,0,-0.03,-0.2522999919119946,-68,-145,thymio-07
31,1788308215.697993,10000.0,10000.0,0.0,99.40000000000003,3.1118829250335693,0.082096941769123,1.0244001150131226,-0.6144316792488098,0.0020057866349816,0.2421645224094391,0.7508835196495056,10,1.0,1.0,-1.0,1.0,0,0,-0.03,-0.217217511322676,-74,-139,thymio-07
32,1788308216.301715,10000.0,10000.0,0.0,99.40000000000003,3.1118829250335693,0.082096941769123,1.0244001150131226,-0.6144316792488098,0.0020057866349816,0.2421645224094391,0.7508835196495056,10,1.0,1.0,-1.0,1.0,0,0,-0.03,-0.2364733153257475,-71,-142,thymio-07
33,1788308216.9050615,10000.0,10000.0,0.0,99.40000000000003,3.1118829250335693,0.082096941769123,1.0244001150131226,-0.6144316792488098,0.0020057866349816,0.2421645224094391,0.7508835196495056,10,1.0,1.0,-1.0,1.0,0,0,-0.03,-0.307469468632863,-60,-153,thymio-07
34,1788308217.5088303,3.0535576343536377,1.2976285219192505,-2.2171707912796306,99.40000000000003,3.0535576343536377,0.0847837179899215,1.2976285219192505,-0.6456307768821716,-0.1460139453411102,0.1199078634381294,0.739907443523407,10,1.0,1.0,0.1356415992084014,1.0,0,0,-0.0289111264734019,-0.4549752323412497,-34,-171,thymio-07
35,1788308218.1166935,3.0535576343536377,1.2976285219192505,-2.2171707912796306,99.30000000000004,3.0535576343536377,0.0847837179899215,1.2976285219192505,-0.6456307768821716,-0.1460139453411102,0.1199078634381294,0.739907443523407,10,1.0,1.0,0.1356415992084014,1.0,0,0,-0.04073835161153,-0.2483053929402207,-107,-182,thymio-07
36,1788308218.7202086,10000.0,10000.0,0.0,99.30000000000004,3.0535576343536377,0.0847837179899215,1.2976285219192505,-0.6456307768821716,-0.1460139453411102,0.1199078634381294,0.739907443523407,10,1.0,1.0,-1.0,1.0,0,0,-0.03,-0.271858944554795,-66,-148,thymio-07
37,1788308219.3236532,10000.0,10000.0,0.0,99.30000000000004,3.0535576343536377,0.0847837179899215,1.2976285219192505,-0.6456307768821716,-0.1460139453411102,0.1199078634381294,0.739907443523407,10,1.0,1.0,-1.0,1.0,1787,0,-0.03,-0.233620204909636,-71,-142,thymio-07
38,1788308219.9266512,10000.0,10000.0,0.0,99.30000000000004,3.0535576343536377,0.0847837179899215,1.2976285219192505,-0.6456307768821716,-0.1460139453411102,0.1199078634381294,0.739907443523407,10,1.0,1.0,-1.0,1.0,2104,0,-0.08,-0.2526757035584243,-246,-322,thymio-07
39,1788308220.530006,10000.0,10000.0,0.0,99.30000000000004,3.0535576343536377,0.0847837179899215,1.2976285219192505,-0.6456307768821716,-0.1460139453411102,0.1199078634381294,0.739907443523407,10,1.0,1.0,-1.0,1.0,1836,0,-0.03,-0.3285323143297945,-57,-156,thymio-07
40,1788308221.1330404,10000.0,10000.0,0.0,99.30000000000004,3.0535576343536377,0.0847837179899215,1.2976285219192505,-0.6456307768821716,-0.1460139453411102,0.1199078634381294,0.739907443523407,10,1.0,1.0,-1.0,1.0,1731,0,-0.03,-0.4335364904028159,-41,-172,thymio-07
41,1788308221.736716,2.9568448066711426,1.443954586982727,-2.057561180815561,99.30000000000004,2.9568448066711426,0.0867218822240829,1.443954586982727,-0.6338187456130981,-0.4090749323368072,-0.1061980053782463,0.6478066444396973,10,1.0,1.0,0.0875112152353339,1.0,1654,0,-0.0,-0.5554591711876417,84,-84,thymio-07
42,1788308222.345516,2.9568448066711426,1.443954586982727,-2.057561180815561,99.20000000000005,2.9568448066711426,0.0867218822240829,1.443954586982727,-0.6338187456130981,-0.4090749323368072,-0.1061980053782463,0.6478066444396973,10,1.0,1.0,0.0875112152353339,1.0,1837,0,-0.0,-0.3475753419123298,52,-52,thymio-07
43,1788308222.9488678,10000.0,10000.0,0.0,99.20000000000005,2.9568448066711426,0.0867218822240829,1.443954586982727,-0.6338187456130981,-0.4090749323368072,-0.1061980053782463,0.6478066444396973,10,1.0,1.0,-1.0,1.0,1927,0,-0.03,-0.2900035584460621,-63,-150,thymio-07
44,1788308223.5524423,2.777085065841675,1.4084222316741943,-0.0702349914630082,99.20000000000005,2.777085065841675,0.0877573639154434,1.4084222316741943,-0.4167874455451965,-0.7348024249076843,-0.4792686700820923,0.238023430109024,10,1.0,-0.2450156826034756,1.0,1.0,1590,0,-0.0,-0.3785206006043949,57,-57,thymio-07
45,1788308224.1612322,2.777085065841675,1.4084222316741943,-0.0702349914630082,99.10000000000004,2.777085065841675,0.0877573639154434,1.4084222316741943,-0.4167874455451965,-0.7348024249076843,-0.4792686700820923,0.238023430109024,10,1.0,-0.2450156826034756,1.0,1.0,0,0,-0.0,-0.3809130804351466,58,-58,thymio-07
46,1788308224.764552,10000.0,10000.0,0.0,99.10000000000004,2.777085065841675,0.0877573639154434,1.4084222316741943,-0.4167874455451965,-0.7348024249076843,-0.4792686700820923,0.238023430109024,10,1.0,1.0,-1.0,1.0,0,0,-0.03,-0.4273873641731738,-42,-171,thymio-07
47,1788308225.3681571,2.765407085418701,1.3881434202194214,0.1637822514056393,99.10000000000004,2.765407085418701,0.087102971971035,1.3881434202194214,-0.1814938932657241,-0.7662646770477295,-0.6113751530647278,-0.0782237499952316,10,1.0,-0.3714405655203832,1.0,1.0,0,0,-0.0035853979909091,-0.5895214028195455,76,-102,thymio-07
48,1788308225.976505,2.765407085418701,1.3881434202194214,0.1637822514056393,99.00000000000006,2.765407085418701,0.087102971971035,1.3881434202194214,-0.1814938932657241,-0.7662646770477295,-0.6113751530647278,-0.0782237499952316,10,1.0,-0.3714405655203832,1.0,1.0,0,0,-0.0028599706023465,-0.5930370886605422,79,-100,thymio-07
49,1788308226.5801384,10000.0,10000.0,0.0,99.00000000000006,2.765407085418701,0.087102971971035,1.3881434202194214,-0.1814938932657241,-0.7662646770477295,-0.6113751530647278,-0.0782237499952316,10,1.0,1.0,-1.0,1.0,0,0,-0.03,-0.6001332254766872,-16,-197,thymio-07
50,1788308227.1841114,2.772802352905273,1.3584566116333008,0.0346445242370974,99.00000000000006,2.772802352905273,0.0875978246331214,1.3584566116333008,0.1274051666259765,-0.6570558547973633,-0.6129143238067627,-0.4199780821800232,10,1.0,0.0937327535938798,1.0,-0.4689260682320916,0,0,-0.0136234090240222,-0.5873341733459956,40,-137,thymio-07
51,1788308227.7927709,2.772802352905273,1.3584566116333008,0.0346445242370974,98.90000000000006,2.772802352905273,0.0875978246331214,1.3584566116333008,0.1274051666259765,-0.6570558547973633,-0.6129143238067627,-0.4199780821800232,10,1.0,0.0937327535938798,1.0,-0.4689260682320916,0,0,-0.0140981323927542,-0.499152002142379,25,-125,thymio-07
52,1788308228.3966494,10000.0,10000.0,0.0,98.90000000000006,2.772802352905273,0.0875978246331214,1.3584566116333008,0.1274051666259765,-0.6570558547973633,-0.6129143238067627,-0.4199780821800232,10,1.0,1.0,-1.0,1.0,0,0,-0.03,-0.4061067579058808,-45,-168,thymio-07
53,1788308229.0006208,2.8040812015533447,1.3520231246948242,-1.7638533846381947,98.90000000000006,2.8040812015533447,0.0872598141431808,1.3520231246948242,0.4457116425037384,-0.3293119072914123,-0.4772006869316101,-0.6820369362831116,10,1.0,-0.4435095355831349,0.0280697218758334,1.0,0,0,-0.0093932744220151,-0.5454730099212176,49,-116,thymio-07
54,1788308229.6090562,2.8040812015533447,1.3520231246948242,-1.7638533846381947,98.80000000000008,2.8040812015533447,0.0872598141431808,1.3520231246948242,0.4457116425037384,-0.3293119072914123,-0.4772006869316101,-0.6820369362831116,10,1.0,-0.4435095355831349,0.0280697218758334,1.0,0,0,-0.0077174467110709,-0.5950439746688969,62,-117,thymio-07
55,1788308230.2129967,10000.0,10000.0,0.0,98.80000000000008,2.8040812015533447,0.0872598141431808,1.3520231246948242,0.4457116425037384,-0.3293119072914123,-0.4772006869316101,-0.6820369362831116,10,1.0,1.0,-1.0,1.0,0,0,-0.03,-0.5388023469970349,-25,-188,thymio-07
56,1788308230.8162658,10000.0,10000.0,0.0,98.80000000000008,2.8040812015533447,0.0872598141431808,1.3520231246948242,0.4457116425037384,-0.3293119072914123,-0.4772006869316101,-0.6820369362831116,10,1.0,1.0,-1.0,1.0,0,0,0.03,-0.6186744300208372,200,13,thymio-07
57,1788308231.4198909,10000.0,10000.0,0.0,98.80000000000008,2.8040812015533447,0.0872598141431808,1.3520231246948242,0.4457116425037384,-0.3293119072914123,-0.4772006869316101,-0.6820369362831116,10,1.0,1.0,-1.0,1.0,0,0,-0.0202555922863515,-0.6200987112521807,22,-166,thymio-07
58,1788308232.0240624,10000.0,10000.0,0.0,98.80000000000008,2.8040812015533447,0.0872598141431808,1.3520231246948242,0.4457116425037384,-0.3293119072914123,-0.4772006869316101,-0.6820369362831116,10,1.0,1.0,-1.0,1.0,0,0,-0.000179555328883,-0.6157997115877927,92,-94,thymio-07
59,1788308232.6276617,10000.0,10000.0,0.0,98.80000000000008,2.8040812015533447,0.0872598141431808,1.3520231246948242,0.4457116425037384,-0.3293119072914123,-0.4772006869316101,-0.6820369362831116,10,1.0,1.0,-1.0,1.0,1907,0,-0.03,-0.5841824365414069,-18,-195,thymio-07
60,1788308233.231629,2.8275437355041504,1.3756773471832275,-2.193451413082609,98.80000000000008,2.8275437355041504,0.0876183211803436,1.3756773471832275,0.6000503301620483,-0.029404766857624,-0.2635147273540497,-0.7547416090965271,10,1.0,1.0,-0.387767846135565,1.0,2026,0,-0.08,-0.6044088214538289,-193,-376,thymio-07
61,1788308233.8406243,2.8275437355041504,1.3756773471832275,-2.193451413082609,98.70000000000007,2.8275437355041504,0.0876183211803436,1.3756773471832275,0.6000503301620483,-0.029404766857624,-0.2635147273540497,-0.7547416090965271,10,1.0,1.0,-0.387767846135565,1.0,0,0,-0.0091346598666785,-0.5234229320722212,47,-111,thymio-07
62,1788308234.4438362,10000.0,10000.0,0.0,98.70000000000007,2.8275437355041504,0.0876183211803436,1.3756773471832275,0.6000503301620483,-0.029404766857624,-0.2635147273540497,-0.7547416090965271,10,1.0,1.0,-1.0,1.0,0,0,-0.03,-0.3966897739212722,-47,-166,thymio-07
63,1788308235.0470665,10000.0,10000.0,0.0,98.70000000000007,2.8275437355041504,0.0876183211803436,1.3756773471832275,0.6000503301620483,-0.029404766857624,-0.2635147273540497,-0.7547416090965271,10,1.0,1.0,-1.0,1.0,0,0,-0.03,-0.3966130153008699,-47,-166,thymio-07
64,1788308235.650468,10000.0,10000.0,0.0,98.70000000000007,2.8275437355041504,0.0876183211803436,1.3756773471832275,0.6000503301620483,-0.029404766857624,-0.2635147273540497,-0.7547416090965271,10,1.0,1.0,-1.0,1.0,0,0,-0.03,-0.4455481059229498,-39,-174,thymio-07
65,1788308236.2536054,10000.0,10000.0,0.0,98.70000000000007,2.8275437355041504,0.0876183211803436,1.3756773471832275,0.6000503301620483,-0.029404766857624,-0.2635147273540497,-0.7547416090965271,10,1.0,1.0,-1.0,1.0,0,0,-0.03,-0.5078029856999572,-30,-183,thymio-07
66,1788308236.8567889,10000.0,10000.0,0.0,98.70000000000007,2.8275437355041504,0.0876183211803436,1.3756773471832275,0.6000503301620483,-0.029404766857624,-0.2635147273540497,-0.7547416090965271,10,1.0,1.0,-1.0,1.0,0,0,-0.03,-0.5327279568235584,-26,-187,thymio-07
67,1788308237.460719,10000.0,10000.0,0.0,98.70000000000007,2.8275437355041504,0.0876183211803436,1.3756773471832275,0.6000503301620483,-0.029404766857624,-0.2635147273540497,-0.7547416090965271,10,1.0,1.0,-1.0,1.0,0,0,-0.03,-0.5129485210318416,-29,-184,thymio-07
68,1788308238.063947,10000.0,10000.0,0.0,98.70000000000007,2.8275437355041504,0.0876183211803436,1.3756773471832275,0.6000503301620483,-0.029404766857624,-0.2635147273540497,-0.7547416090965271,10,1.0,1.0,-1.0,1.0,0,0,-0.03,-0.4523176624686519,-38,-175,thymio-07
69,1788308238.6672604,2.794182062149048,1.3915613889694214,0.104133726201657,98.70000000000007,2.794182062149048,0.0868436843156814,1.3915613889694214,0.2977670729160309,0.7751016020774841,0.5532856583595276,-0.0665383413434028,10,1.0,-0.2201106981034108,1.0,-0.3835464800174842,0,0,-0.0028523968532604,-0.4494008236763381,58,-78,thymio-07
70,1788308239.276269,2.794182062149048,1.3915613889694214,0.104133726201657,98.60000000000008,2.794182062149048,0.0868436843156814,1.3915613889694214,0.2977670729160309,0.7751016020774841,0.5532856583595276,-0.0665383413434028,10,1.0,-0.2201106981034108,1.0,-0.3835464800174842,0,0,-0.002644966288393,-0.3686138873976684,46,-65,thymio-07
71,1788308239.8807468,10000.0,10000.0,0.0,98.60000000000008,2.794182062149048,0.0868436843156814,1.3915613889694214,0.2977670729160309,0.7751016020774841,0.5532856583595276,-0.0665383413434028,10,1.0,1.0,-1.0,1.0,0,0,-0.03,-0.4750497415039408,-35,-178,thymio-07
72,1788308240.48436,10000.0,10000.0,0.0,98.60000000000008,2.794182062149048,0.0868436843156814,1.3915613889694214,0.2977670729160309,0.7751016020774841,0.5532856583595276,-0.0665383413434028,10,1.0,1.0,-1.0,1.0,0,0,-0.0224030187229558,-0.5549715429916695,4,-163,thymio-07
73,1788308241.0876002,10000.0,10000.0,0.0,98.60000000000008,2.794182062149048,0.0868436843156814,1.3915613889694214,0.2977670729160309,0.7751016020774841,0.5532856583595276,-0.0665383413434028,10,1.0,1.0,-1.0,1.0,0,0,0.03,-0.611460254405995,199,14,thymio-07
74,1788308241.6914196,10000.0,10000.0,0.0,98.60000000000008,2.794182062149048,0.0868436843156814,1.3915613889694214,0.2977670729160309,0.7751016020774841,0.5532856583595276,-0.0665383413434028,10,1.0,1.0,-1.0,1.0,0,0,0.0007549468812506,-0.6125483536649023,95,-90,thymio-07
75,1788308242.294805,10000.0,10000.0,0.0,98.60000000000008,2.794182062149048,0.0868436843156814,1.3915613889694214,0.2977670729160309,0.7751016020774841,0.5532856583595276,-0.0665383413434028,10,1.0,1.0,-1.0,1.0,0,0,0.0158018434317231,-0.6128362703228196,149,-36,thymio-07
76,1788308242.8981922,10000.0,10000.0,0.0,98.60000000000008,2.794182062149048,0.0868436843156814,1.3915613889694214,0.2977670729160309,0.7751016020774841,0.5532856583595276,-0.0665383413434028,10,1.0,1.0,-1.0,1.0,0,0,-0.03,-0.603391077549558,-15,-198,thymio-07
77,1788308243.5011792,10000.0,10000.0,0.0,98.60000000000008,2.794182062149048,0.0868436843156814,1.3915613889694214,0.2977670729160309,0.7751016020774841,0.5532856583595276,-0.0665383413434028,10,1.0,1.0,-1.0,1.0,0,0,-0.03,-0.5988605526865364,-16,-197,thymio-07
78,1788308244.104457,10000.0,10000.0,0.0,98.60000000000008,2.794182062149048,0.0868436843156814,1.3915613889694214,0.2977670729160309,0.7751016020774841,0.5532856583595276,-0.0665383413434028,10,1.0,1.0,-1.0,1.0,0,0,-0.03,-0.585646431713846,-18,-195,thymio-07
79,1788308244.7077205,10000.0,10000.0,0.0,98.60000000000008,2.794182062149048,0.0868436843156814,1.3915613889694214,0.2977670729160309,0.7751016020774841,0.5532856583595276,-0.0665383413434028,10,1.0,1.0,-1.0,1.0,0,0,-0.03,-0.5720699732151745,-20,-193,thymio-07
80,1788308245.3108604,10000.0,10000.0,0.0,98.60000000000008,2.794182062149048,0.0868436843156814,1.3915613889694214,0.2977670729160309,0.7751016020774841,0.5532856583595276,-0.0665383413434028,10,1.0,1.0,-1.0,1.0,0,0,-0.03,-0.4481027654589611,-39,-174,thymio-07
81,1788308245.914342,10000.0,10000.0,0.0,98.60000000000008,2.794182062149048,0.0868436843156814,1.3915613889694214,0.2977670729160309,0.7751016020774841,0.5532856583595276,-0.0665383413434028,10,1.0,1.0,-1.0,1.0,0,0,-0.03,-0.328036656725935,-57,-156,thymio-07
82,1788308246.5176125,2.924527645111084,1.3495802879333496,-2.2004983164729417,98.60000000000008,2.924527645111084,0.0858048722147941,1.3495802879333496,-0.6521650552749634,-0.2066942751407623,0.0718600451946258,0.7258059978485107,10,1.0,1.0,-0.4546375750326453,1.0,0,0,-0.0187901205753399,-0.3054469053230536,-21,-113,thymio-07
83,1788308247.1258163,2.924527645111084,1.3495802879333496,-2.2004983164729417,98.50000000000009,2.924527645111084,0.0858048722147941,1.3495802879333496,-0.6521650552749634,-0.2066942751407623,0.0718600451946258,0.7258059978485107,10,1.0,1.0,-0.4546375750326453,1.0,0,0,-0.0187434688585437,-0.2604374615781603,-27,-106,thymio-07
84,1788308247.7291613,10000.0,10000.0,0.0,98.50000000000009,2.924527645111084,0.0858048722147941,1.3495802879333496,-0.6521650552749634,-0.2066942751407623,0.0718600451946258,0.7258059978485107,10,1.0,1.0,-1.0,1.0,0,0,-0.03,-0.2373818939530735,-71,-142,thymio-07
85,1788308248.332261,10000.0,10000.0,0.0,98.50000000000009,2.924527645111084,0.0858048722147941,1.3495802879333496,-0.6521650552749634,-0.2066942751407623,0.0718600451946258,0.7258059978485107,10,1.0,1.0,-1.0,1.0,0,0,-0.03,-0.2580511098022151,-68,-146,thymio-07
86,1788308248.935535,10000.0,10000.0,0.0,98.50000000000009,2.924527645111084,0.0858048722147941,1.3495802879333496,-0.6521650552749634,-0.2066942751407623,0.0718600451946258,0.7258059978485107,10,1.0,1.0,-1.0,1.0,0,0,-0.03,-0.3305389856396665,-57,-157,thymio-07
87,1788308249.5387104,10000.0,10000.0,0.0,98.50000000000009,2.924527645111084,0.0858048722147941,1.3495802879333496,-0.6521650552749634,-0.2066942751407623,0.0718600451946258,0.7258059978485107,10,1.0,1.0,-1.0,1.0,0,0,-0.03,-0.4280964121711206,-42,-171,thymio-07
88,1788308250.142057,10000.0,10000.0,0.0,98.50000000000009,2.924527645111084,0.0858048722147941,1.3495802879333496,-0.6521650552749634,-0.2066942751407623,0.0718600451946258,0.7258059978485107,10,1.0,1.0,-1.0,1.0,0,0,-0.03,-0.4901132349699659,-33,-181,thymio-07
89,1788308250.7456565,10000.0,10000.0,0.0,98.50000000000009,2.924527645111084,0.0858048722147941,1.3495802879333496,-0.6521650552749634,-0.2066942751407623,0.0718600451946258,0.7258059978485107,10,1.0,1.0,-1.0,1.0,0,0,-0.03,-0.4867512994039121,-33,-180,thymio-07
90,1788308251.349711,10000.0,10000.0,0.0,98.50000000000009,2.924527645111084,0.0858048722147941,1.3495802879333496,-0.6521650552749634,-0.2066942751407623,0.0718600451946258,0.7258059978485107,10,1.0,1.0,-1.0,1.0,0,0,-0.03,-0.4336774640123236,-41,-172,thymio-07
91,1788308251.9532518,2.953814744949341,1.2336567640304563,-0.03707602751177,98.50000000000009,2.953814744949341,0.0849468261003494,1.2336567640304563,0.1740806698799133,-0.6154758334159851,-0.6198768019676208,-0.4545748233795166,10,1.0,0.2455609561274851,1.0,-0.4568150337503104,0,0,-0.0601804640494703,-0.4101395033194233,-152,-276,thymio-07
92,1788308252.5620391,2.953814744949341,1.2336567640304563,-0.03707602751177,98.40000000000008,2.953814744949341,0.0849468261003494,1.2336567640304563,0.1740806698799133,-0.6154758334159851,-0.6198768019676208,-0.4545748233795166,10,1.0,0.2455609561274851,1.0,-0.4568150337503104,0,0,-0.0627291107328186,-0.2795948422106827,-181,-265,thymio-07
93,1788308253.1717167,3.078908681869507,1.291823387145996,-2.1839909889213844,98.3000000000001,3.078908681869507,0.0849623456597328,1.291823387145996,0.6055407524108887,-0.0395112186670303,-0.2771711647510528,-0.744939923286438,10,1.0,-0.1821781590906842,-0.2265770172322171,1.0,0,0,-0.0371221175607037,-0.1231368996341493,-113,-150,thymio-07
94,1788308253.780337,3.078908681869507,1.291823387145996,-2.1839909889213844,98.2000000000001,3.078908681869507,0.0849623456597328,1.291823387145996,0.6055407524108887,-0.0395112186670303,-0.2771711647510528,-0.744939923286438,10,1.0,-0.1821781590906842,-0.2265770172322171,1.0,0,0,-0.0374598648453561,-0.1022279741385709,-118,-149,thymio-07
95,1788308254.384019,10000.0,10000.0,0.0,98.2000000000001,3.078908681869507,0.0849623456597328,1.291823387145996,0.6055407524108887,-0.0395112186670303,-0.2771711647510528,-0.744939923286438,10,1.0,1.0,-1.0,1.0,0,0,-0.03,-0.1257876432697885,-88,-126,thymio-07
96,1788308254.9876368,3.059992551803589,1.390703558921814,-2.221489112018368,98.2000000000001,3.059992551803589,0.0857877135276794,1.390703558921814,0.6441842913627625,0.136696308851242,-0.1254871189594268,-0.7420201301574707,10,1.0,-0.2621758256855965,-0.0947599603580181,1.0,0,0,-0.0015564737216903,-0.178597462399492,21,-32,thymio-07
97,1788308255.5962255,3.059992551803589,1.390703558921814,-2.221489112018368,98.10000000000012,3.059992551803589,0.0857877135276794,1.390703558921814,0.6441842913627625,0.136696308851242,-0.1254871189594268,-0.7420201301574707,10,1.0,-0.2621758256855965,-0.0947599603580181,1.0,0,0,-0.002623298676011,-0.2690658741915788,31,-50,thymio-07
98,1788308256.1995623,10000.0,10000.0,0.0,98.10000000000012,3.059992551803589,0.0857877135276794,1.390703558921814,0.6441842913627625,0.136696308851242,-0.1254871189594268,-0.7420201301574707,10,1.0,1.0,-1.0,1.0,0,0,-0.03,-0.3194936954390625,-58,-155,thymio-07
99,1788308256.8033502,10000.0,10000.0,0.0,98.10000000000012,3.059992551803589,0.0857877135276794,1.390703558921814,0.6441842913627625,0.136696308851242,-0.1254871189594268,-0.7420201301574707,10,1.0,1.0,-1.0,1.0,0,0,-0.03,-0.4652229825215866,-36,-177,thymio-07
100,1788308257.407019,10000.0,10000.0,0.0,98.10000000000012,3.059992551803589,0.0857877135276794,1.390703558921814,0.6441842913627625,0.136696308851242,-0.1254871189594268,-0.7420201301574707,10,1.0,1.0,-1.0,1.0,0,0,-0.03,-0.570435465500106,-20,-193,thymio-07
101,1788308258.0105548,10000.0,10000.0,0.0,98.10000000000012,3.059992551803589,0.0857877135276794,1.390703558921814,0.6441842913627625,0.136696308851242,-0.1254871189594268,-0.7420201301574707,10,1.0,1.0,-1.0,1.0,2619,0,-0.08,-0.5720496024135021,-198,-371,thymio-07
102,1788308258.6150165,3.0333285331726074,1.436895728111267,-2.204885533519436,98.10000000000012,3.0333285331726074,0.0868944451212883,1.436895728111267,0.6510306000709534,0.2184736579656601,-0.0567821003496646,-0.7247098088264465,10,1.0,-0.2816591944482354,-0.038182854360623,1.0,2792,0,-0.08,-0.3968881812863326,-224,-344,thymio-07
103,1788308259.2231836,3.0333285331726074,1.436895728111267,-2.204885533519436,98.00000000000011,3.0333285331726074,0.0868944451212883,1.436895728111267,0.6510306000709534,0.2184736579656601,-0.0567821003496646,-0.7247098088264465,10,1.0,-0.2816591944482354,-0.038182854360623,1.0,1900,0,-0.0,-0.4047954472721111,61,-61,thymio-07
104,1788308259.8266673,10000.0,10000.0,0.0,98.00000000000011,3.0333285331726074,0.0868944451212883,1.436895728111267,0.6510306000709534,0.2184736579656601,-0.0567821003496646,-0.7247098088264465,10,1.0,1.0,-1.0,1.0,1787,0,-0.03,-0.2070521723035363,-75,-138,thymio-07
105,1788308260.4300845,10000.0,10000.0,0.0,98.00000000000011,3.0333285331726074,0.0868944451212883,1.436895728111267,0.6510306000709534,0.2184736579656601,-0.0567821003496646,-0.7247098088264465,10,1.0,1.0,-1.0,1.0,1762,0,-0.03,-0.2008797112812089,-76,-137,thymio-07
106,1788308261.0337,10000.0,10000.0,0.0,98.00000000000011,3.0333285331726074,0.0868944451212883,1.436895728111267,0.6510306000709534,0.2184736579656601,-0.0567821003496646,-0.7247098088264465,10,1.0,1.0,-1.0,1.0,0,0,-0.03,-0.194438717430487,-77,-136,thymio-07
107,1788308261.6368413,10000.0,10000.0,0.0,98.00000000000011,3.0333285331726074,0.0868944451212883,1.436895728111267,0.6510306000709534,0.2184736579656601,-0.0567821003496646,-0.7247098088264465,10,1.0,1.0,-1.0,1.0,0,0,-0.03,-0.1825255812389948,-79,-134,thymio-07
108,1788308262.2398312,10000.0,10000.0,0.0,98.00000000000011,3.0333285331726074,0.0868944451212883,1.436895728111267,0.6510306000709534,0.2184736579656601,-0.0567821003496646,-0.7247098088264465,10,1.0,1.0,-1.0,1.0,0,0,-0.03,-0.1483799701376366,-84,-129,thymio-07
109,1788308262.8428974,10000.0,10000.0,0.0,98.00000000000011,3.0333285331726074,0.0868944451212883,1.436895728111267,0.6510306000709534,0.2184736579656601,-0.0567821003496646,-0.7247098088264465,10,1.0,1.0,-1.0,1.0,0,0,-0.03,-0.1427204947235534,-85,-128,thymio-07
110,1788308263.4460762,2.916724443435669,1.4479148387908936,-0.4027787358780377,98.00000000000011,2.916724443435669,0.0865925401449203,1.4479148387908936,0.4902940094470978,0.6775283813476562,0.4142913520336151,-0.3590680062770843,10,1.0,-6.385532811747918e-05,1.0,-0.3657284851129548,0,0,-0.0,-0.1629710971348858,25,-25,thymio-07
111,1788308264.054728,2.916724443435669,1.4479148387908936,-0.4027787358780377,97.90000000000012,2.916724443435669,0.0865925401449203,1.4479148387908936,0.4902940094470978,0.6775283813476562,0.4142913520336151,-0.3590680062770843,10,1.0,-6.385532811747918e-05,1.0,-0.3657284851129548,0,0,-0.0,-0.1060433708405697,16,-16,thymio-07
112,1788308264.6578035,10000.0,10000.0,0.0,97.90000000000012,2.916724443435669,0.0865925401449203,1.4479148387908936,0.4902940094470978,0.6775283813476562,0.4142913520336151,-0.3590680062770843,10,1.0,1.0,-1.0,1.0,0,0,-0.03,-0.197027824302069,-77,-136,thymio-07
113,1788308265.2608445,10000.0,10000.0,0.0,97.90000000000012,2.916724443435669,0.0865925401449203,1.4479148387908936,0.4902940094470978,0.6775283813476562,0.4142913520336151,-0.3590680062770843,10,1.0,1.0,-1.0,1.0,0,0,-0.0266638869215608,-0.2623406716113813,-55,-134,thymio-07
114,1788308265.864256,10000.0,10000.0,0.0,97.90000000000012,2.916724443435669,0.0865925401449203,1.4479148387908936,0.4902940094470978,0.6775283813476562,0.4142913520336151,-0.3590680062770843,10,1.0,1.0,-1.0,1.0,0,0,0.03,-0.431648532027952,172,41,thymio-07
115,1788308266.4679818,2.8706772327423096,1.282794952392578,0.1818084442508145,97.90000000000012,2.8706772327423096,0.0851832553744316,1.282794952392578,0.1298389434814453,0.7605261206626892,0.6228823661804199,0.1294586360454559,10,1.0,-0.1895286226360314,1.0,-0.5990962000276219,0,0,-0.008949547233131,-0.595205320915472,58,-122,thymio-07
116,1788308267.076542,2.8706772327423096,1.282794952392578,0.1818084442508145,97.80000000000013,2.8706772327423096,0.0851832553744316,1.282794952392578,0.1298389434814453,0.7605261206626892,0.6228823661804199,0.1294586360454559,10,1.0,-0.1895286226360314,1.0,-0.5990962000276219,0,0,0.0031653201000913,-0.5493310434405512,94,-72,thymio-07
117,1788308267.6799166,10000.0,10000.0,0.0,97.80000000000013,2.8706772327423096,0.0851832553744316,1.282794952392578,0.1298389434814453,0.7605261206626892,0.6228823661804199,0.1294586360454559,10,1.0,1.0,-1.0,1.0,0,0,0.03,-0.6045433668469865,198,15,thymio-07
118,1788308268.2826912,10000.0,10000.0,0.0,97.80000000000013,2.8706772327423096,0.0851832553744316,1.282794952392578,0.1298389434814453,0.7605261206626892,0.6228823661804199,0.1294586360454559,10,1.0,1.0,-1.0,1.0,0,0,0.03,-0.6129993908955751,199,14,thymio-07
119,1788308268.8859231,2.876748323440552,1.2416410446166992,-0.2820801762344285,97.80000000000013,2.876748323440552,0.0859396383166313,1.2416410446166992,-0.2552289664745331,0.5581550598144531,0.5844337344169617,0.530809223651886,10,1.0,-0.1286256071252082,1.0,-0.641280766061465,0,0,0.0197695688208884,-0.6211776683418427,164,-24,thymio-07
120,1788308269.493801,2.876748323440552,1.2416410446166992,-0.2820801762344285,97.70000000000012,2.876748323440552,0.0859396383166313,1.2416410446166992,-0.2552289664745331,0.5581550598144531,0.5844337344169617,0.530809223651886,10,1.0,-0.1286256071252082,1.0,-0.641280766061465,0,0,0.0104982079801996,-0.5919135715690096,127,-52,thymio-07
121,1788308270.097036,10000.0,10000.0,0.0,97.70000000000012,2.876748323440552,0.0859396383166313,1.2416410446166992,-0.2552289664745331,0.5581550598144531,0.5844337344169617,0.530809223651886,10,1.0,1.0,-1.0,1.0,0,0,0.03,-0.5849025317912436,195,18,thymio-07
122,1788308270.7002568,10000.0,10000.0,0.0,97.70000000000012,2.876748323440552,0.0859396383166313,1.2416410446166992,-0.2552289664745331,0.5581550598144531,0.5844337344169617,0.530809223651886,10,1.0,1.0,-1.0,1.0,0,0,0.03,-0.6076172863568755,198,15,thymio-07
123,1788308271.3040977,10000.0,10000.0,0.0,97.70000000000012,2.876748323440552,0.0859396383166313,1.2416410446166992,-0.2552289664745331,0.5581550598144531,0.5844337344169617,0.530809223651886,10,1.0,1.0,-1.0,1.0,0,0,0.03,-0.6175934179364612,200,13,thymio-07
124,1788308271.9074798,10000.0,10000.0,0.0,97.70000000000012,2.876748323440552,0.0859396383166313,1.2416410446166992,-0.2552289664745331,0.5581550598144531,0.5844337344169617,0.530809223651886,10,1.0,1.0,-1.0,1.0,0,0,0.03,-0.6169241104513792,200,13,thymio-07
125,1788308272.5106275,10000.0,10000.0,0.0,97.70000000000012,2.876748323440552,0.0859396383166313,1.2416410446166992,-0.2552289664745331,0.5581550598144531,0.5844337344169617,0.530809223651886,10,1.0,1.0,-1.0,1.0,0,0,0.03,-0.6163860785518807,200,14,thymio-07
126,1788308273.114211,10000.0,10000.0,0.0,97.70000000000012,2.876748323440552,0.0859396383166313,1.2416410446166992,-0.2552289664745331,0.5581550598144531,0.5844337344169617,0.530809223651886,10,1.0,1.0,-1.0,1.0,0,0,0.02268276337131,-0.606943853612665,172,-11,thymio-07
127,1788308273.7174668,10000.0,10000.0,0.0,97.70000000000012,2.876748323440552,0.0859396383166313,1.2416410446166992,-0.2552289664745331,0.5581550598144531,0.5844337344169617,0.530809223651886,10,1.0,1.0,-1.0,1.0,0,0,0.0085268401051959,-0.5998477203176305,121,-60,thymio-07
128,1788308274.3204062,2.8619980812072754,1.2010160684585571,-2.0227921386497365,97.70000000000012,2.8619980812072754,0.0853614285588264,1.2010160684585571,-0.5150212645530701,0.2128289192914962,0.4072396755218506,0.7236109972000122,10,1.0,-0.633589017379097,-0.1495996269785391,1.0,0,0,-0.016798557676699,-0.5845982572140856,29,-148,thymio-07
129,1788308274.9291604,2.8619980812072754,1.2010160684585571,-2.0227921386497365,97.60000000000014,2.8619980812072754,0.0853614285588264,1.2010160684585571,-0.5150212645530701,0.2128289192914962,0.4072396755218506,0.7236109972000122,10,1.0,-0.633589017379097,-0.1495996269785391,1.0,0,0,-0.0429942458974275,-0.5805545954976933,-65,-240,thymio-07
130,1788308275.5326593,10000.0,10000.0,0.0,97.60000000000014,2.8619980812072754,0.0853614285588264,1.2010160684585571,-0.5150212645530701,0.2128289192914962,0.4072396755218506,0.7236109972000122,10,1.0,1.0,-1.0,1.0,0,0,-0.03,-0.5731205241695108,-20,-193,thymio-07
131,1788308276.13562,10000.0,10000.0,0.0,97.60000000000014,2.8619980812072754,0.0853614285588264,1.2010160684585571,-0.5150212645530701,0.2128289192914962,0.4072396755218506,0.7236109972000122,10,1.0,1.0,-1.0,1.0,0,0,-0.03,-0.5811209222631228,-19,-194,thymio-07
132,1788308276.7390273,10000.0,10000.0,0.0,97.60000000000014,2.8619980812072754,0.0853614285588264,1.2010160684585571,-0.5150212645530701,0.2128289192914962,0.4072396755218506,0.7236109972000122,10,1.0,1.0,-1.0,1.0,0,0,-0.03,-0.539501760384576,-25,-188,thymio-07
133,1788308277.3422391,10000.0,10000.0,0.0,97.60000000000014,2.8619980812072754,0.0853614285588264,1.2010160684585571,-0.5150212645530701,0.2128289192914962,0.4072396755218506,0.7236109972000122,10,1.0,1.0,-1.0,1.0,0,0,-0.03,-0.4055689162283247,-45,-168,thymio-07
134,1788308277.945443,10000.0,10000.0,0.0,97.60000000000014,2.8619980812072754,0.0853614285588264,1.2010160684585571,-0.5150212645530701,0.2128289192914962,0.4072396755218506,0.7236109972000122,10,1.0,1.0,-1.0,1.0,0,0,-0.03,-0.2791913759027241,-64,-149,thymio-07
135,1788308278.5483725,10000.0,10000.0,0.0,97.60000000000014,2.8619980812072754,0.0853614285588264,1.2010160684585571,-0.5150212645530701,0.2128289192914962,0.4072396755218506,0.7236109972000122,10,1.0,1.0,-1.0,1.0,0,0,-0.03,-0.2240338139481756,-73,-140,thymio-07
136,1788308279.151319,2.9699907302856445,1.1721677780151367,0.1357250438520996,97.60000000000014,2.9699907302856445,0.0833006128668785,1.1721677780151367,-0.0583949163556098,-0.7341806888580322,-0.6335076689720154,-0.2371431440114975,10,-0.5004970456614637,0.0249543987067129,1.0,1.0,0,0,-0.055289987024172,-0.3255690284442433,-147,-246,thymio-07
137,1788308279.759301,2.9699907302856445,1.1721677780151367,0.1357250438520996,97.50000000000014,2.9699907302856445,0.0833006128668785,1.1721677780151367,-0.0583949163556098,-0.7341806888580322,-0.6335076689720154,-0.2371431440114975,10,-0.5004970456614637,0.0249543987067129,1.0,1.0,0,0,0.0838562492490852,-0.400188202061146,358,238,thymio-07
138,1788308280.3679645,3.0846636295318604,1.1632827520370483,-1.9483183609961696,97.40000000000016,3.0846636295318604,0.0828718170523643,1.1632827520370483,-0.4798979461193084,0.2845972776412964,0.4366133213043213,0.7057417035102844,10,1.0,-0.3898278600933534,0.0364397791730488,1.0,0,0,0.0664967858551246,-0.6074610565218376,328,145,thymio-07
139,1788308280.9764023,3.0846636295318604,1.1632827520370483,-1.9483183609961696,97.30000000000015,3.0846636295318604,0.0828718170523643,1.1632827520370483,-0.4798979461193084,0.2845972776412964,0.4366133213043213,0.7057417035102844,10,1.0,-0.3898278600933534,0.0364397791730488,1.0,0,0,0.0421571226042375,-0.5586149033639309,234,65,thymio-07
140,1788308281.5800848,10000.0,10000.0,0.0,97.30000000000015,3.0846636295318604,0.0828718170523643,1.1632827520370483,-0.4798979461193084,0.2845972776412964,0.4366133213043213,0.7057417035102844,10,1.0,1.0,-1.0,1.0,0,0,0.03,-0.5115715212543387,184,29,thymio-07
141,1788308282.1839728,10000.0,10000.0,0.0,97.30000000000015,3.0846636295318604,0.0828718170523643,1.1632827520370483,-0.4798979461193084,0.2845972776412964,0.4366133213043213,0.7057417035102844,10,1.0,1.0,-1.0,1.0,0,0,0.03,-0.6112563935822083,199,14,thymio-07
142,1788308282.7875545,10000.0,10000.0,0.0,97.30000000000015,3.0846636295318604,0.0828718170523643,1.1632827520370483,-0.4798979461193084,0.2845972776412964,0.4366133213043213,0.7057417035102844,10,1.0,1.0,-1.0,1.0,0,0,0.03,-0.6030600226261076,198,16,thymio-07
143,1788308283.3916254,3.1187899112701416,1.069799542427063,-2.2074090456738227,97.30000000000015,3.1187899112701416,0.0820505768060684,1.069799542427063,-0.6421200633049011,-0.1501142084598541,0.1228047236800193,0.741664707660675,10,1.0,-0.2593019929323105,0.0349907503644051,1.0,0,0,0.0198581041242967,-0.609081388042248,163,-21,thymio-07
144,1788308283.9999866,3.1187899112701416,1.069799542427063,-2.2074090456738227,97.20000000000016,3.1187899112701416,0.0820505768060684,1.069799542427063,-0.6421200633049011,-0.1501142084598541,0.1228047236800193,0.741664707660675,10,1.0,-0.2593019929323105,0.0349907503644051,1.0,0,0,-0.0066555945787677,-0.5999008924706661,67,-114,thymio-07
145,1788308284.6099455,3.1867408752441406,1.0586202144622805,-1.6314333394362857,97.10000000000016,3.1867408752441406,0.0809192582964897,1.0586202144622805,-0.5953364372253418,-0.5492110252380371,-0.2506958842277527,0.5301823616027832,10,1.0,-0.2483899016706688,0.1855730689165893,1.0,0,0,0.0015633801490481,-0.5913677190832209,95,-84,thymio-07
146,1788308285.218141,3.1867408752441406,1.0586202144622805,-1.6314333394362857,97.00000000000016,3.1867408752441406,0.0809192582964897,1.0586202144622805,-0.5953364372253418,-0.5492110252380371,-0.2506958842277527,0.5301823616027832,10,1.0,-0.2483899016706688,0.1855730689165893,1.0,0,0,0.0116952986694008,-0.6065074881567992,133,-50,thymio-07
147,1788308285.821364,10000.0,10000.0,0.0,97.00000000000016,3.1867408752441406,0.0809192582964897,1.0586202144622805,-0.5953364372253418,-0.5492110252380371,-0.2506958842277527,0.5301823616027832,10,1.0,1.0,-1.0,1.0,0,0,0.03,-0.6186964055043876,200,13,thymio-07
148,1788308286.424803,10000.0,10000.0,0.0,97.00000000000016,3.1867408752441406,0.0809192582964897,1.0586202144622805,-0.5953364372253418,-0.5492110252380371,-0.2506958842277527,0.5301823616027832,10,1.0,1.0,-1.0,1.0,0,0,0.03,-0.6212614166584809,200,13,thymio-07
149,1788308287.027649,10000.0,10000.0,0.0,97.00000000000016,3.1867408752441406,0.0809192582964897,1.0586202144622805,-0.5953364372253418,-0.5492110252380371,-0.2506958842277527,0.5301823616027832,10,1.0,1.0,-1.0,1.0,0,0,0.0263831964051386,-0.6166126172728315,187,1,thymio-07
150,1788308287.6313078,10000.0,10000.0,0.0,97.00000000000016,3.1867408752441406,0.0809192582964897,1.0586202144622805,-0.5953364372253418,-0.5492110252380371,-0.2506958842277527,0.5301823616027832,10,1.0,1.0,-1.0,1.0,0,0,0.0053245397881108,-0.6099797130338512,111,-73,thymio-07
151,1788308288.2349775,10000.0,10000.0,0.0,97.00000000000016,3.1867408752441406,0.0809192582964897,1.0586202144622805,-0.5953364372253418,-0.5492110252380371,-0.2506958842277527,0.5301823616027832,10,1.0,1.0,-1.0,1.0,0,0,-0.03,-0.5928307349424538,-17,-196,thymio-07
152,1788308288.8394392,10000.0,10000.0,0.0,97.00000000000016,3.1867408752441406,0.0809192582964897,1.0586202144622805,-0.5953364372253418,-0.5492110252380371,-0.2506958842277527,0.5301823616027832,10,1.0,1.0,-1.0,1.0,0,0,-0.03,-0.575148193306259,-20,-193,thymio-07
153,1788308289.4423575,10000.0,10000.0,0.0,97.00000000000016,3.1867408752441406,0.0809192582964897,1.0586202144622805,-0.5953364372253418,-0.5492110252380371,-0.2506958842277527,0.5301823616027832,10,1.0,1.0,-1.0,1.0,0,0,-0.03,-0.5553583402820447,-23,-190,thymio-07
154,1788308290.0454116,10000.0,10000.0,0.0,97.00000000000016,3.1867408752441406,0.0809192582964897,1.0586202144622805,-0.5953364372253418,-0.5492110252380371,-0.2506958842277527,0.5301823616027832,10,1.0,1.0,-1.0,1.0,0,0,-0.03,-0.4428242340458009,-40,-173,thymio-07
155,1788308290.6488051,3.154427289962769,1.1087329387664795,0.1877721712843367,97.00000000000016,3.154427289962769,0.0806935280561447,1.1087329387664795,-0.0903929844498634,-0.7521271705627441,-0.6303552389144897,-0.1696649491786956,10,1.0,0.2598765987531175,1.0,-0.3310996864879475,0,0,-0.0830050074041901,-0.4865708822441447,-221,-368,thymio-07
156,1788308291.2568195,3.154427289962769,1.1087329387664795,0.1877721712843367,96.90000000000018,3.154427289962769,0.0806935280561447,1.1087329387664795,-0.0903929844498634,-0.7521271705627441,-0.6303552389144897,-0.1696649491786956,10,1.0,0.2598765987531175,1.0,-0.3310996864879475,0,0,-0.0755831525386887,-0.5147008213814238,-191,-346,thymio-07
157,1788308291.8601377,10000.0,10000.0,0.0,96.90000000000018,3.154427289962769,0.0806935280561447,1.1087329387664795,-0.0903929844498634,-0.7521271705627441,-0.6303552389144897,-0.1696649491786956,10,1.0,1.0,-1.0,1.0,0,0,-0.03,-0.5907055342496175,-17,-196,thymio-07
158,1788308292.4637885,10000.0,10000.0,0.0,96.90000000000018,3.154427289962769,0.0806935280561447,1.1087329387664795,-0.0903929844498634,-0.7521271705627441,-0.6303552389144897,-0.1696649491786956,10,1.0,1.0,-1.0,1.0,0,0,-0.0298091608407396,-0.6054346612550914,-14,-197,thymio-07
159,1788308293.067477,10000.0,10000.0,0.0,96.90000000000018,3.154427289962769,0.0806935280561447,1.1087329387664795,-0.0903929844498634,-0.7521271705627441,-0.6303552389144897,-0.1696649491786956,10,1.0,1.0,-1.0,1.0,0,0,0.03,-0.6157464739389509,200,14,thymio-07
160,1788308293.6706054,10000.0,10000.0,0.0,96.90000000000018,3.154427289962769,0.0806935280561447,1.1087329387664795,-0.0903929844498634,-0.7521271705627441,-0.6303552389144897,-0.1696649491786956,10,1.0,1.0,-1.0,1.0,0,0,-0.0105174687520748,-0.611274236567347,55,-130,thymio-07
161,1788308294.273668,10000.0,10000.0,0.0,96.90000000000018,3.154427289962769,0.0806935280561447,1.1087329387664795,-0.0903929844498634,-0.7521271705627441,-0.6303552389144897,-0.1696649491786956,10,1.0,1.0,-1.0,1.0,0,0,0.0029887105345827,-0.6118690690349466,103,-82,thymio-07
162,1788308294.876616,10000.0,10000.0,0.0,96.90000000000018,3.154427289962769,0.0806935280561447,1.1087329387664795,-0.0903929844498634,-0.7521271705627441,-0.6303552389144897,-0.1696649491786956,10,1.0,1.0,-1.0,1.0,0,0,-0.03,-0.6022445917863026,-16,-198,thymio-07
163,1788308295.479534,10000.0,10000.0,0.0,96.90000000000018,3.154427289962769,0.0806935280561447,1.1087329387664795,-0.0903929844498634,-0.7521271705627441,-0.6303552389144897,-0.1696649491786956,10,1.0,1.0,-1.0,1.0,0,0,-0.03,-0.5974861077577829,-16,-197,thymio-07
164,1788308296.0827296,10000.0,10000.0,0.0,96.90000000000018,3.154427289962769,0.0806935280561447,1.1087329387664795,-0.0903929844498634,-0.7521271705627441,-0.6303552389144897,-0.1696649491786956,10,1.0,1.0,-1.0,1.0,0,0,-0.03,-0.5849945162970659,-18,-195,thymio-07
165,1788308296.6856575,3.197624683380127,1.2433594465255735,-2.2250503944045485,96.90000000000018,3.197624683380127,0.0826195180416107,1.2433594465255735,0.6360193490982056,0.0817482024431228,-0.169553056359291,-0.7483637928962708,10,1.0,-0.3547125186201534,0.4310875917937293,1.0,0,0,-0.0596237078938621,-0.5695836379707094,-126,-298,thymio-07
166,1788308297.2945366,3.197624683380127,1.2433594465255735,-2.2250503944045485,96.80000000000018,3.197624683380127,0.0826195180416107,1.2433594465255735,0.6360193490982056,0.0817482024431228,-0.169553056359291,-0.7483637928962708,10,1.0,-0.3547125186201534,0.4310875917937293,1.0,0,0,-0.0599132658240359,-0.4754404378339924,-141,-285,thymio-07
167,1788308297.8978145,10000.0,10000.0,0.0,96.80000000000018,3.197624683380127,0.0826195180416107,1.2433594465255735,0.6360193490982056,0.0817482024431228,-0.169553056359291,-0.7483637928962708,10,1.0,1.0,-1.0,1.0,0,0,-0.03,-0.2923066808290885,-62,-151,thymio-07
168,1788308298.5011756,10000.0,10000.0,0.0,96.80000000000018,3.197624683380127,0.0826195180416107,1.2433594465255735,0.6360193490982056,0.0817482024431228,-0.169553056359291,-0.7483637928962708,10,1.0,1.0,-1.0,1.0,0,0,-0.03,-0.3580907211899085,-53,-161,thymio-07
169,1788308299.105204,3.162638902664185,1.2361966371536257,0.1477600081718257,96.80000000000018,3.162638902664185,0.0834787860512733,1.2361966371536257,0.0534613132476806,0.7361763119697571,0.6326716542243958,0.2343353778123855,10,1.0,0.1467455890909954,1.0,-0.396935842167459,0,0,-0.0416953865529151,-0.5538546492199365,-65,-232,thymio-07
170,1788308299.7132485,3.162638902664185,1.2361966371536257,0.1477600081718257,96.7000000000002,3.162638902664185,0.0834787860512733,1.2361966371536257,0.0534613132476806,0.7361763119697571,0.6326716542243958,0.2343353778123855,10,1.0,0.1467455890909954,1.0,-0.396935842167459,0,0,-0.0325394533847895,-0.5702671034727342,-30,-202,thymio-07
171,1788308300.316457,10000.0,10000.0,0.0,96.7000000000002,3.162638902664185,0.0834787860512733,1.2361966371536257,0.0534613132476806,0.7361763119697571,0.6326716542243958,0.2343353778123855,10,1.0,1.0,-1.0,1.0,0,0,-0.03,-0.6084825272913782,-15,-198,thymio-07
172,1788308300.9198265,10000.0,10000.0,0.0,96.7000000000002,3.162638902664185,0.0834787860512733,1.2361966371536257,0.0534613132476806,0.7361763119697571,0.6326716542243958,0.2343353778123855,10,1.0,1.0,-1.0,1.0,0,0,-0.014071602158379,-0.6175379940287203,43,-143,thymio-07
173,1788308301.5232918,10000.0,10000.0,0.0,96.7000000000002,3.162638902664185,0.0834787860512733,1.2361966371536257,0.0534613132476806,0.7361763119697571,0.6326716542243958,0.2343353778123855,10,1.0,1.0,-1.0,1.0,0,0,0.03,-0.6189681713480286,200,13,thymio-07
174,1788308302.127071,3.267913341522217,1.176835536956787,-0.6203582534088619,96.7000000000002,3.267913341522217,0.0832440108060836,1.176835536956787,-0.3174246549606323,0.4967417418956756,0.5699144601821899,0.572439432144165,10,1.0,0.0982090568804374,1.0,-0.2375184367481098,0,0,-0.0410095432359053,-0.6163470582729764,-53,-239,thymio-07
175,1788308302.7356782,3.267913341522217,1.176835536956787,-0.6203582534088619,96.6000000000002,3.267913341522217,0.0832440108060836,1.176835536956787,-0.3174246549606323,0.4967417418956756,0.5699144601821899,0.572439432144165,10,1.0,0.0982090568804374,1.0,-0.2375184367481098,0,0,-0.0619331443326043,-0.5329198955699673,-140,-301,thymio-07
176,1788308303.344393,3.3447933197021484,1.2103204727172852,-2.1802156020520287,96.5000000000002,3.3447933197021484,0.0827047675848007,1.2103204727172852,-0.6568750739097595,-0.219129666686058,0.0717855170369148,0.7178748846054077,10,1.0,-0.216581214248583,0.2487449819300362,1.0,0,0,-0.053617185815291,-0.4858316479024918,-117,-264,thymio-07
177,1788308303.9532957,3.3447933197021484,1.2103204727172852,-2.1802156020520287,96.4000000000002,3.3447933197021484,0.0827047675848007,1.2103204727172852,-0.6568750739097595,-0.219129666686058,0.0717855170369148,0.7178748846054077,10,1.0,-0.216581214248583,0.2487449819300362,1.0,0,0,-0.0504481086804359,-0.5310032440376402,-99,-259,thymio-07
178,1788308304.56239,3.2857651710510254,1.2581161260604858,-1.9757939707275805,96.1504625830696,3.2857651710510254,0.0830984637141227,1.2581161260604858,-0.6231979727745056,-0.4581753015518188,-0.1596283465623855,0.6133664846420288,10,1.0,-0.3319289706606141,0.2977630946644665,1.0,0,0,-0.039045275580433,-0.5482386818847369,-56,-222,thymio-07
179,1788308305.1705894,3.2857651710510254,1.2581161260604858,-1.9757939707275805,96.0504625830696,3.2857651710510254,0.0830984637141227,1.2581161260604858,-0.6231979727745056,-0.4581753015518188,-0.1596283465623855,0.6133664846420288,10,1.0,-0.3319289706606141,0.2977630946644665,1.0,0,0,-0.0415555823144352,-0.5700169097608226,-62,-234,thymio-07
180,1788308305.7791216,3.2202460765838623,1.2627623081207275,-1.042492681559641,95.77602780003892,3.2202460765838623,0.0833198204636573,1.2627623081207275,-0.5486510396003723,-0.6237715482711792,-0.326918214559555,0.450572520494461,10,1.0,-0.4527404172031289,1.0,1.0,0,0,-0.0449571324402394,-0.4320848445400733,-94,-225,thymio-07
181,1788308306.3874068,3.1714963912963867,1.2363992929458618,-0.0205108966818374,95.5872534262864,3.1714963912963867,0.0826767161488533,1.2363992929458618,-0.4017002582550049,-0.7371695041656494,-0.4924966394901275,0.2294888198375702,10,1.0,0.2108598213871957,1.0,-0.5309651868615761,0,0,-0.0585767860670337,-0.1552231256463054,-185,-232,thymio-07
182,1788308306.995934,3.1714963912963867,1.2363992929458618,-0.0205108966818374,95.4872534262864,3.1714963912963867,0.0826767161488533,1.2363992929458618,-0.4017002582550049,-0.7371695041656494,-0.4924966394901275,0.2294888198375702,10,1.0,0.2108598213871957,1.0,-0.5309651868615761,0,0,-0.051153822678679,0.1621981121148082,-206,-157,thymio-07
183,1788308307.6047552,3.1517300605773926,1.1919623613357544,0.094163311555508,95.37139266519448,3.1517300605773926,0.0826326087117195,1.1919623613357544,-0.3161703646183014,-0.7680019736289978,-0.5490102171897888,0.0937934890389442,10,1.0,0.1067832167456483,1.0,-0.5388566936851134,0,0,-0.0443020859058312,0.52409960320671,-237,-78,thymio-07
184,1788308308.2129424,3.1517300605773926,1.1919623613357544,0.094163311555508,95.2713926651945,3.1517300605773926,0.0826326087117195,1.1919623613357544,-0.3161703646183014,-0.7680019736289978,-0.5490102171897888,0.0937934890389442,10,1.0,0.1067832167456483,1.0,-0.5388566936851134,0,0,-0.0196264041831286,0.6225884207637098,-164,24,thymio-07
185,1788308308.8232024,3.1444196701049805,1.1191818714141846,0.0869440188415011,95.1713926651945,3.1444196701049805,0.0824109464883804,1.1191818714141846,-0.3299280405044555,-0.7683380246162415,-0.5341857671737671,0.1242970153689384,10,1.0,0.0045422268460493,1.0,-0.5163887026802987,0,0,0.0214230385041208,0.6268074017598062,-19,171,thymio-07
186,1788308309.4316802,3.139202117919922,1.0816783905029297,-0.2106481073405728,95.07139266519452,3.139202117919922,0.0813947319984436,1.0816783905029297,-0.4571238458156585,-0.6981831789016724,-0.4422021210193634,0.3286874890327453,10,1.0,-0.1512762514796429,1.0,-0.5086177451965995,0,0,0.0363720859096378,0.6265009413325842,35,224,thymio-07
187,1788308310.0399885,3.139202117919922,1.0816783905029297,-0.2106481073405728,94.97139266519451,3.139202117919922,0.0813947319984436,1.0816783905029297,-0.4571238458156585,-0.6981831789016724,-0.4422021210193634,0.3286874890327453,10,1.0,-0.1512762514796429,1.0,-0.5086177451965995,0,0,0.0598954181557015,0.6262542759726422,118,307,thymio-07
188,1788308310.6481264,3.168450117111206,1.0775867700576782,-1.647202505596816,94.87139266519452,3.168450117111206,0.0814329236745834,1.0775867700576782,-0.5967435836791992,-0.5471778512001038,-0.2402359694242477,0.5355185866355896,10,1.0,-0.4841480227333427,-0.2462001692161549,1.0,0,0,0.0938254846632651,0.6246929579398891,239,428,thymio-07
189,1788308311.2573335,3.168450117111206,1.0775867700576782,-1.647202505596816,94.77139266519453,3.168450117111206,0.0814329236745834,1.0775867700576782,-0.5967435836791992,-0.5471778512001038,-0.2402359694242477,0.5355185866355896,10,1.0,-0.4841480227333427,-0.2462001692161549,1.0,0,0,0.0921459786954584,0.6141851927768226,235,420,thymio-07
190,1788308311.866463,3.236325740814209,1.0404255390167236,-2.143180338162382,94.67139266519452,3.236325740814209,0.0817831605672836,1.0404255390167236,-0.6397067904472351,-0.3084163665771484,-0.0028559823986142,0.7040215730667114,10,1.0,-0.3885913131981067,-0.3332561416132586,1.0,0,0,0.0168619494027875,0.571188491776642,-26,146,thymio-07
191,1788308312.4756043,3.236325740814209,1.0404255390167236,-2.143180338162382,94.57139266519454,3.236325740814209,0.0817831605672836,1.0404255390167236,-0.6397067904472351,-0.3084163665771484,-0.0028559823986142,0.7040215730667114,10,1.0,-0.3885913131981067,-0.3332561416132586,1.0,0,0,-0.0283414980743815,0.6155863720034545,-194,-8,thymio-07
192,1788308313.0845184,3.2894725799560547,0.9362896680831908,-2.204665338413726,94.47139266519454,3.2894725799560547,0.0808954164385795,0.9362896680831908,-0.6080793738365173,-0.0055498173460364,0.2351956218481063,0.7582162022590637,10,1.0,-0.2573169157634006,-0.3972953338522719,1.0,0,0,-0.0101112827596857,0.6220912300498577,-130,58,thymio-07
193,1788308313.6927826,3.2894725799560547,0.9362896680831908,-2.204665338413726,94.37139266519456,3.2894725799560547,0.0808954164385795,0.9362896680831908,-0.6080793738365173,-0.0055498173460364,0.2351956218481063,0.7582162022590637,10,1.0,-0.2573169157634006,-0.3972953338522719,1.0,0,0,-0.0045545363822575,0.6224750818248624,-110,78,thymio-07
194,1788308314.3013675,3.2843191623687744,0.9341093301773072,-2.1604049977346924,94.27139266519455,3.2843191623687744,0.0811647698283195,0.9341093301773072,-0.57900071144104,0.0990914329886436,0.3182070553302765,0.7440990209579468,10,1.0,-0.2530242967757368,-0.3896958511299021,1.0,0,0,-0.0080435581510292,0.6232844477710294,-123,66,thymio-07
195,1788308314.911107,3.2774693965911865,0.9670422673225404,-0.9432296116917632,94.17139266519456,3.2774693965911865,0.0814885571599006,0.9670422673225404,-0.3408201932907104,0.4646540284156799,0.5456814169883728,0.608415961265564,10,1.0,-0.2608774753955543,1.0,-0.2688782092447878,0,0,-0.1235698003222684,0.6279107325886139,-500,-344,thymio-07
196,1788308315.5192428,3.2774693965911865,0.9670422673225404,-0.9432296116917632,94.07139266519457,3.2774693965911865,0.0814885571599006,0.9670422673225404,-0.3408201932907104,0.4646540284156799,0.5456814169883728,0.608415961265564,10,1.0,-0.2608774753955543,1.0,-0.2688782092447878,0,0,-0.1347716384863217,0.6242111214867332,-500,-385,thymio-07
197,1788308316.1279008,3.3090834617614746,0.9750677347183228,-0.0278860215470029,93.97139266519456,3.3090834617614746,0.0815054178237915,0.9750677347183228,-0.1757255941629409,0.6108047366142273,0.6285048127174377,0.4483522772789001,10,1.0,-0.1568469226368499,1.0,-0.2442597537938409,0,0,-0.1208592587503167,0.613621809132411,-500,-337,thymio-07
1,1788221516.3736384,10000.0,10000.0,0.0,100.0,2.1539595127105717,0.0934448838233947,1.3018057346343994,0.1319116503000259,-0.6382918953895569,-0.6072185635566711,-0.4543879330158233,10,1.0,1.0,-1.0,1.0,0,0,0.03,-0.5252690600198603,186,27,thymio-19
2,1788221516.9782789,2.7040576934814453,-0.2934639453887939,-1.8492485163497512,100.0,2.7040576934814453,0.0760094448924064,-0.2934639453887939,0.6237869262695312,0.1282783299684524,-0.122722327709198,-0.7611661553382874,10,-0.6865867789525213,-0.7453954532310448,-0.97688452859816,-0.6967093817279009,0,0,0.0,0.0718722981067243,-11,11,thymio-19
3,1788221517.5882378,2.7040576934814453,-0.2934639453887939,-1.8492485163497512,99.9,2.7040576934814453,0.0760094448924064,-0.2934639453887939,0.6237869262695312,0.1282783299684524,-0.122722327709198,-0.7611661553382874,10,-0.6865867789525213,-0.7453954532310448,-0.97688452859816,-0.6967093817279009,0,0,0.0,0.0713258113467468,-11,11,thymio-19
4,1788221518.1913416,10000.0,10000.0,0.0,99.9,2.7040576934814453,0.0760094448924064,-0.2934639453887939,0.6237869262695312,0.1282783299684524,-0.122722327709198,-0.7611661553382874,10,1.0,1.0,-1.0,1.0,0,0,0.03,0.1017940545517966,91,122,thymio-19
5,1788221518.7943685,10000.0,10000.0,0.0,99.9,2.7040576934814453,0.0760094448924064,-0.2934639453887939,0.6237869262695312,0.1282783299684524,-0.122722327709198,-0.7611661553382874,10,1.0,1.0,-1.0,1.0,0,0,0.03,-0.0275534149461824,111,102,thymio-19
6,1788221519.3973656,10000.0,10000.0,0.0,99.9,2.7040576934814453,0.0760094448924064,-0.2934639453887939,0.6237869262695312,0.1282783299684524,-0.122722327709198,-0.7611661553382874,10,1.0,1.0,-1.0,1.0,0,0,0.03,-0.2671755226473239,147,66,thymio-19
7,1788221520.0015464,10000.0,10000.0,0.0,99.9,2.7040576934814453,0.0760094448924064,-0.2934639453887939,0.6237869262695312,0.1282783299684524,-0.122722327709198,-0.7611661553382874,10,1.0,1.0,-1.0,1.0,0,0,-0.0020744231720781,-0.5597997884938483,77,-92,thymio-19
8,1788221520.605203,2.719996213912964,-0.2870330810546875,-1.8520100579342471,99.9,2.719996213912964,0.0761268213391304,-0.2870330810546875,0.6403954029083252,0.2303469032049179,-0.0223348792642354,-0.732349157333374,10,-0.7072310061581883,-0.7496242745172073,-0.6342969442179609,-0.7038237677856591,2240,0,-0.08,-0.1852875977176438,-256,-312,thymio-19
9,1788221521.2136748,2.719996213912964,-0.2870330810546875,-1.8520100579342471,99.8,2.719996213912964,0.0761268213391304,-0.2870330810546875,0.6403954029083252,0.2303469032049179,-0.0223348792642354,-0.732349157333374,10,-0.7072310061581883,-0.7496242745172073,-0.6342969442179609,-0.7038237677856591,0,0,0.0354664665194895,0.0120644226866563,124,128,thymio-19
10,1788221521.818298,10000.0,10000.0,0.0,99.8,2.719996213912964,0.0761268213391304,-0.2870330810546875,0.6403954029083252,0.2303469032049179,-0.0223348792642354,-0.732349157333374,10,1.0,1.0,-1.0,1.0,0,0,0.03,0.1679563730833409,81,132,thymio-19
11,1788221522.421573,10000.0,10000.0,0.0,99.8,2.719996213912964,0.0761268213391304,-0.2870330810546875,0.6403954029083252,0.2303469032049179,-0.0223348792642354,-0.732349157333374,10,1.0,1.0,-1.0,1.0,2168,0,-0.08,0.2667621811361211,-325,-244,thymio-19
12,1788221523.024552,10000.0,10000.0,0.0,99.8,2.719996213912964,0.0761268213391304,-0.2870330810546875,0.6403954029083252,0.2303469032049179,-0.0223348792642354,-0.732349157333374,10,1.0,1.0,-1.0,1.0,3426,0,-0.08,0.3772676377813674,-341,-227,thymio-19
13,1788221523.6284037,10000.0,10000.0,0.0,99.8,2.719996213912964,0.0761268213391304,-0.2870330810546875,0.6403954029083252,0.2303469032049179,-0.0223348792642354,-0.732349157333374,10,1.0,1.0,-1.0,1.0,2234,0,-0.08,0.2875275871491718,-328,-241,thymio-19
14,1788221524.2321322,2.756882905960083,-0.2908855080604553,-1.7178350129189195,99.8,2.756882905960083,0.0749862194061279,-0.2908855080604553,0.6205534934997559,0.3853660821914673,0.0844698846340179,-0.6776955723762512,10,-0.798132585176057,-0.7283104392643351,-0.4695283435783918,-0.7517496460540593,1625,0,-0.0338783095077109,0.0646240613712164,-130,-111,thymio-19
15,1788221524.8406932,2.756882905960083,-0.2908855080604553,-1.7178350129189195,99.70000000000002,2.756882905960083,0.0749862194061279,-0.2908855080604553,0.6205534934997559,0.3853660821914673,0.0844698846340179,-0.6776955723762512,10,-0.798132585176057,-0.7283104392643351,-0.4695283435783918,-0.7517496460540593,0,2142,0.08,-0.1403106226099934,305,263,thymio-19
16,1788221525.4441705,10000.0,10000.0,0.0,99.70000000000002,2.756882905960083,0.0749862194061279,-0.2908855080604553,0.6205534934997559,0.3853660821914673,0.0844698846340179,-0.6776955723762512,10,1.0,1.0,-1.0,1.0,0,0,-0.03,-0.1110346903280956,-90,-123,thymio-19
17,1788221526.0478208,10000.0,10000.0,0.0,99.70000000000002,2.756882905960083,0.0749862194061279,-0.2908855080604553,0.6205534934997559,0.3853660821914673,0.0844698846340179,-0.6776955723762512,10,1.0,1.0,-1.0,1.0,0,0,-0.03,-0.0287322526901668,-102,-111,thymio-19
18,1788221526.651526,2.616751909255981,-0.3239192366600036,-1.859825659648143,99.70000000000002,2.616751909255981,0.0772425830364227,-0.3239192366600036,0.6319088935852051,0.1808568835258484,-0.0685170590877533,-0.7505248188972473,10,-0.6605721485198819,1.0,-0.8205350634357109,-0.801680698383415,0,0,-0.013859515821311,0.0642204071929664,-59,-40,thymio-19
19,1788221527.2598214,2.616751909255981,-0.3239192366600036,-1.859825659648143,99.60000000000002,2.616751909255981,0.0772425830364227,-0.3239192366600036,0.6319088935852051,0.1808568835258484,-0.0685170590877533,-0.7505248188972473,10,-0.6605721485198819,1.0,-0.8205350634357109,-0.801680698383415,0,0,-0.014368065873204,0.2139073595710347,-83,-19,thymio-19
20,1788221527.8634818,10000.0,10000.0,0.0,99.60000000000002,2.616751909255981,0.0772425830364227,-0.3239192366600036,0.6319088935852051,0.1808568835258484,-0.0685170590877533,-0.7505248188972473,10,1.0,1.0,-1.0,1.0,0,0,-0.03,0.2280856972378593,-141,-72,thymio-19
21,1788221528.4665215,10000.0,10000.0,0.0,99.60000000000002,2.616751909255981,0.0772425830364227,-0.3239192366600036,0.6319088935852051,0.1808568835258484,-0.0685170590877533,-0.7505248188972473,10,1.0,1.0,-1.0,1.0,0,0,-0.03,0.2995456538870701,-152,-61,thymio-19
22,1788221529.070149,10000.0,10000.0,0.0,99.60000000000002,2.616751909255981,0.0772425830364227,-0.3239192366600036,0.6319088935852051,0.1808568835258484,-0.0685170590877533,-0.7505248188972473,10,1.0,1.0,-1.0,1.0,0,0,-0.03,0.2114618867207832,-139,-75,thymio-19
23,1788221529.6738064,10000.0,10000.0,0.0,99.60000000000002,2.616751909255981,0.0772425830364227,-0.3239192366600036,0.6319088935852051,0.1808568835258484,-0.0685170590877533,-0.7505248188972473,10,1.0,1.0,-1.0,1.0,0,0,-0.03,0.2054901319041782,-138,-76,thymio-19
24,1788221530.2780137,2.617844343185425,-0.3229463398456573,-1.833729651515575,99.60000000000002,2.617844343185425,0.0763849169015884,-0.3229463398456573,0.6273521780967712,0.2258840799331665,-0.0426888987421989,-0.7440318465232849,10,-0.6144087688850899,1.0,-0.4422253116729159,-0.7283593386644927,0,0,-0.0859644376942826,0.2156219721407294,-338,-273,thymio-19
25,1788221530.887048,2.617844343185425,-0.3229463398456573,-1.833729651515575,99.50000000000004,2.617844343185425,0.0763849169015884,-0.3229463398456573,0.6273521780967712,0.2258840799331665,-0.0426888987421989,-0.7440318465232849,10,-0.6144087688850899,1.0,-0.4422253116729159,-0.7283593386644927,0,0,-0.088854713645137,0.071635646416111,-327,-305,thymio-19
26,1788221531.4900196,10000.0,10000.0,0.0,99.50000000000004,2.617844343185425,0.0763849169015884,-0.3229463398456573,0.6273521780967712,0.2258840799331665,-0.0426888987421989,-0.7440318465232849,10,1.0,1.0,-1.0,1.0,0,0,-0.03,-0.0296573378277329,-102,-111,thymio-19
27,1788221532.0930097,10000.0,10000.0,0.0,99.50000000000004,2.617844343185425,0.0763849169015884,-0.3229463398456573,0.6273521780967712,0.2258840799331665,-0.0426888987421989,-0.7440318465232849,10,1.0,1.0,-1.0,1.0,0,0,-0.03,0.0718114787765674,-117,-96,thymio-19
28,1788221532.6960404,10000.0,10000.0,0.0,99.50000000000004,2.617844343185425,0.0763849169015884,-0.3229463398456573,0.6273521780967712,0.2258840799331665,-0.0426888987421989,-0.7440318465232849,10,1.0,1.0,-1.0,1.0,0,0,-0.03,0.0812407891664705,-119,-94,thymio-19
29,1788221533.2989306,2.4823672771453857,-0.3003079295158386,-1.8180819775452088,99.50000000000004,2.4823672771453857,0.0779862776398658,-0.3003079295158386,0.5759978294372559,-0.0414146557450294,-0.2572444677352905,-0.7748139500617981,10,-0.4807362999761885,1.0,1.0,-0.6830851645135854,0,0,0.0189925075707659,0.1155075112095985,50,85,thymio-19
30,1788221533.9083912,2.4823672771453857,-0.3003079295158386,-1.8180819775452088,99.40000000000003,2.4823672771453857,0.0779862776398658,-0.3003079295158386,0.5759978294372559,-0.0414146557450294,-0.2572444677352905,-0.7748139500617981,10,-0.4807362999761885,1.0,1.0,-0.6830851645135854,0,0,0.0676031033381881,0.5944409477001933,150,330,thymio-19
31,1788221534.5113976,10000.0,10000.0,0.0,99.40000000000003,2.4823672771453857,0.0779862776398658,-0.3003079295158386,0.5759978294372559,-0.0414146557450294,-0.2572444677352905,-0.7748139500617981,10,1.0,1.0,-1.0,1.0,0,0,0.03,0.5905614171203621,17,196,thymio-19
32,1788221535.1146176,10000.0,10000.0,0.0,99.40000000000003,2.4823672771453857,0.0779862776398658,-0.3003079295158386,0.5759978294372559,-0.0414146557450294,-0.2572444677352905,-0.7748139500617981,10,1.0,1.0,-1.0,1.0,0,0,0.03,0.6134018786366712,14,199,thymio-19
33,1788221535.7187655,10000.0,10000.0,0.0,99.40000000000003,2.4823672771453857,0.0779862776398658,-0.3003079295158386,0.5759978294372559,-0.0414146557450294,-0.2572444677352905,-0.7748139500617981,10,1.0,1.0,-1.0,1.0,0,0,0.03,0.6244437972609339,12,201,thymio-19
34,1788221536.322093,2.345809936523437,-0.1981017142534256,-1.8036991650720773,99.40000000000003,2.345809936523437,0.0800479725003242,-0.1981017142534256,0.5690685510635376,-0.0633172839879989,-0.2765581905841827,-0.7717950344085693,10,-0.5802877990503821,1.0,-0.6099230800391995,-0.4745812779307189,0,0,0.0139580070350115,0.4929963138406718,-25,124,thymio-19
35,1788221536.930768,2.345809936523437,-0.1981017142534256,-1.8036991650720773,99.30000000000004,2.345809936523437,0.0800479725003242,-0.1981017142534256,0.5690685510635376,-0.0633172839879989,-0.2765581905841827,-0.7717950344085693,10,-0.5802877990503821,1.0,-0.6099230800391995,-0.4745812779307189,0,0,-0.0112563997244736,0.5846370815020331,-128,48,thymio-19
36,1788221537.5343237,10000.0,10000.0,0.0,99.30000000000004,2.345809936523437,0.0800479725003242,-0.1981017142534256,0.5690685510635376,-0.0633172839879989,-0.2765581905841827,-0.7717950344085693,10,1.0,1.0,-1.0,1.0,0,0,0.03,0.6261783531508123,12,201,thymio-19
37,1788221538.1371682,10000.0,10000.0,0.0,99.30000000000004,2.345809936523437,0.0800479725003242,-0.1981017142534256,0.5690685510635376,-0.0633172839879989,-0.2765581905841827,-0.7717950344085693,10,1.0,1.0,-1.0,1.0,0,0,0.03,0.627410446941362,12,201,thymio-19
38,1788221538.7400117,10000.0,10000.0,0.0,99.30000000000004,2.345809936523437,0.0800479725003242,-0.1981017142534256,0.5690685510635376,-0.0633172839879989,-0.2765581905841827,-0.7717950344085693,10,1.0,1.0,-1.0,1.0,0,0,-0.0175477423541655,0.6257010048428862,-157,32,thymio-19
39,1788221539.3430495,10000.0,10000.0,0.0,99.30000000000004,2.345809936523437,0.0800479725003242,-0.1981017142534256,0.5690685510635376,-0.0633172839879989,-0.2765581905841827,-0.7717950344085693,10,1.0,1.0,-1.0,1.0,0,0,-0.03,0.6241787985163911,-201,-12,thymio-19
40,1788221539.9471,10000.0,10000.0,0.0,99.30000000000004,2.345809936523437,0.0800479725003242,-0.1981017142534256,0.5690685510635376,-0.0633172839879989,-0.2765581905841827,-0.7717950344085693,10,1.0,1.0,-1.0,1.0,0,0,-0.0140844075703034,0.6205323977622533,-144,44,thymio-19
41,1788221540.5515544,2.343583345413208,-0.3146335184574127,0.3092095846499174,99.30000000000004,2.343583345413208,0.0794996246695518,-0.3146335184574127,0.1620105952024459,-0.6256469488143921,-0.5989343523979187,-0.4728596210479736,10,-0.9100962304992972,-0.112685982209049,-0.5484865994949655,-0.6069621856425895,0,0,-0.0,0.4895306131574903,-74,74,thymio-19
42,1788221541.160947,2.343583345413208,-0.3146335184574127,0.3092095846499174,99.20000000000005,2.343583345413208,0.0794996246695518,-0.3146335184574127,0.1620105952024459,-0.6256469488143921,-0.5989343523979187,-0.4728596210479736,10,-0.9100962304992972,-0.112685982209049,-0.5484865994949655,-0.6069621856425895,0,0,-0.0,0.1970129783938308,-30,30,thymio-19
43,1788221541.7639363,10000.0,10000.0,0.0,99.20000000000005,2.343583345413208,0.0794996246695518,-0.3146335184574127,0.1620105952024459,-0.6256469488143921,-0.5989343523979187,-0.4728596210479736,10,1.0,1.0,-1.0,1.0,0,0,-0.03,-0.018731352559027,-104,-109,thymio-19
44,1788221542.3668735,2.333022356033325,-0.3047994971275329,-0.76877538504703,99.20000000000005,2.333022356033325,0.0796528831124305,-0.3047994971275329,-0.5408652424812317,-0.6168248057365417,-0.3068868815898895,0.4825063645839691,10,-0.5329534193321352,-0.3910899014175757,-0.37374304549334,1.0,0,0,-0.1722802032911725,-0.0623822331677707,-500,-500,thymio-19
45,1788221542.975387,2.333022356033325,-0.3047994971275329,-0.76877538504703,99.10000000000004,2.333022356033325,0.0796528831124305,-0.3047994971275329,-0.5408652424812317,-0.6168248057365417,-0.3068868815898895,0.4825063645839691,10,-0.5329534193321352,-0.3910899014175757,-0.37374304549334,1.0,0,0,-0.1810530065248394,0.1061301534330617,-500,-500,thymio-19
46,1788221543.5785394,10000.0,10000.0,0.0,99.10000000000004,2.333022356033325,0.0796528831124305,-0.3047994971275329,-0.5408652424812317,-0.6168248057365417,-0.3068868815898895,0.4825063645839691,10,1.0,1.0,-1.0,1.0,0,0,-0.03,0.1739098867862174,-133,-80,thymio-19
47,1788221544.1822286,2.3168725967407227,-0.335109531879425,-1.5736653227024289,99.10000000000004,2.3168725967407227,0.0795842185616493,-0.335109531879425,-0.6033377647399902,-0.4714896380901336,-0.1627027541399002,0.6222610473632812,10,-0.4490436575278862,1.0,-0.0541001062257913,0.1563422013221491,0,0,-0.1786246534728442,-0.0235634354072927,-500,-500,thymio-19
48,1788221544.791699,2.3168725967407227,-0.335109531879425,-1.5736653227024289,99.00000000000006,2.3168725967407227,0.0795842185616493,-0.335109531879425,-0.6033377647399902,-0.4714896380901336,-0.1627027541399002,0.6222610473632812,10,-0.4490436575278862,1.0,-0.0541001062257913,0.1563422013221491,0,0,-0.1740199705490841,0.1284258434774887,-500,-500,thymio-19
49,1788221545.3946164,10000.0,10000.0,0.0,99.00000000000006,2.3168725967407227,0.0795842185616493,-0.335109531879425,-0.6033377647399902,-0.4714896380901336,-0.1627027541399002,0.6222610473632812,10,1.0,1.0,-1.0,1.0,0,0,-0.03,0.1878858741083786,-135,-78,thymio-19
50,1788221545.998212,2.150660753250122,-0.4843019247055053,-1.644184614870349,99.00000000000006,2.150660753250122,0.0786896422505378,-0.4843019247055053,-0.6192147135734558,-0.4235802292823791,-0.1046736091375351,0.6528372168540955,10,-0.4732276833738016,1.0,1.0,0.0466962065293041,0,0,0.0628819907952578,0.2429282644331449,187,260,thymio-19
51,1788221546.6067183,2.150660753250122,-0.4843019247055053,-1.644184614870349,98.90000000000006,2.150660753250122,0.0786896422505378,-0.4843019247055053,-0.6192147135734558,-0.4235802292823791,-0.1046736091375351,0.6528372168540955,10,-0.4732276833738016,1.0,1.0,0.0466962065293041,0,0,0.0735184561563563,0.6274226987320395,166,356,thymio-19
52,1788221547.2107189,10000.0,10000.0,0.0,98.90000000000006,2.150660753250122,0.0786896422505378,-0.4843019247055053,-0.6192147135734558,-0.4235802292823791,-0.1046736091375351,0.6528372168540955,10,1.0,1.0,-1.0,1.0,0,0,-0.017884282495729,0.6265187419780976,-158,31,thymio-19
53,1788221547.8145552,2.0460197925567627,-0.559583306312561,-1.7770440253648951,98.90000000000006,2.0460197925567627,0.0790947750210762,-0.559583306312561,-0.628023624420166,-0.3231965005397796,-0.0334155596792697,0.7071165442466736,10,-0.2663107599233061,1.0,1.0,0.1557855410072652,0,0,0.0092297985827518,0.6282800488262005,-62,128,thymio-19
54,1788221548.423362,2.0460197925567627,-0.559583306312561,-1.7770440253648951,98.80000000000008,2.0460197925567627,0.0790947750210762,-0.559583306312561,-0.628023624420166,-0.3231965005397796,-0.0334155596792697,0.7071165442466736,10,-0.2663107599233061,1.0,1.0,0.1557855410072652,0,0,-0.0512821748046169,0.6283025138311215,-277,-87,thymio-19
55,1788221549.026427,10000.0,10000.0,0.0,98.80000000000008,2.0460197925567627,0.0790947750210762,-0.559583306312561,-0.628023624420166,-0.3231965005397796,-0.0334155596792697,0.7071165442466736,10,1.0,1.0,-1.0,1.0,0,0,-0.03,0.6283046348817202,-201,-12,thymio-19
56,1788221549.629333,10000.0,10000.0,0.0,98.80000000000008,2.0460197925567627,0.0790947750210762,-0.559583306312561,-0.628023624420166,-0.3231965005397796,-0.0334155596792697,0.7071165442466736,10,1.0,1.0,-1.0,1.0,0,0,-0.03,0.6247768901363562,-201,-12,thymio-19
57,1788221550.2322924,10000.0,10000.0,0.0,98.80000000000008,2.0460197925567627,0.0790947750210762,-0.559583306312561,-0.628023624420166,-0.3231965005397796,-0.0334155596792697,0.7071165442466736,10,1.0,1.0,-1.0,1.0,0,0,-0.0077680942103104,0.6241619647367289,-122,67,thymio-19
58,1788221550.8350985,10000.0,10000.0,0.0,98.80000000000008,2.0460197925567627,0.0790947750210762,-0.559583306312561,-0.628023624420166,-0.3231965005397796,-0.0334155596792697,0.7071165442466736,10,1.0,1.0,-1.0,1.0,0,0,0.03,0.623004215514845,13,201,thymio-19
59,1788221551.4388857,10000.0,10000.0,0.0,98.80000000000008,2.0460197925567627,0.0790947750210762,-0.559583306312561,-0.628023624420166,-0.3231965005397796,-0.0334155596792697,0.7071165442466736,10,1.0,1.0,-1.0,1.0,0,0,0.03,0.623934873805255,12,201,thymio-19
60,1788221552.0421703,2.121838331222534,-0.5597953200340271,-1.8346365262844304,98.80000000000008,2.121838331222534,0.0785159766674041,-0.5597953200340271,-0.6046926975250244,-0.0781789198517799,0.1711765378713607,0.7739078402519226,10,-0.1999966289555401,1.0,1.0,-0.2606030489982852,0,0,0.0334645581509842,0.6281343586545356,24,214,thymio-19
61,1788221552.650875,2.121838331222534,-0.5597953200340271,-1.8346365262844304,98.70000000000007,2.121838331222534,0.0785159766674041,-0.5597953200340271,-0.6046926975250244,-0.0781789198517799,0.1711765378713607,0.7739078402519226,10,-0.1999966289555401,1.0,1.0,-0.2606030489982852,0,0,8.380222869239986e-05,0.6282737084792901,-95,95,thymio-19
62,1788221553.2545664,10000.0,10000.0,0.0,98.70000000000007,2.121838331222534,0.0785159766674041,-0.5597953200340271,-0.6046926975250244,-0.0781789198517799,0.1711765378713607,0.7739078402519226,10,1.0,1.0,-1.0,1.0,0,0,-0.0102712207912441,0.6282805059425293,-131,58,thymio-19
63,1788221553.8575003,10000.0,10000.0,0.0,98.70000000000007,2.121838331222534,0.0785159766674041,-0.5597953200340271,-0.6046926975250244,-0.0781789198517799,0.1711765378713607,0.7739078402519226,10,1.0,1.0,-1.0,1.0,0,0,0.009805113427882,0.621426447327913,-59,129,thymio-19
64,1788221554.4604747,10000.0,10000.0,0.0,98.70000000000007,2.121838331222534,0.0785159766674041,-0.5597953200340271,-0.6046926975250244,-0.0781789198517799,0.1711765378713607,0.7739078402519226,10,1.0,1.0,-1.0,1.0,0,0,0.03,0.6210554338938717,13,200,thymio-19
65,1788221555.0642858,10000.0,10000.0,0.0,98.70000000000007,2.121838331222534,0.0785159766674041,-0.5597953200340271,-0.6046926975250244,-0.0781789198517799,0.1711765378713607,0.7739078402519226,10,1.0,1.0,-1.0,1.0,0,0,0.03,0.6188824791018608,13,200,thymio-19
66,1788221555.668063,10000.0,10000.0,0.0,98.70000000000007,2.121838331222534,0.0785159766674041,-0.5597953200340271,-0.6046926975250244,-0.0781789198517799,0.1711765378713607,0.7739078402519226,10,1.0,1.0,-1.0,1.0,0,0,0.03,0.6206909849934945,13,200,thymio-19
67,1788221556.271823,10000.0,10000.0,0.0,98.70000000000007,2.121838331222534,0.0785159766674041,-0.5597953200340271,-0.6046926975250244,-0.0781789198517799,0.1711765378713607,0.7739078402519226,10,1.0,1.0,-1.0,1.0,0,0,0.03,0.6199526613776825,13,200,thymio-19
68,1788221556.8755355,10000.0,10000.0,0.0,98.70000000000007,2.121838331222534,0.0785159766674041,-0.5597953200340271,-0.6046926975250244,-0.0781789198517799,0.1711765378713607,0.7739078402519226,10,1.0,1.0,-1.0,1.0,0,0,0.03,0.5959344482390547,17,197,thymio-19
69,1788221557.4785554,10000.0,10000.0,0.0,98.70000000000007,2.121838331222534,0.0785159766674041,-0.5597953200340271,-0.6046926975250244,-0.0781789198517799,0.1711765378713607,0.7739078402519226,10,1.0,1.0,-1.0,1.0,1590,0,0.03,-0.2860609623917601,150,63,thymio-19
70,1788221558.082691,10000.0,10000.0,0.0,98.70000000000007,2.121838331222534,0.0785159766674041,-0.5597953200340271,-0.6046926975250244,-0.0781789198517799,0.1711765378713607,0.7739078402519226,10,1.0,1.0,-1.0,1.0,4522,0,-0.08,-0.6230446944792299,-190,-378,thymio-19
71,1788221558.6863518,10000.0,10000.0,0.0,98.70000000000007,2.121838331222534,0.0785159766674041,-0.5597953200340271,-0.6046926975250244,-0.0781789198517799,0.1711765378713607,0.7739078402519226,10,1.0,1.0,-1.0,1.0,2505,0,-0.08,-0.6259421643351396,-190,-379,thymio-19
72,1788221559.289479,2.021451473236084,-0.4865526854991913,0.5561947109985343,98.70000000000007,2.021451473236084,0.0803829655051231,-0.4865526854991913,0.1621037721633911,0.777088463306427,0.5998499989509583,0.1001800671219825,10,0.7366892153185709,1.0,-0.3575219952204616,1.0,0,0,0.1323025098701926,-0.621292734417955,500,376,thymio-19
73,1788221559.8983629,2.021451473236084,-0.4865526854991913,0.5561947109985343,98.60000000000008,2.021451473236084,0.0803829655051231,-0.4865526854991913,0.1621037721633911,0.777088463306427,0.5998499989509583,0.1001800671219825,10,0.7366892153185709,1.0,-0.3575219952204616,1.0,0,0,0.1523079835611861,-0.620489900907194,500,447,thymio-19
74,1788221560.5015378,10000.0,10000.0,0.0,98.60000000000008,2.021451473236084,0.0803829655051231,-0.4865526854991913,0.1621037721633911,0.777088463306427,0.5998499989509583,0.1001800671219825,10,1.0,1.0,-1.0,1.0,4026,0,-0.08,-0.6231699579702467,-190,-378,thymio-19
75,1788221561.105061,10000.0,10000.0,0.0,98.60000000000008,2.021451473236084,0.0803829655051231,-0.4865526854991913,0.1621037721633911,0.777088463306427,0.5998499989509583,0.1001800671219825,10,1.0,1.0,-1.0,1.0,2660,0,-0.08,-0.6220640209224443,-190,-378,thymio-19
76,1788221561.7088106,10000.0,10000.0,0.0,98.60000000000008,2.021451473236084,0.0803829655051231,-0.4865526854991913,0.1621037721633911,0.777088463306427,0.5998499989509583,0.1001800671219825,10,1.0,1.0,-1.0,1.0,0,0,0.03,-0.6217816562196385,200,13,thymio-19
77,1788221562.3117642,10000.0,10000.0,0.0,98.60000000000008,2.021451473236084,0.0803829655051231,-0.4865526854991913,0.1621037721633911,0.777088463306427,0.5998499989509583,0.1001800671219825,10,1.0,1.0,-1.0,1.0,0,0,0.03,-0.6214734566306898,200,13,thymio-19
78,1788221562.9153514,10000.0,10000.0,0.0,98.60000000000008,2.021451473236084,0.0803829655051231,-0.4865526854991913,0.1621037721633911,0.777088463306427,0.5998499989509583,0.1001800671219825,10,1.0,1.0,-1.0,1.0,0,0,0.03,-0.6215214538669463,200,13,thymio-19
79,1788221563.51892,10000.0,10000.0,0.0,98.60000000000008,2.021451473236084,0.0803829655051231,-0.4865526854991913,0.1621037721633911,0.777088463306427,0.5998499989509583,0.1001800671219825,10,1.0,1.0,-1.0,1.0,0,0,0.03,-0.6215738110241974,200,13,thymio-19
80,1788221564.1226275,10000.0,10000.0,0.0,98.60000000000008,2.021451473236084,0.0803829655051231,-0.4865526854991913,0.1621037721633911,0.777088463306427,0.5998499989509583,0.1001800671219825,10,1.0,1.0,-1.0,1.0,0,0,0.03,-0.6217142822884485,200,13,thymio-19
81,1788221564.7263024,10000.0,10000.0,0.0,98.60000000000008,2.021451473236084,0.0803829655051231,-0.4865526854991913,0.1621037721633911,0.777088463306427,0.5998499989509583,0.1001800671219825,10,1.0,1.0,-1.0,1.0,0,0,0.03,-0.6218248553195456,200,13,thymio-19
82,1788221565.3299372,10000.0,10000.0,0.0,98.60000000000008,2.021451473236084,0.0803829655051231,-0.4865526854991913,0.1621037721633911,0.777088463306427,0.5998499989509583,0.1001800671219825,10,1.0,1.0,-1.0,1.0,0,0,0.03,-0.6219363146835906,201,13,thymio-19
83,1788221565.932991,10000.0,10000.0,0.0,98.60000000000008,2.021451473236084,0.0803829655051231,-0.4865526854991913,0.1621037721633911,0.777088463306427,0.5998499989509583,0.1001800671219825,10,1.0,1.0,-1.0,1.0,0,0,0.03,-0.6220173113435771,201,13,thymio-19
84,1788221566.536286,10000.0,10000.0,0.0,98.60000000000008,2.021451473236084,0.0803829655051231,-0.4865526854991913,0.1621037721633911,0.777088463306427,0.5998499989509583,0.1001800671219825,10,1.0,1.0,-1.0,1.0,0,0,0.03,-0.6220844129333118,201,13,thymio-19
85,1788221567.139588,2.107820987701416,-0.4207280874252319,-1.7683904774282673,98.60000000000008,2.107820987701416,0.0800526663661003,-0.4207280874252319,0.6295281648635864,0.3309317529201507,0.0390259400010108,-0.7018942832946777,10,-0.6486456696887256,1.0,0.056696205022092,-0.3420134728704398,0,0,0.0287453831753083,-0.3514248447681745,155,49,thymio-19
86,1788221567.747957,2.107820987701416,-0.4207280874252319,-1.7683904774282673,98.50000000000009,2.107820987701416,0.0800526663661003,-0.4207280874252319,0.6295281648635864,0.3309317529201507,0.0390259400010108,-0.7018942832946777,10,-0.6486456696887256,1.0,0.056696205022092,-0.3420134728704398,0,0,0.0663024241329998,-0.2097034879398095,267,204,thymio-19
87,1788221568.3509295,10000.0,10000.0,0.0,98.50000000000009,2.107820987701416,0.0800526663661003,-0.4207280874252319,0.6295281648635864,0.3309317529201507,0.0390259400010108,-0.7018942832946777,10,1.0,1.0,-1.0,1.0,0,0,0.03,-0.1788900812096027,134,80,thymio-19
88,1788221568.9539807,10000.0,10000.0,0.0,98.50000000000009,2.107820987701416,0.0800526663661003,-0.4207280874252319,0.6295281648635864,0.3309317529201507,0.0390259400010108,-0.7018942832946777,10,1.0,1.0,-1.0,1.0,0,0,0.03,-0.4417021711414278,173,40,thymio-19
89,1788221569.5569031,10000.0,10000.0,0.0,98.50000000000009,2.107820987701416,0.0800526663661003,-0.4207280874252319,0.6295281648635864,0.3309317529201507,0.0390259400010108,-0.7018942832946777,10,1.0,1.0,-1.0,1.0,3506,0,-0.08,-0.4911642516010425,-210,-358,thymio-19
90,1788221570.1601498,10000.0,10000.0,0.0,98.50000000000009,2.107820987701416,0.0800526663661003,-0.4207280874252319,0.6295281648635864,0.3309317529201507,0.0390259400010108,-0.7018942832946777,10,1.0,1.0,-1.0,1.0,3523,0,-0.08,-0.5680692761447146,-198,-370,thymio-19
91,1788221570.7637904,10000.0,10000.0,0.0,98.50000000000009,2.107820987701416,0.0800526663661003,-0.4207280874252319,0.6295281648635864,0.3309317529201507,0.0390259400010108,-0.7018942832946777,10,1.0,1.0,-1.0,1.0,2351,0,-0.08,-0.6199105930438092,-191,-378,thymio-19
92,1788221571.367538,1.996511697769165,-0.4122475385665893,-0.0572536690320761,98.50000000000009,1.996511697769165,0.0808827802538871,-0.4122475385665893,-0.2568710148334503,0.546604573726654,0.5623635649681091,0.5647902488708496,10,0.3920946402890688,-0.6066517937042835,-0.8067174941709067,1.0,0,0,0.0152627984486448,-0.5920632365813686,144,-35,thymio-19
93,1788221571.9765325,1.9419597387313845,-0.4053598940372467,-1.815821651310971,98.13769958264062,1.9419597387313845,0.0818271562457084,-0.4053598940372467,-0.5705389976501465,0.0496697500348091,0.262120246887207,0.7767310738563538,10,-0.7827848717239592,1.0,-0.628427813379302,0.2599047302964734,0,0,0.0200947403419663,-0.6017723388276823,162,-19,thymio-19
94,1788221572.5851932,1.9419597387313845,-0.4053598940372467,-1.815821651310971,98.03769958264064,1.9419597387313845,0.0818271562457084,-0.4053598940372467,-0.5705389976501465,0.0496697500348091,0.262120246887207,0.7767310738563538,10,-0.7827848717239592,1.0,-0.628427813379302,0.2599047302964734,0,0,0.0020536537822426,-0.607414797793091,99,-84,thymio-19
95,1788221573.1890068,10000.0,10000.0,0.0,98.03769958264064,1.9419597387313845,0.0818271562457084,-0.4053598940372467,-0.5705389976501465,0.0496697500348091,0.262120246887207,0.7767310738563538,10,1.0,1.0,-1.0,1.0,0,0,0.03,-0.5639954412253297,192,21,thymio-19
96,1788221573.7931888,1.9339221715927124,-0.3683594167232513,-1.790518002177523,98.03769958264064,1.9339221715927124,0.0821096301078796,-0.3683594167232513,-0.6299332976341248,-0.3003205060958862,-0.0133265061303973,0.7161104083061218,10,-0.307486173293451,1.0,-0.7448344994122321,0.205773272118555,0,0,-0.0188450815074677,-0.5169728000975773,11,-145,thymio-19
97,1788221574.4025233,1.9339221715927124,-0.3683594167232513,-1.790518002177523,97.93769958264063,1.9339221715927124,0.0821096301078796,-0.3683594167232513,-0.6299332976341248,-0.3003205060958862,-0.0133265061303973,0.7161104083061218,10,-0.307486173293451,1.0,-0.7448344994122321,0.205773272118555,0,0,-0.0302566058809648,-0.4425808096081634,-41,-174,thymio-19
98,1788221575.00548,10000.0,10000.0,0.0,97.93769958264063,1.9339221715927124,0.0821096301078796,-0.3683594167232513,-0.6299332976341248,-0.3003205060958862,-0.0133265061303973,0.7161104083061218,10,1.0,1.0,-1.0,1.0,0,0,-0.03,-0.2509455082813915,-69,-144,thymio-19
99,1788221575.6090906,10000.0,10000.0,0.0,97.93769958264063,1.9339221715927124,0.0821096301078796,-0.3683594167232513,-0.6299332976341248,-0.3003205060958862,-0.0133265061303973,0.7161104083061218,10,1.0,1.0,-1.0,1.0,0,0,-0.03,-0.3844022727410725,-49,-165,thymio-19
100,1788221576.2122486,10000.0,10000.0,0.0,97.93769958264063,1.9339221715927124,0.0821096301078796,-0.3683594167232513,-0.6299332976341248,-0.3003205060958862,-0.0133265061303973,0.7161104083061218,10,1.0,1.0,-1.0,1.0,0,0,-0.03,-0.2976127715598018,-62,-152,thymio-19
101,1788221576.8151755,10000.0,10000.0,0.0,97.93769958264063,1.9339221715927124,0.0821096301078796,-0.3683594167232513,-0.6299332976341248,-0.3003205060958862,-0.0133265061303973,0.7161104083061218,10,1.0,1.0,-1.0,1.0,0,0,-0.03,-0.2409003166308206,-70,-143,thymio-19
102,1788221577.4195874,1.9317092895507808,-0.3453781306743622,-0.9934200653318466,97.93769958264063,1.9317092895507808,0.0833258628845214,-0.3453781306743622,-0.5625500679016113,-0.5877909660339355,-0.2918850183486938,0.5028343796730042,10,-0.3553494173972873,1.0,1.0,1.0,0,0,0.0377574019598323,-0.190770688213446,163,105,thymio-19
103,1788221578.0285144,1.9317092895507808,-0.3453781306743622,-0.9934200653318466,97.83769958264064,1.9317092895507808,0.0833258628845214,-0.3453781306743622,-0.5625500679016113,-0.5877909660339355,-0.2918850183486938,0.5028343796730042,10,-0.3553494173972873,1.0,1.0,1.0,0,0,0.1247390236056657,0.082857251903307,431,456,thymio-19
104,1788221578.631747,10000.0,10000.0,0.0,97.83769958264064,1.9317092895507808,0.0833258628845214,-0.3453781306743622,-0.5625500679016113,-0.5877909660339355,-0.2918850183486938,0.5028343796730042,10,1.0,1.0,-1.0,1.0,0,0,0.03,0.6030982177914299,16,198,thymio-19
105,1788221579.235026,10000.0,10000.0,0.0,97.83769958264064,1.9317092895507808,0.0833258628845214,-0.3453781306743622,-0.5625500679016113,-0.5877909660339355,-0.2918850183486938,0.5028343796730042,10,1.0,1.0,-1.0,1.0,0,0,0.03,0.6240205726156567,12,201,thymio-19
106,1788221579.8379774,10000.0,10000.0,0.0,97.83769958264064,1.9317092895507808,0.0833258628845214,-0.3453781306743622,-0.5625500679016113,-0.5877909660339355,-0.2918850183486938,0.5028343796730042,10,1.0,1.0,-1.0,1.0,0,0,0.03,0.5891280987289979,18,196,thymio-19
107,1788221580.440873,10000.0,10000.0,0.0,97.83769958264064,1.9317092895507808,0.0833258628845214,-0.3453781306743622,-0.5625500679016113,-0.5877909660339355,-0.2918850183486938,0.5028343796730042,10,1.0,1.0,-1.0,1.0,0,0,0.03,-0.0060216662135151,108,106,thymio-19
108,1788221581.0446024,10000.0,10000.0,0.0,97.83769958264064,1.9317092895507808,0.0833258628845214,-0.3453781306743622,-0.5625500679016113,-0.5877909660339355,-0.2918850183486938,0.5028343796730042,10,1.0,1.0,-1.0,1.0,0,0,0.03,-0.6039369371704737,198,15,thymio-19
109,1788221581.6479747,10000.0,10000.0,0.0,97.83769958264064,1.9317092895507808,0.0833258628845214,-0.3453781306743622,-0.5625500679016113,-0.5877909660339355,-0.2918850183486938,0.5028343796730042,10,1.0,1.0,-1.0,1.0,0,0,0.03,-0.6176613895169245,200,13,thymio-19
110,1788221582.251299,1.9424210786819456,-0.457653284072876,0.5220305361413895,97.83769958264064,1.9424210786819456,0.0808766111731529,-0.457653284072876,-0.2721475958824157,-0.7784549593925476,-0.563944399356842,0.0437061078846454,10,0.8237367221851044,-0.7402106463204077,-0.376489694663299,1.0,0,0,0.0455430046140382,-0.5845167530323571,250,74,thymio-19
111,1788221582.8607132,1.9424210786819456,-0.457653284072876,0.5220305361413895,97.73769958264064,1.9424210786819456,0.0808766111731529,-0.457653284072876,-0.2721475958824157,-0.7784549593925476,-0.563944399356842,0.0437061078846454,10,0.8237367221851044,-0.7402106463204077,-0.376489694663299,1.0,0,0,0.069762372564812,-0.5557593585032715,332,164,thymio-19
112,1788221583.4642785,10000.0,10000.0,0.0,97.73769958264064,1.9424210786819456,0.0808766111731529,-0.457653284072876,-0.2721475958824157,-0.7784549593925476,-0.563944399356842,0.0437061078846454,10,1.0,1.0,-1.0,1.0,0,0,0.03,-0.5470838481075965,189,24,thymio-19
113,1788221584.0673523,10000.0,10000.0,0.0,97.73769958264064,1.9424210786819456,0.0808766111731529,-0.457653284072876,-0.2721475958824157,-0.7784549593925476,-0.563944399356842,0.0437061078846454,10,1.0,1.0,-1.0,1.0,0,0,0.03,-0.6126665580154823,199,14,thymio-19
114,1788221584.6713552,10000.0,10000.0,0.0,97.73769958264064,1.9424210786819456,0.0808766111731529,-0.457653284072876,-0.2721475958824157,-0.7784549593925476,-0.563944399356842,0.0437061078846454,10,1.0,1.0,-1.0,1.0,0,0,0.03,-0.6031628371680339,198,16,thymio-19
115,1788221585.275175,10000.0,10000.0,0.0,97.73769958264064,1.9424210786819456,0.0808766111731529,-0.457653284072876,-0.2721475958824157,-0.7784549593925476,-0.563944399356842,0.0437061078846454,10,1.0,1.0,-1.0,1.0,0,0,0.03,-0.6182297001790901,200,13,thymio-19
116,1788221585.8781586,1.822835683822632,-0.2773584723472595,0.4972531274060139,97.73769958264064,1.822835683822632,0.0844881758093833,-0.2773584723472595,-0.3197115063667297,-0.7740472555160522,-0.5314871072769165,0.1271100044250488,10,1.0,-0.6037200958033484,-0.2231873238816772,1.0,0,0,0.1486573489556746,-0.60722559717008,500,436,thymio-19
117,1788221586.4873104,1.822835683822632,-0.2773584723472595,0.4972531274060139,97.63769958264064,1.822835683822632,0.0844881758093833,-0.2773584723472595,-0.3197115063667297,-0.7740472555160522,-0.5314871072769165,0.1271100044250488,10,1.0,-0.6037200958033484,-0.2231873238816772,1.0,0,0,0.1830797659001113,-0.6187723789727883,500,500,thymio-19
118,1788221587.0911658,10000.0,10000.0,0.0,97.63769958264064,1.822835683822632,0.0844881758093833,-0.2773584723472595,-0.3197115063667297,-0.7740472555160522,-0.5314871072769165,0.1271100044250488,10,1.0,1.0,-1.0,1.0,0,0,0.03,-0.6236519557528571,201,12,thymio-19
119,1788221587.6950133,1.6944700479507446,-0.3124189674854278,-0.3514033588112868,97.63769958264064,1.6944700479507446,0.0849104970693588,-0.3124189674854278,0.2937573492527008,-0.5050508379936218,-0.5447987914085388,-0.6015185117721558,10,0.1440806604915661,1.0,-0.4981519512625946,1.0,0,0,0.1821867999149287,-0.6222747218895043,500,500,thymio-19
120,1788221588.3035688,1.6944700479507446,-0.3124189674854278,-0.3514033588112868,97.53769958264066,1.6944700479507446,0.0849104970693588,-0.3124189674854278,0.2937573492527008,-0.5050508379936218,-0.5447987914085388,-0.6015185117721558,10,0.1440806604915661,1.0,-0.4981519512625946,1.0,0,0,0.1725444457209544,-0.6023766963162286,500,500,thymio-19
121,1788221588.9070055,10000.0,10000.0,0.0,97.53769958264066,1.6944700479507446,0.0849104970693588,-0.3124189674854278,0.2937573492527008,-0.5050508379936218,-0.5447987914085388,-0.6015185117721558,10,1.0,1.0,-1.0,1.0,0,0,0.03,-0.6156997111902971,200,14,thymio-19
122,1788221589.5103052,10000.0,10000.0,0.0,97.53769958264066,1.6944700479507446,0.0849104970693588,-0.3124189674854278,0.2937573492527008,-0.5050508379936218,-0.5447987914085388,-0.6015185117721558,10,1.0,1.0,-1.0,1.0,0,0,0.03,-0.6211507404794545,200,13,thymio-19
123,1788221590.1137807,10000.0,10000.0,0.0,97.53769958264066,1.6944700479507446,0.0849104970693588,-0.3124189674854278,0.2937573492527008,-0.5050508379936218,-0.5447987914085388,-0.6015185117721558,10,1.0,1.0,-1.0,1.0,0,0,0.03,-0.6231516480471477,201,12,thymio-19
124,1788221590.7175586,10000.0,10000.0,0.0,97.53769958264066,1.6944700479507446,0.0849104970693588,-0.3124189674854278,0.2937573492527008,-0.5050508379936218,-0.5447987914085388,-0.6015185117721558,10,1.0,1.0,-1.0,1.0,0,0,0.03,-0.6231328763694816,201,12,thymio-19
125,1788221591.3204272,10000.0,10000.0,0.0,97.53769958264066,1.6944700479507446,0.0849104970693588,-0.3124189674854278,0.2937573492527008,-0.5050508379936218,-0.5447987914085388,-0.6015185117721558,10,1.0,1.0,-1.0,1.0,0,0,0.03,-0.6231031424801275,201,13,thymio-19
126,1788221591.9240627,10000.0,10000.0,0.0,97.53769958264066,1.6944700479507446,0.0849104970693588,-0.3124189674854278,0.2937573492527008,-0.5050508379936218,-0.5447987914085388,-0.6015185117721558,10,1.0,1.0,-1.0,1.0,0,0,0.03,-0.6229110583438647,201,13,thymio-19
127,1788221592.5269368,10000.0,10000.0,0.0,97.53769958264066,1.6944700479507446,0.0849104970693588,-0.3124189674854278,0.2937573492527008,-0.5050508379936218,-0.5447987914085388,-0.6015185117721558,10,1.0,1.0,-1.0,1.0,0,0,0.03,-0.6227465872853285,201,13,thymio-19
128,1788221593.1297686,10000.0,10000.0,0.0,97.53769958264066,1.6944700479507446,0.0849104970693588,-0.3124189674854278,0.2937573492527008,-0.5050508379936218,-0.5447987914085388,-0.6015185117721558,10,1.0,1.0,-1.0,1.0,0,0,0.03,-0.6225688302646388,201,13,thymio-19
129,1788221593.733495,10000.0,10000.0,0.0,97.53769958264066,1.6944700479507446,0.0849104970693588,-0.3124189674854278,0.2937573492527008,-0.5050508379936218,-0.5447987914085388,-0.6015185117721558,10,1.0,1.0,-1.0,1.0,0,0,0.03,-0.622433862661085,201,13,thymio-19
130,1788221594.3368456,1.6504778861999512,-0.4854123890399933,-1.3200268205689352,97.53769958264066,1.6504778861999512,0.083407275378704,-0.4854123890399933,0.401696503162384,-0.3673124015331268,-0.4678488373756408,-0.6963038444519043,10,-0.0517955580376111,1.0,-0.4558082249634002,1.0,0,0,0.1399941408664183,-0.6219255298256792,500,403,thymio-19
131,1788221594.9458582,1.6504778861999512,-0.4854123890399933,-1.3200268205689352,97.43769958264066,1.6504778861999512,0.083407275378704,-0.4854123890399933,0.401696503162384,-0.3673124015331268,-0.4678488373756408,-0.6963038444519043,10,-0.0517955580376111,1.0,-0.4558082249634002,1.0,0,0,0.1291244744437545,-0.6192053466804891,500,365,thymio-19
132,1788221595.5491605,10000.0,10000.0,0.0,97.43769958264066,1.6504778861999512,0.083407275378704,-0.4854123890399933,0.401696503162384,-0.3673124015331268,-0.4678488373756408,-0.6963038444519043,10,1.0,1.0,-1.0,1.0,0,0,0.03,-0.6214258904538675,200,13,thymio-19
133,1788221596.1529818,10000.0,10000.0,0.0,97.43769958264066,1.6504778861999512,0.083407275378704,-0.4854123890399933,0.401696503162384,-0.3673124015331268,-0.4678488373756408,-0.6963038444519043,10,1.0,1.0,-1.0,1.0,0,0,0.03,-0.6241765875011386,201,12,thymio-19
134,1788221596.7566557,10000.0,10000.0,0.0,97.43769958264066,1.6504778861999512,0.083407275378704,-0.4854123890399933,0.401696503162384,-0.3673124015331268,-0.4678488373756408,-0.6963038444519043,10,1.0,1.0,-1.0,1.0,0,0,0.03,-0.6238176693184302,201,12,thymio-19
135,1788221597.3598244,10000.0,10000.0,0.0,97.43769958264066,1.6504778861999512,0.083407275378704,-0.4854123890399933,0.401696503162384,-0.3673124015331268,-0.4678488373756408,-0.6963038444519043,10,1.0,1.0,-1.0,1.0,0,0,0.03,-0.6238049328443664,201,12,thymio-19
136,1788221597.9632337,1.773472785949707,-0.5958244204521179,0.3439053971967003,97.43769958264066,1.773472785949707,0.0816403329372406,-0.5958244204521179,0.39960578083992,0.7547426819801331,0.4636546969413757,-0.236014649271965,10,1.0,-0.679867034082059,-0.1203823583209023,1.0,0,0,0.0762510856411289,-0.6026058895206107,362,180,thymio-19
137,1788221598.5736463,1.773472785949707,-0.5958244204521179,0.3439053971967003,97.33769958264068,1.773472785949707,0.0816403329372406,-0.5958244204521179,0.39960578083992,0.7547426819801331,0.4636546969413757,-0.236014649271965,10,1.0,-0.679867034082059,-0.1203823583209023,1.0,0,0,0.1116466500344022,-0.5960016053233318,487,307,thymio-19
138,1788221599.1766036,10000.0,10000.0,0.0,97.33769958264068,1.773472785949707,0.0816403329372406,-0.5958244204521179,0.39960578083992,0.7547426819801331,0.4636546969413757,-0.236014649271965,10,1.0,1.0,-1.0,1.0,0,0,0.03,-0.5871013294299061,195,18,thymio-19
139,1788221599.7803357,10000.0,10000.0,0.0,97.33769958264068,1.773472785949707,0.0816403329372406,-0.5958244204521179,0.39960578083992,0.7547426819801331,0.4636546969413757,-0.236014649271965,10,1.0,1.0,-1.0,1.0,0,0,0.03,-0.6191896237010847,200,13,thymio-19
140,1788221600.383969,1.6140172481536863,-0.4787750840187073,0.3876233534885505,97.33769958264068,1.6140172481536863,0.0838182643055915,-0.4787750840187073,-0.1216906830668449,0.657963752746582,0.6029816269874573,0.4343826472759247,10,1.0,-0.1526238029926242,0.0318458464648439,1.0,0,0,0.1818331681511801,-0.603542509454532,500,500,thymio-19
141,1788221600.9924064,1.6140172481536863,-0.4787750840187073,0.3876233534885505,97.23769958264069,1.6140172481536863,0.0838182643055915,-0.4787750840187073,-0.1216906830668449,0.657963752746582,0.6029816269874573,0.4343826472759247,10,1.0,-0.1526238029926242,0.0318458464648439,1.0,0,0,0.1864173058390505,-0.6230469088999191,500,500,thymio-19
142,1788221601.596188,10000.0,10000.0,0.0,97.23769958264069,1.6140172481536863,0.0838182643055915,-0.4787750840187073,-0.1216906830668449,0.657963752746582,0.6029816269874573,0.4343826472759247,10,1.0,1.0,-1.0,1.0,0,0,0.03,-0.6084804176845916,198,15,thymio-19
143,1788221602.1994183,1.573157548904419,-0.6388769745826721,-1.6662432744707611,97.23769958264069,1.573157548904419,0.083048291504383,-0.6388769745826721,-0.4818968176841736,0.2368731200695037,0.3863908648490906,0.7499125003814697,10,0.0444423983942376,1.0,1.0,0.2866801182079128,0,0,0.1553324030739378,-0.6247168135657175,500,458,thymio-19
144,1788221602.808429,1.573157548904419,-0.6388769745826721,-1.6662432744707611,97.13769958264068,1.573157548904419,0.083048291504383,-0.6388769745826721,-0.4818968176841736,0.2368731200695037,0.3863908648490906,0.7499125003814697,10,0.0444423983942376,1.0,1.0,0.2866801182079128,0,0,0.0759798634931956,-0.6077796367882795,362,178,thymio-19
145,1788221603.413074,10000.0,10000.0,0.0,97.13769958264068,1.573157548904419,0.083048291504383,-0.6388769745826721,-0.4818968176841736,0.2368731200695037,0.3863908648490906,0.7499125003814697,10,1.0,1.0,-1.0,1.0,0,0,0.03,-0.5855696434367964,195,18,thymio-19
146,1788221604.0166357,10000.0,10000.0,0.0,97.13769958264068,1.573157548904419,0.083048291504383,-0.6388769745826721,-0.4818968176841736,0.2368731200695037,0.3863908648490906,0.7499125003814697,10,1.0,1.0,-1.0,1.0,0,0,0.03,-0.5085613545779526,183,30,thymio-19
147,1788221604.619984,10000.0,10000.0,0.0,97.13769958264068,1.573157548904419,0.083048291504383,-0.6388769745826721,-0.4818968176841736,0.2368731200695037,0.3863908648490906,0.7499125003814697,10,1.0,1.0,-1.0,1.0,0,0,0.03,-0.5605591773941075,191,22,thymio-19
148,1788221605.2233598,1.6962043046951294,-0.8134891986846924,-1.8280496418403704,97.13769958264068,1.6962043046951294,0.0801992565393447,-0.8134891986846924,-0.5771205425262451,0.0352682247757911,0.2480878233909607,0.7772648334503174,10,-0.628420440831865,1.0,1.0,-0.7786051774113457,0,0,0.0203997123107985,-0.3265267868582718,122,23,thymio-19
149,1788221605.8316228,1.6962043046951294,-0.8134891986846924,-1.8280496418403704,97.03769958264068,1.6962043046951294,0.0801992565393447,-0.8134891986846924,-0.5771205425262451,0.0352682247757911,0.2480878233909607,0.7772648334503174,10,-0.628420440831865,1.0,1.0,-0.7786051774113457,0,0,0.0253133767688865,0.2130398564221582,58,122,thymio-19
150,1788221606.434822,10000.0,10000.0,0.0,97.03769958264068,1.6962043046951294,0.0801992565393447,-0.8134891986846924,-0.5771205425262451,0.0352682247757911,0.2480878233909607,0.7772648334503174,10,1.0,1.0,-1.0,1.0,0,0,0.03,0.5987140722604476,16,197,thymio-19
151,1788221607.0379117,10000.0,10000.0,0.0,97.03769958264068,1.6962043046951294,0.0801992565393447,-0.8134891986846924,-0.5771205425262451,0.0352682247757911,0.2480878233909607,0.7772648334503174,10,1.0,1.0,-1.0,1.0,0,0,0.03,0.588370581328544,18,195,thymio-19
152,1788221607.640859,10000.0,10000.0,0.0,97.03769958264068,1.6962043046951294,0.0801992565393447,-0.8134891986846924,-0.5771205425262451,0.0352682247757911,0.2480878233909607,0.7772648334503174,10,1.0,1.0,-1.0,1.0,0,0,0.03,0.613611045432486,14,199,thymio-19
153,1788221608.2439475,10000.0,10000.0,0.0,97.03769958264068,1.6962043046951294,0.0801992565393447,-0.8134891986846924,-0.5771205425262451,0.0352682247757911,0.2480878233909607,0.7772648334503174,10,1.0,1.0,-1.0,1.0,0,0,0.03,0.6213510262943428,13,200,thymio-19
154,1788221608.847753,10000.0,10000.0,0.0,97.03769958264068,1.6962043046951294,0.0801992565393447,-0.8134891986846924,-0.5771205425262451,0.0352682247757911,0.2480878233909607,0.7772648334503174,10,1.0,1.0,-1.0,1.0,0,0,0.03,0.6245714087410013,12,201,thymio-19
155,1788221609.450594,10000.0,10000.0,0.0,97.03769958264068,1.6962043046951294,0.0801992565393447,-0.8134891986846924,-0.5771205425262451,0.0352682247757911,0.2480878233909607,0.7772648334503174,10,1.0,1.0,-1.0,1.0,0,0,0.03,0.6238475196798652,12,201,thymio-19
156,1788221610.0540483,1.840460538864136,-0.8181455135345459,-1.498307153111481,97.03769958264068,1.840460538864136,0.0794638618826866,-0.8181455135345459,-0.5962187051773071,-0.4988956153392792,-0.1918902248144149,0.5990030169487,10,-0.6796877974319404,1.0,1.0,0.0627253419903131,0,0,0.0353426950767216,0.6278166089101879,31,220,thymio-19
157,1788221610.6625063,1.840460538864136,-0.8181455135345459,-1.498307153111481,96.93769958264068,1.840460538864136,0.0794638618826866,-0.8181455135345459,-0.5962187051773071,-0.4988956153392792,-0.1918902248144149,0.5990030169487,10,-0.6796877974319404,1.0,1.0,0.0627253419903131,0,0,0.0334482633585013,0.6281319057952348,24,214,thymio-19
158,1788221611.2663274,10000.0,10000.0,0.0,96.93769958264068,1.840460538864136,0.0794638618826866,-0.8181455135345459,-0.5962187051773071,-0.4988956153392792,-0.1918902248144149,0.5990030169487,10,1.0,1.0,-1.0,1.0,0,0,0.03,0.627788257774363,12,201,thymio-19
159,1788221611.8698478,10000.0,10000.0,0.0,96.93769958264068,1.840460538864136,0.0794638618826866,-0.8181455135345459,-0.5962187051773071,-0.4988956153392792,-0.1918902248144149,0.5990030169487,10,1.0,1.0,-1.0,1.0,0,0,0.03,0.6229019578024956,13,201,thymio-19
160,1788221612.4728184,10000.0,10000.0,0.0,96.93769958264068,1.840460538864136,0.0794638618826866,-0.8181455135345459,-0.5962187051773071,-0.4988956153392792,-0.1918902248144149,0.5990030169487,10,1.0,1.0,-1.0,1.0,0,0,0.03,0.6216069571486367,13,200,thymio-19
161,1788221613.0765524,10000.0,10000.0,0.0,96.93769958264068,1.840460538864136,0.0794638618826866,-0.8181455135345459,-0.5962187051773071,-0.4988956153392792,-0.1918902248144149,0.5990030169487,10,1.0,1.0,-1.0,1.0,0,0,0.03,0.596729491801444,16,197,thymio-19
162,1788221613.6802125,10000.0,10000.0,0.0,96.93769958264068,1.840460538864136,0.0794638618826866,-0.8181455135345459,-0.5962187051773071,-0.4988956153392792,-0.1918902248144149,0.5990030169487,10,1.0,1.0,-1.0,1.0,0,0,0.03,-0.0745120481733168,118,95,thymio-19
163,1788221614.28313,10000.0,10000.0,0.0,96.93769958264068,1.840460538864136,0.0794638618826866,-0.8181455135345459,-0.5962187051773071,-0.4988956153392792,-0.1918902248144149,0.5990030169487,10,1.0,1.0,-1.0,1.0,0,0,0.03,-0.6166084500850384,200,13,thymio-19
164,1788221614.8868885,10000.0,10000.0,0.0,96.93769958264068,1.840460538864136,0.0794638618826866,-0.8181455135345459,-0.5962187051773071,-0.4988956153392792,-0.1918902248144149,0.5990030169487,10,1.0,1.0,-1.0,1.0,0,0,0.03,-0.6231339266896357,201,12,thymio-19
165,1788221615.4906209,1.9400439262390137,-0.8918886184692383,-0.7120576830370373,96.93769958264068,1.9400439262390137,0.0783627107739448,-0.8918886184692383,-0.3305517137050628,0.4567540287971496,0.5261197686195374,0.6366390585899353,10,-0.6420658063657623,1.0,1.0,1.0,0,0,0.1023715014844345,-0.5896439439442117,453,275,thymio-19
166,1788221616.0996983,1.9400439262390137,-0.8918886184692383,-0.7120576830370373,96.8376995826407,1.9400439262390137,0.0783627107739448,-0.8918886184692383,-0.3305517137050628,0.4567540287971496,0.5261197686195374,0.6366390585899353,10,-0.6420658063657623,1.0,1.0,1.0,0,0,0.1374836777477409,-0.5948615158277238,500,399,thymio-19
167,1788221616.704331,10000.0,10000.0,0.0,96.8376995826407,1.9400439262390137,0.0783627107739448,-0.8918886184692383,-0.3305517137050628,0.4567540287971496,0.5261197686195374,0.6366390585899353,10,1.0,1.0,-1.0,1.0,0,0,0.03,-0.6202281769068768,200,13,thymio-19
168,1788221617.3076446,10000.0,10000.0,0.0,96.8376995826407,1.9400439262390137,0.0783627107739448,-0.8918886184692383,-0.3305517137050628,0.4567540287971496,0.5261197686195374,0.6366390585899353,10,1.0,1.0,-1.0,1.0,0,0,0.03,-0.6240009706831736,201,12,thymio-19
169,1788221617.9115348,1.7345443964004517,-0.8779212236404419,0.5104502359393202,96.8376995826407,1.7345443964004517,0.0797730758786201,-0.8779212236404419,0.0116763245314359,0.7263571619987488,0.622919499874115,0.2902416884899139,10,1.0,1.0,-0.7513181184963106,1.0,0,0,0.0533558710826049,-0.6265906245571622,284,95,thymio-19
170,1788221618.5202856,1.7345443964004517,-0.8779212236404419,0.5104502359393202,96.7376995826407,1.7345443964004517,0.0797730758786201,-0.8779212236404419,0.0116763245314359,0.7263571619987488,0.622919499874115,0.2902416884899139,10,1.0,1.0,-0.7513181184963106,1.0,0,0,0.0470143172280861,-0.625585887333275,262,73,thymio-19
171,1788221619.1232417,10000.0,10000.0,0.0,96.7376995826407,1.7345443964004517,0.0797730758786201,-0.8779212236404419,0.0116763245314359,0.7263571619987488,0.622919499874115,0.2902416884899139,10,1.0,1.0,-1.0,1.0,0,0,0.03,-0.6241497241083546,201,12,thymio-19
172,1788221619.7263522,10000.0,10000.0,0.0,96.7376995826407,1.7345443964004517,0.0797730758786201,-0.8779212236404419,0.0116763245314359,0.7263571619987488,0.622919499874115,0.2902416884899139,10,1.0,1.0,-1.0,1.0,0,0,0.03,-0.6233753491911542,201,12,thymio-19
173,1788221620.3300974,10000.0,10000.0,0.0,96.7376995826407,1.7345443964004517,0.0797730758786201,-0.8779212236404419,0.0116763245314359,0.7263571619987488,0.622919499874115,0.2902416884899139,10,1.0,1.0,-1.0,1.0,0,0,0.03,-0.6226054377693013,201,13,thymio-19
174,1788221620.9335337,1.6108076572418213,-0.978670299053192,-0.8661656588178919,96.7376995826407,1.6108076572418213,0.080869622528553,-0.978670299053192,-0.3472920060157776,0.4431644380092621,0.5111976265907288,0.6493617296218872,10,-0.523034322485563,1.0,1.0,-0.6911806445201367,0,0,0.0595923232974563,-0.4480823795300723,279,144,thymio-19
175,1788221621.5439582,1.6108076572418213,-0.978670299053192,-0.8661656588178919,96.6376995826407,1.6108076572418213,0.080869622528553,-0.978670299053192,-0.3472920060157776,0.4431644380092621,0.5111976265907288,0.6493617296218872,10,-0.523034322485563,1.0,1.0,-0.6911806445201367,0,0,0.1088202679343893,-0.2207687328416162,420,353,thymio-19
176,1788221622.1535082,1.7031673192977903,-1.0449892282485962,-1.8306540878503748,96.53769958264073,1.7031673192977903,0.079234205186367,-1.0449892282485962,-0.6343658566474915,-0.2157258242368698,0.0534279569983482,0.7403970956802368,10,-0.1274783985074663,-0.9160672494617028,1.0,-0.7308486601827735,0,0,0.0,0.3664945831864818,-55,55,thymio-19
177,1788221622.7627325,1.7031673192977903,-1.0449892282485962,-1.8306540878503748,96.43769958264072,1.7031673192977903,0.079234205186367,-1.0449892282485962,-0.6343658566474915,-0.2157258242368698,0.0534279569983482,0.7403970956802368,10,-0.1274783985074663,-0.9160672494617028,1.0,-0.7308486601827735,0,0,0.0,0.5918557276131777,-89,89,thymio-19
178,1788221623.3712938,1.7966816425323486,-1.0252808332443235,-1.795800120783715,96.33769958264072,1.7966816425323486,0.0790285840630531,-1.0252808332443235,-0.627769410610199,-0.2871360182762146,0.0003237146884202,0.7235042452812195,10,-0.2424010561933814,1.0,1.0,-0.7667046592785791,0,0,0.006990795300191,0.1827060753620761,-3,52,thymio-19
179,1788221623.9803464,1.7966816425323486,-1.0252808332443235,-1.795800120783715,96.23769958264072,1.7966816425323486,0.0790285840630531,-1.0252808332443235,-0.627769410610199,-0.2871360182762146,0.0003237146884202,0.7235042452812195,10,-0.2424010561933814,1.0,1.0,-0.7667046592785791,0,0,0.0211772106402785,0.5928158802356287,-14,165,thymio-19
180,1788221624.5892782,1.8006516695022583,-1.037930250167847,-1.837720991727949,96.13769958264074,1.8006516695022583,0.0788737088441848,-1.037930250167847,-0.6061504483222961,-0.0657365694642067,0.1786292344331741,0.7722382545471191,10,-0.2644277398452073,1.0,1.0,-0.7605888924144732,0,0,0.0501495739083039,0.6268611700220258,84,273,thymio-19
181,1788221625.1975057,1.8106187582015991,-1.0584086179733276,-1.7675255556528426,96.03769958264074,1.8106187582015991,0.0784093365073204,-1.0584086179733276,-0.5370472073554993,0.1242619454860687,0.3182239532470703,0.7712799310684204,10,-0.2668391035277041,1.0,1.0,-0.7401513179046565,0,0,0.0497252913533847,0.6187059130188326,83,270,thymio-19
182,1788221625.806677,1.8106187582015991,-1.0584086179733276,-1.7675255556528426,95.93769958264076,1.8106187582015991,0.0784093365073204,-1.0584086179733276,-0.5370472073554993,0.1242619454860687,0.3182239532470703,0.7712799310684204,10,-0.2668391035277041,1.0,1.0,-0.1135044820428806,0,0,0.1001052251446341,0.6126801078122402,263,448,thymio-19
183,1788221626.4149294,1.8173495531082156,-1.1097756624221802,-1.412787267955096,95.83769958264077,1.8173495531082156,0.0783421248197555,-1.1097756624221802,-0.4254126846790313,0.3415507376194,0.4575402438640594,0.7021567225456238,10,-0.2089303098564628,1.0,1.0,0.03237498062886,0,0,0.1138566259624655,0.6267673202206807,310,499,thymio-19
184,1788221627.0233493,1.8173495531082156,-1.1097756624221802,-1.412787267955096,95.73769958264076,1.8173495531082156,0.0783421248197555,-1.1097756624221802,-0.4254126846790313,0.3415507376194,0.4575402438640594,0.7021567225456238,10,-0.2089303098564628,1.0,1.0,0.03237498062886,0,0,0.0654648749003497,0.6270476740993723,138,327,thymio-19
185,1788221627.6322536,1.797421932220459,-1.1726127862930298,-0.4373057395501902,95.59015963135464,1.797421932220459,0.0779677405953407,-1.1726127862930298,-0.3110826015472412,0.4934305846691131,0.5394774675369263,0.6072214841842651,10,-0.6567592568548495,1.0,1.0,-0.3867919098530622,0,0,0.071342628459684,0.627321848211162,159,348,thymio-19
186,1788221628.2359543,1.4996895790100098,-0.5756683945655823,0.1767479965731975,95.59015963135464,1.4996895790100098,0.0909665673971176,-0.5756683945655823,-0.0066261887550354,-0.5879331827163696,-0.684318482875824,-0.4312761127948761,10,-0.3182480652204665,-0.9517234084316384,-0.0272195009212157,1.0,0,0,0.0,0.3595567784537056,-54,54,thymio-19
187,1788221628.8449645,1.4996895790100098,-0.5756683945655823,0.1767479965731975,95.49015963135464,1.4996895790100098,0.0909665673971176,-0.5756683945655823,-0.0066261887550354,-0.5879331827163696,-0.684318482875824,-0.4312761127948761,10,-0.3182480652204665,-0.9517234084316384,-0.0272195009212157,1.0,0,0,0.0,0.4087559768252596,-62,62,thymio-19
188,1788221629.453279,1.5091965198516846,-0.5132681727409363,0.2044021126628088,95.39015963135463,1.5091965198516846,0.0928496792912483,-0.5132681727409363,-0.018948495388031,-0.616544783115387,-0.665672779083252,-0.4199919402599334,10,-0.2271025704520546,1.0,-0.6680634985863889,1.0,0,0,0.0467105155074163,-0.0721047974015619,177,155,thymio-19
189,1788221630.0624962,1.5091965198516846,-0.5132681727409363,0.2044021126628088,95.29015963135464,1.5091965198516846,0.0928496792912483,-0.5132681727409363,-0.018948495388031,-0.616544783115387,-0.665672779083252,-0.4199919402599334,10,-0.2271025704520546,1.0,-0.6680634985863889,1.0,0,0,0.1241616103797611,0.0514443532578436,433,449,thymio-19
190,1788221630.6658473,10000.0,10000.0,0.0,95.29015963135464,1.5091965198516846,0.0928496792912483,-0.5132681727409363,-0.018948495388031,-0.616544783115387,-0.665672779083252,-0.4199919402599334,10,1.0,1.0,-1.0,1.0,0,0,0.03,0.3224356771980102,58,155,thymio-19
191,1788221631.2687762,10000.0,10000.0,0.0,95.29015963135464,1.5091965198516846,0.0928496792912483,-0.5132681727409363,-0.018948495388031,-0.616544783115387,-0.665672779083252,-0.4199919402599334,10,1.0,1.0,-1.0,1.0,0,0,0.03,0.6134600608649912,14,199,thymio-19
192,1788221631.8725736,10000.0,10000.0,0.0,95.29015963135464,1.5091965198516846,0.0928496792912483,-0.5132681727409363,-0.018948495388031,-0.616544783115387,-0.665672779083252,-0.4199919402599334,10,1.0,1.0,-1.0,1.0,0,0,0.03,0.6245994380854655,12,201,thymio-19
193,1788221632.4760969,10000.0,10000.0,0.0,95.29015963135464,1.5091965198516846,0.0928496792912483,-0.5132681727409363,-0.018948495388031,-0.616544783115387,-0.665672779083252,-0.4199919402599334,10,1.0,1.0,-1.0,1.0,0,0,0.0175797916017403,0.6261212993036201,-32,157,thymio-19
194,1788221633.079902,10000.0,10000.0,0.0,95.29015963135464,1.5091965198516846,0.0928496792912483,-0.5132681727409363,-0.018948495388031,-0.616544783115387,-0.665672779083252,-0.4199919402599334,10,1.0,1.0,-1.0,1.0,0,0,0.0223259718304679,0.6259354351077184,-15,174,thymio-19
195,1788221633.6836052,1.507121205329895,-1.1800789833068848,0.0547339136507734,95.29015963135464,1.507121205329895,0.0770993679761886,-1.1800789833068848,0.4706121981143951,0.7027877569198608,0.4025203585624695,-0.3501297533512115,10,-0.4640872492564499,-0.9591991727796616,0.055236665124928,1.0,0,0,0.0,0.5234965423143684,-79,79,thymio-19
196,1788221634.2926946,1.507121205329895,-1.1800789833068848,0.0547339136507734,95.19015963135466,1.507121205329895,0.0770993679761886,-1.1800789833068848,0.4706121981143951,0.7027877569198608,0.4025203585624695,-0.3501297533512115,10,-0.4640872492564499,-0.9591991727796616,0.055236665124928,1.0,0,0,0.0,0.3438572768433612,-52,52,thymio-19
197,1788221634.901186,1.5257114171981812,-1.1622544527053833,-1.1204296690632516,95.09015963135468,1.5257114171981812,0.0789464488625526,-1.1622544527053833,0.5684456825256348,0.5801547765731812,0.2345440834760666,-0.534115195274353,10,-0.5745598323829886,-0.9664965789109397,1.0,0.5506703054206012,0,0,0.0,-0.083289005432178,13,-13,thymio-19
